cve,epss,percentile,percentile_subset,timestamp,date,cve.id,cvss_baseScore,cve.lastModified
CVE-2025-9815,0.000550000,0.175970000,0.5965277777777778,2026-06-04,2026-06-04,CVE-2025-9815,7.8,2026-04-29T01:00:01.613
CVE-2025-9814,0.000690000,0.213180000,0.6981481481481482,2026-06-04,2026-06-04,CVE-2025-9814,9.8,2026-04-29T01:00:01.613
CVE-2025-9813,0.004640000,0.646580000,0.9444444444444444,2026-06-04,2026-06-04,CVE-2025-9813,8.8,2025-09-04T17:48:17.693
CVE-2025-9812,0.003720000,0.592670000,0.9337962962962963,2026-06-04,2026-06-04,CVE-2025-9812,8.8,2025-09-04T17:01:04.197
CVE-2025-9811,0.000690000,0.213180000,0.6981481481481482,2026-06-04,2026-06-04,CVE-2025-9811,9.8,2026-04-29T01:00:01.613
CVE-2025-9810,0.000150000,0.032300000,0.050694444444444445,2026-06-04,2026-06-04,CVE-2025-9810,5.8,2026-04-22T16:16:52.427
CVE-2025-9809,0.008160000,0.746590000,0.9629629629629629,2026-06-04,2026-06-04,CVE-2025-9809,9.8,2025-12-08T15:18:11.893
CVE-2025-9806,0.000180000,0.050470000,0.11435185185185186,2026-06-04,2026-06-04,CVE-2025-9806,6.4,2026-04-29T01:00:01.613
CVE-2025-9805,0.001020000,0.275200000,0.8060185185185185,2026-06-04,2026-06-04,CVE-2025-9805,7.5,2026-04-29T01:00:01.613
CVE-2025-9802,0.000400000,0.125760000,0.4465277777777778,2026-06-04,2026-06-04,CVE-2025-9802,4.7,2026-04-15T00:35:42.020
CVE-2025-9801,0.001760000,0.388670000,0.8777777777777778,2026-06-04,2026-06-04,CVE-2025-9801,8.1,2026-04-29T01:00:01.613
CVE-2025-9800,0.000910000,0.256860000,0.780787037037037,2026-06-04,2026-06-04,CVE-2025-9800,6.1,2026-04-29T01:00:01.613
CVE-2025-9799,0.000650000,0.204170000,0.669212962962963,2026-06-04,2026-06-04,CVE-2025-9799,5.0,2026-04-29T01:00:01.613
CVE-2025-9797,0.000530000,0.168720000,0.5833333333333334,2026-06-04,2026-06-04,CVE-2025-9797,2.4,2026-04-29T01:00:01.613
CVE-2025-9796,0.000670000,0.209510000,0.6851851851851852,2026-06-04,2026-06-04,CVE-2025-9796,4.1,2026-04-29T01:00:01.613
CVE-2025-9795,0.000500000,0.159610000,0.5659722222222222,2026-06-04,2026-06-04,CVE-2025-9795,5.4,2026-04-29T01:00:01.613
CVE-2025-9794,0.000870000,0.249820000,0.767824074074074,2026-06-04,2026-06-04,CVE-2025-9794,9.8,2026-04-29T01:00:01.613
CVE-2025-9793,0.000690000,0.213180000,0.6981481481481482,2026-06-04,2026-06-04,CVE-2025-9793,9.8,2026-04-29T01:00:01.613
CVE-2025-9792,0.000690000,0.213180000,0.6981481481481482,2026-06-04,2026-06-04,CVE-2025-9792,9.8,2026-04-29T01:00:01.613
CVE-2025-9791,0.005160000,0.670200000,0.9481481481481482,2026-06-04,2026-06-04,CVE-2025-9791,9.8,2025-09-04T16:20:55.250
CVE-2025-9790,0.000660000,0.207160000,0.6733796296296296,2026-06-04,2026-06-04,CVE-2025-9790,9.8,2026-04-29T01:00:01.613
CVE-2025-9789,0.000870000,0.249420000,0.767824074074074,2026-06-04,2026-06-04,CVE-2025-9789,9.8,2026-04-29T01:00:01.613
CVE-2025-9788,0.000750000,0.227610000,0.7236111111111111,2026-06-04,2026-06-04,CVE-2025-9788,9.8,2026-04-29T01:00:01.613
CVE-2025-9786,0.000690000,0.213180000,0.6981481481481482,2026-06-04,2026-06-04,CVE-2025-9786,9.8,2026-04-29T01:00:01.613
CVE-2025-9783,0.004290000,0.628430000,0.9414351851851852,2026-06-04,2026-06-04,CVE-2025-9783,8.8,2025-09-04T16:52:53.580
CVE-2025-9782,0.004290000,0.628430000,0.9414351851851852,2026-06-04,2026-06-04,CVE-2025-9782,8.8,2025-09-04T16:42:23.857
CVE-2025-9781,0.004290000,0.628430000,0.9414351851851852,2026-06-04,2026-06-04,CVE-2025-9781,8.8,2025-09-04T16:42:38.633
CVE-2025-9780,0.004290000,0.628430000,0.9414351851851852,2026-06-04,2026-06-04,CVE-2025-9780,8.8,2025-09-04T16:42:51.847
CVE-2025-9779,0.004290000,0.628430000,0.9414351851851852,2026-06-04,2026-06-04,CVE-2025-9779,8.8,2025-09-04T16:42:59.583
CVE-2025-9778,0.000180000,0.049840000,0.11435185185185186,2026-06-04,2026-06-04,CVE-2025-9778,7.0,2026-04-29T01:00:01.613
CVE-2025-9775,0.001310000,0.320820000,0.8416666666666667,2026-06-04,2026-06-04,CVE-2025-9775,9.8,2026-04-29T01:00:01.613
CVE-2025-9774,0.000460000,0.146170000,0.5120370370370371,2026-06-04,2026-06-04,CVE-2025-9774,4.3,2025-09-04T16:16:03.660
CVE-2025-9773,0.000630000,0.199150000,0.65625,2026-06-04,2026-06-04,CVE-2025-9773,6.1,2026-04-29T01:00:01.613
CVE-2025-9772,0.001190000,0.303970000,0.825,2026-06-04,2026-06-04,CVE-2025-9772,9.8,2026-04-29T01:00:01.613
CVE-2025-9771,0.000690000,0.213180000,0.6981481481481482,2026-06-04,2026-06-04,CVE-2025-9771,9.8,2026-04-29T01:00:01.613
CVE-2025-9770,0.000690000,0.213180000,0.6981481481481482,2026-06-04,2026-06-04,CVE-2025-9770,9.8,2026-04-29T01:00:01.613
CVE-2025-9769,0.001780000,0.390540000,0.8798611111111111,2026-06-04,2026-06-04,CVE-2025-9769,6.2,2026-04-29T01:00:01.613
CVE-2025-9768,0.000640000,0.201620000,0.6622685185185185,2026-06-04,2026-06-04,CVE-2025-9768,9.8,2025-09-04T16:44:09.123
CVE-2025-9767,0.000660000,0.207160000,0.6733796296296296,2026-06-04,2026-06-04,CVE-2025-9767,9.8,2026-04-29T01:00:01.613
CVE-2025-9766,0.000660000,0.207160000,0.6733796296296296,2026-06-04,2026-06-04,CVE-2025-9766,9.8,2026-04-29T01:00:01.613
CVE-2025-9765,0.000660000,0.207160000,0.6733796296296296,2026-06-04,2026-06-04,CVE-2025-9765,9.8,2026-04-29T01:00:01.613
CVE-2025-9764,0.000660000,0.207160000,0.6733796296296296,2026-06-04,2026-06-04,CVE-2025-9764,9.8,2026-04-29T01:00:01.613
CVE-2025-9763,0.000660000,0.207160000,0.6733796296296296,2026-06-04,2026-06-04,CVE-2025-9763,9.8,2026-04-29T01:00:01.613
CVE-2025-9761,0.000660000,0.207160000,0.6733796296296296,2026-06-04,2026-06-04,CVE-2025-9761,9.8,2026-04-29T01:00:01.613
CVE-2025-9760,0.001220000,0.307710000,0.8275462962962963,2026-06-04,2026-06-04,CVE-2025-9760,8.8,2026-04-29T01:00:01.613
CVE-2025-9759,0.000730000,0.221730000,0.7145833333333333,2026-06-04,2026-06-04,CVE-2025-9759,9.8,2026-04-29T01:00:01.613
CVE-2025-9758,0.000590000,0.186940000,0.6287037037037037,2026-06-04,2026-06-04,CVE-2025-9758,9.8,2026-04-29T01:00:01.613
CVE-2025-9757,0.000660000,0.207160000,0.6733796296296296,2026-06-04,2026-06-04,CVE-2025-9757,9.8,2026-04-29T01:00:01.613
CVE-2025-9756,0.000640000,0.201620000,0.6622685185185185,2026-06-04,2026-06-04,CVE-2025-9756,8.8,2026-04-29T01:00:01.613
CVE-2025-9755,0.000630000,0.199150000,0.65625,2026-06-04,2026-06-04,CVE-2025-9755,6.1,2026-04-29T01:00:01.613
CVE-2025-9754,0.000510000,0.163190000,0.5708333333333333,2026-06-04,2026-06-04,CVE-2025-9754,5.4,2026-04-29T01:00:01.613
CVE-2025-9753,0.000610000,0.192240000,0.6458333333333334,2026-06-04,2026-06-04,CVE-2025-9753,4.8,2026-04-29T01:00:01.613
CVE-2025-9752,0.012940000,0.800260000,0.9733796296296297,2026-06-04,2026-06-04,CVE-2025-9752,9.8,2026-04-29T01:00:01.613
CVE-2025-9751,0.000660000,0.207160000,0.6733796296296296,2026-06-04,2026-06-04,CVE-2025-9751,9.8,2026-04-29T01:00:01.613
CVE-2025-9570,0.000850000,0.245710000,0.7627314814814815,2026-06-04,2026-06-04,CVE-2025-9570,4.9,2025-09-25T14:18:25.953
CVE-2025-9569,0.000690000,0.214310000,0.6981481481481482,2026-06-04,2026-06-04,CVE-2025-9569,6.1,2025-09-25T14:18:03.243
CVE-2025-9568,0.000690000,0.214310000,0.6981481481481482,2026-06-04,2026-06-04,CVE-2025-9568,6.1,2025-09-25T14:18:31.453
CVE-2025-9567,0.000690000,0.214310000,0.6981481481481482,2026-06-04,2026-06-04,CVE-2025-9567,6.1,2025-09-25T14:18:08.317
CVE-2025-9375,0.001300000,0.320480000,0.8395833333333333,2026-06-04,2026-06-04,CVE-2025-9375,,2026-04-20T22:16:22.360
CVE-2025-8662,0.001280000,0.317630000,0.8363425925925926,2026-06-04,2026-06-04,CVE-2025-8662,4.3,2025-09-04T16:56:19.207
CVE-2025-7731,0.000320000,0.095520000,0.3541666666666667,2026-06-04,2026-06-04,CVE-2025-7731,7.5,2026-04-15T00:35:42.020
CVE-2025-7405,0.001710000,0.380130000,0.875,2026-06-04,2026-06-04,CVE-2025-7405,7.3,2026-04-15T00:35:42.020
CVE-2025-6507,0.004690000,0.648760000,0.9449074074074074,2026-06-04,2026-06-04,CVE-2025-6507,9.8,2026-04-15T00:35:42.020
CVE-2025-58318,0.000290000,0.086150000,0.31527777777777777,2026-06-04,2026-06-04,CVE-2025-58318,,2026-04-29T01:00:01.613
CVE-2025-58178,0.000630000,0.198150000,0.65625,2026-06-04,2026-06-04,CVE-2025-58178,7.8,2026-04-15T00:35:42.020
CVE-2025-58162,0.002900000,0.526730000,0.9199074074074074,2026-06-04,2026-06-04,CVE-2025-58162,6.5,2025-09-03T15:48:23.827
CVE-2025-58161,0.001990000,0.419020000,0.8914351851851852,2026-06-04,2026-06-04,CVE-2025-58161,4.3,2025-09-03T15:48:43.537
CVE-2025-57808,0.047590000,0.896310000,0.9912037037037037,2026-06-04,2026-06-04,CVE-2025-57808,8.1,2025-09-10T19:03:00.280
CVE-2025-57799,0.012650000,0.797880000,0.9722222222222222,2026-06-04,2026-06-04,CVE-2025-57799,,2026-04-15T00:35:42.020
CVE-2025-55007,0.000430000,0.136710000,0.48541666666666666,2026-06-04,2026-06-04,CVE-2025-55007,5.3,2025-09-05T17:57:12.773
CVE-2025-54857,0.004050000,0.613660000,0.9384259259259259,2026-06-04,2026-06-04,CVE-2025-54857,9.8,2026-04-15T00:35:42.020
CVE-2025-44017,0.000530000,0.167920000,0.5833333333333334,2026-06-04,2026-06-04,CVE-2025-44017,4.3,2026-04-15T00:35:42.020
CVE-2025-41690,0.000380000,0.116270000,0.42430555555555555,2026-06-04,2026-06-04,CVE-2025-41690,7.4,2026-04-15T00:35:42.020
CVE-2025-41030,0.002270000,0.455570000,0.9055555555555556,2026-06-04,2026-06-04,CVE-2025-41030,,2026-04-15T00:35:42.020
CVE-2025-36133,0.000160000,0.038690000,0.05555555555555555,2026-06-04,2026-06-04,CVE-2025-36133,5.5,2025-12-18T17:49:01.383
CVE-2025-3586,0.005420000,0.680400000,0.9493055555555555,2026-06-04,2026-06-04,CVE-2025-3586,7.2,2025-12-12T20:08:45.127
CVE-2025-33102,0.000270000,0.082310000,0.2983796296296296,2026-06-04,2026-06-04,CVE-2025-33102,7.5,2025-09-03T16:04:24.403
CVE-2025-33099,0.000300000,0.091320000,0.32546296296296295,2026-06-04,2026-06-04,CVE-2025-33099,5.9,2025-09-03T16:04:38.267
CVE-2025-33084,0.000240000,0.072260000,0.2363425925925926,2026-06-04,2026-06-04,CVE-2025-33084,5.9,2025-09-03T16:04:50.150
CVE-2025-33083,0.000360000,0.110170000,0.41064814814814815,2026-06-04,2026-06-04,CVE-2025-33083,5.4,2025-09-03T16:05:02.183
CVE-2025-33082,0.000360000,0.110170000,0.41064814814814815,2026-06-04,2026-06-04,CVE-2025-33082,5.4,2025-09-03T16:05:38.653
CVE-2025-2412,0.000740000,0.225310000,0.7185185185185186,2026-06-04,2026-06-04,CVE-2025-2412,8.6,2026-04-15T00:35:42.020
CVE-2025-20708,0.001550000,0.359610000,0.8668981481481481,2026-06-04,2026-06-04,CVE-2025-20708,8.8,2026-02-17T15:16:08.460
CVE-2025-20707,0.000080000,0.007510000,0.005324074074074074,2026-06-04,2026-06-04,CVE-2025-20707,6.7,2025-09-03T16:06:46.333
CVE-2025-20706,0.000080000,0.008450000,0.005324074074074074,2026-06-04,2026-06-04,CVE-2025-20706,7.8,2025-09-03T16:06:51.920
CVE-2025-20705,0.000080000,0.008450000,0.005324074074074074,2026-06-04,2026-06-04,CVE-2025-20705,7.8,2025-09-03T16:07:32.640
CVE-2025-20704,0.001050000,0.279990000,0.8090277777777778,2026-06-04,2026-06-04,CVE-2025-20704,8.0,2026-02-17T15:16:08.287
CVE-2025-20703,0.001890000,0.405360000,0.8863425925925926,2026-06-04,2026-06-04,CVE-2025-20703,6.5,2026-02-17T15:16:08.090
CVE-2025-0656,0.001260000,0.313660000,0.8344907407407407,2026-06-04,2026-06-04,CVE-2025-0656,6.1,2025-09-03T16:05:47.800
CVE-2025-0610,0.000360000,0.108990000,0.41064814814814815,2026-06-04,2026-06-04,CVE-2025-0610,8.6,2026-04-15T00:35:42.020
CVE-2024-28988,0.063120000,0.911240000,0.9930555555555556,2026-06-04,2026-06-04,CVE-2024-28988,9.8,2025-11-14T23:32:43.077
CVE-2024-12925,0.000480000,0.151570000,0.5486111111111112,2026-06-04,2026-06-04,CVE-2024-12925,7.3,2026-06-01T13:16:25.590
CVE-2024-12924,0.000460000,0.145370000,0.5120370370370371,2026-06-04,2026-06-04,CVE-2024-12924,6.3,2026-06-01T13:16:25.447
CVE-2024-12914,0.000430000,0.135460000,0.48541666666666666,2026-06-04,2026-06-04,CVE-2024-12914,4.3,2026-06-01T15:16:27.800
CVE-2022-38696,0.002130000,0.437840000,0.8993055555555556,2026-06-04,2026-06-04,CVE-2022-38696,9.8,2026-04-15T00:35:42.020
CVE-2022-38695,0.000270000,0.080780000,0.2983796296296296,2026-06-04,2026-06-04,CVE-2022-38695,7.8,2026-04-15T00:35:42.020
CVE-2022-38694,0.006830000,0.720440000,0.9581018518518518,2026-06-04,2026-06-04,CVE-2022-38694,7.8,2026-04-15T00:35:42.020
CVE-2022-38693,0.002130000,0.437840000,0.8993055555555556,2026-06-04,2026-06-04,CVE-2022-38693,9.8,2026-04-15T00:35:42.020
CVE-2022-38692,0.001910000,0.408130000,0.8872685185185185,2026-06-04,2026-06-04,CVE-2022-38692,9.8,2026-04-15T00:35:42.020
CVE-2022-38691,0.000930000,0.260300000,0.7863425925925925,2026-06-04,2026-06-04,CVE-2022-38691,7.8,2026-04-15T00:35:42.020
CVE-2025-9837,0.000660000,0.207160000,0.6733796296296296,2026-06-04,2026-06-04,CVE-2025-9837,9.8,2026-04-29T01:00:01.613
CVE-2025-9836,0.000570000,0.181920000,0.6113425925925926,2026-06-04,2026-06-04,CVE-2025-9836,4.3,2026-04-29T01:00:01.613
CVE-2025-9835,0.000680000,0.210220000,0.6902777777777778,2026-06-04,2026-06-04,CVE-2025-9835,4.3,2026-04-29T01:00:01.613
CVE-2025-9834,0.000510000,0.163190000,0.5708333333333333,2026-06-04,2026-06-04,CVE-2025-9834,5.4,2026-04-29T01:00:01.613
CVE-2025-9833,0.000660000,0.207160000,0.6733796296296296,2026-06-04,2026-06-04,CVE-2025-9833,9.8,2026-04-29T01:00:01.613
CVE-2025-9832,0.000870000,0.249820000,0.767824074074074,2026-06-04,2026-06-04,CVE-2025-9832,9.8,2026-04-29T01:00:01.613
CVE-2025-9831,0.000660000,0.207160000,0.6733796296296296,2026-06-04,2026-06-04,CVE-2025-9831,9.8,2026-04-29T01:00:01.613
CVE-2025-9830,0.000660000,0.207160000,0.6733796296296296,2026-06-04,2026-06-04,CVE-2025-9830,9.8,2026-04-29T01:00:01.613
CVE-2025-9829,0.000870000,0.249420000,0.767824074074074,2026-06-04,2026-06-04,CVE-2025-9829,9.8,2026-04-29T01:00:01.613
CVE-2025-9828,0.001340000,0.329100000,0.8469907407407408,2026-06-04,2026-06-04,CVE-2025-9828,5.9,2026-04-29T01:00:01.613
CVE-2025-9784,0.022340000,0.848430000,0.9819444444444444,2026-06-04,2026-06-04,CVE-2025-9784,7.5,2026-03-18T16:16:24.440
CVE-2025-9696,0.000240000,0.069360000,0.2363425925925926,2026-06-04,2026-06-04,CVE-2025-9696,,2026-04-15T00:35:42.020
CVE-2025-9573,0.003070000,0.542380000,0.9219907407407407,2026-06-04,2026-06-04,CVE-2025-9573,,2026-04-15T00:35:42.020
CVE-2025-9330,0.000210000,0.059010000,0.16643518518518519,2026-06-04,2026-06-04,CVE-2025-9330,7.8,2025-09-08T13:52:46.100
CVE-2025-9329,0.000930000,0.259970000,0.7863425925925925,2026-06-04,2026-06-04,CVE-2025-9329,7.8,2025-09-08T13:51:41.663
CVE-2025-9328,0.000930000,0.259970000,0.7863425925925925,2026-06-04,2026-06-04,CVE-2025-9328,7.8,2025-09-08T13:52:41.887
CVE-2025-9327,0.000420000,0.132790000,0.46944444444444444,2026-06-04,2026-06-04,CVE-2025-9327,5.5,2025-09-08T13:51:51.967
CVE-2025-9326,0.000930000,0.259970000,0.7863425925925925,2026-06-04,2026-06-04,CVE-2025-9326,7.8,2025-09-08T13:52:16.540
CVE-2025-9325,0.000420000,0.132790000,0.46944444444444444,2026-06-04,2026-06-04,CVE-2025-9325,5.5,2025-09-08T13:52:37.100
CVE-2025-9324,0.000420000,0.132790000,0.46944444444444444,2026-06-04,2026-06-04,CVE-2025-9324,5.5,2025-09-08T13:52:30.743
CVE-2025-9323,0.000420000,0.132790000,0.46944444444444444,2026-06-04,2026-06-04,CVE-2025-9323,5.5,2025-09-08T13:51:34.297
CVE-2025-9276,0.002880000,0.524960000,0.919212962962963,2026-06-04,2026-06-04,CVE-2025-9276,9.8,2026-01-30T20:27:48.443
CVE-2025-9275,0.000680000,0.212270000,0.6902777777777778,2026-06-04,2026-06-04,CVE-2025-9275,7.8,2025-09-15T14:43:03.917
CVE-2025-9274,0.000680000,0.212270000,0.6902777777777778,2026-06-04,2026-06-04,CVE-2025-9274,7.8,2025-09-15T14:43:01.750
CVE-2025-9273,0.000830000,0.241680000,0.75625,2026-06-04,2026-06-04,CVE-2025-9273,4.3,2026-01-27T16:11:55.110
CVE-2025-9189,0.000360000,0.109460000,0.41064814814814815,2026-06-04,2026-06-04,CVE-2025-9189,7.8,2025-10-09T19:52:55.733
CVE-2025-9188,0.008270000,0.748580000,0.9634259259259259,2026-06-04,2026-06-04,CVE-2025-9188,7.8,2025-10-09T19:53:26.143
CVE-2025-8614,0.000220000,0.064880000,0.20671296296296296,2026-06-04,2026-06-04,CVE-2025-8614,7.8,2025-09-10T14:36:09.027
CVE-2025-8613,0.007750000,0.739620000,0.961574074074074,2026-06-04,2026-06-04,CVE-2025-8613,7.2,2026-04-15T00:35:42.020
CVE-2025-8302,0.000220000,0.062860000,0.20671296296296296,2026-06-04,2026-06-04,CVE-2025-8302,8.8,2025-09-10T15:00:15.943
CVE-2025-8301,0.000220000,0.062860000,0.20671296296296296,2026-06-04,2026-06-04,CVE-2025-8301,7.8,2025-09-10T15:00:04.563
CVE-2025-8300,0.000220000,0.062860000,0.20671296296296296,2026-06-04,2026-06-04,CVE-2025-8300,8.8,2025-09-10T15:00:11.357
CVE-2025-8299,0.000220000,0.062860000,0.20671296296296296,2026-06-04,2026-06-04,CVE-2025-8299,8.8,2025-09-10T14:59:58.543
CVE-2025-8298,0.000190000,0.054150000,0.13171296296296298,2026-06-04,2026-06-04,CVE-2025-8298,3.8,2025-09-10T15:00:07.030
CVE-2025-7976,0.004910000,0.659320000,0.9458333333333333,2026-06-04,2026-06-04,CVE-2025-7976,7.8,2025-09-24T20:43:08.907
CVE-2025-7975,0.003330000,0.563970000,0.9259259259259259,2026-06-04,2026-06-04,CVE-2025-7975,7.8,2025-09-24T20:42:21.560
CVE-2025-7974,0.000730000,0.221790000,0.7145833333333333,2026-06-04,2026-06-04,CVE-2025-7974,7.5,2026-01-27T18:39:15.560
CVE-2025-6685,0.003220000,0.555250000,0.9238425925925926,2026-06-04,2026-06-04,CVE-2025-6685,8.8,2026-02-26T23:10:50.133
CVE-2025-6519,0.000880000,0.251440000,0.7731481481481481,2026-06-04,2026-06-04,CVE-2025-6519,9.8,2025-10-10T14:18:29.190
CVE-2025-57778,0.000360000,0.109460000,0.41064814814814815,2026-06-04,2026-06-04,CVE-2025-57778,7.8,2025-10-09T19:53:55.477
CVE-2025-57777,0.000360000,0.109460000,0.41064814814814815,2026-06-04,2026-06-04,CVE-2025-57777,7.8,2025-10-09T19:54:18.407
CVE-2025-57776,0.000360000,0.109460000,0.41064814814814815,2026-06-04,2026-06-04,CVE-2025-57776,7.8,2025-10-09T19:54:39.950
CVE-2025-57775,0.000360000,0.109460000,0.41064814814814815,2026-06-04,2026-06-04,CVE-2025-57775,7.8,2025-10-09T19:55:02.193
CVE-2025-57774,0.000360000,0.109460000,0.41064814814814815,2026-06-04,2026-06-04,CVE-2025-57774,7.8,2025-10-09T19:33:54.973
CVE-2025-57616,0.001520000,0.355970000,0.8636574074074074,2026-06-04,2026-06-04,CVE-2025-57616,7.5,2025-09-10T18:25:12.660
CVE-2025-57615,0.001530000,0.356660000,0.8638888888888889,2026-06-04,2026-06-04,CVE-2025-57615,7.5,2025-09-10T18:31:27.533
CVE-2025-57614,0.003540000,0.579850000,0.930787037037037,2026-06-04,2026-06-04,CVE-2025-57614,7.5,2025-09-10T18:31:47.433
CVE-2025-57613,0.001530000,0.356660000,0.8638888888888889,2026-06-04,2026-06-04,CVE-2025-57613,7.5,2025-09-10T18:33:24.547
CVE-2025-57612,0.001530000,0.356660000,0.8638888888888889,2026-06-04,2026-06-04,CVE-2025-57612,7.5,2025-09-10T18:35:48.720
CVE-2025-57611,0.001120000,0.293130000,0.8168981481481481,2026-06-04,2026-06-04,CVE-2025-57611,5.3,2025-09-10T18:36:58.663
CVE-2025-57140,0.000890000,0.253570000,0.7759259259259259,2026-06-04,2026-06-04,CVE-2025-57140,9.8,2025-09-04T17:46:32.590
CVE-2025-5662,0.028400000,0.864670000,0.9858796296296296,2026-06-04,2026-06-04,CVE-2025-5662,9.8,2026-04-15T00:35:42.020
CVE-2025-56254,0.000520000,0.166000000,0.5782407407407407,2026-06-04,2026-06-04,CVE-2025-56254,4.3,2025-09-04T17:02:44.477
CVE-2025-55824,0.000790000,0.234280000,0.7405092592592593,2026-06-04,2026-06-04,CVE-2025-55824,6.5,2025-09-05T18:06:02.743
CVE-2025-55476,0.000480000,0.153600000,0.5486111111111112,2026-06-04,2026-06-04,CVE-2025-55476,6.5,2025-09-05T18:10:09.907
CVE-2025-55474,0.000590000,0.185590000,0.6287037037037037,2026-06-04,2026-06-04,CVE-2025-55474,6.1,2025-09-05T18:01:33.103
CVE-2025-55473,0.000420000,0.131720000,0.46944444444444444,2026-06-04,2026-06-04,CVE-2025-55473,6.1,2026-04-15T00:35:42.020
CVE-2025-55472,0.000670000,0.209000000,0.6851851851851852,2026-06-04,2026-06-04,CVE-2025-55472,6.5,2025-09-11T21:19:43.863
CVE-2025-55373,0.001450000,0.345180000,0.8560185185185185,2026-06-04,2026-06-04,CVE-2025-55373,5.3,2025-09-11T21:19:36.443
CVE-2025-55372,0.001930000,0.411010000,0.887962962962963,2026-06-04,2026-06-04,CVE-2025-55372,5.3,2025-09-11T21:17:29.997
CVE-2025-54599,0.000940000,0.261950000,0.7888888888888889,2026-06-04,2026-06-04,CVE-2025-54599,7.5,2025-09-10T18:48:37.770
CVE-2025-52551,0.000820000,0.240400000,0.7532407407407408,2026-06-04,2026-06-04,CVE-2025-52551,,2026-04-15T00:35:42.020
CVE-2025-52550,0.000630000,0.199080000,0.65625,2026-06-04,2026-06-04,CVE-2025-52550,7.2,2025-10-01T18:20:33.640
CVE-2025-52549,0.000930000,0.259990000,0.7863425925925925,2026-06-04,2026-06-04,CVE-2025-52549,9.8,2025-10-01T18:23:48.017
CVE-2025-52548,0.000530000,0.169640000,0.5833333333333334,2026-06-04,2026-06-04,CVE-2025-52548,4.9,2025-10-01T18:25:16.733
CVE-2025-52547,0.001230000,0.309520000,0.8331018518518518,2026-06-04,2026-06-04,CVE-2025-52547,7.5,2025-10-01T18:25:49.187
CVE-2025-52546,0.002250000,0.452370000,0.9048611111111111,2026-06-04,2026-06-04,CVE-2025-52546,6.1,2025-10-01T18:26:57.600
CVE-2025-52545,0.000720000,0.220620000,0.7122685185185185,2026-06-04,2026-06-04,CVE-2025-52545,7.5,2025-10-01T18:27:05.687
CVE-2025-52544,0.003080000,0.542600000,0.9222222222222223,2026-06-04,2026-06-04,CVE-2025-52544,7.5,2025-10-01T18:27:30.030
CVE-2025-52543,0.000540000,0.173020000,0.5907407407407408,2026-06-04,2026-06-04,CVE-2025-52543,7.5,2025-10-01T18:27:55.450
CVE-2025-51966,0.000590000,0.187100000,0.6287037037037037,2026-06-04,2026-06-04,CVE-2025-51966,6.1,2025-09-05T18:26:30.580
CVE-2025-50757,0.038760000,0.884480000,0.9886574074074074,2026-06-04,2026-06-04,CVE-2025-50757,6.5,2025-09-04T17:47:15.087
CVE-2025-50755,0.038760000,0.884480000,0.9886574074074074,2026-06-04,2026-06-04,CVE-2025-50755,6.5,2025-09-04T17:47:08.720
CVE-2025-50565,0.000610000,0.193340000,0.6458333333333334,2026-06-04,2026-06-04,CVE-2025-50565,6.5,2025-09-05T18:51:43.197
CVE-2025-46810,0.000420000,0.131700000,0.46944444444444444,2026-06-04,2026-06-04,CVE-2025-46810,,2026-04-15T00:35:42.020
CVE-2025-46047,0.000360000,0.109250000,0.41064814814814815,2026-06-04,2026-06-04,CVE-2025-46047,6.5,2025-09-04T17:46:45.237
CVE-2025-43726,0.000150000,0.033450000,0.050694444444444445,2026-06-04,2026-06-04,CVE-2025-43726,7.8,2025-11-04T15:37:09.027
CVE-2025-41031,0.002270000,0.455570000,0.9055555555555556,2026-06-04,2026-06-04,CVE-2025-41031,,2026-04-15T00:35:42.020
CVE-2025-36162,0.000560000,0.177370000,0.6055555555555555,2026-06-04,2026-06-04,CVE-2025-36162,4.3,2025-12-18T17:51:13.233
CVE-2025-32100,0.000750000,0.226850000,0.7236111111111111,2026-06-04,2026-06-04,CVE-2025-32100,6.5,2025-09-05T19:09:42.710
CVE-2025-32098,0.000640000,0.201570000,0.6622685185185185,2026-06-04,2026-06-04,CVE-2025-32098,5.3,2025-09-05T19:33:29.087
CVE-2025-2414,0.000740000,0.225310000,0.7185185185185186,2026-06-04,2026-06-04,CVE-2025-2414,8.6,2026-04-15T00:35:42.020
CVE-2025-2413,0.000740000,0.225310000,0.7185185185185186,2026-06-04,2026-06-04,CVE-2025-2413,8.6,2026-04-15T00:35:42.020
CVE-2025-22418,0.000840000,0.243990000,0.7599537037037037,2026-06-04,2026-06-04,CVE-2025-22418,7.8,2025-09-04T16:39:53.440
CVE-2025-22417,0.000070000,0.005200000,0.0032407407407407406,2026-06-04,2026-06-04,CVE-2025-22417,7.3,2025-09-04T16:39:57.460
CVE-2025-22416,0.000760000,0.228300000,0.7326388888888888,2026-06-04,2026-06-04,CVE-2025-22416,7.8,2025-09-04T16:40:02.630
CVE-2025-0670,0.000620000,0.196400000,0.6523148148148148,2026-06-04,2026-06-04,CVE-2025-0670,4.7,2026-04-15T00:35:42.020
CVE-2025-0640,0.000620000,0.196400000,0.6523148148148148,2026-06-04,2026-06-04,CVE-2025-0640,4.7,2026-04-15T00:35:42.020
CVE-2024-58259,0.000380000,0.116420000,0.42430555555555555,2026-06-04,2026-06-04,CVE-2024-58259,8.2,2026-04-15T00:35:42.020
CVE-2024-52284,0.000420000,0.132490000,0.46944444444444444,2026-06-04,2026-06-04,CVE-2024-52284,7.7,2026-04-15T00:35:42.020
CVE-2024-51423,0.001330000,0.323520000,0.8451388888888889,2026-06-04,2026-06-04,CVE-2024-51423,6.1,2025-09-10T18:55:05.597
CVE-2024-49730,0.000750000,0.225940000,0.7236111111111111,2026-06-04,2026-06-04,CVE-2024-49730,7.8,2025-09-04T16:40:08.027
CVE-2024-49728,0.000670000,0.209700000,0.6851851851851852,2026-06-04,2026-06-04,CVE-2024-49728,5.5,2025-09-04T16:40:12.073
CVE-2024-49722,0.000390000,0.120620000,0.43495370370370373,2026-06-04,2026-06-04,CVE-2024-49722,5.5,2025-09-04T17:47:47.153
CVE-2024-49720,0.000410000,0.128870000,0.46111111111111114,2026-06-04,2026-06-04,CVE-2024-49720,7.8,2025-09-04T17:47:36.147
CVE-2024-48705,0.090840000,0.928060000,0.9951388888888889,2026-06-04,2026-06-04,CVE-2024-48705,6.5,2025-09-04T17:47:01.483
CVE-2024-40653,0.000880000,0.251810000,0.7731481481481481,2026-06-04,2026-06-04,CVE-2024-40653,7.3,2025-09-04T17:47:27.360
CVE-2024-12974,0.000430000,0.135460000,0.48541666666666666,2026-06-04,2026-06-04,CVE-2024-12974,4.3,2026-06-01T13:16:26.390
CVE-2024-12973,0.000270000,0.081260000,0.2983796296296296,2026-06-04,2026-06-04,CVE-2024-12973,4.7,2026-06-01T13:16:26.267
CVE-2024-12972,0.000430000,0.135460000,0.48541666666666666,2026-06-04,2026-06-04,CVE-2024-12972,4.3,2026-06-01T13:16:26.160
CVE-2025-9901,0.000480000,0.153680000,0.5486111111111112,2026-06-04,2026-06-04,CVE-2025-9901,5.9,2026-05-06T16:16:04.883
CVE-2025-9848,0.000830000,0.242670000,0.75625,2026-06-04,2026-06-04,CVE-2025-9848,7.5,2026-04-29T01:00:01.613
CVE-2025-9847,0.001060000,0.283180000,0.8108796296296297,2026-06-04,2026-06-04,CVE-2025-9847,9.8,2026-04-29T01:00:01.613
CVE-2025-9845,0.000510000,0.163190000,0.5708333333333333,2026-06-04,2026-06-04,CVE-2025-9845,5.4,2026-04-29T01:00:01.613
CVE-2025-9843,0.000530000,0.169620000,0.5833333333333334,2026-06-04,2026-06-04,CVE-2025-9843,7.5,2025-10-20T19:46:43.710
CVE-2025-9842,0.000530000,0.169620000,0.5833333333333334,2026-06-04,2026-06-04,CVE-2025-9842,7.5,2025-10-20T19:48:43.440
CVE-2025-9841,0.001090000,0.287800000,0.8131944444444444,2026-06-04,2026-06-04,CVE-2025-9841,8.8,2026-04-29T01:00:01.613
CVE-2025-9840,0.000640000,0.201620000,0.6622685185185185,2026-06-04,2026-06-04,CVE-2025-9840,9.8,2026-04-29T01:00:01.613
CVE-2025-9839,0.000660000,0.207160000,0.6733796296296296,2026-06-04,2026-06-04,CVE-2025-9839,9.8,2026-04-29T01:00:01.613
CVE-2025-9838,0.000660000,0.207160000,0.6733796296296296,2026-06-04,2026-06-04,CVE-2025-9838,9.8,2026-04-29T01:00:01.613
CVE-2025-9822,0.000650000,0.203200000,0.669212962962963,2026-06-04,2026-06-04,CVE-2025-9822,5.5,2026-04-15T00:35:42.020
CVE-2025-9821,0.000480000,0.153800000,0.5486111111111112,2026-06-04,2026-06-04,CVE-2025-9821,2.7,2026-04-15T00:35:42.020
CVE-2025-9817,0.000310000,0.094130000,0.34375,2026-06-04,2026-06-04,CVE-2025-9817,7.5,2025-12-05T16:26:10.933
CVE-2025-9785,0.000940000,0.261750000,0.7888888888888889,2026-06-04,2026-06-04,CVE-2025-9785,,2026-04-15T00:35:42.020
CVE-2025-9378,0.000530000,0.168620000,0.5833333333333334,2026-06-04,2026-06-04,CVE-2025-9378,6.4,2026-04-15T00:35:42.020
CVE-2025-9260,0.007040000,0.724730000,0.9594907407407407,2026-06-04,2026-06-04,CVE-2025-9260,6.5,2026-04-15T00:35:42.020
CVE-2025-9219,0.000520000,0.164590000,0.5782407407407407,2026-06-04,2026-06-04,CVE-2025-9219,4.3,2026-04-15T00:35:42.020
CVE-2025-8663,0.000840000,0.245240000,0.7599537037037037,2026-06-04,2026-06-04,CVE-2025-8663,6.5,2025-11-26T16:27:53.490
CVE-2025-7039,0.000740000,0.223970000,0.7185185185185186,2026-06-04,2026-06-04,CVE-2025-7039,3.7,2026-06-02T14:16:39.747
CVE-2025-58351,0.000770000,0.230510000,0.7351851851851852,2026-06-04,2026-06-04,CVE-2025-58351,6.8,2025-10-20T18:46:57.850
CVE-2025-58272,0.000120000,0.018180000,0.03009259259259259,2026-06-04,2026-06-04,CVE-2025-58272,3.7,2026-04-15T00:35:42.020
CVE-2025-58210,0.000680000,0.210390000,0.6902777777777778,2026-06-04,2026-06-04,CVE-2025-58210,9.8,2026-04-23T15:33:18.607
CVE-2025-58176,0.005870000,0.694950000,0.9527777777777777,2026-06-04,2026-06-04,CVE-2025-58176,8.8,2025-09-11T21:20:57.600
CVE-2025-58163,0.014660000,0.812300000,0.9752314814814815,2026-06-04,2026-06-04,CVE-2025-58163,8.8,2025-09-08T15:03:47.560
CVE-2025-57806,0.000110000,0.014690000,0.025,2026-06-04,2026-06-04,CVE-2025-57806,,2026-04-15T00:35:42.020
CVE-2025-54588,0.000140000,0.026820000,0.04351851851851852,2026-06-04,2026-06-04,CVE-2025-54588,7.5,2025-09-08T15:19:04.350
CVE-2025-53694,0.001950000,0.412880000,0.8886574074074074,2026-06-04,2026-06-04,CVE-2025-53694,7.5,2025-09-08T18:11:15.357
CVE-2025-53693,0.006970000,0.723270000,0.9590277777777778,2026-06-04,2026-06-04,CVE-2025-53693,9.8,2025-09-08T18:28:13.110
CVE-2025-53691,0.050380000,0.899250000,0.9916666666666667,2026-06-04,2026-06-04,CVE-2025-53691,8.8,2025-09-08T18:30:40.133
CVE-2025-47421,0.000770000,0.230140000,0.7351851851851852,2026-06-04,2026-06-04,CVE-2025-47421,,2026-04-15T00:35:42.020
CVE-2025-41000,0.000820000,0.240400000,0.7532407407407408,2026-06-04,2026-06-04,CVE-2025-41000,,2026-04-15T00:35:42.020
CVE-2025-38678,0.000400000,0.123240000,0.4465277777777778,2026-06-04,2026-06-04,CVE-2025-38678,5.5,2025-12-06T22:15:51.587
CVE-2025-3701,0.000550000,0.173820000,0.5965277777777778,2026-06-04,2026-06-04,CVE-2025-3701,4.3,2026-04-23T15:29:52.367
CVE-2025-26416,0.032990000,0.874540000,0.986574074074074,2026-06-04,2026-06-04,CVE-2025-26416,9.8,2025-09-04T16:37:27.790
CVE-2025-26210,0.001850000,0.400350000,0.8840277777777777,2026-06-04,2026-06-04,CVE-2025-26210,8.8,2025-09-26T13:58:31.357
CVE-2025-2416,0.000740000,0.225310000,0.7185185185185186,2026-06-04,2026-06-04,CVE-2025-2416,8.6,2026-04-15T00:35:42.020
CVE-2025-2415,0.000740000,0.225310000,0.7185185185185186,2026-06-04,2026-06-04,CVE-2025-2415,8.6,2026-04-15T00:35:42.020
CVE-2025-22442,0.000900000,0.255290000,0.7791666666666667,2026-06-04,2026-06-04,CVE-2025-22442,7.0,2025-09-04T16:37:40.630
CVE-2025-22439,0.000070000,0.005200000,0.0032407407407407406,2026-06-04,2026-06-04,CVE-2025-22439,7.3,2025-09-04T16:37:34.810
CVE-2025-22438,0.000910000,0.256610000,0.780787037037037,2026-06-04,2026-06-04,CVE-2025-22438,7.8,2025-09-04T16:37:48.160
CVE-2025-22437,0.000910000,0.256610000,0.780787037037037,2026-06-04,2026-06-04,CVE-2025-22437,7.8,2025-09-04T16:37:56.803
CVE-2025-22435,0.002900000,0.527000000,0.9199074074074074,2026-06-04,2026-06-04,CVE-2025-22435,9.8,2025-09-04T16:38:05.697
CVE-2025-22434,0.000080000,0.007840000,0.005324074074074074,2026-06-04,2026-06-04,CVE-2025-22434,7.8,2025-09-04T16:38:14.710
CVE-2025-22433,0.000310000,0.093650000,0.34375,2026-06-04,2026-06-04,CVE-2025-22433,7.8,2025-09-04T16:38:21.577
CVE-2025-22431,0.000970000,0.265960000,0.7949074074074074,2026-06-04,2026-06-04,CVE-2025-22431,5.5,2025-09-04T16:39:07.903
CVE-2025-22430,0.000680000,0.212120000,0.6902777777777778,2026-06-04,2026-06-04,CVE-2025-22430,5.5,2025-09-04T16:38:27.680
CVE-2025-22429,0.002910000,0.527320000,0.9210648148148148,2026-06-04,2026-06-04,CVE-2025-22429,9.8,2025-09-04T16:39:18.600
CVE-2025-22428,0.000780000,0.232150000,0.7381944444444445,2026-06-04,2026-06-04,CVE-2025-22428,7.8,2025-09-04T16:39:12.667
CVE-2025-22427,0.000910000,0.256610000,0.780787037037037,2026-06-04,2026-06-04,CVE-2025-22427,7.3,2025-09-04T16:39:24.680
CVE-2025-22423,0.013040000,0.801030000,0.9736111111111111,2026-06-04,2026-06-04,CVE-2025-22423,7.5,2025-09-04T16:39:29.267
CVE-2025-22422,0.001100000,0.289800000,0.8141203703703703,2026-06-04,2026-06-04,CVE-2025-22422,7.8,2025-09-04T16:39:34.760
CVE-2025-22421,0.000680000,0.212120000,0.6902777777777778,2026-06-04,2026-06-04,CVE-2025-22421,5.5,2025-09-04T16:39:43.093
CVE-2025-22419,0.000840000,0.243990000,0.7599537037037037,2026-06-04,2026-06-04,CVE-2025-22419,7.3,2025-09-04T16:39:48.287
CVE-2025-21041,0.000270000,0.081180000,0.2983796296296296,2026-06-04,2026-06-04,CVE-2025-21041,5.5,2025-09-19T20:13:14.480
CVE-2025-21040,0.000290000,0.086900000,0.31527777777777777,2026-06-04,2026-06-04,CVE-2025-21040,3.3,2025-09-05T16:43:58.663
CVE-2025-21039,0.000290000,0.086900000,0.31527777777777777,2026-06-04,2026-06-04,CVE-2025-21039,3.3,2025-09-05T16:49:12.003
CVE-2025-21038,0.000290000,0.086900000,0.31527777777777777,2026-06-04,2026-06-04,CVE-2025-21038,3.3,2025-09-05T16:52:00.727
CVE-2025-21037,0.000260000,0.076660000,0.2759259259259259,2026-06-04,2026-06-04,CVE-2025-21037,4.3,2025-09-09T16:22:16.267
CVE-2025-21036,0.000170000,0.045320000,0.07430555555555556,2026-06-04,2026-06-04,CVE-2025-21036,5.0,2025-09-09T16:22:42.107
CVE-2025-21035,0.000340000,0.105790000,0.3958333333333333,2026-06-04,2026-06-04,CVE-2025-21035,4.6,2025-09-29T18:23:48.250
CVE-2025-21034,0.000260000,0.076840000,0.2759259259259259,2026-06-04,2026-06-04,CVE-2025-21034,7.8,2025-09-11T21:23:51.530
CVE-2025-21033,0.000240000,0.072530000,0.2363425925925926,2026-06-04,2026-06-04,CVE-2025-21033,5.5,2025-09-11T21:23:42.060
CVE-2025-21032,0.000290000,0.086120000,0.31527777777777777,2026-06-04,2026-06-04,CVE-2025-21032,6.8,2025-09-11T21:23:27.173
CVE-2025-21031,0.000260000,0.079390000,0.2759259259259259,2026-06-04,2026-06-04,CVE-2025-21031,6.8,2025-09-05T16:40:29.537
CVE-2025-21030,0.000290000,0.088210000,0.31527777777777777,2026-06-04,2026-06-04,CVE-2025-21030,4.3,2026-04-15T00:35:42.020
CVE-2025-21029,0.000290000,0.086900000,0.31527777777777777,2026-06-04,2026-06-04,CVE-2025-21029,3.3,2025-09-11T21:22:53.583
CVE-2025-21028,0.000260000,0.077960000,0.2759259259259259,2026-06-04,2026-06-04,CVE-2025-21028,5.5,2025-09-11T21:22:12.790
CVE-2025-21027,0.000300000,0.089270000,0.32546296296296295,2026-06-04,2026-06-04,CVE-2025-21027,4.4,2025-09-11T21:21:13.930
CVE-2025-21026,0.000280000,0.083060000,0.3087962962962963,2026-06-04,2026-06-04,CVE-2025-21026,3.3,2025-09-11T21:21:25.810
CVE-2025-21025,0.000280000,0.085020000,0.3087962962962963,2026-06-04,2026-06-04,CVE-2025-21025,4.4,2025-09-11T21:20:31.480
CVE-2025-1740,0.000770000,0.230530000,0.7351851851851852,2026-06-04,2026-06-04,CVE-2025-1740,9.8,2026-04-15T00:35:42.020
CVE-2025-0878,0.000710000,0.219050000,0.7085648148148148,2026-06-04,2026-06-04,CVE-2025-0878,4.7,2026-04-15T00:35:42.020
CVE-2024-43166,0.001620000,0.367780000,0.8717592592592592,2026-06-04,2026-06-04,CVE-2024-43166,9.8,2025-11-04T22:16:03.300
CVE-2024-43115,0.001000000,0.272570000,0.8013888888888889,2026-06-04,2026-06-04,CVE-2024-43115,8.8,2025-11-04T22:16:03.113
CVE-2024-32444,0.002100000,0.433810000,0.8953703703703704,2026-06-04,2026-06-04,CVE-2024-32444,9.8,2026-04-23T15:18:15.717
CVE-2024-13068,0.000380000,0.118210000,0.42430555555555555,2026-06-04,2026-06-04,CVE-2024-13068,7.3,2026-06-01T13:16:26.937
CVE-2024-13066,0.000410000,0.127000000,0.46111111111111114,2026-06-04,2026-06-04,CVE-2024-13066,4.3,2026-06-01T13:16:26.810
CVE-2024-13065,0.000290000,0.085900000,0.31527777777777777,2026-06-04,2026-06-04,CVE-2024-13065,6.3,2026-06-01T13:16:26.710
CVE-2024-13064,0.000430000,0.135460000,0.48541666666666666,2026-06-04,2026-06-04,CVE-2024-13064,4.3,2026-06-01T13:16:26.610
CVE-2024-13063,0.000550000,0.174300000,0.5965277777777778,2026-06-04,2026-06-04,CVE-2024-13063,6.8,2026-06-01T13:16:26.500
CVE-2023-3666,0.000540000,0.172870000,0.5907407407407408,2026-06-04,2026-06-04,CVE-2023-3666,3.3,2026-01-16T16:38:05.313
CVE-2023-21483,0.000180000,0.050550000,0.11435185185185186,2026-06-04,2026-06-04,CVE-2023-21483,5.5,2025-09-09T16:23:40.953
CVE-2023-21482,0.000330000,0.099530000,0.3875,2026-06-04,2026-06-04,CVE-2023-21482,4.6,2025-10-01T20:40:12.210
CVE-2023-21481,0.000630000,0.199470000,0.65625,2026-06-04,2026-06-04,CVE-2023-21481,7.5,2025-10-01T20:41:03.650
CVE-2023-21480,0.000350000,0.108500000,0.4011574074074074,2026-06-04,2026-06-04,CVE-2023-21480,7.8,2025-09-19T20:33:52.943
CVE-2023-21479,0.000920000,0.258040000,0.7844907407407408,2026-06-04,2026-06-04,CVE-2023-21479,5.3,2026-01-28T19:14:14.617
CVE-2023-21478,0.000330000,0.099480000,0.3875,2026-06-04,2026-06-04,CVE-2023-21478,5.5,2025-09-19T20:34:05.350
CVE-2023-21477,0.000250000,0.074120000,0.24976851851851853,2026-06-04,2026-06-04,CVE-2023-21477,5.5,2026-01-28T19:30:59.053
CVE-2023-21476,0.000270000,0.080780000,0.2983796296296296,2026-06-04,2026-06-04,CVE-2023-21476,7.8,2025-09-05T16:44:32.270
CVE-2023-21475,0.000270000,0.080780000,0.2983796296296296,2026-06-04,2026-06-04,CVE-2023-21475,7.8,2025-09-05T16:45:04.773
CVE-2023-21474,0.000210000,0.058990000,0.16643518518518519,2026-06-04,2026-06-04,CVE-2023-21474,7.1,2025-09-19T20:36:06.023
CVE-2023-21473,0.000450000,0.143130000,0.5057870370370371,2026-06-04,2026-06-04,CVE-2023-21473,6.8,2025-09-05T16:45:40.743
CVE-2023-21472,0.000450000,0.143130000,0.5057870370370371,2026-06-04,2026-06-04,CVE-2023-21472,6.8,2025-09-05T16:46:00.447
CVE-2023-21471,0.000690000,0.213720000,0.6981481481481482,2026-06-04,2026-06-04,CVE-2023-21471,3.3,2025-09-05T16:46:21.070
CVE-2023-21470,0.000280000,0.083060000,0.3087962962962963,2026-06-04,2026-06-04,CVE-2023-21470,3.3,2025-09-19T20:36:42.210
CVE-2023-21469,0.000280000,0.083060000,0.3087962962962963,2026-06-04,2026-06-04,CVE-2023-21469,3.3,2025-09-19T20:36:54.527
CVE-2023-21468,0.000250000,0.073360000,0.24976851851851853,2026-06-04,2026-06-04,CVE-2023-21468,7.8,2025-09-19T20:37:04.000
CVE-2023-21467,0.000660000,0.206350000,0.6733796296296296,2026-06-04,2026-06-04,CVE-2023-21467,9.8,2025-09-08T14:58:47.333
CVE-2023-21466,0.000190000,0.051720000,0.13171296296296298,2026-06-04,2026-06-04,CVE-2023-21466,3.3,2025-09-08T15:02:31.317
CVE-2014-125127,0.001320000,0.322580000,0.8428240740740741,2026-06-04,2026-06-04,CVE-2014-125127,7.5,2025-12-18T17:47:22.013
CVE-2025-9959,0.000840000,0.243930000,0.7599537037037037,2026-06-04,2026-06-04,CVE-2025-9959,7.6,2026-04-15T00:35:42.020
CVE-2025-9926,0.000750000,0.227610000,0.7236111111111111,2026-06-04,2026-06-04,CVE-2025-9926,9.8,2026-04-29T01:00:01.613
CVE-2025-9925,0.000730000,0.221730000,0.7145833333333333,2026-06-04,2026-06-04,CVE-2025-9925,9.8,2026-04-29T01:00:01.613
CVE-2025-9924,0.000730000,0.221730000,0.7145833333333333,2026-06-04,2026-06-04,CVE-2025-9924,9.8,2026-04-29T01:00:01.613
CVE-2025-9923,0.000790000,0.234270000,0.7405092592592593,2026-06-04,2026-06-04,CVE-2025-9923,6.1,2026-04-29T01:00:01.613
CVE-2025-9922,0.000670000,0.207670000,0.6851851851851852,2026-06-04,2026-06-04,CVE-2025-9922,6.1,2026-04-29T01:00:01.613
CVE-2025-9921,0.000500000,0.157970000,0.5659722222222222,2026-06-04,2026-06-04,CVE-2025-9921,5.4,2026-04-29T01:00:01.613
CVE-2025-9920,0.001300000,0.320250000,0.8395833333333333,2026-06-04,2026-06-04,CVE-2025-9920,7.2,2026-04-29T01:00:01.613
CVE-2025-9919,0.000730000,0.221730000,0.7145833333333333,2026-06-04,2026-06-04,CVE-2025-9919,9.8,2026-04-29T01:00:01.613
CVE-2025-9867,0.000330000,0.101680000,0.3875,2026-06-04,2026-06-04,CVE-2025-9867,5.4,2025-09-04T16:12:58.900
CVE-2025-9866,0.001050000,0.281330000,0.8090277777777778,2026-06-04,2026-06-04,CVE-2025-9866,8.8,2025-09-04T16:12:56.293
CVE-2025-9865,0.000600000,0.188250000,0.6351851851851852,2026-06-04,2026-06-04,CVE-2025-9865,5.4,2025-09-04T16:12:54.513
CVE-2025-9824,0.000760000,0.229080000,0.7326388888888888,2026-06-04,2026-06-04,CVE-2025-9824,5.9,2026-04-15T00:35:42.020
CVE-2025-9823,0.000880000,0.251340000,0.7731481481481481,2026-06-04,2026-06-04,CVE-2025-9823,,2026-04-15T00:35:42.020
CVE-2025-9365,0.003230000,0.556260000,0.924074074074074,2026-06-04,2026-06-04,CVE-2025-9365,7.8,2026-04-15T00:35:42.020
CVE-2025-58644,0.001490000,0.351060000,0.862037037037037,2026-06-04,2026-06-04,CVE-2025-58644,7.2,2026-04-23T15:33:30.960
CVE-2025-58643,0.001490000,0.351060000,0.862037037037037,2026-06-04,2026-06-04,CVE-2025-58643,7.2,2026-04-23T15:33:30.847
CVE-2025-58642,0.001490000,0.351060000,0.862037037037037,2026-06-04,2026-06-04,CVE-2025-58642,7.2,2026-04-23T15:33:30.730
CVE-2025-58641,0.000420000,0.129840000,0.46944444444444444,2026-06-04,2026-06-04,CVE-2025-58641,5.4,2026-04-23T15:33:30.607
CVE-2025-58640,0.000470000,0.147900000,0.5252314814814815,2026-06-04,2026-06-04,CVE-2025-58640,6.5,2026-04-23T15:33:30.497
CVE-2025-58639,0.000710000,0.218130000,0.7085648148148148,2026-06-04,2026-06-04,CVE-2025-58639,5.4,2026-04-23T15:33:30.383
CVE-2025-58637,0.001570000,0.361630000,0.868287037037037,2026-06-04,2026-06-04,CVE-2025-58637,7.5,2026-04-23T15:33:30.270
CVE-2025-58635,0.000580000,0.184070000,0.6189814814814815,2026-06-04,2026-06-04,CVE-2025-58635,5.3,2026-04-23T15:33:30.160
CVE-2025-58634,0.000580000,0.184070000,0.6189814814814815,2026-06-04,2026-06-04,CVE-2025-58634,5.3,2026-04-23T15:33:30.050
CVE-2025-58633,0.000470000,0.147900000,0.5252314814814815,2026-06-04,2026-06-04,CVE-2025-58633,6.5,2026-04-23T15:33:29.937
CVE-2025-58632,0.000470000,0.147900000,0.5252314814814815,2026-06-04,2026-06-04,CVE-2025-58632,6.5,2026-04-23T15:33:29.823
CVE-2025-58631,0.000430000,0.135460000,0.48541666666666666,2026-06-04,2026-06-04,CVE-2025-58631,5.9,2026-04-23T15:33:29.713
CVE-2025-58630,0.000430000,0.135460000,0.48541666666666666,2026-06-04,2026-06-04,CVE-2025-58630,5.9,2026-04-23T15:33:29.617
CVE-2025-58626,0.000470000,0.147900000,0.5252314814814815,2026-06-04,2026-06-04,CVE-2025-58626,6.5,2026-04-23T15:33:29.223
CVE-2025-58625,0.000430000,0.135460000,0.48541666666666666,2026-06-04,2026-06-04,CVE-2025-58625,5.9,2026-04-23T15:33:29.117
CVE-2025-58624,0.000470000,0.147900000,0.5252314814814815,2026-06-04,2026-06-04,CVE-2025-58624,6.5,2026-04-23T15:33:29.007
CVE-2025-58623,0.000470000,0.147900000,0.5252314814814815,2026-06-04,2026-06-04,CVE-2025-58623,6.5,2026-04-23T15:33:28.897
CVE-2025-58622,0.000550000,0.173820000,0.5965277777777778,2026-06-04,2026-06-04,CVE-2025-58622,4.3,2026-04-23T15:33:28.783
CVE-2025-58621,0.000470000,0.147900000,0.5252314814814815,2026-06-04,2026-06-04,CVE-2025-58621,6.5,2026-04-23T15:33:28.670
CVE-2025-58620,0.000470000,0.147900000,0.5252314814814815,2026-06-04,2026-06-04,CVE-2025-58620,6.5,2026-04-23T15:33:28.550
CVE-2025-58618,0.000470000,0.147900000,0.5252314814814815,2026-06-04,2026-06-04,CVE-2025-58618,6.5,2026-04-23T15:33:28.430
CVE-2025-58617,0.000550000,0.173820000,0.5965277777777778,2026-06-04,2026-06-04,CVE-2025-58617,4.3,2026-04-23T15:33:28.287
CVE-2025-58616,0.000740000,0.223510000,0.7185185185185186,2026-06-04,2026-06-04,CVE-2025-58616,6.5,2026-04-23T15:33:28.103
CVE-2025-58615,0.000360000,0.111130000,0.41064814814814815,2026-06-04,2026-06-04,CVE-2025-58615,4.4,2026-04-23T15:33:27.983
CVE-2025-58614,0.000470000,0.147900000,0.5252314814814815,2026-06-04,2026-06-04,CVE-2025-58614,6.5,2026-04-23T15:33:27.873
CVE-2025-58613,0.000580000,0.185310000,0.6189814814814815,2026-06-04,2026-06-04,CVE-2025-58613,5.3,2026-04-23T15:33:27.760
CVE-2025-58612,0.000470000,0.147900000,0.5252314814814815,2026-06-04,2026-06-04,CVE-2025-58612,6.5,2026-04-23T15:33:27.647
CVE-2025-58611,0.000260000,0.077300000,0.2759259259259259,2026-06-04,2026-06-04,CVE-2025-58611,4.3,2026-04-23T15:33:27.533
CVE-2025-58610,0.000470000,0.147900000,0.5252314814814815,2026-06-04,2026-06-04,CVE-2025-58610,6.5,2026-04-23T15:33:27.423
CVE-2025-58609,0.000470000,0.147900000,0.5252314814814815,2026-06-04,2026-06-04,CVE-2025-58609,6.5,2026-04-23T15:33:27.310
CVE-2025-58608,0.001570000,0.361630000,0.868287037037037,2026-06-04,2026-06-04,CVE-2025-58608,7.5,2026-04-23T15:33:27.190
CVE-2025-58607,0.000470000,0.147900000,0.5252314814814815,2026-06-04,2026-06-04,CVE-2025-58607,6.5,2026-04-28T19:34:09.480
CVE-2025-58606,0.000550000,0.173820000,0.5965277777777778,2026-06-04,2026-06-04,CVE-2025-58606,5.0,2026-04-23T15:33:26.967
CVE-2025-58605,0.000470000,0.147900000,0.5252314814814815,2026-06-04,2026-06-04,CVE-2025-58605,6.5,2026-04-23T15:33:26.857
CVE-2025-58604,0.000540000,0.171910000,0.5907407407407408,2026-06-04,2026-06-04,CVE-2025-58604,7.6,2026-04-23T15:33:26.747
CVE-2025-58603,0.000580000,0.184070000,0.6189814814814815,2026-06-04,2026-06-04,CVE-2025-58603,5.3,2026-04-23T15:33:26.620
CVE-2025-58602,0.000470000,0.147900000,0.5252314814814815,2026-06-04,2026-06-04,CVE-2025-58602,6.5,2026-04-23T15:33:26.507
CVE-2025-58601,0.000550000,0.173820000,0.5965277777777778,2026-06-04,2026-06-04,CVE-2025-58601,4.3,2026-04-23T15:33:26.393
CVE-2025-58600,0.000800000,0.235920000,0.7423611111111111,2026-06-04,2026-06-04,CVE-2025-58600,5.3,2026-04-23T15:33:26.280
CVE-2025-58599,0.000550000,0.173820000,0.5965277777777778,2026-06-04,2026-06-04,CVE-2025-58599,4.3,2026-04-23T15:33:26.170
CVE-2025-58598,0.000540000,0.170990000,0.5907407407407408,2026-06-04,2026-06-04,CVE-2025-58598,6.6,2026-04-23T15:33:26.060
CVE-2025-58597,0.000710000,0.218130000,0.7085648148148148,2026-06-04,2026-06-04,CVE-2025-58597,4.3,2026-04-23T15:33:25.937
CVE-2025-58596,0.000430000,0.135460000,0.48541666666666666,2026-06-04,2026-06-04,CVE-2025-58596,5.9,2026-04-23T15:33:25.810
CVE-2025-58594,0.000550000,0.173820000,0.5965277777777778,2026-06-04,2026-06-04,CVE-2025-58594,4.3,2026-04-23T15:33:25.693
CVE-2025-58593,0.000470000,0.147900000,0.5252314814814815,2026-06-04,2026-06-04,CVE-2025-58593,6.5,2026-04-23T15:33:25.577
CVE-2025-58460,0.000350000,0.108430000,0.4011574074074074,2026-06-04,2026-06-04,CVE-2025-58460,4.2,2025-11-04T22:16:34.507
CVE-2025-58459,0.000590000,0.185960000,0.6287037037037037,2026-06-04,2026-06-04,CVE-2025-58459,4.3,2025-11-04T22:16:34.370
CVE-2025-58458,0.001060000,0.282610000,0.8108796296296297,2026-06-04,2026-06-04,CVE-2025-58458,4.3,2025-11-04T22:16:34.240
CVE-2025-57833,0.000740000,0.224380000,0.7185185185185186,2026-06-04,2026-06-04,CVE-2025-57833,8.1,2025-11-04T22:16:31.930
CVE-2025-57151,0.001440000,0.343600000,0.8553240740740741,2026-06-04,2026-06-04,CVE-2025-57151,8.8,2026-04-06T15:17:06.613
CVE-2025-57150,0.001700000,0.379860000,0.874537037037037,2026-06-04,2026-06-04,CVE-2025-57150,7.2,2026-04-06T15:17:06.447
CVE-2025-57149,0.000730000,0.221430000,0.7145833333333333,2026-06-04,2026-06-04,CVE-2025-57149,6.5,2026-04-06T15:17:06.280
CVE-2025-57148,0.000990000,0.271490000,0.8,2026-06-04,2026-06-04,CVE-2025-57148,9.1,2026-04-06T15:17:06.043
CVE-2025-57147,0.000810000,0.238050000,0.7467592592592592,2026-06-04,2026-06-04,CVE-2025-57147,7.5,2026-04-06T15:17:05.850
CVE-2025-57146,0.000590000,0.187310000,0.6287037037037037,2026-06-04,2026-06-04,CVE-2025-57146,8.1,2026-04-06T15:17:05.640
CVE-2025-57052,0.002730000,0.508630000,0.9155092592592593,2026-06-04,2026-06-04,CVE-2025-57052,9.8,2025-11-03T19:16:12.460
CVE-2025-56803,0.002580000,0.493990000,0.9122685185185185,2026-06-04,2026-06-04,CVE-2025-56803,8.4,2025-09-26T14:02:46.583
CVE-2025-56761,0.000580000,0.183190000,0.6189814814814815,2026-06-04,2026-06-04,CVE-2025-56761,5.4,2025-09-09T18:27:28.537
CVE-2025-56760,0.001780000,0.390470000,0.8798611111111111,2026-06-04,2026-06-04,CVE-2025-56760,4.3,2025-09-09T18:30:48.923
CVE-2025-56752,0.003290000,0.560990000,0.9256944444444445,2026-06-04,2026-06-04,CVE-2025-56752,9.4,2025-09-29T18:36:43.327
CVE-2025-56689,0.000450000,0.141120000,0.5057870370370371,2026-06-04,2026-06-04,CVE-2025-56689,4.6,2025-09-16T16:15:42.230
CVE-2025-56608,0.000370000,0.113460000,0.41898148148148145,2026-06-04,2026-06-04,CVE-2025-56608,4.2,2025-09-08T17:40:36.713
CVE-2025-56498,0.026940000,0.861490000,0.9847222222222223,2026-06-04,2026-06-04,CVE-2025-56498,5.3,2025-09-09T15:58:46.043
CVE-2025-56435,0.001770000,0.388850000,0.8789351851851852,2026-06-04,2026-06-04,CVE-2025-56435,5.3,2025-09-09T15:59:26.683
CVE-2025-56139,0.000770000,0.231090000,0.7351851851851852,2026-06-04,2026-06-04,CVE-2025-56139,5.3,2025-09-08T18:37:24.330
CVE-2025-55944,0.001850000,0.400210000,0.8840277777777777,2026-06-04,2026-06-04,CVE-2025-55944,6.1,2025-09-09T16:04:57.400
CVE-2025-55852,0.001300000,0.319810000,0.8395833333333333,2026-06-04,2026-06-04,CVE-2025-55852,7.5,2025-09-08T14:03:07.520
CVE-2025-55748,0.003710000,0.591840000,0.9335648148148148,2026-06-04,2026-06-04,CVE-2025-55748,7.5,2025-09-10T17:24:13.273
CVE-2025-55747,0.012920000,0.800110000,0.9731481481481481,2026-06-04,2026-06-04,CVE-2025-55747,9.1,2025-09-10T17:47:28.840
CVE-2025-55162,0.000110000,0.015250000,0.025,2026-06-04,2026-06-04,CVE-2025-55162,8.8,2025-09-08T18:42:05.630
CVE-2025-53690,0.051530000,0.900510000,0.9918981481481481,2026-06-04,2026-06-04,CVE-2025-53690,9.0,2025-10-30T20:39:16.593
CVE-2025-52494,0.001020000,0.275780000,0.8060185185185185,2026-06-04,2026-06-04,CVE-2025-52494,7.5,2025-09-08T18:50:48.793
CVE-2025-45805,0.000270000,0.080580000,0.2983796296296296,2026-06-04,2026-06-04,CVE-2025-45805,7.6,2025-12-16T17:16:08.277
CVE-2025-36193,0.000160000,0.038840000,0.05555555555555555,2026-06-04,2026-06-04,CVE-2025-36193,6.7,2025-09-29T18:35:52.077
CVE-2025-20336,0.000330000,0.100010000,0.3875,2026-06-04,2026-06-04,CVE-2025-20336,7.5,2026-01-05T14:49:30.253
CVE-2025-20335,0.000490000,0.155220000,0.5592592592592592,2026-06-04,2026-06-04,CVE-2025-20335,5.3,2026-01-05T14:49:25.683
CVE-2025-20330,0.000470000,0.150160000,0.5252314814814815,2026-06-04,2026-06-04,CVE-2025-20330,6.1,2025-09-10T17:36:51.947
CVE-2025-20328,0.000440000,0.139480000,0.4949074074074074,2026-06-04,2026-06-04,CVE-2025-20328,5.4,2025-09-10T17:54:12.020
CVE-2025-20326,0.000300000,0.090390000,0.32546296296296295,2026-06-04,2026-06-04,CVE-2025-20326,8.8,2025-09-10T18:03:13.847
CVE-2025-20291,0.000330000,0.100170000,0.3875,2026-06-04,2026-06-04,CVE-2025-20291,6.1,2025-09-09T18:06:53.997
CVE-2025-20287,0.000700000,0.216050000,0.7043981481481482,2026-06-04,2026-06-04,CVE-2025-20287,8.8,2025-09-09T18:11:59.287
CVE-2025-20280,0.000410000,0.127270000,0.46111111111111114,2026-06-04,2026-06-04,CVE-2025-20280,4.8,2025-09-09T18:20:44.523
CVE-2025-20270,0.000770000,0.231490000,0.7351851851851852,2026-06-04,2026-06-04,CVE-2025-20270,6.5,2025-09-09T18:15:53.293
CVE-2025-0280,0.000180000,0.051360000,0.11435185185185186,2026-06-04,2026-06-04,CVE-2025-0280,7.5,2026-04-15T00:35:42.020
CVE-2025-9942,0.000920000,0.258500000,0.7844907407407408,2026-06-04,2026-06-04,CVE-2025-9942,8.8,2026-04-29T01:00:01.613
CVE-2025-9941,0.000920000,0.258500000,0.7844907407407408,2026-06-04,2026-06-04,CVE-2025-9941,8.8,2026-04-29T01:00:01.613
CVE-2025-9940,0.000510000,0.163190000,0.5708333333333333,2026-06-04,2026-06-04,CVE-2025-9940,5.4,2026-04-29T01:00:01.613
CVE-2025-9939,0.000470000,0.150150000,0.5252314814814815,2026-06-04,2026-06-04,CVE-2025-9939,5.4,2026-04-29T01:00:01.613
CVE-2025-9938,0.004220000,0.624050000,0.9402777777777778,2026-06-04,2026-06-04,CVE-2025-9938,8.8,2025-09-29T18:30:16.607
CVE-2025-9937,0.000570000,0.179680000,0.6113425925925926,2026-06-04,2026-06-04,CVE-2025-9937,5.4,2026-04-29T01:00:01.613
CVE-2025-9936,0.000480000,0.153550000,0.5486111111111112,2026-06-04,2026-06-04,CVE-2025-9936,4.3,2026-04-29T01:00:01.613
CVE-2025-9935,0.020750000,0.842730000,0.9807870370370371,2026-06-04,2026-06-04,CVE-2025-9935,9.8,2026-04-29T01:00:01.613
CVE-2025-9934,0.024190000,0.854020000,0.9828703703703704,2026-06-04,2026-06-04,CVE-2025-9934,9.8,2026-04-29T01:00:01.613
CVE-2025-9933,0.000610000,0.192130000,0.6458333333333334,2026-06-04,2026-06-04,CVE-2025-9933,9.8,2026-04-29T01:00:01.613
CVE-2025-9932,0.000690000,0.213180000,0.6981481481481482,2026-06-04,2026-06-04,CVE-2025-9932,9.8,2026-04-29T01:00:01.613
CVE-2025-9931,0.000630000,0.199150000,0.65625,2026-06-04,2026-06-04,CVE-2025-9931,6.1,2026-04-29T01:00:01.613
CVE-2025-9930,0.000750000,0.227610000,0.7236111111111111,2026-06-04,2026-06-04,CVE-2025-9930,9.8,2026-04-29T01:00:01.613
CVE-2025-9929,0.000610000,0.192240000,0.6458333333333334,2026-06-04,2026-06-04,CVE-2025-9929,4.8,2026-04-29T01:00:01.613
CVE-2025-9928,0.000750000,0.227610000,0.7236111111111111,2026-06-04,2026-06-04,CVE-2025-9928,9.8,2026-04-29T01:00:01.613
CVE-2025-9927,0.000730000,0.221730000,0.7145833333333333,2026-06-04,2026-06-04,CVE-2025-9927,9.8,2026-04-29T01:00:01.613
CVE-2025-9616,0.000340000,0.104580000,0.3958333333333333,2026-06-04,2026-06-04,CVE-2025-9616,5.3,2026-04-15T00:35:42.020
CVE-2025-9519,0.006050000,0.700100000,0.9541666666666667,2026-06-04,2026-06-04,CVE-2025-9519,7.2,2026-04-15T00:35:42.020
CVE-2025-9518,0.020200000,0.840780000,0.9798611111111111,2026-06-04,2026-06-04,CVE-2025-9518,7.2,2026-04-15T00:35:42.020
CVE-2025-9517,0.007060000,0.725020000,0.9597222222222223,2026-06-04,2026-06-04,CVE-2025-9517,7.2,2026-04-15T00:35:42.020
CVE-2025-9516,0.001170000,0.301420000,0.8226851851851852,2026-06-04,2026-06-04,CVE-2025-9516,4.9,2026-04-15T00:35:42.020
CVE-2025-9467,0.001270000,0.316420000,0.8356481481481481,2026-06-04,2026-06-04,CVE-2025-9467,,2026-04-15T00:35:42.020
CVE-2025-8268,0.002800000,0.516040000,0.9175925925925926,2026-06-04,2026-06-04,CVE-2025-8268,6.5,2026-04-15T00:35:42.020
CVE-2025-7388,0.003830000,0.599170000,0.9354166666666667,2026-06-04,2026-06-04,CVE-2025-7388,8.4,2026-04-15T00:35:42.020
CVE-2025-7385,0.002560000,0.491800000,0.9108796296296297,2026-06-04,2026-06-04,CVE-2025-7385,,2026-04-15T00:35:42.020
CVE-2025-6984,0.019220000,0.836900000,0.9793981481481482,2026-06-04,2026-06-04,CVE-2025-6984,7.5,2026-04-15T00:35:42.020
CVE-2025-6085,0.013380000,0.803330000,0.9740740740740741,2026-06-04,2026-06-04,CVE-2025-6085,7.2,2026-04-08T19:24:26.337
CVE-2025-58358,0.001590000,0.364890000,0.8701388888888889,2026-06-04,2026-06-04,CVE-2025-58358,7.5,2026-04-15T00:35:42.020
CVE-2025-58357,0.001360000,0.332490000,0.8497685185185185,2026-06-04,2026-06-04,CVE-2025-58357,9.6,2026-01-22T20:09:16.937
CVE-2025-58355,0.001160000,0.299180000,0.8208333333333333,2026-06-04,2026-06-04,CVE-2025-58355,7.7,2026-04-15T00:35:42.020
CVE-2025-58064,0.002070000,0.429520000,0.8939814814814815,2026-06-04,2026-06-04,CVE-2025-58064,,2026-04-15T00:35:42.020
CVE-2025-58057,0.000630000,0.198470000,0.65625,2026-06-04,2026-06-04,CVE-2025-58057,7.5,2025-09-08T16:45:55.143
CVE-2025-58056,0.000970000,0.267130000,0.7949074074074074,2026-06-04,2026-06-04,CVE-2025-58056,7.5,2025-09-08T16:46:36.847
CVE-2025-57263,0.000940000,0.261030000,0.7888888888888889,2026-06-04,2026-06-04,CVE-2025-57263,7.2,2025-09-18T16:51:13.593
CVE-2025-43772,0.005690000,0.689250000,0.9506944444444444,2026-06-04,2026-06-04,CVE-2025-43772,,2026-04-15T00:35:42.020
CVE-2025-41063,0.000400000,0.124170000,0.4465277777777778,2026-06-04,2026-06-04,CVE-2025-41063,5.4,2025-09-04T17:50:21.547
CVE-2025-41062,0.000400000,0.124170000,0.4465277777777778,2026-06-04,2026-06-04,CVE-2025-41062,5.4,2025-09-04T17:50:28.117
CVE-2025-41061,0.000400000,0.124170000,0.4465277777777778,2026-06-04,2026-06-04,CVE-2025-41061,5.4,2025-09-04T17:50:34.057
CVE-2025-41060,0.000400000,0.124170000,0.4465277777777778,2026-06-04,2026-06-04,CVE-2025-41060,5.4,2025-09-04T17:50:43.737
CVE-2025-41059,0.000400000,0.124170000,0.4465277777777778,2026-06-04,2026-06-04,CVE-2025-41059,5.4,2025-09-04T17:50:51.110
CVE-2025-41058,0.000400000,0.124170000,0.4465277777777778,2026-06-04,2026-06-04,CVE-2025-41058,5.4,2025-09-04T17:51:01.063
CVE-2025-41057,0.000400000,0.124170000,0.4465277777777778,2026-06-04,2026-06-04,CVE-2025-41057,5.4,2025-09-04T17:51:08.280
CVE-2025-41056,0.000400000,0.124170000,0.4465277777777778,2026-06-04,2026-06-04,CVE-2025-41056,5.4,2025-09-04T17:51:15.420
CVE-2025-41055,0.000400000,0.124170000,0.4465277777777778,2026-06-04,2026-06-04,CVE-2025-41055,5.4,2025-09-04T17:51:21.303
CVE-2025-41054,0.000400000,0.124170000,0.4465277777777778,2026-06-04,2026-06-04,CVE-2025-41054,5.4,2025-09-04T17:53:06.430
CVE-2025-41053,0.000400000,0.124170000,0.4465277777777778,2026-06-04,2026-06-04,CVE-2025-41053,5.4,2025-09-04T17:51:58.813
CVE-2025-41052,0.000400000,0.124170000,0.4465277777777778,2026-06-04,2026-06-04,CVE-2025-41052,5.4,2025-09-04T17:52:06.157
CVE-2025-41051,0.000400000,0.124170000,0.4465277777777778,2026-06-04,2026-06-04,CVE-2025-41051,5.4,2025-09-04T18:42:43.010
CVE-2025-41050,0.000400000,0.124170000,0.4465277777777778,2026-06-04,2026-06-04,CVE-2025-41050,5.4,2025-09-04T18:42:57.860
CVE-2025-41049,0.000400000,0.124170000,0.4465277777777778,2026-06-04,2026-06-04,CVE-2025-41049,5.4,2025-09-04T18:43:04.660
CVE-2025-41048,0.000400000,0.124170000,0.4465277777777778,2026-06-04,2026-06-04,CVE-2025-41048,5.4,2025-09-04T18:43:10.727
CVE-2025-41047,0.000400000,0.124170000,0.4465277777777778,2026-06-04,2026-06-04,CVE-2025-41047,5.4,2025-09-04T18:43:17.077
CVE-2025-41046,0.000400000,0.124170000,0.4465277777777778,2026-06-04,2026-06-04,CVE-2025-41046,5.4,2025-09-04T18:43:23.220
CVE-2025-41045,0.000400000,0.124170000,0.4465277777777778,2026-06-04,2026-06-04,CVE-2025-41045,5.4,2025-09-04T18:43:29.777
CVE-2025-41044,0.000400000,0.124170000,0.4465277777777778,2026-06-04,2026-06-04,CVE-2025-41044,5.4,2025-09-04T18:43:36.850
CVE-2025-41043,0.000400000,0.124170000,0.4465277777777778,2026-06-04,2026-06-04,CVE-2025-41043,5.4,2025-09-04T18:43:45.480
CVE-2025-41042,0.000400000,0.124170000,0.4465277777777778,2026-06-04,2026-06-04,CVE-2025-41042,5.4,2025-09-04T18:43:52.737
CVE-2025-41041,0.000400000,0.124170000,0.4465277777777778,2026-06-04,2026-06-04,CVE-2025-41041,5.4,2025-09-04T18:44:02.050
CVE-2025-41040,0.000400000,0.124170000,0.4465277777777778,2026-06-04,2026-06-04,CVE-2025-41040,5.4,2025-09-04T18:44:08.297
CVE-2025-41039,0.000400000,0.124170000,0.4465277777777778,2026-06-04,2026-06-04,CVE-2025-41039,5.4,2025-09-04T18:44:19.723
CVE-2025-41038,0.000400000,0.124170000,0.4465277777777778,2026-06-04,2026-06-04,CVE-2025-41038,5.4,2025-09-04T18:44:27.037
CVE-2025-41037,0.000400000,0.124170000,0.4465277777777778,2026-06-04,2026-06-04,CVE-2025-41037,5.4,2025-09-04T18:44:34.860
CVE-2025-41036,0.000400000,0.124170000,0.4465277777777778,2026-06-04,2026-06-04,CVE-2025-41036,5.4,2025-09-04T18:44:41.557
CVE-2025-41035,0.000830000,0.243260000,0.75625,2026-06-04,2026-06-04,CVE-2025-41035,6.5,2025-09-04T18:44:52.747
CVE-2025-41034,0.000610000,0.191200000,0.6458333333333334,2026-06-04,2026-06-04,CVE-2025-41034,9.8,2025-09-04T18:45:05.477
CVE-2025-41033,0.000610000,0.191200000,0.6458333333333334,2026-06-04,2026-06-04,CVE-2025-41033,9.8,2025-09-04T18:45:25.733
CVE-2025-41032,0.000610000,0.191200000,0.6458333333333334,2026-06-04,2026-06-04,CVE-2025-41032,9.8,2025-09-04T18:45:32.453
CVE-2025-36909,0.000260000,0.076890000,0.2759259259259259,2026-06-04,2026-06-04,CVE-2025-36909,5.3,2025-09-05T16:37:11.297
CVE-2025-36908,0.000090000,0.009310000,0.012268518518518519,2026-06-04,2026-06-04,CVE-2025-36908,6.7,2025-09-05T16:37:18.477
CVE-2025-36907,0.000070000,0.005070000,0.0032407407407407406,2026-06-04,2026-06-04,CVE-2025-36907,7.3,2025-09-05T16:37:25.577
CVE-2025-36906,0.000090000,0.009090000,0.012268518518518519,2026-06-04,2026-06-04,CVE-2025-36906,7.8,2025-09-08T16:46:22.173
CVE-2025-36905,0.000130000,0.022680000,0.0349537037037037,2026-06-04,2026-06-04,CVE-2025-36905,7.8,2025-09-05T16:37:31.443
CVE-2025-36904,0.000390000,0.118670000,0.43495370370370373,2026-06-04,2026-06-04,CVE-2025-36904,9.8,2025-09-05T16:37:36.547
CVE-2025-36903,0.000090000,0.009090000,0.012268518518518519,2026-06-04,2026-06-04,CVE-2025-36903,7.8,2025-09-05T16:37:42.460
CVE-2025-36902,0.000090000,0.009310000,0.012268518518518519,2026-06-04,2026-06-04,CVE-2025-36902,6.7,2025-09-05T16:37:51.477
CVE-2025-36901,0.000160000,0.038400000,0.05555555555555555,2026-06-04,2026-06-04,CVE-2025-36901,8.8,2025-09-05T16:38:04.860
CVE-2025-36900,0.000090000,0.009310000,0.012268518518518519,2026-06-04,2026-06-04,CVE-2025-36900,6.7,2025-09-05T16:38:11.317
CVE-2025-36899,0.000110000,0.013670000,0.025,2026-06-04,2026-06-04,CVE-2025-36899,8.4,2025-09-05T16:38:22.310
CVE-2025-36898,0.000130000,0.022680000,0.0349537037037037,2026-06-04,2026-06-04,CVE-2025-36898,7.8,2025-09-05T16:38:27.463
CVE-2025-36897,0.003240000,0.557040000,0.924537037037037,2026-06-04,2026-06-04,CVE-2025-36897,9.8,2025-09-05T16:38:32.233
CVE-2025-36896,0.000390000,0.118670000,0.43495370370370373,2026-06-04,2026-06-04,CVE-2025-36896,9.8,2025-09-05T16:38:40.553
CVE-2025-36895,0.000330000,0.099490000,0.3875,2026-06-04,2026-06-04,CVE-2025-36895,7.5,2025-09-05T16:38:46.360
CVE-2025-36894,0.003350000,0.566670000,0.9261574074074074,2026-06-04,2026-06-04,CVE-2025-36894,7.5,2025-09-05T16:38:51.837
CVE-2025-36893,0.000090000,0.008770000,0.012268518518518519,2026-06-04,2026-06-04,CVE-2025-36893,5.5,2025-09-05T16:38:57.910
CVE-2025-36892,0.000420000,0.130960000,0.46944444444444444,2026-06-04,2026-06-04,CVE-2025-36892,7.5,2025-09-05T16:39:03.253
CVE-2025-36891,0.000360000,0.111570000,0.41064814814814815,2026-06-04,2026-06-04,CVE-2025-36891,8.8,2025-09-05T16:39:08.087
CVE-2025-36890,0.000390000,0.118670000,0.43495370370370373,2026-06-04,2026-06-04,CVE-2025-36890,9.8,2025-09-29T23:03:48.843
CVE-2025-36887,0.000090000,0.009090000,0.012268518518518519,2026-06-04,2026-06-04,CVE-2025-36887,7.8,2025-09-05T16:39:25.790
CVE-2025-2694,0.000330000,0.101690000,0.3875,2026-06-04,2026-06-04,CVE-2025-2694,4.8,2025-09-10T17:15:33.390
CVE-2025-2667,0.000580000,0.184260000,0.6189814814814815,2026-06-04,2026-06-04,CVE-2025-2667,4.9,2025-09-10T17:19:28.017
CVE-2025-25048,0.000670000,0.208960000,0.6851851851851852,2026-06-04,2026-06-04,CVE-2025-25048,6.5,2026-01-09T02:31:36.477
CVE-2025-2417,0.000740000,0.225310000,0.7185185185185186,2026-06-04,2026-06-04,CVE-2025-2417,8.6,2026-04-15T00:35:42.020
CVE-2025-2411,0.000740000,0.225310000,0.7185185185185186,2026-06-04,2026-06-04,CVE-2025-2411,8.6,2026-04-15T00:35:42.020
CVE-2024-56190,0.001220000,0.308680000,0.8275462962962963,2026-06-04,2026-06-04,CVE-2024-56190,7.8,2025-09-05T16:39:31.230
CVE-2024-56189,0.002790000,0.515320000,0.9168981481481482,2026-06-04,2026-06-04,CVE-2024-56189,6.5,2025-09-26T17:19:42.197
CVE-2024-43184,0.001260000,0.313660000,0.8344907407407407,2026-06-04,2026-06-04,CVE-2024-43184,6.1,2026-01-09T02:31:46.677
CVE-2024-34598,0.000250000,0.076050000,0.24976851851851853,2026-06-04,2026-06-04,CVE-2024-34598,5.5,2026-01-12T19:16:54.400
CVE-2024-13073,0.000710000,0.219050000,0.7085648148148148,2026-06-04,2026-06-04,CVE-2024-13073,4.7,2026-06-01T13:16:27.227
CVE-2024-13071,0.000430000,0.135460000,0.48541666666666666,2026-06-04,2026-06-04,CVE-2024-13071,4.3,2026-06-01T13:16:27.077
CVE-2022-39888,0.000240000,0.072270000,0.2363425925925926,2026-06-04,2026-06-04,CVE-2022-39888,4.3,2026-04-15T00:35:42.020
CVE-2025-9636,0.000370000,0.113260000,0.41898148148148145,2026-06-04,2026-06-04,CVE-2025-9636,7.9,2025-09-11T21:26:47.250
CVE-2025-8311,0.021980000,0.847180000,0.98125,2026-06-04,2026-06-04,CVE-2025-8311,,2026-04-15T00:35:42.020
CVE-2025-6785,0.000450000,0.142790000,0.5057870370370371,2026-06-04,2026-06-04,CVE-2025-6785,,2026-04-15T00:35:42.020
CVE-2025-57576,0.000460000,0.144540000,0.5120370370370371,2026-06-04,2026-06-04,CVE-2025-57576,5.4,2025-09-10T17:04:53.493
CVE-2025-38730,0.000240000,0.071450000,0.2363425925925926,2026-06-04,2026-06-04,CVE-2025-38730,7.8,2025-11-25T21:50:46.317
CVE-2025-38729,0.000240000,0.070830000,0.2363425925925926,2026-06-04,2026-06-04,CVE-2025-38729,7.8,2026-05-12T13:17:03.240
CVE-2025-38728,0.000260000,0.079320000,0.2759259259259259,2026-06-04,2026-06-04,CVE-2025-38728,7.1,2026-05-12T13:17:03.083
CVE-2025-38727,0.000150000,0.033160000,0.050694444444444445,2026-06-04,2026-06-04,CVE-2025-38727,5.5,2026-05-12T13:17:02.890
CVE-2025-38726,0.000240000,0.071010000,0.2363425925925926,2026-06-04,2026-06-04,CVE-2025-38726,5.5,2025-11-25T21:50:39.817
CVE-2025-38725,0.000250000,0.073590000,0.24976851851851853,2026-06-04,2026-06-04,CVE-2025-38725,5.5,2026-05-12T13:17:02.753
CVE-2025-38724,0.000280000,0.084670000,0.3087962962962963,2026-06-04,2026-06-04,CVE-2025-38724,7.8,2026-05-12T13:17:02.583
CVE-2025-38723,0.000260000,0.077680000,0.2759259259259259,2026-06-04,2026-06-04,CVE-2025-38723,5.5,2026-05-12T13:17:02.440
CVE-2025-38722,0.000250000,0.074440000,0.24976851851851853,2026-06-04,2026-06-04,CVE-2025-38722,7.8,2025-11-25T21:47:55.617
CVE-2025-38721,0.000180000,0.047670000,0.11435185185185186,2026-06-04,2026-06-04,CVE-2025-38721,5.5,2026-05-12T13:17:02.250
CVE-2025-38720,0.000140000,0.028510000,0.04351851851851852,2026-06-04,2026-06-04,CVE-2025-38720,5.5,2025-11-25T21:47:46.150
CVE-2025-38719,0.000180000,0.050790000,0.11435185185185186,2026-06-04,2026-06-04,CVE-2025-38719,5.5,2025-12-02T20:05:31.550
CVE-2025-38718,0.000370000,0.113440000,0.41898148148148145,2026-06-04,2026-06-04,CVE-2025-38718,7.8,2026-03-17T16:21:17.817
CVE-2025-38717,0.000190000,0.052510000,0.13171296296296298,2026-06-04,2026-06-04,CVE-2025-38717,4.7,2025-11-25T22:07:31.647
CVE-2025-38716,0.000350000,0.105890000,0.4011574074074074,2026-06-04,2026-06-04,CVE-2025-38716,5.5,2025-11-25T22:07:21.850
CVE-2025-38715,0.000190000,0.052740000,0.13171296296296298,2026-06-04,2026-06-04,CVE-2025-38715,7.1,2026-05-12T13:17:02.053
CVE-2025-38714,0.000190000,0.052740000,0.13171296296296298,2026-06-04,2026-06-04,CVE-2025-38714,7.1,2026-05-12T13:17:01.840
CVE-2025-38713,0.000190000,0.052740000,0.13171296296296298,2026-06-04,2026-06-04,CVE-2025-38713,7.1,2026-05-12T13:17:01.603
CVE-2025-38712,0.000200000,0.058510000,0.1476851851851852,2026-06-04,2026-06-04,CVE-2025-38712,5.5,2026-05-12T13:17:01.423
CVE-2025-38711,0.000190000,0.054310000,0.13171296296296298,2026-06-04,2026-06-04,CVE-2025-38711,5.5,2026-05-12T13:17:01.260
CVE-2025-38710,0.000190000,0.053340000,0.13171296296296298,2026-06-04,2026-06-04,CVE-2025-38710,5.5,2026-06-01T17:16:35.937
CVE-2025-38709,0.000350000,0.105890000,0.4011574074074074,2026-06-04,2026-06-04,CVE-2025-38709,5.5,2025-12-03T20:00:20.867
CVE-2025-38708,0.000250000,0.074040000,0.24976851851851853,2026-06-04,2026-06-04,CVE-2025-38708,7.8,2026-05-12T13:17:01.037
CVE-2025-38707,0.000250000,0.074900000,0.24976851851851853,2026-06-04,2026-06-04,CVE-2025-38707,7.8,2026-05-12T13:17:00.853
CVE-2025-38706,0.000240000,0.069300000,0.2363425925925926,2026-06-04,2026-06-04,CVE-2025-38706,5.5,2026-05-12T13:17:00.667
CVE-2025-38705,0.000190000,0.055310000,0.13171296296296298,2026-06-04,2026-06-04,CVE-2025-38705,5.5,2025-11-24T19:43:18.883
CVE-2025-38704,0.000190000,0.054630000,0.13171296296296298,2026-06-04,2026-06-04,CVE-2025-38704,7.8,2026-03-25T11:16:11.683
CVE-2025-38703,0.000250000,0.074440000,0.24976851851851853,2026-06-04,2026-06-04,CVE-2025-38703,7.8,2025-11-24T19:45:00.563
CVE-2025-38702,0.000200000,0.055920000,0.1476851851851852,2026-06-04,2026-06-04,CVE-2025-38702,7.8,2026-05-12T13:17:00.333
CVE-2025-38701,0.000200000,0.055890000,0.1476851851851852,2026-06-04,2026-06-04,CVE-2025-38701,5.5,2026-05-12T13:16:59.970
CVE-2025-38700,0.000240000,0.069300000,0.2363425925925926,2026-06-04,2026-06-04,CVE-2025-38700,5.5,2026-05-12T13:16:59.770
CVE-2025-38699,0.000240000,0.070830000,0.2363425925925926,2026-06-04,2026-06-04,CVE-2025-38699,7.8,2026-05-12T13:16:59.583
CVE-2025-38698,0.000180000,0.051300000,0.11435185185185186,2026-06-04,2026-06-04,CVE-2025-38698,5.5,2026-05-12T13:16:59.407
CVE-2025-38697,0.000190000,0.052740000,0.13171296296296298,2026-06-04,2026-06-04,CVE-2025-38697,7.8,2026-05-12T13:16:59.227
CVE-2025-38696,0.000240000,0.069300000,0.2363425925925926,2026-06-04,2026-06-04,CVE-2025-38696,5.5,2026-05-12T13:16:59.043
CVE-2025-38695,0.000240000,0.069300000,0.2363425925925926,2026-06-04,2026-06-04,CVE-2025-38695,5.5,2026-05-12T13:16:58.667
CVE-2025-38694,0.000240000,0.069300000,0.2363425925925926,2026-06-04,2026-06-04,CVE-2025-38694,5.5,2026-05-12T13:16:55.950
CVE-2025-38693,0.000240000,0.069300000,0.2363425925925926,2026-06-04,2026-06-04,CVE-2025-38693,5.5,2026-05-12T13:16:55.693
CVE-2025-38692,0.000200000,0.057800000,0.1476851851851852,2026-06-04,2026-06-04,CVE-2025-38692,5.5,2025-11-24T19:45:16.833
CVE-2025-38691,0.000230000,0.066570000,0.23032407407407407,2026-06-04,2026-06-04,CVE-2025-38691,5.5,2026-05-12T13:16:55.480
CVE-2025-38690,0.000110000,0.015760000,0.025,2026-06-04,2026-06-04,CVE-2025-38690,5.5,2025-11-24T19:47:00.657
CVE-2025-38689,0.000270000,0.082300000,0.2983796296296296,2026-06-04,2026-06-04,CVE-2025-38689,5.5,2025-11-24T19:47:21.780
CVE-2025-38688,0.000240000,0.070090000,0.2363425925925926,2026-06-04,2026-06-04,CVE-2025-38688,7.8,2025-11-24T19:47:43.183
CVE-2025-38687,0.000290000,0.086990000,0.31527777777777777,2026-06-04,2026-06-04,CVE-2025-38687,4.7,2026-05-12T13:16:55.270
CVE-2025-38686,0.000240000,0.071010000,0.2363425925925926,2026-06-04,2026-06-04,CVE-2025-38686,5.5,2025-11-24T19:48:02.293
CVE-2025-38685,0.000240000,0.069480000,0.2363425925925926,2026-06-04,2026-06-04,CVE-2025-38685,7.8,2026-05-12T13:16:55.080
CVE-2025-38684,0.000240000,0.069300000,0.2363425925925926,2026-06-04,2026-06-04,CVE-2025-38684,5.5,2026-05-12T13:16:54.863
CVE-2025-38683,0.000240000,0.069300000,0.2363425925925926,2026-06-04,2026-06-04,CVE-2025-38683,5.5,2026-05-12T13:16:54.643
CVE-2025-38682,0.000290000,0.086990000,0.31527777777777777,2026-06-04,2026-06-04,CVE-2025-38682,7.8,2025-11-25T22:06:13.123
CVE-2025-38681,0.000180000,0.051070000,0.11435185185185186,2026-06-04,2026-06-04,CVE-2025-38681,4.7,2026-05-12T13:16:54.443
CVE-2025-38680,0.000240000,0.070830000,0.2363425925925926,2026-06-04,2026-06-04,CVE-2025-38680,7.1,2026-05-12T13:16:54.277
CVE-2025-38679,0.000170000,0.043920000,0.07430555555555556,2026-06-04,2026-06-04,CVE-2025-38679,7.1,2026-05-12T13:16:54.100
CVE-2025-26462,0.000120000,0.018290000,0.03009259259259259,2026-06-04,2026-06-04,CVE-2025-26462,7.8,2025-09-08T14:11:29.327
CVE-2025-26458,0.000130000,0.022680000,0.0349537037037037,2026-06-04,2026-06-04,CVE-2025-26458,7.8,2025-09-08T14:11:52.740
CVE-2025-26456,0.000630000,0.197980000,0.65625,2026-06-04,2026-06-04,CVE-2025-26456,5.5,2025-09-08T16:41:23.340
CVE-2025-26455,0.000090000,0.009090000,0.012268518518518519,2026-06-04,2026-06-04,CVE-2025-26455,7.8,2025-09-05T19:14:05.457
CVE-2025-26453,0.000130000,0.021260000,0.0349537037037037,2026-06-04,2026-06-04,CVE-2025-26453,5.5,2025-09-08T14:12:14.103
CVE-2025-26452,0.000080000,0.008030000,0.005324074074074074,2026-06-04,2026-06-04,CVE-2025-26452,7.8,2025-09-05T19:13:54.293
CVE-2025-26450,0.000080000,0.008030000,0.005324074074074074,2026-06-04,2026-06-04,CVE-2025-26450,7.8,2025-09-08T14:12:30.373
CVE-2025-26449,0.000090000,0.009420000,0.012268518518518519,2026-06-04,2026-06-04,CVE-2025-26449,5.5,2025-09-08T14:12:39.347
CVE-2025-26448,0.000090000,0.008770000,0.012268518518518519,2026-06-04,2026-06-04,CVE-2025-26448,5.5,2025-09-08T14:13:11.063
CVE-2025-26445,0.000080000,0.007760000,0.005324074074074074,2026-06-04,2026-06-04,CVE-2025-26445,5.5,2025-09-08T14:13:20.910
CVE-2025-26444,0.000130000,0.022680000,0.0349537037037037,2026-06-04,2026-06-04,CVE-2025-26444,7.8,2025-09-08T14:13:37.513
CVE-2025-26443,0.000090000,0.010790000,0.012268518518518519,2026-06-04,2026-06-04,CVE-2025-26443,7.3,2025-09-08T14:14:00.603
CVE-2025-26442,0.000120000,0.017480000,0.03009259259259259,2026-06-04,2026-06-04,CVE-2025-26442,5.5,2025-09-29T22:48:47.203
CVE-2025-26441,0.001430000,0.342100000,0.8550925925925926,2026-06-04,2026-06-04,CVE-2025-26441,6.5,2025-09-08T14:15:47.460
CVE-2025-26440,0.000100000,0.012500000,0.021527777777777778,2026-06-04,2026-06-04,CVE-2025-26440,7.8,2025-09-08T14:12:56.513
CVE-2025-26438,0.001560000,0.361030000,0.8675925925925926,2026-06-04,2026-06-04,CVE-2025-26438,8.8,2025-09-05T19:13:43.690
CVE-2025-26437,0.000080000,0.007760000,0.005324074074074074,2026-06-04,2026-06-04,CVE-2025-26437,5.5,2025-09-08T14:16:07.843
CVE-2025-26436,0.000110000,0.014360000,0.025,2026-06-04,2026-06-04,CVE-2025-26436,7.8,2025-09-29T22:48:26.493
CVE-2025-26435,0.000120000,0.018290000,0.03009259259259259,2026-06-04,2026-06-04,CVE-2025-26435,7.8,2025-09-29T22:46:34.803
CVE-2025-26432,0.000090000,0.009420000,0.012268518518518519,2026-06-04,2026-06-04,CVE-2025-26432,5.5,2025-09-05T19:00:36.720
CVE-2025-26430,0.000120000,0.018290000,0.03009259259259259,2026-06-04,2026-06-04,CVE-2025-26430,7.8,2025-09-29T22:44:44.350
CVE-2025-26429,0.000100000,0.012040000,0.021527777777777778,2026-06-04,2026-06-04,CVE-2025-26429,5.5,2025-09-05T19:13:32.637
CVE-2025-26428,0.000160000,0.036750000,0.05555555555555555,2026-06-04,2026-06-04,CVE-2025-26428,3.2,2025-09-05T19:12:05.557
CVE-2025-26427,0.000080000,0.007910000,0.005324074074074074,2026-06-04,2026-06-04,CVE-2025-26427,4.4,2025-09-05T19:11:56.987
CVE-2025-26426,0.000170000,0.042560000,0.07430555555555556,2026-06-04,2026-06-04,CVE-2025-26426,5.1,2025-09-05T19:11:41.917
CVE-2025-26425,0.000130000,0.023060000,0.0349537037037037,2026-06-04,2026-06-04,CVE-2025-26425,4.0,2025-09-05T19:11:30.167
CVE-2025-26424,0.000130000,0.023060000,0.0349537037037037,2026-06-04,2026-06-04,CVE-2025-26424,4.0,2025-09-05T19:11:21.010
CVE-2025-26423,0.000090000,0.009950000,0.012268518518518519,2026-06-04,2026-06-04,CVE-2025-26423,6.2,2025-09-05T19:11:12.930
CVE-2025-26422,0.000090000,0.009200000,0.012268518518518519,2026-06-04,2026-06-04,CVE-2025-26422,4.0,2025-09-05T18:55:05.537
CVE-2025-26421,0.000190000,0.053690000,0.13171296296296298,2026-06-04,2026-06-04,CVE-2025-26421,4.0,2025-09-05T18:55:28.810
CVE-2025-26420,0.000080000,0.007300000,0.005324074074074074,2026-06-04,2026-06-04,CVE-2025-26420,4.4,2025-09-05T18:55:46.920
CVE-2025-23302,0.000180000,0.051380000,0.11435185185185186,2026-06-04,2026-06-04,CVE-2025-23302,4.2,2026-04-15T00:35:42.020
CVE-2025-23301,0.000180000,0.051380000,0.11435185185185186,2026-06-04,2026-06-04,CVE-2025-23301,4.2,2026-04-15T00:35:42.020
CVE-2025-23262,0.000190000,0.051880000,0.13171296296296298,2026-06-04,2026-06-04,CVE-2025-23262,6.3,2026-04-15T00:35:42.020
CVE-2025-23261,0.000280000,0.082830000,0.3087962962962963,2026-06-04,2026-06-04,CVE-2025-23261,5.5,2026-04-15T00:35:42.020
CVE-2025-23259,0.000550000,0.175620000,0.5965277777777778,2026-06-04,2026-06-04,CVE-2025-23259,6.5,2026-04-15T00:35:42.020
CVE-2025-23258,0.000170000,0.042250000,0.07430555555555556,2026-06-04,2026-06-04,CVE-2025-23258,7.3,2026-04-15T00:35:42.020
CVE-2025-23257,0.000170000,0.042250000,0.07430555555555556,2026-06-04,2026-06-04,CVE-2025-23257,7.3,2026-04-15T00:35:42.020
CVE-2025-23256,0.000200000,0.057750000,0.1476851851851852,2026-06-04,2026-06-04,CVE-2025-23256,8.7,2026-04-15T00:35:42.020
CVE-2025-22425,0.000140000,0.027280000,0.04351851851851852,2026-06-04,2026-06-04,CVE-2025-22425,5.1,2025-09-05T18:56:05.070
CVE-2025-0087,0.000270000,0.080250000,0.2983796296296296,2026-06-04,2026-06-04,CVE-2025-0087,5.1,2025-09-05T18:56:18.247
CVE-2025-0077,0.000160000,0.039820000,0.05555555555555555,2026-06-04,2026-06-04,CVE-2025-0077,4.0,2025-09-05T18:57:56.653
CVE-2024-49739,0.000030000,0.001000000,0.0006944444444444445,2026-06-04,2026-06-04,CVE-2024-49739,4.0,2025-09-05T18:58:48.627
CVE-2023-35657,0.000090000,0.008750000,0.012268518518518519,2026-06-04,2026-06-04,CVE-2023-35657,4.0,2025-09-05T18:59:09.560
CVE-2025-9990,0.004370000,0.633950000,0.9432870370370371,2026-06-04,2026-06-04,CVE-2025-9990,8.1,2026-04-15T00:35:42.020
CVE-2025-8944,0.000610000,0.193390000,0.6458333333333334,2026-06-04,2026-06-04,CVE-2025-8944,4.3,2026-01-20T21:38:27.313
CVE-2025-8684,0.000530000,0.170090000,0.5833333333333334,2026-06-04,2026-06-04,CVE-2025-8684,6.4,2026-04-15T00:35:42.020
CVE-2025-7445,0.000080000,0.008380000,0.005324074074074074,2026-06-04,2026-06-04,CVE-2025-7445,6.5,2026-04-15T00:35:42.020
CVE-2025-58401,0.000130000,0.019900000,0.0349537037037037,2026-06-04,2026-06-04,CVE-2025-58401,6.8,2026-04-15T00:35:42.020
CVE-2025-58400,0.000220000,0.062680000,0.20671296296296296,2026-06-04,2026-06-04,CVE-2025-58400,6.7,2026-04-15T00:35:42.020
CVE-2025-58362,0.000870000,0.250140000,0.767824074074074,2026-06-04,2026-06-04,CVE-2025-58362,7.5,2025-09-17T20:35:24.260
CVE-2025-58361,0.000660000,0.205990000,0.6733796296296296,2026-06-04,2026-06-04,CVE-2025-58361,9.3,2026-04-15T00:35:42.020
CVE-2025-58359,0.000560000,0.176330000,0.6055555555555555,2026-06-04,2026-06-04,CVE-2025-58359,,2026-04-15T00:35:42.020
CVE-2025-58353,0.000660000,0.205990000,0.6733796296296296,2026-06-04,2026-06-04,CVE-2025-58353,8.2,2026-04-15T00:35:42.020
CVE-2025-58352,0.000640000,0.201330000,0.6622685185185185,2026-06-04,2026-06-04,CVE-2025-58352,6.5,2025-09-18T16:25:36.483
CVE-2025-58313,0.000090000,0.009570000,0.012268518518518519,2026-06-04,2026-06-04,CVE-2025-58313,2.5,2025-09-11T12:12:52.007
CVE-2025-58296,0.000090000,0.008930000,0.012268518518518519,2026-06-04,2026-06-04,CVE-2025-58296,4.7,2025-09-11T12:13:13.660
CVE-2025-58281,0.000160000,0.037720000,0.05555555555555555,2026-06-04,2026-06-04,CVE-2025-58281,5.5,2025-09-11T12:13:25.333
CVE-2025-58280,0.000940000,0.261970000,0.7888888888888889,2026-06-04,2026-06-04,CVE-2025-58280,5.5,2025-09-11T12:13:47.110
CVE-2025-58276,0.000140000,0.029100000,0.04351851851851852,2026-06-04,2026-06-04,CVE-2025-58276,5.5,2025-09-11T12:14:04.980
CVE-2025-58179,0.003760000,0.594610000,0.9342592592592592,2026-06-04,2026-06-04,CVE-2025-58179,6.5,2025-12-22T20:08:22.513
CVE-2025-55739,0.000890000,0.252890000,0.7759259259259259,2026-06-04,2026-06-04,CVE-2025-55739,,2026-04-15T00:35:42.020
CVE-2025-55671,0.000250000,0.076020000,0.24976851851851853,2026-06-04,2026-06-04,CVE-2025-55671,7.8,2026-04-15T00:35:42.020
CVE-2025-55305,0.000090000,0.009450000,0.012268518518518519,2026-06-04,2026-06-04,CVE-2025-55305,6.1,2026-04-15T00:35:42.020
CVE-2025-55244,0.002560000,0.492190000,0.9108796296296297,2026-06-04,2026-06-04,CVE-2025-55244,9.0,2025-10-17T15:46:21.553
CVE-2025-55242,0.013140000,0.801770000,0.9738425925925925,2026-06-04,2026-06-04,CVE-2025-55242,7.5,2025-09-18T16:32:57.687
CVE-2025-55241,0.006540000,0.713290000,0.9569444444444445,2026-06-04,2026-06-04,CVE-2025-55241,10.0,2025-09-24T19:15:37.787
CVE-2025-55238,0.009650000,0.769030000,0.9678240740740741,2026-06-04,2026-06-04,CVE-2025-55238,7.5,2025-09-10T17:00:19.680
CVE-2025-55209,0.000880000,0.251340000,0.7731481481481481,2026-06-04,2026-06-04,CVE-2025-55209,,2026-04-15T00:35:42.020
CVE-2025-55190,0.053760000,0.902640000,0.9921296296296296,2026-06-04,2026-06-04,CVE-2025-55190,9.9,2025-09-19T15:20:53.823
CVE-2025-55037,0.003790000,0.596830000,0.9349537037037037,2026-06-04,2026-06-04,CVE-2025-55037,9.8,2026-04-15T00:35:42.020
CVE-2025-54914,0.009770000,0.770650000,0.9680555555555556,2026-06-04,2026-06-04,CVE-2025-54914,9.8,2025-10-20T19:21:37.337
CVE-2025-48581,0.000050000,0.002290000,0.001388888888888889,2026-06-04,2026-06-04,CVE-2025-48581,8.4,2026-06-01T22:16:17.930
CVE-2025-48563,0.000090000,0.009090000,0.012268518518518519,2026-06-04,2026-06-04,CVE-2025-48563,7.8,2025-09-08T14:03:37.943
CVE-2025-48562,0.000100000,0.011360000,0.021527777777777778,2026-06-04,2026-06-04,CVE-2025-48562,5.0,2025-09-26T14:01:36.763
CVE-2025-48561,0.000090000,0.010180000,0.012268518518518519,2026-06-04,2026-06-04,CVE-2025-48561,5.5,2025-09-26T14:00:49.093
CVE-2025-48560,0.000080000,0.007760000,0.005324074074074074,2026-06-04,2026-06-04,CVE-2025-48560,5.5,2025-09-08T14:04:18.790
CVE-2025-48559,0.000100000,0.012040000,0.021527777777777778,2026-06-04,2026-06-04,CVE-2025-48559,5.5,2025-09-05T19:02:15.230
CVE-2025-48558,0.000080000,0.008030000,0.005324074074074074,2026-06-04,2026-06-04,CVE-2025-48558,7.8,2025-09-05T19:02:24.653
CVE-2025-48556,0.000090000,0.008860000,0.012268518518518519,2026-06-04,2026-06-04,CVE-2025-48556,7.3,2025-09-05T19:02:34.320
CVE-2025-48554,0.000100000,0.012230000,0.021527777777777778,2026-06-04,2026-06-04,CVE-2025-48554,6.1,2025-09-05T19:02:44.690
CVE-2025-48553,0.000130000,0.022680000,0.0349537037037037,2026-06-04,2026-06-04,CVE-2025-48553,7.8,2025-09-08T16:38:10.970
CVE-2025-48552,0.000130000,0.022680000,0.0349537037037037,2026-06-04,2026-06-04,CVE-2025-48552,7.8,2025-09-08T16:38:23.923
CVE-2025-48551,0.000060000,0.004010000,0.0020833333333333333,2026-06-04,2026-06-04,CVE-2025-48551,5.0,2025-09-05T19:02:54.367
CVE-2025-48550,0.000120000,0.018900000,0.03009259259259259,2026-06-04,2026-06-04,CVE-2025-48550,5.5,2025-09-05T19:03:02.300
CVE-2025-48549,0.000090000,0.010440000,0.012268518518518519,2026-06-04,2026-06-04,CVE-2025-48549,7.8,2025-09-05T19:03:19.523
CVE-2025-48548,0.000090000,0.009130000,0.012268518518518519,2026-06-04,2026-06-04,CVE-2025-48548,7.3,2025-09-05T19:03:41.150
CVE-2025-48547,0.000090000,0.010040000,0.012268518518518519,2026-06-04,2026-06-04,CVE-2025-48547,7.3,2025-09-08T16:39:40.177
CVE-2025-48546,0.000120000,0.018610000,0.03009259259259259,2026-06-04,2026-06-04,CVE-2025-48546,7.8,2025-09-08T16:39:52.283
CVE-2025-48545,0.000030000,0.001250000,0.0006944444444444445,2026-06-04,2026-06-04,CVE-2025-48545,7.1,2026-03-04T15:16:11.303
CVE-2025-48544,0.000090000,0.008720000,0.012268518518518519,2026-06-04,2026-06-04,CVE-2025-48544,7.8,2026-03-06T04:15:56.637
CVE-2025-48543,0.003100000,0.544950000,0.9226851851851852,2026-06-04,2026-06-04,CVE-2025-48543,8.8,2025-10-23T14:52:51.863
CVE-2025-48542,0.000090000,0.009420000,0.012268518518518519,2026-06-04,2026-06-04,CVE-2025-48542,5.5,2025-09-05T19:04:26.180
CVE-2025-48541,0.000110000,0.015500000,0.025,2026-06-04,2026-06-04,CVE-2025-48541,7.8,2025-09-05T19:04:33.883
CVE-2025-48540,0.000170000,0.042210000,0.07430555555555556,2026-06-04,2026-06-04,CVE-2025-48540,7.8,2025-09-05T19:04:45.957
CVE-2025-48539,0.000180000,0.046590000,0.11435185185185186,2026-06-04,2026-06-04,CVE-2025-48539,8.0,2025-09-05T19:04:54.330
CVE-2025-48538,0.000100000,0.011300000,0.021527777777777778,2026-06-04,2026-06-04,CVE-2025-48538,5.5,2025-09-05T19:05:02.497
CVE-2025-48537,0.000110000,0.015500000,0.025,2026-06-04,2026-06-04,CVE-2025-48537,7.1,2025-09-05T19:05:16.413
CVE-2025-48535,0.001140000,0.296300000,0.819675925925926,2026-06-04,2026-06-04,CVE-2025-48535,7.8,2025-09-05T19:05:25.907
CVE-2025-48534,0.000840000,0.243830000,0.7599537037037037,2026-06-04,2026-06-04,CVE-2025-48534,8.8,2025-09-05T19:05:33.460
CVE-2025-48533,0.000050000,0.002930000,0.001388888888888889,2026-06-04,2026-06-04,CVE-2025-48533,7.0,2025-09-05T19:05:42.783
CVE-2025-48532,0.000060000,0.004170000,0.0020833333333333333,2026-06-04,2026-06-04,CVE-2025-48532,7.3,2025-09-05T19:10:54.623
CVE-2025-48531,0.000130000,0.022680000,0.0349537037037037,2026-06-04,2026-06-04,CVE-2025-48531,7.8,2025-09-05T19:10:48.640
CVE-2025-48530,0.002440000,0.478330000,0.9087962962962963,2026-06-04,2026-06-04,CVE-2025-48530,8.1,2025-09-05T19:10:37.743
CVE-2025-48529,0.000080000,0.007760000,0.005324074074074074,2026-06-04,2026-06-04,CVE-2025-48529,5.5,2025-09-05T19:10:30.733
CVE-2025-48528,0.000090000,0.009200000,0.012268518518518519,2026-06-04,2026-06-04,CVE-2025-48528,4.0,2025-09-05T19:10:19.983
CVE-2025-48527,0.000140000,0.028450000,0.04351851851851852,2026-06-04,2026-06-04,CVE-2025-48527,6.2,2025-09-05T19:10:11.137
CVE-2025-48526,0.000090000,0.009200000,0.012268518518518519,2026-06-04,2026-06-04,CVE-2025-48526,4.0,2025-09-05T19:15:31.657
CVE-2025-48524,0.000080000,0.007260000,0.005324074074074074,2026-06-04,2026-06-04,CVE-2025-48524,5.5,2025-09-08T14:04:43.763
CVE-2025-48523,0.000120000,0.018290000,0.03009259259259259,2026-06-04,2026-06-04,CVE-2025-48523,7.8,2025-09-05T19:15:19.957
CVE-2025-48522,0.000130000,0.022680000,0.0349537037037037,2026-06-04,2026-06-04,CVE-2025-48522,7.8,2025-09-08T16:40:27.910
CVE-2025-48395,0.001060000,0.283270000,0.8108796296296297,2026-06-04,2026-06-04,CVE-2025-48395,4.7,2026-04-15T00:35:42.020
CVE-2025-41408,0.000450000,0.142740000,0.5057870370370371,2026-06-04,2026-06-04,CVE-2025-41408,4.3,2026-04-15T00:35:42.020
CVE-2025-32350,0.000080000,0.008030000,0.005324074074074074,2026-06-04,2026-06-04,CVE-2025-32350,7.8,2025-09-08T14:04:56.523
CVE-2025-32349,0.000110000,0.014360000,0.025,2026-06-04,2026-06-04,CVE-2025-32349,7.8,2025-09-08T14:05:18.693
CVE-2025-32347,0.000080000,0.008030000,0.005324074074074074,2026-06-04,2026-06-04,CVE-2025-32347,7.8,2025-09-08T14:05:28.820
CVE-2025-32346,0.000080000,0.008030000,0.005324074074074074,2026-06-04,2026-06-04,CVE-2025-32346,7.8,2025-09-08T14:05:36.853
CVE-2025-32345,0.000120000,0.018290000,0.03009259259259259,2026-06-04,2026-06-04,CVE-2025-32345,7.8,2025-09-08T16:40:40.663
CVE-2025-32333,0.000120000,0.018290000,0.03009259259259259,2026-06-04,2026-06-04,CVE-2025-32333,7.8,2025-09-08T14:06:10.520
CVE-2025-32332,0.000090000,0.009090000,0.012268518518518519,2026-06-04,2026-06-04,CVE-2025-32332,7.8,2025-09-08T14:06:33.690
CVE-2025-32331,0.000130000,0.022680000,0.0349537037037037,2026-06-04,2026-06-04,CVE-2025-32331,7.8,2025-09-08T14:07:51.173
CVE-2025-32330,0.000150000,0.032480000,0.050694444444444445,2026-06-04,2026-06-04,CVE-2025-32330,5.7,2025-09-08T14:08:06.807
CVE-2025-32327,0.000090000,0.008720000,0.012268518518518519,2026-06-04,2026-06-04,CVE-2025-32327,7.8,2025-09-08T14:08:28.517
CVE-2025-32326,0.000080000,0.008030000,0.005324074074074074,2026-06-04,2026-06-04,CVE-2025-32326,7.8,2025-09-08T14:09:09.560
CVE-2025-32325,0.000090000,0.009090000,0.012268518518518519,2026-06-04,2026-06-04,CVE-2025-32325,7.8,2025-09-08T14:09:19.417
CVE-2025-32324,0.000080000,0.008030000,0.005324074074074074,2026-06-04,2026-06-04,CVE-2025-32324,7.8,2025-09-08T14:09:35.763
CVE-2025-32323,0.000110000,0.015500000,0.025,2026-06-04,2026-06-04,CVE-2025-32323,7.8,2025-09-08T14:09:46.420
CVE-2025-32322,0.000110000,0.015500000,0.025,2026-06-04,2026-06-04,CVE-2025-32322,7.8,2025-09-05T18:59:59.360
CVE-2025-32321,0.000080000,0.008030000,0.005324074074074074,2026-06-04,2026-06-04,CVE-2025-32321,7.8,2025-09-08T14:09:52.410
CVE-2025-32312,0.000880000,0.250970000,0.7731481481481481,2026-06-04,2026-06-04,CVE-2025-32312,7.8,2025-09-05T19:14:29.530
CVE-2025-26464,0.000130000,0.022680000,0.0349537037037037,2026-06-04,2026-06-04,CVE-2025-26464,7.8,2025-09-08T14:10:13.103
CVE-2025-26463,0.000100000,0.011790000,0.021527777777777778,2026-06-04,2026-06-04,CVE-2025-26463,5.5,2025-09-05T19:14:18.263
CVE-2025-26454,0.000110000,0.014360000,0.025,2026-06-04,2026-06-04,CVE-2025-26454,7.8,2025-09-08T14:10:25.473
CVE-2025-26439,0.000130000,0.022680000,0.0349537037037037,2026-06-04,2026-06-04,CVE-2025-26439,7.8,2025-09-05T19:08:32.547
CVE-2025-26431,0.000130000,0.022680000,0.0349537037037037,2026-06-04,2026-06-04,CVE-2025-26431,7.8,2025-09-05T18:59:29.447
CVE-2025-26419,0.000100000,0.011930000,0.021527777777777778,2026-06-04,2026-06-04,CVE-2025-26419,3.3,2025-09-05T18:59:44.977
CVE-2025-22441,0.000060000,0.004170000,0.0020833333333333333,2026-06-04,2026-06-04,CVE-2025-22441,7.3,2025-09-05T19:15:07.143
CVE-2025-22415,0.000090000,0.009200000,0.012268518518518519,2026-06-04,2026-06-04,CVE-2025-22415,4.0,2025-09-05T19:08:58.430
CVE-2025-22414,0.000080000,0.008030000,0.005324074074074074,2026-06-04,2026-06-04,CVE-2025-22414,7.8,2025-09-05T19:08:51.160
CVE-2025-0089,0.000540000,0.172140000,0.5907407407407408,2026-06-04,2026-06-04,CVE-2025-0089,7.8,2025-09-08T16:40:54.243
CVE-2025-0076,0.000070000,0.006300000,0.0032407407407407406,2026-06-04,2026-06-04,CVE-2025-0076,3.3,2025-09-05T19:14:58.947
CVE-2024-49731,0.000210000,0.061100000,0.16643518518518519,2026-06-04,2026-06-04,CVE-2024-49731,4.0,2025-09-05T19:08:43.963
CVE-2024-49714,0.000100000,0.011350000,0.021527777777777778,2026-06-04,2026-06-04,CVE-2024-49714,7.8,2025-09-05T19:14:50.013
CVE-2024-40664,0.000690000,0.214160000,0.6981481481481482,2026-06-04,2026-06-04,CVE-2024-40664,6.2,2025-09-08T14:03:20.720
CVE-2025-58883,0.000430000,0.135460000,0.48541666666666666,2026-06-04,2026-06-04,CVE-2025-58883,5.9,2026-04-23T15:33:49.320
CVE-2025-58882,0.000470000,0.147900000,0.5252314814814815,2026-06-04,2026-06-04,CVE-2025-58882,6.5,2026-04-23T15:33:49.207
CVE-2025-58881,0.000580000,0.185270000,0.6189814814814815,2026-06-04,2026-06-04,CVE-2025-58881,8.5,2026-04-23T15:33:49.093
CVE-2025-58880,0.000470000,0.147900000,0.5252314814814815,2026-06-04,2026-06-04,CVE-2025-58880,6.5,2026-04-23T15:33:48.980
CVE-2025-58878,0.000260000,0.077300000,0.2759259259259259,2026-06-04,2026-06-04,CVE-2025-58878,6.5,2026-04-23T15:33:48.700
CVE-2025-58876,0.000470000,0.147900000,0.5252314814814815,2026-06-04,2026-06-04,CVE-2025-58876,6.5,2026-04-23T15:33:48.430
CVE-2025-58875,0.000470000,0.147900000,0.5252314814814815,2026-06-04,2026-06-04,CVE-2025-58875,6.5,2026-04-23T15:33:48.317
CVE-2025-58874,0.000470000,0.147900000,0.5252314814814815,2026-06-04,2026-06-04,CVE-2025-58874,6.5,2026-04-23T15:33:48.203
CVE-2025-58873,0.000430000,0.135460000,0.48541666666666666,2026-06-04,2026-06-04,CVE-2025-58873,5.9,2026-04-23T15:33:48.087
CVE-2025-58872,0.000770000,0.231000000,0.7351851851851852,2026-06-04,2026-06-04,CVE-2025-58872,6.5,2026-04-23T15:33:47.970
CVE-2025-58871,0.000470000,0.147900000,0.5252314814814815,2026-06-04,2026-06-04,CVE-2025-58871,6.5,2026-04-23T15:33:47.850
CVE-2025-58870,0.000470000,0.147900000,0.5252314814814815,2026-06-04,2026-06-04,CVE-2025-58870,6.5,2026-04-23T15:33:47.740
CVE-2025-58869,0.000240000,0.072440000,0.2363425925925926,2026-06-04,2026-06-04,CVE-2025-58869,6.5,2026-04-23T15:33:47.627
CVE-2025-58868,0.000470000,0.147900000,0.5252314814814815,2026-06-04,2026-06-04,CVE-2025-58868,6.5,2026-04-23T15:33:47.510
CVE-2025-58867,0.000470000,0.147900000,0.5252314814814815,2026-06-04,2026-06-04,CVE-2025-58867,6.5,2026-04-23T15:33:47.400
CVE-2025-58866,0.000600000,0.190820000,0.6351851851851852,2026-06-04,2026-06-04,CVE-2025-58866,2.7,2026-04-23T15:33:47.287
CVE-2025-58865,0.000260000,0.077300000,0.2759259259259259,2026-06-04,2026-06-04,CVE-2025-58865,4.3,2026-04-23T15:33:47.177
CVE-2025-58864,0.000470000,0.147900000,0.5252314814814815,2026-06-04,2026-06-04,CVE-2025-58864,6.5,2026-04-23T15:33:47.067
CVE-2025-58863,0.000470000,0.147900000,0.5252314814814815,2026-06-04,2026-06-04,CVE-2025-58863,6.5,2026-04-23T15:33:46.957
CVE-2025-58862,0.000470000,0.147900000,0.5252314814814815,2026-06-04,2026-06-04,CVE-2025-58862,6.5,2026-04-23T15:33:46.843
CVE-2025-58861,0.000250000,0.073220000,0.24976851851851853,2026-06-04,2026-06-04,CVE-2025-58861,7.1,2026-04-23T15:33:46.730
CVE-2025-58860,0.000250000,0.073220000,0.24976851851851853,2026-06-04,2026-06-04,CVE-2025-58860,7.1,2026-04-23T15:33:46.617
CVE-2025-58859,0.000250000,0.073220000,0.24976851851851853,2026-06-04,2026-06-04,CVE-2025-58859,7.1,2026-04-23T15:33:46.500
CVE-2025-58858,0.000470000,0.147900000,0.5252314814814815,2026-06-04,2026-06-04,CVE-2025-58858,6.5,2026-04-23T15:33:46.390
CVE-2025-58857,0.000470000,0.149400000,0.5252314814814815,2026-06-04,2026-06-04,CVE-2025-58857,7.1,2026-04-23T15:33:46.280
CVE-2025-58856,0.000400000,0.125450000,0.4465277777777778,2026-06-04,2026-06-04,CVE-2025-58856,6.5,2026-04-23T15:33:46.167
CVE-2025-58855,0.000470000,0.149400000,0.5252314814814815,2026-06-04,2026-06-04,CVE-2025-58855,7.1,2026-04-23T15:33:46.053
CVE-2025-58854,0.000250000,0.073220000,0.24976851851851853,2026-06-04,2026-06-04,CVE-2025-58854,7.1,2026-04-23T15:33:45.940
CVE-2025-58853,0.000250000,0.073220000,0.24976851851851853,2026-06-04,2026-06-04,CVE-2025-58853,7.1,2026-04-23T15:33:45.827
CVE-2025-58852,0.000250000,0.073220000,0.24976851851851853,2026-06-04,2026-06-04,CVE-2025-58852,7.1,2026-04-23T15:33:45.707
CVE-2025-58851,0.000470000,0.147900000,0.5252314814814815,2026-06-04,2026-06-04,CVE-2025-58851,6.5,2026-04-23T15:33:45.567
CVE-2025-58850,0.000470000,0.147900000,0.5252314814814815,2026-06-04,2026-06-04,CVE-2025-58850,6.5,2026-04-23T15:33:45.437
CVE-2025-58849,0.000250000,0.073220000,0.24976851851851853,2026-06-04,2026-06-04,CVE-2025-58849,7.1,2026-04-23T15:33:45.290
CVE-2025-58848,0.000250000,0.073220000,0.24976851851851853,2026-06-04,2026-06-04,CVE-2025-58848,7.1,2026-04-23T15:33:45.133
CVE-2025-58847,0.000250000,0.073220000,0.24976851851851853,2026-06-04,2026-06-04,CVE-2025-58847,7.1,2026-04-23T15:33:45.007
CVE-2025-58846,0.000250000,0.073220000,0.24976851851851853,2026-06-04,2026-06-04,CVE-2025-58846,7.1,2026-04-23T15:33:44.890
CVE-2025-58845,0.000250000,0.073220000,0.24976851851851853,2026-06-04,2026-06-04,CVE-2025-58845,7.1,2026-04-23T15:33:44.750
CVE-2025-58844,0.000250000,0.073220000,0.24976851851851853,2026-06-04,2026-06-04,CVE-2025-58844,7.1,2026-04-23T15:33:44.633
CVE-2025-58843,0.000250000,0.073220000,0.24976851851851853,2026-06-04,2026-06-04,CVE-2025-58843,7.1,2026-04-23T15:33:44.510
CVE-2025-58842,0.000470000,0.147900000,0.5252314814814815,2026-06-04,2026-06-04,CVE-2025-58842,6.5,2026-04-23T15:33:44.400
CVE-2025-58841,0.000680000,0.211210000,0.6902777777777778,2026-06-04,2026-06-04,CVE-2025-58841,5.5,2026-04-23T15:33:44.280
CVE-2025-58840,0.000470000,0.147900000,0.5252314814814815,2026-06-04,2026-06-04,CVE-2025-58840,6.5,2026-04-23T15:33:44.170
CVE-2025-58839,0.001490000,0.351060000,0.862037037037037,2026-06-04,2026-06-04,CVE-2025-58839,7.2,2026-04-23T15:33:44.053
CVE-2025-58838,0.000470000,0.147900000,0.5252314814814815,2026-06-04,2026-06-04,CVE-2025-58838,6.5,2026-04-23T15:33:43.923
CVE-2025-58837,0.000470000,0.147900000,0.5252314814814815,2026-06-04,2026-06-04,CVE-2025-58837,6.5,2026-04-23T15:33:43.803
CVE-2025-58836,0.000470000,0.147900000,0.5252314814814815,2026-06-04,2026-06-04,CVE-2025-58836,6.5,2026-04-23T15:33:43.677
CVE-2025-58835,0.000910000,0.256720000,0.780787037037037,2026-06-04,2026-06-04,CVE-2025-58835,5.3,2026-04-23T15:33:43.563
CVE-2025-58834,0.000470000,0.147900000,0.5252314814814815,2026-06-04,2026-06-04,CVE-2025-58834,6.5,2026-04-23T15:33:43.447
CVE-2025-58833,0.000290000,0.086550000,0.31527777777777777,2026-06-04,2026-06-04,CVE-2025-58833,8.8,2026-04-23T15:33:43.330
CVE-2025-58832,0.000430000,0.135460000,0.48541666666666666,2026-06-04,2026-06-04,CVE-2025-58832,5.9,2026-04-23T15:33:43.217
CVE-2025-58831,0.000530000,0.169100000,0.5833333333333334,2026-06-04,2026-06-04,CVE-2025-58831,4.3,2026-04-23T15:33:43.103
CVE-2025-58830,0.000470000,0.147900000,0.5252314814814815,2026-06-04,2026-06-04,CVE-2025-58830,6.5,2026-04-23T15:33:42.987
CVE-2025-58829,0.000390000,0.120460000,0.43495370370370373,2026-06-04,2026-06-04,CVE-2025-58829,4.9,2026-04-23T15:33:42.870
CVE-2025-58828,0.000470000,0.147900000,0.5252314814814815,2026-06-04,2026-06-04,CVE-2025-58828,6.5,2026-04-23T15:33:42.760
CVE-2025-58827,0.000520000,0.165580000,0.5782407407407407,2026-06-04,2026-06-04,CVE-2025-58827,3.8,2026-04-23T15:33:42.647
CVE-2025-58826,0.000470000,0.147900000,0.5252314814814815,2026-06-04,2026-06-04,CVE-2025-58826,6.5,2026-04-23T15:33:42.530
CVE-2025-58825,0.000430000,0.135460000,0.48541666666666666,2026-06-04,2026-06-04,CVE-2025-58825,5.9,2026-04-28T19:34:17.587
CVE-2025-58824,0.000550000,0.173820000,0.5965277777777778,2026-06-04,2026-06-04,CVE-2025-58824,4.3,2026-04-23T15:33:42.300
CVE-2025-58823,0.000470000,0.147900000,0.5252314814814815,2026-06-04,2026-06-04,CVE-2025-58823,6.5,2026-04-23T15:33:42.190
CVE-2025-58822,0.000470000,0.147900000,0.5252314814814815,2026-06-04,2026-06-04,CVE-2025-58822,6.5,2026-04-23T15:33:42.083
CVE-2025-58821,0.000430000,0.135460000,0.48541666666666666,2026-06-04,2026-06-04,CVE-2025-58821,5.9,2026-04-23T15:33:41.973
CVE-2025-58820,0.000430000,0.135460000,0.48541666666666666,2026-06-04,2026-06-04,CVE-2025-58820,5.9,2026-04-23T15:33:41.860
CVE-2025-58819,0.000960000,0.265400000,0.7921296296296296,2026-06-04,2026-06-04,CVE-2025-58819,9.1,2026-04-23T15:33:41.753
CVE-2025-58818,0.000260000,0.077090000,0.2759259259259259,2026-06-04,2026-06-04,CVE-2025-58818,5.4,2026-04-23T15:33:41.640
CVE-2025-58817,0.000550000,0.173820000,0.5965277777777778,2026-06-04,2026-06-04,CVE-2025-58817,4.3,2026-04-23T15:33:41.527
CVE-2025-58816,0.000450000,0.142930000,0.5057870370370371,2026-06-04,2026-06-04,CVE-2025-58816,3.5,2026-04-23T15:33:41.413
CVE-2025-58815,0.001490000,0.351060000,0.862037037037037,2026-06-04,2026-06-04,CVE-2025-58815,7.2,2026-04-23T15:33:41.303
CVE-2025-58814,0.000470000,0.147900000,0.5252314814814815,2026-06-04,2026-06-04,CVE-2025-58814,6.5,2026-04-23T15:33:41.190
CVE-2025-58813,0.000550000,0.173820000,0.5965277777777778,2026-06-04,2026-06-04,CVE-2025-58813,4.3,2026-04-23T15:33:41.080
CVE-2025-58812,0.000470000,0.147900000,0.5252314814814815,2026-06-04,2026-06-04,CVE-2025-58812,6.5,2026-04-23T15:33:40.970
CVE-2025-58811,0.000430000,0.135460000,0.48541666666666666,2026-06-04,2026-06-04,CVE-2025-58811,5.9,2026-04-23T15:33:40.860
CVE-2025-58810,0.000430000,0.135460000,0.48541666666666666,2026-06-04,2026-06-04,CVE-2025-58810,5.9,2026-04-23T15:33:40.750
CVE-2025-58809,0.000250000,0.073220000,0.24976851851851853,2026-06-04,2026-06-04,CVE-2025-58809,7.1,2026-04-23T15:33:40.630
CVE-2025-58808,0.000470000,0.147900000,0.5252314814814815,2026-06-04,2026-06-04,CVE-2025-58808,6.5,2026-04-23T15:33:40.517
CVE-2025-58807,0.000250000,0.073220000,0.24976851851851853,2026-06-04,2026-06-04,CVE-2025-58807,7.1,2026-04-23T15:33:40.403
CVE-2025-58806,0.000250000,0.073220000,0.24976851851851853,2026-06-04,2026-06-04,CVE-2025-58806,7.1,2026-04-23T15:33:40.290
CVE-2025-58805,0.000430000,0.135460000,0.48541666666666666,2026-06-04,2026-06-04,CVE-2025-58805,5.9,2026-04-23T15:33:40.183
CVE-2025-58804,0.000260000,0.077300000,0.2759259259259259,2026-06-04,2026-06-04,CVE-2025-58804,4.3,2026-04-23T15:33:40.070
CVE-2025-58802,0.000260000,0.077300000,0.2759259259259259,2026-06-04,2026-06-04,CVE-2025-58802,4.3,2026-04-23T15:33:39.797
CVE-2025-58801,0.000260000,0.077090000,0.2759259259259259,2026-06-04,2026-06-04,CVE-2025-58801,5.4,2026-04-23T15:33:39.683
CVE-2025-58800,0.000260000,0.077300000,0.2759259259259259,2026-06-04,2026-06-04,CVE-2025-58800,4.3,2026-04-28T19:34:16.180
CVE-2025-58799,0.000260000,0.077300000,0.2759259259259259,2026-06-04,2026-06-04,CVE-2025-58799,4.3,2026-04-23T15:33:39.437
CVE-2025-58798,0.000260000,0.077300000,0.2759259259259259,2026-06-04,2026-06-04,CVE-2025-58798,4.3,2026-04-23T15:33:39.323
CVE-2025-58797,0.000660000,0.206200000,0.6733796296296296,2026-06-04,2026-06-04,CVE-2025-58797,5.3,2026-04-23T15:33:39.217
CVE-2025-58796,0.000470000,0.147900000,0.5252314814814815,2026-06-04,2026-06-04,CVE-2025-58796,6.5,2026-04-23T15:33:39.100
CVE-2025-58795,0.000440000,0.136980000,0.4949074074074074,2026-06-04,2026-06-04,CVE-2025-58795,4.3,2026-04-23T15:33:38.990
CVE-2025-58794,0.000260000,0.077300000,0.2759259259259259,2026-06-04,2026-06-04,CVE-2025-58794,4.3,2026-04-28T19:34:15.810
CVE-2025-58793,0.000470000,0.147900000,0.5252314814814815,2026-06-04,2026-06-04,CVE-2025-58793,6.5,2026-04-23T15:33:38.763
CVE-2025-58792,0.000260000,0.077300000,0.2759259259259259,2026-06-04,2026-06-04,CVE-2025-58792,4.3,2026-04-23T15:33:38.660
CVE-2025-58791,0.000430000,0.135460000,0.48541666666666666,2026-06-04,2026-06-04,CVE-2025-58791,5.9,2026-04-23T15:33:38.547
CVE-2025-58790,0.000470000,0.147900000,0.5252314814814815,2026-06-04,2026-06-04,CVE-2025-58790,6.5,2026-04-23T15:33:38.430
CVE-2025-58789,0.000540000,0.171910000,0.5907407407407408,2026-06-04,2026-06-04,CVE-2025-58789,7.6,2026-04-23T15:33:38.320
CVE-2025-58788,0.000540000,0.171910000,0.5907407407407408,2026-06-04,2026-06-04,CVE-2025-58788,7.6,2026-04-23T15:33:38.203
CVE-2025-58787,0.000470000,0.147900000,0.5252314814814815,2026-06-04,2026-06-04,CVE-2025-58787,6.5,2026-04-23T15:33:38.090
CVE-2025-58786,0.000470000,0.147900000,0.5252314814814815,2026-06-04,2026-06-04,CVE-2025-58786,6.5,2026-04-23T15:33:37.507
CVE-2025-58785,0.000710000,0.218130000,0.7085648148148148,2026-06-04,2026-06-04,CVE-2025-58785,5.4,2026-04-28T19:34:15.277
CVE-2025-58784,0.000470000,0.147900000,0.5252314814814815,2026-06-04,2026-06-04,CVE-2025-58784,6.5,2026-04-23T15:33:37.210
CVE-2025-58783,0.000550000,0.173820000,0.5965277777777778,2026-06-04,2026-06-04,CVE-2025-58783,4.3,2026-04-23T15:33:37.077
CVE-2025-10011,0.000760000,0.228290000,0.7326388888888888,2026-06-04,2026-06-04,CVE-2025-10011,8.8,2026-04-29T01:00:01.613
CVE-2024-21977,0.000240000,0.071520000,0.2363425925925926,2026-06-04,2026-06-04,CVE-2024-21977,3.2,2026-04-15T00:35:42.020
CVE-2025-9999,0.000350000,0.108210000,0.4011574074074074,2026-06-04,2026-06-04,CVE-2025-9999,,2026-04-15T00:35:42.020
CVE-2025-9998,0.000370000,0.114070000,0.41898148148148145,2026-06-04,2026-06-04,CVE-2025-9998,,2026-04-15T00:35:42.020
CVE-2025-9709,0.000400000,0.124770000,0.4465277777777778,2026-06-04,2026-06-04,CVE-2025-9709,,2026-04-15T00:35:42.020
CVE-2025-9057,0.000490000,0.157660000,0.5592592592592592,2026-06-04,2026-06-04,CVE-2025-9057,6.4,2026-04-15T00:35:42.020
CVE-2025-8695,0.000490000,0.157210000,0.5592592592592592,2026-06-04,2026-06-04,CVE-2025-8695,5.4,2026-04-15T00:35:42.020
CVE-2025-58887,0.000470000,0.147900000,0.5252314814814815,2026-06-04,2026-06-04,CVE-2025-58887,6.5,2026-04-28T19:34:21.013
CVE-2025-58886,0.000430000,0.135460000,0.48541666666666666,2026-06-04,2026-06-04,CVE-2025-58886,5.9,2026-04-23T15:33:49.700
CVE-2025-58884,0.000430000,0.135460000,0.48541666666666666,2026-06-04,2026-06-04,CVE-2025-58884,5.9,2026-04-23T15:33:49.430
CVE-2025-58780,0.000830000,0.243200000,0.75625,2026-06-04,2026-06-04,CVE-2025-58780,7.2,2026-04-15T00:35:42.020
CVE-2025-58628,0.000590000,0.186870000,0.6287037037037037,2026-06-04,2026-06-04,CVE-2025-58628,9.3,2026-04-23T15:33:29.333
CVE-2025-58214,0.001580000,0.363490000,0.8694444444444445,2026-06-04,2026-06-04,CVE-2025-58214,8.1,2026-04-23T15:33:19.060
CVE-2025-58206,0.001580000,0.363490000,0.8694444444444445,2026-06-04,2026-06-04,CVE-2025-58206,9.8,2026-04-23T15:33:18.113
CVE-2025-57889,0.001570000,0.361630000,0.868287037037037,2026-06-04,2026-06-04,CVE-2025-57889,7.5,2026-04-23T15:32:57.663
CVE-2025-54744,0.000550000,0.173820000,0.5965277777777778,2026-06-04,2026-06-04,CVE-2025-54744,6.5,2026-04-23T15:32:55.473
CVE-2025-53571,0.000550000,0.173820000,0.5965277777777778,2026-06-04,2026-06-04,CVE-2025-53571,6.5,2026-04-23T15:32:37.460
CVE-2025-53307,0.000470000,0.149400000,0.5252314814814815,2026-06-04,2026-06-04,CVE-2025-53307,7.1,2026-04-23T15:32:27.877
CVE-2025-49401,0.000880000,0.251440000,0.7731481481481481,2026-06-04,2026-06-04,CVE-2025-49401,9.8,2026-04-23T15:31:36.970
CVE-2025-48317,0.001260000,0.314760000,0.8344907407407407,2026-06-04,2026-06-04,CVE-2025-48317,7.5,2026-04-23T15:31:05.623
CVE-2025-48105,0.000470000,0.147900000,0.5252314814814815,2026-06-04,2026-06-04,CVE-2025-48105,6.5,2026-04-23T15:30:48.553
CVE-2025-48104,0.000250000,0.073220000,0.24976851851851853,2026-06-04,2026-06-04,CVE-2025-48104,7.1,2026-04-23T15:30:48.440
CVE-2025-48103,0.000470000,0.147900000,0.5252314814814815,2026-06-04,2026-06-04,CVE-2025-48103,6.5,2026-04-28T19:32:35.713
CVE-2025-48102,0.000430000,0.135460000,0.48541666666666666,2026-06-04,2026-06-04,CVE-2025-48102,5.9,2026-04-28T19:32:35.607
CVE-2025-39726,0.000190000,0.052510000,0.13171296296296298,2026-06-04,2026-06-04,CVE-2025-39726,4.7,2025-11-25T18:05:49.350
CVE-2025-39725,0.000180000,0.050790000,0.11435185185185186,2026-06-04,2026-06-04,CVE-2025-39725,5.5,2025-11-25T21:01:10.547
CVE-2025-39724,0.000250000,0.074270000,0.24976851851851853,2026-06-04,2026-06-04,CVE-2025-39724,5.5,2026-05-12T13:17:08.053
CVE-2025-39723,0.000190000,0.055010000,0.13171296296296298,2026-06-04,2026-06-04,CVE-2025-39723,7.8,2025-11-25T21:01:02.797
CVE-2025-39722,0.000180000,0.050790000,0.11435185185185186,2026-06-04,2026-06-04,CVE-2025-39722,5.5,2025-11-25T17:44:11.147
CVE-2025-39721,0.000370000,0.112700000,0.41898148148148145,2026-06-04,2026-06-04,CVE-2025-39721,5.5,2026-03-17T16:27:56.953
CVE-2025-39720,0.000240000,0.071010000,0.2363425925925926,2026-06-04,2026-06-04,CVE-2025-39720,5.5,2025-11-25T17:46:33.250
CVE-2025-39719,0.000260000,0.079320000,0.2759259259259259,2026-06-04,2026-06-04,CVE-2025-39719,7.1,2026-05-12T13:17:07.923
CVE-2025-39718,0.000260000,0.077680000,0.2759259259259259,2026-06-04,2026-06-04,CVE-2025-39718,5.5,2026-05-12T13:17:07.777
CVE-2025-39717,0.000290000,0.086990000,0.31527777777777777,2026-06-04,2026-06-04,CVE-2025-39717,7.8,2025-11-25T17:48:11.943
CVE-2025-39716,0.000200000,0.058100000,0.1476851851851852,2026-06-04,2026-06-04,CVE-2025-39716,5.5,2026-05-12T13:17:07.643
CVE-2025-39715,0.000260000,0.077680000,0.2759259259259259,2026-06-04,2026-06-04,CVE-2025-39715,5.5,2026-05-12T13:17:07.510
CVE-2025-39714,0.000240000,0.069300000,0.2363425925925926,2026-06-04,2026-06-04,CVE-2025-39714,5.5,2026-05-12T13:17:07.357
CVE-2025-39713,0.000180000,0.051070000,0.11435185185185186,2026-06-04,2026-06-04,CVE-2025-39713,4.7,2026-05-12T13:17:07.193
CVE-2025-39712,0.000210000,0.061550000,0.16643518518518519,2026-06-04,2026-06-04,CVE-2025-39712,5.5,2025-11-25T20:56:08.080
CVE-2025-39711,0.000250000,0.074440000,0.24976851851851853,2026-06-04,2026-06-04,CVE-2025-39711,7.8,2025-11-25T21:16:06.437
CVE-2025-39710,0.000160000,0.035700000,0.05555555555555555,2026-06-04,2026-06-04,CVE-2025-39710,7.1,2026-05-12T13:17:07.037
CVE-2025-39709,0.000240000,0.069300000,0.2363425925925926,2026-06-04,2026-06-04,CVE-2025-39709,5.5,2026-05-12T13:17:06.887
CVE-2025-39708,0.000270000,0.082300000,0.2983796296296296,2026-06-04,2026-06-04,CVE-2025-39708,5.5,2025-11-25T21:15:53.460
CVE-2025-39707,0.000180000,0.050790000,0.11435185185185186,2026-06-04,2026-06-04,CVE-2025-39707,5.5,2025-11-25T21:15:47.960
CVE-2025-39706,0.000260000,0.077680000,0.2759259259259259,2026-06-04,2026-06-04,CVE-2025-39706,5.5,2026-05-12T13:17:06.763
CVE-2025-39705,0.000180000,0.050790000,0.11435185185185186,2026-06-04,2026-06-04,CVE-2025-39705,5.5,2025-11-25T21:15:42.683
CVE-2025-39704,0.000110000,0.015760000,0.025,2026-06-04,2026-06-04,CVE-2025-39704,5.5,2025-11-25T21:15:34.557
CVE-2025-39703,0.000250000,0.073590000,0.24976851851851853,2026-06-04,2026-06-04,CVE-2025-39703,5.5,2026-05-12T13:17:06.580
CVE-2025-39702,0.000350000,0.106630000,0.4011574074074074,2026-06-04,2026-06-04,CVE-2025-39702,7.0,2026-05-12T13:17:06.423
CVE-2025-39701,0.000260000,0.079320000,0.2759259259259259,2026-06-04,2026-06-04,CVE-2025-39701,7.8,2026-05-12T13:17:06.243
CVE-2025-39700,0.000240000,0.070620000,0.2363425925925926,2026-06-04,2026-06-04,CVE-2025-39700,5.5,2025-11-25T21:15:03.620
CVE-2025-39699,0.000270000,0.082300000,0.2983796296296296,2026-06-04,2026-06-04,CVE-2025-39699,5.5,2025-11-25T21:13:40.067
CVE-2025-39698,0.000240000,0.071820000,0.2363425925925926,2026-06-04,2026-06-04,CVE-2025-39698,5.5,2025-11-25T21:31:12.100
CVE-2025-39697,0.000180000,0.051070000,0.11435185185185186,2026-06-04,2026-06-04,CVE-2025-39697,4.7,2026-05-12T13:17:06.083
CVE-2025-39696,0.000320000,0.098170000,0.3541666666666667,2026-06-04,2026-06-04,CVE-2025-39696,5.5,2025-11-25T21:30:13.343
CVE-2025-39695,0.000180000,0.050790000,0.11435185185185186,2026-06-04,2026-06-04,CVE-2025-39695,5.5,2025-11-25T21:29:51.113
CVE-2025-39694,0.000260000,0.077680000,0.2759259259259259,2026-06-04,2026-06-04,CVE-2025-39694,5.5,2026-05-12T13:17:05.957
CVE-2025-39693,0.000260000,0.077680000,0.2759259259259259,2026-06-04,2026-06-04,CVE-2025-39693,5.5,2026-05-12T13:17:05.820
CVE-2025-39692,0.000260000,0.077680000,0.2759259259259259,2026-06-04,2026-06-04,CVE-2025-39692,5.5,2026-05-12T13:17:05.690
CVE-2025-39691,0.000190000,0.052740000,0.13171296296296298,2026-06-04,2026-06-04,CVE-2025-39691,7.8,2026-05-12T13:17:05.523
CVE-2025-39690,0.000270000,0.082300000,0.2983796296296296,2026-06-04,2026-06-04,CVE-2025-39690,5.5,2025-11-25T21:29:08.727
CVE-2025-39689,0.000240000,0.070830000,0.2363425925925926,2026-06-04,2026-06-04,CVE-2025-39689,7.8,2026-05-12T13:17:05.300
CVE-2025-39687,0.000250000,0.074900000,0.24976851851851853,2026-06-04,2026-06-04,CVE-2025-39687,7.1,2026-05-12T13:17:05.150
CVE-2025-39686,0.000260000,0.079320000,0.2759259259259259,2026-06-04,2026-06-04,CVE-2025-39686,7.8,2026-05-12T13:17:05.000
CVE-2025-39685,0.000260000,0.079320000,0.2759259259259259,2026-06-04,2026-06-04,CVE-2025-39685,7.1,2026-05-12T13:17:04.867
CVE-2025-39684,0.000250000,0.072860000,0.24976851851851853,2026-06-04,2026-06-04,CVE-2025-39684,5.5,2026-05-12T13:17:04.717
CVE-2025-39683,0.000240000,0.070830000,0.2363425925925926,2026-06-04,2026-06-04,CVE-2025-39683,7.1,2026-05-12T13:17:04.540
CVE-2025-39682,0.000130000,0.019950000,0.0349537037037037,2026-06-04,2026-06-04,CVE-2025-39682,7.1,2026-05-12T13:17:04.400
CVE-2025-39681,0.000250000,0.073590000,0.24976851851851853,2026-06-04,2026-06-04,CVE-2025-39681,5.5,2026-05-12T13:17:04.253
CVE-2025-39680,0.000340000,0.104820000,0.3958333333333333,2026-06-04,2026-06-04,CVE-2025-39680,7.1,2025-11-25T21:29:02.230
CVE-2025-39679,0.000240000,0.071010000,0.2363425925925926,2026-06-04,2026-06-04,CVE-2025-39679,5.5,2025-11-25T21:28:54.547
CVE-2025-39678,0.000180000,0.050790000,0.11435185185185186,2026-06-04,2026-06-04,CVE-2025-39678,5.5,2025-11-25T21:28:44.973
CVE-2025-39677,0.000270000,0.082300000,0.2983796296296296,2026-06-04,2026-06-04,CVE-2025-39677,5.5,2025-11-25T21:28:36.563
CVE-2025-39676,0.000240000,0.069300000,0.2363425925925926,2026-06-04,2026-06-04,CVE-2025-39676,5.5,2026-05-12T13:17:04.103
CVE-2025-39675,0.000260000,0.077680000,0.2759259259259259,2026-06-04,2026-06-04,CVE-2025-39675,5.5,2026-05-12T13:17:03.970
CVE-2025-39674,0.000270000,0.082300000,0.2983796296296296,2026-06-04,2026-06-04,CVE-2025-39674,5.5,2025-11-25T21:28:05.853
CVE-2025-39673,0.000200000,0.057930000,0.1476851851851852,2026-06-04,2026-06-04,CVE-2025-39673,4.7,2026-05-12T13:17:03.830
CVE-2025-38737,0.000180000,0.050790000,0.11435185185185186,2026-06-04,2026-06-04,CVE-2025-38737,5.5,2025-11-25T22:03:13.657
CVE-2025-38736,0.000260000,0.079320000,0.2759259259259259,2026-06-04,2026-06-04,CVE-2025-38736,7.1,2026-05-12T13:17:03.703
CVE-2025-38735,0.000260000,0.077680000,0.2759259259259259,2026-06-04,2026-06-04,CVE-2025-38735,5.5,2026-05-12T13:17:03.560
CVE-2025-38734,0.000250000,0.075490000,0.24976851851851853,2026-06-04,2026-06-04,CVE-2025-38734,7.8,2025-11-25T21:59:17.530
CVE-2025-38733,0.000180000,0.050790000,0.11435185185185186,2026-06-04,2026-06-04,CVE-2025-38733,5.5,2025-11-25T21:59:04.250
CVE-2025-38732,0.000250000,0.073590000,0.24976851851851853,2026-06-04,2026-06-04,CVE-2025-38732,5.5,2026-05-12T13:17:03.397
CVE-2025-38731,0.000290000,0.086990000,0.31527777777777777,2026-06-04,2026-06-04,CVE-2025-38731,7.8,2025-11-25T21:51:00.783
CVE-2025-35452,0.002190000,0.445350000,0.9020833333333333,2026-06-04,2026-06-04,CVE-2025-35452,9.8,2025-12-23T17:08:13.470
CVE-2025-35451,0.002400000,0.474650000,0.9081018518518519,2026-06-04,2026-06-04,CVE-2025-35451,9.8,2026-01-14T15:33:46.617
CVE-2025-32320,0.000080000,0.008030000,0.005324074074074074,2026-06-04,2026-06-04,CVE-2025-32320,7.8,2025-09-08T16:39:26.370
CVE-2025-32318,0.001460000,0.346240000,0.8592592592592593,2026-06-04,2026-06-04,CVE-2025-32318,8.8,2025-09-08T16:39:18.520
CVE-2025-32317,0.000080000,0.007760000,0.005324074074074074,2026-06-04,2026-06-04,CVE-2025-32317,5.5,2025-09-08T16:39:05.173
CVE-2025-32316,0.000090000,0.008770000,0.012268518518518519,2026-06-04,2026-06-04,CVE-2025-32316,5.5,2025-09-08T16:38:55.070
CVE-2025-30200,0.000190000,0.054930000,0.13171296296296298,2026-06-04,2026-06-04,CVE-2025-30200,6.3,2025-09-23T17:12:03.670
CVE-2025-30199,0.000440000,0.139000000,0.4949074074074074,2026-06-04,2026-06-04,CVE-2025-30199,7.2,2025-09-23T17:11:48.730
CVE-2025-30198,0.000300000,0.091020000,0.32546296296296295,2026-06-04,2026-06-04,CVE-2025-30198,6.3,2025-09-23T17:11:29.170
CVE-2025-27003,0.000260000,0.077300000,0.2759259259259259,2026-06-04,2026-06-04,CVE-2025-27003,4.3,2026-04-23T15:26:13.647
CVE-2025-26461,0.000120000,0.016770000,0.03009259259259259,2026-06-04,2026-06-04,CVE-2025-26461,3.3,2025-09-08T16:38:50.637
CVE-2025-26434,0.000090000,0.008770000,0.012268518518518519,2026-06-04,2026-06-04,CVE-2025-26434,5.5,2025-09-08T16:38:44.803
CVE-2025-10026,0.000510000,0.163190000,0.5708333333333333,2026-06-04,2026-06-04,CVE-2025-10026,6.1,2026-04-29T01:00:01.613
CVE-2025-10025,0.000660000,0.207160000,0.6733796296296296,2026-06-04,2026-06-04,CVE-2025-10025,9.8,2026-04-29T01:00:01.613
CVE-2025-10014,0.000550000,0.174180000,0.5965277777777778,2026-06-04,2026-06-04,CVE-2025-10014,3.1,2026-04-29T01:00:01.613
CVE-2025-10013,0.000640000,0.200500000,0.6622685185185185,2026-06-04,2026-06-04,CVE-2025-10013,6.3,2026-04-29T01:00:01.613
CVE-2025-10012,0.000760000,0.228290000,0.7326388888888888,2026-06-04,2026-06-04,CVE-2025-10012,8.8,2026-04-29T01:00:01.613
CVE-2024-0028,0.000080000,0.007760000,0.005324074074074074,2026-06-04,2026-06-04,CVE-2024-0028,5.5,2025-09-08T16:38:34.340
CVE-2025-9961,0.004190000,0.622250000,0.9398148148148148,2026-06-04,2026-06-04,CVE-2025-9961,,2026-04-15T00:35:42.020
CVE-2025-9853,0.000530000,0.168620000,0.5833333333333334,2026-06-04,2026-06-04,CVE-2025-9853,6.4,2026-04-15T00:35:42.020
CVE-2025-9849,0.000660000,0.206250000,0.6733796296296296,2026-06-04,2026-06-04,CVE-2025-9849,6.4,2026-04-15T00:35:42.020
CVE-2025-9566,0.000860000,0.248620000,0.7645833333333333,2026-06-04,2026-06-04,CVE-2025-9566,8.1,2026-05-19T14:16:29.330
CVE-2025-9515,0.004400000,0.634910000,0.9435185185185185,2026-06-04,2026-06-04,CVE-2025-9515,7.2,2026-04-15T00:35:42.020
CVE-2025-9493,0.000660000,0.206250000,0.6733796296296296,2026-06-04,2026-06-04,CVE-2025-9493,6.4,2026-04-15T00:35:42.020
CVE-2025-9442,0.000660000,0.206250000,0.6733796296296296,2026-06-04,2026-06-04,CVE-2025-9442,6.4,2026-04-15T00:35:42.020
CVE-2025-9126,0.000740000,0.224590000,0.7185185185185186,2026-06-04,2026-06-04,CVE-2025-9126,6.4,2026-04-15T00:35:42.020
CVE-2025-9085,0.000630000,0.196840000,0.65625,2026-06-04,2026-06-04,CVE-2025-9085,4.9,2026-04-15T00:35:42.020
CVE-2025-8722,0.000660000,0.206250000,0.6733796296296296,2026-06-04,2026-06-04,CVE-2025-8722,6.4,2026-04-15T00:35:42.020
CVE-2025-8564,0.000530000,0.168620000,0.5833333333333334,2026-06-04,2026-06-04,CVE-2025-8564,6.4,2026-04-15T00:35:42.020
CVE-2025-8360,0.000530000,0.168620000,0.5833333333333334,2026-06-04,2026-06-04,CVE-2025-8360,6.4,2026-04-15T00:35:42.020
CVE-2025-8359,0.005010000,0.663550000,0.9465277777777777,2026-06-04,2026-06-04,CVE-2025-8359,9.8,2026-04-15T00:35:42.020
CVE-2025-8149,0.000530000,0.168620000,0.5833333333333334,2026-06-04,2026-06-04,CVE-2025-8149,6.4,2026-04-15T00:35:42.020
CVE-2025-7368,0.001020000,0.275220000,0.8060185185185185,2026-06-04,2026-06-04,CVE-2025-7368,5.3,2026-04-15T00:35:42.020
CVE-2025-7366,0.007760000,0.739820000,0.9618055555555556,2026-06-04,2026-06-04,CVE-2025-7366,7.3,2026-04-15T00:35:42.020
CVE-2025-7045,0.004360000,0.633250000,0.9430555555555555,2026-06-04,2026-06-04,CVE-2025-7045,6.5,2026-04-15T00:35:42.020
CVE-2025-7040,0.001920000,0.409190000,0.8875,2026-06-04,2026-06-04,CVE-2025-7040,8.2,2026-04-15T00:35:42.020
CVE-2025-6757,0.000660000,0.206250000,0.6733796296296296,2026-06-04,2026-06-04,CVE-2025-6757,6.4,2026-04-15T00:35:42.020
CVE-2025-6067,0.000530000,0.168620000,0.5833333333333334,2026-06-04,2026-06-04,CVE-2025-6067,6.4,2026-04-15T00:35:42.020
CVE-2025-58446,0.001540000,0.357980000,0.8652777777777778,2026-06-04,2026-06-04,CVE-2025-58446,7.5,2025-09-18T15:57:02.380
CVE-2025-58445,0.001280000,0.317700000,0.8363425925925926,2026-06-04,2026-06-04,CVE-2025-58445,7.5,2025-09-10T19:43:08.493
CVE-2025-58443,0.098950000,0.931450000,0.9956018518518519,2026-06-04,2026-06-04,CVE-2025-58443,9.1,2025-09-29T13:49:57.557
CVE-2025-58439,0.000520000,0.164500000,0.5782407407407407,2026-06-04,2026-06-04,CVE-2025-58439,9.1,2025-10-27T18:03:37.790
CVE-2025-58438,0.038490000,0.884040000,0.9879629629629629,2026-06-04,2026-06-04,CVE-2025-58438,,2026-04-15T00:35:42.020
CVE-2025-58437,0.000780000,0.232640000,0.7381944444444445,2026-06-04,2026-06-04,CVE-2025-58437,8.1,2025-10-17T13:54:43.823
CVE-2025-58374,0.000390000,0.120480000,0.43495370370370373,2026-06-04,2026-06-04,CVE-2025-58374,7.8,2025-09-15T18:07:55.513
CVE-2025-58373,0.000520000,0.165010000,0.5782407407407407,2026-06-04,2026-06-04,CVE-2025-58373,6.5,2025-09-15T18:08:02.383
CVE-2025-58372,0.001270000,0.315550000,0.8356481481481481,2026-06-04,2026-06-04,CVE-2025-58372,9.8,2025-09-15T18:08:35.817
CVE-2025-58371,0.006140000,0.702660000,0.9546296296296296,2026-06-04,2026-06-04,CVE-2025-58371,9.8,2025-09-15T18:08:40.367
CVE-2025-58370,0.003660000,0.588360000,0.9331018518518519,2026-06-04,2026-06-04,CVE-2025-58370,8.1,2025-09-10T15:11:46.347
CVE-2025-58369,0.002070000,0.430800000,0.8939814814814815,2026-06-04,2026-06-04,CVE-2025-58369,5.3,2026-04-15T00:35:42.020
CVE-2025-58367,0.002670000,0.503800000,0.9145833333333333,2026-06-04,2026-06-04,CVE-2025-58367,,2026-04-15T00:35:42.020
CVE-2025-58366,0.000860000,0.247540000,0.7645833333333333,2026-06-04,2026-06-04,CVE-2025-58366,,2026-04-15T00:35:42.020
CVE-2025-57807,0.000730000,0.221490000,0.7145833333333333,2026-06-04,2026-06-04,CVE-2025-57807,9.8,2025-11-03T19:16:12.893
CVE-2025-53791,0.001940000,0.411470000,0.8881944444444444,2026-06-04,2026-06-04,CVE-2025-53791,4.7,2025-09-10T16:00:24.180
CVE-2025-48042,0.000910000,0.256370000,0.780787037037037,2026-06-04,2026-06-04,CVE-2025-48042,,2026-04-15T00:35:42.020
CVE-2025-39734,0.000260000,0.077680000,0.2759259259259259,2026-06-04,2026-06-04,CVE-2025-39734,5.5,2026-01-12T15:42:48.370
CVE-2025-39733,0.000180000,0.050790000,0.11435185185185186,2026-06-04,2026-06-04,CVE-2025-39733,5.5,2025-11-25T17:50:56.983
CVE-2025-39732,0.000240000,0.071010000,0.2363425925925926,2026-06-04,2026-06-04,CVE-2025-39732,5.5,2025-11-25T17:52:03.647
CVE-2025-39731,0.000260000,0.077680000,0.2759259259259259,2026-06-04,2026-06-04,CVE-2025-39731,5.5,2026-01-07T21:46:42.980
CVE-2025-39730,0.000290000,0.087840000,0.31527777777777777,2026-06-04,2026-06-04,CVE-2025-39730,7.8,2026-01-12T15:47:00.787
CVE-2025-39729,0.000270000,0.082300000,0.2983796296296296,2026-06-04,2026-06-04,CVE-2025-39729,5.5,2025-11-25T17:55:42.410
CVE-2025-39727,0.000250000,0.074440000,0.24976851851851853,2026-06-04,2026-06-04,CVE-2025-39727,7.8,2025-11-25T17:59:53.117
CVE-2025-36100,0.000150000,0.033810000,0.050694444444444445,2026-06-04,2026-06-04,CVE-2025-36100,5.5,2025-12-19T15:01:03.107
CVE-2025-10079,0.000690000,0.213180000,0.6981481481481482,2026-06-04,2026-06-04,CVE-2025-10079,9.8,2026-04-29T01:00:01.613
CVE-2025-10078,0.000660000,0.207160000,0.6733796296296296,2026-06-04,2026-06-04,CVE-2025-10078,9.8,2026-04-29T01:00:01.613
CVE-2025-10077,0.000690000,0.213180000,0.6981481481481482,2026-06-04,2026-06-04,CVE-2025-10077,9.8,2026-04-29T01:00:01.613
CVE-2025-10076,0.000690000,0.213180000,0.6981481481481482,2026-06-04,2026-06-04,CVE-2025-10076,9.8,2026-04-29T01:00:01.613
CVE-2025-10075,0.000500000,0.160770000,0.5659722222222222,2026-06-04,2026-06-04,CVE-2025-10075,5.4,2026-04-29T01:00:01.613
CVE-2025-10074,0.000600000,0.190500000,0.6351851851851852,2026-06-04,2026-06-04,CVE-2025-10074,5.4,2026-04-29T01:00:01.613
CVE-2025-10073,0.000490000,0.156500000,0.5592592592592592,2026-06-04,2026-06-04,CVE-2025-10073,4.3,2026-04-29T01:00:01.613
CVE-2025-10072,0.000640000,0.200500000,0.6622685185185185,2026-06-04,2026-06-04,CVE-2025-10072,6.3,2026-04-29T01:00:01.613
CVE-2025-10071,0.000640000,0.200500000,0.6622685185185185,2026-06-04,2026-06-04,CVE-2025-10071,6.3,2026-04-29T01:00:01.613
CVE-2025-10070,0.000640000,0.200500000,0.6622685185185185,2026-06-04,2026-06-04,CVE-2025-10070,6.3,2026-04-29T01:00:01.613
CVE-2025-10068,0.000660000,0.207160000,0.6733796296296296,2026-06-04,2026-06-04,CVE-2025-10068,9.8,2026-04-29T01:00:01.613
CVE-2025-10067,0.000670000,0.207670000,0.6851851851851852,2026-06-04,2026-06-04,CVE-2025-10067,6.1,2026-04-29T01:00:01.613
CVE-2025-10066,0.000670000,0.207670000,0.6851851851851852,2026-06-04,2026-06-04,CVE-2025-10066,6.1,2026-04-29T01:00:01.613
CVE-2025-10065,0.000670000,0.207670000,0.6851851851851852,2026-06-04,2026-06-04,CVE-2025-10065,6.1,2026-04-29T01:00:01.613
CVE-2025-10064,0.000670000,0.207670000,0.6851851851851852,2026-06-04,2026-06-04,CVE-2025-10064,6.1,2026-04-29T01:00:01.613
CVE-2025-10063,0.000670000,0.207670000,0.6851851851851852,2026-06-04,2026-06-04,CVE-2025-10063,6.1,2026-04-29T01:00:01.613
CVE-2025-10062,0.000690000,0.213180000,0.6981481481481482,2026-06-04,2026-06-04,CVE-2025-10062,9.8,2026-04-29T01:00:01.613
CVE-2025-10061,0.001400000,0.337910000,0.8537037037037037,2026-06-04,2026-06-04,CVE-2025-10061,6.5,2025-11-13T16:58:52.193
CVE-2025-10060,0.004740000,0.651280000,0.9453703703703704,2026-06-04,2026-06-04,CVE-2025-10060,7.5,2025-09-18T16:14:27.200
CVE-2025-10059,0.000890000,0.253880000,0.7759259259259259,2026-06-04,2026-06-04,CVE-2025-10059,6.5,2025-09-22T16:55:12.757
CVE-2025-10046,0.001980000,0.416740000,0.8907407407407407,2026-06-04,2026-06-04,CVE-2025-10046,4.9,2026-04-15T00:35:42.020
CVE-2025-10044,0.000650000,0.204810000,0.669212962962963,2026-06-04,2026-06-04,CVE-2025-10044,4.3,2026-04-15T00:35:42.020
CVE-2025-10034,0.002900000,0.526670000,0.9199074074074074,2026-06-04,2026-06-04,CVE-2025-10034,9.8,2025-09-29T18:29:06.463
CVE-2025-10033,0.000660000,0.207160000,0.6733796296296296,2026-06-04,2026-06-04,CVE-2025-10033,9.8,2026-04-29T01:00:01.613
CVE-2025-10032,0.000820000,0.240900000,0.7532407407407408,2026-06-04,2026-06-04,CVE-2025-10032,6.1,2026-04-29T01:00:01.613
CVE-2025-10031,0.000660000,0.207160000,0.6733796296296296,2026-06-04,2026-06-04,CVE-2025-10031,9.8,2026-04-29T01:00:01.613
CVE-2025-10030,0.000660000,0.207160000,0.6733796296296296,2026-06-04,2026-06-04,CVE-2025-10030,9.8,2026-04-29T01:00:01.613
CVE-2025-10029,0.000510000,0.163190000,0.5708333333333333,2026-06-04,2026-06-04,CVE-2025-10029,6.1,2026-04-29T01:00:01.613
CVE-2025-10028,0.000510000,0.163190000,0.5708333333333333,2026-06-04,2026-06-04,CVE-2025-10028,6.1,2026-04-29T01:00:01.613
CVE-2025-10027,0.000510000,0.163190000,0.5708333333333333,2026-06-04,2026-06-04,CVE-2025-10027,6.1,2026-04-29T01:00:01.613
CVE-2025-10003,0.001290000,0.318520000,0.8372685185185185,2026-06-04,2026-06-04,CVE-2025-10003,6.5,2026-04-15T00:35:42.020
CVE-2025-0034,0.000210000,0.059100000,0.16643518518518519,2026-06-04,2026-06-04,CVE-2025-0034,4.7,2026-04-15T00:35:42.020
CVE-2025-0032,0.000180000,0.047760000,0.11435185185185186,2026-06-04,2026-06-04,CVE-2025-0032,7.2,2026-04-15T00:35:42.020
CVE-2025-0011,0.001220000,0.308980000,0.8275462962962963,2026-06-04,2026-06-04,CVE-2025-0011,3.3,2026-04-15T00:35:42.020
CVE-2025-0010,0.000200000,0.056140000,0.1476851851851852,2026-06-04,2026-06-04,CVE-2025-0010,6.1,2026-04-15T00:35:42.020
CVE-2025-0009,0.000270000,0.082300000,0.2983796296296296,2026-06-04,2026-06-04,CVE-2025-0009,5.5,2026-04-15T00:35:42.020
CVE-2024-36354,0.000160000,0.036630000,0.05555555555555555,2026-06-04,2026-06-04,CVE-2024-36354,7.5,2026-04-15T00:35:42.020
CVE-2024-36352,0.000290000,0.088500000,0.31527777777777777,2026-06-04,2026-06-04,CVE-2024-36352,8.4,2026-04-15T00:35:42.020
CVE-2024-36346,0.000330000,0.101660000,0.3875,2026-06-04,2026-06-04,CVE-2024-36346,6.0,2026-04-15T00:35:42.020
CVE-2024-36342,0.000400000,0.122940000,0.4465277777777778,2026-06-04,2026-06-04,CVE-2024-36342,8.8,2026-04-15T00:35:42.020
CVE-2024-36331,0.000300000,0.090880000,0.32546296296296295,2026-06-04,2026-06-04,CVE-2024-36331,3.2,2026-04-15T00:35:42.020
CVE-2024-36326,0.000260000,0.077230000,0.2759259259259259,2026-06-04,2026-06-04,CVE-2024-36326,8.4,2026-04-15T00:35:42.020
CVE-2024-21970,0.000270000,0.080030000,0.2983796296296296,2026-06-04,2026-06-04,CVE-2024-21970,4.4,2026-04-15T00:35:42.020
CVE-2024-21947,0.000180000,0.048620000,0.11435185185185186,2026-06-04,2026-06-04,CVE-2024-21947,7.5,2026-04-15T00:35:42.020
CVE-2023-31365,0.000210000,0.059530000,0.16643518518518519,2026-06-04,2026-06-04,CVE-2023-31365,3.9,2026-04-15T00:35:42.020
CVE-2023-31351,0.000200000,0.057930000,0.1476851851851852,2026-06-04,2026-06-04,CVE-2023-31351,5.3,2026-04-15T00:35:42.020
CVE-2023-31330,0.000190000,0.054620000,0.13171296296296298,2026-06-04,2026-06-04,CVE-2023-31330,2.5,2026-04-15T00:35:42.020
CVE-2023-31326,0.000190000,0.052060000,0.13171296296296298,2026-06-04,2026-06-04,CVE-2023-31326,2.8,2026-04-15T00:35:42.020
CVE-2023-31325,0.000210000,0.061760000,0.16643518518518519,2026-06-04,2026-06-04,CVE-2023-31325,7.2,2026-04-15T00:35:42.020
CVE-2023-31322,0.000310000,0.094370000,0.34375,2026-06-04,2026-06-04,CVE-2023-31322,8.7,2026-04-15T00:35:42.020
CVE-2023-31306,0.000300000,0.089370000,0.32546296296296295,2026-06-04,2026-06-04,CVE-2023-31306,3.3,2026-04-15T00:35:42.020
CVE-2023-20516,0.000360000,0.111130000,0.41064814814814815,2026-06-04,2026-06-04,CVE-2023-20516,3.3,2026-04-15T00:35:42.020
CVE-2021-46750,0.000190000,0.053270000,0.13171296296296298,2026-06-04,2026-06-04,CVE-2021-46750,3.0,2026-04-15T00:35:42.020
CVE-2021-26383,0.000160000,0.040450000,0.05555555555555555,2026-06-04,2026-06-04,CVE-2021-26383,7.9,2026-04-15T00:35:42.020
CVE-2021-26377,0.000190000,0.051860000,0.13171296296296298,2026-06-04,2026-06-04,CVE-2021-26377,4.1,2026-04-15T00:35:42.020
CVE-2025-9114,0.004010000,0.610870000,0.937962962962963,2026-06-04,2026-06-04,CVE-2025-9114,9.8,2026-04-15T00:35:42.020
CVE-2025-9113,0.010510000,0.778860000,0.9694444444444444,2026-06-04,2026-06-04,CVE-2025-9113,9.8,2026-04-15T00:35:42.020
CVE-2025-9112,0.004350000,0.632590000,0.9428240740740741,2026-06-04,2026-06-04,CVE-2025-9112,8.8,2026-04-15T00:35:42.020
CVE-2025-8085,0.109230000,0.935350000,0.9960648148148148,2026-06-04,2026-06-04,CVE-2025-8085,8.6,2026-02-09T18:19:09.703
CVE-2025-7709,0.000860000,0.247840000,0.7645833333333333,2026-06-04,2026-06-04,CVE-2025-7709,,2026-04-15T00:35:42.020
CVE-2025-5993,0.005890000,0.695240000,0.9530092592592593,2026-06-04,2026-06-04,CVE-2025-5993,,2026-04-15T00:35:42.020
CVE-2025-59033,0.000750000,0.227120000,0.7236111111111111,2026-06-04,2026-06-04,CVE-2025-59033,7.4,2026-04-15T00:35:42.020
CVE-2025-58782,0.005790000,0.692410000,0.9511574074074074,2026-06-04,2026-06-04,CVE-2025-58782,6.5,2025-11-19T16:17:33.997
CVE-2025-58757,0.013930000,0.807130000,0.9745370370370371,2026-06-04,2026-06-04,CVE-2025-58757,8.8,2025-09-19T15:26:11.050
CVE-2025-58756,0.027630000,0.862970000,0.9849537037037037,2026-06-04,2026-06-04,CVE-2025-58756,8.8,2025-09-19T15:26:29.890
CVE-2025-58755,0.002110000,0.436150000,0.8958333333333334,2026-06-04,2026-06-04,CVE-2025-58755,8.8,2025-09-19T15:25:37.963
CVE-2025-58752,0.000270000,0.079960000,0.2983796296296296,2026-06-04,2026-06-04,CVE-2025-58752,5.3,2025-09-17T16:12:20.913
CVE-2025-58751,0.014340000,0.810260000,0.975,2026-06-04,2026-06-04,CVE-2025-58751,5.3,2025-09-17T16:21:36.240
CVE-2025-58746,0.000610000,0.193360000,0.6458333333333334,2026-06-04,2026-06-04,CVE-2025-58746,9.0,2026-04-15T00:35:42.020
CVE-2025-58745,0.006630000,0.715660000,0.9576388888888889,2026-06-04,2026-06-04,CVE-2025-58745,8.8,2025-09-17T16:24:10.920
CVE-2025-58454,0.000860000,0.248050000,0.7645833333333333,2026-06-04,2026-06-04,CVE-2025-58454,8.2,2025-09-17T16:29:29.123
CVE-2025-58453,0.000860000,0.248050000,0.7645833333333333,2026-06-04,2026-06-04,CVE-2025-58453,8.2,2025-09-17T16:31:24.797
CVE-2025-58452,0.000590000,0.187100000,0.6287037037037037,2026-06-04,2026-06-04,CVE-2025-58452,6.1,2025-09-17T16:35:57.123
CVE-2025-58451,0.001200000,0.304810000,0.825462962962963,2026-06-04,2026-06-04,CVE-2025-58451,,2026-04-15T00:35:42.020
CVE-2025-58450,0.000570000,0.180180000,0.6113425925925926,2026-06-04,2026-06-04,CVE-2025-58450,,2026-04-15T00:35:42.020
CVE-2025-58449,0.002010000,0.420720000,0.8921296296296296,2026-06-04,2026-06-04,CVE-2025-58449,,2026-04-15T00:35:42.020
CVE-2025-58444,0.000540000,0.170510000,0.5907407407407408,2026-06-04,2026-06-04,CVE-2025-58444,,2026-04-15T00:35:42.020
CVE-2025-58422,0.000350000,0.106180000,0.4011574074074074,2026-06-04,2026-06-04,CVE-2025-58422,3.1,2026-04-15T00:35:42.020
CVE-2025-58365,0.007490000,0.734810000,0.9606481481481481,2026-06-04,2026-06-04,CVE-2025-58365,,2026-04-15T00:35:42.020
CVE-2025-57817,0.000990000,0.271670000,0.8,2026-06-04,2026-06-04,CVE-2025-57817,7.2,2025-09-10T18:41:28.043
CVE-2025-57816,0.000420000,0.132060000,0.46944444444444444,2026-06-04,2026-06-04,CVE-2025-57816,7.5,2025-09-10T18:42:17.857
CVE-2025-57815,0.000740000,0.225220000,0.7185185185185186,2026-06-04,2026-06-04,CVE-2025-57815,6.5,2025-09-10T18:43:41.397
CVE-2025-57766,0.000720000,0.219900000,0.7122685185185185,2026-06-04,2026-06-04,CVE-2025-57766,4.8,2025-09-10T18:44:37.507
CVE-2025-57285,0.033170000,0.874910000,0.9872685185185185,2026-06-04,2026-06-04,CVE-2025-57285,9.8,2025-09-12T20:37:59.793
CVE-2025-57141,0.016910000,0.825750000,0.9773148148148149,2026-06-04,2026-06-04,CVE-2025-57141,9.8,2025-09-12T20:57:24.853
CVE-2025-56630,0.000500000,0.158960000,0.5659722222222222,2026-06-04,2026-06-04,CVE-2025-56630,7.3,2025-09-08T20:36:30.930
CVE-2025-56267,0.002850000,0.521110000,0.9178240740740741,2026-06-04,2026-06-04,CVE-2025-56267,9.8,2025-09-12T20:42:47.967
CVE-2025-56266,0.065010000,0.912680000,0.9942129629629629,2026-06-04,2026-06-04,CVE-2025-56266,9.8,2025-09-12T20:44:33.150
CVE-2025-56265,0.001470000,0.347420000,0.8608796296296296,2026-06-04,2026-06-04,CVE-2025-56265,8.8,2025-09-12T20:47:21.743
CVE-2025-55998,0.000550000,0.174430000,0.5965277777777778,2026-06-04,2026-06-04,CVE-2025-55998,8.1,2025-09-29T18:15:32.637
CVE-2025-55849,0.000510000,0.162040000,0.5708333333333333,2026-06-04,2026-06-04,CVE-2025-55849,8.4,2025-10-09T18:21:11.407
CVE-2025-54994,0.005070000,0.666420000,0.9472222222222222,2026-06-04,2026-06-04,CVE-2025-54994,,2026-04-15T00:35:42.020
CVE-2025-53838,0.000870000,0.249870000,0.767824074074074,2026-06-04,2026-06-04,CVE-2025-53838,5.4,2025-10-06T15:02:15.163
CVE-2025-52389,0.000830000,0.242820000,0.75625,2026-06-04,2026-06-04,CVE-2025-52389,8.8,2026-04-15T00:35:42.020
CVE-2025-52288,0.002050000,0.425420000,0.8935185185185185,2026-06-04,2026-06-04,CVE-2025-52288,7.5,2025-10-09T18:19:21.320
CVE-2025-52161,0.001230000,0.309110000,0.8331018518518518,2026-06-04,2026-06-04,CVE-2025-52161,9.8,2025-09-12T21:00:29.540
CVE-2025-51586,0.010300000,0.776660000,0.969212962962963,2026-06-04,2026-06-04,CVE-2025-51586,3.7,2025-09-12T20:49:23.253
CVE-2025-43763,0.000530000,0.170350000,0.5833333333333334,2026-06-04,2026-06-04,CVE-2025-43763,6.5,2025-12-12T20:27:55.020
CVE-2025-43722,0.000200000,0.057970000,0.1476851851851852,2026-06-04,2026-06-04,CVE-2025-43722,6.7,2026-02-20T18:38:47.087
CVE-2025-42912,0.000530000,0.169830000,0.5833333333333334,2026-06-04,2026-06-04,CVE-2025-42912,6.5,2026-04-15T00:35:42.020
CVE-2025-42911,0.000510000,0.161650000,0.5708333333333333,2026-06-04,2026-06-04,CVE-2025-42911,4.3,2025-10-23T12:45:48.857
CVE-2025-41708,0.000930000,0.259540000,0.7863425925925925,2026-06-04,2026-06-04,CVE-2025-41708,7.4,2026-04-15T00:35:42.020
CVE-2025-41682,0.000830000,0.242210000,0.75625,2026-06-04,2026-06-04,CVE-2025-41682,8.8,2026-04-15T00:35:42.020
CVE-2025-41664,0.001300000,0.320600000,0.8395833333333333,2026-06-04,2026-06-04,CVE-2025-41664,7.5,2026-04-15T00:35:42.020
CVE-2025-40930,0.001680000,0.376100000,0.8740740740740741,2026-06-04,2026-06-04,CVE-2025-40930,7.5,2026-04-15T00:35:42.020
CVE-2025-40929,0.000920000,0.258800000,0.7844907407407408,2026-06-04,2026-06-04,CVE-2025-40929,5.6,2026-04-15T00:35:42.020
CVE-2025-40928,0.002090000,0.433160000,0.8949074074074074,2026-06-04,2026-06-04,CVE-2025-40928,7.5,2026-04-15T00:35:42.020
CVE-2025-40642,0.007380000,0.732180000,0.9604166666666667,2026-06-04,2026-06-04,CVE-2025-40642,,2026-04-15T00:35:42.020
CVE-2025-40641,0.002580000,0.493700000,0.9122685185185185,2026-06-04,2026-06-04,CVE-2025-40641,,2026-04-15T00:35:42.020
CVE-2025-36855,0.002860000,0.522630000,0.9182870370370371,2026-06-04,2026-06-04,CVE-2025-36855,8.8,2026-04-15T00:35:42.020
CVE-2025-36854,0.003240000,0.557470000,0.924537037037037,2026-06-04,2026-06-04,CVE-2025-36854,8.1,2026-04-15T00:35:42.020
CVE-2025-36853,0.002380000,0.470330000,0.9074074074074074,2026-06-04,2026-06-04,CVE-2025-36853,7.5,2026-04-15T00:35:42.020
CVE-2025-3212,0.000980000,0.269590000,0.7983796296296296,2026-06-04,2026-06-04,CVE-2025-3212,5.3,2025-12-18T15:42:39.857
CVE-2025-22956,0.001050000,0.280960000,0.8090277777777778,2026-06-04,2026-06-04,CVE-2025-22956,9.8,2026-04-15T00:35:42.020
CVE-2025-1761,0.000520000,0.166910000,0.5782407407407407,2026-06-04,2026-06-04,CVE-2025-1761,7.5,2025-09-17T16:41:04.240
CVE-2025-10121,0.000370000,0.114120000,0.41898148148148145,2026-06-04,2026-06-04,CVE-2025-10121,6.3,2026-04-29T01:00:01.613
CVE-2025-10120,0.004630000,0.646420000,0.9439814814814815,2026-06-04,2026-06-04,CVE-2025-10120,8.8,2025-09-10T16:41:54.140
CVE-2025-10118,0.000810000,0.238470000,0.7467592592592592,2026-06-04,2026-06-04,CVE-2025-10118,9.8,2026-04-29T01:00:01.613
CVE-2025-10117,0.000460000,0.145560000,0.5120370370370371,2026-06-04,2026-06-04,CVE-2025-10117,5.4,2026-04-29T01:00:01.613
CVE-2025-10116,0.000620000,0.195350000,0.6523148148148148,2026-06-04,2026-06-04,CVE-2025-10116,7.3,2026-04-29T01:00:01.613
CVE-2025-10115,0.000400000,0.122750000,0.4465277777777778,2026-06-04,2026-06-04,CVE-2025-10115,7.3,2026-04-29T01:00:01.613
CVE-2025-10114,0.000620000,0.194850000,0.6523148148148148,2026-06-04,2026-06-04,CVE-2025-10114,9.8,2026-04-29T01:00:01.613
CVE-2025-10113,0.000810000,0.238470000,0.7467592592592592,2026-06-04,2026-06-04,CVE-2025-10113,9.8,2026-04-29T01:00:01.613
CVE-2025-10112,0.000650000,0.204770000,0.669212962962963,2026-06-04,2026-06-04,CVE-2025-10112,9.8,2026-04-29T01:00:01.613
CVE-2025-10111,0.000660000,0.207160000,0.6733796296296296,2026-06-04,2026-06-04,CVE-2025-10111,9.8,2026-04-29T01:00:01.613
CVE-2025-10110,0.000730000,0.222450000,0.7145833333333333,2026-06-04,2026-06-04,CVE-2025-10110,8.8,2026-04-29T01:00:01.613
CVE-2025-10109,0.000660000,0.207160000,0.6733796296296296,2026-06-04,2026-06-04,CVE-2025-10109,9.8,2026-04-29T01:00:01.613
CVE-2025-10108,0.000660000,0.207160000,0.6733796296296296,2026-06-04,2026-06-04,CVE-2025-10108,9.8,2026-04-29T01:00:01.613
CVE-2025-10106,0.000700000,0.216910000,0.7043981481481482,2026-06-04,2026-06-04,CVE-2025-10106,8.8,2026-04-29T01:00:01.613
CVE-2025-10105,0.000700000,0.216910000,0.7043981481481482,2026-06-04,2026-06-04,CVE-2025-10105,8.8,2026-04-29T01:00:01.613
CVE-2025-10104,0.000660000,0.207160000,0.6733796296296296,2026-06-04,2026-06-04,CVE-2025-10104,9.8,2026-04-29T01:00:01.613
CVE-2025-10103,0.000660000,0.207160000,0.6733796296296296,2026-06-04,2026-06-04,CVE-2025-10103,9.8,2026-04-29T01:00:01.613
CVE-2025-10102,0.000660000,0.207160000,0.6733796296296296,2026-06-04,2026-06-04,CVE-2025-10102,9.8,2026-04-29T01:00:01.613
CVE-2025-10100,0.000660000,0.207160000,0.6733796296296296,2026-06-04,2026-06-04,CVE-2025-10100,9.8,2026-04-29T01:00:01.613
CVE-2025-10099,0.000720000,0.220080000,0.7122685185185185,2026-06-04,2026-06-04,CVE-2025-10099,4.8,2026-04-29T01:00:01.613
CVE-2025-10098,0.000640000,0.201620000,0.6622685185185185,2026-06-04,2026-06-04,CVE-2025-10098,8.8,2026-04-29T01:00:01.613
CVE-2025-10097,0.000950000,0.263510000,0.7912037037037037,2026-06-04,2026-06-04,CVE-2025-10097,9.8,2026-03-10T15:08:16.603
CVE-2025-10096,0.000970000,0.266860000,0.7949074074074074,2026-06-04,2026-06-04,CVE-2025-10096,6.5,2026-04-29T01:00:01.613
CVE-2025-10093,0.000930000,0.260230000,0.7863425925925925,2026-06-04,2026-06-04,CVE-2025-10093,7.5,2025-09-29T18:27:40.350
CVE-2025-10092,0.000710000,0.218990000,0.7085648148148148,2026-06-04,2026-06-04,CVE-2025-10092,9.8,2026-04-29T01:00:01.613
CVE-2025-10091,0.000710000,0.218990000,0.7085648148148148,2026-06-04,2026-06-04,CVE-2025-10091,9.8,2026-04-29T01:00:01.613
CVE-2025-10090,0.017340000,0.828080000,0.9780092592592593,2026-06-04,2026-06-04,CVE-2025-10090,9.8,2026-04-29T01:00:01.613
CVE-2025-10088,0.000510000,0.163190000,0.5708333333333333,2026-06-04,2026-06-04,CVE-2025-10088,5.4,2026-04-29T01:00:01.613
CVE-2025-10087,0.000610000,0.191640000,0.6458333333333334,2026-06-04,2026-06-04,CVE-2025-10087,7.2,2026-04-29T01:00:01.613
CVE-2025-10086,0.000610000,0.192160000,0.6458333333333334,2026-06-04,2026-06-04,CVE-2025-10086,6.3,2026-04-29T01:00:01.613
CVE-2025-10085,0.000980000,0.269250000,0.7983796296296296,2026-06-04,2026-06-04,CVE-2025-10085,8.8,2026-04-29T01:00:01.613
CVE-2025-10084,0.000420000,0.132600000,0.46944444444444444,2026-06-04,2026-06-04,CVE-2025-10084,4.3,2026-04-29T01:00:01.613
CVE-2025-10083,0.001220000,0.307710000,0.8275462962962963,2026-06-04,2026-06-04,CVE-2025-10083,8.8,2026-04-29T01:00:01.613
CVE-2025-10082,0.000660000,0.207160000,0.6733796296296296,2026-06-04,2026-06-04,CVE-2025-10082,9.8,2026-04-29T01:00:01.613
CVE-2025-10081,0.001110000,0.290360000,0.8155092592592592,2026-06-04,2026-06-04,CVE-2025-10081,7.2,2026-04-29T01:00:01.613
CVE-2025-10080,0.000450000,0.141210000,0.5057870370370371,2026-06-04,2026-06-04,CVE-2025-10080,3.1,2026-04-29T01:00:01.613
CVE-2024-48341,0.000350000,0.108290000,0.4011574074074074,2026-06-04,2026-06-04,CVE-2024-48341,3.7,2025-09-18T15:42:05.877
CVE-2022-50238,0.001160000,0.299650000,0.8208333333333333,2026-06-04,2026-06-04,CVE-2022-50238,7.4,2026-04-15T00:35:42.020
CVE-2019-25225,0.000800000,0.235650000,0.7423611111111111,2026-06-04,2026-06-04,CVE-2019-25225,6.1,2025-09-19T15:18:42.913
CVE-2014-125128,0.000800000,0.235650000,0.7423611111111111,2026-06-04,2026-06-04,CVE-2014-125128,6.1,2025-09-19T15:14:35.680
CVE-2025-9994,0.000850000,0.247180000,0.7627314814814815,2026-06-04,2026-06-04,CVE-2025-9994,9.8,2026-04-15T00:35:42.020
CVE-2025-9951,0.007780000,0.740130000,0.962037037037037,2026-06-04,2026-06-04,CVE-2025-9951,,2026-04-15T00:35:42.020
CVE-2025-9872,0.025840000,0.858550000,0.9840277777777777,2026-06-04,2026-06-04,CVE-2025-9872,8.8,2025-10-10T19:24:34.123
CVE-2025-9712,0.028010000,0.863870000,0.9856481481481482,2026-06-04,2026-06-04,CVE-2025-9712,8.8,2025-10-10T19:25:42.520
CVE-2025-9542,0.000610000,0.191030000,0.6458333333333334,2026-06-04,2026-06-04,CVE-2025-9542,5.4,2026-04-15T00:35:42.020
CVE-2025-9539,0.002870000,0.524430000,0.9185185185185185,2026-06-04,2026-06-04,CVE-2025-9539,8.0,2026-04-15T00:35:42.020
CVE-2025-9489,0.000970000,0.266030000,0.7949074074074074,2026-06-04,2026-06-04,CVE-2025-9489,5.0,2026-04-15T00:35:42.020
CVE-2025-9364,0.000270000,0.080950000,0.2983796296296296,2026-06-04,2026-06-04,CVE-2025-9364,8.8,2025-09-10T14:09:05.267
CVE-2025-9166,0.001540000,0.357670000,0.8652777777777778,2026-06-04,2026-06-04,CVE-2025-9166,7.5,2025-10-20T19:05:29.813
CVE-2025-9161,0.001790000,0.392090000,0.8807870370370371,2026-06-04,2026-06-04,CVE-2025-9161,8.8,2025-10-20T19:11:17.067
CVE-2025-9160,0.000410000,0.127220000,0.46111111111111114,2026-06-04,2026-06-04,CVE-2025-9160,,2026-04-15T00:35:42.020
CVE-2025-9111,0.000740000,0.224900000,0.7185185185185186,2026-06-04,2026-06-04,CVE-2025-9111,3.5,2025-11-13T21:15:55.120
CVE-2025-9065,0.000450000,0.141010000,0.5057870370370371,2026-06-04,2026-06-04,CVE-2025-9065,8.8,2025-10-20T19:17:27.270
CVE-2025-9061,0.000440000,0.140080000,0.4949074074074074,2026-06-04,2026-06-04,CVE-2025-9061,6.4,2026-04-15T00:35:42.020
CVE-2025-9058,0.000440000,0.140080000,0.4949074074074074,2026-06-04,2026-06-04,CVE-2025-9058,6.4,2026-04-15T00:35:42.020
CVE-2025-8889,0.000750000,0.227620000,0.7236111111111111,2026-06-04,2026-06-04,CVE-2025-8889,3.8,2026-01-30T20:38:51.963
CVE-2025-8712,0.008920000,0.759420000,0.9650462962962963,2026-06-04,2026-06-04,CVE-2025-8712,5.4,2025-09-24T19:56:42.603
CVE-2025-8711,0.001010000,0.274320000,0.8037037037037037,2026-06-04,2026-06-04,CVE-2025-8711,5.4,2025-09-24T19:58:44.190
CVE-2025-8277,0.000610000,0.193190000,0.6458333333333334,2026-06-04,2026-06-04,CVE-2025-8277,3.1,2026-05-19T14:16:29.150
CVE-2025-8008,0.000490000,0.156770000,0.5592592592592592,2026-06-04,2026-06-04,CVE-2025-8008,6.5,2025-09-17T15:42:27.340
CVE-2025-8007,0.000650000,0.203030000,0.669212962962963,2026-06-04,2026-06-04,CVE-2025-8007,6.5,2025-09-17T15:47:58.823
CVE-2025-7970,0.000890000,0.253510000,0.7759259259259259,2026-06-04,2026-06-04,CVE-2025-7970,7.5,2025-09-17T15:59:35.430
CVE-2025-7350,0.006480000,0.711690000,0.9564814814814815,2026-06-04,2026-06-04,CVE-2025-7350,,2026-04-15T00:35:42.020
CVE-2025-59019,0.000700000,0.214840000,0.7043981481481482,2026-06-04,2026-06-04,CVE-2025-59019,4.3,2025-09-26T14:09:51.020
CVE-2025-59018,0.000820000,0.241170000,0.7532407407407408,2026-06-04,2026-06-04,CVE-2025-59018,6.5,2025-09-26T14:08:37.780
CVE-2025-59017,0.000970000,0.267740000,0.7949074074074074,2026-06-04,2026-06-04,CVE-2025-59017,8.8,2025-09-10T13:44:43.430
CVE-2025-59016,0.000700000,0.214840000,0.7043981481481482,2026-06-04,2026-06-04,CVE-2025-59016,4.3,2025-09-10T13:43:46.577
CVE-2025-59015,0.000560000,0.176820000,0.6055555555555555,2026-06-04,2026-06-04,CVE-2025-59015,6.5,2025-09-10T13:42:59.310
CVE-2025-59014,0.000320000,0.096130000,0.3541666666666667,2026-06-04,2026-06-04,CVE-2025-59014,2.7,2025-09-10T13:40:09.090
CVE-2025-59013,0.000490000,0.155000000,0.5592592592592592,2026-06-04,2026-06-04,CVE-2025-59013,6.1,2025-09-10T13:38:40.473
CVE-2025-55148,0.027760000,0.863240000,0.9851851851851852,2026-06-04,2026-06-04,CVE-2025-55148,7.6,2025-09-24T19:58:37.017
CVE-2025-55147,0.003510000,0.577700000,0.9305555555555556,2026-06-04,2026-06-04,CVE-2025-55147,8.8,2025-09-24T19:58:28.357
CVE-2025-55146,0.010210000,0.775760000,0.9689814814814814,2026-06-04,2026-06-04,CVE-2025-55146,4.9,2025-09-24T19:58:20.130
CVE-2025-55145,0.005690000,0.689380000,0.9506944444444444,2026-06-04,2026-06-04,CVE-2025-55145,8.9,2025-09-24T19:58:03.083
CVE-2025-55144,0.014920000,0.813930000,0.975462962962963,2026-06-04,2026-06-04,CVE-2025-55144,5.4,2025-09-24T19:57:29.287
CVE-2025-55143,0.000260000,0.078050000,0.2759259259259259,2026-06-04,2026-06-04,CVE-2025-55143,6.1,2025-09-24T19:57:14.347
CVE-2025-55142,0.038430000,0.883930000,0.9875,2026-06-04,2026-06-04,CVE-2025-55142,8.8,2025-09-24T19:56:55.957
CVE-2025-55141,0.038430000,0.883930000,0.9875,2026-06-04,2026-06-04,CVE-2025-55141,8.8,2025-09-24T19:50:26.923
CVE-2025-55139,0.007690000,0.738740000,0.9613425925925926,2026-06-04,2026-06-04,CVE-2025-55139,6.8,2025-09-24T19:50:14.403
CVE-2025-54236,0.721520000,0.987710000,0.9993055555555556,2026-06-04,2026-06-04,CVE-2025-54236,9.1,2026-05-12T22:00:01.607
CVE-2025-53609,0.001200000,0.305660000,0.825462962962963,2026-06-04,2026-06-04,CVE-2025-53609,4.9,2025-09-10T15:14:32.080
CVE-2025-52915,0.001080000,0.285580000,0.8125,2026-06-04,2026-06-04,CVE-2025-52915,7.2,2026-04-15T00:35:42.020
CVE-2025-52322,0.003380000,0.568180000,0.9277777777777778,2026-06-04,2026-06-04,CVE-2025-52322,7.5,2025-10-17T20:19:05.930
CVE-2025-52277,0.001560000,0.361230000,0.8675925925925926,2026-06-04,2026-06-04,CVE-2025-52277,6.1,2025-10-17T20:26:28.360
CVE-2025-48208,0.001050000,0.280030000,0.8090277777777778,2026-06-04,2026-06-04,CVE-2025-48208,8.8,2025-11-04T22:16:16.633
CVE-2025-47695,0.001760000,0.388400000,0.8777777777777778,2026-06-04,2026-06-04,CVE-2025-47695,7.5,2026-04-23T15:30:45.733
CVE-2025-47694,0.000420000,0.132050000,0.46944444444444444,2026-06-04,2026-06-04,CVE-2025-47694,7.1,2026-04-23T15:30:45.620
CVE-2025-47579,0.001010000,0.274070000,0.8037037037037037,2026-06-04,2026-06-04,CVE-2025-47579,8.1,2026-04-23T15:30:32.240
CVE-2025-47571,0.001440000,0.343920000,0.8553240740740741,2026-06-04,2026-06-04,CVE-2025-47571,7.5,2026-04-23T15:30:30.570
CVE-2025-47570,0.000420000,0.132050000,0.46944444444444444,2026-06-04,2026-06-04,CVE-2025-47570,7.1,2026-04-23T15:30:30.437
CVE-2025-47569,0.000530000,0.168700000,0.5833333333333334,2026-06-04,2026-06-04,CVE-2025-47569,9.3,2026-04-23T15:30:30.320
CVE-2025-47437,0.000510000,0.161650000,0.5708333333333333,2026-06-04,2026-06-04,CVE-2025-47437,6.4,2026-04-23T15:30:12.877
CVE-2025-47416,0.001410000,0.338700000,0.8543981481481482,2026-06-04,2026-06-04,CVE-2025-47416,,2026-04-15T00:35:42.020
CVE-2025-43778,0.000440000,0.139930000,0.4949074074074074,2026-06-04,2026-06-04,CVE-2025-43778,6.1,2025-12-12T20:28:13.700
CVE-2025-43777,0.000640000,0.201300000,0.6622685185185185,2026-06-04,2026-06-04,CVE-2025-43777,5.3,2025-12-12T20:29:25.130
CVE-2025-43776,0.000440000,0.138520000,0.4949074074074074,2026-06-04,2026-06-04,CVE-2025-43776,5.4,2025-12-16T16:12:02.497
CVE-2025-42958,0.000830000,0.243390000,0.75625,2026-06-04,2026-06-04,CVE-2025-42958,9.1,2026-04-15T00:35:42.020
CVE-2025-42944,0.002690000,0.505950000,0.9148148148148149,2026-06-04,2026-06-04,CVE-2025-42944,10.0,2026-04-15T00:35:42.020
CVE-2025-42938,0.001950000,0.412730000,0.8886574074074074,2026-06-04,2026-06-04,CVE-2025-42938,6.1,2026-04-15T00:35:42.020
CVE-2025-42933,0.000550000,0.174700000,0.5965277777777778,2026-06-04,2026-06-04,CVE-2025-42933,8.8,2026-04-15T00:35:42.020
CVE-2025-42930,0.001040000,0.279060000,0.8081018518518519,2026-06-04,2026-06-04,CVE-2025-42930,6.5,2026-04-15T00:35:42.020
CVE-2025-42929,0.000410000,0.128290000,0.46111111111111114,2026-06-04,2026-06-04,CVE-2025-42929,8.1,2026-04-15T00:35:42.020
CVE-2025-42927,0.000230000,0.067080000,0.23032407407407407,2026-06-04,2026-06-04,CVE-2025-42927,3.4,2026-04-15T00:35:42.020
CVE-2025-42926,0.000960000,0.265400000,0.7921296296296296,2026-06-04,2026-06-04,CVE-2025-42926,5.3,2025-10-23T12:43:32.437
CVE-2025-42925,0.000560000,0.177200000,0.6055555555555555,2026-06-04,2026-06-04,CVE-2025-42925,4.3,2026-04-15T00:35:42.020
CVE-2025-42923,0.000290000,0.087750000,0.31527777777777777,2026-06-04,2026-06-04,CVE-2025-42923,4.3,2026-04-15T00:35:42.020
CVE-2025-42922,0.001300000,0.319980000,0.8395833333333333,2026-06-04,2026-06-04,CVE-2025-42922,9.9,2026-04-15T00:35:42.020
CVE-2025-42920,0.003480000,0.575970000,0.9291666666666667,2026-06-04,2026-06-04,CVE-2025-42920,6.1,2025-10-24T14:50:48.223
CVE-2025-42918,0.000510000,0.161650000,0.5708333333333333,2026-06-04,2026-06-04,CVE-2025-42918,4.3,2025-10-23T12:44:38.700
CVE-2025-42917,0.000530000,0.169830000,0.5833333333333334,2026-06-04,2026-06-04,CVE-2025-42917,6.5,2026-04-15T00:35:42.020
CVE-2025-42916,0.000410000,0.128290000,0.46111111111111114,2026-06-04,2026-06-04,CVE-2025-42916,8.1,2026-04-15T00:35:42.020
CVE-2025-42915,0.000510000,0.161650000,0.5708333333333333,2026-06-04,2026-06-04,CVE-2025-42915,5.4,2026-04-15T00:35:42.020
CVE-2025-42914,0.000400000,0.124520000,0.4465277777777778,2026-06-04,2026-06-04,CVE-2025-42914,3.1,2026-04-15T00:35:42.020
CVE-2025-42913,0.000400000,0.124520000,0.4465277777777778,2026-06-04,2026-06-04,CVE-2025-42913,3.1,2026-04-15T00:35:42.020
CVE-2025-41701,0.000690000,0.213480000,0.6981481481481482,2026-06-04,2026-06-04,CVE-2025-41701,7.8,2026-04-15T00:35:42.020
CVE-2025-40804,0.000510000,0.161430000,0.5708333333333333,2026-06-04,2026-06-04,CVE-2025-40804,9.1,2026-04-15T00:35:42.020
CVE-2025-40803,0.000350000,0.106710000,0.4011574074074074,2026-06-04,2026-06-04,CVE-2025-40803,3.1,2025-10-03T19:36:39.793
CVE-2025-40802,0.000260000,0.078070000,0.2759259259259259,2026-06-04,2026-06-04,CVE-2025-40802,4.3,2025-10-03T19:37:59.347
CVE-2025-40798,0.001540000,0.357810000,0.8652777777777778,2026-06-04,2026-06-04,CVE-2025-40798,7.5,2025-10-14T10:15:39.447
CVE-2025-40797,0.001540000,0.357810000,0.8652777777777778,2026-06-04,2026-06-04,CVE-2025-40797,7.5,2025-10-14T10:15:39.317
CVE-2025-40796,0.001540000,0.357810000,0.8652777777777778,2026-06-04,2026-06-04,CVE-2025-40796,7.5,2025-10-14T10:15:39.187
CVE-2025-40795,0.003740000,0.593840000,0.9340277777777778,2026-06-04,2026-06-04,CVE-2025-40795,9.8,2025-10-14T10:15:39.027
CVE-2025-40757,0.000590000,0.187730000,0.6287037037037037,2026-06-04,2026-06-04,CVE-2025-40757,5.3,2026-04-15T00:35:42.020
CVE-2025-40594,0.000420000,0.132440000,0.46944444444444444,2026-06-04,2026-06-04,CVE-2025-40594,9.8,2026-03-10T18:17:54.193
CVE-2025-39553,0.000570000,0.180810000,0.6113425925925926,2026-06-04,2026-06-04,CVE-2025-39553,4.3,2026-04-23T15:29:46.720
CVE-2025-39541,0.000630000,0.196870000,0.65625,2026-06-04,2026-06-04,CVE-2025-39541,6.5,2026-04-23T15:29:45.347
CVE-2025-39523,0.000620000,0.195890000,0.6523148148148148,2026-06-04,2026-06-04,CVE-2025-39523,4.7,2026-04-23T15:29:43.447
CVE-2025-33045,0.000240000,0.070620000,0.2363425925925926,2026-06-04,2026-06-04,CVE-2025-33045,6.7,2025-10-02T14:12:42.347
CVE-2025-32689,0.000820000,0.240310000,0.7532407407407408,2026-06-04,2026-06-04,CVE-2025-32689,7.5,2026-04-29T10:16:46.417
CVE-2025-32688,0.000710000,0.219100000,0.7085648148148148,2026-06-04,2026-06-04,CVE-2025-32688,5.4,2026-04-23T15:29:21.253
CVE-2025-32486,0.000940000,0.262110000,0.7888888888888889,2026-06-04,2026-06-04,CVE-2025-32486,9.8,2026-04-23T15:28:58.213
CVE-2025-30875,0.001300000,0.320030000,0.8395833333333333,2026-06-04,2026-06-04,CVE-2025-30875,5.9,2026-04-23T15:27:14.433
CVE-2025-24404,0.000910000,0.257190000,0.780787037037037,2026-06-04,2026-06-04,CVE-2025-24404,8.8,2025-11-04T22:16:07.513
CVE-2025-10183,0.001280000,0.316560000,0.8363425925925926,2026-06-04,2026-06-04,CVE-2025-10183,9.1,2026-04-15T00:35:42.020
CVE-2025-10134,0.009060000,0.761350000,0.9666666666666667,2026-06-04,2026-06-04,CVE-2025-10134,9.1,2026-04-15T00:35:42.020
CVE-2025-10123,0.005950000,0.696930000,0.9532407407407407,2026-06-04,2026-06-04,CVE-2025-10123,9.8,2026-04-29T01:00:01.613
CVE-2025-10122,0.000540000,0.170870000,0.5907407407407408,2026-06-04,2026-06-04,CVE-2025-10122,7.2,2026-04-29T01:00:01.613
CVE-2025-10107,0.001970000,0.416250000,0.8905092592592593,2026-06-04,2026-06-04,CVE-2025-10107,4.7,2026-04-29T01:00:01.613
CVE-2025-10095,0.000330000,0.102330000,0.3875,2026-06-04,2026-06-04,CVE-2025-10095,,2026-04-15T00:35:42.020
CVE-2024-45325,0.000320000,0.097810000,0.3541666666666667,2026-06-04,2026-06-04,CVE-2024-45325,6.7,2025-09-10T15:11:07.573
CVE-2025-57061,0.001220000,0.308500000,0.8275462962962963,2026-06-04,2026-06-04,CVE-2025-57061,7.5,2025-09-15T18:14:31.390
CVE-2025-57059,0.001220000,0.308500000,0.8275462962962963,2026-06-04,2026-06-04,CVE-2025-57059,7.5,2025-09-15T18:14:18.027
CVE-2025-57058,0.001220000,0.308500000,0.8275462962962963,2026-06-04,2026-06-04,CVE-2025-57058,7.5,2025-09-15T18:14:03.890
CVE-2025-57057,0.001220000,0.308500000,0.8275462962962963,2026-06-04,2026-06-04,CVE-2025-57057,7.5,2025-09-15T18:13:34.697
CVE-2025-55317,0.001350000,0.330430000,0.8474537037037037,2026-06-04,2026-06-04,CVE-2025-55317,7.8,2025-09-12T14:51:32.717
CVE-2025-55316,0.002730000,0.509030000,0.9155092592592593,2026-06-04,2026-06-04,CVE-2025-55316,7.8,2025-09-12T14:50:22.087
CVE-2025-55245,0.001350000,0.330430000,0.8474537037037037,2026-06-04,2026-06-04,CVE-2025-55245,7.8,2025-09-12T14:48:41.690
CVE-2025-55243,0.002540000,0.488940000,0.9104166666666667,2026-06-04,2026-06-04,CVE-2025-55243,7.5,2025-10-02T18:04:11.613
CVE-2025-55236,0.001180000,0.302250000,0.8240740740740741,2026-06-04,2026-06-04,CVE-2025-55236,7.8,2025-09-12T14:47:55.667
CVE-2025-55234,0.004060000,0.613720000,0.9386574074074074,2026-06-04,2026-06-04,CVE-2025-55234,9.8,2025-10-17T16:15:37.910
CVE-2025-55232,0.012530000,0.796870000,0.9719907407407408,2026-06-04,2026-06-04,CVE-2025-55232,9.8,2025-12-19T14:47:09.780
CVE-2025-55228,0.000590000,0.188200000,0.6287037037037037,2026-06-04,2026-06-04,CVE-2025-55228,7.8,2025-10-02T14:52:37.270
CVE-2025-55227,0.001880000,0.404610000,0.8861111111111111,2026-06-04,2026-06-04,CVE-2025-55227,8.8,2025-09-12T16:57:17.750
CVE-2025-55226,0.000290000,0.087160000,0.31527777777777777,2026-06-04,2026-06-04,CVE-2025-55226,6.7,2025-09-12T14:54:20.230
CVE-2025-55225,0.001110000,0.291900000,0.8155092592592592,2026-06-04,2026-06-04,CVE-2025-55225,6.5,2025-09-12T14:53:59.267
CVE-2025-55224,0.000590000,0.188200000,0.6287037037037037,2026-06-04,2026-06-04,CVE-2025-55224,7.8,2025-09-12T14:53:22.403
CVE-2025-55223,0.000590000,0.188200000,0.6287037037037037,2026-06-04,2026-06-04,CVE-2025-55223,7.0,2025-09-12T14:52:42.357
CVE-2025-54919,0.000610000,0.191580000,0.6458333333333334,2026-06-04,2026-06-04,CVE-2025-54919,7.5,2025-09-12T16:56:56.560
CVE-2025-54918,0.002880000,0.524500000,0.919212962962963,2026-06-04,2026-06-04,CVE-2025-54918,8.8,2025-10-02T14:52:16.013
CVE-2025-54917,0.001000000,0.272610000,0.8013888888888889,2026-06-04,2026-06-04,CVE-2025-54917,4.3,2025-10-02T14:51:59.930
CVE-2025-54916,0.001720000,0.381580000,0.8756944444444444,2026-06-04,2026-06-04,CVE-2025-54916,7.8,2025-10-02T14:47:59.050
CVE-2025-54915,0.002620000,0.497810000,0.912962962962963,2026-06-04,2026-06-04,CVE-2025-54915,6.7,2025-10-02T14:47:43.120
CVE-2025-54913,0.000590000,0.188200000,0.6287037037037037,2026-06-04,2026-06-04,CVE-2025-54913,7.8,2025-10-02T14:41:09.277
CVE-2025-54912,0.001110000,0.290790000,0.8155092592592592,2026-06-04,2026-06-04,CVE-2025-54912,7.8,2025-10-02T14:40:53.743
CVE-2025-54911,0.001000000,0.272640000,0.8013888888888889,2026-06-04,2026-06-04,CVE-2025-54911,7.3,2025-09-15T18:02:12.710
CVE-2025-54910,0.001470000,0.347510000,0.8608796296296296,2026-06-04,2026-06-04,CVE-2025-54910,8.4,2025-09-12T16:54:37.893
CVE-2025-54908,0.001010000,0.274000000,0.8037037037037037,2026-06-04,2026-06-04,CVE-2025-54908,7.8,2025-09-12T16:54:17.017
CVE-2025-54907,0.001010000,0.274000000,0.8037037037037037,2026-06-04,2026-06-04,CVE-2025-54907,7.8,2025-09-12T16:53:41.900
CVE-2025-54906,0.002140000,0.439130000,0.8997685185185185,2026-06-04,2026-06-04,CVE-2025-54906,7.8,2025-09-12T16:50:22.293
CVE-2025-54905,0.001100000,0.288910000,0.8141203703703703,2026-06-04,2026-06-04,CVE-2025-54905,7.1,2025-09-12T16:52:24.250
CVE-2025-54904,0.001320000,0.323320000,0.8428240740740741,2026-06-04,2026-06-04,CVE-2025-54904,7.8,2025-09-12T16:52:07.960
CVE-2025-54903,0.001320000,0.323320000,0.8428240740740741,2026-06-04,2026-06-04,CVE-2025-54903,7.8,2025-09-12T16:51:16.900
CVE-2025-54902,0.001320000,0.323320000,0.8428240740740741,2026-06-04,2026-06-04,CVE-2025-54902,7.8,2025-10-01T20:29:54.223
CVE-2025-54901,0.001030000,0.277710000,0.8071759259259259,2026-06-04,2026-06-04,CVE-2025-54901,5.5,2025-10-01T20:30:15.710
CVE-2025-54900,0.001320000,0.323320000,0.8428240740740741,2026-06-04,2026-06-04,CVE-2025-54900,7.8,2025-09-12T16:50:48.290
CVE-2025-54899,0.001320000,0.323320000,0.8428240740740741,2026-06-04,2026-06-04,CVE-2025-54899,7.8,2025-09-12T16:44:23.027
CVE-2025-54898,0.001320000,0.323320000,0.8428240740740741,2026-06-04,2026-06-04,CVE-2025-54898,7.8,2025-09-12T16:44:51.287
CVE-2025-54897,0.119500000,0.938910000,0.9962962962962963,2026-06-04,2026-06-04,CVE-2025-54897,8.8,2025-09-12T16:45:25.173
CVE-2025-54896,0.001320000,0.323320000,0.8428240740740741,2026-06-04,2026-06-04,CVE-2025-54896,7.8,2025-09-12T16:45:48.937
CVE-2025-54895,0.001110000,0.291800000,0.8155092592592592,2026-06-04,2026-06-04,CVE-2025-54895,7.8,2025-10-02T18:03:20.903
CVE-2025-54894,0.001450000,0.346040000,0.8560185185185185,2026-06-04,2026-06-04,CVE-2025-54894,7.8,2025-10-02T18:03:12.120
CVE-2025-54709,0.001780000,0.390550000,0.8798611111111111,2026-06-04,2026-06-04,CVE-2025-54709,8.1,2026-04-28T19:33:50.770
CVE-2025-54261,0.046960000,0.895400000,0.9909722222222223,2026-06-04,2026-06-04,CVE-2025-54261,10.0,2025-10-03T12:34:44.777
CVE-2025-54252,0.000400000,0.125420000,0.4465277777777778,2026-06-04,2026-06-04,CVE-2025-54252,5.4,2025-09-12T14:14:17.757
CVE-2025-54251,0.094230000,0.929500000,0.9953703703703703,2026-06-04,2026-06-04,CVE-2025-54251,4.3,2025-10-02T14:43:16.193
CVE-2025-54250,0.004980000,0.662390000,0.9462962962962963,2026-06-04,2026-06-04,CVE-2025-54250,4.9,2025-09-12T14:22:03.050
CVE-2025-54249,0.056010000,0.904760000,0.9923611111111111,2026-06-04,2026-06-04,CVE-2025-54249,6.5,2025-09-12T14:21:46.463
CVE-2025-54248,0.001750000,0.387430000,0.8768518518518519,2026-06-04,2026-06-04,CVE-2025-54248,7.7,2025-09-12T14:21:57.403
CVE-2025-54247,0.002870000,0.524040000,0.9185185185185185,2026-06-04,2026-06-04,CVE-2025-54247,6.5,2025-09-12T14:21:33.017
CVE-2025-54246,0.000800000,0.237240000,0.7423611111111111,2026-06-04,2026-06-04,CVE-2025-54246,6.5,2025-09-12T14:21:20.777
CVE-2025-54116,0.001030000,0.277380000,0.8071759259259259,2026-06-04,2026-06-04,CVE-2025-54116,7.3,2025-10-02T18:03:02.620
CVE-2025-54115,0.001760000,0.388220000,0.8777777777777778,2026-06-04,2026-06-04,CVE-2025-54115,7.0,2025-11-11T15:15:36.177
CVE-2025-54114,0.000780000,0.232920000,0.7381944444444445,2026-06-04,2026-06-04,CVE-2025-54114,7.0,2025-11-21T19:15:54.303
CVE-2025-54113,0.001670000,0.375660000,0.8738425925925926,2026-06-04,2026-06-04,CVE-2025-54113,8.8,2025-10-01T20:29:39.270
CVE-2025-54112,0.001010000,0.273940000,0.8037037037037037,2026-06-04,2026-06-04,CVE-2025-54112,7.0,2025-10-01T20:17:04.217
CVE-2025-54111,0.001010000,0.273940000,0.8037037037037037,2026-06-04,2026-06-04,CVE-2025-54111,7.8,2025-10-01T20:00:39.310
CVE-2025-54110,0.001140000,0.295700000,0.819675925925926,2026-06-04,2026-06-04,CVE-2025-54110,8.8,2025-10-01T19:56:19.163
CVE-2025-54109,0.003350000,0.565820000,0.9261574074074074,2026-06-04,2026-06-04,CVE-2025-54109,6.7,2025-10-02T14:36:32.837
CVE-2025-54108,0.000780000,0.232920000,0.7381944444444445,2026-06-04,2026-06-04,CVE-2025-54108,7.0,2025-10-02T14:36:24.210
CVE-2025-54107,0.001310000,0.321500000,0.8416666666666667,2026-06-04,2026-06-04,CVE-2025-54107,4.3,2025-10-02T16:33:56.073
CVE-2025-54106,0.001610000,0.367110000,0.8715277777777778,2026-06-04,2026-06-04,CVE-2025-54106,8.8,2025-10-02T16:32:57.737
CVE-2025-54105,0.000780000,0.232920000,0.7381944444444445,2026-06-04,2026-06-04,CVE-2025-54105,7.0,2025-10-02T16:28:07.697
CVE-2025-54104,0.003350000,0.565820000,0.9261574074074074,2026-06-04,2026-06-04,CVE-2025-54104,6.7,2025-10-02T16:27:57.370
CVE-2025-54103,0.001020000,0.275260000,0.8060185185185185,2026-06-04,2026-06-04,CVE-2025-54103,7.4,2025-10-02T17:10:58.520
CVE-2025-54102,0.001450000,0.346040000,0.8560185185185185,2026-06-04,2026-06-04,CVE-2025-54102,7.8,2025-10-02T15:01:04.387
CVE-2025-54101,0.003000000,0.536550000,0.9217592592592593,2026-06-04,2026-06-04,CVE-2025-54101,4.8,2025-10-17T16:15:37.743
CVE-2025-54099,0.001010000,0.273940000,0.8037037037037037,2026-06-04,2026-06-04,CVE-2025-54099,7.0,2025-10-02T16:56:33.693
CVE-2025-54098,0.002160000,0.440980000,0.9006944444444445,2026-06-04,2026-06-04,CVE-2025-54098,7.8,2025-10-02T16:56:20.283
CVE-2025-54097,0.001460000,0.347130000,0.8592592592592593,2026-06-04,2026-06-04,CVE-2025-54097,6.5,2025-10-02T16:37:25.310
CVE-2025-54096,0.001460000,0.347130000,0.8592592592592593,2026-06-04,2026-06-04,CVE-2025-54096,6.5,2025-10-02T16:36:31.197
CVE-2025-54095,0.001350000,0.330270000,0.8474537037037037,2026-06-04,2026-06-04,CVE-2025-54095,6.5,2025-10-02T16:36:20.910
CVE-2025-54094,0.003350000,0.565820000,0.9261574074074074,2026-06-04,2026-06-04,CVE-2025-54094,6.7,2025-10-02T17:12:34.027
CVE-2025-54093,0.000810000,0.238970000,0.7467592592592592,2026-06-04,2026-06-04,CVE-2025-54093,7.0,2025-10-02T17:12:22.567
CVE-2025-54092,0.001130000,0.294040000,0.8189814814814815,2026-06-04,2026-06-04,CVE-2025-54092,7.8,2025-10-02T17:11:58.067
CVE-2025-54091,0.002000000,0.419310000,0.8918981481481482,2026-06-04,2026-06-04,CVE-2025-54091,7.8,2025-10-02T17:11:46.033
CVE-2025-53810,0.003350000,0.565820000,0.9261574074074074,2026-06-04,2026-06-04,CVE-2025-53810,6.7,2025-10-02T17:11:37.260
CVE-2025-53809,0.005620000,0.686870000,0.950462962962963,2026-06-04,2026-06-04,CVE-2025-53809,6.5,2025-09-22T17:12:18.433
CVE-2025-53808,0.003350000,0.565820000,0.9261574074074074,2026-06-04,2026-06-04,CVE-2025-53808,6.7,2025-10-02T17:52:33.157
CVE-2025-53807,0.000780000,0.232920000,0.7381944444444445,2026-06-04,2026-06-04,CVE-2025-53807,7.0,2025-10-02T18:10:17.003
CVE-2025-53806,0.001460000,0.347130000,0.8592592592592593,2026-06-04,2026-06-04,CVE-2025-53806,6.5,2025-10-02T18:10:07.060
CVE-2025-53805,0.002700000,0.506390000,0.9152777777777777,2026-06-04,2026-06-04,CVE-2025-53805,7.5,2025-10-02T18:09:53.577
CVE-2025-53804,0.001860000,0.402230000,0.8851851851851852,2026-06-04,2026-06-04,CVE-2025-53804,5.5,2025-10-02T18:09:39.647
CVE-2025-53803,0.001860000,0.402230000,0.8851851851851852,2026-06-04,2026-06-04,CVE-2025-53803,5.5,2025-10-02T18:09:31.773
CVE-2025-53802,0.001010000,0.273940000,0.8037037037037037,2026-06-04,2026-06-04,CVE-2025-53802,7.0,2025-10-02T18:54:11.783
CVE-2025-53801,0.001450000,0.346040000,0.8560185185185185,2026-06-04,2026-06-04,CVE-2025-53801,7.8,2025-10-02T18:54:02.340
CVE-2025-53800,0.002920000,0.528480000,0.9212962962962963,2026-06-04,2026-06-04,CVE-2025-53800,7.8,2025-10-02T18:50:51.397
CVE-2025-53799,0.001570000,0.361770000,0.868287037037037,2026-06-04,2026-06-04,CVE-2025-53799,5.5,2026-05-22T14:49:53.277
CVE-2025-53798,0.001350000,0.330270000,0.8474537037037037,2026-06-04,2026-06-04,CVE-2025-53798,6.5,2025-10-02T18:50:29.157
CVE-2025-53797,0.001350000,0.330270000,0.8474537037037037,2026-06-04,2026-06-04,CVE-2025-53797,6.5,2025-10-02T18:45:20.750
CVE-2025-53796,0.001460000,0.347130000,0.8592592592592593,2026-06-04,2026-06-04,CVE-2025-53796,6.5,2025-10-02T18:45:13.933
CVE-2025-53348,0.000570000,0.179540000,0.6113425925925926,2026-06-04,2026-06-04,CVE-2025-53348,5.3,2026-04-29T10:16:49.740
CVE-2025-53340,0.000570000,0.180800000,0.6113425925925926,2026-06-04,2026-06-04,CVE-2025-53340,5.3,2026-04-23T15:32:31.417
CVE-2025-53303,0.001570000,0.361730000,0.868287037037037,2026-06-04,2026-06-04,CVE-2025-53303,8.8,2026-04-23T15:32:27.390
CVE-2025-53291,0.000690000,0.214110000,0.6981481481481482,2026-06-04,2026-06-04,CVE-2025-53291,5.4,2026-04-23T15:32:26.207
CVE-2025-49860,0.000570000,0.180800000,0.6113425925925926,2026-06-04,2026-06-04,CVE-2025-49860,5.3,2026-04-23T15:31:44.237
CVE-2025-49734,0.000840000,0.245530000,0.7599537037037037,2026-06-04,2026-06-04,CVE-2025-49734,7.0,2025-10-02T18:45:04.910
CVE-2025-49692,0.001210000,0.307250000,0.8263888888888888,2026-06-04,2026-06-04,CVE-2025-49692,7.8,2025-10-01T20:30:30.897
CVE-2025-49430,0.000540000,0.171810000,0.5907407407407408,2026-06-04,2026-06-04,CVE-2025-49430,7.2,2026-04-23T15:31:40.270
CVE-2025-48101,0.001090000,0.287340000,0.8131944444444444,2026-06-04,2026-06-04,CVE-2025-48101,8.8,2026-04-28T19:32:35.500
CVE-2025-47997,0.002170000,0.442840000,0.9009259259259259,2026-06-04,2026-06-04,CVE-2025-47997,5.3,2025-09-12T16:47:05.683
CVE-2025-9269,0.000800000,0.236100000,0.7423611111111111,2026-06-04,2026-06-04,CVE-2025-9269,,2026-04-15T00:35:42.020
CVE-2025-7635,0.000340000,0.103040000,0.3958333333333333,2026-06-04,2026-06-04,CVE-2025-7635,7.7,2025-12-22T20:01:56.000
CVE-2025-59008,0.000490000,0.154230000,0.5592592592592592,2026-06-04,2026-06-04,CVE-2025-59008,7.6,2026-04-23T15:34:01.963
CVE-2025-59005,0.000530000,0.169830000,0.5833333333333334,2026-06-04,2026-06-04,CVE-2025-59005,4.3,2026-04-23T15:34:01.543
CVE-2025-58997,0.000260000,0.077380000,0.2759259259259259,2026-06-04,2026-06-04,CVE-2025-58997,9.6,2026-04-23T15:34:01.170
CVE-2025-58993,0.000490000,0.154230000,0.5592592592592592,2026-06-04,2026-06-04,CVE-2025-58993,7.6,2026-04-23T15:34:00.753
CVE-2025-58991,0.000220000,0.064780000,0.20671296296296296,2026-06-04,2026-06-04,CVE-2025-58991,7.1,2026-04-28T19:34:26.597
CVE-2025-58990,0.000380000,0.116320000,0.42430555555555555,2026-06-04,2026-06-04,CVE-2025-58990,5.4,2026-04-23T15:34:00.410
CVE-2025-58989,0.000420000,0.130800000,0.46944444444444444,2026-06-04,2026-06-04,CVE-2025-58989,6.5,2026-04-23T15:34:00.293
CVE-2025-58988,0.000420000,0.130800000,0.46944444444444444,2026-06-04,2026-06-04,CVE-2025-58988,6.5,2026-04-23T15:34:00.177
CVE-2025-58987,0.000420000,0.130800000,0.46944444444444444,2026-06-04,2026-06-04,CVE-2025-58987,6.5,2026-04-23T15:34:00.060
CVE-2025-58985,0.000420000,0.130800000,0.46944444444444444,2026-06-04,2026-06-04,CVE-2025-58985,6.5,2026-04-23T15:33:59.763
CVE-2025-58984,0.000390000,0.118900000,0.43495370370370373,2026-06-04,2026-06-04,CVE-2025-58984,5.9,2026-04-23T15:33:59.660
CVE-2025-58983,0.000390000,0.118900000,0.43495370370370373,2026-06-04,2026-06-04,CVE-2025-58983,5.9,2026-04-23T15:33:59.550
CVE-2025-58982,0.000390000,0.118900000,0.43495370370370373,2026-06-04,2026-06-04,CVE-2025-58982,5.9,2026-04-28T19:34:26.060
CVE-2025-58981,0.000510000,0.161650000,0.5708333333333333,2026-06-04,2026-06-04,CVE-2025-58981,5.4,2026-04-23T15:33:59.323
CVE-2025-58980,0.000570000,0.180800000,0.6113425925925926,2026-06-04,2026-06-04,CVE-2025-58980,5.3,2026-04-23T15:33:59.207
CVE-2025-58979,0.000570000,0.179540000,0.6113425925925926,2026-06-04,2026-06-04,CVE-2025-58979,5.3,2026-04-23T15:33:59.083
CVE-2025-58978,0.000570000,0.180800000,0.6113425925925926,2026-06-04,2026-06-04,CVE-2025-58978,5.3,2026-04-23T15:33:58.970
CVE-2025-58977,0.000380000,0.117470000,0.42430555555555555,2026-06-04,2026-06-04,CVE-2025-58977,4.9,2026-04-23T15:33:58.857
CVE-2025-58976,0.000510000,0.161650000,0.5708333333333333,2026-06-04,2026-06-04,CVE-2025-58976,4.3,2026-04-23T15:33:58.740
CVE-2025-58975,0.000230000,0.068110000,0.23032407407407407,2026-06-04,2026-06-04,CVE-2025-58975,4.3,2026-04-23T15:33:58.623
CVE-2025-58762,0.013930000,0.807150000,0.9745370370370371,2026-06-04,2026-06-04,CVE-2025-58762,7.2,2025-09-18T16:57:38.987
CVE-2025-58761,0.002150000,0.440270000,0.9002314814814815,2026-06-04,2026-06-04,CVE-2025-58761,7.5,2025-09-18T17:23:40.120
CVE-2025-58760,0.001600000,0.366000000,0.8712962962962963,2026-06-04,2026-06-04,CVE-2025-58760,7.5,2025-09-18T17:30:18.970
CVE-2025-58759,0.001590000,0.365360000,0.8701388888888889,2026-06-04,2026-06-04,CVE-2025-58759,6.5,2025-10-08T20:52:36.920
CVE-2025-58758,0.000660000,0.206260000,0.6733796296296296,2026-06-04,2026-06-04,CVE-2025-58758,7.3,2025-10-08T20:53:57.603
CVE-2025-58753,0.000240000,0.070200000,0.2363425925925926,2026-06-04,2026-06-04,CVE-2025-58753,7.5,2025-09-18T17:35:49.163
CVE-2025-58442,0.000730000,0.223080000,0.7145833333333333,2026-06-04,2026-06-04,CVE-2025-58442,5.3,2026-04-15T00:35:42.020
CVE-2025-58435,0.000750000,0.226910000,0.7236111111111111,2026-06-04,2026-06-04,CVE-2025-58435,,2026-04-15T00:35:42.020
CVE-2025-58430,0.000270000,0.081560000,0.2983796296296296,2026-06-04,2026-06-04,CVE-2025-58430,6.1,2025-10-10T21:49:03.133
CVE-2025-58215,0.001580000,0.363490000,0.8694444444444445,2026-06-04,2026-06-04,CVE-2025-58215,8.1,2026-04-23T15:33:19.170
CVE-2025-58180,0.022190000,0.847900000,0.981712962962963,2026-06-04,2026-06-04,CVE-2025-58180,8.8,2025-09-18T17:37:54.243
CVE-2025-58063,0.000950000,0.263350000,0.7912037037037037,2026-06-04,2026-06-04,CVE-2025-58063,7.1,2026-04-15T00:35:42.020
CVE-2025-57665,0.000900000,0.254610000,0.7791666666666667,2026-06-04,2026-06-04,CVE-2025-57665,6.4,2025-10-17T19:49:18.167
CVE-2025-57540,0.000520000,0.166610000,0.5782407407407407,2026-06-04,2026-06-04,CVE-2025-57540,5.4,2025-09-17T20:11:20.417
CVE-2025-57539,0.000520000,0.166610000,0.5782407407407407,2026-06-04,2026-06-04,CVE-2025-57539,5.4,2025-09-18T17:41:04.430
CVE-2025-57538,0.000850000,0.245980000,0.7627314814814815,2026-06-04,2026-06-04,CVE-2025-57538,5.4,2025-09-18T17:41:56.570
CVE-2025-57278,0.000570000,0.179290000,0.6113425925925926,2026-06-04,2026-06-04,CVE-2025-57278,8.8,2025-10-10T17:56:10.140
CVE-2025-57087,0.001220000,0.308500000,0.8275462962962963,2026-06-04,2026-06-04,CVE-2025-57087,7.5,2025-09-18T18:42:39.153
CVE-2025-57086,0.001220000,0.308500000,0.8275462962962963,2026-06-04,2026-06-04,CVE-2025-57086,7.5,2025-09-17T19:49:56.150
CVE-2025-57085,0.001290000,0.318070000,0.8372685185185185,2026-06-04,2026-06-04,CVE-2025-57085,9.8,2025-09-17T19:50:45.847
CVE-2025-57078,0.001220000,0.308500000,0.8275462962962963,2026-06-04,2026-06-04,CVE-2025-57078,7.5,2025-09-17T20:00:27.130
CVE-2025-57072,0.001220000,0.308500000,0.8275462962962963,2026-06-04,2026-06-04,CVE-2025-57072,7.5,2025-09-18T18:38:04.613
CVE-2025-57071,0.001220000,0.308500000,0.8275462962962963,2026-06-04,2026-06-04,CVE-2025-57071,7.5,2025-09-18T18:41:40.450
CVE-2025-57070,0.001220000,0.308500000,0.8275462962962963,2026-06-04,2026-06-04,CVE-2025-57070,7.5,2025-09-18T18:43:11.610
CVE-2025-57069,0.001220000,0.308500000,0.8275462962962963,2026-06-04,2026-06-04,CVE-2025-57069,7.5,2025-09-18T18:49:07.417
CVE-2025-57064,0.001220000,0.308500000,0.8275462962962963,2026-06-04,2026-06-04,CVE-2025-57064,7.5,2025-09-15T18:14:58.420
CVE-2025-57063,0.001220000,0.308500000,0.8275462962962963,2026-06-04,2026-06-04,CVE-2025-57063,7.5,2025-09-15T18:14:45.627
CVE-2025-57062,0.001220000,0.308500000,0.8275462962962963,2026-06-04,2026-06-04,CVE-2025-57062,7.5,2025-09-18T18:53:38.910
CVE-2025-57060,0.001220000,0.308500000,0.8275462962962963,2026-06-04,2026-06-04,CVE-2025-57060,7.5,2025-09-17T19:38:14.323
CVE-2025-55730,0.011710000,0.790100000,0.9710648148148148,2026-06-04,2026-06-04,CVE-2025-55730,10.0,2026-04-15T00:35:42.020
CVE-2025-55729,0.011710000,0.790100000,0.9710648148148148,2026-06-04,2026-06-04,CVE-2025-55729,10.0,2026-04-15T00:35:42.020
CVE-2025-55728,0.039960000,0.886270000,0.9893518518518518,2026-06-04,2026-06-04,CVE-2025-55728,9.8,2025-09-17T19:45:32.263
CVE-2025-55727,0.081770000,0.923360000,0.9949074074074075,2026-06-04,2026-06-04,CVE-2025-55727,9.8,2025-09-17T19:46:54.973
CVE-2025-55054,0.000380000,0.117350000,0.42430555555555555,2026-06-04,2026-06-04,CVE-2025-55054,6.1,2026-04-15T00:35:42.020
CVE-2025-55053,0.000380000,0.116260000,0.42430555555555555,2026-06-04,2026-06-04,CVE-2025-55053,6.5,2026-04-15T00:35:42.020
CVE-2025-55052,0.000590000,0.186390000,0.6287037037037037,2026-06-04,2026-06-04,CVE-2025-55052,4.3,2026-04-15T00:35:42.020
CVE-2025-55051,0.000860000,0.247870000,0.7645833333333333,2026-06-04,2026-06-04,CVE-2025-55051,10.0,2026-04-15T00:35:42.020
CVE-2025-55050,0.000860000,0.247870000,0.7645833333333333,2026-06-04,2026-06-04,CVE-2025-55050,9.8,2026-04-15T00:35:42.020
CVE-2025-55049,0.000640000,0.199870000,0.6622685185185185,2026-06-04,2026-06-04,CVE-2025-55049,9.1,2026-04-15T00:35:42.020
CVE-2025-55048,0.000860000,0.247550000,0.7645833333333333,2026-06-04,2026-06-04,CVE-2025-55048,9.8,2026-04-15T00:35:42.020
CVE-2025-55047,0.000250000,0.076070000,0.24976851851851853,2026-06-04,2026-06-04,CVE-2025-55047,8.4,2026-04-15T00:35:42.020
CVE-2025-5500,0.000220000,0.063510000,0.20671296296296296,2026-06-04,2026-06-04,CVE-2025-5500,5.3,2026-04-29T01:00:01.613
CVE-2025-54257,0.000510000,0.162020000,0.5708333333333333,2026-06-04,2026-06-04,CVE-2025-54257,7.8,2025-11-03T19:16:09.190
CVE-2025-54256,0.000180000,0.047850000,0.11435185185185186,2026-06-04,2026-06-04,CVE-2025-54256,8.6,2025-09-15T14:20:49.737
CVE-2025-54255,0.000820000,0.240250000,0.7532407407407408,2026-06-04,2026-06-04,CVE-2025-54255,4.0,2025-10-02T14:43:43.207
CVE-2025-54242,0.000510000,0.162020000,0.5708333333333333,2026-06-04,2026-06-04,CVE-2025-54242,7.8,2025-09-15T14:21:14.580
CVE-2025-54084,0.002690000,0.505800000,0.9148148148148149,2026-06-04,2026-06-04,CVE-2025-54084,,2026-04-15T00:35:42.020
CVE-2025-54083,0.000320000,0.099050000,0.3541666666666667,2026-06-04,2026-06-04,CVE-2025-54083,,2026-04-15T00:35:42.020
CVE-2025-53914,0.000310000,0.095290000,0.34375,2026-06-04,2026-06-04,CVE-2025-53914,,2026-04-15T00:35:42.020
CVE-2025-53913,0.000310000,0.095290000,0.34375,2026-06-04,2026-06-04,CVE-2025-53913,,2026-04-15T00:35:42.020
CVE-2025-5005,0.000800000,0.237400000,0.7423611111111111,2026-06-04,2026-06-04,CVE-2025-5005,7.3,2026-04-29T01:00:01.613
CVE-2025-47415,0.001380000,0.334150000,0.850462962962963,2026-06-04,2026-06-04,CVE-2025-47415,,2026-04-15T00:35:42.020
CVE-2025-44595,0.000380000,0.117350000,0.42430555555555555,2026-06-04,2026-06-04,CVE-2025-44595,6.1,2025-09-18T20:33:03.940
CVE-2025-44594,0.000640000,0.199870000,0.6622685185185185,2026-06-04,2026-06-04,CVE-2025-44594,9.1,2025-09-17T19:34:21.873
CVE-2025-44593,0.000380000,0.117350000,0.42430555555555555,2026-06-04,2026-06-04,CVE-2025-44593,6.1,2025-09-18T20:33:52.180
CVE-2025-43786,0.000560000,0.176220000,0.6055555555555555,2026-06-04,2026-06-04,CVE-2025-43786,5.3,2025-12-16T15:11:25.593
CVE-2025-43781,0.000450000,0.140920000,0.5057870370370371,2026-06-04,2026-06-04,CVE-2025-43781,6.1,2025-12-16T15:29:46.143
CVE-2025-43775,0.000410000,0.126050000,0.46111111111111114,2026-06-04,2026-06-04,CVE-2025-43775,5.4,2025-12-16T15:04:29.380
CVE-2025-43491,0.000420000,0.132470000,0.46944444444444444,2026-06-04,2026-06-04,CVE-2025-43491,9.8,2026-01-16T16:36:19.900
CVE-2025-36125,0.000320000,0.098520000,0.3541666666666667,2026-06-04,2026-06-04,CVE-2025-36125,5.4,2025-12-19T14:38:50.407
CVE-2025-36011,0.000210000,0.060060000,0.16643518518518519,2026-06-04,2026-06-04,CVE-2025-36011,4.3,2025-10-03T19:04:22.843
CVE-2025-34178,0.000310000,0.093670000,0.34375,2026-06-04,2026-06-04,CVE-2025-34178,5.4,2025-10-10T18:42:08.297
CVE-2025-34177,0.000310000,0.094070000,0.34375,2026-06-04,2026-06-04,CVE-2025-34177,5.4,2025-10-10T18:42:15.210
CVE-2025-34176,0.000700000,0.215200000,0.7043981481481482,2026-06-04,2026-06-04,CVE-2025-34176,4.3,2025-10-17T19:46:03.720
CVE-2025-34175,0.000640000,0.200920000,0.6622685185185185,2026-06-04,2026-06-04,CVE-2025-34175,6.1,2025-10-10T18:46:41.620
CVE-2025-34174,0.000420000,0.131530000,0.46944444444444444,2026-06-04,2026-06-04,CVE-2025-34174,5.4,2025-10-10T18:47:06.700
CVE-2025-34173,0.000820000,0.241260000,0.7532407407407408,2026-06-04,2026-06-04,CVE-2025-34173,4.3,2025-10-20T14:50:04.643
CVE-2025-34172,0.000390000,0.120130000,0.43495370370370373,2026-06-04,2026-06-04,CVE-2025-34172,6.1,2025-10-10T18:47:46.710
CVE-2025-29089,0.000890000,0.253180000,0.7759259259259259,2026-06-04,2026-06-04,CVE-2025-29089,7.5,2026-04-15T00:35:42.020
CVE-2025-23344,0.000710000,0.217680000,0.7085648148148148,2026-06-04,2026-06-04,CVE-2025-23344,9.8,2025-09-18T20:24:59.437
CVE-2025-23343,0.000840000,0.245350000,0.7599537037037037,2026-06-04,2026-06-04,CVE-2025-23343,9.8,2025-09-18T20:14:18.620
CVE-2025-23342,0.000710000,0.217060000,0.7085648148148148,2026-06-04,2026-06-04,CVE-2025-23342,9.8,2025-09-18T20:13:33.893
CVE-2025-10199,0.000230000,0.067620000,0.23032407407407407,2026-06-04,2026-06-04,CVE-2025-10199,7.8,2025-11-03T19:15:44.660
CVE-2025-10198,0.000180000,0.048320000,0.11435185185185186,2026-06-04,2026-06-04,CVE-2025-10198,7.8,2026-01-20T17:15:48.180
CVE-2025-10170,0.003560000,0.581550000,0.9317129629629629,2026-06-04,2026-06-04,CVE-2025-10170,8.8,2026-01-08T16:15:32.210
CVE-2025-10169,0.004890000,0.658750000,0.9456018518518519,2026-06-04,2026-06-04,CVE-2025-10169,8.8,2026-01-08T16:16:32.870
CVE-2025-10164,0.001110000,0.290980000,0.8155092592592592,2026-06-04,2026-06-04,CVE-2025-10164,7.3,2026-04-29T01:00:01.613
CVE-2025-10159,0.000580000,0.184960000,0.6189814814814815,2026-06-04,2026-06-04,CVE-2025-10159,9.8,2026-04-15T00:35:42.020
CVE-2025-9997,0.000880000,0.251320000,0.7731481481481481,2026-06-04,2026-06-04,CVE-2025-9997,,2026-04-15T00:35:42.020
CVE-2025-9996,0.000870000,0.249080000,0.767824074074074,2026-06-04,2026-06-04,CVE-2025-9996,,2026-04-15T00:35:42.020
CVE-2025-9979,0.000630000,0.197180000,0.65625,2026-06-04,2026-06-04,CVE-2025-9979,4.3,2026-04-15T00:35:42.020
CVE-2025-9943,0.002310000,0.459930000,0.906712962962963,2026-06-04,2026-06-04,CVE-2025-9943,9.1,2026-04-15T00:35:42.020
CVE-2025-9888,0.000260000,0.076290000,0.2759259259259259,2026-06-04,2026-06-04,CVE-2025-9888,4.3,2026-04-15T00:35:42.020
CVE-2025-9857,0.000480000,0.151340000,0.5486111111111112,2026-06-04,2026-06-04,CVE-2025-9857,6.4,2026-04-15T00:35:42.020
CVE-2025-9622,0.000320000,0.096100000,0.3541666666666667,2026-06-04,2026-06-04,CVE-2025-9622,4.3,2026-04-15T00:35:42.020
CVE-2025-9463,0.000510000,0.160910000,0.5708333333333333,2026-06-04,2026-06-04,CVE-2025-9463,6.5,2026-04-15T00:35:42.020
CVE-2025-9367,0.000490000,0.156490000,0.5592592592592592,2026-06-04,2026-06-04,CVE-2025-9367,5.5,2026-04-15T00:35:42.020
CVE-2025-8778,0.000630000,0.197210000,0.65625,2026-06-04,2026-06-04,CVE-2025-8778,4.3,2026-04-15T00:35:42.020
CVE-2025-8388,0.000480000,0.151340000,0.5486111111111112,2026-06-04,2026-06-04,CVE-2025-8388,6.4,2026-04-15T00:35:42.020
CVE-2025-7843,0.000510000,0.161650000,0.5708333333333333,2026-06-04,2026-06-04,CVE-2025-7843,6.4,2026-04-15T00:35:42.020
CVE-2025-7826,0.000460000,0.145050000,0.5120370370370371,2026-06-04,2026-06-04,CVE-2025-7826,6.5,2026-04-15T00:35:42.020
CVE-2025-7746,0.000800000,0.235780000,0.7423611111111111,2026-06-04,2026-06-04,CVE-2025-7746,,2026-04-15T00:35:42.020
CVE-2025-7718,0.000810000,0.238180000,0.7467592592592592,2026-06-04,2026-06-04,CVE-2025-7718,8.8,2026-04-15T00:35:42.020
CVE-2025-7049,0.000810000,0.238180000,0.7467592592592592,2026-06-04,2026-06-04,CVE-2025-7049,8.8,2026-04-15T00:35:42.020
CVE-2025-6189,0.000430000,0.136150000,0.48541666666666666,2026-06-04,2026-06-04,CVE-2025-6189,6.5,2026-04-15T00:35:42.020
CVE-2025-59046,0.004630000,0.645860000,0.9439814814814815,2026-06-04,2026-06-04,CVE-2025-59046,9.8,2026-04-15T00:35:42.020
CVE-2025-59044,0.000240000,0.068670000,0.2363425925925926,2026-06-04,2026-06-04,CVE-2025-59044,4.4,2026-04-15T00:35:42.020
CVE-2025-59042,0.000220000,0.065620000,0.20671296296296296,2026-06-04,2026-06-04,CVE-2025-59042,,2026-04-15T00:35:42.020
CVE-2025-59039,0.001040000,0.279650000,0.8081018518518519,2026-06-04,2026-06-04,CVE-2025-59039,,2026-04-15T00:35:42.020
CVE-2025-59038,0.001040000,0.279650000,0.8081018518518519,2026-06-04,2026-06-04,CVE-2025-59038,,2026-04-15T00:35:42.020
CVE-2025-59037,0.000860000,0.248560000,0.7645833333333333,2026-06-04,2026-06-04,CVE-2025-59037,,2026-04-15T00:35:42.020
CVE-2025-59036,0.000830000,0.243350000,0.75625,2026-06-04,2026-06-04,CVE-2025-59036,5.5,2026-04-15T00:35:42.020
CVE-2025-58768,0.001980000,0.416560000,0.8907407407407407,2026-06-04,2026-06-04,CVE-2025-58768,9.6,2025-09-18T20:26:13.443
CVE-2025-58765,0.000760000,0.228700000,0.7326388888888888,2026-06-04,2026-06-04,CVE-2025-58765,7.1,2026-04-15T00:35:42.020
CVE-2025-58764,0.005160000,0.670380000,0.9481481481481482,2026-06-04,2026-06-04,CVE-2025-58764,9.8,2025-10-24T14:46:37.453
CVE-2025-58763,0.008670000,0.755120000,0.9643518518518519,2026-06-04,2026-06-04,CVE-2025-58763,7.2,2025-09-18T20:30:01.190
CVE-2025-58750,0.000790000,0.235020000,0.7405092592592593,2026-06-04,2026-06-04,CVE-2025-58750,9.1,2025-09-17T20:35:43.327
CVE-2025-58462,0.001210000,0.306660000,0.8263888888888888,2026-06-04,2026-06-04,CVE-2025-58462,9.8,2025-09-26T13:39:18.220
CVE-2025-58448,0.000500000,0.159310000,0.5659722222222222,2026-06-04,2026-06-04,CVE-2025-58448,9.8,2025-09-17T20:36:12.373
CVE-2025-58447,0.006410000,0.709700000,0.9560185185185185,2026-06-04,2026-06-04,CVE-2025-58447,9.8,2025-09-17T20:53:21.610
CVE-2025-58135,0.000670000,0.209430000,0.6851851851851852,2026-06-04,2026-06-04,CVE-2025-58135,6.5,2025-10-06T17:58:01.900
CVE-2025-58134,0.000450000,0.141330000,0.5057870370370371,2026-06-04,2026-06-04,CVE-2025-58134,4.3,2025-10-06T17:47:34.463
CVE-2025-58131,0.000160000,0.038410000,0.05555555555555555,2026-06-04,2026-06-04,CVE-2025-58131,6.6,2026-04-15T00:35:42.020
CVE-2025-57633,0.004160000,0.620370000,0.9393518518518519,2026-06-04,2026-06-04,CVE-2025-57633,9.8,2026-04-15T00:35:42.020
CVE-2025-57573,0.000580000,0.184170000,0.6189814814814815,2026-06-04,2026-06-04,CVE-2025-57573,5.6,2025-09-17T20:58:07.797
CVE-2025-57572,0.000580000,0.184170000,0.6189814814814815,2026-06-04,2026-06-04,CVE-2025-57572,5.6,2025-09-17T20:58:33.297
CVE-2025-57571,0.000580000,0.184170000,0.6189814814814815,2026-06-04,2026-06-04,CVE-2025-57571,5.6,2025-09-17T20:58:45.243
CVE-2025-57570,0.000580000,0.184170000,0.6189814814814815,2026-06-04,2026-06-04,CVE-2025-57570,5.6,2025-09-17T20:59:57.910
CVE-2025-57569,0.000580000,0.184170000,0.6189814814814815,2026-06-04,2026-06-04,CVE-2025-57569,5.6,2025-09-17T21:01:39.773
CVE-2025-56578,0.000470000,0.147360000,0.5252314814814815,2026-06-04,2026-06-04,CVE-2025-56578,5.7,2026-04-15T00:35:42.020
CVE-2025-56466,0.000670000,0.209480000,0.6851851851851852,2026-06-04,2026-06-04,CVE-2025-56466,7.5,2025-10-06T17:13:37.450
CVE-2025-56413,0.003480000,0.575780000,0.9291666666666667,2026-06-04,2026-06-04,CVE-2025-56413,8.8,2025-11-18T17:41:44.543
CVE-2025-56407,0.000540000,0.173310000,0.5907407407407408,2026-06-04,2026-06-04,CVE-2025-56407,8.8,2025-10-06T17:16:11.120
CVE-2025-56406,0.000820000,0.239760000,0.7532407407407408,2026-06-04,2026-06-04,CVE-2025-56406,7.5,2026-04-15T00:35:42.020
CVE-2025-56405,0.000970000,0.266900000,0.7949074074074074,2026-06-04,2026-06-04,CVE-2025-56405,7.5,2025-09-17T20:31:22.920
CVE-2025-56404,0.001280000,0.317020000,0.8363425925925926,2026-06-04,2026-06-04,CVE-2025-56404,7.5,2025-09-17T20:32:54.887
CVE-2025-54260,0.000380000,0.118080000,0.42430555555555555,2026-06-04,2026-06-04,CVE-2025-54260,7.8,2025-09-12T15:01:41.767
CVE-2025-54259,0.000380000,0.118080000,0.42430555555555555,2026-06-04,2026-06-04,CVE-2025-54259,7.8,2025-09-12T15:02:52.680
CVE-2025-54258,0.000510000,0.162020000,0.5708333333333333,2026-06-04,2026-06-04,CVE-2025-54258,7.8,2025-09-12T15:02:57.290
CVE-2025-54245,0.000380000,0.118080000,0.42430555555555555,2026-06-04,2026-06-04,CVE-2025-54245,7.8,2025-09-12T18:35:32.953
CVE-2025-54244,0.000380000,0.118080000,0.42430555555555555,2026-06-04,2026-06-04,CVE-2025-54244,7.8,2025-09-12T18:35:29.047
CVE-2025-54243,0.000380000,0.118080000,0.42430555555555555,2026-06-04,2026-06-04,CVE-2025-54243,7.8,2025-09-12T18:35:23.673
CVE-2025-54241,0.000360000,0.111390000,0.41064814814814815,2026-06-04,2026-06-04,CVE-2025-54241,5.5,2025-09-12T14:29:30.777
CVE-2025-54240,0.000360000,0.111390000,0.41064814814814815,2026-06-04,2026-06-04,CVE-2025-54240,5.5,2025-09-12T14:29:22.800
CVE-2025-54239,0.000360000,0.111390000,0.41064814814814815,2026-06-04,2026-06-04,CVE-2025-54239,5.5,2025-09-12T14:29:06.223
CVE-2025-49461,0.000620000,0.195150000,0.6523148148148148,2026-06-04,2026-06-04,CVE-2025-49461,7.4,2025-10-06T17:45:49.187
CVE-2025-49460,0.000850000,0.247120000,0.7627314814814815,2026-06-04,2026-06-04,CVE-2025-49460,7.5,2025-10-17T19:42:52.870
CVE-2025-49459,0.000240000,0.070370000,0.2363425925925926,2026-06-04,2026-06-04,CVE-2025-49459,7.8,2026-04-15T00:35:42.020
CVE-2025-49458,0.000970000,0.266410000,0.7949074074074074,2026-06-04,2026-06-04,CVE-2025-49458,6.5,2025-10-17T19:43:11.910
CVE-2025-43938,0.000190000,0.051920000,0.13171296296296298,2026-06-04,2026-06-04,CVE-2025-43938,4.4,2025-10-20T14:02:23.670
CVE-2025-43888,0.000280000,0.082730000,0.3087962962962963,2026-06-04,2026-06-04,CVE-2025-43888,7.8,2025-10-20T14:25:24.523
CVE-2025-43887,0.000150000,0.032230000,0.050694444444444445,2026-06-04,2026-06-04,CVE-2025-43887,7.8,2025-10-20T14:28:39.700
CVE-2025-43886,0.000250000,0.073820000,0.24976851851851853,2026-06-04,2026-06-04,CVE-2025-43886,4.4,2025-10-20T14:38:02.060
CVE-2025-43885,0.000410000,0.125820000,0.46111111111111114,2026-06-04,2026-06-04,CVE-2025-43885,7.8,2025-10-20T14:38:20.800
CVE-2025-43884,0.000250000,0.075450000,0.24976851851851853,2026-06-04,2026-06-04,CVE-2025-43884,6.7,2025-09-17T20:20:39.270
CVE-2025-43725,0.000190000,0.053020000,0.13171296296296298,2026-06-04,2026-06-04,CVE-2025-43725,7.8,2025-11-04T15:26:42.623
CVE-2025-41714,0.011940000,0.792000000,0.9715277777777778,2026-06-04,2026-06-04,CVE-2025-41714,8.8,2026-04-15T00:35:42.020
CVE-2025-40979,0.000270000,0.080650000,0.2983796296296296,2026-06-04,2026-06-04,CVE-2025-40979,,2026-04-15T00:35:42.020
CVE-2025-40725,0.000800000,0.235780000,0.7423611111111111,2026-06-04,2026-06-04,CVE-2025-40725,,2026-04-15T00:35:42.020
CVE-2025-36759,0.000880000,0.251020000,0.7731481481481481,2026-06-04,2026-06-04,CVE-2025-36759,,2026-04-15T00:35:42.020
CVE-2025-36758,0.000870000,0.250240000,0.767824074074074,2026-06-04,2026-06-04,CVE-2025-36758,,2026-04-15T00:35:42.020
CVE-2025-36757,0.000800000,0.236100000,0.7423611111111111,2026-06-04,2026-06-04,CVE-2025-36757,,2026-04-15T00:35:42.020
CVE-2025-36756,0.000750000,0.226910000,0.7236111111111111,2026-06-04,2026-06-04,CVE-2025-36756,,2026-04-15T00:35:42.020
CVE-2025-29592,0.001860000,0.401910000,0.8851851851851852,2026-06-04,2026-06-04,CVE-2025-29592,5.6,2025-11-19T17:06:38.830
CVE-2025-20340,0.000350000,0.108170000,0.4011574074074074,2026-06-04,2026-06-04,CVE-2025-20340,7.4,2026-04-15T00:35:42.020
CVE-2025-20248,0.000130000,0.024260000,0.0349537037037037,2026-06-04,2026-06-04,CVE-2025-20248,6.0,2026-04-15T00:35:42.020
CVE-2025-20159,0.000440000,0.137930000,0.4949074074074074,2026-06-04,2026-06-04,CVE-2025-20159,5.3,2026-04-15T00:35:42.020
CVE-2025-10231,0.000160000,0.039620000,0.05555555555555555,2026-06-04,2026-06-04,CVE-2025-10231,7.8,2025-09-22T18:25:11.643
CVE-2025-10227,0.000110000,0.013620000,0.025,2026-06-04,2026-06-04,CVE-2025-10227,4.6,2025-12-19T13:48:18.410
CVE-2025-10226,0.008470000,0.752070000,0.9636574074074075,2026-06-04,2026-06-04,CVE-2025-10226,9.8,2025-12-19T13:54:04.383
CVE-2025-10225,0.002070000,0.430340000,0.8939814814814815,2026-06-04,2026-06-04,CVE-2025-10225,7.5,2025-10-08T12:15:35.553
CVE-2025-10224,0.001560000,0.360800000,0.8675925925925926,2026-06-04,2026-06-04,CVE-2025-10224,7.1,2025-10-08T12:15:35.323
CVE-2025-10223,0.000710000,0.218700000,0.7085648148148148,2026-06-04,2026-06-04,CVE-2025-10223,8.1,2025-10-08T12:15:35.013
CVE-2025-10222,0.000220000,0.064630000,0.20671296296296296,2026-06-04,2026-06-04,CVE-2025-10222,3.3,2025-10-08T12:15:34.840
CVE-2025-10221,0.000220000,0.065380000,0.20671296296296296,2026-06-04,2026-06-04,CVE-2025-10221,5.5,2025-12-19T14:24:48.670
CVE-2025-10220,0.008950000,0.759700000,0.9652777777777778,2026-06-04,2026-06-04,CVE-2025-10220,9.8,2025-12-19T14:34:29.803
CVE-2025-10215,0.000170000,0.045290000,0.07430555555555556,2026-06-04,2026-06-04,CVE-2025-10215,7.8,2026-01-20T20:43:36.617
CVE-2025-10214,0.000170000,0.045290000,0.07430555555555556,2026-06-04,2026-06-04,CVE-2025-10214,7.8,2026-01-29T16:07:21.720
CVE-2025-10213,0.000170000,0.045290000,0.07430555555555556,2026-06-04,2026-06-04,CVE-2025-10213,7.8,2026-01-29T01:50:08.670
CVE-2025-10197,0.000370000,0.114120000,0.41898148148148145,2026-06-04,2026-06-04,CVE-2025-10197,6.3,2026-04-29T01:00:01.613
CVE-2025-10195,0.000220000,0.063510000,0.20671296296296296,2026-06-04,2026-06-04,CVE-2025-10195,5.3,2026-04-29T01:00:01.613
CVE-2025-10172,0.003560000,0.581550000,0.9317129629629629,2026-06-04,2026-06-04,CVE-2025-10172,8.8,2026-01-12T17:33:23.210
CVE-2025-10171,0.003560000,0.581550000,0.9317129629629629,2026-06-04,2026-06-04,CVE-2025-10171,8.8,2026-01-08T16:06:26.037
CVE-2025-10142,0.000750000,0.227360000,0.7236111111111111,2026-06-04,2026-06-04,CVE-2025-10142,4.9,2026-04-15T00:35:42.020
CVE-2025-10126,0.000480000,0.151340000,0.5486111111111112,2026-06-04,2026-06-04,CVE-2025-10126,6.4,2026-04-15T00:35:42.020
CVE-2025-10049,0.005130000,0.668850000,0.9476851851851852,2026-06-04,2026-06-04,CVE-2025-10049,7.2,2026-04-15T00:35:42.020
CVE-2025-10040,0.000570000,0.179620000,0.6113425925925926,2026-06-04,2026-06-04,CVE-2025-10040,7.7,2026-04-15T00:35:42.020
CVE-2025-10001,0.005130000,0.668850000,0.9476851851851852,2026-06-04,2026-06-04,CVE-2025-10001,7.2,2026-04-15T00:35:42.020
CVE-2025-9918,0.010570000,0.779550000,0.9696759259259259,2026-06-04,2026-06-04,CVE-2025-9918,,2026-04-15T00:35:42.020
CVE-2025-9910,0.000610000,0.192860000,0.6458333333333334,2026-06-04,2026-06-04,CVE-2025-9910,4.7,2026-04-15T00:35:42.020
CVE-2025-9874,0.000840000,0.245670000,0.7599537037037037,2026-06-04,2026-06-04,CVE-2025-9874,7.5,2026-04-15T00:35:42.020
CVE-2025-9861,0.000480000,0.152500000,0.5486111111111112,2026-06-04,2026-06-04,CVE-2025-9861,6.4,2026-04-15T00:35:42.020
CVE-2025-9860,0.000480000,0.152500000,0.5486111111111112,2026-06-04,2026-06-04,CVE-2025-9860,6.4,2026-04-15T00:35:42.020
CVE-2025-9855,0.000480000,0.152500000,0.5486111111111112,2026-06-04,2026-06-04,CVE-2025-9855,6.4,2026-04-15T00:35:42.020
CVE-2025-9850,0.000480000,0.152500000,0.5486111111111112,2026-06-04,2026-06-04,CVE-2025-9850,6.4,2026-04-15T00:35:42.020
CVE-2025-9776,0.000580000,0.183390000,0.6189814814814815,2026-06-04,2026-06-04,CVE-2025-9776,6.5,2026-04-15T00:35:42.020
CVE-2025-9714,0.000110000,0.013440000,0.025,2026-06-04,2026-06-04,CVE-2025-9714,5.5,2026-05-12T13:17:30.330
CVE-2025-9693,0.003280000,0.560480000,0.9254629629629629,2026-06-04,2026-06-04,CVE-2025-9693,8.0,2026-04-15T00:35:42.020
CVE-2025-9635,0.000210000,0.059060000,0.16643518518518519,2026-06-04,2026-06-04,CVE-2025-9635,4.3,2026-04-15T00:35:42.020
CVE-2025-9634,0.000230000,0.067360000,0.23032407407407407,2026-06-04,2026-06-04,CVE-2025-9634,4.3,2026-04-15T00:35:42.020
CVE-2025-9633,0.000260000,0.076290000,0.2759259259259259,2026-06-04,2026-06-04,CVE-2025-9633,4.3,2026-04-15T00:35:42.020
CVE-2025-9632,0.000210000,0.059060000,0.16643518518518519,2026-06-04,2026-06-04,CVE-2025-9632,4.3,2026-04-15T00:35:42.020
CVE-2025-9631,0.000210000,0.059060000,0.16643518518518519,2026-06-04,2026-06-04,CVE-2025-9631,4.3,2026-04-15T00:35:42.020
CVE-2025-9628,0.000210000,0.059060000,0.16643518518518519,2026-06-04,2026-06-04,CVE-2025-9628,4.3,2026-04-15T00:35:42.020
CVE-2025-9627,0.000210000,0.059060000,0.16643518518518519,2026-06-04,2026-06-04,CVE-2025-9627,4.3,2026-04-15T00:35:42.020
CVE-2025-9623,0.000210000,0.059060000,0.16643518518518519,2026-06-04,2026-06-04,CVE-2025-9623,4.3,2026-04-15T00:35:42.020
CVE-2025-9620,0.000210000,0.059030000,0.16643518518518519,2026-06-04,2026-06-04,CVE-2025-9620,6.1,2026-04-15T00:35:42.020
CVE-2025-9617,0.000310000,0.092300000,0.34375,2026-06-04,2026-06-04,CVE-2025-9617,5.3,2026-04-15T00:35:42.020
CVE-2025-9451,0.000510000,0.160910000,0.5708333333333333,2026-06-04,2026-06-04,CVE-2025-9451,6.5,2026-04-15T00:35:42.020
CVE-2025-9128,0.000590000,0.187770000,0.6287037037037037,2026-06-04,2026-06-04,CVE-2025-9128,6.4,2026-04-15T00:35:42.020
CVE-2025-9123,0.000480000,0.151340000,0.5486111111111112,2026-06-04,2026-06-04,CVE-2025-9123,6.4,2026-04-15T00:35:42.020
CVE-2025-9073,0.001330000,0.324600000,0.8451388888888889,2026-06-04,2026-06-04,CVE-2025-9073,7.5,2026-04-15T00:35:42.020
CVE-2025-9059,0.000270000,0.079570000,0.2983796296296296,2026-06-04,2026-06-04,CVE-2025-9059,,2026-04-15T00:35:42.020
CVE-2025-9034,0.000400000,0.125690000,0.4465277777777778,2026-06-04,2026-06-04,CVE-2025-9034,6.1,2026-04-15T00:35:42.020
CVE-2025-8721,0.000480000,0.151340000,0.5486111111111112,2026-06-04,2026-06-04,CVE-2025-8721,6.4,2026-04-15T00:35:42.020
CVE-2025-8696,0.002030000,0.423170000,0.892824074074074,2026-06-04,2026-06-04,CVE-2025-8696,7.5,2026-04-15T00:35:42.020
CVE-2025-8692,0.000560000,0.178600000,0.6055555555555555,2026-06-04,2026-06-04,CVE-2025-8692,4.9,2026-04-15T00:35:42.020
CVE-2025-8691,0.000480000,0.151340000,0.5486111111111112,2026-06-04,2026-06-04,CVE-2025-8691,6.4,2026-04-15T00:35:42.020
CVE-2025-8689,0.000480000,0.151340000,0.5486111111111112,2026-06-04,2026-06-04,CVE-2025-8689,6.4,2026-04-15T00:35:42.020
CVE-2025-8686,0.000590000,0.187770000,0.6287037037037037,2026-06-04,2026-06-04,CVE-2025-8686,6.4,2026-04-15T00:35:42.020
CVE-2025-8681,0.000430000,0.132850000,0.48541666666666666,2026-06-04,2026-06-04,CVE-2025-8681,5.4,2025-10-29T18:14:25.747
CVE-2025-8570,0.001120000,0.293300000,0.8168981481481481,2026-06-04,2026-06-04,CVE-2025-8570,9.8,2026-04-15T00:35:42.020
CVE-2025-8492,0.002590000,0.494800000,0.9127314814814815,2026-06-04,2026-06-04,CVE-2025-8492,5.3,2026-04-15T00:35:42.020
CVE-2025-8481,0.000230000,0.067360000,0.23032407407407407,2026-06-04,2026-06-04,CVE-2025-8481,4.3,2026-04-15T00:35:42.020
CVE-2025-8479,0.000260000,0.076290000,0.2759259259259259,2026-06-04,2026-06-04,CVE-2025-8479,4.3,2026-04-15T00:35:42.020
CVE-2025-8445,0.000480000,0.152500000,0.5486111111111112,2026-06-04,2026-06-04,CVE-2025-8445,6.4,2026-04-15T00:35:42.020
CVE-2025-8425,0.000810000,0.238180000,0.7467592592592592,2026-06-04,2026-06-04,CVE-2025-8425,8.8,2026-04-15T00:35:42.020
CVE-2025-8423,0.001410000,0.338820000,0.8543981481481482,2026-06-04,2026-06-04,CVE-2025-8423,5.4,2026-04-15T00:35:42.020
CVE-2025-8422,0.002080000,0.431890000,0.8946759259259259,2026-06-04,2026-06-04,CVE-2025-8422,7.5,2026-04-15T00:35:42.020
CVE-2025-8417,0.003360000,0.567010000,0.9275462962962963,2026-06-04,2026-06-04,CVE-2025-8417,8.1,2026-04-15T00:35:42.020
CVE-2025-8398,0.000480000,0.151340000,0.5486111111111112,2026-06-04,2026-06-04,CVE-2025-8398,6.4,2026-04-15T00:35:42.020
CVE-2025-8392,0.000480000,0.151340000,0.5486111111111112,2026-06-04,2026-06-04,CVE-2025-8392,6.4,2026-04-15T00:35:42.020
CVE-2025-8318,0.000480000,0.151340000,0.5486111111111112,2026-06-04,2026-06-04,CVE-2025-8318,6.4,2026-04-15T00:35:42.020
CVE-2025-8316,0.000480000,0.151340000,0.5486111111111112,2026-06-04,2026-06-04,CVE-2025-8316,6.4,2026-04-15T00:35:42.020
CVE-2025-8215,0.000480000,0.151340000,0.5486111111111112,2026-06-04,2026-06-04,CVE-2025-8215,6.4,2026-04-15T00:35:42.020
CVE-2025-6088,0.000500000,0.159440000,0.5659722222222222,2026-06-04,2026-06-04,CVE-2025-6088,3.1,2025-10-16T16:00:19.400
CVE-2025-59052,0.000730000,0.223090000,0.7145833333333333,2026-06-04,2026-06-04,CVE-2025-59052,,2026-04-15T00:35:42.020
CVE-2025-59049,0.019070000,0.836150000,0.9791666666666666,2026-06-04,2026-06-04,CVE-2025-59049,7.5,2026-04-15T00:35:42.020
CVE-2025-59045,0.001090000,0.287880000,0.8131944444444444,2026-06-04,2026-06-04,CVE-2025-59045,,2026-04-15T00:35:42.020
CVE-2025-59041,0.004000000,0.610200000,0.9377314814814814,2026-06-04,2026-06-04,CVE-2025-59041,9.8,2025-10-22T18:40:53.837
CVE-2025-59035,0.000400000,0.123090000,0.4465277777777778,2026-06-04,2026-06-04,CVE-2025-59035,5.4,2025-09-17T21:23:56.843
CVE-2025-59034,0.000520000,0.164520000,0.5782407407407407,2026-06-04,2026-06-04,CVE-2025-59034,4.3,2025-09-17T21:31:06.693
CVE-2025-58321,0.000940000,0.260960000,0.7888888888888889,2026-06-04,2026-06-04,CVE-2025-58321,10.0,2025-09-26T14:43:15.530
CVE-2025-58320,0.001100000,0.289820000,0.8141203703703703,2026-06-04,2026-06-04,CVE-2025-58320,7.3,2025-09-26T14:43:41.973
CVE-2025-5801,0.000480000,0.151340000,0.5486111111111112,2026-06-04,2026-06-04,CVE-2025-5801,6.4,2026-04-15T00:35:42.020
CVE-2025-57642,0.044600000,0.892730000,0.9900462962962963,2026-06-04,2026-06-04,CVE-2025-57642,7.2,2025-10-17T19:28:54.450
CVE-2025-57520,0.000180000,0.049660000,0.11435185185185186,2026-06-04,2026-06-04,CVE-2025-57520,6.1,2025-09-16T17:35:50.310
CVE-2025-57392,0.000280000,0.085280000,0.3087962962962963,2026-06-04,2026-06-04,CVE-2025-57392,7.8,2025-09-17T21:22:34.947
CVE-2025-55976,0.001260000,0.313960000,0.8344907407407407,2026-06-04,2026-06-04,CVE-2025-55976,8.4,2025-10-17T19:09:23.423
CVE-2025-54376,0.001550000,0.359790000,0.8668981481481481,2026-06-04,2026-06-04,CVE-2025-54376,7.5,2026-04-29T01:00:01.613
CVE-2025-54123,0.509330000,0.979160000,0.9976851851851852,2026-06-04,2026-06-04,CVE-2025-54123,9.8,2025-09-17T21:17:53.460
CVE-2025-50892,0.000280000,0.085270000,0.3087962962962963,2026-06-04,2026-06-04,CVE-2025-50892,7.8,2025-10-20T14:37:01.910
CVE-2025-48041,0.002120000,0.437580000,0.8962962962962963,2026-06-04,2026-06-04,CVE-2025-48041,,2026-04-15T00:35:42.020
CVE-2025-48040,0.002140000,0.439510000,0.8997685185185185,2026-06-04,2026-06-04,CVE-2025-48040,,2026-04-15T00:35:42.020
CVE-2025-48039,0.002120000,0.437580000,0.8962962962962963,2026-06-04,2026-06-04,CVE-2025-48039,,2026-04-15T00:35:42.020
CVE-2025-48038,0.002120000,0.437580000,0.8962962962962963,2026-06-04,2026-06-04,CVE-2025-48038,,2026-04-15T00:35:42.020
CVE-2025-43785,0.000410000,0.127270000,0.46111111111111114,2026-06-04,2026-06-04,CVE-2025-43785,6.1,2025-12-16T15:07:24.647
CVE-2025-43784,0.000690000,0.212690000,0.6981481481481482,2026-06-04,2026-06-04,CVE-2025-43784,6.5,2025-12-16T14:45:25.463
CVE-2025-43783,0.000370000,0.114340000,0.41898148148148145,2026-06-04,2026-06-04,CVE-2025-43783,6.1,2025-12-16T14:45:55.890
CVE-2025-40695,0.000480000,0.152900000,0.5486111111111112,2026-06-04,2026-06-04,CVE-2025-40695,5.4,2025-09-12T15:31:11.180
CVE-2025-40694,0.000480000,0.152900000,0.5486111111111112,2026-06-04,2026-06-04,CVE-2025-40694,5.4,2025-09-12T15:31:24.010
CVE-2025-40693,0.000480000,0.152900000,0.5486111111111112,2026-06-04,2026-06-04,CVE-2025-40693,5.4,2025-09-12T15:31:37.410
CVE-2025-40692,0.000550000,0.174610000,0.5965277777777778,2026-06-04,2026-06-04,CVE-2025-40692,9.8,2025-09-12T15:31:47.440
CVE-2025-40691,0.000550000,0.174610000,0.5965277777777778,2026-06-04,2026-06-04,CVE-2025-40691,9.8,2025-09-12T15:31:54.967
CVE-2025-40690,0.000550000,0.174610000,0.5965277777777778,2026-06-04,2026-06-04,CVE-2025-40690,9.8,2025-09-12T15:32:04.580
CVE-2025-40689,0.000550000,0.174610000,0.5965277777777778,2026-06-04,2026-06-04,CVE-2025-40689,9.8,2025-09-12T15:32:20.270
CVE-2025-40687,0.000550000,0.174610000,0.5965277777777778,2026-06-04,2026-06-04,CVE-2025-40687,9.8,2025-09-12T15:32:29.880
CVE-2025-10250,0.000260000,0.077460000,0.2759259259259259,2026-06-04,2026-06-04,CVE-2025-10250,5.0,2026-04-29T01:00:01.613
CVE-2025-10247,0.000550000,0.175250000,0.5965277777777778,2026-06-04,2026-06-04,CVE-2025-10247,6.3,2026-04-29T01:00:01.613
CVE-2025-10246,0.000340000,0.104270000,0.3958333333333333,2026-06-04,2026-06-04,CVE-2025-10246,3.5,2026-04-29T01:00:01.613
CVE-2025-10245,0.000440000,0.138060000,0.4949074074074074,2026-06-04,2026-06-04,CVE-2025-10245,4.3,2026-04-29T01:00:01.613
CVE-2025-10236,0.001960000,0.413580000,0.8900462962962963,2026-06-04,2026-06-04,CVE-2025-10236,7.5,2026-04-29T01:00:01.613
CVE-2025-10235,0.000520000,0.166440000,0.5782407407407407,2026-06-04,2026-06-04,CVE-2025-10235,4.8,2026-04-29T01:00:01.613
CVE-2025-10234,0.000520000,0.166440000,0.5782407407407407,2026-06-04,2026-06-04,CVE-2025-10234,4.8,2026-04-29T01:00:01.613
CVE-2025-10233,0.001330000,0.323710000,0.8451388888888889,2026-06-04,2026-06-04,CVE-2025-10233,4.3,2026-04-29T01:00:01.613
CVE-2025-10232,0.000820000,0.241490000,0.7532407407407408,2026-06-04,2026-06-04,CVE-2025-10232,5.4,2026-04-29T01:00:01.613
CVE-2025-10229,0.000480000,0.151830000,0.5486111111111112,2026-06-04,2026-06-04,CVE-2025-10229,4.3,2026-04-29T01:00:01.613
CVE-2025-10218,0.000610000,0.193010000,0.6458333333333334,2026-06-04,2026-06-04,CVE-2025-10218,9.8,2026-04-29T01:00:01.613
CVE-2025-10216,0.000310000,0.092270000,0.34375,2026-06-04,2026-06-04,CVE-2025-10216,2.6,2026-04-29T01:00:01.613
CVE-2025-10211,0.059660000,0.908210000,0.9925925925925926,2026-06-04,2026-06-04,CVE-2025-10211,6.3,2026-04-29T01:00:01.613
CVE-2025-10210,0.008080000,0.745470000,0.9627314814814815,2026-06-04,2026-06-04,CVE-2025-10210,8.8,2026-04-29T01:00:01.613
CVE-2025-10209,0.000640000,0.200030000,0.6622685185185185,2026-06-04,2026-06-04,CVE-2025-10209,5.4,2026-04-29T01:00:01.613
CVE-2025-10201,0.000370000,0.113100000,0.41898148148148145,2026-06-04,2026-06-04,CVE-2025-10201,8.8,2025-09-22T16:51:08.873
CVE-2025-10200,0.001180000,0.301910000,0.8240740740740741,2026-06-04,2026-06-04,CVE-2025-10200,8.8,2025-09-22T16:50:42.040
CVE-2025-0763,0.000530000,0.169830000,0.5833333333333334,2026-06-04,2026-06-04,CVE-2025-0763,4.3,2026-04-15T00:35:42.020
CVE-2024-47120,0.000180000,0.048650000,0.11435185185185186,2026-06-04,2026-06-04,CVE-2024-47120,6.8,2025-09-18T20:50:25.933
CVE-2024-45671,0.000250000,0.073350000,0.24976851851851853,2026-06-04,2026-06-04,CVE-2024-45671,7.5,2025-09-17T21:08:24.490
CVE-2024-45669,0.001240000,0.311360000,0.8337962962962963,2026-06-04,2026-06-04,CVE-2024-45669,6.5,2025-09-17T21:08:47.960
CVE-2025-9877,0.000480000,0.152500000,0.5486111111111112,2026-06-04,2026-06-04,CVE-2025-9877,6.4,2026-04-15T00:35:42.020
CVE-2025-9807,0.001330000,0.324600000,0.8451388888888889,2026-06-04,2026-06-04,CVE-2025-9807,7.5,2026-04-15T00:35:42.020
CVE-2025-9319,0.000460000,0.145580000,0.5120370370370371,2026-06-04,2026-06-04,CVE-2025-9319,7.5,2026-04-15T00:35:42.020
CVE-2025-9214,0.000220000,0.063090000,0.20671296296296296,2026-06-04,2026-06-04,CVE-2025-9214,5.4,2026-04-15T00:35:42.020
CVE-2025-9201,0.000240000,0.071680000,0.2363425925925926,2026-06-04,2026-06-04,CVE-2025-9201,7.8,2026-04-15T00:35:42.020
CVE-2025-9018,0.001050000,0.280910000,0.8090277777777778,2026-06-04,2026-06-04,CVE-2025-9018,8.8,2026-04-15T00:35:42.020
CVE-2025-8716,0.000620000,0.195570000,0.6523148148148148,2026-06-04,2026-06-04,CVE-2025-8716,,2026-04-15T00:35:42.020
CVE-2025-8557,0.000440000,0.139760000,0.4949074074074074,2026-06-04,2026-06-04,CVE-2025-8557,8.8,2026-04-15T00:35:42.020
CVE-2025-8061,0.000080000,0.007480000,0.005324074074074074,2026-06-04,2026-06-04,CVE-2025-8061,7.0,2026-04-15T00:35:42.020
CVE-2025-59055,0.002770000,0.513410000,0.9162037037037037,2026-06-04,2026-06-04,CVE-2025-59055,7.2,2025-09-24T13:30:22.057
CVE-2025-59053,0.000830000,0.243560000,0.75625,2026-06-04,2026-06-04,CVE-2025-59053,9.6,2026-04-15T00:35:42.020
CVE-2025-59047,0.001180000,0.302720000,0.8240740740740741,2026-06-04,2026-06-04,CVE-2025-59047,,2026-04-15T00:35:42.020
CVE-2025-58754,0.002570000,0.492410000,0.9118055555555555,2026-06-04,2026-06-04,CVE-2025-58754,7.5,2026-01-16T15:15:52.463
CVE-2025-58364,0.001660000,0.373030000,0.8731481481481481,2026-06-04,2026-06-04,CVE-2025-58364,6.5,2025-11-04T22:16:34.003
CVE-2025-58145,0.000670000,0.208980000,0.6851851851851852,2026-06-04,2026-06-04,CVE-2025-58145,7.5,2025-11-04T22:16:32.653
CVE-2025-58144,0.000870000,0.249500000,0.767824074074074,2026-06-04,2026-06-04,CVE-2025-58144,7.5,2025-11-04T22:16:32.523
CVE-2025-58143,0.000750000,0.227490000,0.7236111111111111,2026-06-04,2026-06-04,CVE-2025-58143,9.8,2025-11-04T22:16:32.393
CVE-2025-58142,0.000400000,0.124970000,0.4465277777777778,2026-06-04,2026-06-04,CVE-2025-58142,9.8,2025-11-04T22:16:32.257
CVE-2025-58065,0.000280000,0.085310000,0.3087962962962963,2026-06-04,2026-06-04,CVE-2025-58065,6.5,2025-09-24T13:41:42.183
CVE-2025-58060,0.000530000,0.169030000,0.5833333333333334,2026-06-04,2026-06-04,CVE-2025-58060,8.0,2025-11-04T22:16:32.160
CVE-2025-56556,0.000770000,0.231010000,0.7351851851851852,2026-06-04,2026-06-04,CVE-2025-56556,3.8,2025-11-25T15:15:52.147
CVE-2025-55319,0.001400000,0.337320000,0.8537037037037037,2026-06-04,2026-06-04,CVE-2025-55319,9.8,2026-02-20T17:25:39.870
CVE-2025-43790,0.000930000,0.259710000,0.7863425925925925,2026-06-04,2026-06-04,CVE-2025-43790,8.1,2025-12-16T15:14:05.343
CVE-2025-43789,0.000510000,0.162370000,0.5708333333333333,2026-06-04,2026-06-04,CVE-2025-43789,5.3,2025-12-23T19:07:38.263
CVE-2025-43788,0.000750000,0.225900000,0.7236111111111111,2026-06-04,2026-06-04,CVE-2025-43788,4.3,2025-12-16T15:13:03.607
CVE-2025-43782,0.000750000,0.225900000,0.7236111111111111,2026-06-04,2026-06-04,CVE-2025-43782,4.3,2025-12-16T14:48:29.363
CVE-2025-40696,0.000480000,0.152900000,0.5486111111111112,2026-06-04,2026-06-04,CVE-2025-40696,5.4,2025-09-12T15:30:57.173
CVE-2025-40300,0.000350000,0.106270000,0.4011574074074074,2026-06-04,2026-06-04,CVE-2025-40300,5.5,2026-05-12T13:17:18.637
CVE-2025-39791,0.000130000,0.021850000,0.0349537037037037,2026-06-04,2026-06-04,CVE-2025-39791,5.5,2025-11-25T18:20:14.283
CVE-2025-39790,0.000240000,0.069650000,0.2363425925925926,2026-06-04,2026-06-04,CVE-2025-39790,7.8,2026-05-12T13:17:11.633
CVE-2025-39789,0.000320000,0.098290000,0.3541666666666667,2026-06-04,2026-06-04,CVE-2025-39789,5.5,2025-11-25T18:22:51.720
CVE-2025-39788,0.000230000,0.066140000,0.23032407407407407,2026-06-04,2026-06-04,CVE-2025-39788,7.8,2026-05-12T13:17:11.440
CVE-2025-39787,0.000210000,0.061780000,0.16643518518518519,2026-06-04,2026-06-04,CVE-2025-39787,5.5,2026-05-12T13:17:11.270
CVE-2025-39786,0.000260000,0.077590000,0.2759259259259259,2026-06-04,2026-06-04,CVE-2025-39786,7.1,2025-11-25T18:44:51.740
CVE-2025-39785,0.000250000,0.073340000,0.24976851851851853,2026-06-04,2026-06-04,CVE-2025-39785,5.5,2025-11-25T18:47:36.567
CVE-2025-39784,0.000250000,0.073340000,0.24976851851851853,2026-06-04,2026-06-04,CVE-2025-39784,5.5,2025-11-25T18:49:03.547
CVE-2025-39783,0.000220000,0.063120000,0.20671296296296296,2026-06-04,2026-06-04,CVE-2025-39783,7.8,2026-05-12T13:17:11.103
CVE-2025-39782,0.000130000,0.021290000,0.0349537037037037,2026-06-04,2026-06-04,CVE-2025-39782,5.5,2026-05-12T13:17:10.913
CVE-2025-39781,0.000170000,0.046250000,0.07430555555555556,2026-06-04,2026-06-04,CVE-2025-39781,5.5,2025-11-25T18:49:43.003
CVE-2025-39780,0.000170000,0.040970000,0.07430555555555556,2026-06-04,2026-06-04,CVE-2025-39780,5.5,2025-11-25T19:08:03.367
CVE-2025-39779,0.000170000,0.040970000,0.07430555555555556,2026-06-04,2026-06-04,CVE-2025-39779,5.5,2025-11-25T19:08:58.510
CVE-2025-39777,0.000250000,0.073340000,0.24976851851851853,2026-06-04,2026-06-04,CVE-2025-39777,5.5,2025-11-25T19:09:23.363
CVE-2025-39776,0.000240000,0.069650000,0.2363425925925926,2026-06-04,2026-06-04,CVE-2025-39776,7.8,2026-05-12T13:17:10.737
CVE-2025-39775,0.000250000,0.073340000,0.24976851851851853,2026-06-04,2026-06-04,CVE-2025-39775,5.5,2025-11-25T19:54:17.880
CVE-2025-39774,0.000250000,0.073340000,0.24976851851851853,2026-06-04,2026-06-04,CVE-2025-39774,5.5,2025-11-25T19:55:05.873
CVE-2025-39773,0.000170000,0.045040000,0.07430555555555556,2026-06-04,2026-06-04,CVE-2025-39773,5.5,2026-05-12T13:17:10.583
CVE-2025-39772,0.000230000,0.068320000,0.23032407407407407,2026-06-04,2026-06-04,CVE-2025-39772,5.5,2026-05-12T13:17:10.410
CVE-2025-39771,0.000250000,0.073340000,0.24976851851851853,2026-06-04,2026-06-04,CVE-2025-39771,5.5,2025-11-25T19:55:53.850
CVE-2025-39770,0.000280000,0.083930000,0.3087962962962963,2026-06-04,2026-06-04,CVE-2025-39770,5.5,2026-05-12T13:17:10.227
CVE-2025-39769,0.000190000,0.054030000,0.13171296296296298,2026-06-04,2026-06-04,CVE-2025-39769,5.5,2025-11-25T19:56:42.420
CVE-2025-39768,0.000100000,0.012690000,0.021527777777777778,2026-06-04,2026-06-04,CVE-2025-39768,5.5,2025-11-25T19:57:15.460
CVE-2025-39767,0.000170000,0.042960000,0.07430555555555556,2026-06-04,2026-06-04,CVE-2025-39767,5.5,2025-11-25T19:57:59.820
CVE-2025-39766,0.000220000,0.063120000,0.20671296296296296,2026-06-04,2026-06-04,CVE-2025-39766,7.8,2026-05-12T13:17:10.073
CVE-2025-39765,0.000170000,0.040970000,0.07430555555555556,2026-06-04,2026-06-04,CVE-2025-39765,5.5,2025-11-25T19:58:32.573
CVE-2025-39764,0.000330000,0.101830000,0.3875,2026-06-04,2026-06-04,CVE-2025-39764,5.5,2026-04-18T09:16:11.663
CVE-2025-39763,0.000250000,0.072980000,0.24976851851851853,2026-06-04,2026-06-04,CVE-2025-39763,5.5,2026-03-17T16:30:58.270
CVE-2025-39762,0.000170000,0.040970000,0.07430555555555556,2026-06-04,2026-06-04,CVE-2025-39762,5.5,2025-11-26T16:25:47.433
CVE-2025-39761,0.000210000,0.062320000,0.16643518518518519,2026-06-04,2026-06-04,CVE-2025-39761,7.1,2025-11-26T16:25:41.300
CVE-2025-39760,0.000260000,0.078430000,0.2759259259259259,2026-06-04,2026-06-04,CVE-2025-39760,7.1,2026-05-12T13:17:09.927
CVE-2025-39759,0.000180000,0.051480000,0.11435185185185186,2026-06-04,2026-06-04,CVE-2025-39759,7.0,2026-05-12T13:17:09.780
CVE-2025-39758,0.000210000,0.060820000,0.16643518518518519,2026-06-04,2026-06-04,CVE-2025-39758,5.5,2025-11-26T16:24:34.860
CVE-2025-39757,0.000220000,0.063120000,0.20671296296296296,2026-06-04,2026-06-04,CVE-2025-39757,7.1,2026-05-12T13:17:09.623
CVE-2025-39756,0.000360000,0.111710000,0.41064814814814815,2026-06-04,2026-06-04,CVE-2025-39756,5.5,2026-05-12T13:17:09.433
CVE-2025-39754,0.000170000,0.042960000,0.07430555555555556,2026-06-04,2026-06-04,CVE-2025-39754,4.7,2025-11-26T16:20:46.807
CVE-2025-39753,0.000170000,0.046250000,0.07430555555555556,2026-06-04,2026-06-04,CVE-2025-39753,5.5,2026-01-02T16:16:47.117
CVE-2025-39752,0.000210000,0.061780000,0.16643518518518519,2026-06-04,2026-06-04,CVE-2025-39752,5.5,2026-05-12T13:17:09.277
CVE-2025-39750,0.000210000,0.062320000,0.16643518518518519,2026-06-04,2026-06-04,CVE-2025-39750,7.1,2025-11-25T21:11:23.033
CVE-2025-39749,0.000220000,0.063120000,0.20671296296296296,2026-06-04,2026-06-04,CVE-2025-39749,7.0,2026-05-12T13:17:09.103
CVE-2025-39748,0.000220000,0.065040000,0.20671296296296296,2026-06-04,2026-06-04,CVE-2025-39748,5.5,2026-04-18T09:16:11.450
CVE-2025-39747,0.000280000,0.085440000,0.3087962962962963,2026-06-04,2026-06-04,CVE-2025-39747,5.5,2025-11-25T18:07:45.823
CVE-2025-39746,0.000260000,0.077400000,0.2759259259259259,2026-06-04,2026-06-04,CVE-2025-39746,5.5,2025-11-25T18:13:47.147
CVE-2025-39745,0.000140000,0.028280000,0.04351851851851852,2026-06-04,2026-06-04,CVE-2025-39745,5.5,2025-11-25T21:09:37.197
CVE-2025-39744,0.000320000,0.095580000,0.3541666666666667,2026-06-04,2026-06-04,CVE-2025-39744,7.1,2025-11-25T21:09:09.607
CVE-2025-39743,0.000170000,0.043120000,0.07430555555555556,2026-06-04,2026-06-04,CVE-2025-39743,7.8,2026-05-12T13:17:08.943
CVE-2025-39742,0.000210000,0.061780000,0.16643518518518519,2026-06-04,2026-06-04,CVE-2025-39742,5.5,2026-05-12T13:17:08.790
CVE-2025-39741,0.000250000,0.073340000,0.24976851851851853,2026-06-04,2026-06-04,CVE-2025-39741,5.5,2025-11-25T21:08:26.637
CVE-2025-39740,0.000260000,0.077590000,0.2759259259259259,2026-06-04,2026-06-04,CVE-2025-39740,7.8,2025-11-25T21:01:22.960
CVE-2025-39739,0.000210000,0.060820000,0.16643518518518519,2026-06-04,2026-06-04,CVE-2025-39739,5.5,2025-11-25T17:49:23.880
CVE-2025-39738,0.000270000,0.080930000,0.2983796296296296,2026-06-04,2026-06-04,CVE-2025-39738,7.8,2026-05-12T13:17:08.613
CVE-2025-39737,0.000210000,0.061780000,0.16643518518518519,2026-06-04,2026-06-04,CVE-2025-39737,5.5,2026-05-12T13:17:08.433
CVE-2025-39736,0.000170000,0.041460000,0.07430555555555556,2026-06-04,2026-06-04,CVE-2025-39736,5.5,2026-05-12T13:17:08.257
CVE-2025-36222,0.000360000,0.110570000,0.41064814814814815,2026-06-04,2026-06-04,CVE-2025-36222,9.8,2025-10-02T19:31:43.080
CVE-2025-27466,0.000400000,0.124970000,0.4465277777777778,2026-06-04,2026-06-04,CVE-2025-27466,9.8,2025-11-04T22:16:08.697
CVE-2025-26499,0.000160000,0.038140000,0.05555555555555555,2026-06-04,2026-06-04,CVE-2025-26499,6.0,2026-04-15T00:35:42.020
CVE-2025-10278,0.000910000,0.256400000,0.780787037037037,2026-06-04,2026-06-04,CVE-2025-10278,8.8,2026-04-29T01:00:01.613
CVE-2025-10277,0.000910000,0.256400000,0.780787037037037,2026-06-04,2026-06-04,CVE-2025-10277,8.8,2026-04-29T01:00:01.613
CVE-2025-10276,0.000910000,0.256400000,0.780787037037037,2026-06-04,2026-06-04,CVE-2025-10276,8.8,2026-04-29T01:00:01.613
CVE-2025-10275,0.000910000,0.256400000,0.780787037037037,2026-06-04,2026-06-04,CVE-2025-10275,8.8,2026-04-29T01:00:01.613
CVE-2025-10274,0.000570000,0.180490000,0.6113425925925926,2026-06-04,2026-06-04,CVE-2025-10274,6.1,2026-04-29T01:00:01.613
CVE-2025-10273,0.001660000,0.373160000,0.8731481481481481,2026-06-04,2026-06-04,CVE-2025-10273,5.3,2026-04-29T01:00:01.613
CVE-2025-10272,0.000570000,0.180490000,0.6113425925925926,2026-06-04,2026-06-04,CVE-2025-10272,6.1,2026-04-29T01:00:01.613
CVE-2025-10271,0.000570000,0.180490000,0.6113425925925926,2026-06-04,2026-06-04,CVE-2025-10271,6.1,2026-04-29T01:00:01.613
CVE-2025-10269,0.000860000,0.247380000,0.7645833333333333,2026-06-04,2026-06-04,CVE-2025-10269,7.5,2026-04-15T00:35:42.020
CVE-2025-10255,0.000420000,0.132260000,0.46944444444444444,2026-06-04,2026-06-04,CVE-2025-10255,3.5,2026-04-29T01:00:01.613
CVE-2025-10254,0.000420000,0.132260000,0.46944444444444444,2026-06-04,2026-06-04,CVE-2025-10254,3.5,2026-04-29T01:00:01.613
CVE-2025-10253,0.000420000,0.132260000,0.46944444444444444,2026-06-04,2026-06-04,CVE-2025-10253,3.5,2026-04-29T01:00:01.613
CVE-2025-10252,0.000470000,0.148150000,0.5252314814814815,2026-06-04,2026-06-04,CVE-2025-10252,3.1,2026-04-29T01:00:01.613
CVE-2025-10251,0.000660000,0.205130000,0.6733796296296296,2026-06-04,2026-06-04,CVE-2025-10251,9.8,2026-04-29T01:00:01.613
CVE-2025-10193,0.000320000,0.096930000,0.3541666666666667,2026-06-04,2026-06-04,CVE-2025-10193,,2026-04-15T00:35:42.020
CVE-2025-10127,0.000940000,0.261770000,0.7888888888888889,2026-06-04,2026-06-04,CVE-2025-10127,9.8,2026-04-15T00:35:42.020
CVE-2025-9881,0.000210000,0.059030000,0.16643518518518519,2026-06-04,2026-06-04,CVE-2025-9881,6.1,2026-04-15T00:35:42.020
CVE-2025-9880,0.000260000,0.076260000,0.2759259259259259,2026-06-04,2026-06-04,CVE-2025-9880,6.1,2026-04-15T00:35:42.020
CVE-2025-9879,0.000480000,0.152500000,0.5486111111111112,2026-06-04,2026-06-04,CVE-2025-9879,6.4,2026-04-15T00:35:42.020
CVE-2025-9556,0.001150000,0.297890000,0.8206018518518519,2026-06-04,2026-06-04,CVE-2025-9556,9.8,2026-04-15T00:35:42.020
CVE-2025-9086,0.002750000,0.511550000,0.9159722222222222,2026-06-04,2026-06-04,CVE-2025-9086,7.5,2026-06-02T14:16:40.553
CVE-2025-8699,0.000700000,0.215600000,0.7043981481481482,2026-06-04,2026-06-04,CVE-2025-8699,9.1,2026-04-15T00:35:42.020
CVE-2025-8575,0.020200000,0.840780000,0.9798611111111111,2026-06-04,2026-06-04,CVE-2025-8575,7.2,2026-04-15T00:35:42.020
CVE-2025-8280,0.000590000,0.186000000,0.6287037037037037,2026-06-04,2026-06-04,CVE-2025-8280,5.8,2026-03-16T18:23:29.957
CVE-2025-7448,0.000350000,0.106640000,0.4011574074074074,2026-06-04,2026-06-04,CVE-2025-7448,,2026-04-15T00:35:42.020
CVE-2025-7337,0.001030000,0.277560000,0.8071759259259259,2026-06-04,2026-06-04,CVE-2025-7337,6.5,2025-09-20T02:55:16.800
CVE-2025-6769,0.000270000,0.081040000,0.2983796296296296,2026-06-04,2026-06-04,CVE-2025-6769,4.3,2025-09-20T02:55:46.933
CVE-2025-6638,0.000380000,0.117410000,0.42430555555555555,2026-06-04,2026-06-04,CVE-2025-6638,7.5,2025-10-21T13:33:08.580
CVE-2025-6454,0.000300000,0.090510000,0.32546296296296295,2026-06-04,2026-06-04,CVE-2025-6454,8.8,2025-09-20T02:56:00.287
CVE-2025-59139,0.000520000,0.166560000,0.5782407407407407,2026-06-04,2026-06-04,CVE-2025-59139,5.3,2025-09-17T20:35:36.607
CVE-2025-59058,0.000530000,0.170410000,0.5833333333333334,2026-06-04,2026-06-04,CVE-2025-59058,5.9,2026-04-15T00:35:42.020
CVE-2025-59054,0.000310000,0.092100000,0.34375,2026-06-04,2026-06-04,CVE-2025-59054,,2026-04-15T00:35:42.020
CVE-2025-58781,0.000280000,0.085450000,0.3087962962962963,2026-06-04,2026-06-04,CVE-2025-58781,4.8,2026-04-15T00:35:42.020
CVE-2025-58434,0.323620000,0.969360000,0.9972222222222222,2026-06-04,2026-06-04,CVE-2025-58434,9.8,2025-09-20T02:54:59.667
CVE-2025-57579,0.003590000,0.583970000,0.9328703703703703,2026-06-04,2026-06-04,CVE-2025-57579,8.0,2025-10-02T20:04:07.443
CVE-2025-57578,0.002650000,0.502160000,0.9136574074074074,2026-06-04,2026-06-04,CVE-2025-57578,8.0,2026-04-15T00:35:42.020
CVE-2025-57577,0.003090000,0.543540000,0.9224537037037037,2026-06-04,2026-06-04,CVE-2025-57577,8.0,2026-04-15T00:35:42.020
CVE-2025-56467,0.000660000,0.204970000,0.6733796296296296,2026-06-04,2026-06-04,CVE-2025-56467,6.5,2026-04-15T00:35:42.020
CVE-2025-55996,0.000420000,0.132050000,0.46944444444444444,2026-06-04,2026-06-04,CVE-2025-55996,6.3,2025-10-16T15:54:10.023
CVE-2025-55835,0.018750000,0.834730000,0.9787037037037037,2026-06-04,2026-06-04,CVE-2025-55835,9.8,2025-10-16T15:47:50.040
CVE-2025-52074,0.000530000,0.168860000,0.5833333333333334,2026-06-04,2026-06-04,CVE-2025-52074,6.1,2025-09-18T20:45:28.253
CVE-2025-45587,0.000880000,0.250620000,0.7731481481481481,2026-06-04,2026-06-04,CVE-2025-45587,7.0,2025-10-16T15:30:48.877
CVE-2025-45586,0.000860000,0.248750000,0.7645833333333333,2026-06-04,2026-06-04,CVE-2025-45586,7.5,2025-10-16T15:32:05.740
CVE-2025-45585,0.000410000,0.127470000,0.46111111111111114,2026-06-04,2026-06-04,CVE-2025-45585,5.4,2025-10-16T15:37:05.690
CVE-2025-45584,0.000730000,0.222450000,0.7145833333333333,2026-06-04,2026-06-04,CVE-2025-45584,7.5,2025-10-16T15:37:43.510
CVE-2025-45583,0.000920000,0.258240000,0.7844907407407408,2026-06-04,2026-06-04,CVE-2025-45583,9.1,2025-10-16T15:39:07.447
CVE-2025-43796,0.002260000,0.454000000,0.9053240740740741,2026-06-04,2026-06-04,CVE-2025-43796,7.5,2025-12-16T15:24:46.057
CVE-2025-43795,0.000580000,0.182710000,0.6189814814814815,2026-06-04,2026-06-04,CVE-2025-43795,6.1,2025-12-16T15:20:46.490
CVE-2025-43787,0.000480000,0.152900000,0.5486111111111112,2026-06-04,2026-06-04,CVE-2025-43787,5.4,2025-12-16T15:12:32.193
CVE-2025-4235,0.000270000,0.080120000,0.2983796296296296,2026-06-04,2026-06-04,CVE-2025-4235,,2026-04-15T00:35:42.020
CVE-2025-4234,0.000260000,0.076660000,0.2759259259259259,2026-06-04,2026-06-04,CVE-2025-4234,,2026-04-15T00:35:42.020
CVE-2025-39798,0.000160000,0.038090000,0.05555555555555555,2026-06-04,2026-06-04,CVE-2025-39798,5.5,2026-05-12T13:17:12.147
CVE-2025-39797,0.000310000,0.094040000,0.34375,2026-06-04,2026-06-04,CVE-2025-39797,7.8,2025-11-24T18:04:53.373
CVE-2025-39796,0.000170000,0.045790000,0.07430555555555556,2026-06-04,2026-06-04,CVE-2025-39796,7.8,2025-11-24T18:08:31.347
CVE-2025-39795,0.000180000,0.050710000,0.11435185185185186,2026-06-04,2026-06-04,CVE-2025-39795,5.5,2026-05-12T13:17:11.983
CVE-2025-39794,0.000210000,0.061780000,0.16643518518518519,2026-06-04,2026-06-04,CVE-2025-39794,5.5,2026-05-12T13:17:11.813
CVE-2025-39793,0.000170000,0.045790000,0.07430555555555556,2026-06-04,2026-06-04,CVE-2025-39793,7.8,2025-11-25T14:43:59.203
CVE-2025-39792,0.000220000,0.063380000,0.20671296296296296,2026-06-04,2026-06-04,CVE-2025-39792,5.5,2025-11-25T18:16:38.180
CVE-2025-3650,0.000350000,0.107330000,0.4011574074074074,2026-06-04,2026-06-04,CVE-2025-3650,3.5,2026-04-15T00:35:42.020
CVE-2025-27240,0.000930000,0.260130000,0.7863425925925925,2026-06-04,2026-06-04,CVE-2025-27240,7.2,2025-10-08T14:53:38.077
CVE-2025-27238,0.000320000,0.096140000,0.3541666666666667,2026-06-04,2026-06-04,CVE-2025-27238,3.5,2025-10-08T14:53:00.293
CVE-2025-27234,0.001640000,0.371710000,0.8724537037037037,2026-06-04,2026-06-04,CVE-2025-27234,,2026-04-15T00:35:42.020
CVE-2025-27233,0.000390000,0.119980000,0.43495370370370373,2026-06-04,2026-06-04,CVE-2025-27233,,2026-04-15T00:35:42.020
CVE-2025-2256,0.000510000,0.161020000,0.5708333333333333,2026-06-04,2026-06-04,CVE-2025-2256,7.5,2025-09-20T02:56:22.680
CVE-2025-21043,0.049080000,0.897830000,0.9914351851851851,2026-06-04,2026-06-04,CVE-2025-21043,9.8,2025-10-30T15:36:12.360
CVE-2025-21042,0.044120000,0.892040000,0.9898148148148148,2026-06-04,2026-06-04,CVE-2025-21042,9.8,2025-11-12T14:32:28.317
CVE-2025-1250,0.000720000,0.220940000,0.7122685185185185,2026-06-04,2026-06-04,CVE-2025-1250,6.5,2025-09-20T02:56:35.303
CVE-2025-10389,0.002110000,0.435610000,0.8958333333333334,2026-06-04,2026-06-04,CVE-2025-10389,8.8,2026-04-29T01:00:01.613
CVE-2025-10388,0.000420000,0.132260000,0.46944444444444444,2026-06-04,2026-06-04,CVE-2025-10388,3.5,2026-04-29T01:00:01.613
CVE-2025-10387,0.000630000,0.198720000,0.65625,2026-06-04,2026-06-04,CVE-2025-10387,8.8,2026-04-29T01:00:01.613
CVE-2025-10386,0.000450000,0.142230000,0.5057870370370371,2026-06-04,2026-06-04,CVE-2025-10386,4.3,2026-04-29T01:00:01.613
CVE-2025-10385,0.002090000,0.432310000,0.8949074074074074,2026-06-04,2026-06-04,CVE-2025-10385,8.8,2026-04-15T00:35:42.020
CVE-2025-10384,0.000620000,0.194050000,0.6523148148148148,2026-06-04,2026-06-04,CVE-2025-10384,5.4,2026-04-29T01:00:01.613
CVE-2025-10374,0.000620000,0.195350000,0.6523148148148148,2026-06-04,2026-06-04,CVE-2025-10374,7.3,2026-04-29T01:00:01.613
CVE-2025-10373,0.000420000,0.130830000,0.46944444444444444,2026-06-04,2026-06-04,CVE-2025-10373,6.1,2026-04-29T01:00:01.613
CVE-2025-10372,0.000420000,0.130830000,0.46944444444444444,2026-06-04,2026-06-04,CVE-2025-10372,5.4,2026-04-29T01:00:01.613
CVE-2025-10371,0.000820000,0.240250000,0.7532407407407408,2026-06-04,2026-06-04,CVE-2025-10371,7.3,2026-04-29T01:00:01.613
CVE-2025-10370,0.004250000,0.625420000,0.9412037037037037,2026-06-04,2026-06-04,CVE-2025-10370,5.4,2026-04-29T01:00:01.613
CVE-2025-10369,0.000580000,0.184870000,0.6189814814814815,2026-06-04,2026-06-04,CVE-2025-10369,6.1,2026-04-29T01:00:01.613
CVE-2025-10368,0.000480000,0.151240000,0.5486111111111112,2026-06-04,2026-06-04,CVE-2025-10368,6.1,2026-04-29T01:00:01.613
CVE-2025-10367,0.000480000,0.151240000,0.5486111111111112,2026-06-04,2026-06-04,CVE-2025-10367,6.1,2026-04-29T01:00:01.613
CVE-2025-10366,0.000480000,0.151240000,0.5486111111111112,2026-06-04,2026-06-04,CVE-2025-10366,5.4,2026-04-29T01:00:01.613
CVE-2025-10365,0.001410000,0.339740000,0.8543981481481482,2026-06-04,2026-06-04,CVE-2025-10365,,2026-04-15T00:35:42.020
CVE-2025-10364,0.002230000,0.449890000,0.9041666666666667,2026-06-04,2026-06-04,CVE-2025-10364,,2026-04-15T00:35:42.020
CVE-2025-10359,0.010200000,0.775740000,0.9685185185185186,2026-06-04,2026-06-04,CVE-2025-10359,9.8,2026-04-29T01:00:01.613
CVE-2025-10358,0.010200000,0.775740000,0.9685185185185186,2026-06-04,2026-06-04,CVE-2025-10358,9.8,2026-04-29T01:00:01.613
CVE-2025-10340,0.000490000,0.154990000,0.5592592592592592,2026-06-04,2026-06-04,CVE-2025-10340,3.5,2026-04-29T01:00:01.613
CVE-2025-10332,0.000320000,0.098280000,0.3541666666666667,2026-06-04,2026-06-04,CVE-2025-10332,5.4,2026-04-29T01:00:01.613
CVE-2025-10331,0.000430000,0.136030000,0.48541666666666666,2026-06-04,2026-06-04,CVE-2025-10331,5.4,2026-04-29T01:00:01.613
CVE-2025-10330,0.000610000,0.192480000,0.6458333333333334,2026-06-04,2026-06-04,CVE-2025-10330,6.1,2026-04-29T01:00:01.613
CVE-2025-10329,0.001290000,0.317960000,0.8372685185185185,2026-06-04,2026-06-04,CVE-2025-10329,9.8,2026-04-29T01:00:01.613
CVE-2025-10328,0.011190000,0.785730000,0.9703703703703703,2026-06-04,2026-06-04,CVE-2025-10328,9.8,2026-04-29T01:00:01.613
CVE-2025-10327,0.038560000,0.884190000,0.9881944444444445,2026-06-04,2026-06-04,CVE-2025-10327,9.8,2026-04-29T01:00:01.613
CVE-2025-10326,0.012710000,0.798400000,0.9726851851851852,2026-06-04,2026-06-04,CVE-2025-10326,9.8,2026-04-29T01:00:01.613
CVE-2025-10325,0.009360000,0.765510000,0.9671296296296297,2026-06-04,2026-06-04,CVE-2025-10325,8.8,2026-04-29T01:00:01.613
CVE-2025-10324,0.008980000,0.760260000,0.9657407407407408,2026-06-04,2026-06-04,CVE-2025-10324,9.8,2026-04-29T01:00:01.613
CVE-2025-10323,0.008980000,0.760260000,0.9657407407407408,2026-06-04,2026-06-04,CVE-2025-10323,9.8,2026-04-29T01:00:01.613
CVE-2025-10322,0.002040000,0.425300000,0.8930555555555556,2026-06-04,2026-06-04,CVE-2025-10322,5.3,2025-10-02T19:54:11.603
CVE-2025-10321,0.000680000,0.211850000,0.6902777777777778,2026-06-04,2026-06-04,CVE-2025-10321,5.3,2025-10-02T19:56:34.403
CVE-2025-10320,0.000430000,0.132900000,0.48541666666666666,2026-06-04,2026-06-04,CVE-2025-10320,3.1,2026-04-29T01:00:01.613
CVE-2025-10319,0.000490000,0.154830000,0.5592592592592592,2026-06-04,2026-06-04,CVE-2025-10319,6.5,2026-04-29T01:00:01.613
CVE-2025-10318,0.001050000,0.280940000,0.8090277777777778,2026-06-04,2026-06-04,CVE-2025-10318,8.8,2026-04-29T01:00:01.613
CVE-2025-10291,0.000910000,0.256400000,0.780787037037037,2026-06-04,2026-06-04,CVE-2025-10291,8.8,2026-04-29T01:00:01.613
CVE-2025-10288,0.000520000,0.166510000,0.5782407407407407,2026-06-04,2026-06-04,CVE-2025-10288,5.3,2026-04-15T00:35:42.020
CVE-2025-10287,0.000440000,0.137450000,0.4949074074074074,2026-06-04,2026-06-04,CVE-2025-10287,3.1,2026-04-29T01:00:01.613
CVE-2025-10267,0.001510000,0.353390000,0.8634259259259259,2026-06-04,2026-06-04,CVE-2025-10267,5.3,2026-04-15T00:35:42.020
CVE-2025-10266,0.001780000,0.390470000,0.8798611111111111,2026-06-04,2026-06-04,CVE-2025-10266,9.8,2026-04-15T00:35:42.020
CVE-2025-10265,0.003870000,0.601520000,0.9358796296296297,2026-06-04,2026-06-04,CVE-2025-10265,8.8,2026-04-15T00:35:42.020
CVE-2025-10264,0.001080000,0.286320000,0.8125,2026-06-04,2026-06-04,CVE-2025-10264,10.0,2026-04-15T00:35:42.020
CVE-2025-10176,0.023470000,0.851790000,0.9826388888888888,2026-06-04,2026-06-04,CVE-2025-10176,7.2,2026-04-15T00:35:42.020
CVE-2025-10148,0.002190000,0.445360000,0.9020833333333333,2026-06-04,2026-06-04,CVE-2025-10148,5.3,2026-01-20T14:55:47.997
CVE-2025-10094,0.000490000,0.156630000,0.5592592592592592,2026-06-04,2026-06-04,CVE-2025-10094,6.5,2025-09-20T02:56:50.697
CVE-2024-45434,0.024930000,0.855900000,0.9833333333333333,2026-06-04,2026-06-04,CVE-2024-45434,9.8,2025-10-02T20:00:43.860
CVE-2024-45433,0.000310000,0.094970000,0.34375,2026-06-04,2026-06-04,CVE-2024-45433,6.5,2025-10-02T20:02:34.333
CVE-2024-45432,0.000970000,0.266900000,0.7949074074074074,2026-06-04,2026-06-04,CVE-2024-45432,7.5,2025-10-02T20:03:09.920
CVE-2024-45431,0.001830000,0.398090000,0.8833333333333333,2026-06-04,2026-06-04,CVE-2024-45431,5.3,2025-10-02T20:03:21.330
CVE-2025-9826,0.000200000,0.057210000,0.1476851851851852,2026-06-04,2026-06-04,CVE-2025-9826,5.4,2026-02-23T11:16:21.393
CVE-2025-9084,0.000430000,0.133520000,0.48541666666666666,2026-06-04,2026-06-04,CVE-2025-9084,6.1,2025-09-16T15:59:24.377
CVE-2025-9078,0.000350000,0.107430000,0.4011574074074074,2026-06-04,2026-06-04,CVE-2025-9078,4.3,2025-09-16T15:58:12.830
CVE-2025-9076,0.000630000,0.197230000,0.65625,2026-06-04,2026-06-04,CVE-2025-9076,6.5,2025-09-20T02:52:38.957
CVE-2025-9072,0.000450000,0.142700000,0.5057870370370371,2026-06-04,2026-06-04,CVE-2025-9072,5.4,2025-09-16T16:00:26.390
CVE-2025-6051,0.000400000,0.123490000,0.4465277777777778,2026-06-04,2026-06-04,CVE-2025-6051,5.3,2025-10-21T14:16:24.770
CVE-2025-59378,0.000250000,0.074530000,0.24976851851851853,2026-06-04,2026-06-04,CVE-2025-59378,5.7,2026-04-15T00:35:42.020
CVE-2025-59375,0.001020000,0.275210000,0.8060185185185185,2026-06-04,2026-06-04,CVE-2025-59375,7.5,2026-05-12T13:17:22.640
CVE-2025-59364,0.000090000,0.009410000,0.012268518518518519,2026-06-04,2026-06-04,CVE-2025-59364,5.3,2026-04-15T00:35:42.020
CVE-2025-59363,0.000690000,0.214320000,0.6981481481481482,2026-06-04,2026-06-04,CVE-2025-59363,7.7,2026-04-15T00:35:42.020
CVE-2025-59361,0.015220000,0.815870000,0.9756944444444444,2026-06-04,2026-06-04,CVE-2025-59361,9.8,2025-10-14T14:43:52.970
CVE-2025-59360,0.026460000,0.860170000,0.9844907407407407,2026-06-04,2026-06-04,CVE-2025-59360,9.8,2025-10-14T14:43:35.363
CVE-2025-59359,0.020670000,0.842460000,0.9805555555555555,2026-06-04,2026-06-04,CVE-2025-59359,9.8,2025-10-14T14:43:12.827
CVE-2025-59358,0.005010000,0.663360000,0.9465277777777777,2026-06-04,2026-06-04,CVE-2025-59358,7.5,2025-10-14T14:42:44.847
CVE-2025-43794,0.000410000,0.127270000,0.46111111111111114,2026-06-04,2026-06-04,CVE-2025-43794,4.8,2025-12-16T15:25:44.663
CVE-2025-41713,0.001790000,0.391960000,0.8807870370370371,2026-06-04,2026-06-04,CVE-2025-41713,6.5,2026-04-15T00:35:42.020
CVE-2025-39804,0.000260000,0.077590000,0.2759259259259259,2026-06-04,2026-06-04,CVE-2025-39804,7.8,2025-11-24T17:51:26.380
CVE-2025-39803,0.000110000,0.013950000,0.025,2026-06-04,2026-06-04,CVE-2025-39803,7.8,2025-11-24T17:55:07.587
CVE-2025-39802,0.000260000,0.077590000,0.2759259259259259,2026-06-04,2026-06-04,CVE-2025-39802,7.8,2025-11-24T18:00:57.393
CVE-2025-39801,0.000200000,0.057730000,0.1476851851851852,2026-06-04,2026-06-04,CVE-2025-39801,5.5,2026-05-12T13:17:12.437
CVE-2025-39800,0.000230000,0.068320000,0.23032407407407407,2026-06-04,2026-06-04,CVE-2025-39800,5.5,2026-05-12T13:17:12.307
CVE-2025-36035,0.000140000,0.025950000,0.04351851851851852,2026-06-04,2026-06-04,CVE-2025-36035,5.1,2025-12-19T13:29:49.780
CVE-2025-3025,0.000170000,0.045920000,0.07430555555555556,2026-06-04,2026-06-04,CVE-2025-3025,7.3,2026-04-15T00:35:42.020
CVE-2025-10453,0.000790000,0.233930000,0.7405092592592593,2026-06-04,2026-06-04,CVE-2025-10453,5.3,2026-04-15T00:35:42.020
CVE-2025-10452,0.002240000,0.451280000,0.9043981481481481,2026-06-04,2026-06-04,CVE-2025-10452,9.8,2026-04-15T00:35:42.020
CVE-2025-10446,0.000810000,0.238470000,0.7467592592592592,2026-06-04,2026-06-04,CVE-2025-10446,9.8,2026-04-29T01:00:01.613
CVE-2025-10445,0.000810000,0.238470000,0.7467592592592592,2026-06-04,2026-06-04,CVE-2025-10445,9.8,2026-04-29T01:00:01.613
CVE-2025-10444,0.000810000,0.238470000,0.7467592592592592,2026-06-04,2026-06-04,CVE-2025-10444,9.8,2026-04-29T01:00:01.613
CVE-2025-10443,0.006010000,0.698620000,0.9537037037037037,2026-06-04,2026-06-04,CVE-2025-10443,8.8,2025-09-19T19:22:53.663
CVE-2025-10442,0.011280000,0.786430000,0.9706018518518519,2026-06-04,2026-06-04,CVE-2025-10442,8.8,2026-04-29T01:00:01.613
CVE-2025-10441,0.003490000,0.576510000,0.9298611111111111,2026-06-04,2026-06-04,CVE-2025-10441,6.3,2026-04-29T01:00:01.613
CVE-2025-10440,0.003490000,0.576510000,0.9298611111111111,2026-06-04,2026-06-04,CVE-2025-10440,6.3,2026-04-29T01:00:01.613
CVE-2025-10436,0.000610000,0.193730000,0.6458333333333334,2026-06-04,2026-06-04,CVE-2025-10436,9.8,2026-04-29T01:00:01.613
CVE-2025-10435,0.000600000,0.188480000,0.6351851851851852,2026-06-04,2026-06-04,CVE-2025-10435,9.8,2026-04-29T01:00:01.613
CVE-2025-10434,0.000410000,0.128400000,0.46111111111111114,2026-06-04,2026-06-04,CVE-2025-10434,2.4,2026-04-29T01:00:01.613
CVE-2025-10433,0.001100000,0.290180000,0.8141203703703703,2026-06-04,2026-06-04,CVE-2025-10433,6.3,2026-04-29T01:00:01.613
CVE-2025-10432,0.007910000,0.742450000,0.9622685185185185,2026-06-04,2026-06-04,CVE-2025-10432,9.8,2025-09-20T02:53:14.723
CVE-2025-10431,0.000580000,0.183040000,0.6189814814814815,2026-06-04,2026-06-04,CVE-2025-10431,8.8,2026-04-29T01:00:01.613
CVE-2025-10430,0.000830000,0.243270000,0.75625,2026-06-04,2026-06-04,CVE-2025-10430,8.8,2026-04-29T01:00:01.613
CVE-2025-10429,0.000580000,0.183040000,0.6189814814814815,2026-06-04,2026-06-04,CVE-2025-10429,8.8,2026-04-29T01:00:01.613
CVE-2025-10428,0.000960000,0.264770000,0.7921296296296296,2026-06-04,2026-06-04,CVE-2025-10428,8.8,2026-04-29T01:00:01.613
CVE-2025-10427,0.000960000,0.264770000,0.7921296296296296,2026-06-04,2026-06-04,CVE-2025-10427,8.8,2026-04-29T01:00:01.613
CVE-2025-10426,0.000600000,0.188480000,0.6351851851851852,2026-06-04,2026-06-04,CVE-2025-10426,9.8,2026-04-29T01:00:01.613
CVE-2025-10425,0.001160000,0.299490000,0.8208333333333333,2026-06-04,2026-06-04,CVE-2025-10425,9.8,2026-04-29T01:00:01.613
CVE-2025-10424,0.001160000,0.299490000,0.8208333333333333,2026-06-04,2026-06-04,CVE-2025-10424,9.8,2026-04-29T01:00:01.613
CVE-2025-10423,0.000750000,0.226450000,0.7236111111111111,2026-06-04,2026-06-04,CVE-2025-10423,3.7,2026-04-29T01:00:01.613
CVE-2025-10422,0.000690000,0.213010000,0.6981481481481482,2026-06-04,2026-06-04,CVE-2025-10422,4.3,2026-04-29T01:00:01.613
CVE-2025-10421,0.000580000,0.183040000,0.6189814814814815,2026-06-04,2026-06-04,CVE-2025-10421,8.8,2026-04-29T01:00:01.613
CVE-2025-10420,0.000580000,0.183040000,0.6189814814814815,2026-06-04,2026-06-04,CVE-2025-10420,8.8,2026-04-29T01:00:01.613
CVE-2025-10419,0.000780000,0.233600000,0.7381944444444445,2026-06-04,2026-06-04,CVE-2025-10419,8.8,2026-04-29T01:00:01.613
CVE-2025-10418,0.000780000,0.233600000,0.7381944444444445,2026-06-04,2026-06-04,CVE-2025-10418,8.8,2026-04-29T01:00:01.613
CVE-2025-10417,0.000810000,0.238470000,0.7467592592592592,2026-06-04,2026-06-04,CVE-2025-10417,9.8,2026-04-29T01:00:01.613
CVE-2025-10416,0.000600000,0.188480000,0.6351851851851852,2026-06-04,2026-06-04,CVE-2025-10416,9.8,2026-04-29T01:00:01.613
CVE-2025-10415,0.000600000,0.188480000,0.6351851851851852,2026-06-04,2026-06-04,CVE-2025-10415,9.8,2026-04-29T01:00:01.613
CVE-2025-10414,0.000600000,0.188480000,0.6351851851851852,2026-06-04,2026-06-04,CVE-2025-10414,9.8,2026-04-29T01:00:01.613
CVE-2025-10413,0.000600000,0.188480000,0.6351851851851852,2026-06-04,2026-06-04,CVE-2025-10413,9.8,2026-04-29T01:00:01.613
CVE-2025-10411,0.000600000,0.188940000,0.6351851851851852,2026-06-04,2026-06-04,CVE-2025-10411,6.1,2026-04-29T01:00:01.613
CVE-2025-10410,0.000950000,0.262780000,0.7912037037037037,2026-06-04,2026-06-04,CVE-2025-10410,9.8,2026-04-29T01:00:01.613
CVE-2025-10409,0.000580000,0.183040000,0.6189814814814815,2026-06-04,2026-06-04,CVE-2025-10409,8.8,2026-04-29T01:00:01.613
CVE-2025-10408,0.000580000,0.183040000,0.6189814814814815,2026-06-04,2026-06-04,CVE-2025-10408,8.8,2026-04-29T01:00:01.613
CVE-2025-10407,0.000580000,0.183040000,0.6189814814814815,2026-06-04,2026-06-04,CVE-2025-10407,8.8,2026-04-29T01:00:01.613
CVE-2025-10405,0.000600000,0.188480000,0.6351851851851852,2026-06-04,2026-06-04,CVE-2025-10405,9.8,2026-04-29T01:00:01.613
CVE-2025-10404,0.000610000,0.193730000,0.6458333333333334,2026-06-04,2026-06-04,CVE-2025-10404,9.8,2026-04-29T01:00:01.613
CVE-2025-10403,0.000600000,0.188480000,0.6351851851851852,2026-06-04,2026-06-04,CVE-2025-10403,9.8,2026-04-29T01:00:01.613
CVE-2025-10402,0.000600000,0.188480000,0.6351851851851852,2026-06-04,2026-06-04,CVE-2025-10402,9.8,2026-04-29T01:00:01.613
CVE-2025-10401,0.005100000,0.667650000,0.9474537037037037,2026-06-04,2026-06-04,CVE-2025-10401,8.8,2026-04-29T01:00:01.613
CVE-2025-10400,0.000580000,0.183040000,0.6189814814814815,2026-06-04,2026-06-04,CVE-2025-10400,8.8,2026-04-29T01:00:01.613
CVE-2025-10399,0.000300000,0.090250000,0.32546296296296295,2026-06-04,2026-06-04,CVE-2025-10399,6.3,2026-04-29T01:00:01.613
CVE-2025-10398,0.000980000,0.269640000,0.7983796296296296,2026-06-04,2026-06-04,CVE-2025-10398,8.8,2026-04-29T01:00:01.613
CVE-2025-10397,0.000800000,0.235670000,0.7423611111111111,2026-06-04,2026-06-04,CVE-2025-10397,7.2,2026-04-29T01:00:01.613
CVE-2025-10396,0.000600000,0.188480000,0.6351851851851852,2026-06-04,2026-06-04,CVE-2025-10396,9.8,2026-04-29T01:00:01.613
CVE-2025-10395,0.000800000,0.235670000,0.7423611111111111,2026-06-04,2026-06-04,CVE-2025-10395,7.2,2025-10-08T14:24:08.327
CVE-2025-10394,0.000930000,0.260750000,0.7863425925925925,2026-06-04,2026-06-04,CVE-2025-10394,7.2,2026-04-29T01:00:01.613
CVE-2025-10393,0.000550000,0.175250000,0.5965277777777778,2026-06-04,2026-06-04,CVE-2025-10393,6.3,2026-04-29T01:00:01.613
CVE-2025-10392,0.001530000,0.356340000,0.8638888888888889,2026-06-04,2026-06-04,CVE-2025-10392,9.8,2026-04-15T00:35:42.020
CVE-2025-10391,0.000910000,0.256400000,0.780787037037037,2026-06-04,2026-06-04,CVE-2025-10391,8.8,2026-04-29T01:00:01.613
CVE-2025-10390,0.001840000,0.399230000,0.8837962962962963,2026-06-04,2026-06-04,CVE-2025-10390,8.8,2026-04-29T01:00:01.613
CVE-2025-10204,0.024460000,0.854680000,0.9831018518518518,2026-06-04,2026-06-04,CVE-2025-10204,,2026-04-15T00:35:42.020
CVE-2025-0164,0.000150000,0.031300000,0.050694444444444445,2026-06-04,2026-06-04,CVE-2025-0164,2.3,2025-12-15T18:21:45.593
CVE-2022-50256,0.000170000,0.045790000,0.07430555555555556,2026-06-04,2026-06-04,CVE-2022-50256,7.8,2025-11-25T16:52:25.453
CVE-2022-50255,0.000220000,0.065620000,0.20671296296296296,2026-06-04,2026-06-04,CVE-2022-50255,7.1,2025-11-25T16:49:15.010
CVE-2022-50254,0.000250000,0.073340000,0.24976851851851853,2026-06-04,2026-06-04,CVE-2022-50254,5.5,2025-11-25T16:49:01.373
CVE-2022-50253,0.000170000,0.044030000,0.07430555555555556,2026-06-04,2026-06-04,CVE-2022-50253,5.5,2025-11-26T16:26:21.480
CVE-2022-50252,0.000160000,0.040750000,0.05555555555555555,2026-06-04,2026-06-04,CVE-2022-50252,7.8,2025-11-26T16:25:58.033
CVE-2022-50251,0.000200000,0.057680000,0.1476851851851852,2026-06-04,2026-06-04,CVE-2022-50251,5.5,2025-11-26T16:25:52.580
CVE-2022-50250,0.000170000,0.044030000,0.07430555555555556,2026-06-04,2026-06-04,CVE-2022-50250,5.5,2025-11-25T14:40:20.927
CVE-2022-50249,0.000200000,0.057680000,0.1476851851851852,2026-06-04,2026-06-04,CVE-2022-50249,5.5,2025-11-25T14:40:36.660
CVE-2022-50248,0.000220000,0.062570000,0.20671296296296296,2026-06-04,2026-06-04,CVE-2022-50248,7.8,2025-11-25T14:41:11.917
CVE-2022-50247,0.000220000,0.063380000,0.20671296296296296,2026-06-04,2026-06-04,CVE-2022-50247,5.5,2025-11-24T19:57:15.157
CVE-2022-50246,0.000210000,0.061420000,0.16643518518518519,2026-06-04,2026-06-04,CVE-2022-50246,5.5,2025-11-24T19:57:47.357
CVE-2022-50245,0.000200000,0.058770000,0.1476851851851852,2026-06-04,2026-06-04,CVE-2022-50245,7.8,2025-11-24T19:58:44.563
CVE-2022-50244,0.000200000,0.057680000,0.1476851851851852,2026-06-04,2026-06-04,CVE-2022-50244,5.5,2025-11-24T19:59:03.517
CVE-2022-50243,0.000220000,0.062570000,0.20671296296296296,2026-06-04,2026-06-04,CVE-2022-50243,7.8,2025-11-24T20:04:28.100
CVE-2022-50242,0.000200000,0.057680000,0.1476851851851852,2026-06-04,2026-06-04,CVE-2022-50242,5.5,2025-11-24T20:05:04.953
CVE-2022-50241,0.000320000,0.095580000,0.3541666666666667,2026-06-04,2026-06-04,CVE-2022-50241,7.8,2025-11-25T14:42:06.403
CVE-2022-50240,0.000220000,0.062570000,0.20671296296296296,2026-06-04,2026-06-04,CVE-2022-50240,7.8,2025-11-24T17:25:46.107
CVE-2022-50239,0.000220000,0.065620000,0.20671296296296296,2026-06-04,2026-06-04,CVE-2022-50239,7.1,2025-11-24T17:26:12.443
CVE-2022-50236,0.000110000,0.013480000,0.025,2026-06-04,2026-06-04,CVE-2022-50236,5.5,2025-11-24T17:35:33.767
CVE-2022-50235,0.000210000,0.062320000,0.16643518518518519,2026-06-04,2026-06-04,CVE-2022-50235,7.8,2025-11-24T17:41:12.310
CVE-2022-50234,0.000220000,0.062570000,0.20671296296296296,2026-06-04,2026-06-04,CVE-2022-50234,7.8,2025-11-24T17:46:10.130
CVE-2025-59377,0.000480000,0.151740000,0.5486111111111112,2026-06-04,2026-06-04,CVE-2025-59377,9.8,2025-09-20T02:50:49.953
CVE-2025-59376,0.000110000,0.013760000,0.025,2026-06-04,2026-06-04,CVE-2025-59376,5.3,2025-09-20T02:51:25.153
CVE-2025-56710,0.000200000,0.057450000,0.1476851851851852,2026-06-04,2026-06-04,CVE-2025-56710,7.3,2025-09-20T02:51:37.760
CVE-2025-50944,0.000640000,0.201390000,0.6622685185185185,2026-06-04,2026-06-04,CVE-2025-50944,8.8,2025-10-14T19:41:19.230
CVE-2025-50110,0.000440000,0.137340000,0.4949074074074074,2026-06-04,2026-06-04,CVE-2025-50110,8.8,2026-04-15T00:35:42.020
CVE-2025-46408,0.000450000,0.142730000,0.5057870370370371,2026-06-04,2026-06-04,CVE-2025-46408,9.8,2025-10-17T14:51:26.313
CVE-2025-10448,0.000600000,0.188480000,0.6351851851851852,2026-06-04,2026-06-04,CVE-2025-10448,9.8,2026-04-29T01:00:01.613
CVE-2025-10447,0.001160000,0.299490000,0.8208333333333333,2026-06-04,2026-06-04,CVE-2025-10447,9.8,2026-04-29T01:00:01.613
CVE-2023-53198,0.000170000,0.040970000,0.07430555555555556,2026-06-04,2026-06-04,CVE-2023-53198,5.5,2025-12-02T19:19:05.830
CVE-2023-53197,0.000210000,0.060210000,0.16643518518518519,2026-06-04,2026-06-04,CVE-2023-53197,5.5,2025-12-02T19:14:45.553
CVE-2023-53196,0.000210000,0.061420000,0.16643518518518519,2026-06-04,2026-06-04,CVE-2023-53196,5.5,2025-12-02T19:13:50.160
CVE-2023-53195,0.000170000,0.040970000,0.07430555555555556,2026-06-04,2026-06-04,CVE-2023-53195,5.5,2025-12-02T02:40:14.647
CVE-2023-53194,0.000220000,0.065620000,0.20671296296296296,2026-06-04,2026-06-04,CVE-2023-53194,7.8,2025-12-02T02:40:36.330
CVE-2023-53193,0.000220000,0.063380000,0.20671296296296296,2026-06-04,2026-06-04,CVE-2023-53193,5.5,2025-12-02T02:41:55.950
CVE-2023-53192,0.000210000,0.062320000,0.16643518518518519,2026-06-04,2026-06-04,CVE-2023-53192,7.8,2025-12-02T02:42:17.983
CVE-2023-53191,0.000210000,0.061420000,0.16643518518518519,2026-06-04,2026-06-04,CVE-2023-53191,5.5,2025-12-02T02:42:36.110
CVE-2023-53190,0.000170000,0.040970000,0.07430555555555556,2026-06-04,2026-06-04,CVE-2023-53190,5.5,2025-12-02T02:42:50.530
CVE-2023-53189,0.000210000,0.061420000,0.16643518518518519,2026-06-04,2026-06-04,CVE-2023-53189,5.5,2025-12-02T02:55:18.420
CVE-2023-53188,0.000160000,0.040560000,0.05555555555555555,2026-06-04,2026-06-04,CVE-2023-53188,4.7,2025-12-02T02:55:34.407
CVE-2023-53187,0.000170000,0.045790000,0.07430555555555556,2026-06-04,2026-06-04,CVE-2023-53187,7.8,2025-12-02T02:55:45.260
CVE-2023-53186,0.000170000,0.042960000,0.07430555555555556,2026-06-04,2026-06-04,CVE-2023-53186,4.7,2025-12-02T02:56:07.880
CVE-2023-53185,0.000200000,0.057680000,0.1476851851851852,2026-06-04,2026-06-04,CVE-2023-53185,5.5,2025-12-02T02:56:18.970
CVE-2023-53184,0.000200000,0.058640000,0.1476851851851852,2026-06-04,2026-06-04,CVE-2023-53184,7.8,2025-12-02T19:12:41.433
CVE-2023-53182,0.000170000,0.044030000,0.07430555555555556,2026-06-04,2026-06-04,CVE-2023-53182,5.5,2025-12-02T02:57:13.687
CVE-2023-53181,0.000170000,0.040970000,0.07430555555555556,2026-06-04,2026-06-04,CVE-2023-53181,5.5,2025-12-02T02:57:23.177
CVE-2023-53180,0.000250000,0.073340000,0.24976851851851853,2026-06-04,2026-06-04,CVE-2023-53180,5.5,2025-12-02T02:57:51.230
CVE-2023-53179,0.000200000,0.058770000,0.1476851851851852,2026-06-04,2026-06-04,CVE-2023-53179,7.8,2025-12-02T02:57:31.997
CVE-2023-53178,0.000140000,0.027680000,0.04351851851851852,2026-06-04,2026-06-04,CVE-2023-53178,4.7,2025-12-02T02:57:41.047
CVE-2023-53177,0.000170000,0.040970000,0.07430555555555556,2026-06-04,2026-06-04,CVE-2023-53177,5.5,2025-12-02T02:58:19.630
CVE-2023-53176,0.000170000,0.044030000,0.07430555555555556,2026-06-04,2026-06-04,CVE-2023-53176,5.5,2025-12-02T02:58:00.767
CVE-2023-53175,0.000220000,0.063380000,0.20671296296296296,2026-06-04,2026-06-04,CVE-2023-53175,5.5,2025-12-02T02:58:09.733
CVE-2023-53174,0.000210000,0.061420000,0.16643518518518519,2026-06-04,2026-06-04,CVE-2023-53174,5.5,2025-12-02T02:58:29.733
CVE-2023-53173,0.000210000,0.060210000,0.16643518518518519,2026-06-04,2026-06-04,CVE-2023-53173,5.5,2025-12-02T02:58:40.677
CVE-2023-53172,0.000250000,0.073340000,0.24976851851851853,2026-06-04,2026-06-04,CVE-2023-53172,5.5,2025-12-02T19:09:53.717
CVE-2023-53171,0.000210000,0.060820000,0.16643518518518519,2026-06-04,2026-06-04,CVE-2023-53171,5.5,2025-12-02T02:58:59.253
CVE-2023-53170,0.000250000,0.073340000,0.24976851851851853,2026-06-04,2026-06-04,CVE-2023-53170,5.5,2025-12-03T19:16:20.797
CVE-2023-53169,0.000220000,0.063380000,0.20671296296296296,2026-06-04,2026-06-04,CVE-2023-53169,5.5,2025-12-02T19:06:38.720
CVE-2023-53168,0.000170000,0.040970000,0.07430555555555556,2026-06-04,2026-06-04,CVE-2023-53168,5.5,2025-11-24T21:02:45.563
CVE-2023-53167,0.000250000,0.072920000,0.24976851851851853,2026-06-04,2026-06-04,CVE-2023-53167,5.5,2025-11-24T21:02:37.190
CVE-2023-53166,0.000130000,0.021010000,0.0349537037037037,2026-06-04,2026-06-04,CVE-2023-53166,4.7,2025-11-24T21:02:32.000
CVE-2023-53165,0.000200000,0.057080000,0.1476851851851852,2026-06-04,2026-06-04,CVE-2023-53165,5.5,2025-11-24T21:02:23.880
CVE-2023-53164,0.000210000,0.061420000,0.16643518518518519,2026-06-04,2026-06-04,CVE-2023-53164,5.5,2025-11-24T21:02:18.403
CVE-2023-53163,0.000220000,0.063380000,0.20671296296296296,2026-06-04,2026-06-04,CVE-2023-53163,5.5,2025-11-24T21:01:50.630
CVE-2023-53153,0.000220000,0.062570000,0.20671296296296296,2026-06-04,2026-06-04,CVE-2023-53153,7.8,2025-11-24T21:01:22.723
CVE-2023-53152,0.000170000,0.040970000,0.07430555555555556,2026-06-04,2026-06-04,CVE-2023-53152,5.5,2025-11-24T21:01:16.823
CVE-2023-53151,0.000140000,0.028960000,0.04351851851851852,2026-06-04,2026-06-04,CVE-2023-53151,5.5,2025-11-24T21:00:20.200
CVE-2023-53150,0.000180000,0.051300000,0.11435185185185186,2026-06-04,2026-06-04,CVE-2023-53150,5.5,2025-11-25T17:03:47.783
CVE-2023-53149,0.000160000,0.037900000,0.05555555555555555,2026-06-04,2026-06-04,CVE-2023-53149,5.5,2025-11-25T17:03:43.000
CVE-2023-53148,0.000200000,0.056530000,0.1476851851851852,2026-06-04,2026-06-04,CVE-2023-53148,7.8,2025-11-25T17:03:32.480
CVE-2023-53147,0.000210000,0.061420000,0.16643518518518519,2026-06-04,2026-06-04,CVE-2023-53147,5.5,2025-11-25T17:03:26.743
CVE-2022-50306,0.000140000,0.028450000,0.04351851851851852,2026-06-04,2026-06-04,CVE-2022-50306,7.1,2025-12-04T15:31:07.530
CVE-2022-50305,0.000170000,0.045790000,0.07430555555555556,2026-06-04,2026-06-04,CVE-2022-50305,7.8,2025-12-04T15:31:13.883
CVE-2022-50304,0.000220000,0.062750000,0.20671296296296296,2026-06-04,2026-06-04,CVE-2022-50304,5.5,2025-12-04T15:31:23.977
CVE-2022-50303,0.000230000,0.066450000,0.23032407407407407,2026-06-04,2026-06-04,CVE-2022-50303,7.8,2025-12-04T15:31:34.053
CVE-2022-50302,0.000210000,0.060820000,0.16643518518518519,2026-06-04,2026-06-04,CVE-2022-50302,5.5,2025-12-04T15:31:49.697
CVE-2022-50301,0.000200000,0.058770000,0.1476851851851852,2026-06-04,2026-06-04,CVE-2022-50301,7.8,2025-12-04T15:32:33.170
CVE-2022-50300,0.000220000,0.065620000,0.20671296296296296,2026-06-04,2026-06-04,CVE-2022-50300,7.8,2025-12-04T15:33:20.600
CVE-2022-50299,0.000210000,0.061420000,0.16643518518518519,2026-06-04,2026-06-04,CVE-2022-50299,5.5,2025-12-04T15:33:30.630
CVE-2022-50298,0.000220000,0.063380000,0.20671296296296296,2026-06-04,2026-06-04,CVE-2022-50298,5.5,2025-12-04T15:33:39.543
CVE-2022-50297,0.000200000,0.057680000,0.1476851851851852,2026-06-04,2026-06-04,CVE-2022-50297,5.5,2025-12-04T15:33:54.417
CVE-2022-50296,0.000160000,0.039000000,0.05555555555555555,2026-06-04,2026-06-04,CVE-2022-50296,5.5,2025-12-04T15:34:09.233
CVE-2022-50295,0.000250000,0.073340000,0.24976851851851853,2026-06-04,2026-06-04,CVE-2022-50295,5.5,2025-12-04T18:52:56.973
CVE-2022-50294,0.000210000,0.061420000,0.16643518518518519,2026-06-04,2026-06-04,CVE-2022-50294,5.5,2025-12-03T19:27:08.237
CVE-2022-50293,0.000150000,0.032820000,0.050694444444444445,2026-06-04,2026-06-04,CVE-2022-50293,5.5,2025-12-04T18:53:12.567
CVE-2022-50292,0.000250000,0.073340000,0.24976851851851853,2026-06-04,2026-06-04,CVE-2022-50292,5.5,2025-12-04T18:53:55.843
CVE-2022-50291,0.000210000,0.061420000,0.16643518518518519,2026-06-04,2026-06-04,CVE-2022-50291,5.5,2025-12-04T18:54:12.970
CVE-2022-50289,0.000200000,0.057680000,0.1476851851851852,2026-06-04,2026-06-04,CVE-2022-50289,5.5,2025-12-03T19:26:03.923
CVE-2022-50288,0.000210000,0.061420000,0.16643518518518519,2026-06-04,2026-06-04,CVE-2022-50288,5.5,2025-12-03T19:25:31.920
CVE-2022-50287,0.000170000,0.040970000,0.07430555555555556,2026-06-04,2026-06-04,CVE-2022-50287,5.5,2025-12-03T19:23:03.087
CVE-2022-50286,0.000170000,0.044030000,0.07430555555555556,2026-06-04,2026-06-04,CVE-2022-50286,5.5,2025-12-23T17:15:45.760
CVE-2022-50285,0.000210000,0.061420000,0.16643518518518519,2026-06-04,2026-06-04,CVE-2022-50285,5.5,2025-12-04T18:54:33.920
CVE-2022-50284,0.000170000,0.040970000,0.07430555555555556,2026-06-04,2026-06-04,CVE-2022-50284,5.5,2025-12-03T19:20:00.620
CVE-2022-50283,0.000260000,0.077590000,0.2759259259259259,2026-06-04,2026-06-04,CVE-2022-50283,7.8,2025-12-04T18:55:35.373
CVE-2022-50282,0.000200000,0.057680000,0.1476851851851852,2026-06-04,2026-06-04,CVE-2022-50282,5.5,2025-12-04T18:56:27.057
CVE-2022-50281,0.000210000,0.060820000,0.16643518518518519,2026-06-04,2026-06-04,CVE-2022-50281,5.5,2025-12-04T18:56:35.393
CVE-2022-50280,0.000200000,0.057680000,0.1476851851851852,2026-06-04,2026-06-04,CVE-2022-50280,5.5,2025-12-04T14:55:40.777
CVE-2022-50279,0.000220000,0.062570000,0.20671296296296296,2026-06-04,2026-06-04,CVE-2022-50279,7.1,2025-12-03T19:18:01.133
CVE-2022-50278,0.000200000,0.057680000,0.1476851851851852,2026-06-04,2026-06-04,CVE-2022-50278,5.5,2025-12-03T19:17:01.023
CVE-2022-50277,0.000120000,0.017060000,0.03009259259259259,2026-06-04,2026-06-04,CVE-2022-50277,5.5,2025-12-03T18:31:12.860
CVE-2022-50276,0.000280000,0.085080000,0.3087962962962963,2026-06-04,2026-06-04,CVE-2022-50276,5.5,2025-12-03T18:30:20.230
CVE-2022-50275,0.000210000,0.061420000,0.16643518518518519,2026-06-04,2026-06-04,CVE-2022-50275,5.5,2025-12-03T19:16:53.663
CVE-2022-50274,0.000170000,0.045250000,0.07430555555555556,2026-06-04,2026-06-04,CVE-2022-50274,7.8,2025-12-03T18:21:27.363
CVE-2022-50273,0.000210000,0.061420000,0.16643518518518519,2026-06-04,2026-06-04,CVE-2022-50273,5.5,2025-12-03T18:20:36.103
CVE-2022-50272,0.000200000,0.057680000,0.1476851851851852,2026-06-04,2026-06-04,CVE-2022-50272,5.5,2025-12-03T18:19:31.887
CVE-2022-50271,0.000210000,0.061420000,0.16643518518518519,2026-06-04,2026-06-04,CVE-2022-50271,5.5,2025-12-03T18:18:35.573
CVE-2022-50270,0.000260000,0.079380000,0.2759259259259259,2026-06-04,2026-06-04,CVE-2022-50270,7.1,2026-01-23T16:39:12.573
CVE-2022-50269,0.000220000,0.063380000,0.20671296296296296,2026-06-04,2026-06-04,CVE-2022-50269,5.5,2025-12-03T18:17:11.063
CVE-2022-50268,0.000200000,0.057680000,0.1476851851851852,2026-06-04,2026-06-04,CVE-2022-50268,5.5,2025-12-03T18:16:12.043
CVE-2022-50267,0.000220000,0.063380000,0.20671296296296296,2026-06-04,2026-06-04,CVE-2022-50267,5.5,2025-12-03T18:15:12.883
CVE-2022-50266,0.000170000,0.040970000,0.07430555555555556,2026-06-04,2026-06-04,CVE-2022-50266,5.5,2025-12-02T19:27:30.377
CVE-2022-50265,0.000210000,0.061420000,0.16643518518518519,2026-06-04,2026-06-04,CVE-2022-50265,5.5,2025-12-03T18:14:05.767
CVE-2022-50264,0.000210000,0.061420000,0.16643518518518519,2026-06-04,2026-06-04,CVE-2022-50264,5.5,2025-12-02T19:22:11.253
CVE-2022-50263,0.000170000,0.040970000,0.07430555555555556,2026-06-04,2026-06-04,CVE-2022-50263,5.5,2025-12-02T19:21:08.623
CVE-2022-50262,0.000240000,0.070210000,0.2363425925925926,2026-06-04,2026-06-04,CVE-2022-50262,5.5,2025-12-02T19:20:01.900
CVE-2022-50261,0.000160000,0.039000000,0.05555555555555555,2026-06-04,2026-06-04,CVE-2022-50261,5.5,2025-11-25T17:02:57.720
CVE-2022-50260,0.000290000,0.088120000,0.31527777777777777,2026-06-04,2026-06-04,CVE-2022-50260,5.5,2025-11-25T17:02:41.887
CVE-2022-50259,0.000160000,0.040560000,0.05555555555555555,2026-06-04,2026-06-04,CVE-2022-50259,4.7,2025-11-25T17:02:21.320
CVE-2022-50258,0.000170000,0.045250000,0.07430555555555556,2026-06-04,2026-06-04,CVE-2022-50258,7.8,2025-11-25T17:02:11.130
CVE-2022-50257,0.000240000,0.070580000,0.2363425925925926,2026-06-04,2026-06-04,CVE-2022-50257,5.5,2025-11-25T17:02:00.230
CVE-2025-8396,0.001350000,0.330220000,0.8474537037037037,2026-06-04,2026-06-04,CVE-2025-8396,,2026-04-15T00:35:42.020
CVE-2025-6202,0.000100000,0.012110000,0.021527777777777778,2026-06-04,2026-06-04,CVE-2025-6202,,2026-04-15T00:35:42.020
CVE-2025-52053,0.656470000,0.985150000,0.9983796296296297,2026-06-04,2026-06-04,CVE-2025-52053,9.8,2025-09-20T02:49:46.760
CVE-2025-36082,0.000190000,0.055430000,0.13171296296296298,2026-06-04,2026-06-04,CVE-2025-36082,3.3,2025-09-24T13:17:27.520
CVE-2025-10491,0.000210000,0.061850000,0.16643518518518519,2026-06-04,2026-06-04,CVE-2025-10491,7.8,2026-04-15T00:35:42.020
CVE-2025-10459,0.000600000,0.188480000,0.6351851851851852,2026-06-04,2026-06-04,CVE-2025-10459,9.8,2026-04-29T01:00:01.613
CVE-2023-53262,0.000220000,0.065620000,0.20671296296296296,2026-06-04,2026-06-04,CVE-2023-53262,7.8,2026-01-14T19:16:16.087
CVE-2023-53261,0.000370000,0.112710000,0.41898148148148145,2026-06-04,2026-06-04,CVE-2023-53261,5.5,2026-01-14T19:16:15.927
CVE-2023-53260,0.000170000,0.040970000,0.07430555555555556,2026-06-04,2026-06-04,CVE-2023-53260,5.5,2026-01-14T18:16:38.670
CVE-2023-53259,0.000210000,0.059850000,0.16643518518518519,2026-06-04,2026-06-04,CVE-2023-53259,7.1,2026-01-16T19:50:14.687
CVE-2023-53258,0.000170000,0.040970000,0.07430555555555556,2026-06-04,2026-06-04,CVE-2023-53258,5.5,2026-01-14T18:16:38.503
CVE-2023-53257,0.000180000,0.049760000,0.11435185185185186,2026-06-04,2026-06-04,CVE-2023-53257,7.8,2026-01-14T18:16:38.343
CVE-2023-53256,0.000270000,0.080180000,0.2983796296296296,2026-06-04,2026-06-04,CVE-2023-53256,5.5,2026-01-14T18:16:38.190
CVE-2023-53255,0.000210000,0.061420000,0.16643518518518519,2026-06-04,2026-06-04,CVE-2023-53255,5.5,2026-01-14T18:16:38.027
CVE-2023-53254,0.000190000,0.051850000,0.13171296296296298,2026-06-04,2026-06-04,CVE-2023-53254,7.1,2026-01-14T18:16:37.867
CVE-2023-53253,0.000260000,0.077590000,0.2759259259259259,2026-06-04,2026-06-04,CVE-2023-53253,7.8,2026-01-14T18:16:37.720
CVE-2023-53252,0.000170000,0.045790000,0.07430555555555556,2026-06-04,2026-06-04,CVE-2023-53252,7.8,2026-01-14T18:16:37.560
CVE-2023-53251,0.000210000,0.060820000,0.16643518518518519,2026-06-04,2026-06-04,CVE-2023-53251,5.5,2026-01-14T18:16:37.343
CVE-2023-53250,0.000220000,0.063380000,0.20671296296296296,2026-06-04,2026-06-04,CVE-2023-53250,5.5,2026-01-14T18:16:37.163
CVE-2023-53249,0.000210000,0.061420000,0.16643518518518519,2026-06-04,2026-06-04,CVE-2023-53249,5.5,2026-01-14T18:16:36.990
CVE-2023-53248,0.000220000,0.062750000,0.20671296296296296,2026-06-04,2026-06-04,CVE-2023-53248,5.5,2026-01-14T18:16:36.830
CVE-2023-53247,0.000080000,0.008080000,0.005324074074074074,2026-06-04,2026-06-04,CVE-2023-53247,5.5,2026-01-14T18:16:36.673
CVE-2023-53246,0.000370000,0.113930000,0.41898148148148145,2026-06-04,2026-06-04,CVE-2023-53246,5.5,2026-01-05T11:16:12.970
CVE-2023-53245,0.000280000,0.085080000,0.3087962962962963,2026-06-04,2026-06-04,CVE-2023-53245,5.5,2026-01-14T18:16:36.500
CVE-2023-53244,0.000170000,0.046250000,0.07430555555555556,2026-06-04,2026-06-04,CVE-2023-53244,5.5,2026-01-14T18:16:36.030
CVE-2023-53243,0.000210000,0.060820000,0.16643518518518519,2026-06-04,2026-06-04,CVE-2023-53243,5.5,2026-01-14T18:16:35.863
CVE-2023-53242,0.000210000,0.061420000,0.16643518518518519,2026-06-04,2026-06-04,CVE-2023-53242,5.5,2026-01-14T18:16:35.713
CVE-2023-53241,0.000210000,0.060820000,0.16643518518518519,2026-06-04,2026-06-04,CVE-2023-53241,5.5,2026-01-14T18:16:35.553
CVE-2023-53240,0.000220000,0.062750000,0.20671296296296296,2026-06-04,2026-06-04,CVE-2023-53240,5.5,2026-01-14T18:16:35.390
CVE-2023-53239,0.000210000,0.061420000,0.16643518518518519,2026-06-04,2026-06-04,CVE-2023-53239,5.5,2026-01-14T18:16:35.223
CVE-2023-53238,0.000220000,0.062570000,0.20671296296296296,2026-06-04,2026-06-04,CVE-2023-53238,7.1,2026-01-14T18:16:35.057
CVE-2023-53237,0.000220000,0.063380000,0.20671296296296296,2026-06-04,2026-06-04,CVE-2023-53237,5.5,2026-01-14T18:16:34.900
CVE-2023-53236,0.000250000,0.073340000,0.24976851851851853,2026-06-04,2026-06-04,CVE-2023-53236,5.5,2026-01-14T18:16:34.757
CVE-2023-53235,0.000260000,0.077590000,0.2759259259259259,2026-06-04,2026-06-04,CVE-2023-53235,7.8,2026-01-14T18:16:34.587
CVE-2023-53234,0.000280000,0.085080000,0.3087962962962963,2026-06-04,2026-06-04,CVE-2023-53234,5.5,2026-01-14T18:16:34.417
CVE-2023-53233,0.000160000,0.039810000,0.05555555555555555,2026-06-04,2026-06-04,CVE-2023-53233,5.5,2026-01-14T18:16:34.250
CVE-2023-53232,0.000140000,0.029660000,0.04351851851851852,2026-06-04,2026-06-04,CVE-2023-53232,7.1,2026-03-17T16:35:01.950
CVE-2023-53231,0.000320000,0.098290000,0.3541666666666667,2026-06-04,2026-06-04,CVE-2023-53231,5.5,2026-01-14T18:16:34.100
CVE-2023-53230,0.000170000,0.046250000,0.07430555555555556,2026-06-04,2026-06-04,CVE-2023-53230,5.5,2026-01-14T18:16:33.950
CVE-2023-53229,0.000210000,0.061420000,0.16643518518518519,2026-06-04,2026-06-04,CVE-2023-53229,5.5,2026-01-14T18:16:33.710
CVE-2023-53228,0.000220000,0.063380000,0.20671296296296296,2026-06-04,2026-06-04,CVE-2023-53228,5.5,2026-03-25T11:16:04.887
CVE-2023-53226,0.000200000,0.057680000,0.1476851851851852,2026-06-04,2026-06-04,CVE-2023-53226,5.5,2026-01-14T18:16:33.177
CVE-2023-53225,0.000210000,0.061420000,0.16643518518518519,2026-06-04,2026-06-04,CVE-2023-53225,5.5,2026-01-14T18:16:32.823
CVE-2023-53224,0.000210000,0.061420000,0.16643518518518519,2026-06-04,2026-06-04,CVE-2023-53224,5.5,2026-01-14T18:16:32.560
CVE-2023-53223,0.000170000,0.044030000,0.07430555555555556,2026-06-04,2026-06-04,CVE-2023-53223,5.5,2026-01-14T18:16:32.307
CVE-2023-53222,0.000210000,0.059580000,0.16643518518518519,2026-06-04,2026-06-04,CVE-2023-53222,7.1,2026-01-14T18:16:32.003
CVE-2023-53221,0.000280000,0.085440000,0.3087962962962963,2026-06-04,2026-06-04,CVE-2023-53221,5.5,2026-01-14T18:16:31.613
CVE-2023-53220,0.000170000,0.044030000,0.07430555555555556,2026-06-04,2026-06-04,CVE-2023-53220,5.5,2026-01-14T18:16:31.300
CVE-2023-53219,0.000220000,0.062570000,0.20671296296296296,2026-06-04,2026-06-04,CVE-2023-53219,7.8,2026-01-14T18:16:30.093
CVE-2023-53218,0.000230000,0.066450000,0.23032407407407407,2026-06-04,2026-06-04,CVE-2023-53218,7.8,2026-01-14T18:16:29.897
CVE-2023-53217,0.000220000,0.062570000,0.20671296296296296,2026-06-04,2026-06-04,CVE-2023-53217,7.8,2026-01-14T18:16:29.740
CVE-2023-53216,0.000210000,0.062320000,0.16643518518518519,2026-06-04,2026-06-04,CVE-2023-53216,7.8,2026-01-14T18:16:29.593
CVE-2023-53215,0.000170000,0.045250000,0.07430555555555556,2026-06-04,2026-06-04,CVE-2023-53215,7.8,2026-01-14T18:16:29.427
CVE-2023-53214,0.000260000,0.079110000,0.2759259259259259,2026-06-04,2026-06-04,CVE-2023-53214,7.8,2026-01-14T18:16:29.260
CVE-2023-53213,0.000160000,0.040750000,0.05555555555555555,2026-06-04,2026-06-04,CVE-2023-53213,7.1,2026-01-14T18:16:29.097
CVE-2023-53211,0.000170000,0.040970000,0.07430555555555556,2026-06-04,2026-06-04,CVE-2023-53211,5.5,2026-01-14T18:16:28.943
CVE-2023-53210,0.000220000,0.063380000,0.20671296296296296,2026-06-04,2026-06-04,CVE-2023-53210,5.5,2026-01-14T18:16:28.790
CVE-2023-53209,0.000190000,0.051580000,0.13171296296296298,2026-06-04,2026-06-04,CVE-2023-53209,5.5,2026-01-14T18:16:28.617
CVE-2023-53208,0.000170000,0.040970000,0.07430555555555556,2026-06-04,2026-06-04,CVE-2023-53208,5.5,2026-01-14T18:16:28.463
CVE-2023-53207,0.000170000,0.040970000,0.07430555555555556,2026-06-04,2026-06-04,CVE-2023-53207,5.5,2026-01-14T18:16:28.293
CVE-2023-53206,0.000250000,0.073340000,0.24976851851851853,2026-06-04,2026-06-04,CVE-2023-53206,5.5,2025-12-04T15:06:28.720
CVE-2023-53205,0.000220000,0.065620000,0.20671296296296296,2026-06-04,2026-06-04,CVE-2023-53205,7.8,2025-12-04T15:06:38.500
CVE-2023-53204,0.000160000,0.040560000,0.05555555555555555,2026-06-04,2026-06-04,CVE-2023-53204,4.7,2025-12-04T15:06:57.090
CVE-2023-53203,0.000250000,0.073340000,0.24976851851851853,2026-06-04,2026-06-04,CVE-2023-53203,5.5,2025-12-04T15:07:07.453
CVE-2023-53202,0.000260000,0.077400000,0.2759259259259259,2026-06-04,2026-06-04,CVE-2023-53202,5.5,2025-12-03T19:41:02.513
CVE-2023-53201,0.000210000,0.061420000,0.16643518518518519,2026-06-04,2026-06-04,CVE-2023-53201,5.5,2025-12-04T15:07:21.827
CVE-2023-53200,0.000220000,0.063380000,0.20671296296296296,2026-06-04,2026-06-04,CVE-2023-53200,5.5,2025-12-04T15:07:32.157
CVE-2023-53199,0.000210000,0.061420000,0.16643518518518519,2026-06-04,2026-06-04,CVE-2023-53199,5.5,2025-12-03T19:39:44.743
CVE-2022-50337,0.000210000,0.060820000,0.16643518518518519,2026-06-04,2026-06-04,CVE-2022-50337,5.5,2025-12-04T13:56:39.980
CVE-2022-50336,0.000220000,0.063380000,0.20671296296296296,2026-06-04,2026-06-04,CVE-2022-50336,5.5,2025-12-04T13:53:50.990
CVE-2022-50335,0.000220000,0.063380000,0.20671296296296296,2026-06-04,2026-06-04,CVE-2022-50335,5.5,2025-12-04T13:50:35.600
CVE-2022-50334,0.000170000,0.044030000,0.07430555555555556,2026-06-04,2026-06-04,CVE-2022-50334,5.5,2025-12-04T13:49:16.740
CVE-2022-50333,0.000160000,0.040750000,0.05555555555555555,2026-06-04,2026-06-04,CVE-2022-50333,7.1,2025-12-04T13:48:21.410
CVE-2022-50332,0.000250000,0.073340000,0.24976851851851853,2026-06-04,2026-06-04,CVE-2022-50332,5.5,2025-12-04T13:46:08.200
CVE-2022-50331,0.000170000,0.040970000,0.07430555555555556,2026-06-04,2026-06-04,CVE-2022-50331,5.5,2025-12-03T19:36:00.050
CVE-2022-50330,0.000210000,0.061420000,0.16643518518518519,2026-06-04,2026-06-04,CVE-2022-50330,5.5,2025-12-04T13:44:36.560
CVE-2022-50329,0.000210000,0.062320000,0.16643518518518519,2026-06-04,2026-06-04,CVE-2022-50329,7.8,2025-12-04T13:43:46.143
CVE-2022-50328,0.000320000,0.095580000,0.3541666666666667,2026-06-04,2026-06-04,CVE-2022-50328,7.8,2025-12-04T13:42:22.360
CVE-2022-50327,0.000340000,0.103670000,0.3958333333333333,2026-06-04,2026-06-04,CVE-2022-50327,5.5,2026-01-16T20:07:10.330
CVE-2022-50326,0.000250000,0.073340000,0.24976851851851853,2026-06-04,2026-06-04,CVE-2022-50326,5.5,2025-12-03T19:32:23.900
CVE-2022-50325,0.000170000,0.045790000,0.07430555555555556,2026-06-04,2026-06-04,CVE-2022-50325,7.8,2025-12-04T13:41:37.063
CVE-2022-50324,0.000160000,0.039000000,0.05555555555555555,2026-06-04,2026-06-04,CVE-2022-50324,5.5,2025-12-03T19:30:24.373
CVE-2022-50323,0.000170000,0.040970000,0.07430555555555556,2026-06-04,2026-06-04,CVE-2022-50323,5.5,2025-12-04T15:07:59.800
CVE-2022-50322,0.000170000,0.040970000,0.07430555555555556,2026-06-04,2026-06-04,CVE-2022-50322,5.5,2025-12-04T15:12:01.390
CVE-2022-50321,0.000210000,0.061420000,0.16643518518518519,2026-06-04,2026-06-04,CVE-2022-50321,5.5,2025-12-03T19:29:55.420
CVE-2022-50320,0.000180000,0.049760000,0.11435185185185186,2026-06-04,2026-06-04,CVE-2022-50320,7.8,2025-12-04T15:19:05.830
CVE-2022-50319,0.000220000,0.063380000,0.20671296296296296,2026-06-04,2026-06-04,CVE-2022-50319,5.5,2025-12-04T15:19:17.463
CVE-2022-50318,0.000210000,0.061420000,0.16643518518518519,2026-06-04,2026-06-04,CVE-2022-50318,5.5,2025-12-04T15:19:27.877
CVE-2022-50317,0.000210000,0.061420000,0.16643518518518519,2026-06-04,2026-06-04,CVE-2022-50317,5.5,2025-12-04T15:19:42.590
CVE-2022-50316,0.000220000,0.062750000,0.20671296296296296,2026-06-04,2026-06-04,CVE-2022-50316,5.5,2025-12-03T19:29:19.307
CVE-2022-50315,0.000170000,0.045250000,0.07430555555555556,2026-06-04,2026-06-04,CVE-2022-50315,7.8,2025-12-04T15:21:57.063
CVE-2022-50314,0.000170000,0.044030000,0.07430555555555556,2026-06-04,2026-06-04,CVE-2022-50314,5.5,2025-12-04T15:22:06.630
CVE-2022-50313,0.000210000,0.061420000,0.16643518518518519,2026-06-04,2026-06-04,CVE-2022-50313,5.5,2025-12-04T15:22:16.860
CVE-2022-50312,0.000200000,0.057680000,0.1476851851851852,2026-06-04,2026-06-04,CVE-2022-50312,5.5,2025-12-04T15:22:27.233
CVE-2022-50311,0.000210000,0.061420000,0.16643518518518519,2026-06-04,2026-06-04,CVE-2022-50311,5.5,2025-12-04T15:23:00.490
CVE-2022-50310,0.000260000,0.077590000,0.2759259259259259,2026-06-04,2026-06-04,CVE-2022-50310,7.8,2025-12-04T15:23:20.263
CVE-2022-50309,0.000200000,0.057680000,0.1476851851851852,2026-06-04,2026-06-04,CVE-2022-50309,5.5,2025-12-04T15:28:59.283
CVE-2022-50308,0.000210000,0.060820000,0.16643518518518519,2026-06-04,2026-06-04,CVE-2022-50308,5.5,2025-12-04T15:29:24.480
CVE-2022-50307,0.000260000,0.079380000,0.2759259259259259,2026-06-04,2026-06-04,CVE-2022-50307,7.1,2025-12-04T15:30:58.510
CVE-2025-6999,0.001810000,0.394460000,0.8824074074074074,2026-06-04,2026-06-04,CVE-2025-6999,,2026-04-15T00:35:42.020
CVE-2025-6947,0.001340000,0.329560000,0.8469907407407408,2026-06-04,2026-06-04,CVE-2025-6947,,2026-04-15T00:35:42.020
CVE-2025-59399,0.000260000,0.078070000,0.2759259259259259,2026-06-04,2026-06-04,CVE-2025-59399,3.1,2026-04-15T00:35:42.020
CVE-2025-59398,0.000290000,0.087510000,0.31527777777777777,2026-06-04,2026-06-04,CVE-2025-59398,3.1,2026-04-15T00:35:42.020
CVE-2025-59397,0.000630000,0.197510000,0.65625,2026-06-04,2026-06-04,CVE-2025-59397,5.0,2026-04-15T00:35:42.020
CVE-2025-59332,0.000830000,0.241930000,0.75625,2026-06-04,2026-06-04,CVE-2025-59332,8.6,2026-04-15T00:35:42.020
CVE-2025-59331,0.001380000,0.334570000,0.850462962962963,2026-06-04,2026-06-04,CVE-2025-59331,,2026-04-15T00:35:42.020
CVE-2025-59330,0.001380000,0.334570000,0.850462962962963,2026-06-04,2026-06-04,CVE-2025-59330,,2026-04-15T00:35:42.020
CVE-2025-59328,0.025440000,0.857470000,0.9837962962962963,2026-06-04,2026-06-04,CVE-2025-59328,6.5,2025-11-04T22:16:34.780
CVE-2025-59162,0.001380000,0.334570000,0.850462962962963,2026-06-04,2026-06-04,CVE-2025-59162,,2026-04-15T00:35:42.020
CVE-2025-59155,0.000910000,0.256920000,0.780787037037037,2026-06-04,2026-06-04,CVE-2025-59155,,2026-04-15T00:35:42.020
CVE-2025-59154,0.000330000,0.101410000,0.3875,2026-06-04,2026-06-04,CVE-2025-59154,5.9,2026-04-15T00:35:42.020
CVE-2025-59145,0.001380000,0.334570000,0.850462962962963,2026-06-04,2026-06-04,CVE-2025-59145,,2026-04-15T00:35:42.020
CVE-2025-59144,0.001380000,0.334570000,0.850462962962963,2026-06-04,2026-06-04,CVE-2025-59144,,2026-04-15T00:35:42.020
CVE-2025-59143,0.001380000,0.334570000,0.850462962962963,2026-06-04,2026-06-04,CVE-2025-59143,,2026-04-15T00:35:42.020
CVE-2025-59142,0.001380000,0.334570000,0.850462962962963,2026-06-04,2026-06-04,CVE-2025-59142,,2026-04-15T00:35:42.020
CVE-2025-59141,0.001380000,0.334570000,0.850462962962963,2026-06-04,2026-06-04,CVE-2025-59141,,2026-04-15T00:35:42.020
CVE-2025-59140,0.001380000,0.334570000,0.850462962962963,2026-06-04,2026-06-04,CVE-2025-59140,,2026-04-15T00:35:42.020
CVE-2025-59056,0.001750000,0.386780000,0.8768518518518519,2026-06-04,2026-06-04,CVE-2025-59056,7.5,2025-10-17T14:36:35.073
CVE-2025-58748,0.016060000,0.820700000,0.9766203703703704,2026-06-04,2026-06-04,CVE-2025-58748,9.8,2025-09-19T19:31:28.080
CVE-2025-58177,0.000410000,0.127200000,0.46111111111111114,2026-06-04,2026-06-04,CVE-2025-58177,5.4,2025-10-14T19:34:18.003
CVE-2025-58172,0.001850000,0.401210000,0.8840277777777777,2026-06-04,2026-06-04,CVE-2025-58172,,2026-04-15T00:35:42.020
CVE-2025-58046,0.016550000,0.823750000,0.9770833333333333,2026-06-04,2026-06-04,CVE-2025-58046,9.8,2025-09-19T19:31:40.467
CVE-2025-58045,0.025370000,0.857290000,0.9835648148148148,2026-06-04,2026-06-04,CVE-2025-58045,9.8,2025-09-19T19:34:04.427
CVE-2025-57248,0.001120000,0.291950000,0.8168981481481481,2026-06-04,2026-06-04,CVE-2025-57248,7.3,2025-09-20T02:48:48.503
CVE-2025-57176,0.005600000,0.686270000,0.9502314814814815,2026-06-04,2026-06-04,CVE-2025-57176,6.5,2026-04-15T00:35:42.020
CVE-2025-57174,0.016910000,0.825890000,0.9773148148148149,2026-06-04,2026-06-04,CVE-2025-57174,9.8,2026-04-15T00:35:42.020
CVE-2025-57118,0.001240000,0.310960000,0.8337962962962963,2026-06-04,2026-06-04,CVE-2025-57118,9.8,2025-09-18T16:48:50.220
CVE-2025-57117,0.000790000,0.234320000,0.7405092592592593,2026-06-04,2026-06-04,CVE-2025-57117,5.4,2025-09-18T16:48:43.503
CVE-2025-57104,0.000310000,0.093360000,0.34375,2026-06-04,2026-06-04,CVE-2025-57104,5.4,2025-09-20T02:47:42.020
CVE-2025-56448,0.000520000,0.164760000,0.5782407407407407,2026-06-04,2026-06-04,CVE-2025-56448,6.8,2025-10-14T19:33:01.220
CVE-2025-56274,0.000670000,0.209500000,0.6851851851851852,2026-06-04,2026-06-04,CVE-2025-56274,8.1,2026-04-09T19:49:33.170
CVE-2025-56252,0.000680000,0.211180000,0.6902777777777778,2026-06-04,2026-06-04,CVE-2025-56252,6.1,2025-09-20T02:49:13.163
CVE-2025-55211,0.000850000,0.246590000,0.7627314814814815,2026-06-04,2026-06-04,CVE-2025-55211,8.8,2025-10-17T14:46:44.293
CVE-2025-52344,0.000930000,0.259620000,0.7863425925925925,2026-06-04,2026-06-04,CVE-2025-52344,6.1,2026-02-05T17:03:34.150
CVE-2025-52048,0.000590000,0.187040000,0.6287037037037037,2026-06-04,2026-06-04,CVE-2025-52048,6.5,2025-09-20T02:57:59.197
CVE-2025-49089,0.000680000,0.209950000,0.6902777777777778,2026-06-04,2026-06-04,CVE-2025-49089,6.3,2025-10-02T18:49:15.050
CVE-2025-45091,0.000440000,0.137690000,0.4949074074074074,2026-06-04,2026-06-04,CVE-2025-45091,5.4,2026-04-15T00:35:42.020
CVE-2025-43802,0.000440000,0.139480000,0.4949074074074074,2026-06-04,2026-06-04,CVE-2025-43802,6.1,2025-12-12T15:26:41.343
CVE-2025-43800,0.000440000,0.139480000,0.4949074074074074,2026-06-04,2026-06-04,CVE-2025-43800,6.1,2025-12-16T16:12:49.820
CVE-2025-43799,0.000730000,0.222430000,0.7145833333333333,2026-06-04,2026-06-04,CVE-2025-43799,6.5,2025-12-16T16:37:52.680
CVE-2025-43798,0.000430000,0.134560000,0.48541666666666666,2026-06-04,2026-06-04,CVE-2025-43798,6.5,2025-12-16T16:36:29.873
CVE-2025-43797,0.000870000,0.249100000,0.767824074074074,2026-06-04,2026-06-04,CVE-2025-43797,5.4,2025-12-16T15:22:57.737
CVE-2025-43793,0.000890000,0.253050000,0.7759259259259259,2026-06-04,2026-06-04,CVE-2025-43793,7.5,2025-12-16T15:26:47.283
CVE-2025-43792,0.000660000,0.206930000,0.6733796296296296,2026-06-04,2026-06-04,CVE-2025-43792,5.3,2025-12-16T15:28:12.483
CVE-2025-43791,0.000440000,0.139480000,0.4949074074074074,2026-06-04,2026-06-04,CVE-2025-43791,6.1,2025-12-16T15:15:20.870
CVE-2025-43314,0.000210000,0.059690000,0.16643518518518519,2026-06-04,2026-06-04,CVE-2025-43314,5.5,2026-04-02T19:20:24.583
CVE-2025-43312,0.000190000,0.053410000,0.13171296296296298,2026-06-04,2026-06-04,CVE-2025-43312,5.5,2026-04-02T19:20:24.257
CVE-2025-43311,0.000260000,0.076200000,0.2759259259259259,2026-06-04,2026-06-04,CVE-2025-43311,5.1,2026-04-02T19:20:24.083
CVE-2025-43310,0.000260000,0.077900000,0.2759259259259259,2026-06-04,2026-06-04,CVE-2025-43310,4.4,2026-04-02T19:20:23.913
CVE-2025-43308,0.000500000,0.160770000,0.5659722222222222,2026-06-04,2026-06-04,CVE-2025-43308,5.3,2026-04-02T19:20:23.597
CVE-2025-43307,0.000260000,0.077610000,0.2759259259259259,2026-06-04,2026-06-04,CVE-2025-43307,4.0,2025-11-03T19:15:58.910
CVE-2025-43305,0.000250000,0.073370000,0.24976851851851853,2026-06-04,2026-06-04,CVE-2025-43305,5.5,2026-04-02T19:20:23.277
CVE-2025-43304,0.000140000,0.025830000,0.04351851851851852,2026-06-04,2026-06-04,CVE-2025-43304,7.0,2026-04-02T19:20:23.110
CVE-2025-43303,0.000200000,0.057760000,0.1476851851851852,2026-06-04,2026-06-04,CVE-2025-43303,5.5,2026-04-02T19:20:22.920
CVE-2025-43302,0.000180000,0.047490000,0.11435185185185186,2026-06-04,2026-06-04,CVE-2025-43302,5.5,2026-04-02T19:20:22.717
CVE-2025-43301,0.000200000,0.056570000,0.1476851851851852,2026-06-04,2026-06-04,CVE-2025-43301,3.3,2026-04-02T19:20:22.530
CVE-2025-43299,0.000250000,0.074080000,0.24976851851851853,2026-06-04,2026-06-04,CVE-2025-43299,5.5,2026-04-02T19:20:22.120
CVE-2025-43298,0.000400000,0.123330000,0.4465277777777778,2026-06-04,2026-06-04,CVE-2025-43298,7.8,2026-04-02T19:20:21.950
CVE-2025-43297,0.000240000,0.071130000,0.2363425925925926,2026-06-04,2026-06-04,CVE-2025-43297,6.2,2025-11-03T19:15:57.527
CVE-2025-43295,0.000190000,0.053410000,0.13171296296296298,2026-06-04,2026-06-04,CVE-2025-43295,5.5,2026-04-02T19:20:21.463
CVE-2025-43294,0.000290000,0.086190000,0.31527777777777777,2026-06-04,2026-06-04,CVE-2025-43294,3.3,2026-04-02T19:20:21.280
CVE-2025-43293,0.000260000,0.079070000,0.2759259259259259,2026-06-04,2026-06-04,CVE-2025-43293,5.5,2026-04-02T19:20:21.110
CVE-2025-43292,0.000190000,0.052140000,0.13171296296296298,2026-06-04,2026-06-04,CVE-2025-43292,5.5,2026-04-02T19:20:20.940
CVE-2025-43291,0.000170000,0.040970000,0.07430555555555556,2026-06-04,2026-06-04,CVE-2025-43291,5.5,2026-04-02T19:20:20.770
CVE-2025-43287,0.000260000,0.077330000,0.2759259259259259,2026-06-04,2026-06-04,CVE-2025-43287,7.1,2025-11-03T19:15:56.633
CVE-2025-43286,0.000310000,0.094140000,0.34375,2026-06-04,2026-06-04,CVE-2025-43286,7.8,2026-04-02T19:20:20.290
CVE-2025-43285,0.000180000,0.047630000,0.11435185185185186,2026-06-04,2026-06-04,CVE-2025-43285,5.5,2026-04-02T19:20:20.110
CVE-2025-43283,0.000290000,0.086530000,0.31527777777777777,2026-06-04,2026-06-04,CVE-2025-43283,3.3,2025-11-03T19:15:56.190
CVE-2025-43279,0.000280000,0.084200000,0.3087962962962963,2026-06-04,2026-06-04,CVE-2025-43279,6.2,2025-11-03T19:15:56.043
CVE-2025-43272,0.001390000,0.336450000,0.8532407407407407,2026-06-04,2026-06-04,CVE-2025-43272,6.5,2026-04-02T19:20:18.117
CVE-2025-43263,0.000200000,0.058810000,0.1476851851851852,2026-06-04,2026-06-04,CVE-2025-43263,7.1,2025-11-03T19:15:55.273
CVE-2025-43262,0.000290000,0.088740000,0.31527777777777777,2026-06-04,2026-06-04,CVE-2025-43262,5.1,2025-11-03T19:15:55.100
CVE-2025-43231,0.000260000,0.077060000,0.2759259259259259,2026-06-04,2026-06-04,CVE-2025-43231,5.5,2025-11-03T19:15:54.777
CVE-2025-43208,0.000250000,0.074800000,0.24976851851851853,2026-06-04,2026-06-04,CVE-2025-43208,5.5,2025-11-03T19:15:53.760
CVE-2025-43207,0.000220000,0.062900000,0.20671296296296296,2026-06-04,2026-06-04,CVE-2025-43207,5.5,2025-11-03T19:15:53.620
CVE-2025-43204,0.000190000,0.051810000,0.13171296296296298,2026-06-04,2026-06-04,CVE-2025-43204,7.8,2025-11-03T19:15:53.473
CVE-2025-43203,0.000250000,0.073070000,0.24976851851851853,2026-06-04,2026-06-04,CVE-2025-43203,4.0,2026-04-02T19:20:04.020
CVE-2025-43190,0.000200000,0.056430000,0.1476851851851852,2026-06-04,2026-06-04,CVE-2025-43190,5.5,2026-04-02T19:20:01.727
CVE-2025-31271,0.000600000,0.188920000,0.6351851851851852,2026-06-04,2026-06-04,CVE-2025-31271,7.5,2025-11-03T19:15:51.490
CVE-2025-31270,0.000250000,0.074800000,0.24976851851851853,2026-06-04,2026-06-04,CVE-2025-31270,5.5,2025-11-03T19:15:51.347
CVE-2025-31269,0.000210000,0.059120000,0.16643518518518519,2026-06-04,2026-06-04,CVE-2025-31269,5.5,2026-04-02T19:19:58.677
CVE-2025-31268,0.000180000,0.047630000,0.11435185185185186,2026-06-04,2026-06-04,CVE-2025-31268,5.5,2026-04-02T19:19:58.503
CVE-2025-31255,0.001440000,0.344040000,0.8553240740740741,2026-06-04,2026-06-04,CVE-2025-31255,9.8,2026-04-02T19:19:55.903
CVE-2025-31254,0.000660000,0.206590000,0.6733796296296296,2026-06-04,2026-06-04,CVE-2025-31254,5.4,2025-11-03T19:15:50.523
CVE-2025-30468,0.000570000,0.179730000,0.6113425925925926,2026-06-04,2026-06-04,CVE-2025-30468,6.5,2025-11-03T19:15:49.837
CVE-2025-24197,0.000250000,0.073370000,0.24976851851851853,2026-06-04,2026-06-04,CVE-2025-24197,5.5,2026-04-02T19:19:17.030
CVE-2025-24088,0.000850000,0.246550000,0.7627314814814815,2026-06-04,2026-06-04,CVE-2025-24088,7.5,2025-11-03T19:15:48.593
CVE-2025-10485,0.000450000,0.142230000,0.5057870370370371,2026-06-04,2026-06-04,CVE-2025-10485,4.3,2026-04-29T01:00:01.613
CVE-2025-10483,0.000580000,0.183040000,0.6189814814814815,2026-06-04,2026-06-04,CVE-2025-10483,8.8,2026-04-29T01:00:01.613
CVE-2025-10482,0.000600000,0.188480000,0.6351851851851852,2026-06-04,2026-06-04,CVE-2025-10482,9.8,2026-04-29T01:00:01.613
CVE-2025-10481,0.000580000,0.183040000,0.6189814814814815,2026-06-04,2026-06-04,CVE-2025-10481,8.8,2026-04-29T01:00:01.613
CVE-2025-10480,0.000980000,0.269170000,0.7983796296296296,2026-06-04,2026-06-04,CVE-2025-10480,9.8,2026-04-29T01:00:01.613
CVE-2025-10479,0.000610000,0.193730000,0.6458333333333334,2026-06-04,2026-06-04,CVE-2025-10479,9.8,2026-04-29T01:00:01.613
CVE-2025-10477,0.000610000,0.193010000,0.6458333333333334,2026-06-04,2026-06-04,CVE-2025-10477,9.8,2026-04-29T01:00:01.613
CVE-2025-10475,0.000240000,0.070490000,0.2363425925925926,2026-06-04,2026-06-04,CVE-2025-10475,5.5,2026-04-29T01:00:01.613
CVE-2025-10473,0.000630000,0.198720000,0.65625,2026-06-04,2026-06-04,CVE-2025-10473,9.8,2026-04-29T01:00:01.613
CVE-2025-10472,0.003480000,0.575750000,0.9291666666666667,2026-06-04,2026-06-04,CVE-2025-10472,7.5,2025-11-21T15:11:16.497
CVE-2025-10471,0.000830000,0.242510000,0.75625,2026-06-04,2026-06-04,CVE-2025-10471,8.8,2026-04-29T01:00:01.613
CVE-2025-10203,0.000330000,0.102280000,0.3875,2026-06-04,2026-06-04,CVE-2025-10203,7.8,2026-04-15T00:35:42.020
CVE-2025-9808,0.011520000,0.788480000,0.9708333333333333,2026-06-04,2026-06-04,CVE-2025-9808,5.3,2026-04-15T00:35:42.020
CVE-2025-6575,0.000380000,0.117350000,0.42430555555555555,2026-06-04,2026-06-04,CVE-2025-6575,6.1,2025-11-13T16:23:08.160
CVE-2025-59453,0.000190000,0.054490000,0.13171296296296298,2026-06-04,2026-06-04,CVE-2025-59453,3.2,2026-04-15T00:35:42.020
CVE-2025-59437,0.000190000,0.054570000,0.13171296296296298,2026-06-04,2026-06-04,CVE-2025-59437,3.2,2026-04-15T00:35:42.020
CVE-2025-59436,0.000190000,0.054570000,0.13171296296296298,2026-06-04,2026-06-04,CVE-2025-59436,3.2,2026-04-15T00:35:42.020
CVE-2025-56706,0.003140000,0.547960000,0.9233796296296296,2026-06-04,2026-06-04,CVE-2025-56706,8.0,2025-09-19T20:57:13.170
CVE-2025-56697,0.000530000,0.168860000,0.5833333333333334,2026-06-04,2026-06-04,CVE-2025-56697,6.1,2025-09-18T16:49:00.817
CVE-2025-5519,0.000770000,0.230750000,0.7351851851851852,2026-06-04,2026-06-04,CVE-2025-5519,6.5,2026-04-15T00:35:42.020
CVE-2025-5518,0.000570000,0.179860000,0.6113425925925926,2026-06-04,2026-06-04,CVE-2025-5518,6.5,2026-04-15T00:35:42.020
CVE-2025-4688,0.000540000,0.172130000,0.5907407407407408,2026-06-04,2026-06-04,CVE-2025-4688,9.8,2026-04-15T00:35:42.020
CVE-2025-43375,0.000540000,0.171410000,0.5907407407407408,2026-06-04,2026-06-04,CVE-2025-43375,5.5,2025-11-03T19:16:05.653
CVE-2025-43372,0.000500000,0.158100000,0.5659722222222222,2026-06-04,2026-06-04,CVE-2025-43372,7.8,2026-04-02T19:20:35.230
CVE-2025-43371,0.000200000,0.058810000,0.1476851851851852,2026-06-04,2026-06-04,CVE-2025-43371,8.2,2025-11-03T19:16:05.363
CVE-2025-43370,0.000270000,0.081580000,0.2983796296296296,2026-06-04,2026-06-04,CVE-2025-43370,4.0,2025-11-03T19:16:05.230
CVE-2025-43369,0.000220000,0.062900000,0.20671296296296296,2026-06-04,2026-06-04,CVE-2025-43369,5.5,2025-11-03T19:16:05.093
CVE-2025-43368,0.000990000,0.271030000,0.8,2026-06-04,2026-06-04,CVE-2025-43368,4.3,2026-05-12T13:17:19.563
CVE-2025-43367,0.000230000,0.068220000,0.23032407407407407,2026-06-04,2026-06-04,CVE-2025-43367,5.5,2026-04-02T19:20:34.453
CVE-2025-43366,0.000210000,0.060990000,0.16643518518518519,2026-06-04,2026-06-04,CVE-2025-43366,5.5,2025-11-03T19:16:04.663
CVE-2025-43362,0.001230000,0.309850000,0.8331018518518518,2026-06-04,2026-06-04,CVE-2025-43362,9.8,2026-04-02T19:20:33.843
CVE-2025-43359,0.001820000,0.396370000,0.8826388888888889,2026-06-04,2026-06-04,CVE-2025-43359,9.8,2026-04-02T19:20:33.303
CVE-2025-43358,0.000180000,0.046430000,0.11435185185185186,2026-06-04,2026-06-04,CVE-2025-43358,8.8,2026-04-02T19:20:33.120
CVE-2025-43357,0.000240000,0.072560000,0.2363425925925926,2026-06-04,2026-06-04,CVE-2025-43357,3.3,2026-05-26T22:16:40.930
CVE-2025-43356,0.000870000,0.249230000,0.767824074074074,2026-06-04,2026-06-04,CVE-2025-43356,6.5,2026-04-02T19:20:32.753
CVE-2025-43355,0.000180000,0.047490000,0.11435185185185186,2026-06-04,2026-06-04,CVE-2025-43355,5.5,2026-04-02T19:20:32.537
CVE-2025-43354,0.000220000,0.063510000,0.20671296296296296,2026-06-04,2026-06-04,CVE-2025-43354,5.5,2026-04-02T19:20:32.347
CVE-2025-43353,0.000190000,0.053410000,0.13171296296296298,2026-06-04,2026-06-04,CVE-2025-43353,5.5,2026-04-02T19:20:32.173
CVE-2025-43349,0.000210000,0.061700000,0.16643518518518519,2026-06-04,2026-06-04,CVE-2025-43349,2.8,2026-04-02T19:20:31.653
CVE-2025-43347,0.002150000,0.440750000,0.9002314814814815,2026-06-04,2026-06-04,CVE-2025-43347,9.8,2026-04-02T19:20:31.280
CVE-2025-43346,0.000180000,0.049600000,0.11435185185185186,2026-06-04,2026-06-04,CVE-2025-43346,5.5,2026-04-02T19:20:31.073
CVE-2025-43344,0.000290000,0.086570000,0.31527777777777777,2026-06-04,2026-06-04,CVE-2025-43344,3.3,2026-04-02T19:20:30.683
CVE-2025-43343,0.003230000,0.556090000,0.924074074074074,2026-06-04,2026-06-04,CVE-2025-43343,9.8,2026-04-02T19:20:30.460
CVE-2025-43342,0.005540000,0.684340000,0.9495370370370371,2026-06-04,2026-06-04,CVE-2025-43342,9.8,2026-04-02T19:20:30.237
CVE-2025-43341,0.000230000,0.068290000,0.23032407407407407,2026-06-04,2026-06-04,CVE-2025-43341,7.8,2026-04-02T19:20:30.067
CVE-2025-43340,0.000220000,0.062840000,0.20671296296296296,2026-06-04,2026-06-04,CVE-2025-43340,7.8,2025-11-03T19:16:02.230
CVE-2025-43337,0.000190000,0.054850000,0.13171296296296298,2026-06-04,2026-06-04,CVE-2025-43337,5.5,2026-04-02T19:20:29.567
CVE-2025-43333,0.000220000,0.062840000,0.20671296296296296,2026-06-04,2026-06-04,CVE-2025-43333,7.8,2025-11-03T19:16:01.940
CVE-2025-43332,0.000240000,0.070580000,0.2363425925925926,2026-06-04,2026-06-04,CVE-2025-43332,5.2,2026-04-02T19:20:28.750
CVE-2025-43331,0.000260000,0.077610000,0.2759259259259259,2026-06-04,2026-06-04,CVE-2025-43331,4.0,2025-11-03T19:16:01.653
CVE-2025-43330,0.000230000,0.068220000,0.23032407407407407,2026-06-04,2026-06-04,CVE-2025-43330,8.2,2026-04-02T19:20:27.317
CVE-2025-43329,0.000180000,0.051100000,0.11435185185185186,2026-06-04,2026-06-04,CVE-2025-43329,8.8,2026-04-02T19:20:27.110
CVE-2025-43328,0.000210000,0.062430000,0.16643518518518519,2026-06-04,2026-06-04,CVE-2025-43328,3.3,2025-11-03T19:16:01.167
CVE-2025-43327,0.001130000,0.295360000,0.8189814814814815,2026-06-04,2026-06-04,CVE-2025-43327,6.5,2026-04-02T19:20:26.760
CVE-2025-43326,0.000200000,0.057760000,0.1476851851851852,2026-06-04,2026-06-04,CVE-2025-43326,5.5,2026-04-02T19:20:26.517
CVE-2025-43325,0.000220000,0.062900000,0.20671296296296296,2026-06-04,2026-06-04,CVE-2025-43325,5.5,2025-11-03T19:16:00.730
CVE-2025-43321,0.000210000,0.059390000,0.16643518518518519,2026-06-04,2026-06-04,CVE-2025-43321,5.5,2026-04-02T19:20:25.777
CVE-2025-43319,0.000210000,0.059390000,0.16643518518518519,2026-06-04,2026-06-04,CVE-2025-43319,5.5,2026-04-02T19:20:25.430
CVE-2025-43318,0.000290000,0.086280000,0.31527777777777777,2026-06-04,2026-06-04,CVE-2025-43318,6.2,2025-11-03T19:16:00.247
CVE-2025-43317,0.000180000,0.047630000,0.11435185185185186,2026-06-04,2026-06-04,CVE-2025-43317,5.5,2026-04-02T19:20:25.100
CVE-2025-43316,0.000230000,0.068290000,0.23032407407407407,2026-06-04,2026-06-04,CVE-2025-43316,7.8,2026-04-02T19:20:24.927
CVE-2025-43315,0.000210000,0.059390000,0.16643518518518519,2026-06-04,2026-06-04,CVE-2025-43315,5.5,2026-04-02T19:20:24.753
CVE-2025-41249,0.001120000,0.293600000,0.8168981481481481,2026-06-04,2026-06-04,CVE-2025-41249,7.5,2026-04-15T00:35:42.020
CVE-2025-41248,0.000900000,0.254820000,0.7791666666666667,2026-06-04,2026-06-04,CVE-2025-41248,7.5,2026-04-15T00:35:42.020
CVE-2025-26711,0.000390000,0.119040000,0.43495370370370373,2026-06-04,2026-06-04,CVE-2025-26711,5.7,2026-04-15T00:35:42.020
CVE-2025-26710,0.000280000,0.083170000,0.3087962962962963,2026-06-04,2026-06-04,CVE-2025-26710,3.5,2026-04-15T00:35:42.020
CVE-2025-2404,0.000530000,0.168690000,0.5833333333333334,2026-06-04,2026-06-04,CVE-2025-2404,4.3,2026-04-15T00:35:42.020
CVE-2025-10316,0.000800000,0.235780000,0.7423611111111111,2026-06-04,2026-06-04,CVE-2025-10316,,2026-04-15T00:35:42.020
CVE-2025-10016,0.000250000,0.075330000,0.24976851851851853,2026-06-04,2026-06-04,CVE-2025-10016,,2026-04-15T00:35:42.020
CVE-2025-10015,0.000220000,0.065260000,0.20671296296296296,2026-06-04,2026-06-04,CVE-2025-10015,,2026-04-15T00:35:42.020
CVE-2024-12913,0.000270000,0.079970000,0.2983796296296296,2026-06-04,2026-06-04,CVE-2024-12913,8.8,2026-06-01T15:16:27.690
CVE-2024-12367,0.000800000,0.236400000,0.7423611111111111,2026-06-04,2026-06-04,CVE-2024-12367,8.6,2026-06-01T15:16:27.207
CVE-2023-53303,0.000250000,0.073340000,0.24976851851851853,2026-06-04,2026-06-04,CVE-2023-53303,5.5,2026-01-14T19:16:22.920
CVE-2023-53302,0.000170000,0.044030000,0.07430555555555556,2026-06-04,2026-06-04,CVE-2023-53302,5.5,2026-01-14T19:16:22.650
CVE-2023-53301,0.000170000,0.045790000,0.07430555555555556,2026-06-04,2026-06-04,CVE-2023-53301,7.1,2026-03-17T16:31:15.140
CVE-2023-53300,0.000220000,0.063380000,0.20671296296296296,2026-06-04,2026-06-04,CVE-2023-53300,5.5,2026-01-14T19:16:22.490
CVE-2023-53299,0.000200000,0.057680000,0.1476851851851852,2026-06-04,2026-06-04,CVE-2023-53299,5.5,2026-01-14T19:16:22.323
CVE-2023-53298,0.000210000,0.061420000,0.16643518518518519,2026-06-04,2026-06-04,CVE-2023-53298,5.5,2026-01-14T19:16:22.157
CVE-2023-53297,0.000170000,0.044030000,0.07430555555555556,2026-06-04,2026-06-04,CVE-2023-53297,5.5,2026-01-14T19:16:21.960
CVE-2023-53296,0.000210000,0.061420000,0.16643518518518519,2026-06-04,2026-06-04,CVE-2023-53296,5.5,2026-01-14T19:16:21.793
CVE-2023-53295,0.000170000,0.044030000,0.07430555555555556,2026-06-04,2026-06-04,CVE-2023-53295,5.5,2026-01-14T19:16:21.640
CVE-2023-53294,0.000210000,0.060820000,0.16643518518518519,2026-06-04,2026-06-04,CVE-2023-53294,5.5,2026-01-14T19:16:21.480
CVE-2023-53292,0.000190000,0.054120000,0.13171296296296298,2026-06-04,2026-06-04,CVE-2023-53292,5.5,2026-06-01T17:16:24.907
CVE-2023-53291,0.000210000,0.061420000,0.16643518518518519,2026-06-04,2026-06-04,CVE-2023-53291,5.5,2026-01-14T19:16:21.163
CVE-2023-53290,0.000210000,0.061420000,0.16643518518518519,2026-06-04,2026-06-04,CVE-2023-53290,5.5,2026-01-14T19:16:20.993
CVE-2023-53289,0.000200000,0.057680000,0.1476851851851852,2026-06-04,2026-06-04,CVE-2023-53289,5.5,2026-01-14T19:16:20.830
CVE-2023-53288,0.000170000,0.044030000,0.07430555555555556,2026-06-04,2026-06-04,CVE-2023-53288,5.5,2026-01-14T19:16:20.667
CVE-2023-53287,0.000220000,0.063380000,0.20671296296296296,2026-06-04,2026-06-04,CVE-2023-53287,5.5,2026-01-14T19:16:20.500
CVE-2023-53286,0.000320000,0.095580000,0.3541666666666667,2026-06-04,2026-06-04,CVE-2023-53286,7.8,2026-01-14T19:16:20.343
CVE-2023-53285,0.000160000,0.040750000,0.05555555555555555,2026-06-04,2026-06-04,CVE-2023-53285,7.8,2026-01-14T19:16:20.180
CVE-2023-53284,0.000170000,0.040970000,0.07430555555555556,2026-06-04,2026-06-04,CVE-2023-53284,5.5,2026-01-14T19:16:20.017
CVE-2023-53282,0.000180000,0.049760000,0.11435185185185186,2026-06-04,2026-06-04,CVE-2023-53282,7.8,2026-01-14T19:16:19.860
CVE-2023-53281,0.000160000,0.039810000,0.05555555555555555,2026-06-04,2026-06-04,CVE-2023-53281,5.5,2026-01-14T19:16:19.697
CVE-2023-53280,0.000250000,0.075170000,0.24976851851851853,2026-06-04,2026-06-04,CVE-2023-53280,5.5,2026-01-14T19:16:19.530
CVE-2023-53279,0.000210000,0.060210000,0.16643518518518519,2026-06-04,2026-06-04,CVE-2023-53279,5.5,2026-01-14T19:16:19.360
CVE-2023-53278,0.000170000,0.040970000,0.07430555555555556,2026-06-04,2026-06-04,CVE-2023-53278,5.5,2026-01-14T19:16:19.203
CVE-2023-53277,0.000170000,0.044030000,0.07430555555555556,2026-06-04,2026-06-04,CVE-2023-53277,5.5,2026-01-14T19:16:19.037
CVE-2023-53276,0.000160000,0.039000000,0.05555555555555555,2026-06-04,2026-06-04,CVE-2023-53276,5.5,2026-01-14T19:16:18.877
CVE-2023-53275,0.000170000,0.044030000,0.07430555555555556,2026-06-04,2026-06-04,CVE-2023-53275,5.5,2026-01-14T19:16:18.717
CVE-2023-53274,0.000310000,0.092060000,0.34375,2026-06-04,2026-06-04,CVE-2023-53274,7.8,2026-01-14T19:16:18.553
CVE-2023-53273,0.000210000,0.060820000,0.16643518518518519,2026-06-04,2026-06-04,CVE-2023-53273,5.5,2026-01-14T19:16:18.377
CVE-2023-53272,0.000210000,0.062320000,0.16643518518518519,2026-06-04,2026-06-04,CVE-2023-53272,7.1,2026-01-14T19:16:18.190
CVE-2023-53271,0.000210000,0.061420000,0.16643518518518519,2026-06-04,2026-06-04,CVE-2023-53271,5.5,2026-01-14T19:16:18.013
CVE-2023-53270,0.000210000,0.060820000,0.16643518518518519,2026-06-04,2026-06-04,CVE-2023-53270,5.5,2026-01-14T19:16:17.833
CVE-2023-53269,0.000170000,0.040970000,0.07430555555555556,2026-06-04,2026-06-04,CVE-2023-53269,5.5,2026-01-14T19:16:17.660
CVE-2023-53268,0.000210000,0.061420000,0.16643518518518519,2026-06-04,2026-06-04,CVE-2023-53268,5.5,2026-01-14T19:16:17.477
CVE-2023-53267,0.000170000,0.040970000,0.07430555555555556,2026-06-04,2026-06-04,CVE-2023-53267,5.5,2026-01-14T19:16:17.283
CVE-2023-53266,0.000250000,0.073340000,0.24976851851851853,2026-06-04,2026-06-04,CVE-2023-53266,5.5,2026-01-14T19:16:17.087
CVE-2023-53265,0.000170000,0.045250000,0.07430555555555556,2026-06-04,2026-06-04,CVE-2023-53265,7.1,2026-01-14T19:16:16.877
CVE-2023-53264,0.000220000,0.063380000,0.20671296296296296,2026-06-04,2026-06-04,CVE-2023-53264,5.5,2026-01-14T19:16:16.450
CVE-2023-53263,0.000200000,0.058640000,0.1476851851851852,2026-06-04,2026-06-04,CVE-2023-53263,7.8,2026-01-14T19:16:16.240
CVE-2025-8894,0.000480000,0.153400000,0.5486111111111112,2026-06-04,2026-06-04,CVE-2025-8894,7.8,2025-09-19T13:51:12.743
CVE-2025-8893,0.000480000,0.153400000,0.5486111111111112,2026-06-04,2026-06-04,CVE-2025-8893,7.8,2025-09-19T13:52:47.467
CVE-2025-8446,0.000500000,0.160350000,0.5659722222222222,2026-06-04,2026-06-04,CVE-2025-8446,4.3,2026-04-15T00:35:42.020
CVE-2025-8276,0.000470000,0.148120000,0.5252314814814815,2026-06-04,2026-06-04,CVE-2025-8276,4.3,2026-04-15T00:35:42.020
CVE-2025-8057,0.000600000,0.189400000,0.6351851851851852,2026-06-04,2026-06-04,CVE-2025-8057,6.5,2026-04-15T00:35:42.020
CVE-2025-7744,0.000550000,0.174610000,0.5965277777777778,2026-06-04,2026-06-04,CVE-2025-7744,9.8,2025-11-13T16:22:42.980
CVE-2025-7743,0.000210000,0.060700000,0.16643518518518519,2026-06-04,2026-06-04,CVE-2025-7743,9.6,2025-10-15T14:21:38.180
CVE-2025-7355,0.000600000,0.189400000,0.6351851851851852,2026-06-04,2026-06-04,CVE-2025-7355,6.5,2026-04-15T00:35:42.020
CVE-2025-59333,0.001390000,0.335920000,0.8532407407407407,2026-06-04,2026-06-04,CVE-2025-59333,8.1,2025-10-08T19:18:04.110
CVE-2025-59270,0.000390000,0.119270000,0.43495370370370373,2026-06-04,2026-06-04,CVE-2025-59270,3.1,2025-09-26T13:55:40.717
CVE-2025-58749,0.000910000,0.256710000,0.780787037037037,2026-06-04,2026-06-04,CVE-2025-58749,5.3,2025-09-20T02:58:23.390
CVE-2025-57145,0.000380000,0.115330000,0.42430555555555555,2026-06-04,2026-06-04,CVE-2025-57145,5.4,2025-10-08T19:25:00.497
CVE-2025-57119,0.001710000,0.380060000,0.875,2026-06-04,2026-06-04,CVE-2025-57119,9.8,2025-09-18T16:49:30.343
CVE-2025-56295,0.000340000,0.104270000,0.3958333333333333,2026-06-04,2026-06-04,CVE-2025-56295,7.3,2025-09-18T16:50:45.427
CVE-2025-56293,0.000480000,0.153740000,0.5486111111111112,2026-06-04,2026-06-04,CVE-2025-56293,5.4,2025-10-23T20:06:00.793
CVE-2025-56289,0.000380000,0.116320000,0.42430555555555555,2026-06-04,2026-06-04,CVE-2025-56289,5.4,2025-09-18T16:50:34.927
CVE-2025-56280,0.000410000,0.127470000,0.46111111111111114,2026-06-04,2026-06-04,CVE-2025-56280,5.4,2025-09-18T16:49:42.477
CVE-2025-56276,0.000410000,0.127470000,0.46111111111111114,2026-06-04,2026-06-04,CVE-2025-56276,5.4,2025-09-18T16:49:14.950
CVE-2025-55834,0.000670000,0.209590000,0.6851851851851852,2026-06-04,2026-06-04,CVE-2025-55834,6.1,2025-09-20T03:02:12.203
CVE-2025-55118,0.000330000,0.100590000,0.3875,2026-06-04,2026-06-04,CVE-2025-55118,8.9,2026-04-15T00:35:42.020
CVE-2025-55117,0.000700000,0.216000000,0.7043981481481482,2026-06-04,2026-06-04,CVE-2025-55117,5.3,2025-10-10T14:12:25.770
CVE-2025-55116,0.000200000,0.057860000,0.1476851851851852,2026-06-04,2026-06-04,CVE-2025-55116,8.8,2025-10-10T14:10:51.570
CVE-2025-55115,0.000230000,0.068140000,0.23032407407407407,2026-06-04,2026-06-04,CVE-2025-55115,8.8,2025-10-10T14:10:38.947
CVE-2025-55114,0.000330000,0.102060000,0.3875,2026-06-04,2026-06-04,CVE-2025-55114,5.3,2026-04-15T00:35:42.020
CVE-2025-55113,0.000550000,0.174400000,0.5965277777777778,2026-06-04,2026-06-04,CVE-2025-55113,10.0,2025-10-10T14:08:43.800
CVE-2025-55112,0.000240000,0.071050000,0.2363425925925926,2026-06-04,2026-06-04,CVE-2025-55112,7.4,2025-10-10T14:01:21.850
CVE-2025-55111,0.000180000,0.050170000,0.11435185185185186,2026-06-04,2026-06-04,CVE-2025-55111,5.5,2025-09-29T12:08:29.103
CVE-2025-55110,0.000250000,0.075180000,0.24976851851851853,2026-06-04,2026-06-04,CVE-2025-55110,5.5,2026-04-15T00:35:42.020
CVE-2025-55109,0.000590000,0.187060000,0.6287037037037037,2026-06-04,2026-06-04,CVE-2025-55109,9.0,2025-10-10T14:16:19.660
CVE-2025-52044,0.000710000,0.217790000,0.7085648148148148,2026-06-04,2026-06-04,CVE-2025-52044,7.5,2025-09-20T02:58:35.227
CVE-2025-4953,0.000450000,0.142200000,0.5057870370370371,2026-06-04,2026-06-04,CVE-2025-4953,7.4,2026-04-15T00:35:42.020
CVE-2025-44034,0.002050000,0.426060000,0.8935185185185185,2026-06-04,2026-06-04,CVE-2025-44034,8.0,2025-11-19T17:06:31.153
CVE-2025-41243,0.064170000,0.912090000,0.9935185185185185,2026-06-04,2026-06-04,CVE-2025-41243,10.0,2026-04-15T00:35:42.020
CVE-2025-39836,0.000170000,0.045790000,0.07430555555555556,2026-06-04,2026-06-04,CVE-2025-39836,7.8,2026-01-14T19:16:44.713
CVE-2025-39835,0.000230000,0.066140000,0.23032407407407407,2026-06-04,2026-06-04,CVE-2025-39835,7.8,2026-05-12T13:17:14.397
CVE-2025-39834,0.000250000,0.073340000,0.24976851851851853,2026-06-04,2026-06-04,CVE-2025-39834,5.5,2026-01-14T19:16:44.567
CVE-2025-39833,0.000250000,0.073340000,0.24976851851851853,2026-06-04,2026-06-04,CVE-2025-39833,5.5,2026-01-14T19:16:44.403
CVE-2025-39832,0.000170000,0.042960000,0.07430555555555556,2026-06-04,2026-06-04,CVE-2025-39832,5.5,2026-01-14T19:16:44.230
CVE-2025-39831,0.000170000,0.040970000,0.07430555555555556,2026-06-04,2026-06-04,CVE-2025-39831,5.5,2026-01-14T19:16:44.080
CVE-2025-39830,0.000250000,0.073340000,0.24976851851851853,2026-06-04,2026-06-04,CVE-2025-39830,5.5,2026-01-14T19:16:43.920
CVE-2025-39829,0.000170000,0.040970000,0.07430555555555556,2026-06-04,2026-06-04,CVE-2025-39829,5.5,2026-01-14T19:16:43.763
CVE-2025-39828,0.000170000,0.043120000,0.07430555555555556,2026-06-04,2026-06-04,CVE-2025-39828,7.8,2026-05-12T13:17:14.217
CVE-2025-39827,0.000260000,0.078850000,0.2759259259259259,2026-06-04,2026-06-04,CVE-2025-39827,5.5,2026-05-12T13:17:14.080
CVE-2025-39826,0.000190000,0.051640000,0.13171296296296298,2026-06-04,2026-06-04,CVE-2025-39826,7.0,2026-05-12T13:17:13.943
CVE-2025-39825,0.000180000,0.050050000,0.11435185185185186,2026-06-04,2026-06-04,CVE-2025-39825,4.7,2026-05-12T13:17:13.817
CVE-2025-39824,0.000210000,0.062050000,0.16643518518518519,2026-06-04,2026-06-04,CVE-2025-39824,7.8,2026-05-12T13:17:13.640
CVE-2025-39823,0.000230000,0.066700000,0.23032407407407407,2026-06-04,2026-06-04,CVE-2025-39823,7.8,2026-05-12T13:17:13.497
CVE-2025-39822,0.000270000,0.079980000,0.2983796296296296,2026-06-04,2026-06-04,CVE-2025-39822,5.5,2026-01-14T19:16:43.610
CVE-2025-39821,0.000310000,0.093660000,0.34375,2026-06-04,2026-06-04,CVE-2025-39821,7.8,2026-01-14T19:16:43.453
CVE-2025-39820,0.000250000,0.073340000,0.24976851851851853,2026-06-04,2026-06-04,CVE-2025-39820,5.5,2026-01-14T19:16:43.290
CVE-2025-39819,0.000330000,0.101860000,0.3875,2026-06-04,2026-06-04,CVE-2025-39819,5.5,2026-05-12T13:17:13.363
CVE-2025-39818,0.000170000,0.042250000,0.07430555555555556,2026-06-04,2026-06-04,CVE-2025-39818,7.8,2026-01-14T19:16:43.127
CVE-2025-39817,0.000220000,0.063120000,0.20671296296296296,2026-06-04,2026-06-04,CVE-2025-39817,7.1,2026-05-12T13:17:13.213
CVE-2025-39816,0.000220000,0.063380000,0.20671296296296296,2026-06-04,2026-06-04,CVE-2025-39816,5.5,2026-04-11T13:16:35.397
CVE-2025-39815,0.000170000,0.040970000,0.07430555555555556,2026-06-04,2026-06-04,CVE-2025-39815,5.5,2026-01-14T19:16:42.827
CVE-2025-39814,0.000250000,0.073340000,0.24976851851851853,2026-06-04,2026-06-04,CVE-2025-39814,5.5,2026-01-14T19:16:42.667
CVE-2025-39813,0.000170000,0.041460000,0.07430555555555556,2026-06-04,2026-06-04,CVE-2025-39813,4.7,2026-05-12T13:17:13.053
CVE-2025-39812,0.000170000,0.041730000,0.07430555555555556,2026-06-04,2026-06-04,CVE-2025-39812,5.5,2026-05-12T13:17:12.890
CVE-2025-39811,0.000170000,0.040970000,0.07430555555555556,2026-06-04,2026-06-04,CVE-2025-39811,5.5,2026-01-14T19:16:42.503
CVE-2025-39810,0.000200000,0.058640000,0.1476851851851852,2026-06-04,2026-06-04,CVE-2025-39810,7.8,2026-01-14T19:16:42.327
CVE-2025-39809,0.000260000,0.077590000,0.2759259259259259,2026-06-04,2026-06-04,CVE-2025-39809,7.8,2026-01-14T19:16:42.167
CVE-2025-39808,0.000210000,0.060510000,0.16643518518518519,2026-06-04,2026-06-04,CVE-2025-39808,5.5,2026-05-12T13:17:12.743
CVE-2025-39807,0.000170000,0.040970000,0.07430555555555556,2026-06-04,2026-06-04,CVE-2025-39807,5.5,2026-01-14T19:16:41.983
CVE-2025-39806,0.000240000,0.069650000,0.2363425925925926,2026-06-04,2026-06-04,CVE-2025-39806,7.1,2026-05-12T13:17:12.580
CVE-2025-39805,0.000300000,0.091740000,0.32546296296296295,2026-06-04,2026-06-04,CVE-2025-39805,5.5,2025-12-06T22:15:51.780
CVE-2025-36244,0.000100000,0.012960000,0.021527777777777778,2026-06-04,2026-06-04,CVE-2025-36244,5.5,2025-10-17T14:34:38.477
CVE-2025-30075,0.000170000,0.042190000,0.07430555555555556,2026-06-04,2026-06-04,CVE-2025-30075,2.2,2026-04-15T00:35:42.020
CVE-2025-10546,0.002390000,0.471650000,0.9078703703703703,2026-06-04,2026-06-04,CVE-2025-10546,,2026-04-15T00:35:42.020
CVE-2025-10537,0.000970000,0.266360000,0.7949074074074074,2026-06-04,2026-06-04,CVE-2025-10537,8.8,2026-04-13T15:16:37.560
CVE-2025-10536,0.000310000,0.092290000,0.34375,2026-06-04,2026-06-04,CVE-2025-10536,6.2,2026-04-13T15:16:37.373
CVE-2025-10535,0.000680000,0.210970000,0.6902777777777778,2026-06-04,2026-06-04,CVE-2025-10535,7.5,2026-04-13T15:16:37.213
CVE-2025-10534,0.000540000,0.172050000,0.5907407407407408,2026-06-04,2026-06-04,CVE-2025-10534,8.1,2026-04-13T15:16:37.050
CVE-2025-10533,0.001360000,0.331520000,0.8497685185185185,2026-06-04,2026-06-04,CVE-2025-10533,8.8,2026-04-13T15:16:36.860
CVE-2025-10532,0.001000000,0.272490000,0.8013888888888889,2026-06-04,2026-06-04,CVE-2025-10532,6.5,2026-04-13T15:16:36.677
CVE-2025-10531,0.000420000,0.132460000,0.46944444444444444,2026-06-04,2026-06-04,CVE-2025-10531,5.4,2026-04-13T15:16:36.513
CVE-2025-10530,0.000560000,0.179170000,0.6055555555555555,2026-06-04,2026-06-04,CVE-2025-10530,6.5,2026-04-13T15:16:36.337
CVE-2025-10529,0.000880000,0.251100000,0.7731481481481481,2026-06-04,2026-06-04,CVE-2025-10529,6.5,2026-04-13T15:16:36.150
CVE-2025-10528,0.001300000,0.319900000,0.8395833333333333,2026-06-04,2026-06-04,CVE-2025-10528,7.3,2026-04-13T15:16:35.970
CVE-2025-10527,0.000830000,0.242160000,0.75625,2026-06-04,2026-06-04,CVE-2025-10527,7.1,2026-04-13T15:16:35.760
CVE-2025-10290,0.000440000,0.137480000,0.4949074074074074,2026-06-04,2026-06-04,CVE-2025-10290,6.5,2026-04-13T15:16:35.563
CVE-2024-13174,0.000530000,0.168700000,0.5833333333333334,2026-06-04,2026-06-04,CVE-2024-13174,8.6,2026-06-01T13:16:28.077
CVE-2024-13149,0.000550000,0.174610000,0.5965277777777778,2026-06-04,2026-06-04,CVE-2024-13149,9.8,2026-06-01T13:16:27.630
CVE-2024-12796,0.000510000,0.162320000,0.5708333333333333,2026-06-04,2026-06-04,CVE-2024-12796,5.3,2026-06-01T15:16:27.580
CVE-2023-53304,0.000210000,0.061420000,0.16643518518518519,2026-06-04,2026-06-04,CVE-2023-53304,5.5,2026-01-14T19:16:23.073
CVE-2022-50352,0.000280000,0.085080000,0.3087962962962963,2026-06-04,2026-06-04,CVE-2022-50352,5.5,2026-01-14T19:16:06.373
CVE-2022-50351,0.000170000,0.040970000,0.07430555555555556,2026-06-04,2026-06-04,CVE-2022-50351,5.5,2026-01-14T19:16:06.210
CVE-2022-50350,0.000130000,0.021010000,0.0349537037037037,2026-06-04,2026-06-04,CVE-2022-50350,4.7,2026-01-14T19:16:06.033
CVE-2022-50349,0.000160000,0.039000000,0.05555555555555555,2026-06-04,2026-06-04,CVE-2022-50349,5.5,2026-01-14T19:16:05.860
CVE-2022-50348,0.000210000,0.061420000,0.16643518518518519,2026-06-04,2026-06-04,CVE-2022-50348,5.5,2026-01-14T19:16:05.680
CVE-2022-50347,0.000200000,0.057680000,0.1476851851851852,2026-06-04,2026-06-04,CVE-2022-50347,5.5,2026-01-14T19:16:05.480
CVE-2022-50346,0.000160000,0.039000000,0.05555555555555555,2026-06-04,2026-06-04,CVE-2022-50346,5.5,2026-01-14T19:16:05.280
CVE-2022-50344,0.000160000,0.039000000,0.05555555555555555,2026-06-04,2026-06-04,CVE-2022-50344,5.5,2026-01-14T19:16:05.073
CVE-2022-50343,0.000200000,0.057680000,0.1476851851851852,2026-06-04,2026-06-04,CVE-2022-50343,5.5,2026-01-14T19:16:04.853
CVE-2022-50342,0.000220000,0.063380000,0.20671296296296296,2026-06-04,2026-06-04,CVE-2022-50342,5.5,2026-01-14T19:16:04.657
CVE-2022-50341,0.000120000,0.018250000,0.03009259259259259,2026-06-04,2026-06-04,CVE-2022-50341,5.5,2026-01-14T19:16:04.480
CVE-2022-50340,0.000180000,0.049910000,0.11435185185185186,2026-06-04,2026-06-04,CVE-2022-50340,5.5,2026-01-14T19:16:04.270
CVE-2022-50339,0.000150000,0.034170000,0.050694444444444445,2026-06-04,2026-06-04,CVE-2022-50339,7.0,2026-01-14T19:16:04.033
CVE-2009-20007,0.622620000,0.983810000,0.9979166666666667,2026-06-04,2026-06-04,CVE-2009-20007,,2026-04-15T00:35:42.020
CVE-2009-20006,0.763560000,0.989530000,0.999537037037037,2026-06-04,2026-06-04,CVE-2009-20006,,2026-04-15T00:35:42.020
CVE-2009-20005,0.693480000,0.986650000,0.9988425925925926,2026-06-04,2026-06-04,CVE-2009-20005,,2026-04-15T00:35:42.020
CVE-2025-9971,0.001720000,0.382760000,0.8756944444444444,2026-06-04,2026-06-04,CVE-2025-9971,9.8,2026-04-15T00:35:42.020
CVE-2025-9891,0.000180000,0.047870000,0.11435185185185186,2026-06-04,2026-06-04,CVE-2025-9891,4.3,2026-04-15T00:35:42.020
CVE-2025-9851,0.000480000,0.152500000,0.5486111111111112,2026-06-04,2026-06-04,CVE-2025-9851,6.4,2026-04-15T00:35:42.020
CVE-2025-9818,0.000240000,0.070620000,0.2363425925925926,2026-06-04,2026-06-04,CVE-2025-9818,6.7,2026-04-15T00:35:42.020
CVE-2025-9708,0.000260000,0.077030000,0.2759259259259259,2026-06-04,2026-06-04,CVE-2025-9708,6.8,2026-04-15T00:35:42.020
CVE-2025-9629,0.000260000,0.076290000,0.2759259259259259,2026-06-04,2026-06-04,CVE-2025-9629,4.3,2026-04-15T00:35:42.020
CVE-2025-9565,0.000660000,0.207270000,0.6733796296296296,2026-06-04,2026-06-04,CVE-2025-9565,6.4,2026-04-15T00:35:42.020
CVE-2025-9450,0.000230000,0.066190000,0.23032407407407407,2026-06-04,2026-06-04,CVE-2025-9450,7.8,2026-04-15T00:35:42.020
CVE-2025-9449,0.000230000,0.066190000,0.23032407407407407,2026-06-04,2026-06-04,CVE-2025-9449,7.8,2026-04-15T00:35:42.020
CVE-2025-9447,0.000230000,0.066190000,0.23032407407407407,2026-06-04,2026-06-04,CVE-2025-9447,7.8,2026-04-15T00:35:42.020
CVE-2025-9216,0.007030000,0.724430000,0.9592592592592593,2026-06-04,2026-06-04,CVE-2025-9216,8.8,2026-04-15T00:35:42.020
CVE-2025-9215,0.000420000,0.130500000,0.46944444444444444,2026-06-04,2026-06-04,CVE-2025-9215,6.5,2026-04-15T00:35:42.020
CVE-2025-9203,0.000590000,0.187770000,0.6287037037037037,2026-06-04,2026-06-04,CVE-2025-9203,6.4,2026-04-15T00:35:42.020
CVE-2025-8394,0.000590000,0.187770000,0.6287037037037037,2026-06-04,2026-06-04,CVE-2025-8394,6.4,2026-04-15T00:35:42.020
CVE-2025-8153,0.000800000,0.235780000,0.7423611111111111,2026-06-04,2026-06-04,CVE-2025-8153,,2026-04-15T00:35:42.020
CVE-2025-59518,0.000530000,0.170170000,0.5833333333333334,2026-06-04,2026-06-04,CVE-2025-59518,8.0,2026-04-15T00:35:42.020
CVE-2025-59336,0.002020000,0.422090000,0.8925925925925926,2026-06-04,2026-06-04,CVE-2025-59336,,2026-04-15T00:35:42.020
CVE-2025-59334,0.002220000,0.448120000,0.9037037037037037,2026-06-04,2026-06-04,CVE-2025-59334,8.8,2025-10-08T19:16:13.530
CVE-2025-59307,0.000220000,0.064680000,0.20671296296296296,2026-06-04,2026-06-04,CVE-2025-59307,6.7,2026-04-15T00:35:42.020
CVE-2025-59161,0.002640000,0.499390000,0.913425925925926,2026-06-04,2026-06-04,CVE-2025-59161,,2026-04-15T00:35:42.020
CVE-2025-59160,0.001080000,0.285520000,0.8125,2026-06-04,2026-06-04,CVE-2025-59160,,2026-04-15T00:35:42.020
CVE-2025-59050,0.003400000,0.569460000,0.9280092592592593,2026-06-04,2026-06-04,CVE-2025-59050,7.8,2025-10-02T18:54:39.903
CVE-2025-58174,0.000360000,0.110210000,0.41064814814814815,2026-06-04,2026-06-04,CVE-2025-58174,4.6,2026-04-15T00:35:42.020
CVE-2025-58116,0.003580000,0.582760000,0.9326388888888889,2026-06-04,2026-06-04,CVE-2025-58116,7.2,2026-04-15T00:35:42.020
CVE-2025-57631,0.009020000,0.760720000,0.9664351851851852,2026-06-04,2026-06-04,CVE-2025-57631,9.8,2025-09-23T16:43:11.133
CVE-2025-57625,0.001590000,0.364830000,0.8701388888888889,2026-06-04,2026-06-04,CVE-2025-57625,8.8,2026-04-15T00:35:42.020
CVE-2025-57624,0.000240000,0.071680000,0.2363425925925926,2026-06-04,2026-06-04,CVE-2025-57624,7.8,2026-04-15T00:35:42.020
CVE-2025-56562,0.001160000,0.299080000,0.8208333333333333,2026-06-04,2026-06-04,CVE-2025-56562,7.5,2025-10-02T19:14:25.537
CVE-2025-56557,0.000700000,0.215600000,0.7043981481481482,2026-06-04,2026-06-04,CVE-2025-56557,9.1,2025-10-02T19:13:02.203
CVE-2025-56264,0.001170000,0.299910000,0.8226851851851852,2026-06-04,2026-06-04,CVE-2025-56264,7.5,2025-09-23T16:44:37.977
CVE-2025-56263,0.000660000,0.205330000,0.6733796296296296,2026-06-04,2026-06-04,CVE-2025-56263,8.8,2025-10-17T14:30:16.710
CVE-2025-55075,0.000620000,0.195410000,0.6523148148148148,2026-06-04,2026-06-04,CVE-2025-55075,4.9,2026-04-15T00:35:42.020
CVE-2025-54391,0.000860000,0.247710000,0.7645833333333333,2026-06-04,2026-06-04,CVE-2025-54391,9.1,2026-04-15T00:35:42.020
CVE-2025-54262,0.000380000,0.118080000,0.42430555555555555,2026-06-04,2026-06-04,CVE-2025-54262,7.8,2025-09-18T13:38:25.510
CVE-2025-54237,0.000360000,0.111390000,0.41064814814814815,2026-06-04,2026-06-04,CVE-2025-54237,5.5,2025-09-18T13:38:39.070
CVE-2025-49728,0.000640000,0.200700000,0.6622685185185185,2026-06-04,2026-06-04,CVE-2025-49728,4.0,2025-10-01T20:31:12.207
CVE-2025-47967,0.001270000,0.315010000,0.8356481481481481,2026-06-04,2026-06-04,CVE-2025-47967,4.7,2025-10-01T20:31:29.220
CVE-2025-43805,0.000840000,0.244040000,0.7599537037037037,2026-06-04,2026-06-04,CVE-2025-43805,5.3,2025-12-16T15:05:33.527
CVE-2025-43804,0.000450000,0.140920000,0.5057870370370371,2026-06-04,2026-06-04,CVE-2025-43804,6.1,2025-11-07T19:15:48.340
CVE-2025-43801,0.002240000,0.451820000,0.9043981481481481,2026-06-04,2026-06-04,CVE-2025-43801,7.5,2025-12-12T20:30:21.803
CVE-2025-37131,0.000550000,0.175840000,0.5965277777777778,2026-06-04,2026-06-04,CVE-2025-37131,4.9,2026-04-15T00:35:42.020
CVE-2025-37130,0.000660000,0.205670000,0.6733796296296296,2026-06-04,2026-06-04,CVE-2025-37130,6.5,2026-04-15T00:35:42.020
CVE-2025-37129,0.000250000,0.073550000,0.24976851851851853,2026-06-04,2026-06-04,CVE-2025-37129,6.7,2026-04-15T00:35:42.020
CVE-2025-37128,0.001200000,0.305400000,0.825462962962963,2026-06-04,2026-06-04,CVE-2025-37128,6.8,2026-04-15T00:35:42.020
CVE-2025-37127,0.000300000,0.090930000,0.32546296296296295,2026-06-04,2026-06-04,CVE-2025-37127,7.2,2026-04-15T00:35:42.020
CVE-2025-37126,0.001790000,0.392270000,0.8807870370370371,2026-06-04,2026-06-04,CVE-2025-37126,7.2,2026-04-15T00:35:42.020
CVE-2025-37125,0.000670000,0.209480000,0.6851851851851852,2026-06-04,2026-06-04,CVE-2025-37125,7.5,2026-04-15T00:35:42.020
CVE-2025-37124,0.001140000,0.295820000,0.819675925925926,2026-06-04,2026-06-04,CVE-2025-37124,8.6,2026-04-15T00:35:42.020
CVE-2025-37123,0.003260000,0.558150000,0.9252314814814815,2026-06-04,2026-06-04,CVE-2025-37123,8.8,2026-04-15T00:35:42.020
CVE-2025-34187,0.019020000,0.835830000,0.9789351851851852,2026-06-04,2026-06-04,CVE-2025-34187,8.8,2025-09-25T14:51:36.743
CVE-2025-34186,0.006490000,0.711970000,0.9567129629629629,2026-06-04,2026-06-04,CVE-2025-34186,9.8,2026-05-26T14:16:27.513
CVE-2025-34185,0.002330000,0.462920000,0.9069444444444444,2026-06-04,2026-06-04,CVE-2025-34185,7.5,2025-09-25T14:56:39.847
CVE-2025-34184,0.028000000,0.863840000,0.9854166666666667,2026-06-04,2026-06-04,CVE-2025-34184,9.8,2025-09-25T14:56:30.853
CVE-2025-34183,0.001350000,0.330280000,0.8474537037037037,2026-06-04,2026-06-04,CVE-2025-34183,7.5,2025-09-25T14:56:22.493
CVE-2025-10589,0.003870000,0.601520000,0.9358796296296297,2026-06-04,2026-06-04,CVE-2025-10589,8.8,2026-04-15T00:35:42.020
CVE-2025-10584,0.000450000,0.143150000,0.5057870370370371,2026-06-04,2026-06-04,CVE-2025-10584,5.4,2026-04-29T01:00:01.613
CVE-2025-10566,0.000600000,0.188940000,0.6351851851851852,2026-06-04,2026-06-04,CVE-2025-10566,6.1,2026-04-29T01:00:01.613
CVE-2025-10565,0.000600000,0.188480000,0.6351851851851852,2026-06-04,2026-06-04,CVE-2025-10565,9.8,2026-04-29T01:00:01.613
CVE-2025-10564,0.000600000,0.188480000,0.6351851851851852,2026-06-04,2026-06-04,CVE-2025-10564,9.8,2026-04-29T01:00:01.613
CVE-2025-10563,0.000250000,0.076100000,0.24976851851851853,2026-06-04,2026-06-04,CVE-2025-10563,9.8,2026-04-29T01:00:01.613
CVE-2025-10562,0.000610000,0.193730000,0.6458333333333334,2026-06-04,2026-06-04,CVE-2025-10562,9.8,2026-04-29T01:00:01.613
CVE-2025-10492,0.006560000,0.713940000,0.9571759259259259,2026-06-04,2026-06-04,CVE-2025-10492,9.8,2026-02-10T19:15:49.760
CVE-2025-10188,0.000230000,0.067270000,0.23032407407407407,2026-06-04,2026-06-04,CVE-2025-10188,5.4,2026-04-15T00:35:42.020
CVE-2025-10166,0.000590000,0.187770000,0.6287037037037037,2026-06-04,2026-06-04,CVE-2025-10166,6.4,2026-04-15T00:35:42.020
CVE-2025-10143,0.001160000,0.299460000,0.8208333333333333,2026-06-04,2026-06-04,CVE-2025-10143,7.5,2026-04-15T00:35:42.020
CVE-2025-10125,0.000480000,0.151340000,0.5486111111111112,2026-06-04,2026-06-04,CVE-2025-10125,6.4,2026-04-15T00:35:42.020
CVE-2025-10058,0.007980000,0.743750000,0.9625,2026-06-04,2026-06-04,CVE-2025-10058,8.1,2026-04-15T00:35:42.020
CVE-2025-10057,0.008200000,0.747520000,0.9631944444444445,2026-06-04,2026-06-04,CVE-2025-10057,8.8,2026-04-15T00:35:42.020
CVE-2025-10050,0.001480000,0.350520000,0.8618055555555556,2026-06-04,2026-06-04,CVE-2025-10050,6.6,2026-04-15T00:35:42.020
CVE-2025-10042,0.000720000,0.219710000,0.7122685185185185,2026-06-04,2026-06-04,CVE-2025-10042,7.5,2025-12-19T12:38:54.293
CVE-2023-53334,0.000210000,0.060210000,0.16643518518518519,2026-06-04,2026-06-04,CVE-2023-53334,5.5,2026-01-14T19:16:28.400
CVE-2023-53333,0.000220000,0.062570000,0.20671296296296296,2026-06-04,2026-06-04,CVE-2023-53333,7.1,2026-01-14T19:16:28.233
CVE-2023-53332,0.000170000,0.040970000,0.07430555555555556,2026-06-04,2026-06-04,CVE-2023-53332,5.5,2026-01-14T19:16:28.070
CVE-2023-53331,0.000200000,0.058770000,0.1476851851851852,2026-06-04,2026-06-04,CVE-2023-53331,7.8,2026-01-14T19:16:27.903
CVE-2023-53330,0.000210000,0.061420000,0.16643518518518519,2026-06-04,2026-06-04,CVE-2023-53330,5.5,2026-01-14T19:16:27.740
CVE-2023-53329,0.000150000,0.029700000,0.050694444444444445,2026-06-04,2026-06-04,CVE-2023-53329,4.7,2026-01-14T19:16:27.577
CVE-2023-53328,0.000240000,0.070210000,0.2363425925925926,2026-06-04,2026-06-04,CVE-2023-53328,5.5,2026-01-14T19:16:27.400
CVE-2023-53327,0.000170000,0.040970000,0.07430555555555556,2026-06-04,2026-06-04,CVE-2023-53327,5.5,2026-01-14T19:16:27.243
CVE-2023-53326,0.000210000,0.060820000,0.16643518518518519,2026-06-04,2026-06-04,CVE-2023-53326,5.5,2026-01-14T19:16:27.037
CVE-2023-53325,0.000170000,0.040970000,0.07430555555555556,2026-06-04,2026-06-04,CVE-2023-53325,5.5,2026-01-14T19:16:26.843
CVE-2023-53324,0.000210000,0.061420000,0.16643518518518519,2026-06-04,2026-06-04,CVE-2023-53324,5.5,2026-01-14T19:16:26.660
CVE-2023-53323,0.000090000,0.010510000,0.012268518518518519,2026-06-04,2026-06-04,CVE-2023-53323,5.5,2026-01-14T19:16:26.460
CVE-2023-53322,0.000170000,0.045250000,0.07430555555555556,2026-06-04,2026-06-04,CVE-2023-53322,7.8,2026-01-14T19:16:26.187
CVE-2023-53321,0.000170000,0.045250000,0.07430555555555556,2026-06-04,2026-06-04,CVE-2023-53321,7.1,2026-01-14T19:16:25.940
CVE-2023-53320,0.000170000,0.045790000,0.07430555555555556,2026-06-04,2026-06-04,CVE-2023-53320,7.8,2026-01-14T19:16:25.747
CVE-2023-53319,0.000250000,0.073340000,0.24976851851851853,2026-06-04,2026-06-04,CVE-2023-53319,5.5,2026-01-14T19:16:25.587
CVE-2023-53318,0.000170000,0.044030000,0.07430555555555556,2026-06-04,2026-06-04,CVE-2023-53318,5.5,2026-01-14T19:16:25.420
CVE-2023-53317,0.000170000,0.044030000,0.07430555555555556,2026-06-04,2026-06-04,CVE-2023-53317,5.5,2026-01-14T19:16:25.223
CVE-2023-53316,0.000220000,0.062570000,0.20671296296296296,2026-06-04,2026-06-04,CVE-2023-53316,7.8,2026-01-14T19:16:25.050
CVE-2023-53315,0.000250000,0.073610000,0.24976851851851853,2026-06-04,2026-06-04,CVE-2023-53315,5.5,2026-01-14T19:16:24.893
CVE-2023-53314,0.000210000,0.061420000,0.16643518518518519,2026-06-04,2026-06-04,CVE-2023-53314,5.5,2026-01-14T19:16:24.740
CVE-2023-53313,0.000200000,0.057680000,0.1476851851851852,2026-06-04,2026-06-04,CVE-2023-53313,5.5,2026-01-14T19:16:24.587
CVE-2023-53312,0.000170000,0.040970000,0.07430555555555556,2026-06-04,2026-06-04,CVE-2023-53312,5.5,2026-01-14T19:16:24.430
CVE-2023-53311,0.000220000,0.062570000,0.20671296296296296,2026-06-04,2026-06-04,CVE-2023-53311,7.8,2026-01-14T19:16:24.250
CVE-2023-53310,0.000130000,0.021010000,0.0349537037037037,2026-06-04,2026-06-04,CVE-2023-53310,4.7,2026-01-14T19:16:24.090
CVE-2023-53309,0.000160000,0.038540000,0.05555555555555555,2026-06-04,2026-06-04,CVE-2023-53309,5.5,2026-01-14T19:16:23.930
CVE-2023-53308,0.000220000,0.062570000,0.20671296296296296,2026-06-04,2026-06-04,CVE-2023-53308,7.8,2026-01-14T19:16:23.763
CVE-2023-53307,0.000220000,0.062570000,0.20671296296296296,2026-06-04,2026-06-04,CVE-2023-53307,7.8,2026-01-14T19:16:23.597
CVE-2023-53306,0.000250000,0.073340000,0.24976851851851853,2026-06-04,2026-06-04,CVE-2023-53306,5.5,2026-01-14T19:16:23.430
CVE-2023-53305,0.000170000,0.045250000,0.07430555555555556,2026-06-04,2026-06-04,CVE-2023-53305,7.8,2026-01-14T19:16:23.260
CVE-2025-9972,0.002630000,0.498670000,0.9131944444444444,2026-06-04,2026-06-04,CVE-2025-9972,9.8,2026-04-15T00:35:42.020
CVE-2025-9862,0.000240000,0.072240000,0.2363425925925926,2026-06-04,2026-06-04,CVE-2025-9862,6.5,2026-02-24T18:36:18.247
CVE-2025-9242,0.790100000,0.990820000,0.9997685185185186,2026-06-04,2026-06-04,CVE-2025-9242,9.8,2025-11-14T02:00:02.350
CVE-2025-8999,0.000750000,0.226270000,0.7236111111111111,2026-06-04,2026-06-04,CVE-2025-8999,5.3,2026-04-15T00:35:42.020
CVE-2025-8463,0.000450000,0.142470000,0.5057870370370371,2026-06-04,2026-06-04,CVE-2025-8463,5.3,2026-04-15T00:35:42.020
CVE-2025-8411,0.000420000,0.132050000,0.46944444444444444,2026-06-04,2026-06-04,CVE-2025-8411,7.1,2026-04-15T00:35:42.020
CVE-2025-8077,0.000980000,0.268240000,0.7983796296296296,2026-06-04,2026-06-04,CVE-2025-8077,9.8,2026-04-15T00:35:42.020
CVE-2025-59476,0.001050000,0.280560000,0.8090277777777778,2026-06-04,2026-06-04,CVE-2025-59476,5.3,2025-11-04T22:16:35.350
CVE-2025-59475,0.000340000,0.104430000,0.3958333333333333,2026-06-04,2026-06-04,CVE-2025-59475,4.3,2025-11-04T22:16:35.177
CVE-2025-59474,0.001110000,0.290560000,0.8155092592592592,2026-06-04,2026-06-04,CVE-2025-59474,5.3,2025-11-04T22:16:35.030
CVE-2025-59458,0.000030000,0.000790000,0.0006944444444444445,2026-06-04,2026-06-04,CVE-2025-59458,9.8,2026-01-20T17:31:03.947
CVE-2025-59457,0.000020000,0.000270000,0.0002314814814814815,2026-06-04,2026-06-04,CVE-2025-59457,7.7,2025-09-22T17:07:35.593
CVE-2025-59456,0.000050000,0.002500000,0.001388888888888889,2026-06-04,2026-06-04,CVE-2025-59456,5.5,2025-09-22T17:07:38.200
CVE-2025-59455,0.000020000,0.000250000,0.0002314814814814815,2026-06-04,2026-06-04,CVE-2025-59455,4.2,2025-09-22T17:07:40.623
CVE-2025-57055,0.000840000,0.245060000,0.7599537037037037,2026-06-04,2026-06-04,CVE-2025-57055,6.5,2025-09-23T15:44:52.297
CVE-2025-55904,0.000760000,0.228240000,0.7326388888888888,2026-06-04,2026-06-04,CVE-2025-55904,4.0,2025-09-23T15:45:10.240
CVE-2025-54467,0.000620000,0.194970000,0.6523148148148148,2026-06-04,2026-06-04,CVE-2025-54467,5.3,2026-04-15T00:35:42.020
CVE-2025-54390,0.000250000,0.074850000,0.24976851851851853,2026-06-04,2026-06-04,CVE-2025-54390,6.3,2026-04-15T00:35:42.020
CVE-2025-53884,0.000350000,0.107610000,0.4011574074074074,2026-06-04,2026-06-04,CVE-2025-53884,5.3,2026-04-15T00:35:42.020
CVE-2025-50709,0.000750000,0.226120000,0.7236111111111111,2026-06-04,2026-06-04,CVE-2025-50709,4.3,2026-04-15T00:35:42.020
CVE-2025-40933,0.000700000,0.215600000,0.7043981481481482,2026-06-04,2026-06-04,CVE-2025-40933,7.5,2026-04-15T00:35:42.020
CVE-2025-10602,0.000580000,0.183040000,0.6189814814814815,2026-06-04,2026-06-04,CVE-2025-10602,8.8,2026-04-29T01:00:01.613
CVE-2025-10601,0.000600000,0.188480000,0.6351851851851852,2026-06-04,2026-06-04,CVE-2025-10601,9.8,2026-04-29T01:00:01.613
CVE-2025-10600,0.001160000,0.299490000,0.8208333333333333,2026-06-04,2026-06-04,CVE-2025-10600,9.8,2026-04-29T01:00:01.613
CVE-2025-10599,0.000640000,0.199620000,0.6622685185185185,2026-06-04,2026-06-04,CVE-2025-10599,9.8,2026-04-29T01:00:01.613
CVE-2025-10598,0.000600000,0.188480000,0.6351851851851852,2026-06-04,2026-06-04,CVE-2025-10598,9.8,2026-04-29T01:00:01.613
CVE-2025-10597,0.000650000,0.204310000,0.669212962962963,2026-06-04,2026-06-04,CVE-2025-10597,9.8,2025-10-08T19:07:43.543
CVE-2025-10596,0.000600000,0.188480000,0.6351851851851852,2026-06-04,2026-06-04,CVE-2025-10596,9.8,2026-04-29T01:00:01.613
CVE-2025-10595,0.000580000,0.183040000,0.6189814814814815,2026-06-04,2026-06-04,CVE-2025-10595,8.8,2026-04-29T01:00:01.613
CVE-2025-10594,0.000580000,0.183040000,0.6189814814814815,2026-06-04,2026-06-04,CVE-2025-10594,8.8,2026-04-29T01:00:01.613
CVE-2025-10593,0.000540000,0.171290000,0.5907407407407408,2026-06-04,2026-06-04,CVE-2025-10593,8.8,2026-04-29T01:00:01.613
CVE-2025-10592,0.000580000,0.183040000,0.6189814814814815,2026-06-04,2026-06-04,CVE-2025-10592,8.8,2026-04-29T01:00:01.613
CVE-2025-10591,0.000400000,0.123420000,0.4465277777777778,2026-06-04,2026-06-04,CVE-2025-10591,5.4,2026-04-29T01:00:01.613
CVE-2025-10590,0.000410000,0.125790000,0.46111111111111114,2026-06-04,2026-06-04,CVE-2025-10590,6.1,2026-04-29T01:00:01.613
CVE-2025-10439,0.000550000,0.174610000,0.5965277777777778,2026-06-04,2026-06-04,CVE-2025-10439,9.8,2026-04-15T00:35:42.020
CVE-2025-10205,0.000210000,0.060700000,0.16643518518518519,2026-06-04,2026-06-04,CVE-2025-10205,8.8,2026-04-15T00:35:42.020
CVE-2025-10157,0.002650000,0.502190000,0.9136574074074074,2026-06-04,2026-06-04,CVE-2025-10157,7.8,2025-11-13T17:02:36.447
CVE-2025-10156,0.012840000,0.799500000,0.9729166666666667,2026-06-04,2026-06-04,CVE-2025-10156,9.8,2025-10-02T19:04:56.000
CVE-2025-10155,0.000720000,0.221000000,0.7122685185185185,2026-06-04,2026-06-04,CVE-2025-10155,7.8,2025-10-02T19:07:57.567
CVE-2025-0879,0.000640000,0.201090000,0.6622685185185185,2026-06-04,2026-06-04,CVE-2025-0879,4.7,2026-04-15T00:35:42.020
CVE-2025-0546,0.000550000,0.175900000,0.5965277777777778,2026-06-04,2026-06-04,CVE-2025-0546,4.7,2026-04-15T00:35:42.020
CVE-2025-0420,0.000640000,0.201090000,0.6622685185185185,2026-06-04,2026-06-04,CVE-2025-0420,4.7,2026-04-15T00:35:42.020
CVE-2025-0419,0.000640000,0.201090000,0.6622685185185185,2026-06-04,2026-06-04,CVE-2025-0419,4.7,2026-04-15T00:35:42.020
CVE-2024-48842,0.000260000,0.079260000,0.2759259259259259,2026-06-04,2026-06-04,CVE-2024-48842,7.0,2026-04-15T00:35:42.020
CVE-2023-53368,0.000160000,0.040560000,0.05555555555555555,2026-06-04,2026-06-04,CVE-2023-53368,4.7,2026-01-14T19:16:34.020
CVE-2023-53367,0.000250000,0.073340000,0.24976851851851853,2026-06-04,2026-06-04,CVE-2023-53367,5.5,2026-01-14T19:16:33.863
CVE-2023-53366,0.000170000,0.040970000,0.07430555555555556,2026-06-04,2026-06-04,CVE-2023-53366,5.5,2026-01-14T19:16:33.707
CVE-2023-53365,0.000210000,0.061420000,0.16643518518518519,2026-06-04,2026-06-04,CVE-2023-53365,5.5,2026-01-14T19:16:33.520
CVE-2023-53364,0.000250000,0.073340000,0.24976851851851853,2026-06-04,2026-06-04,CVE-2023-53364,5.5,2026-01-14T19:16:33.333
CVE-2023-53363,0.000210000,0.062320000,0.16643518518518519,2026-06-04,2026-06-04,CVE-2023-53363,7.8,2026-01-14T19:16:33.167
CVE-2023-53362,0.000170000,0.040970000,0.07430555555555556,2026-06-04,2026-06-04,CVE-2023-53362,5.5,2026-01-14T19:16:33.013
CVE-2023-53361,0.000220000,0.063380000,0.20671296296296296,2026-06-04,2026-06-04,CVE-2023-53361,5.5,2026-01-14T19:16:32.867
CVE-2023-53360,0.000220000,0.063380000,0.20671296296296296,2026-06-04,2026-06-04,CVE-2023-53360,5.5,2026-01-14T19:16:32.703
CVE-2023-53359,0.000210000,0.060210000,0.16643518518518519,2026-06-04,2026-06-04,CVE-2023-53359,5.5,2026-01-14T19:16:32.550
CVE-2023-53358,0.000190000,0.052400000,0.13171296296296298,2026-06-04,2026-06-04,CVE-2023-53358,7.0,2026-01-14T19:16:32.383
CVE-2023-53357,0.000220000,0.062570000,0.20671296296296296,2026-06-04,2026-06-04,CVE-2023-53357,7.1,2026-01-14T19:16:32.200
CVE-2023-53356,0.000210000,0.060820000,0.16643518518518519,2026-06-04,2026-06-04,CVE-2023-53356,5.5,2026-01-14T19:16:32.040
CVE-2023-53355,0.000200000,0.056250000,0.1476851851851852,2026-06-04,2026-06-04,CVE-2023-53355,5.5,2026-01-14T19:16:31.880
CVE-2023-53354,0.000210000,0.061420000,0.16643518518518519,2026-06-04,2026-06-04,CVE-2023-53354,5.5,2026-01-14T19:16:31.673
CVE-2023-53353,0.000250000,0.073340000,0.24976851851851853,2026-06-04,2026-06-04,CVE-2023-53353,5.5,2026-01-14T19:16:31.510
CVE-2023-53352,0.000210000,0.060820000,0.16643518518518519,2026-06-04,2026-06-04,CVE-2023-53352,5.5,2026-01-14T19:16:31.347
CVE-2023-53351,0.000250000,0.073340000,0.24976851851851853,2026-06-04,2026-06-04,CVE-2023-53351,5.5,2026-01-14T19:16:31.177
CVE-2023-53350,0.000250000,0.073340000,0.24976851851851853,2026-06-04,2026-06-04,CVE-2023-53350,5.5,2026-01-14T19:16:31.020
CVE-2023-53349,0.000210000,0.060820000,0.16643518518518519,2026-06-04,2026-06-04,CVE-2023-53349,5.5,2026-01-14T19:16:30.857
CVE-2023-53348,0.000130000,0.021010000,0.0349537037037037,2026-06-04,2026-06-04,CVE-2023-53348,5.5,2026-01-14T19:16:30.693
CVE-2023-53347,0.000250000,0.072710000,0.24976851851851853,2026-06-04,2026-06-04,CVE-2023-53347,5.5,2026-01-14T19:16:30.497
CVE-2023-53346,0.000200000,0.058380000,0.1476851851851852,2026-06-04,2026-06-04,CVE-2023-53346,5.5,2026-01-14T19:16:30.303
CVE-2023-53345,0.000130000,0.021010000,0.0349537037037037,2026-06-04,2026-06-04,CVE-2023-53345,4.7,2026-01-14T19:16:30.080
CVE-2023-53344,0.000210000,0.061420000,0.16643518518518519,2026-06-04,2026-06-04,CVE-2023-53344,5.5,2026-01-14T19:16:29.910
CVE-2023-53343,0.000210000,0.061420000,0.16643518518518519,2026-06-04,2026-06-04,CVE-2023-53343,5.5,2026-01-14T19:16:29.743
CVE-2023-53342,0.000170000,0.040970000,0.07430555555555556,2026-06-04,2026-06-04,CVE-2023-53342,5.5,2026-01-14T19:16:29.587
CVE-2023-53341,0.000170000,0.040970000,0.07430555555555556,2026-06-04,2026-06-04,CVE-2023-53341,5.5,2026-01-14T19:16:29.430
CVE-2023-53340,0.000170000,0.045790000,0.07430555555555556,2026-06-04,2026-06-04,CVE-2023-53340,7.8,2026-01-14T19:16:29.270
CVE-2023-53339,0.000080000,0.008080000,0.005324074074074074,2026-06-04,2026-06-04,CVE-2023-53339,5.5,2026-01-05T11:16:15.193
CVE-2023-53338,0.000220000,0.062570000,0.20671296296296296,2026-06-04,2026-06-04,CVE-2023-53338,7.8,2026-01-14T19:16:29.100
CVE-2023-53337,0.000160000,0.039000000,0.05555555555555555,2026-06-04,2026-06-04,CVE-2023-53337,5.5,2026-01-14T19:16:28.940
CVE-2023-53336,0.000170000,0.040970000,0.07430555555555556,2026-06-04,2026-06-04,CVE-2023-53336,5.5,2026-01-14T19:16:28.773
CVE-2023-53335,0.000220000,0.063380000,0.20671296296296296,2026-06-04,2026-06-04,CVE-2023-53335,5.5,2026-01-14T19:16:28.587
CVE-2022-50374,0.000210000,0.060820000,0.16643518518518519,2026-06-04,2026-06-04,CVE-2022-50374,5.5,2026-01-14T19:16:10.780
CVE-2022-50373,0.000140000,0.025460000,0.04351851851851852,2026-06-04,2026-06-04,CVE-2022-50373,4.7,2026-01-14T19:16:10.563
CVE-2022-50372,0.000250000,0.073340000,0.24976851851851853,2026-06-04,2026-06-04,CVE-2022-50372,5.5,2026-01-14T19:16:10.380
CVE-2022-50371,0.000130000,0.021010000,0.0349537037037037,2026-06-04,2026-06-04,CVE-2022-50371,5.5,2026-01-14T19:16:10.223
CVE-2022-50370,0.000220000,0.063380000,0.20671296296296296,2026-06-04,2026-06-04,CVE-2022-50370,5.5,2026-01-14T19:16:10.063
CVE-2022-50369,0.000210000,0.060820000,0.16643518518518519,2026-06-04,2026-06-04,CVE-2022-50369,5.5,2026-01-14T19:16:09.897
CVE-2022-50368,0.000250000,0.075050000,0.24976851851851853,2026-06-04,2026-06-04,CVE-2022-50368,7.8,2026-01-14T19:16:09.737
CVE-2022-50367,0.000150000,0.034980000,0.050694444444444445,2026-06-04,2026-06-04,CVE-2022-50367,7.8,2026-01-14T19:16:09.570
CVE-2022-50366,0.000160000,0.040750000,0.05555555555555555,2026-06-04,2026-06-04,CVE-2022-50366,7.1,2026-01-14T19:16:09.397
CVE-2022-50365,0.000200000,0.057680000,0.1476851851851852,2026-06-04,2026-06-04,CVE-2022-50365,5.5,2026-01-14T19:16:09.230
CVE-2022-50364,0.000210000,0.060820000,0.16643518518518519,2026-06-04,2026-06-04,CVE-2022-50364,5.5,2026-01-14T19:16:09.063
CVE-2022-50363,0.000250000,0.073340000,0.24976851851851853,2026-06-04,2026-06-04,CVE-2022-50363,5.5,2026-01-14T19:16:08.880
CVE-2022-50362,0.000210000,0.060820000,0.16643518518518519,2026-06-04,2026-06-04,CVE-2022-50362,5.5,2026-01-14T19:16:08.710
CVE-2022-50361,0.000170000,0.040970000,0.07430555555555556,2026-06-04,2026-06-04,CVE-2022-50361,5.5,2026-01-14T19:16:08.513
CVE-2022-50360,0.000250000,0.073340000,0.24976851851851853,2026-06-04,2026-06-04,CVE-2022-50360,5.5,2026-01-14T19:16:08.327
CVE-2022-50359,0.000160000,0.039000000,0.05555555555555555,2026-06-04,2026-06-04,CVE-2022-50359,5.5,2026-01-14T19:16:08.113
CVE-2022-50358,0.000320000,0.096610000,0.3541666666666667,2026-06-04,2026-06-04,CVE-2022-50358,4.2,2026-01-14T19:16:07.827
CVE-2022-50357,0.000170000,0.040970000,0.07430555555555556,2026-06-04,2026-06-04,CVE-2022-50357,5.5,2026-01-14T19:16:07.640
CVE-2022-50356,0.000220000,0.063380000,0.20671296296296296,2026-06-04,2026-06-04,CVE-2022-50356,5.5,2026-01-14T19:16:07.247
CVE-2022-50355,0.000210000,0.061420000,0.16643518518518519,2026-06-04,2026-06-04,CVE-2022-50355,5.5,2026-01-14T19:16:06.883
CVE-2022-50354,0.000170000,0.040970000,0.07430555555555556,2026-06-04,2026-06-04,CVE-2022-50354,5.5,2026-01-14T19:16:06.710
CVE-2022-50353,0.000210000,0.061420000,0.16643518518518519,2026-06-04,2026-06-04,CVE-2022-50353,5.5,2026-01-14T19:16:06.540
CVE-2025-8942,0.000640000,0.199870000,0.6622685185185185,2026-06-04,2026-06-04,CVE-2025-8942,9.1,2026-04-15T00:35:42.020
CVE-2025-8006,0.000470000,0.150820000,0.5252314814814815,2026-06-04,2026-06-04,CVE-2025-8006,7.8,2025-09-22T20:40:23.807
CVE-2025-8005,0.000470000,0.150820000,0.5252314814814815,2026-06-04,2026-06-04,CVE-2025-8005,7.8,2025-09-22T20:12:02.530
CVE-2025-8004,0.000470000,0.150820000,0.5252314814814815,2026-06-04,2026-06-04,CVE-2025-8004,7.8,2025-09-22T20:19:59.650
CVE-2025-8003,0.000470000,0.150820000,0.5252314814814815,2026-06-04,2026-06-04,CVE-2025-8003,7.8,2025-09-22T20:19:35.580
CVE-2025-8002,0.000470000,0.150820000,0.5252314814814815,2026-06-04,2026-06-04,CVE-2025-8002,7.8,2025-09-22T20:19:03.047
CVE-2025-8001,0.000470000,0.150820000,0.5252314814814815,2026-06-04,2026-06-04,CVE-2025-8001,7.8,2025-09-22T20:18:37.620
CVE-2025-8000,0.000470000,0.150820000,0.5252314814814815,2026-06-04,2026-06-04,CVE-2025-8000,7.8,2025-09-22T20:20:15.730
CVE-2025-7999,0.000470000,0.150820000,0.5252314814814815,2026-06-04,2026-06-04,CVE-2025-7999,7.8,2025-09-22T20:40:30.340
CVE-2025-7998,0.000470000,0.150820000,0.5252314814814815,2026-06-04,2026-06-04,CVE-2025-7998,7.8,2025-09-22T20:40:37.300
CVE-2025-7997,0.000470000,0.150820000,0.5252314814814815,2026-06-04,2026-06-04,CVE-2025-7997,7.8,2025-09-22T20:40:43.070
CVE-2025-7996,0.000470000,0.150820000,0.5252314814814815,2026-06-04,2026-06-04,CVE-2025-7996,7.8,2025-09-22T20:40:49.807
CVE-2025-7995,0.000470000,0.150820000,0.5252314814814815,2026-06-04,2026-06-04,CVE-2025-7995,7.8,2025-09-22T20:40:54.690
CVE-2025-7994,0.000470000,0.150820000,0.5252314814814815,2026-06-04,2026-06-04,CVE-2025-7994,7.8,2025-09-22T20:42:57.193
CVE-2025-7993,0.000470000,0.150820000,0.5252314814814815,2026-06-04,2026-06-04,CVE-2025-7993,7.8,2025-09-22T20:42:40.550
CVE-2025-7992,0.000680000,0.212270000,0.6902777777777778,2026-06-04,2026-06-04,CVE-2025-7992,7.8,2025-09-22T20:41:58.777
CVE-2025-7991,0.000680000,0.212270000,0.6902777777777778,2026-06-04,2026-06-04,CVE-2025-7991,7.8,2025-09-22T20:42:08.630
CVE-2025-7990,0.000680000,0.212270000,0.6902777777777778,2026-06-04,2026-06-04,CVE-2025-7990,7.8,2025-09-22T20:42:18.870
CVE-2025-7989,0.000680000,0.212270000,0.6902777777777778,2026-06-04,2026-06-04,CVE-2025-7989,7.8,2025-09-22T20:42:28.860
CVE-2025-7988,0.000680000,0.212270000,0.6902777777777778,2026-06-04,2026-06-04,CVE-2025-7988,7.8,2025-09-22T20:51:49.130
CVE-2025-7987,0.000680000,0.212270000,0.6902777777777778,2026-06-04,2026-06-04,CVE-2025-7987,7.8,2025-09-22T20:51:35.990
CVE-2025-7986,0.000680000,0.212270000,0.6902777777777778,2026-06-04,2026-06-04,CVE-2025-7986,7.8,2025-09-22T20:51:27.197
CVE-2025-7985,0.000680000,0.212270000,0.6902777777777778,2026-06-04,2026-06-04,CVE-2025-7985,7.8,2025-09-22T20:47:31.333
CVE-2025-7984,0.000680000,0.212270000,0.6902777777777778,2026-06-04,2026-06-04,CVE-2025-7984,7.8,2025-09-22T20:47:25.950
CVE-2025-7983,0.000630000,0.196420000,0.65625,2026-06-04,2026-06-04,CVE-2025-7983,7.8,2025-09-22T20:51:17.560
CVE-2025-7982,0.000680000,0.212270000,0.6902777777777778,2026-06-04,2026-06-04,CVE-2025-7982,7.8,2025-09-22T20:47:20.933
CVE-2025-7981,0.000680000,0.212270000,0.6902777777777778,2026-06-04,2026-06-04,CVE-2025-7981,7.8,2025-09-22T20:51:09.477
CVE-2025-7980,0.000680000,0.212270000,0.6902777777777778,2026-06-04,2026-06-04,CVE-2025-7980,7.8,2025-09-22T20:50:53.870
CVE-2025-7979,0.000630000,0.196420000,0.65625,2026-06-04,2026-06-04,CVE-2025-7979,7.8,2025-09-22T20:50:47.843
CVE-2025-7978,0.000680000,0.212270000,0.6902777777777778,2026-06-04,2026-06-04,CVE-2025-7978,7.8,2025-09-22T20:50:33.893
CVE-2025-7977,0.000680000,0.212270000,0.6902777777777778,2026-06-04,2026-06-04,CVE-2025-7977,7.8,2025-09-22T20:47:13.527
CVE-2025-59416,0.000750000,0.226910000,0.7236111111111111,2026-06-04,2026-06-04,CVE-2025-59416,,2026-04-15T00:35:42.020
CVE-2025-59415,0.000670000,0.208660000,0.6851851851851852,2026-06-04,2026-06-04,CVE-2025-59415,5.4,2025-10-08T17:15:10.517
CVE-2025-59414,0.000210000,0.061740000,0.16643518518518519,2026-06-04,2026-06-04,CVE-2025-59414,3.1,2025-12-03T18:47:40.983
CVE-2025-59410,0.000290000,0.087940000,0.31527777777777777,2026-06-04,2026-06-04,CVE-2025-59410,3.7,2025-09-18T16:54:11.567
CVE-2025-59354,0.000390000,0.119050000,0.43495370370370373,2026-06-04,2026-06-04,CVE-2025-59354,5.3,2025-09-18T20:08:13.900
CVE-2025-59353,0.000560000,0.178100000,0.6055555555555555,2026-06-04,2026-06-04,CVE-2025-59353,7.5,2025-09-18T20:08:55.557
CVE-2025-59352,0.018370000,0.832900000,0.9784722222222222,2026-06-04,2026-06-04,CVE-2025-59352,9.8,2025-09-18T20:09:03.333
CVE-2025-59351,0.000750000,0.227300000,0.7236111111111111,2026-06-04,2026-06-04,CVE-2025-59351,5.3,2025-09-18T20:09:21.403
CVE-2025-59350,0.001500000,0.351900000,0.8631944444444445,2026-06-04,2026-06-04,CVE-2025-59350,5.3,2025-09-18T20:15:45.780
CVE-2025-59349,0.000310000,0.094590000,0.34375,2026-06-04,2026-06-04,CVE-2025-59349,3.3,2025-09-18T20:17:51.190
CVE-2025-59348,0.000910000,0.256620000,0.780787037037037,2026-06-04,2026-06-04,CVE-2025-59348,7.5,2025-09-18T20:18:46.437
CVE-2025-59347,0.000400000,0.123160000,0.4465277777777778,2026-06-04,2026-06-04,CVE-2025-59347,6.5,2025-09-18T20:19:08.377
CVE-2025-59346,0.000800000,0.236420000,0.7423611111111111,2026-06-04,2026-06-04,CVE-2025-59346,5.3,2025-09-18T20:20:38.387
CVE-2025-59345,0.000640000,0.199830000,0.6622685185185185,2026-06-04,2026-06-04,CVE-2025-59345,9.1,2025-10-13T16:15:33.740
CVE-2025-59342,0.064480000,0.912300000,0.9939814814814815,2026-06-04,2026-06-04,CVE-2025-59342,,2026-04-15T00:35:42.020
CVE-2025-59341,0.009010000,0.760560000,0.9662037037037037,2026-06-04,2026-06-04,CVE-2025-59341,,2026-04-15T00:35:42.020
CVE-2025-59340,0.012670000,0.798010000,0.9724537037037037,2026-06-04,2026-06-04,CVE-2025-59340,10.0,2025-09-26T13:11:40.227
CVE-2025-59339,0.000150000,0.030160000,0.050694444444444445,2026-06-04,2026-06-04,CVE-2025-59339,4.4,2026-04-15T00:35:42.020
CVE-2025-59304,0.045540000,0.893770000,0.9902777777777778,2026-06-04,2026-06-04,CVE-2025-59304,9.8,2025-10-08T18:28:20.703
CVE-2025-58767,0.000840000,0.245060000,0.7599537037037037,2026-06-04,2026-06-04,CVE-2025-58767,5.3,2025-09-30T13:07:07.207
CVE-2025-58766,0.000780000,0.233380000,0.7381944444444445,2026-06-04,2026-06-04,CVE-2025-58766,9.0,2026-04-15T00:35:42.020
CVE-2025-58432,0.000560000,0.177360000,0.6055555555555555,2026-06-04,2026-06-04,CVE-2025-58432,7.8,2025-09-22T14:24:42.423
CVE-2025-58431,0.000380000,0.117700000,0.42430555555555555,2026-06-04,2026-06-04,CVE-2025-58431,6.2,2025-09-22T14:21:36.897
CVE-2025-56648,0.000130000,0.020820000,0.0349537037037037,2026-06-04,2026-06-04,CVE-2025-56648,6.5,2026-01-26T17:16:11.320
CVE-2025-5305,0.000510000,0.164030000,0.5708333333333333,2026-06-04,2026-06-04,CVE-2025-5305,9.8,2026-04-15T00:35:42.020
CVE-2025-37122,0.000470000,0.150160000,0.5252314814814815,2026-06-04,2026-06-04,CVE-2025-37122,6.1,2026-04-15T00:35:42.020
CVE-2025-35436,0.000710000,0.217140000,0.7085648148148148,2026-06-04,2026-06-04,CVE-2025-35436,7.5,2025-12-19T12:34:10.813
CVE-2025-35435,0.001830000,0.398010000,0.8833333333333333,2026-06-04,2026-06-04,CVE-2025-35435,4.3,2025-09-26T14:39:46.340
CVE-2025-35434,0.000900000,0.254930000,0.7791666666666667,2026-06-04,2026-06-04,CVE-2025-35434,9.8,2025-09-23T15:44:11.473
CVE-2025-35433,0.000830000,0.243380000,0.75625,2026-06-04,2026-06-04,CVE-2025-35433,8.8,2025-09-23T15:43:59.143
CVE-2025-35432,0.002560000,0.492220000,0.9108796296296297,2026-06-04,2026-06-04,CVE-2025-35432,7.5,2025-09-23T15:44:35.963
CVE-2025-35431,0.000820000,0.241650000,0.7532407407407408,2026-06-04,2026-06-04,CVE-2025-35431,5.4,2025-09-26T14:36:09.630
CVE-2025-35430,0.000760000,0.228230000,0.7326388888888888,2026-06-04,2026-06-04,CVE-2025-35430,6.5,2025-10-08T19:01:53.113
CVE-2025-23337,0.000310000,0.092450000,0.34375,2026-06-04,2026-06-04,CVE-2025-23337,6.7,2026-04-15T00:35:42.020
CVE-2025-23336,0.000750000,0.226970000,0.7236111111111111,2026-06-04,2026-06-04,CVE-2025-23336,7.5,2025-09-25T20:18:06.233
CVE-2025-23329,0.001210000,0.306680000,0.8263888888888888,2026-06-04,2026-06-04,CVE-2025-23329,7.5,2025-09-25T20:18:47.033
CVE-2025-23328,0.001300000,0.320350000,0.8395833333333333,2026-06-04,2026-06-04,CVE-2025-23328,7.5,2025-09-25T20:20:12.717
CVE-2025-23316,0.006350000,0.707980000,0.955787037037037,2026-06-04,2026-06-04,CVE-2025-23316,9.8,2025-09-25T20:20:35.247
CVE-2025-23268,0.002210000,0.446990000,0.9030092592592592,2026-06-04,2026-06-04,CVE-2025-23268,9.8,2025-10-08T17:13:54.433
CVE-2025-10644,0.015580000,0.817980000,0.9763888888888889,2026-06-04,2026-06-04,CVE-2025-10644,9.4,2025-09-19T12:58:57.850
CVE-2025-10643,0.001820000,0.397100000,0.8826388888888889,2026-06-04,2026-06-04,CVE-2025-10643,9.1,2025-09-19T12:59:05.550
CVE-2025-10642,0.000420000,0.132260000,0.46944444444444444,2026-06-04,2026-06-04,CVE-2025-10642,3.5,2026-04-15T00:35:42.020
CVE-2025-10634,0.002380000,0.470370000,0.9074074074074074,2026-06-04,2026-06-04,CVE-2025-10634,8.8,2026-04-29T01:00:01.613
CVE-2025-10632,0.000460000,0.145560000,0.5120370370370371,2026-06-04,2026-06-04,CVE-2025-10632,5.4,2026-04-29T01:00:01.613
CVE-2025-10631,0.000460000,0.145560000,0.5120370370370371,2026-06-04,2026-06-04,CVE-2025-10631,5.4,2026-04-29T01:00:01.613
CVE-2025-10629,0.003140000,0.547860000,0.9233796296296296,2026-06-04,2026-06-04,CVE-2025-10629,8.8,2026-04-29T01:00:01.613
CVE-2025-10628,0.006940000,0.722800000,0.9585648148148148,2026-06-04,2026-06-04,CVE-2025-10628,8.8,2026-04-29T01:00:01.613
CVE-2025-10627,0.000580000,0.183040000,0.6189814814814815,2026-06-04,2026-06-04,CVE-2025-10627,8.8,2026-04-29T01:00:01.613
CVE-2025-10626,0.000580000,0.183040000,0.6189814814814815,2026-06-04,2026-06-04,CVE-2025-10626,8.8,2026-04-29T01:00:01.613
CVE-2025-10625,0.000580000,0.183040000,0.6189814814814815,2026-06-04,2026-06-04,CVE-2025-10625,8.8,2026-04-29T01:00:01.613
CVE-2025-10624,0.000600000,0.188480000,0.6351851851851852,2026-06-04,2026-06-04,CVE-2025-10624,9.8,2026-04-29T01:00:01.613
CVE-2025-10623,0.000600000,0.188480000,0.6351851851851852,2026-06-04,2026-06-04,CVE-2025-10623,9.8,2026-04-29T01:00:01.613
CVE-2025-10621,0.000600000,0.188480000,0.6351851851851852,2026-06-04,2026-06-04,CVE-2025-10621,9.8,2026-04-29T01:00:01.613
CVE-2025-10620,0.000580000,0.183040000,0.6189814814814815,2026-06-04,2026-06-04,CVE-2025-10620,8.8,2026-04-29T01:00:01.613
CVE-2025-10619,0.003420000,0.571290000,0.9287037037037037,2026-06-04,2026-06-04,CVE-2025-10619,6.3,2026-04-29T01:00:01.613
CVE-2025-10618,0.000580000,0.183040000,0.6189814814814815,2026-06-04,2026-06-04,CVE-2025-10618,8.8,2026-04-29T01:00:01.613
CVE-2025-10617,0.000780000,0.232200000,0.7381944444444445,2026-06-04,2026-06-04,CVE-2025-10617,8.8,2026-04-29T01:00:01.613
CVE-2025-10616,0.000960000,0.264770000,0.7921296296296296,2026-06-04,2026-06-04,CVE-2025-10616,8.8,2026-04-29T01:00:01.613
CVE-2025-10615,0.000960000,0.264770000,0.7921296296296296,2026-06-04,2026-06-04,CVE-2025-10615,8.8,2026-04-29T01:00:01.613
CVE-2025-10614,0.000600000,0.188940000,0.6351851851851852,2026-06-04,2026-06-04,CVE-2025-10614,6.1,2026-04-29T01:00:01.613
CVE-2025-10613,0.000580000,0.183040000,0.6189814814814815,2026-06-04,2026-06-04,CVE-2025-10613,8.8,2026-04-29T01:00:01.613
CVE-2025-10608,0.000900000,0.254610000,0.7791666666666667,2026-06-04,2026-06-04,CVE-2025-10608,8.8,2026-04-29T01:00:01.613
CVE-2025-10607,0.000530000,0.168120000,0.5833333333333334,2026-06-04,2026-06-04,CVE-2025-10607,6.5,2026-04-29T01:00:01.613
CVE-2025-10606,0.000700000,0.217000000,0.7043981481481482,2026-06-04,2026-06-04,CVE-2025-10606,6.1,2026-04-29T01:00:01.613
CVE-2025-10605,0.000700000,0.217000000,0.7043981481481482,2026-06-04,2026-06-04,CVE-2025-10605,6.1,2026-04-29T01:00:01.613
CVE-2025-10604,0.000620000,0.194850000,0.6523148148148148,2026-06-04,2026-06-04,CVE-2025-10604,9.8,2026-04-29T01:00:01.613
CVE-2025-10603,0.000620000,0.194850000,0.6523148148148148,2026-06-04,2026-06-04,CVE-2025-10603,9.8,2026-04-29T01:00:01.613
CVE-2023-49565,0.002010000,0.420920000,0.8921296296296296,2026-06-04,2026-06-04,CVE-2023-49565,8.4,2026-04-15T00:35:42.020
CVE-2023-49564,0.001590000,0.364450000,0.8701388888888889,2026-06-04,2026-06-04,CVE-2023-49564,8.8,2026-04-15T00:35:42.020
CVE-2025-9992,0.000480000,0.152500000,0.5486111111111112,2026-06-04,2026-06-04,CVE-2025-9992,6.4,2026-04-15T00:35:42.020
CVE-2025-9083,0.005210000,0.672130000,0.9486111111111111,2026-06-04,2026-06-04,CVE-2025-9083,9.8,2025-12-23T18:59:02.377
CVE-2025-8565,0.000860000,0.247500000,0.7645833333333333,2026-06-04,2026-06-04,CVE-2025-8565,8.1,2026-04-15T00:35:42.020
CVE-2025-6237,0.001120000,0.293920000,0.8168981481481481,2026-06-04,2026-06-04,CVE-2025-6237,9.8,2026-04-15T00:35:42.020
CVE-2025-4444,0.000880000,0.250590000,0.7731481481481481,2026-06-04,2026-06-04,CVE-2025-4444,3.7,2026-04-15T00:35:42.020
CVE-2025-40678,0.000870000,0.249710000,0.767824074074074,2026-06-04,2026-06-04,CVE-2025-40678,,2026-04-15T00:35:42.020
CVE-2025-40677,0.002220000,0.448070000,0.9037037037037037,2026-06-04,2026-06-04,CVE-2025-40677,,2026-04-15T00:35:42.020
CVE-2025-30187,0.000120000,0.017390000,0.03009259259259259,2026-06-04,2026-06-04,CVE-2025-30187,3.7,2026-04-15T00:35:42.020
CVE-2025-10673,0.000600000,0.188480000,0.6351851851851852,2026-06-04,2026-06-04,CVE-2025-10673,9.8,2026-04-29T01:00:01.613
CVE-2025-10672,0.000250000,0.073370000,0.24976851851851853,2026-06-04,2026-06-04,CVE-2025-10672,7.8,2026-04-29T01:00:01.613
CVE-2025-10671,0.000540000,0.171940000,0.5907407407407408,2026-06-04,2026-06-04,CVE-2025-10671,3.7,2026-04-29T01:00:01.613
CVE-2025-10670,0.000600000,0.188480000,0.6351851851851852,2026-06-04,2026-06-04,CVE-2025-10670,9.8,2026-04-29T01:00:01.613
CVE-2025-10669,0.000550000,0.175250000,0.5965277777777778,2026-06-04,2026-06-04,CVE-2025-10669,6.3,2026-04-29T01:00:01.613
CVE-2025-10668,0.000600000,0.188480000,0.6351851851851852,2026-06-04,2026-06-04,CVE-2025-10668,9.8,2026-04-29T01:00:01.613
CVE-2025-10667,0.000600000,0.188480000,0.6351851851851852,2026-06-04,2026-06-04,CVE-2025-10667,9.8,2026-04-29T01:00:01.613
CVE-2025-10666,0.076150000,0.920060000,0.9946759259259259,2026-06-04,2026-06-04,CVE-2025-10666,9.8,2026-02-03T22:16:27.113
CVE-2025-10665,0.000630000,0.198720000,0.65625,2026-06-04,2026-06-04,CVE-2025-10665,9.8,2026-04-29T01:00:01.613
CVE-2025-10664,0.000600000,0.188480000,0.6351851851851852,2026-06-04,2026-06-04,CVE-2025-10664,9.8,2026-04-29T01:00:01.613
CVE-2025-10663,0.000620000,0.194850000,0.6523148148148148,2026-06-04,2026-06-04,CVE-2025-10663,9.8,2026-04-29T01:00:01.613
CVE-2025-10662,0.000600000,0.189090000,0.6351851851851852,2026-06-04,2026-06-04,CVE-2025-10662,9.8,2026-04-29T01:00:01.613
CVE-2025-10493,0.040010000,0.886380000,0.9895833333333334,2026-06-04,2026-06-04,CVE-2025-10493,5.3,2026-04-15T00:35:42.020
CVE-2025-10207,0.001140000,0.295680000,0.819675925925926,2026-06-04,2026-06-04,CVE-2025-10207,7.2,2026-04-15T00:35:42.020
CVE-2025-0547,0.000640000,0.201090000,0.6622685185185185,2026-06-04,2026-06-04,CVE-2025-0547,4.7,2026-04-15T00:35:42.020
CVE-2024-48851,0.006840000,0.720530000,0.9583333333333334,2026-06-04,2026-06-04,CVE-2024-48851,7.2,2026-04-15T00:35:42.020
CVE-2024-25011,0.000460000,0.145160000,0.5120370370370371,2026-06-04,2026-06-04,CVE-2024-25011,5.3,2026-04-15T00:35:42.020
CVE-2024-13151,0.000640000,0.200570000,0.6622685185185185,2026-06-04,2026-06-04,CVE-2024-13151,9.8,2026-06-01T13:16:27.857
CVE-2023-53418,0.000170000,0.044670000,0.07430555555555556,2026-06-04,2026-06-04,CVE-2023-53418,5.5,2026-01-14T20:16:00.320
CVE-2023-53417,0.000170000,0.044670000,0.07430555555555556,2026-06-04,2026-06-04,CVE-2023-53417,5.5,2026-01-14T20:16:00.133
CVE-2023-53416,0.000210000,0.060210000,0.16643518518518519,2026-06-04,2026-06-04,CVE-2023-53416,5.5,2026-01-14T20:15:59.880
CVE-2023-53415,0.000210000,0.060210000,0.16643518518518519,2026-06-04,2026-06-04,CVE-2023-53415,5.5,2026-01-14T20:15:59.717
CVE-2023-53414,0.000210000,0.060210000,0.16643518518518519,2026-06-04,2026-06-04,CVE-2023-53414,5.5,2026-01-14T20:15:59.543
CVE-2023-53413,0.000210000,0.060210000,0.16643518518518519,2026-06-04,2026-06-04,CVE-2023-53413,5.5,2026-01-14T20:15:59.387
CVE-2023-53412,0.000170000,0.044670000,0.07430555555555556,2026-06-04,2026-06-04,CVE-2023-53412,5.5,2026-01-14T20:15:59.223
CVE-2023-53411,0.000250000,0.074870000,0.24976851851851853,2026-06-04,2026-06-04,CVE-2023-53411,5.5,2026-01-14T20:15:59.067
CVE-2023-53410,0.000170000,0.043440000,0.07430555555555556,2026-06-04,2026-06-04,CVE-2023-53410,5.5,2026-01-14T20:15:58.910
CVE-2023-53409,0.000210000,0.060210000,0.16643518518518519,2026-06-04,2026-06-04,CVE-2023-53409,5.5,2026-01-14T20:15:58.760
CVE-2023-53408,0.000210000,0.060210000,0.16643518518518519,2026-06-04,2026-06-04,CVE-2023-53408,5.5,2026-01-14T20:15:58.600
CVE-2023-53407,0.000170000,0.044670000,0.07430555555555556,2026-06-04,2026-06-04,CVE-2023-53407,5.5,2026-01-14T20:15:58.440
CVE-2023-53406,0.000210000,0.060210000,0.16643518518518519,2026-06-04,2026-06-04,CVE-2023-53406,5.5,2026-01-14T19:16:40.760
CVE-2023-53405,0.000210000,0.060210000,0.16643518518518519,2026-06-04,2026-06-04,CVE-2023-53405,5.5,2026-01-14T19:16:40.580
CVE-2023-53404,0.000210000,0.060210000,0.16643518518518519,2026-06-04,2026-06-04,CVE-2023-53404,5.5,2026-01-14T19:16:40.420
CVE-2023-53403,0.000210000,0.060210000,0.16643518518518519,2026-06-04,2026-06-04,CVE-2023-53403,5.5,2026-01-14T19:16:40.257
CVE-2023-53402,0.000210000,0.060210000,0.16643518518518519,2026-06-04,2026-06-04,CVE-2023-53402,5.5,2026-01-14T19:16:40.097
CVE-2023-53401,0.000170000,0.040970000,0.07430555555555556,2026-06-04,2026-06-04,CVE-2023-53401,4.7,2026-01-14T19:16:39.937
CVE-2023-53400,0.000170000,0.044030000,0.07430555555555556,2026-06-04,2026-06-04,CVE-2023-53400,5.5,2026-01-14T19:16:39.773
CVE-2023-53399,0.000210000,0.060820000,0.16643518518518519,2026-06-04,2026-06-04,CVE-2023-53399,5.5,2026-01-14T19:16:39.613
CVE-2023-53398,0.000170000,0.045790000,0.07430555555555556,2026-06-04,2026-06-04,CVE-2023-53398,7.8,2026-01-14T19:16:39.457
CVE-2023-53397,0.000210000,0.061420000,0.16643518518518519,2026-06-04,2026-06-04,CVE-2023-53397,5.5,2026-01-14T19:16:39.283
CVE-2023-53396,0.000210000,0.060820000,0.16643518518518519,2026-06-04,2026-06-04,CVE-2023-53396,5.5,2026-01-14T19:16:39.100
CVE-2023-53395,0.000170000,0.045250000,0.07430555555555556,2026-06-04,2026-06-04,CVE-2023-53395,7.8,2026-01-14T19:16:38.753
CVE-2023-53394,0.000250000,0.073340000,0.24976851851851853,2026-06-04,2026-06-04,CVE-2023-53394,5.5,2026-01-14T19:16:38.380
CVE-2023-53393,0.000220000,0.063380000,0.20671296296296296,2026-06-04,2026-06-04,CVE-2023-53393,5.5,2026-01-14T19:16:38.207
CVE-2023-53392,0.000170000,0.045790000,0.07430555555555556,2026-06-04,2026-06-04,CVE-2023-53392,7.1,2026-03-17T16:36:34.700
CVE-2023-53391,0.000210000,0.060820000,0.16643518518518519,2026-06-04,2026-06-04,CVE-2023-53391,5.5,2026-01-14T19:16:38.023
CVE-2023-53390,0.000210000,0.060210000,0.16643518518518519,2026-06-04,2026-06-04,CVE-2023-53390,5.5,2026-01-14T19:16:37.627
CVE-2023-53389,0.000220000,0.063380000,0.20671296296296296,2026-06-04,2026-06-04,CVE-2023-53389,5.5,2026-01-14T19:16:37.433
CVE-2023-53388,0.000220000,0.062570000,0.20671296296296296,2026-06-04,2026-06-04,CVE-2023-53388,7.8,2026-01-14T19:16:37.260
CVE-2023-53387,0.000140000,0.028280000,0.04351851851851852,2026-06-04,2026-06-04,CVE-2023-53387,5.5,2026-01-14T19:16:37.110
CVE-2023-53386,0.000220000,0.062570000,0.20671296296296296,2026-06-04,2026-06-04,CVE-2023-53386,7.8,2026-01-14T19:16:36.947
CVE-2023-53385,0.000170000,0.040970000,0.07430555555555556,2026-06-04,2026-06-04,CVE-2023-53385,5.5,2026-01-14T19:16:36.790
CVE-2023-53384,0.000200000,0.057680000,0.1476851851851852,2026-06-04,2026-06-04,CVE-2023-53384,5.5,2026-01-14T19:16:36.623
CVE-2023-53383,0.000140000,0.028280000,0.04351851851851852,2026-06-04,2026-06-04,CVE-2023-53383,5.5,2026-01-14T19:16:36.470
CVE-2023-53382,0.000170000,0.040970000,0.07430555555555556,2026-06-04,2026-06-04,CVE-2023-53382,5.5,2026-01-14T19:16:36.307
CVE-2023-53381,0.000210000,0.060820000,0.16643518518518519,2026-06-04,2026-06-04,CVE-2023-53381,5.5,2026-01-14T19:16:36.143
CVE-2023-53380,0.000210000,0.061420000,0.16643518518518519,2026-06-04,2026-06-04,CVE-2023-53380,5.5,2026-01-14T19:16:35.980
CVE-2023-53379,0.000210000,0.061420000,0.16643518518518519,2026-06-04,2026-06-04,CVE-2023-53379,5.5,2026-01-14T19:16:35.810
CVE-2023-53378,0.000170000,0.040970000,0.07430555555555556,2026-06-04,2026-06-04,CVE-2023-53378,5.5,2026-01-14T19:16:35.660
CVE-2023-53377,0.000220000,0.065620000,0.20671296296296296,2026-06-04,2026-06-04,CVE-2023-53377,7.8,2026-01-14T19:16:35.487
CVE-2023-53376,0.000110000,0.015090000,0.025,2026-06-04,2026-06-04,CVE-2023-53376,7.1,2026-01-14T19:16:35.330
CVE-2023-53375,0.000210000,0.061420000,0.16643518518518519,2026-06-04,2026-06-04,CVE-2023-53375,5.5,2026-01-14T19:16:35.153
CVE-2023-53374,0.000170000,0.045790000,0.07430555555555556,2026-06-04,2026-06-04,CVE-2023-53374,7.8,2026-01-14T19:16:35.000
CVE-2023-53373,0.000220000,0.062570000,0.20671296296296296,2026-06-04,2026-06-04,CVE-2023-53373,7.8,2026-01-14T19:16:34.837
CVE-2023-53372,0.000220000,0.062570000,0.20671296296296296,2026-06-04,2026-06-04,CVE-2023-53372,7.8,2026-01-14T19:16:34.673
CVE-2023-53371,0.000170000,0.040970000,0.07430555555555556,2026-06-04,2026-06-04,CVE-2023-53371,5.5,2026-01-14T19:16:34.517
CVE-2023-53370,0.000170000,0.040970000,0.07430555555555556,2026-06-04,2026-06-04,CVE-2023-53370,5.5,2026-01-14T19:16:34.350
CVE-2023-53369,0.000210000,0.061420000,0.16643518518518519,2026-06-04,2026-06-04,CVE-2023-53369,5.5,2026-01-14T19:16:34.187
CVE-2022-50400,0.000370000,0.113930000,0.41898148148148145,2026-06-04,2026-06-04,CVE-2022-50400,5.5,2026-01-14T19:16:15.613
CVE-2022-50399,0.000220000,0.063380000,0.20671296296296296,2026-06-04,2026-06-04,CVE-2022-50399,5.5,2026-01-14T19:16:15.450
CVE-2022-50398,0.000250000,0.073340000,0.24976851851851853,2026-06-04,2026-06-04,CVE-2022-50398,5.5,2026-01-14T19:16:15.290
CVE-2022-50396,0.000190000,0.051550000,0.13171296296296298,2026-06-04,2026-06-04,CVE-2022-50396,5.5,2026-01-14T19:16:15.120
CVE-2022-50395,0.000210000,0.061420000,0.16643518518518519,2026-06-04,2026-06-04,CVE-2022-50395,5.5,2026-01-14T19:16:14.957
CVE-2022-50394,0.000200000,0.058770000,0.1476851851851852,2026-06-04,2026-06-04,CVE-2022-50394,7.1,2026-01-14T19:16:14.790
CVE-2022-50393,0.000170000,0.040970000,0.07430555555555556,2026-06-04,2026-06-04,CVE-2022-50393,5.5,2026-01-14T19:16:14.633
CVE-2022-50392,0.000220000,0.063380000,0.20671296296296296,2026-06-04,2026-06-04,CVE-2022-50392,5.5,2026-01-14T19:16:14.373
CVE-2022-50391,0.000170000,0.040970000,0.07430555555555556,2026-06-04,2026-06-04,CVE-2022-50391,5.5,2026-01-14T19:16:14.180
CVE-2022-50390,0.000240000,0.068640000,0.2363425925925926,2026-06-04,2026-06-04,CVE-2022-50390,5.5,2026-03-17T16:35:18.550
CVE-2022-50389,0.000210000,0.061420000,0.16643518518518519,2026-06-04,2026-06-04,CVE-2022-50389,5.5,2026-01-14T19:16:13.670
CVE-2022-50388,0.000210000,0.060820000,0.16643518518518519,2026-06-04,2026-06-04,CVE-2022-50388,5.5,2026-01-14T19:16:13.500
CVE-2022-50387,0.000220000,0.063380000,0.20671296296296296,2026-06-04,2026-06-04,CVE-2022-50387,5.5,2026-01-14T19:16:13.350
CVE-2022-50386,0.000600000,0.188640000,0.6351851851851852,2026-06-04,2026-06-04,CVE-2022-50386,8.0,2026-01-14T19:16:13.183
CVE-2022-50385,0.000210000,0.060820000,0.16643518518518519,2026-06-04,2026-06-04,CVE-2022-50385,5.5,2026-01-14T19:16:12.597
CVE-2022-50384,0.000200000,0.058770000,0.1476851851851852,2026-06-04,2026-06-04,CVE-2022-50384,7.8,2026-01-14T19:16:12.420
CVE-2022-50383,0.000170000,0.040970000,0.07430555555555556,2026-06-04,2026-06-04,CVE-2022-50383,5.5,2026-01-14T19:16:12.260
CVE-2022-50382,0.000160000,0.039810000,0.05555555555555555,2026-06-04,2026-06-04,CVE-2022-50382,5.5,2026-01-14T19:16:12.097
CVE-2022-50381,0.000160000,0.039000000,0.05555555555555555,2026-06-04,2026-06-04,CVE-2022-50381,5.5,2026-01-14T19:16:11.923
CVE-2022-50380,0.000210000,0.061420000,0.16643518518518519,2026-06-04,2026-06-04,CVE-2022-50380,5.5,2026-01-14T19:16:11.760
CVE-2022-50379,0.000130000,0.023640000,0.0349537037037037,2026-06-04,2026-06-04,CVE-2022-50379,4.7,2026-01-14T19:16:11.593
CVE-2022-50378,0.000220000,0.065620000,0.20671296296296296,2026-06-04,2026-06-04,CVE-2022-50378,7.8,2026-01-14T19:16:11.400
CVE-2022-50376,0.000210000,0.061420000,0.16643518518518519,2026-06-04,2026-06-04,CVE-2022-50376,5.5,2026-01-14T19:16:11.180
CVE-2022-50375,0.000210000,0.061420000,0.16643518518518519,2026-06-04,2026-06-04,CVE-2022-50375,5.5,2026-01-14T19:16:10.967
CVE-2025-8487,0.000530000,0.170070000,0.5833333333333334,2026-06-04,2026-06-04,CVE-2025-8487,5.4,2026-04-15T00:35:42.020
CVE-2025-7937,0.000850000,0.246460000,0.7627314814814815,2026-06-04,2026-06-04,CVE-2025-7937,7.2,2026-04-15T00:35:42.020
CVE-2025-6198,0.000850000,0.246460000,0.7627314814814815,2026-06-04,2026-06-04,CVE-2025-6198,7.2,2026-04-15T00:35:42.020
CVE-2025-59717,0.000590000,0.186640000,0.6287037037037037,2026-06-04,2026-06-04,CVE-2025-59717,9.8,2025-10-08T16:23:30.987
CVE-2025-59715,0.000250000,0.074690000,0.24976851851851853,2026-06-04,2026-06-04,CVE-2025-59715,5.4,2025-09-23T16:55:58.423
CVE-2025-59714,0.000430000,0.136260000,0.48541666666666666,2026-06-04,2026-06-04,CVE-2025-59714,4.9,2025-10-08T16:24:24.873
CVE-2025-59713,0.000290000,0.086100000,0.31527777777777777,2026-06-04,2026-06-04,CVE-2025-59713,8.1,2025-09-23T16:57:34.403
CVE-2025-59712,0.000080000,0.008050000,0.005324074074074074,2026-06-04,2026-06-04,CVE-2025-59712,5.4,2025-09-23T16:57:45.443
CVE-2025-59692,0.000470000,0.148540000,0.5252314814814815,2026-06-04,2026-06-04,CVE-2025-59692,3.7,2026-04-15T00:35:42.020
CVE-2025-59691,0.000450000,0.140860000,0.5057870370370371,2026-06-04,2026-06-04,CVE-2025-59691,3.7,2026-04-15T00:35:42.020
CVE-2025-5955,0.001950000,0.412750000,0.8886574074074074,2026-06-04,2026-06-04,CVE-2025-5955,8.1,2026-04-15T00:35:42.020
CVE-2025-59424,0.000740000,0.224480000,0.7185185185185186,2026-06-04,2026-06-04,CVE-2025-59424,7.3,2025-10-06T15:03:32.200
CVE-2025-59421,0.000880000,0.251020000,0.7731481481481481,2026-06-04,2026-06-04,CVE-2025-59421,,2026-04-15T00:35:42.020
CVE-2025-59417,0.002210000,0.447450000,0.9030092592592592,2026-06-04,2026-06-04,CVE-2025-59417,6.1,2025-09-25T15:32:15.280
CVE-2025-59220,0.000320000,0.096830000,0.3541666666666667,2026-06-04,2026-06-04,CVE-2025-59220,7.0,2025-09-25T15:53:26.307
CVE-2025-59216,0.000320000,0.096830000,0.3541666666666667,2026-06-04,2026-06-04,CVE-2025-59216,7.0,2025-09-25T15:53:03.740
CVE-2025-59215,0.000410000,0.128070000,0.46111111111111114,2026-06-04,2026-06-04,CVE-2025-59215,7.0,2025-09-25T15:52:47.320
CVE-2025-59040,0.000540000,0.171490000,0.5907407407407408,2026-06-04,2026-06-04,CVE-2025-59040,4.3,2026-04-15T00:35:42.020
CVE-2025-57452,0.000360000,0.109380000,0.41064814814814815,2026-06-04,2026-06-04,CVE-2025-57452,6.1,2025-10-08T17:04:29.033
CVE-2025-57295,0.001300000,0.320200000,0.8395833333333333,2026-06-04,2026-06-04,CVE-2025-57295,8.0,2025-10-03T17:23:12.650
CVE-2025-57293,0.003130000,0.547420000,0.9231481481481482,2026-06-04,2026-06-04,CVE-2025-57293,8.8,2025-10-03T17:24:46.327
CVE-2025-55912,0.063600000,0.911590000,0.993287037037037,2026-06-04,2026-06-04,CVE-2025-55912,7.3,2025-10-31T17:14:53.060
CVE-2025-55911,0.038700000,0.884390000,0.9884259259259259,2026-06-04,2026-06-04,CVE-2025-55911,6.5,2025-10-31T17:13:54.607
CVE-2025-55068,0.000810000,0.238620000,0.7467592592592592,2026-06-04,2026-06-04,CVE-2025-55068,8.2,2026-04-15T00:35:42.020
CVE-2025-54860,0.000190000,0.053840000,0.13171296296296298,2026-06-04,2026-06-04,CVE-2025-54860,7.7,2026-04-15T00:35:42.020
CVE-2025-54818,0.000160000,0.037270000,0.05555555555555555,2026-06-04,2026-06-04,CVE-2025-54818,8.0,2026-04-15T00:35:42.020
CVE-2025-54810,0.000280000,0.084060000,0.3087962962962963,2026-06-04,2026-06-04,CVE-2025-54810,8.0,2026-04-15T00:35:42.020
CVE-2025-54807,0.000940000,0.261770000,0.7888888888888889,2026-06-04,2026-06-04,CVE-2025-54807,9.8,2026-04-15T00:35:42.020
CVE-2025-54754,0.000220000,0.065230000,0.20671296296296296,2026-06-04,2026-06-04,CVE-2025-54754,8.0,2026-04-15T00:35:42.020
CVE-2025-54497,0.000600000,0.190230000,0.6351851851851852,2026-06-04,2026-06-04,CVE-2025-54497,8.1,2026-04-15T00:35:42.020
CVE-2025-53969,0.000940000,0.261000000,0.7888888888888889,2026-06-04,2026-06-04,CVE-2025-53969,8.8,2026-04-15T00:35:42.020
CVE-2025-53947,0.000210000,0.061790000,0.16643518518518519,2026-06-04,2026-06-04,CVE-2025-53947,7.7,2026-04-15T00:35:42.020
CVE-2025-52873,0.000600000,0.190230000,0.6351851851851852,2026-06-04,2026-06-04,CVE-2025-52873,8.1,2026-04-15T00:35:42.020
CVE-2025-50255,0.000100000,0.011710000,0.021527777777777778,2026-06-04,2026-06-04,CVE-2025-50255,7.8,2026-04-15T00:35:42.020
CVE-2025-47906,0.000440000,0.140000000,0.4949074074074074,2026-06-04,2026-06-04,CVE-2025-47906,6.5,2026-01-27T19:56:17.707
CVE-2025-47698,0.000150000,0.033920000,0.050694444444444445,2026-06-04,2026-06-04,CVE-2025-47698,,2026-04-15T00:35:42.020
CVE-2025-36146,0.000500000,0.159700000,0.5659722222222222,2026-06-04,2026-06-04,CVE-2025-36146,4.3,2025-09-25T15:52:20.303
CVE-2025-36143,0.000410000,0.126740000,0.46111111111111114,2026-06-04,2026-06-04,CVE-2025-36143,7.2,2025-09-25T15:50:10.570
CVE-2025-36139,0.000300000,0.090340000,0.32546296296296295,2026-06-04,2026-06-04,CVE-2025-36139,4.8,2025-09-25T16:16:36.910
CVE-2025-30755,0.000450000,0.141040000,0.5057870370370371,2026-06-04,2026-06-04,CVE-2025-30755,6.1,2025-09-22T14:25:46.860
CVE-2025-30519,0.000860000,0.247870000,0.7645833333333333,2026-06-04,2026-06-04,CVE-2025-30519,9.8,2026-04-15T00:35:42.020
CVE-2025-26503,0.000320000,0.098220000,0.3541666666666667,2026-06-04,2026-06-04,CVE-2025-26503,6.7,2026-04-15T00:35:42.020
CVE-2025-10690,0.006680000,0.716770000,0.9578703703703704,2026-06-04,2026-06-04,CVE-2025-10690,9.8,2026-04-15T00:35:42.020
CVE-2025-10689,0.003430000,0.571690000,0.9289351851851851,2026-06-04,2026-06-04,CVE-2025-10689,9.8,2026-04-29T01:00:01.613
CVE-2025-10688,0.000600000,0.188480000,0.6351851851851852,2026-06-04,2026-06-04,CVE-2025-10688,9.8,2026-04-29T01:00:01.613
CVE-2025-10687,0.000600000,0.188480000,0.6351851851851852,2026-06-04,2026-06-04,CVE-2025-10687,9.8,2026-04-29T01:00:01.613
CVE-2025-10676,0.000470000,0.149620000,0.5252314814814815,2026-06-04,2026-06-04,CVE-2025-10676,4.3,2026-04-29T01:00:01.613
CVE-2025-10675,0.000470000,0.149620000,0.5252314814814815,2026-06-04,2026-06-04,CVE-2025-10675,4.3,2026-04-29T01:00:01.613
CVE-2025-10674,0.000470000,0.149620000,0.5252314814814815,2026-06-04,2026-06-04,CVE-2025-10674,4.3,2026-04-29T01:00:01.613
CVE-2025-10650,0.000190000,0.051730000,0.13171296296296298,2026-06-04,2026-06-04,CVE-2025-10650,,2026-04-15T00:35:42.020
CVE-2025-10146,0.001180000,0.302660000,0.8240740740740741,2026-06-04,2026-06-04,CVE-2025-10146,6.1,2026-04-15T00:35:42.020
CVE-2025-10035,0.649970000,0.984900000,0.9981481481481481,2026-06-04,2026-06-04,CVE-2025-10035,9.8,2025-10-24T13:44:10.740
CVE-2023-53447,0.000150000,0.029700000,0.050694444444444445,2026-06-04,2026-06-04,CVE-2023-53447,4.7,2026-01-14T20:16:05.213
CVE-2023-53446,0.000290000,0.086230000,0.31527777777777777,2026-06-04,2026-06-04,CVE-2023-53446,7.8,2026-01-14T20:16:05.053
CVE-2023-53445,0.000210000,0.060820000,0.16643518518518519,2026-06-04,2026-06-04,CVE-2023-53445,5.5,2026-01-14T20:16:04.897
CVE-2023-53444,0.000170000,0.040970000,0.07430555555555556,2026-06-04,2026-06-04,CVE-2023-53444,5.5,2026-01-14T20:16:04.737
CVE-2023-53443,0.000170000,0.044030000,0.07430555555555556,2026-06-04,2026-06-04,CVE-2023-53443,5.5,2026-01-14T20:16:04.573
CVE-2023-53442,0.000170000,0.040970000,0.07430555555555556,2026-06-04,2026-06-04,CVE-2023-53442,5.5,2026-01-14T20:16:04.413
CVE-2023-53441,0.000220000,0.063380000,0.20671296296296296,2026-06-04,2026-06-04,CVE-2023-53441,5.5,2026-01-14T20:16:04.250
CVE-2023-53440,0.000210000,0.061420000,0.16643518518518519,2026-06-04,2026-06-04,CVE-2023-53440,5.5,2026-01-14T20:16:04.083
CVE-2023-53439,0.000170000,0.040970000,0.07430555555555556,2026-06-04,2026-06-04,CVE-2023-53439,5.5,2026-01-14T20:16:03.920
CVE-2023-53438,0.000170000,0.046250000,0.07430555555555556,2026-06-04,2026-06-04,CVE-2023-53438,5.5,2026-01-14T20:16:03.760
CVE-2023-53437,0.000170000,0.044030000,0.07430555555555556,2026-06-04,2026-06-04,CVE-2023-53437,5.5,2026-01-14T20:16:03.593
CVE-2023-53436,0.000210000,0.061420000,0.16643518518518519,2026-06-04,2026-06-04,CVE-2023-53436,5.5,2026-01-14T20:16:03.430
CVE-2023-53435,0.000210000,0.061420000,0.16643518518518519,2026-06-04,2026-06-04,CVE-2023-53435,5.5,2026-01-14T20:16:03.257
CVE-2023-53434,0.000170000,0.040970000,0.07430555555555556,2026-06-04,2026-06-04,CVE-2023-53434,5.5,2026-01-14T20:16:03.097
CVE-2023-53433,0.000210000,0.061420000,0.16643518518518519,2026-06-04,2026-06-04,CVE-2023-53433,5.5,2026-01-14T20:16:02.927
CVE-2023-53432,0.000180000,0.049760000,0.11435185185185186,2026-06-04,2026-06-04,CVE-2023-53432,7.8,2026-01-14T20:16:02.770
CVE-2023-53431,0.000250000,0.075170000,0.24976851851851853,2026-06-04,2026-06-04,CVE-2023-53431,5.5,2026-01-14T20:16:02.607
CVE-2023-53430,0.000250000,0.073340000,0.24976851851851853,2026-06-04,2026-06-04,CVE-2023-53430,5.5,2026-01-14T20:16:02.447
CVE-2023-53429,0.000210000,0.061470000,0.16643518518518519,2026-06-04,2026-06-04,CVE-2023-53429,5.5,2026-01-14T20:16:02.293
CVE-2023-53428,0.000090000,0.010510000,0.012268518518518519,2026-06-04,2026-06-04,CVE-2023-53428,5.5,2026-01-14T20:16:02.130
CVE-2023-53427,0.000220000,0.062570000,0.20671296296296296,2026-06-04,2026-06-04,CVE-2023-53427,7.8,2026-01-14T20:16:01.840
CVE-2023-53426,0.000220000,0.065620000,0.20671296296296296,2026-06-04,2026-06-04,CVE-2023-53426,7.8,2026-01-14T20:16:01.660
CVE-2023-53425,0.000170000,0.044030000,0.07430555555555556,2026-06-04,2026-06-04,CVE-2023-53425,5.5,2026-01-14T20:16:01.487
CVE-2023-53424,0.000270000,0.080690000,0.2983796296296296,2026-06-04,2026-06-04,CVE-2023-53424,5.5,2026-04-06T14:01:05.490
CVE-2023-53423,0.000210000,0.060820000,0.16643518518518519,2026-06-04,2026-06-04,CVE-2023-53423,5.5,2026-01-14T20:16:01.147
CVE-2023-53422,0.000210000,0.061420000,0.16643518518518519,2026-06-04,2026-06-04,CVE-2023-53422,5.5,2026-01-14T20:16:00.963
CVE-2023-53421,0.000330000,0.101340000,0.3875,2026-06-04,2026-06-04,CVE-2023-53421,5.5,2026-06-01T17:16:25.097
CVE-2023-53420,0.000270000,0.080310000,0.2983796296296296,2026-06-04,2026-06-04,CVE-2023-53420,7.1,2026-01-14T20:16:00.647
CVE-2023-53419,0.000310000,0.093600000,0.34375,2026-06-04,2026-06-04,CVE-2023-53419,5.5,2026-01-14T20:16:00.487
CVE-2023-49367,0.000740000,0.224490000,0.7185185185185186,2026-06-04,2026-06-04,CVE-2023-49367,8.8,2026-04-15T00:35:42.020
CVE-2022-50419,0.000160000,0.040750000,0.05555555555555555,2026-06-04,2026-06-04,CVE-2022-50419,7.8,2026-01-14T20:15:55.167
CVE-2022-50418,0.000170000,0.040970000,0.07430555555555556,2026-06-04,2026-06-04,CVE-2022-50418,5.5,2026-01-14T20:15:55.007
CVE-2022-50417,0.000210000,0.062320000,0.16643518518518519,2026-06-04,2026-06-04,CVE-2022-50417,7.8,2026-01-14T20:15:54.830
CVE-2022-50416,0.000220000,0.063380000,0.20671296296296296,2026-06-04,2026-06-04,CVE-2022-50416,5.5,2026-01-14T20:15:54.667
CVE-2022-50415,0.000160000,0.039000000,0.05555555555555555,2026-06-04,2026-06-04,CVE-2022-50415,5.5,2026-01-14T20:15:54.493
CVE-2022-50414,0.000200000,0.057680000,0.1476851851851852,2026-06-04,2026-06-04,CVE-2022-50414,5.5,2026-01-14T20:15:54.327
CVE-2022-50413,0.000260000,0.077590000,0.2759259259259259,2026-06-04,2026-06-04,CVE-2022-50413,7.8,2026-01-14T20:15:54.150
CVE-2022-50412,0.000220000,0.063620000,0.20671296296296296,2026-06-04,2026-06-04,CVE-2022-50412,7.8,2026-01-14T20:15:53.953
CVE-2022-50411,0.000160000,0.040750000,0.05555555555555555,2026-06-04,2026-06-04,CVE-2022-50411,7.8,2026-01-14T20:15:53.793
CVE-2022-50410,0.000230000,0.068240000,0.23032407407407407,2026-06-04,2026-06-04,CVE-2022-50410,7.8,2026-01-14T20:15:53.623
CVE-2022-50409,0.000170000,0.044030000,0.07430555555555556,2026-06-04,2026-06-04,CVE-2022-50409,5.5,2025-12-23T14:16:35.947
CVE-2022-50408,0.000170000,0.045250000,0.07430555555555556,2026-06-04,2026-06-04,CVE-2022-50408,7.8,2026-01-14T20:15:53.453
CVE-2022-50407,0.000090000,0.010510000,0.012268518518518519,2026-06-04,2026-06-04,CVE-2022-50407,5.5,2026-01-14T20:15:53.287
CVE-2022-50406,0.000200000,0.057740000,0.1476851851851852,2026-06-04,2026-06-04,CVE-2022-50406,7.8,2026-01-14T20:15:53.127
CVE-2022-50405,0.000200000,0.057680000,0.1476851851851852,2026-06-04,2026-06-04,CVE-2022-50405,5.5,2026-01-14T20:15:52.947
CVE-2022-50404,0.000230000,0.066700000,0.23032407407407407,2026-06-04,2026-06-04,CVE-2022-50404,5.5,2026-03-17T16:37:01.920
CVE-2022-50402,0.000210000,0.061420000,0.16643518518518519,2026-06-04,2026-06-04,CVE-2022-50402,5.5,2026-01-14T20:15:52.617
CVE-2022-50401,0.000200000,0.058770000,0.1476851851851852,2026-06-04,2026-06-04,CVE-2022-50401,7.8,2026-01-14T20:15:52.433
CVE-2025-9969,0.000310000,0.094910000,0.34375,2026-06-04,2026-06-04,CVE-2025-9969,7.1,2026-04-15T00:35:42.020
CVE-2025-9906,0.000580000,0.185320000,0.6189814814814815,2026-06-04,2026-06-04,CVE-2025-9906,7.3,2025-09-23T16:53:28.170
CVE-2025-9905,0.000060000,0.004250000,0.0020833333333333333,2026-06-04,2026-06-04,CVE-2025-9905,7.3,2025-09-23T16:53:40.050
CVE-2025-8664,0.000320000,0.098700000,0.3541666666666667,2026-06-04,2026-06-04,CVE-2025-8664,6.3,2026-04-15T00:35:42.020
CVE-2025-8532,0.000130000,0.020990000,0.0349537037037037,2026-06-04,2026-06-04,CVE-2025-8532,6.4,2026-04-15T00:35:42.020
CVE-2025-8531,0.002870000,0.523900000,0.9185185185185185,2026-06-04,2026-06-04,CVE-2025-8531,6.8,2026-04-15T00:35:42.020
CVE-2025-7702,0.000320000,0.096090000,0.3541666666666667,2026-06-04,2026-06-04,CVE-2025-7702,4.7,2026-04-15T00:35:42.020
CVE-2025-7665,0.001220000,0.307580000,0.8275462962962963,2026-06-04,2026-06-04,CVE-2025-7665,8.1,2026-04-15T00:35:42.020
CVE-2025-7403,0.000250000,0.075360000,0.24976851851851853,2026-06-04,2026-06-04,CVE-2025-7403,6.5,2025-10-29T18:05:53.470
CVE-2025-5948,0.002170000,0.443140000,0.9009259259259259,2026-06-04,2026-06-04,CVE-2025-5948,9.8,2026-04-15T00:35:42.020
CVE-2025-59427,0.000900000,0.255700000,0.7791666666666667,2026-06-04,2026-06-04,CVE-2025-59427,,2026-04-15T00:35:42.020
CVE-2025-59344,0.000490000,0.156220000,0.5592592592592592,2026-06-04,2026-06-04,CVE-2025-59344,7.7,2026-04-15T00:35:42.020
CVE-2025-58114,0.000380000,0.116250000,0.42430555555555555,2026-06-04,2026-06-04,CVE-2025-58114,4.8,2025-09-22T16:21:52.940
CVE-2025-57880,0.000270000,0.082130000,0.2983796296296296,2026-06-04,2026-06-04,CVE-2025-57880,5.4,2025-09-22T16:21:50.223
CVE-2025-57644,0.011180000,0.785630000,0.9701388888888889,2026-06-04,2026-06-04,CVE-2025-57644,9.1,2025-10-17T14:21:55.657
CVE-2025-57528,0.001000000,0.272540000,0.8013888888888889,2026-06-04,2026-06-04,CVE-2025-57528,7.7,2025-10-03T15:08:38.653
CVE-2025-57296,0.017170000,0.827230000,0.9777777777777777,2026-06-04,2026-06-04,CVE-2025-57296,6.5,2025-09-25T19:34:34.617
CVE-2025-56869,0.001000000,0.272190000,0.8013888888888889,2026-06-04,2026-06-04,CVE-2025-56869,5.3,2025-10-03T17:12:02.840
CVE-2025-55910,0.000730000,0.221690000,0.7145833333333333,2026-06-04,2026-06-04,CVE-2025-55910,6.3,2025-09-25T19:34:47.980
CVE-2025-52159,0.000810000,0.239490000,0.7467592592592592,2026-06-04,2026-06-04,CVE-2025-52159,8.8,2025-09-25T19:34:27.353
CVE-2025-48703,0.674010000,0.985850000,0.9986111111111111,2026-06-04,2026-06-04,CVE-2025-48703,9.0,2025-11-05T14:07:33.610
CVE-2025-48007,0.000360000,0.111810000,0.41064814814814815,2026-06-04,2026-06-04,CVE-2025-48007,6.4,2025-09-22T16:21:58.673
CVE-2025-46703,0.000360000,0.111810000,0.41064814814814815,2026-06-04,2026-06-04,CVE-2025-46703,6.4,2025-09-22T16:21:56.270
CVE-2025-43809,0.000070000,0.006640000,0.0032407407407407406,2026-06-04,2026-06-04,CVE-2025-43809,4.3,2025-12-16T15:06:15.563
CVE-2025-43803,0.000570000,0.181140000,0.6113425925925926,2026-06-04,2026-06-04,CVE-2025-43803,4.3,2025-12-16T16:38:56.170
CVE-2025-39866,0.000280000,0.082800000,0.3087962962962963,2026-06-04,2026-06-04,CVE-2025-39866,7.8,2026-05-12T13:17:17.430
CVE-2025-39865,0.000170000,0.045660000,0.07430555555555556,2026-06-04,2026-06-04,CVE-2025-39865,5.5,2026-05-12T13:17:17.193
CVE-2025-39864,0.000180000,0.047390000,0.11435185185185186,2026-06-04,2026-06-04,CVE-2025-39864,7.8,2026-05-12T13:17:16.883
CVE-2025-39863,0.000180000,0.047670000,0.11435185185185186,2026-06-04,2026-06-04,CVE-2025-39863,7.8,2026-03-25T11:16:12.207
CVE-2025-39862,0.000210000,0.061540000,0.16643518518518519,2026-06-04,2026-06-04,CVE-2025-39862,7.8,2026-01-14T20:16:09.367
CVE-2025-39861,0.000180000,0.050680000,0.11435185185185186,2026-06-04,2026-06-04,CVE-2025-39861,7.8,2026-01-14T20:16:09.203
CVE-2025-39860,0.000180000,0.047390000,0.11435185185185186,2026-06-04,2026-06-04,CVE-2025-39860,7.8,2026-05-12T13:17:16.660
CVE-2025-39859,0.000210000,0.061540000,0.16643518518518519,2026-06-04,2026-06-04,CVE-2025-39859,7.8,2026-01-14T20:16:09.047
CVE-2025-39858,0.000200000,0.057480000,0.1476851851851852,2026-06-04,2026-06-04,CVE-2025-39858,5.5,2026-01-14T20:16:08.887
CVE-2025-39857,0.000190000,0.053710000,0.13171296296296298,2026-06-04,2026-06-04,CVE-2025-39857,5.5,2026-05-12T13:17:16.520
CVE-2025-39856,0.000200000,0.057480000,0.1476851851851852,2026-06-04,2026-06-04,CVE-2025-39856,5.5,2026-01-14T20:16:08.730
CVE-2025-39855,0.000250000,0.075360000,0.24976851851851853,2026-06-04,2026-06-04,CVE-2025-39855,7.8,2026-01-14T20:16:08.563
CVE-2025-39854,0.000140000,0.027180000,0.04351851851851852,2026-06-04,2026-06-04,CVE-2025-39854,7.8,2026-01-14T20:16:08.403
CVE-2025-39853,0.000110000,0.015660000,0.025,2026-06-04,2026-06-04,CVE-2025-39853,7.1,2026-05-12T13:17:16.350
CVE-2025-39852,0.000130000,0.024990000,0.0349537037037037,2026-06-04,2026-06-04,CVE-2025-39852,5.5,2026-01-14T20:16:08.237
CVE-2025-39851,0.000130000,0.024990000,0.0349537037037037,2026-06-04,2026-06-04,CVE-2025-39851,5.5,2026-01-14T20:16:08.077
CVE-2025-39850,0.000130000,0.024990000,0.0349537037037037,2026-06-04,2026-06-04,CVE-2025-39850,5.5,2026-01-14T20:16:07.900
CVE-2025-39849,0.000230000,0.066460000,0.23032407407407407,2026-06-04,2026-06-04,CVE-2025-39849,7.8,2026-05-12T13:17:16.227
CVE-2025-39848,0.000140000,0.025280000,0.04351851851851852,2026-06-04,2026-06-04,CVE-2025-39848,5.5,2026-05-12T13:17:16.080
CVE-2025-39847,0.000140000,0.025280000,0.04351851851851852,2026-06-04,2026-06-04,CVE-2025-39847,5.5,2026-05-12T13:17:15.930
CVE-2025-39846,0.000170000,0.045660000,0.07430555555555556,2026-06-04,2026-06-04,CVE-2025-39846,5.5,2026-05-12T13:17:15.750
CVE-2025-39845,0.000190000,0.053710000,0.13171296296296298,2026-06-04,2026-06-04,CVE-2025-39845,5.5,2026-05-12T13:17:15.573
CVE-2025-39844,0.000190000,0.053710000,0.13171296296296298,2026-06-04,2026-06-04,CVE-2025-39844,5.5,2026-05-12T13:17:15.400
CVE-2025-39843,0.000150000,0.031450000,0.050694444444444445,2026-06-04,2026-06-04,CVE-2025-39843,5.5,2026-05-12T13:17:15.250
CVE-2025-39842,0.000190000,0.055110000,0.13171296296296298,2026-06-04,2026-06-04,CVE-2025-39842,5.5,2026-05-12T13:17:15.103
CVE-2025-39841,0.000180000,0.047390000,0.11435185185185186,2026-06-04,2026-06-04,CVE-2025-39841,7.8,2026-05-12T13:17:14.903
CVE-2025-39840,0.000210000,0.061540000,0.16643518518518519,2026-06-04,2026-06-04,CVE-2025-39840,7.1,2026-01-14T20:16:07.740
CVE-2025-39839,0.000180000,0.047390000,0.11435185185185186,2026-06-04,2026-06-04,CVE-2025-39839,7.1,2026-05-12T13:17:14.710
CVE-2025-39838,0.000190000,0.053460000,0.13171296296296298,2026-06-04,2026-06-04,CVE-2025-39838,5.5,2026-05-12T13:17:14.560
CVE-2025-39837,0.000210000,0.061540000,0.16643518518518519,2026-06-04,2026-06-04,CVE-2025-39837,7.8,2026-01-14T20:16:07.567
CVE-2025-36248,0.000750000,0.226010000,0.7236111111111111,2026-06-04,2026-06-04,CVE-2025-36248,6.1,2025-11-04T20:17:15.143
CVE-2025-34206,0.001800000,0.393850000,0.8819444444444444,2026-06-04,2026-06-04,CVE-2025-34206,9.8,2025-09-24T18:46:15.250
CVE-2025-34205,0.071560000,0.917100000,0.9944444444444445,2026-06-04,2026-06-04,CVE-2025-34205,9.8,2025-10-02T22:15:37.383
CVE-2025-34204,0.002250000,0.453440000,0.9048611111111111,2026-06-04,2026-06-04,CVE-2025-34204,9.8,2025-09-24T19:20:09.273
CVE-2025-34203,0.001950000,0.412270000,0.8886574074074074,2026-06-04,2026-06-04,CVE-2025-34203,9.8,2025-10-02T22:15:37.257
CVE-2025-34202,0.004180000,0.621190000,0.9395833333333333,2026-06-04,2026-06-04,CVE-2025-34202,8.8,2025-10-02T22:15:37.107
CVE-2025-34201,0.000580000,0.184750000,0.6189814814814815,2026-06-04,2026-06-04,CVE-2025-34201,7.8,2025-09-24T19:18:45.613
CVE-2025-34200,0.000270000,0.079630000,0.2983796296296296,2026-06-04,2026-06-04,CVE-2025-34200,7.8,2025-09-24T19:18:22.493
CVE-2025-34199,0.000800000,0.236170000,0.7423611111111111,2026-06-04,2026-06-04,CVE-2025-34199,8.1,2025-11-25T15:15:51.467
CVE-2025-34198,0.002480000,0.482660000,0.9094907407407408,2026-06-04,2026-06-04,CVE-2025-34198,9.8,2025-10-02T22:15:36.847
CVE-2025-34197,0.000500000,0.159790000,0.5659722222222222,2026-06-04,2026-06-04,CVE-2025-34197,7.8,2025-10-02T22:15:36.720
CVE-2025-34195,0.012490000,0.796520000,0.9717592592592592,2026-06-04,2026-06-04,CVE-2025-34195,9.8,2025-10-02T22:15:36.440
CVE-2025-34194,0.000650000,0.203820000,0.669212962962963,2026-06-04,2026-06-04,CVE-2025-34194,7.8,2025-09-29T20:15:32.087
CVE-2025-34193,0.002960000,0.532360000,0.9215277777777777,2026-06-04,2026-06-04,CVE-2025-34193,9.8,2025-09-29T20:15:31.933
CVE-2025-34192,0.004650000,0.646870000,0.944675925925926,2026-06-04,2026-06-04,CVE-2025-34192,9.8,2025-10-02T22:15:36.300
CVE-2025-34191,0.000630000,0.198350000,0.65625,2026-06-04,2026-06-04,CVE-2025-34191,8.4,2025-10-02T22:15:36.163
CVE-2025-34190,0.000380000,0.115540000,0.42430555555555555,2026-06-04,2026-06-04,CVE-2025-34190,7.8,2025-09-29T20:15:31.700
CVE-2025-34189,0.000560000,0.176300000,0.6055555555555555,2026-06-04,2026-06-04,CVE-2025-34189,7.8,2025-10-02T22:15:36.013
CVE-2025-34188,0.000750000,0.227710000,0.7236111111111111,2026-06-04,2026-06-04,CVE-2025-34188,7.8,2025-10-02T22:15:34.743
CVE-2025-26517,0.000400000,0.122820000,0.4465277777777778,2026-06-04,2026-06-04,CVE-2025-26517,5.4,2025-09-23T14:30:09.863
CVE-2025-26516,0.001350000,0.330970000,0.8474537037037037,2026-06-04,2026-06-04,CVE-2025-26516,5.3,2025-09-23T14:31:10.757
CVE-2025-26515,0.000440000,0.139540000,0.4949074074074074,2026-06-04,2026-06-04,CVE-2025-26515,7.5,2025-09-23T14:31:27.840
CVE-2025-26514,0.000340000,0.102540000,0.3958333333333333,2026-06-04,2026-06-04,CVE-2025-26514,6.4,2025-09-23T14:32:00.057
CVE-2025-10722,0.000180000,0.047580000,0.11435185185185186,2026-06-04,2026-06-04,CVE-2025-10722,5.3,2026-04-29T01:00:01.613
CVE-2025-10721,0.000180000,0.047580000,0.11435185185185186,2026-06-04,2026-06-04,CVE-2025-10721,5.3,2026-04-29T01:00:01.613
CVE-2025-10719,0.000510000,0.163790000,0.5708333333333333,2026-06-04,2026-06-04,CVE-2025-10719,4.3,2026-04-15T00:35:42.020
CVE-2025-10718,0.000160000,0.038940000,0.05555555555555555,2026-06-04,2026-06-04,CVE-2025-10718,5.3,2026-04-29T01:00:01.613
CVE-2025-10717,0.000180000,0.047580000,0.11435185185185186,2026-06-04,2026-06-04,CVE-2025-10717,5.3,2026-04-29T01:00:01.613
CVE-2025-10716,0.000160000,0.038940000,0.05555555555555555,2026-06-04,2026-06-04,CVE-2025-10716,5.3,2026-04-29T01:00:01.613
CVE-2025-10715,0.000180000,0.047580000,0.11435185185185186,2026-06-04,2026-06-04,CVE-2025-10715,5.3,2026-04-29T01:00:01.613
CVE-2025-10712,0.000300000,0.091640000,0.32546296296296295,2026-06-04,2026-06-04,CVE-2025-10712,7.3,2026-04-29T01:00:01.613
CVE-2025-10711,0.000310000,0.094930000,0.34375,2026-06-04,2026-06-04,CVE-2025-10711,4.3,2026-04-29T01:00:01.613
CVE-2025-10710,0.000310000,0.094930000,0.34375,2026-06-04,2026-06-04,CVE-2025-10710,4.3,2026-04-29T01:00:01.613
CVE-2025-10709,0.003970000,0.608770000,0.9368055555555556,2026-06-04,2026-06-04,CVE-2025-10709,7.5,2025-10-03T17:14:18.557
CVE-2025-10708,0.003970000,0.608770000,0.9368055555555556,2026-06-04,2026-06-04,CVE-2025-10708,7.5,2025-10-03T17:21:57.357
CVE-2025-10707,0.000770000,0.231070000,0.7351851851851852,2026-06-04,2026-06-04,CVE-2025-10707,8.8,2026-04-29T01:00:01.613
CVE-2025-10647,0.003570000,0.582020000,0.9324074074074075,2026-06-04,2026-06-04,CVE-2025-10647,8.8,2026-04-15T00:35:42.020
CVE-2025-10630,0.001010000,0.273740000,0.8037037037037037,2026-06-04,2026-06-04,CVE-2025-10630,4.3,2026-04-15T00:35:42.020
CVE-2025-10568,0.000960000,0.265670000,0.7921296296296296,2026-06-04,2026-06-04,CVE-2025-10568,9.8,2026-01-16T17:16:48.903
CVE-2025-10468,0.000790000,0.234490000,0.7405092592592593,2026-06-04,2026-06-04,CVE-2025-10468,7.5,2026-04-15T00:35:42.020
CVE-2025-10458,0.000250000,0.075360000,0.24976851851851853,2026-06-04,2026-06-04,CVE-2025-10458,7.6,2025-10-29T18:08:06.747
CVE-2025-10457,0.000430000,0.134000000,0.48541666666666666,2026-06-04,2026-06-04,CVE-2025-10457,8.1,2025-10-29T18:52:28.127
CVE-2025-10456,0.000270000,0.079480000,0.2983796296296296,2026-06-04,2026-06-04,CVE-2025-10456,6.5,2025-10-29T18:16:37.553
CVE-2024-13990,0.002200000,0.446500000,0.9025462962962963,2026-06-04,2026-06-04,CVE-2024-13990,,2026-04-15T00:35:42.020
CVE-2022-4980,0.007510000,0.735250000,0.9608796296296296,2026-06-04,2026-06-04,CVE-2022-4980,,2026-04-15T00:35:42.020
CVE-2025-9983,0.000310000,0.092560000,0.34375,2026-06-04,2026-06-04,CVE-2025-9983,,2026-04-15T00:35:42.020
CVE-2025-9949,0.000140000,0.028750000,0.04351851851851852,2026-06-04,2026-06-04,CVE-2025-9949,4.3,2026-04-15T00:35:42.020
CVE-2025-9887,0.000160000,0.038440000,0.05555555555555555,2026-06-04,2026-06-04,CVE-2025-9887,4.3,2026-04-15T00:35:42.020
CVE-2025-9883,0.000140000,0.028740000,0.04351851851851852,2026-06-04,2026-06-04,CVE-2025-9883,6.1,2026-04-15T00:35:42.020
CVE-2025-9882,0.000140000,0.028740000,0.04351851851851852,2026-06-04,2026-06-04,CVE-2025-9882,6.1,2026-04-15T00:35:42.020
CVE-2025-9541,0.000490000,0.156260000,0.5592592592592592,2026-06-04,2026-06-04,CVE-2025-9541,4.7,2026-04-15T00:35:42.020
CVE-2025-9540,0.000490000,0.156260000,0.5592592592592592,2026-06-04,2026-06-04,CVE-2025-9540,4.7,2026-04-15T00:35:42.020
CVE-2025-9487,0.000490000,0.156260000,0.5592592592592592,2026-06-04,2026-06-04,CVE-2025-9487,4.7,2026-04-15T00:35:42.020
CVE-2025-9115,0.000400000,0.125300000,0.4465277777777778,2026-06-04,2026-06-04,CVE-2025-9115,5.6,2026-04-15T00:35:42.020
CVE-2025-9081,0.000120000,0.018560000,0.03009259259259259,2026-06-04,2026-06-04,CVE-2025-9081,6.5,2025-09-25T20:14:59.717
CVE-2025-9079,0.000560000,0.177150000,0.6055555555555555,2026-06-04,2026-06-04,CVE-2025-9079,7.2,2025-09-25T20:16:04.963
CVE-2025-9038,0.000170000,0.045820000,0.07430555555555556,2026-06-04,2026-06-04,CVE-2025-9038,,2026-04-15T00:35:42.020
CVE-2025-9035,0.000320000,0.098700000,0.3541666666666667,2026-06-04,2026-06-04,CVE-2025-9035,5.4,2026-04-15T00:35:42.020
CVE-2025-8079,0.000260000,0.079160000,0.2759259259259259,2026-06-04,2026-06-04,CVE-2025-8079,4.6,2026-04-15T00:35:42.020
CVE-2025-6544,0.006460000,0.710980000,0.95625,2026-06-04,2026-06-04,CVE-2025-6544,9.8,2025-10-08T20:05:02.450
CVE-2025-59801,0.000190000,0.055440000,0.13171296296296298,2026-06-04,2026-06-04,CVE-2025-59801,4.3,2026-04-15T00:35:42.020
CVE-2025-59800,0.000190000,0.055100000,0.13171296296296298,2026-06-04,2026-06-04,CVE-2025-59800,5.5,2025-09-25T19:27:49.250
CVE-2025-59799,0.000180000,0.046560000,0.11435185185185186,2026-06-04,2026-06-04,CVE-2025-59799,5.5,2025-11-03T18:17:01.277
CVE-2025-59798,0.000180000,0.046560000,0.11435185185185186,2026-06-04,2026-06-04,CVE-2025-59798,5.5,2025-11-03T18:17:01.140
CVE-2025-59797,0.000420000,0.132220000,0.46944444444444444,2026-06-04,2026-06-04,CVE-2025-59797,5.8,2026-04-15T00:35:42.020
CVE-2025-59689,0.060110000,0.908620000,0.992824074074074,2026-06-04,2026-06-04,CVE-2025-59689,6.1,2025-11-05T19:25:35.093
CVE-2025-5962,0.000260000,0.077530000,0.2759259259259259,2026-06-04,2026-06-04,CVE-2025-5962,7.7,2026-04-15T00:35:42.020
CVE-2025-59431,0.000570000,0.180880000,0.6113425925925926,2026-06-04,2026-06-04,CVE-2025-59431,9.8,2025-10-08T18:26:15.403
CVE-2025-57396,0.000630000,0.199370000,0.65625,2026-06-04,2026-06-04,CVE-2025-57396,6.5,2025-10-03T16:58:21.410
CVE-2025-56762,0.000110000,0.013920000,0.025,2026-06-04,2026-06-04,CVE-2025-56762,6.1,2025-10-03T17:04:28.030
CVE-2025-56075,0.000420000,0.129790000,0.46944444444444444,2026-06-04,2026-06-04,CVE-2025-56075,5.4,2025-09-25T19:14:41.880
CVE-2025-56074,0.001870000,0.403460000,0.8858796296296296,2026-06-04,2026-06-04,CVE-2025-56074,9.8,2025-09-25T19:14:55.033
CVE-2025-54815,0.002790000,0.515350000,0.9168981481481482,2026-06-04,2026-06-04,CVE-2025-54815,8.8,2025-09-25T19:33:57.900
CVE-2025-54761,0.000560000,0.177230000,0.6055555555555555,2026-06-04,2026-06-04,CVE-2025-54761,8.0,2025-09-25T19:34:15.797
CVE-2025-53692,0.000300000,0.089690000,0.32546296296296295,2026-06-04,2026-06-04,CVE-2025-53692,7.1,2026-04-15T00:35:42.020
CVE-2025-51006,0.000600000,0.190070000,0.6351851851851852,2026-06-04,2026-06-04,CVE-2025-51006,7.8,2025-10-14T19:58:01.560
CVE-2025-46711,0.000200000,0.057480000,0.1476851851851852,2026-06-04,2026-06-04,CVE-2025-46711,5.5,2025-10-17T14:04:48.523
CVE-2025-43808,0.000180000,0.047700000,0.11435185185185186,2026-06-04,2026-06-04,CVE-2025-43808,5.3,2025-12-15T18:18:01.137
CVE-2025-40925,0.000530000,0.167450000,0.5833333333333334,2026-06-04,2026-06-04,CVE-2025-40925,9.1,2026-04-15T00:35:42.020
CVE-2025-36202,0.000350000,0.105940000,0.4011574074074074,2026-06-04,2026-06-04,CVE-2025-36202,8.8,2025-10-03T19:13:00.890
CVE-2025-36037,0.000310000,0.093980000,0.34375,2026-06-04,2026-06-04,CVE-2025-36037,5.4,2025-10-03T19:12:49.423
CVE-2025-35042,0.001850000,0.401120000,0.8840277777777777,2026-06-04,2026-06-04,CVE-2025-35042,9.8,2025-12-19T12:28:20.500
CVE-2025-35041,0.001310000,0.321730000,0.8416666666666667,2026-06-04,2026-06-04,CVE-2025-35041,7.5,2025-12-19T12:30:13.207
CVE-2025-25177,0.000190000,0.051690000,0.13171296296296298,2026-06-04,2026-06-04,CVE-2025-25177,5.1,2026-04-15T00:35:42.020
CVE-2025-10854,0.000680000,0.212450000,0.6902777777777778,2026-06-04,2026-06-04,CVE-2025-10854,8.1,2026-04-15T00:35:42.020
CVE-2025-10805,0.000440000,0.138970000,0.4949074074074074,2026-06-04,2026-06-04,CVE-2025-10805,8.8,2026-04-29T01:00:01.613
CVE-2025-10804,0.000440000,0.138970000,0.4949074074074074,2026-06-04,2026-06-04,CVE-2025-10804,8.8,2026-04-29T01:00:01.613
CVE-2025-10803,0.002480000,0.482750000,0.9094907407407408,2026-06-04,2026-06-04,CVE-2025-10803,8.8,2025-09-24T20:25:18.200
CVE-2025-10802,0.000460000,0.144390000,0.5120370370370371,2026-06-04,2026-06-04,CVE-2025-10802,9.8,2026-04-29T01:00:01.613
CVE-2025-10801,0.000650000,0.203830000,0.669212962962963,2026-06-04,2026-06-04,CVE-2025-10801,9.8,2026-04-29T01:00:01.613
CVE-2025-10800,0.000550000,0.174200000,0.5965277777777778,2026-06-04,2026-06-04,CVE-2025-10800,9.8,2026-04-29T01:00:01.613
CVE-2025-10799,0.000570000,0.180240000,0.6113425925925926,2026-06-04,2026-06-04,CVE-2025-10799,9.8,2026-04-29T01:00:01.613
CVE-2025-10798,0.000460000,0.144390000,0.5120370370370371,2026-06-04,2026-06-04,CVE-2025-10798,9.8,2026-04-29T01:00:01.613
CVE-2025-10797,0.000460000,0.144390000,0.5120370370370371,2026-06-04,2026-06-04,CVE-2025-10797,9.8,2026-04-29T01:00:01.613
CVE-2025-10796,0.000460000,0.144390000,0.5120370370370371,2026-06-04,2026-06-04,CVE-2025-10796,9.8,2026-04-29T01:00:01.613
CVE-2025-10795,0.000460000,0.144390000,0.5120370370370371,2026-06-04,2026-06-04,CVE-2025-10795,9.8,2026-04-29T01:00:01.613
CVE-2025-10794,0.000420000,0.129520000,0.46944444444444444,2026-06-04,2026-06-04,CVE-2025-10794,6.1,2026-04-29T01:00:01.613
CVE-2025-10793,0.000490000,0.154600000,0.5592592592592592,2026-06-04,2026-06-04,CVE-2025-10793,9.8,2026-04-29T01:00:01.613
CVE-2025-10792,0.022740000,0.849610000,0.9824074074074074,2026-06-04,2026-06-04,CVE-2025-10792,8.8,2025-10-08T19:36:26.743
CVE-2025-10791,0.000460000,0.144390000,0.5120370370370371,2026-06-04,2026-06-04,CVE-2025-10791,9.8,2026-04-29T01:00:01.613
CVE-2025-10790,0.000440000,0.138970000,0.4949074074074074,2026-06-04,2026-06-04,CVE-2025-10790,8.8,2026-04-29T01:00:01.613
CVE-2025-10789,0.000460000,0.144390000,0.5120370370370371,2026-06-04,2026-06-04,CVE-2025-10789,9.8,2026-04-29T01:00:01.613
CVE-2025-10788,0.000460000,0.144390000,0.5120370370370371,2026-06-04,2026-06-04,CVE-2025-10788,9.8,2026-04-29T01:00:01.613
CVE-2025-10787,0.000450000,0.141720000,0.5057870370370371,2026-06-04,2026-06-04,CVE-2025-10787,6.3,2026-04-29T01:00:01.613
CVE-2025-10786,0.000570000,0.180240000,0.6113425925925926,2026-06-04,2026-06-04,CVE-2025-10786,9.8,2026-04-29T01:00:01.613
CVE-2025-10785,0.000550000,0.174200000,0.5965277777777778,2026-06-04,2026-06-04,CVE-2025-10785,9.8,2026-04-29T01:00:01.613
CVE-2025-10784,0.000420000,0.130570000,0.46944444444444444,2026-06-04,2026-06-04,CVE-2025-10784,9.8,2026-04-29T01:00:01.613
CVE-2025-10783,0.000460000,0.144390000,0.5120370370370371,2026-06-04,2026-06-04,CVE-2025-10783,9.8,2026-04-29T01:00:01.613
CVE-2025-10782,0.000460000,0.144390000,0.5120370370370371,2026-06-04,2026-06-04,CVE-2025-10782,9.8,2026-04-29T01:00:01.613
CVE-2025-10781,0.000460000,0.144390000,0.5120370370370371,2026-06-04,2026-06-04,CVE-2025-10781,9.8,2026-04-29T01:00:01.613
CVE-2025-10780,0.000440000,0.138970000,0.4949074074074074,2026-06-04,2026-06-04,CVE-2025-10780,8.8,2026-04-29T01:00:01.613
CVE-2025-10779,0.002660000,0.502820000,0.9143518518518519,2026-06-04,2026-06-04,CVE-2025-10779,9.8,2025-09-25T20:01:52.330
CVE-2025-10778,0.000210000,0.062150000,0.16643518518518519,2026-06-04,2026-06-04,CVE-2025-10778,3.1,2026-04-15T00:35:42.020
CVE-2025-10777,0.000490000,0.157110000,0.5592592592592592,2026-06-04,2026-06-04,CVE-2025-10777,6.3,2026-04-29T01:00:01.613
CVE-2025-10776,0.000220000,0.065640000,0.20671296296296296,2026-06-04,2026-06-04,CVE-2025-10776,3.7,2026-04-29T01:00:01.613
CVE-2025-10775,0.006060000,0.700210000,0.9543981481481482,2026-06-04,2026-06-04,CVE-2025-10775,7.2,2026-04-29T01:00:01.613
CVE-2025-10774,0.001330000,0.324110000,0.8451388888888889,2026-06-04,2026-06-04,CVE-2025-10774,4.7,2026-04-29T01:00:01.613
CVE-2025-10773,0.003990000,0.609700000,0.9375,2026-06-04,2026-06-04,CVE-2025-10773,8.8,2025-09-30T18:15:48.920
CVE-2025-10772,0.000220000,0.063930000,0.20671296296296296,2026-06-04,2026-06-04,CVE-2025-10772,6.3,2026-04-15T00:35:42.020
CVE-2025-10771,0.000730000,0.222870000,0.7145833333333333,2026-06-04,2026-06-04,CVE-2025-10771,9.8,2026-04-29T01:00:01.613
CVE-2025-10770,0.000570000,0.179540000,0.6113425925925926,2026-06-04,2026-06-04,CVE-2025-10770,6.5,2026-04-29T01:00:01.613
CVE-2025-10769,0.001350000,0.330490000,0.8474537037037037,2026-06-04,2026-06-04,CVE-2025-10769,9.8,2026-04-29T01:00:01.613
CVE-2025-10768,0.000950000,0.263920000,0.7912037037037037,2026-06-04,2026-06-04,CVE-2025-10768,9.8,2026-04-29T01:00:01.613
CVE-2025-10767,0.001200000,0.305560000,0.825462962962963,2026-06-04,2026-06-04,CVE-2025-10767,4.5,2026-04-29T01:00:01.613
CVE-2025-10766,0.001060000,0.282810000,0.8108796296296297,2026-06-04,2026-06-04,CVE-2025-10766,4.3,2026-04-29T01:00:01.613
CVE-2025-10765,0.000870000,0.249600000,0.767824074074074,2026-06-04,2026-06-04,CVE-2025-10765,7.2,2026-04-29T01:00:01.613
CVE-2025-10764,0.000740000,0.224780000,0.7185185185185186,2026-06-04,2026-06-04,CVE-2025-10764,8.8,2026-04-29T01:00:01.613
CVE-2025-10763,0.000450000,0.141720000,0.5057870370370371,2026-06-04,2026-06-04,CVE-2025-10763,6.3,2026-04-29T01:00:01.613
CVE-2025-10762,0.000330000,0.100000000,0.3875,2026-06-04,2026-06-04,CVE-2025-10762,6.3,2026-04-29T01:00:01.613
CVE-2025-10761,0.000690000,0.213820000,0.6981481481481482,2026-06-04,2026-06-04,CVE-2025-10761,3.7,2026-04-29T01:00:01.613
CVE-2025-10760,0.000520000,0.165400000,0.5782407407407407,2026-06-04,2026-06-04,CVE-2025-10760,6.3,2026-04-29T01:00:01.613
CVE-2025-10759,0.000640000,0.200820000,0.6622685185185185,2026-06-04,2026-06-04,CVE-2025-10759,5.3,2025-10-30T14:15:58.187
CVE-2025-10758,0.000360000,0.111360000,0.41064814814814815,2026-06-04,2026-06-04,CVE-2025-10758,4.8,2026-04-29T01:00:01.613
CVE-2025-10757,0.001890000,0.405310000,0.8863425925925926,2026-06-04,2026-06-04,CVE-2025-10757,8.8,2026-01-08T16:14:38.433
CVE-2025-10756,0.003690000,0.591090000,0.9333333333333333,2026-06-04,2026-06-04,CVE-2025-10756,8.8,2026-01-08T19:37:37.597
CVE-2025-10755,0.000510000,0.163700000,0.5708333333333333,2026-06-04,2026-06-04,CVE-2025-10755,6.3,2026-04-29T01:00:01.613
CVE-2025-10741,0.000590000,0.187470000,0.6287037037037037,2026-06-04,2026-06-04,CVE-2025-10741,6.3,2026-04-29T01:00:01.613
CVE-2025-10658,0.005590000,0.686040000,0.9497685185185185,2026-06-04,2026-06-04,CVE-2025-10658,6.5,2026-04-15T00:35:42.020
CVE-2025-10652,0.000310000,0.094670000,0.34375,2026-06-04,2026-06-04,CVE-2025-10652,6.5,2026-04-15T00:35:42.020
CVE-2025-10489,0.000450000,0.142360000,0.5057870370370371,2026-06-04,2026-06-04,CVE-2025-10489,4.3,2026-04-15T00:35:42.020
CVE-2025-10305,0.000570000,0.181130000,0.6113425925925926,2026-06-04,2026-06-04,CVE-2025-10305,5.3,2026-04-15T00:35:42.020
CVE-2025-10181,0.000490000,0.154570000,0.5592592592592592,2026-06-04,2026-06-04,CVE-2025-10181,6.4,2026-04-15T00:35:42.020
CVE-2025-10009,0.001450000,0.345180000,0.8560185185185185,2026-06-04,2026-06-04,CVE-2025-10009,,2026-04-15T00:35:42.020
CVE-2025-10002,0.000310000,0.092240000,0.34375,2026-06-04,2026-06-04,CVE-2025-10002,4.9,2026-04-15T00:35:42.020
CVE-2025-0875,0.000160000,0.037090000,0.05555555555555555,2026-06-04,2026-06-04,CVE-2025-0875,6.5,2026-04-15T00:35:42.020
CVE-2025-59420,0.000110000,0.013530000,0.025,2026-06-04,2026-06-04,CVE-2025-59420,7.5,2025-11-03T18:17:01.017
CVE-2025-59418,0.000150000,0.033940000,0.050694444444444445,2026-06-04,2026-06-04,CVE-2025-59418,5.5,2026-04-15T00:35:42.020
CVE-2025-59413,0.000970000,0.266430000,0.7949074074074074,2026-06-04,2026-06-04,CVE-2025-59413,6.5,2025-09-23T16:49:02.553
CVE-2025-59412,0.000290000,0.088260000,0.31527777777777777,2026-06-04,2026-06-04,CVE-2025-59412,5.4,2025-09-23T16:50:51.817
CVE-2025-59411,0.000390000,0.119280000,0.43495370370370373,2026-06-04,2026-06-04,CVE-2025-59411,5.4,2025-09-23T16:51:03.780
CVE-2025-59335,0.000180000,0.050940000,0.11435185185185186,2026-06-04,2026-06-04,CVE-2025-59335,7.1,2025-09-23T16:51:42.487
CVE-2025-57943,0.000260000,0.078450000,0.2759259259259259,2026-06-04,2026-06-04,CVE-2025-57943,4.4,2026-04-23T15:33:06.317
CVE-2025-57942,0.000330000,0.101640000,0.3875,2026-06-04,2026-06-04,CVE-2025-57942,4.3,2026-04-23T15:33:06.203
CVE-2025-57941,0.000750000,0.226510000,0.7236111111111111,2026-06-04,2026-06-04,CVE-2025-57941,5.9,2026-04-23T15:33:06.087
CVE-2025-57940,0.000750000,0.226510000,0.7236111111111111,2026-06-04,2026-06-04,CVE-2025-57940,5.9,2026-04-23T15:33:05.980
CVE-2025-57939,0.000420000,0.131110000,0.46944444444444444,2026-06-04,2026-06-04,CVE-2025-57939,5.3,2026-04-23T15:33:04.980
CVE-2025-57938,0.000320000,0.097740000,0.3541666666666667,2026-06-04,2026-06-04,CVE-2025-57938,6.5,2026-04-28T19:33:57.580
CVE-2025-57937,0.000410000,0.127060000,0.46111111111111114,2026-06-04,2026-06-04,CVE-2025-57937,4.3,2026-04-23T15:33:04.707
CVE-2025-57936,0.000390000,0.122070000,0.43495370370370373,2026-06-04,2026-06-04,CVE-2025-57936,4.3,2026-04-23T15:33:04.543
CVE-2025-57935,0.000300000,0.089610000,0.32546296296296295,2026-06-04,2026-06-04,CVE-2025-57935,5.9,2026-04-28T19:33:57.377
CVE-2025-57934,0.000160000,0.039370000,0.05555555555555555,2026-06-04,2026-06-04,CVE-2025-57934,4.3,2026-04-23T15:33:04.017
CVE-2025-57933,0.000160000,0.039370000,0.05555555555555555,2026-06-04,2026-06-04,CVE-2025-57933,4.3,2026-04-23T15:33:03.797
CVE-2025-57932,0.000320000,0.097740000,0.3541666666666667,2026-06-04,2026-06-04,CVE-2025-57932,6.5,2026-04-23T15:33:03.527
CVE-2025-57930,0.000160000,0.039370000,0.05555555555555555,2026-06-04,2026-06-04,CVE-2025-57930,4.3,2026-04-23T15:33:03.167
CVE-2025-57929,0.000300000,0.089610000,0.32546296296296295,2026-06-04,2026-06-04,CVE-2025-57929,5.9,2026-04-23T15:33:03.053
CVE-2025-57928,0.000470000,0.150850000,0.5252314814814815,2026-06-04,2026-06-04,CVE-2025-57928,5.3,2026-04-23T15:33:02.917
CVE-2025-57927,0.000160000,0.039370000,0.05555555555555555,2026-06-04,2026-06-04,CVE-2025-57927,4.3,2026-04-23T15:33:02.797
CVE-2025-57926,0.000320000,0.097740000,0.3541666666666667,2026-06-04,2026-06-04,CVE-2025-57926,6.5,2026-04-23T15:33:02.680
CVE-2025-57925,0.001290000,0.318050000,0.8372685185185185,2026-06-04,2026-06-04,CVE-2025-57925,7.5,2026-04-23T15:33:02.570
CVE-2025-57924,0.000160000,0.039370000,0.05555555555555555,2026-06-04,2026-06-04,CVE-2025-57924,4.3,2026-04-28T19:33:56.740
CVE-2025-57923,0.000410000,0.128230000,0.46111111111111114,2026-06-04,2026-06-04,CVE-2025-57923,5.3,2026-04-23T15:33:02.370
CVE-2025-57922,0.000640000,0.199690000,0.6622685185185185,2026-06-04,2026-06-04,CVE-2025-57922,5.3,2026-04-23T15:33:02.247
CVE-2025-57921,0.000650000,0.203110000,0.669212962962963,2026-06-04,2026-06-04,CVE-2025-57921,5.3,2026-04-23T15:33:02.133
CVE-2025-57920,0.000300000,0.089610000,0.32546296296296295,2026-06-04,2026-06-04,CVE-2025-57920,5.9,2026-04-23T15:33:02.023
CVE-2025-57919,0.001170000,0.301090000,0.8226851851851852,2026-06-04,2026-06-04,CVE-2025-57919,7.2,2026-04-23T15:33:01.910
CVE-2025-57918,0.000170000,0.043890000,0.07430555555555556,2026-06-04,2026-06-04,CVE-2025-57918,7.1,2026-04-23T15:33:01.793
CVE-2025-57917,0.000390000,0.122070000,0.43495370370370373,2026-06-04,2026-06-04,CVE-2025-57917,4.3,2026-04-23T15:33:01.677
CVE-2025-57916,0.000410000,0.127060000,0.46111111111111114,2026-06-04,2026-06-04,CVE-2025-57916,4.3,2026-04-23T15:33:01.553
CVE-2025-57915,0.000160000,0.039370000,0.05555555555555555,2026-06-04,2026-06-04,CVE-2025-57915,4.3,2026-04-23T15:33:01.440
CVE-2025-57914,0.000160000,0.039370000,0.05555555555555555,2026-06-04,2026-06-04,CVE-2025-57914,4.3,2026-04-23T15:33:01.320
CVE-2025-57913,0.000320000,0.097740000,0.3541666666666667,2026-06-04,2026-06-04,CVE-2025-57913,6.5,2026-04-23T15:33:01.193
CVE-2025-57912,0.000300000,0.089610000,0.32546296296296295,2026-06-04,2026-06-04,CVE-2025-57912,5.9,2026-04-23T15:33:01.083
CVE-2025-57911,0.000320000,0.097740000,0.3541666666666667,2026-06-04,2026-06-04,CVE-2025-57911,6.5,2026-04-23T15:32:59.973
CVE-2025-57910,0.000320000,0.097740000,0.3541666666666667,2026-06-04,2026-06-04,CVE-2025-57910,6.5,2026-04-23T15:32:59.843
CVE-2025-57909,0.000440000,0.139910000,0.4949074074074074,2026-06-04,2026-06-04,CVE-2025-57909,6.5,2026-04-23T15:32:59.730
CVE-2025-57908,0.000300000,0.089610000,0.32546296296296295,2026-06-04,2026-06-04,CVE-2025-57908,5.9,2026-04-23T15:32:59.620
CVE-2025-57907,0.000420000,0.131110000,0.46944444444444444,2026-06-04,2026-06-04,CVE-2025-57907,5.3,2026-04-23T15:32:59.510
CVE-2025-57906,0.000300000,0.089610000,0.32546296296296295,2026-06-04,2026-06-04,CVE-2025-57906,5.9,2026-04-23T15:32:59.400
CVE-2025-57905,0.000160000,0.039370000,0.05555555555555555,2026-06-04,2026-06-04,CVE-2025-57905,4.3,2026-04-23T15:32:59.280
CVE-2025-57904,0.000300000,0.089610000,0.32546296296296295,2026-06-04,2026-06-04,CVE-2025-57904,5.9,2026-04-23T15:32:59.173
CVE-2025-57903,0.000300000,0.089610000,0.32546296296296295,2026-06-04,2026-06-04,CVE-2025-57903,5.9,2026-04-23T15:32:59.047
CVE-2025-57902,0.000160000,0.039370000,0.05555555555555555,2026-06-04,2026-06-04,CVE-2025-57902,6.5,2026-04-28T19:33:55.290
CVE-2025-57900,0.000320000,0.097740000,0.3541666666666667,2026-06-04,2026-06-04,CVE-2025-57900,6.5,2026-04-23T15:32:58.797
CVE-2025-57899,0.000630000,0.199190000,0.65625,2026-06-04,2026-06-04,CVE-2025-57899,5.3,2026-04-23T15:32:58.683
CVE-2025-57898,0.000320000,0.097740000,0.3541666666666667,2026-06-04,2026-06-04,CVE-2025-57898,6.5,2026-04-23T15:32:58.557
CVE-2025-57685,0.003240000,0.557420000,0.924537037037037,2026-06-04,2026-06-04,CVE-2025-57685,8.8,2026-04-15T00:35:42.020
CVE-2025-57682,0.003500000,0.577290000,0.930324074074074,2026-06-04,2026-06-04,CVE-2025-57682,6.5,2025-10-14T19:56:26.170
CVE-2025-57605,0.000660000,0.205550000,0.6733796296296296,2026-06-04,2026-06-04,CVE-2025-57605,8.8,2026-04-15T00:35:42.020
CVE-2025-57602,0.005960000,0.697040000,0.9534722222222223,2026-06-04,2026-06-04,CVE-2025-57602,9.8,2026-04-15T00:35:42.020
CVE-2025-57601,0.000680000,0.210720000,0.6902777777777778,2026-06-04,2026-06-04,CVE-2025-57601,9.8,2026-04-15T00:35:42.020
CVE-2025-57441,0.001000000,0.273000000,0.8013888888888889,2026-06-04,2026-06-04,CVE-2025-57441,9.8,2025-10-17T20:34:42.913
CVE-2025-57440,0.000420000,0.132770000,0.46944444444444444,2026-06-04,2026-06-04,CVE-2025-57440,7.5,2026-04-15T00:35:42.020
CVE-2025-57439,0.003410000,0.570530000,0.9282407407407407,2026-06-04,2026-06-04,CVE-2025-57439,8.8,2025-10-17T20:33:20.780
CVE-2025-57438,0.000470000,0.149840000,0.5252314814814815,2026-06-04,2026-06-04,CVE-2025-57438,6.8,2025-10-10T21:05:10.807
CVE-2025-57437,0.001000000,0.273000000,0.8013888888888889,2026-06-04,2026-06-04,CVE-2025-57437,9.8,2025-10-10T21:03:59.970
CVE-2025-57434,0.000890000,0.252970000,0.7759259259259259,2026-06-04,2026-06-04,CVE-2025-57434,8.8,2025-10-14T19:56:03.233
CVE-2025-57433,0.000520000,0.166600000,0.5782407407407407,2026-06-04,2026-06-04,CVE-2025-57433,6.5,2025-10-14T19:56:41.777
CVE-2025-57432,0.003760000,0.594690000,0.9342592592592592,2026-06-04,2026-06-04,CVE-2025-57432,9.8,2025-10-14T19:56:50.727
CVE-2025-57431,0.001370000,0.333830000,0.8502314814814815,2026-06-04,2026-06-04,CVE-2025-57431,8.8,2025-10-14T19:53:19.917
CVE-2025-57430,0.000680000,0.210200000,0.6902777777777778,2026-06-04,2026-06-04,CVE-2025-57430,7.5,2025-10-14T19:57:05.717
CVE-2025-55888,0.002300000,0.458750000,0.9064814814814814,2026-06-04,2026-06-04,CVE-2025-55888,7.3,2025-10-14T19:51:59.197
CVE-2025-55887,0.000540000,0.171210000,0.5907407407407408,2026-06-04,2026-06-04,CVE-2025-55887,6.1,2025-10-14T19:51:54.580
CVE-2025-55886,0.000480000,0.151380000,0.5486111111111112,2026-06-04,2026-06-04,CVE-2025-55886,6.5,2026-04-15T00:35:42.020
CVE-2025-55885,0.001990000,0.418670000,0.8914351851851852,2026-06-04,2026-06-04,CVE-2025-55885,6.3,2025-10-14T19:52:10.700
CVE-2025-53570,0.000320000,0.097740000,0.3541666666666667,2026-06-04,2026-06-04,CVE-2025-53570,6.5,2026-04-28T19:33:43.613
CVE-2025-53469,0.000750000,0.226510000,0.7236111111111111,2026-06-04,2026-06-04,CVE-2025-53469,5.9,2026-04-23T15:32:35.370
CVE-2025-53468,0.000400000,0.124640000,0.4465277777777778,2026-06-04,2026-06-04,CVE-2025-53468,8.5,2026-04-23T15:32:35.257
CVE-2025-53467,0.000750000,0.226510000,0.7236111111111111,2026-06-04,2026-06-04,CVE-2025-53467,5.9,2026-04-23T15:32:35.143
CVE-2025-53466,0.000300000,0.089610000,0.32546296296296295,2026-06-04,2026-06-04,CVE-2025-53466,5.9,2026-04-23T15:32:35.030
CVE-2025-53465,0.001170000,0.301090000,0.8226851851851852,2026-06-04,2026-06-04,CVE-2025-53465,7.2,2026-04-23T15:32:34.910
CVE-2025-53464,0.000750000,0.226510000,0.7236111111111111,2026-06-04,2026-06-04,CVE-2025-53464,5.9,2026-04-23T15:32:34.787
CVE-2025-53463,0.000320000,0.097740000,0.3541666666666667,2026-06-04,2026-06-04,CVE-2025-53463,6.5,2026-04-23T15:32:34.650
CVE-2025-53462,0.000750000,0.226510000,0.7236111111111111,2026-06-04,2026-06-04,CVE-2025-53462,5.9,2026-04-23T15:32:34.517
CVE-2025-53461,0.000540000,0.170810000,0.5907407407407408,2026-06-04,2026-06-04,CVE-2025-53461,4.4,2026-04-23T15:32:34.370
CVE-2025-53460,0.000750000,0.226510000,0.7236111111111111,2026-06-04,2026-06-04,CVE-2025-53460,5.9,2026-04-23T15:32:34.233
CVE-2025-53458,0.000300000,0.089610000,0.32546296296296295,2026-06-04,2026-06-04,CVE-2025-53458,5.9,2026-04-23T15:32:34.123
CVE-2025-53457,0.000260000,0.078450000,0.2759259259259259,2026-06-04,2026-06-04,CVE-2025-53457,4.4,2026-04-23T15:32:34.013
CVE-2025-53456,0.000160000,0.039370000,0.05555555555555555,2026-06-04,2026-06-04,CVE-2025-53456,4.3,2026-04-23T15:32:33.900
CVE-2025-53455,0.000300000,0.089610000,0.32546296296296295,2026-06-04,2026-06-04,CVE-2025-53455,5.9,2026-04-28T19:33:42.240
CVE-2025-53454,0.000320000,0.097740000,0.3541666666666667,2026-06-04,2026-06-04,CVE-2025-53454,6.5,2026-04-23T15:32:33.670
CVE-2025-53452,0.000390000,0.122070000,0.43495370370370373,2026-06-04,2026-06-04,CVE-2025-53452,4.3,2026-04-28T19:33:41.987
CVE-2025-53451,0.000180000,0.048210000,0.11435185185185186,2026-06-04,2026-06-04,CVE-2025-53451,5.4,2026-04-23T15:32:33.240
CVE-2025-53450,0.001290000,0.318050000,0.8372685185185185,2026-06-04,2026-06-04,CVE-2025-53450,7.5,2026-04-23T15:32:33.120
CVE-2025-52367,0.702700000,0.987000000,0.9990740740740741,2026-06-04,2026-06-04,CVE-2025-52367,5.4,2025-10-24T14:45:27.667
CVE-2025-43953,0.001380000,0.335780000,0.850462962962963,2026-06-04,2026-06-04,CVE-2025-43953,8.8,2026-04-15T00:35:42.020
CVE-2025-43807,0.000330000,0.101330000,0.3875,2026-06-04,2026-06-04,CVE-2025-43807,5.4,2025-12-15T18:18:40.497
CVE-2025-36064,0.000340000,0.105720000,0.3958333333333333,2026-06-04,2026-06-04,CVE-2025-36064,5.9,2025-10-03T19:13:13.937
CVE-2025-10811,0.000460000,0.144390000,0.5120370370370371,2026-06-04,2026-06-04,CVE-2025-10811,9.8,2026-04-29T01:00:01.613
CVE-2025-10810,0.000460000,0.144390000,0.5120370370370371,2026-06-04,2026-06-04,CVE-2025-10810,9.8,2026-04-29T01:00:01.613
CVE-2025-10809,0.000650000,0.203830000,0.669212962962963,2026-06-04,2026-06-04,CVE-2025-10809,9.8,2026-04-29T01:00:01.613
CVE-2025-10808,0.000460000,0.144390000,0.5120370370370371,2026-06-04,2026-06-04,CVE-2025-10808,9.8,2026-04-29T01:00:01.613
CVE-2025-10807,0.000440000,0.138970000,0.4949074074074074,2026-06-04,2026-06-04,CVE-2025-10807,8.8,2026-04-29T01:00:01.613
CVE-2025-10806,0.000440000,0.138970000,0.4949074074074074,2026-06-04,2026-06-04,CVE-2025-10806,8.8,2026-04-29T01:00:01.613
CVE-2025-58228,0.000810000,0.238860000,0.7467592592592592,2026-06-04,2026-06-04,CVE-2025-58228,6.5,2026-04-23T15:33:20.537
CVE-2025-58227,0.000320000,0.097740000,0.3541666666666667,2026-06-04,2026-06-04,CVE-2025-58227,6.5,2026-04-23T15:33:20.417
CVE-2025-58226,0.004220000,0.623860000,0.9402777777777778,2026-06-04,2026-06-04,CVE-2025-58226,5.3,2026-04-23T15:33:20.300
CVE-2025-58224,0.000180000,0.048210000,0.11435185185185186,2026-06-04,2026-06-04,CVE-2025-58224,5.4,2026-04-28T19:34:05.660
CVE-2025-58223,0.000300000,0.089610000,0.32546296296296295,2026-06-04,2026-06-04,CVE-2025-58223,5.9,2026-04-23T15:33:20.097
CVE-2025-58222,0.000420000,0.131110000,0.46944444444444444,2026-06-04,2026-06-04,CVE-2025-58222,5.3,2026-04-23T15:33:19.983
CVE-2025-58221,0.000390000,0.122070000,0.43495370370370373,2026-06-04,2026-06-04,CVE-2025-58221,4.3,2026-04-23T15:33:19.873
CVE-2025-58220,0.000320000,0.097740000,0.3541666666666667,2026-06-04,2026-06-04,CVE-2025-58220,6.5,2026-04-28T19:34:05.393
CVE-2025-58219,0.000160000,0.039370000,0.05555555555555555,2026-06-04,2026-06-04,CVE-2025-58219,4.3,2026-04-23T15:33:19.643
CVE-2025-58200,0.000160000,0.039370000,0.05555555555555555,2026-06-04,2026-06-04,CVE-2025-58200,4.3,2026-04-23T15:33:17.427
CVE-2025-58199,0.000160000,0.039370000,0.05555555555555555,2026-06-04,2026-06-04,CVE-2025-58199,4.3,2026-04-23T15:33:17.307
CVE-2025-58033,0.000300000,0.089610000,0.32546296296296295,2026-06-04,2026-06-04,CVE-2025-58033,5.9,2026-04-23T15:33:16.393
CVE-2025-58032,0.000160000,0.039370000,0.05555555555555555,2026-06-04,2026-06-04,CVE-2025-58032,4.3,2026-04-23T15:33:16.283
CVE-2025-58031,0.000320000,0.097740000,0.3541666666666667,2026-06-04,2026-06-04,CVE-2025-58031,6.5,2026-04-23T15:33:16.170
CVE-2025-58030,0.000320000,0.097740000,0.3541666666666667,2026-06-04,2026-06-04,CVE-2025-58030,6.5,2026-04-23T15:33:16.060
CVE-2025-58029,0.000420000,0.131110000,0.46944444444444444,2026-06-04,2026-06-04,CVE-2025-58029,5.3,2026-04-23T15:33:15.947
CVE-2025-58028,0.000320000,0.097740000,0.3541666666666667,2026-06-04,2026-06-04,CVE-2025-58028,6.5,2026-04-23T15:33:15.833
CVE-2025-58027,0.000320000,0.097740000,0.3541666666666667,2026-06-04,2026-06-04,CVE-2025-58027,6.5,2026-04-23T15:33:15.717
CVE-2025-58026,0.000320000,0.097740000,0.3541666666666667,2026-06-04,2026-06-04,CVE-2025-58026,6.5,2026-04-23T15:33:15.613
CVE-2025-58025,0.000260000,0.079160000,0.2759259259259259,2026-06-04,2026-06-04,CVE-2025-58025,5.4,2026-04-23T15:33:15.490
CVE-2025-58023,0.000490000,0.155700000,0.5592592592592592,2026-06-04,2026-06-04,CVE-2025-58023,6.5,2026-04-28T19:34:03.223
CVE-2025-58022,0.000320000,0.097740000,0.3541666666666667,2026-06-04,2026-06-04,CVE-2025-58022,6.5,2026-04-23T15:33:15.263
CVE-2025-58021,0.000320000,0.097740000,0.3541666666666667,2026-06-04,2026-06-04,CVE-2025-58021,6.5,2026-04-23T15:33:15.150
CVE-2025-58020,0.000810000,0.238860000,0.7467592592592592,2026-06-04,2026-06-04,CVE-2025-58020,6.5,2026-04-23T15:33:15.033
CVE-2025-58019,0.000810000,0.238860000,0.7467592592592592,2026-06-04,2026-06-04,CVE-2025-58019,6.5,2026-04-23T15:33:14.920
CVE-2025-58018,0.000320000,0.097740000,0.3541666666666667,2026-06-04,2026-06-04,CVE-2025-58018,6.5,2026-04-23T15:33:14.807
CVE-2025-58017,0.000320000,0.097740000,0.3541666666666667,2026-06-04,2026-06-04,CVE-2025-58017,6.5,2026-04-23T15:33:14.693
CVE-2025-58016,0.000390000,0.122070000,0.43495370370370373,2026-06-04,2026-06-04,CVE-2025-58016,4.3,2026-04-28T19:34:02.797
CVE-2025-58015,0.000460000,0.146930000,0.5120370370370371,2026-06-04,2026-06-04,CVE-2025-58015,7.5,2026-04-23T15:33:14.400
CVE-2025-58014,0.000160000,0.039370000,0.05555555555555555,2026-06-04,2026-06-04,CVE-2025-58014,4.3,2026-04-23T15:33:14.277
CVE-2025-58013,0.000200000,0.056840000,0.1476851851851852,2026-06-04,2026-06-04,CVE-2025-58013,8.8,2026-04-23T15:33:14.153
CVE-2025-58012,0.000520000,0.166410000,0.5782407407407407,2026-06-04,2026-06-04,CVE-2025-58012,3.8,2026-04-23T15:33:14.040
CVE-2025-58011,0.000380000,0.115530000,0.42430555555555555,2026-06-04,2026-06-04,CVE-2025-58011,6.4,2026-04-23T15:33:13.930
CVE-2025-58010,0.000160000,0.039370000,0.05555555555555555,2026-06-04,2026-06-04,CVE-2025-58010,4.3,2026-04-23T15:33:13.813
CVE-2025-58009,0.000520000,0.166410000,0.5782407407407407,2026-06-04,2026-06-04,CVE-2025-58009,3.8,2026-04-28T19:34:02.307
CVE-2025-58008,0.000320000,0.097740000,0.3541666666666667,2026-06-04,2026-06-04,CVE-2025-58008,6.5,2026-04-23T15:33:13.583
CVE-2025-58007,0.000410000,0.127060000,0.46111111111111114,2026-06-04,2026-06-04,CVE-2025-58007,4.3,2026-04-23T15:33:13.470
CVE-2025-58006,0.000650000,0.204120000,0.669212962962963,2026-06-04,2026-06-04,CVE-2025-58006,4.7,2026-04-23T15:33:13.353
CVE-2025-58005,0.000300000,0.091090000,0.32546296296296295,2026-06-04,2026-06-04,CVE-2025-58005,5.4,2026-04-23T15:33:13.240
CVE-2025-58004,0.000420000,0.131110000,0.46944444444444444,2026-06-04,2026-06-04,CVE-2025-58004,5.3,2026-04-23T15:33:13.130
CVE-2025-58003,0.000420000,0.131110000,0.46944444444444444,2026-06-04,2026-06-04,CVE-2025-58003,5.3,2026-04-23T15:33:13.017
CVE-2025-58002,0.000320000,0.097740000,0.3541666666666667,2026-06-04,2026-06-04,CVE-2025-58002,6.5,2026-04-23T15:33:12.903
CVE-2025-58001,0.000320000,0.097740000,0.3541666666666667,2026-06-04,2026-06-04,CVE-2025-58001,6.5,2026-04-23T15:33:12.787
CVE-2025-58000,0.000420000,0.131110000,0.46944444444444444,2026-06-04,2026-06-04,CVE-2025-58000,5.3,2026-04-23T15:33:12.680
CVE-2025-57999,0.000320000,0.097740000,0.3541666666666667,2026-06-04,2026-06-04,CVE-2025-57999,6.5,2026-04-23T15:33:12.567
CVE-2025-57998,0.000300000,0.089610000,0.32546296296296295,2026-06-04,2026-06-04,CVE-2025-57998,5.9,2026-04-28T19:34:01.617
CVE-2025-57997,0.000580000,0.184170000,0.6189814814814815,2026-06-04,2026-06-04,CVE-2025-57997,4.3,2026-04-23T15:33:12.347
CVE-2025-57996,0.000320000,0.097740000,0.3541666666666667,2026-06-04,2026-06-04,CVE-2025-57996,6.5,2026-04-23T15:33:12.233
CVE-2025-57995,0.000610000,0.192140000,0.6458333333333334,2026-06-04,2026-06-04,CVE-2025-57995,4.3,2026-04-23T15:33:12.120
CVE-2025-57994,0.000870000,0.249930000,0.767824074074074,2026-06-04,2026-06-04,CVE-2025-57994,5.4,2026-04-23T15:33:12.007
CVE-2025-57993,0.000320000,0.097740000,0.3541666666666667,2026-06-04,2026-06-04,CVE-2025-57993,6.5,2026-04-23T15:33:11.897
CVE-2025-57992,0.000160000,0.039370000,0.05555555555555555,2026-06-04,2026-06-04,CVE-2025-57992,4.3,2026-04-23T15:33:11.783
CVE-2025-57991,0.000870000,0.249930000,0.767824074074074,2026-06-04,2026-06-04,CVE-2025-57991,5.4,2026-04-23T15:33:11.673
CVE-2025-57990,0.000870000,0.249930000,0.767824074074074,2026-06-04,2026-06-04,CVE-2025-57990,5.4,2026-04-23T15:33:11.563
CVE-2025-57989,0.000810000,0.238860000,0.7467592592592592,2026-06-04,2026-06-04,CVE-2025-57989,6.5,2026-04-23T15:33:11.447
CVE-2025-57988,0.000320000,0.097740000,0.3541666666666667,2026-06-04,2026-06-04,CVE-2025-57988,6.5,2026-04-23T15:33:11.333
CVE-2025-57987,0.000420000,0.131110000,0.46944444444444444,2026-06-04,2026-06-04,CVE-2025-57987,5.3,2026-04-23T15:33:11.223
CVE-2025-57986,0.000320000,0.097740000,0.3541666666666667,2026-06-04,2026-06-04,CVE-2025-57986,6.5,2026-04-23T15:33:11.110
CVE-2025-57985,0.000610000,0.192140000,0.6458333333333334,2026-06-04,2026-06-04,CVE-2025-57985,4.3,2026-04-23T15:33:10.987
CVE-2025-57984,0.000540000,0.170810000,0.5907407407407408,2026-06-04,2026-06-04,CVE-2025-57984,4.4,2026-04-23T15:33:10.873
CVE-2025-57983,0.000160000,0.039370000,0.05555555555555555,2026-06-04,2026-06-04,CVE-2025-57983,6.5,2026-04-23T15:33:10.753
CVE-2025-57982,0.000750000,0.226510000,0.7236111111111111,2026-06-04,2026-06-04,CVE-2025-57982,5.9,2026-04-23T15:33:10.640
CVE-2025-57981,0.000670000,0.207800000,0.6851851851851852,2026-06-04,2026-06-04,CVE-2025-57981,5.4,2026-04-23T15:33:10.520
CVE-2025-57980,0.000300000,0.089610000,0.32546296296296295,2026-06-04,2026-06-04,CVE-2025-57980,5.9,2026-04-23T15:33:10.407
CVE-2025-57979,0.000300000,0.089610000,0.32546296296296295,2026-06-04,2026-06-04,CVE-2025-57979,5.9,2026-04-23T15:33:10.293
CVE-2025-57978,0.000330000,0.101640000,0.3875,2026-06-04,2026-06-04,CVE-2025-57978,4.3,2026-04-28T19:34:00.253
CVE-2025-57977,0.000340000,0.102910000,0.3958333333333333,2026-06-04,2026-06-04,CVE-2025-57977,7.1,2026-04-28T19:34:00.140
CVE-2025-57976,0.000420000,0.131110000,0.46944444444444444,2026-06-04,2026-06-04,CVE-2025-57976,5.3,2026-04-28T19:34:00.020
CVE-2025-57975,0.000380000,0.115530000,0.42430555555555555,2026-06-04,2026-06-04,CVE-2025-57975,4.3,2026-04-23T15:33:09.847
CVE-2025-57974,0.000750000,0.226510000,0.7236111111111111,2026-06-04,2026-06-04,CVE-2025-57974,5.9,2026-04-23T15:33:09.730
CVE-2025-57973,0.000320000,0.097740000,0.3541666666666667,2026-06-04,2026-06-04,CVE-2025-57973,5.5,2026-04-23T15:33:09.620
CVE-2025-57972,0.000390000,0.122070000,0.43495370370370373,2026-06-04,2026-06-04,CVE-2025-57972,4.3,2026-04-23T15:33:09.503
CVE-2025-57971,0.000420000,0.131110000,0.46944444444444444,2026-06-04,2026-06-04,CVE-2025-57971,5.3,2026-04-23T15:33:09.383
CVE-2025-57970,0.000160000,0.039370000,0.05555555555555555,2026-06-04,2026-06-04,CVE-2025-57970,4.3,2026-04-23T15:33:09.240
CVE-2025-57969,0.000610000,0.192140000,0.6458333333333334,2026-06-04,2026-06-04,CVE-2025-57969,4.3,2026-04-23T15:33:09.127
CVE-2025-57968,0.001940000,0.411910000,0.8881944444444444,2026-06-04,2026-06-04,CVE-2025-57968,7.1,2026-04-23T15:33:08.997
CVE-2025-57967,0.000810000,0.238860000,0.7467592592592592,2026-06-04,2026-06-04,CVE-2025-57967,6.5,2026-04-23T15:33:08.883
CVE-2025-57966,0.000810000,0.238860000,0.7467592592592592,2026-06-04,2026-06-04,CVE-2025-57966,6.5,2026-04-23T15:33:08.770
CVE-2025-57965,0.000810000,0.238860000,0.7467592592592592,2026-06-04,2026-06-04,CVE-2025-57965,6.5,2026-04-28T19:33:59.283
CVE-2025-57964,0.000810000,0.238860000,0.7467592592592592,2026-06-04,2026-06-04,CVE-2025-57964,6.5,2026-04-23T15:33:08.557
CVE-2025-57963,0.000810000,0.238860000,0.7467592592592592,2026-06-04,2026-06-04,CVE-2025-57963,6.5,2026-04-23T15:33:08.447
CVE-2025-57962,0.000750000,0.226510000,0.7236111111111111,2026-06-04,2026-06-04,CVE-2025-57962,5.9,2026-04-23T15:33:08.337
CVE-2025-57961,0.000870000,0.249930000,0.767824074074074,2026-06-04,2026-06-04,CVE-2025-57961,4.3,2026-04-23T15:33:08.227
CVE-2025-57960,0.000330000,0.101640000,0.3875,2026-06-04,2026-06-04,CVE-2025-57960,4.3,2026-04-23T15:33:08.117
CVE-2025-57959,0.000750000,0.226510000,0.7236111111111111,2026-06-04,2026-06-04,CVE-2025-57959,5.9,2026-04-23T15:33:08.007
CVE-2025-57957,0.000650000,0.203110000,0.669212962962963,2026-06-04,2026-06-04,CVE-2025-57957,5.3,2026-04-23T15:33:07.893
CVE-2025-57956,0.000750000,0.226510000,0.7236111111111111,2026-06-04,2026-06-04,CVE-2025-57956,5.9,2026-04-23T15:33:07.780
CVE-2025-57955,0.000690000,0.212530000,0.6981481481481482,2026-06-04,2026-06-04,CVE-2025-57955,6.5,2026-04-23T15:33:07.667
CVE-2025-57954,0.000810000,0.238860000,0.7467592592592592,2026-06-04,2026-06-04,CVE-2025-57954,6.5,2026-04-23T15:33:07.563
CVE-2025-57953,0.000810000,0.238860000,0.7467592592592592,2026-06-04,2026-06-04,CVE-2025-57953,6.5,2026-04-23T15:33:07.450
CVE-2025-57952,0.000750000,0.226510000,0.7236111111111111,2026-06-04,2026-06-04,CVE-2025-57952,5.9,2026-04-23T15:33:07.340
CVE-2025-57951,0.000750000,0.226510000,0.7236111111111111,2026-06-04,2026-06-04,CVE-2025-57951,5.9,2026-04-23T15:33:07.227
CVE-2025-57950,0.000300000,0.089610000,0.32546296296296295,2026-06-04,2026-06-04,CVE-2025-57950,5.9,2026-04-23T15:33:07.110
CVE-2025-57949,0.000870000,0.249930000,0.767824074074074,2026-06-04,2026-06-04,CVE-2025-57949,5.4,2026-04-23T15:33:07.000
CVE-2025-57948,0.000320000,0.097740000,0.3541666666666667,2026-06-04,2026-06-04,CVE-2025-57948,6.5,2026-04-23T15:33:06.887
CVE-2025-57947,0.000320000,0.097740000,0.3541666666666667,2026-06-04,2026-06-04,CVE-2025-57947,6.5,2026-04-23T15:33:06.773
CVE-2025-57946,0.000360000,0.111830000,0.41064814814814815,2026-06-04,2026-06-04,CVE-2025-57946,5.4,2026-04-23T15:33:06.657
CVE-2025-57945,0.000750000,0.226510000,0.7236111111111111,2026-06-04,2026-06-04,CVE-2025-57945,5.9,2026-04-23T15:33:06.540
CVE-2025-57944,0.000420000,0.131110000,0.46944444444444444,2026-06-04,2026-06-04,CVE-2025-57944,5.3,2026-04-23T15:33:06.430
CVE-2025-58992,0.000320000,0.097740000,0.3541666666666667,2026-06-04,2026-06-04,CVE-2025-58992,6.5,2026-04-23T15:34:00.630
CVE-2025-58974,0.000320000,0.097740000,0.3541666666666667,2026-06-04,2026-06-04,CVE-2025-58974,6.5,2026-04-23T15:33:58.503
CVE-2025-58973,0.001290000,0.318050000,0.8372685185185185,2026-06-04,2026-06-04,CVE-2025-58973,7.5,2026-04-23T15:33:58.390
CVE-2025-58969,0.000420000,0.131110000,0.46944444444444444,2026-06-04,2026-06-04,CVE-2025-58969,5.3,2026-04-23T15:33:58.130
CVE-2025-58968,0.000380000,0.115530000,0.42430555555555555,2026-06-04,2026-06-04,CVE-2025-58968,5.0,2026-04-23T15:33:58.020
CVE-2025-58965,0.000320000,0.097740000,0.3541666666666667,2026-06-04,2026-06-04,CVE-2025-58965,6.5,2026-04-28T19:34:25.007
CVE-2025-58962,0.000380000,0.115530000,0.42430555555555555,2026-06-04,2026-06-04,CVE-2025-58962,6.4,2026-04-23T15:33:57.313
CVE-2025-58960,0.000300000,0.089610000,0.32546296296296295,2026-06-04,2026-06-04,CVE-2025-58960,5.9,2026-04-23T15:33:57.203
CVE-2025-58957,0.000390000,0.122070000,0.43495370370370373,2026-06-04,2026-06-04,CVE-2025-58957,4.3,2026-04-23T15:33:56.783
CVE-2025-58956,0.000170000,0.043890000,0.07430555555555556,2026-06-04,2026-06-04,CVE-2025-58956,7.1,2026-04-23T15:33:56.673
CVE-2025-58704,0.000320000,0.097740000,0.3541666666666667,2026-06-04,2026-06-04,CVE-2025-58704,6.5,2026-04-23T15:33:36.633
CVE-2025-58703,0.000320000,0.097740000,0.3541666666666667,2026-06-04,2026-06-04,CVE-2025-58703,6.5,2026-04-23T15:33:36.520
CVE-2025-58702,0.000320000,0.097740000,0.3541666666666667,2026-06-04,2026-06-04,CVE-2025-58702,6.5,2026-04-23T15:33:36.410
CVE-2025-58691,0.000320000,0.097740000,0.3541666666666667,2026-06-04,2026-06-04,CVE-2025-58691,6.5,2026-04-23T15:33:36.300
CVE-2025-58690,0.000170000,0.043890000,0.07430555555555556,2026-06-04,2026-06-04,CVE-2025-58690,7.1,2026-04-23T15:33:36.177
CVE-2025-58689,0.000320000,0.097740000,0.3541666666666667,2026-06-04,2026-06-04,CVE-2025-58689,6.5,2026-04-23T15:33:36.063
CVE-2025-58688,0.000170000,0.043890000,0.07430555555555556,2026-06-04,2026-06-04,CVE-2025-58688,7.1,2026-04-23T15:33:35.950
CVE-2025-58687,0.000170000,0.043890000,0.07430555555555556,2026-06-04,2026-06-04,CVE-2025-58687,7.1,2026-04-23T15:33:35.837
CVE-2025-58686,0.000400000,0.124640000,0.4465277777777778,2026-06-04,2026-06-04,CVE-2025-58686,8.5,2026-04-23T15:33:35.723
CVE-2025-58685,0.000420000,0.131110000,0.46944444444444444,2026-06-04,2026-06-04,CVE-2025-58685,5.3,2026-04-23T15:33:35.620
CVE-2025-58684,0.000320000,0.097740000,0.3541666666666667,2026-06-04,2026-06-04,CVE-2025-58684,6.5,2026-04-23T15:33:35.507
CVE-2025-58683,0.000320000,0.097740000,0.3541666666666667,2026-06-04,2026-06-04,CVE-2025-58683,6.5,2026-04-23T15:33:35.397
CVE-2025-58682,0.000320000,0.097740000,0.3541666666666667,2026-06-04,2026-06-04,CVE-2025-58682,6.5,2026-04-23T15:33:35.283
CVE-2025-58681,0.000420000,0.132220000,0.46944444444444444,2026-06-04,2026-06-04,CVE-2025-58681,5.3,2026-04-23T15:33:35.173
CVE-2025-58680,0.000440000,0.139910000,0.4949074074074074,2026-06-04,2026-06-04,CVE-2025-58680,6.5,2026-04-23T15:33:35.037
CVE-2025-58679,0.000420000,0.132220000,0.46944444444444444,2026-06-04,2026-06-04,CVE-2025-58679,5.3,2026-04-23T15:33:34.900
CVE-2025-58678,0.000440000,0.139910000,0.4949074074074074,2026-06-04,2026-06-04,CVE-2025-58678,6.5,2026-04-23T15:33:34.787
CVE-2025-58677,0.000170000,0.043890000,0.07430555555555556,2026-06-04,2026-06-04,CVE-2025-58677,7.1,2026-04-23T15:33:34.673
CVE-2025-58676,0.000170000,0.043890000,0.07430555555555556,2026-06-04,2026-06-04,CVE-2025-58676,7.1,2026-04-23T15:33:34.547
CVE-2025-58675,0.000160000,0.039370000,0.05555555555555555,2026-06-04,2026-06-04,CVE-2025-58675,4.3,2026-04-23T15:33:34.423
CVE-2025-58673,0.000350000,0.106420000,0.4011574074074074,2026-06-04,2026-06-04,CVE-2025-58673,5.4,2026-04-23T15:33:34.220
CVE-2025-58672,0.000560000,0.179100000,0.6055555555555555,2026-06-04,2026-06-04,CVE-2025-58672,5.4,2026-04-23T15:33:34.110
CVE-2025-58671,0.000320000,0.098700000,0.3541666666666667,2026-06-04,2026-06-04,CVE-2025-58671,7.1,2026-04-23T15:33:34.000
CVE-2025-58670,0.000170000,0.043890000,0.07430555555555556,2026-06-04,2026-06-04,CVE-2025-58670,7.1,2026-04-23T15:33:33.893
CVE-2025-58669,0.000300000,0.089610000,0.32546296296296295,2026-06-04,2026-06-04,CVE-2025-58669,5.9,2026-04-23T15:33:33.780
CVE-2025-58668,0.000490000,0.154220000,0.5592592592592592,2026-06-04,2026-06-04,CVE-2025-58668,9.8,2026-04-23T15:33:33.660
CVE-2025-58667,0.000560000,0.179100000,0.6055555555555555,2026-06-04,2026-06-04,CVE-2025-58667,5.4,2026-04-23T15:33:33.547
CVE-2025-58666,0.000390000,0.122070000,0.43495370370370373,2026-06-04,2026-06-04,CVE-2025-58666,4.3,2026-04-23T15:33:33.437
CVE-2025-58665,0.000300000,0.089610000,0.32546296296296295,2026-06-04,2026-06-04,CVE-2025-58665,5.9,2026-04-23T15:33:33.327
CVE-2025-58664,0.000390000,0.122070000,0.43495370370370373,2026-06-04,2026-06-04,CVE-2025-58664,4.3,2026-04-23T15:33:33.217
CVE-2025-58663,0.000390000,0.122070000,0.43495370370370373,2026-06-04,2026-06-04,CVE-2025-58663,4.3,2026-04-23T15:33:33.103
CVE-2025-58662,0.001170000,0.301090000,0.8226851851851852,2026-06-04,2026-06-04,CVE-2025-58662,7.2,2026-04-23T15:33:32.990
CVE-2025-58661,0.000300000,0.089610000,0.32546296296296295,2026-06-04,2026-06-04,CVE-2025-58661,5.9,2026-04-23T15:33:32.877
CVE-2025-58660,0.000560000,0.179100000,0.6055555555555555,2026-06-04,2026-06-04,CVE-2025-58660,5.4,2026-04-23T15:33:32.763
CVE-2025-58659,0.000420000,0.132220000,0.46944444444444444,2026-06-04,2026-06-04,CVE-2025-58659,5.3,2026-04-23T15:33:32.650
CVE-2025-58658,0.000300000,0.089610000,0.32546296296296295,2026-06-04,2026-06-04,CVE-2025-58658,5.9,2026-04-28T19:34:12.520
CVE-2025-58657,0.000170000,0.043890000,0.07430555555555556,2026-06-04,2026-06-04,CVE-2025-58657,7.1,2026-04-23T15:33:32.427
CVE-2025-58656,0.000420000,0.132220000,0.46944444444444444,2026-06-04,2026-06-04,CVE-2025-58656,5.3,2026-04-23T15:33:32.313
CVE-2025-58655,0.000300000,0.089610000,0.32546296296296295,2026-06-04,2026-06-04,CVE-2025-58655,5.9,2026-04-23T15:33:32.200
CVE-2025-58654,0.000320000,0.097740000,0.3541666666666667,2026-06-04,2026-06-04,CVE-2025-58654,6.5,2026-04-23T15:33:32.087
CVE-2025-58653,0.000320000,0.097740000,0.3541666666666667,2026-06-04,2026-06-04,CVE-2025-58653,6.5,2026-04-23T15:33:31.977
CVE-2025-58652,0.000320000,0.097740000,0.3541666666666667,2026-06-04,2026-06-04,CVE-2025-58652,6.5,2026-04-23T15:33:31.867
CVE-2025-58651,0.000320000,0.097740000,0.3541666666666667,2026-06-04,2026-06-04,CVE-2025-58651,6.5,2026-04-23T15:33:31.753
CVE-2025-58650,0.000560000,0.179100000,0.6055555555555555,2026-06-04,2026-06-04,CVE-2025-58650,5.4,2026-04-23T15:33:31.640
CVE-2025-58649,0.000410000,0.127060000,0.46111111111111114,2026-06-04,2026-06-04,CVE-2025-58649,4.3,2026-04-23T15:33:31.527
CVE-2025-58648,0.000320000,0.097740000,0.3541666666666667,2026-06-04,2026-06-04,CVE-2025-58648,6.5,2026-04-23T15:33:31.410
CVE-2025-58647,0.000300000,0.089610000,0.32546296296296295,2026-06-04,2026-06-04,CVE-2025-58647,5.9,2026-04-23T15:33:31.293
CVE-2025-58646,0.000300000,0.089610000,0.32546296296296295,2026-06-04,2026-06-04,CVE-2025-58646,5.9,2026-04-23T15:33:31.180
CVE-2025-58645,0.000300000,0.089610000,0.32546296296296295,2026-06-04,2026-06-04,CVE-2025-58645,5.9,2026-04-23T15:33:31.070
CVE-2025-58271,0.000300000,0.089610000,0.32546296296296295,2026-06-04,2026-06-04,CVE-2025-58271,5.9,2026-04-23T15:33:25.460
CVE-2025-58270,0.000170000,0.043890000,0.07430555555555556,2026-06-04,2026-06-04,CVE-2025-58270,7.1,2026-04-23T15:33:25.353
CVE-2025-58269,0.000420000,0.132220000,0.46944444444444444,2026-06-04,2026-06-04,CVE-2025-58269,5.3,2026-04-23T15:33:25.240
CVE-2025-58268,0.000170000,0.043890000,0.07430555555555556,2026-06-04,2026-06-04,CVE-2025-58268,7.1,2026-04-23T15:33:25.130
CVE-2025-58267,0.000170000,0.043890000,0.07430555555555556,2026-06-04,2026-06-04,CVE-2025-58267,7.1,2026-04-23T15:33:25.020
CVE-2025-58266,0.000300000,0.089610000,0.32546296296296295,2026-06-04,2026-06-04,CVE-2025-58266,5.9,2026-04-23T15:33:24.910
CVE-2025-58265,0.000320000,0.097740000,0.3541666666666667,2026-06-04,2026-06-04,CVE-2025-58265,6.5,2026-04-28T19:34:08.137
CVE-2025-58264,0.000320000,0.097740000,0.3541666666666667,2026-06-04,2026-06-04,CVE-2025-58264,6.5,2026-04-23T15:33:24.630
CVE-2025-58263,0.000320000,0.097740000,0.3541666666666667,2026-06-04,2026-06-04,CVE-2025-58263,6.5,2026-04-23T15:33:24.520
CVE-2025-58262,0.000170000,0.043890000,0.07430555555555556,2026-06-04,2026-06-04,CVE-2025-58262,7.1,2026-04-23T15:33:24.403
CVE-2025-58261,0.000170000,0.043890000,0.07430555555555556,2026-06-04,2026-06-04,CVE-2025-58261,7.1,2026-04-23T15:33:24.277
CVE-2025-58260,0.000320000,0.097740000,0.3541666666666667,2026-06-04,2026-06-04,CVE-2025-58260,6.5,2026-04-23T15:33:24.160
CVE-2025-58259,0.000160000,0.040690000,0.05555555555555555,2026-06-04,2026-06-04,CVE-2025-58259,7.1,2026-04-23T15:33:24.047
CVE-2025-58258,0.000380000,0.115530000,0.42430555555555555,2026-06-04,2026-06-04,CVE-2025-58258,4.3,2026-04-23T15:33:23.937
CVE-2025-58257,0.000320000,0.097740000,0.3541666666666667,2026-06-04,2026-06-04,CVE-2025-58257,6.5,2026-04-23T15:33:23.823
CVE-2025-58256,0.000300000,0.089610000,0.32546296296296295,2026-06-04,2026-06-04,CVE-2025-58256,5.9,2026-04-23T15:33:23.710
CVE-2025-58255,0.000200000,0.056840000,0.1476851851851852,2026-06-04,2026-06-04,CVE-2025-58255,9.6,2026-04-23T15:33:23.603
CVE-2025-58254,0.000320000,0.097740000,0.3541666666666667,2026-06-04,2026-06-04,CVE-2025-58254,6.5,2026-04-23T15:33:23.493
CVE-2025-58253,0.000320000,0.097740000,0.3541666666666667,2026-06-04,2026-06-04,CVE-2025-58253,6.5,2026-04-23T15:33:23.387
CVE-2025-58252,0.000410000,0.127060000,0.46111111111111114,2026-06-04,2026-06-04,CVE-2025-58252,4.3,2026-04-23T15:33:23.277
CVE-2025-58251,0.000390000,0.122070000,0.43495370370370373,2026-06-04,2026-06-04,CVE-2025-58251,4.3,2026-04-23T15:33:23.167
CVE-2025-58250,0.000180000,0.051230000,0.11435185185185186,2026-06-04,2026-06-04,CVE-2025-58250,8.8,2026-04-23T15:33:23.057
CVE-2025-58249,0.000410000,0.127060000,0.46111111111111114,2026-06-04,2026-06-04,CVE-2025-58249,4.3,2026-04-23T15:33:22.947
CVE-2025-58248,0.000320000,0.097740000,0.3541666666666667,2026-06-04,2026-06-04,CVE-2025-58248,6.5,2026-04-23T15:33:22.837
CVE-2025-58247,0.000420000,0.132220000,0.46944444444444444,2026-06-04,2026-06-04,CVE-2025-58247,5.3,2026-04-23T15:33:22.723
CVE-2025-58245,0.000300000,0.089610000,0.32546296296296295,2026-06-04,2026-06-04,CVE-2025-58245,5.9,2026-04-23T15:33:22.517
CVE-2025-58244,0.000200000,0.056840000,0.1476851851851852,2026-06-04,2026-06-04,CVE-2025-58244,8.8,2026-04-23T15:33:22.403
CVE-2025-58242,0.000320000,0.097740000,0.3541666666666667,2026-06-04,2026-06-04,CVE-2025-58242,6.5,2026-04-23T15:33:22.147
CVE-2025-58241,0.000320000,0.097740000,0.3541666666666667,2026-06-04,2026-06-04,CVE-2025-58241,6.5,2026-04-23T15:33:22.030
CVE-2025-58240,0.000810000,0.238860000,0.7467592592592592,2026-06-04,2026-06-04,CVE-2025-58240,6.5,2026-04-23T15:33:21.910
CVE-2025-58239,0.000810000,0.238860000,0.7467592592592592,2026-06-04,2026-06-04,CVE-2025-58239,6.5,2026-04-23T15:33:21.793
CVE-2025-58238,0.000320000,0.097740000,0.3541666666666667,2026-06-04,2026-06-04,CVE-2025-58238,6.5,2026-04-23T15:33:21.687
CVE-2025-58237,0.000320000,0.097740000,0.3541666666666667,2026-06-04,2026-06-04,CVE-2025-58237,6.5,2026-04-23T15:33:21.573
CVE-2025-58236,0.000160000,0.039370000,0.05555555555555555,2026-06-04,2026-06-04,CVE-2025-58236,4.3,2026-04-23T15:33:21.463
CVE-2025-58235,0.000320000,0.097740000,0.3541666666666667,2026-06-04,2026-06-04,CVE-2025-58235,6.5,2026-04-23T15:33:21.350
CVE-2025-58234,0.000260000,0.079160000,0.2759259259259259,2026-06-04,2026-06-04,CVE-2025-58234,5.4,2026-04-23T15:33:21.233
CVE-2025-58233,0.000320000,0.097740000,0.3541666666666667,2026-06-04,2026-06-04,CVE-2025-58233,6.5,2026-04-23T15:33:21.123
CVE-2025-58232,0.000320000,0.097740000,0.3541666666666667,2026-06-04,2026-06-04,CVE-2025-58232,6.5,2026-04-23T15:33:21.010
CVE-2025-58231,0.000320000,0.097740000,0.3541666666666667,2026-06-04,2026-06-04,CVE-2025-58231,6.5,2026-04-23T15:33:20.897
CVE-2025-58230,0.000320000,0.097740000,0.3541666666666667,2026-06-04,2026-06-04,CVE-2025-58230,6.5,2026-04-23T15:33:20.780
CVE-2025-58229,0.000320000,0.097740000,0.3541666666666667,2026-06-04,2026-06-04,CVE-2025-58229,6.5,2026-04-23T15:33:20.667
CVE-2025-9960,0.000650000,0.203770000,0.669212962962963,2026-06-04,2026-06-04,CVE-2025-9960,,2026-04-15T00:35:42.020
CVE-2025-9495,0.000300000,0.091080000,0.32546296296296295,2026-06-04,2026-06-04,CVE-2025-9495,,2026-04-15T00:35:42.020
CVE-2025-9494,0.002460000,0.480930000,0.9090277777777778,2026-06-04,2026-06-04,CVE-2025-9494,,2026-04-15T00:35:42.020
CVE-2025-9321,0.001920000,0.409300000,0.8875,2026-06-04,2026-06-04,CVE-2025-9321,9.8,2026-04-15T00:35:42.020
CVE-2025-8902,0.000350000,0.107720000,0.4011574074074074,2026-06-04,2026-06-04,CVE-2025-8902,6.4,2026-04-15T00:35:42.020
CVE-2025-8892,0.000300000,0.089720000,0.32546296296296295,2026-06-04,2026-06-04,CVE-2025-8892,7.8,2025-09-25T18:24:00.030
CVE-2025-59592,0.000320000,0.097740000,0.3541666666666667,2026-06-04,2026-06-04,CVE-2025-59592,6.5,2026-04-23T15:34:06.750
CVE-2025-59591,0.000390000,0.122070000,0.43495370370370373,2026-06-04,2026-06-04,CVE-2025-59591,4.3,2026-04-23T15:34:06.637
CVE-2025-59590,0.000300000,0.089610000,0.32546296296296295,2026-06-04,2026-06-04,CVE-2025-59590,5.9,2026-04-23T15:34:06.523
CVE-2025-59589,0.000320000,0.097740000,0.3541666666666667,2026-06-04,2026-06-04,CVE-2025-59589,6.5,2026-04-23T15:34:06.413
CVE-2025-59588,0.001290000,0.318050000,0.8372685185185185,2026-06-04,2026-06-04,CVE-2025-59588,7.5,2026-04-23T15:34:06.300
CVE-2025-59587,0.000320000,0.097740000,0.3541666666666667,2026-06-04,2026-06-04,CVE-2025-59587,6.5,2026-04-23T15:34:06.183
CVE-2025-59586,0.000320000,0.097740000,0.3541666666666667,2026-06-04,2026-06-04,CVE-2025-59586,6.5,2026-04-23T15:34:06.070
CVE-2025-59585,0.000320000,0.097740000,0.3541666666666667,2026-06-04,2026-06-04,CVE-2025-59585,6.5,2026-04-23T15:34:05.950
CVE-2025-59584,0.000320000,0.097740000,0.3541666666666667,2026-06-04,2026-06-04,CVE-2025-59584,6.5,2026-04-23T15:34:05.817
CVE-2025-59583,0.000320000,0.097740000,0.3541666666666667,2026-06-04,2026-06-04,CVE-2025-59583,6.5,2026-04-23T15:34:05.667
CVE-2025-59582,0.005590000,0.686070000,0.9497685185185185,2026-06-04,2026-06-04,CVE-2025-59582,5.3,2026-04-23T15:34:05.547
CVE-2025-59581,0.000590000,0.185530000,0.6287037037037037,2026-06-04,2026-06-04,CVE-2025-59581,6.5,2026-04-23T15:34:05.433
CVE-2025-59577,0.000710000,0.218940000,0.7085648148148148,2026-06-04,2026-06-04,CVE-2025-59577,4.3,2026-04-23T15:34:05.320
CVE-2025-59576,0.000390000,0.122070000,0.43495370370370373,2026-06-04,2026-06-04,CVE-2025-59576,6.5,2026-04-23T15:34:05.210
CVE-2025-59574,0.000320000,0.097740000,0.3541666666666667,2026-06-04,2026-06-04,CVE-2025-59574,6.5,2026-04-23T15:34:05.097
CVE-2025-59573,0.000470000,0.150850000,0.5252314814814815,2026-06-04,2026-06-04,CVE-2025-59573,5.3,2026-04-23T15:34:04.970
CVE-2025-59572,0.000200000,0.056840000,0.1476851851851852,2026-06-04,2026-06-04,CVE-2025-59572,8.8,2026-04-23T15:34:04.857
CVE-2025-59570,0.000370000,0.113980000,0.41898148148148145,2026-06-04,2026-06-04,CVE-2025-59570,7.6,2026-04-23T15:34:04.743
CVE-2025-59569,0.000320000,0.097740000,0.3541666666666667,2026-06-04,2026-06-04,CVE-2025-59569,6.5,2026-04-23T15:34:04.630
CVE-2025-59568,0.000160000,0.039370000,0.05555555555555555,2026-06-04,2026-06-04,CVE-2025-59568,4.3,2026-04-23T15:34:04.510
CVE-2025-59567,0.000370000,0.114910000,0.41898148148148145,2026-06-04,2026-06-04,CVE-2025-59567,5.5,2026-04-23T15:34:04.400
CVE-2025-59565,0.000320000,0.097740000,0.3541666666666667,2026-06-04,2026-06-04,CVE-2025-59565,6.5,2026-04-23T15:34:04.133
CVE-2025-59562,0.000520000,0.164440000,0.5782407407407407,2026-06-04,2026-06-04,CVE-2025-59562,5.5,2026-04-23T15:34:04.023
CVE-2025-59561,0.000390000,0.122070000,0.43495370370370373,2026-06-04,2026-06-04,CVE-2025-59561,4.3,2026-04-23T15:34:03.910
CVE-2025-59559,0.000390000,0.122070000,0.43495370370370373,2026-06-04,2026-06-04,CVE-2025-59559,4.3,2026-04-23T15:34:03.793
CVE-2025-59553,0.000320000,0.097740000,0.3541666666666667,2026-06-04,2026-06-04,CVE-2025-59553,6.5,2026-04-23T15:34:03.530
CVE-2025-59552,0.000320000,0.097740000,0.3541666666666667,2026-06-04,2026-06-04,CVE-2025-59552,6.5,2026-04-23T15:34:03.420
CVE-2025-59551,0.000390000,0.122070000,0.43495370370370373,2026-06-04,2026-06-04,CVE-2025-59551,4.3,2026-04-23T15:34:03.310
CVE-2025-59549,0.000320000,0.097740000,0.3541666666666667,2026-06-04,2026-06-04,CVE-2025-59549,6.5,2026-04-23T15:34:03.193
CVE-2025-59535,0.001070000,0.284220000,0.8122685185185186,2026-06-04,2026-06-04,CVE-2025-59535,6.5,2025-09-29T12:53:14.557
CVE-2025-59532,0.000920000,0.259160000,0.7844907407407408,2026-06-04,2026-06-04,CVE-2025-59532,,2026-04-15T00:35:42.020
CVE-2025-59528,0.862020000,0.994140000,1.0,2026-06-04,2026-06-04,CVE-2025-59528,10.0,2025-09-23T16:45:09.443
CVE-2025-59527,0.001550000,0.359720000,0.8668981481481481,2026-06-04,2026-06-04,CVE-2025-59527,7.5,2025-09-23T16:47:43.363
CVE-2025-59526,0.000810000,0.239610000,0.7467592592592592,2026-06-04,2026-06-04,CVE-2025-59526,,2026-04-15T00:35:42.020
CVE-2025-59434,0.000600000,0.189790000,0.6351851851851852,2026-06-04,2026-06-04,CVE-2025-59434,9.6,2026-04-15T00:35:42.020
CVE-2025-59433,0.000310000,0.092570000,0.34375,2026-06-04,2026-06-04,CVE-2025-59433,5.3,2026-04-15T00:35:42.020
CVE-2025-59432,0.000980000,0.268750000,0.7983796296296296,2026-06-04,2026-06-04,CVE-2025-59432,,2026-04-15T00:35:42.020
CVE-2025-59430,0.000540000,0.172330000,0.5907407407407408,2026-06-04,2026-06-04,CVE-2025-59430,8.2,2026-04-15T00:35:42.020
CVE-2025-58915,0.000320000,0.097740000,0.3541666666666667,2026-06-04,2026-06-04,CVE-2025-58915,6.5,2026-04-23T15:33:52.140
CVE-2025-57205,0.000500000,0.158760000,0.5659722222222222,2026-06-04,2026-06-04,CVE-2025-57205,5.4,2025-10-03T17:43:02.160
CVE-2025-57204,0.000500000,0.158760000,0.5659722222222222,2026-06-04,2026-06-04,CVE-2025-57204,5.4,2025-10-03T17:45:38.487
CVE-2025-57203,0.000440000,0.139280000,0.4949074074074074,2026-06-04,2026-06-04,CVE-2025-57203,4.8,2025-10-03T17:49:07.950
CVE-2025-47910,0.000120000,0.019370000,0.03009259259259259,2026-06-04,2026-06-04,CVE-2025-47910,5.4,2026-04-15T00:35:42.020
CVE-2025-43814,0.000650000,0.204480000,0.669212962962963,2026-06-04,2026-06-04,CVE-2025-43814,6.5,2025-12-12T19:36:16.690
CVE-2025-43810,0.000570000,0.179730000,0.6113425925925926,2026-06-04,2026-06-04,CVE-2025-43810,4.3,2025-12-12T19:36:56.567
CVE-2025-43806,0.000560000,0.176890000,0.6055555555555555,2026-06-04,2026-06-04,CVE-2025-43806,4.3,2025-12-12T19:37:57.703
CVE-2025-42907,0.000390000,0.122070000,0.43495370370370373,2026-06-04,2026-06-04,CVE-2025-42907,4.3,2026-04-15T00:35:42.020
CVE-2025-39880,0.000190000,0.055240000,0.13171296296296298,2026-06-04,2026-06-04,CVE-2025-39880,7.8,2026-01-20T20:27:54.100
CVE-2025-39879,0.000200000,0.057480000,0.1476851851851852,2026-06-04,2026-06-04,CVE-2025-39879,5.5,2026-01-14T20:16:10.457
CVE-2025-39878,0.000200000,0.057480000,0.1476851851851852,2026-06-04,2026-06-04,CVE-2025-39878,5.5,2026-01-14T20:16:10.283
CVE-2025-39877,0.000190000,0.055240000,0.13171296296296298,2026-06-04,2026-06-04,CVE-2025-39877,7.8,2026-01-20T20:29:36.387
CVE-2025-39876,0.000320000,0.098140000,0.3541666666666667,2026-06-04,2026-06-04,CVE-2025-39876,5.5,2026-01-20T20:33:01.007
CVE-2025-39875,0.000200000,0.057480000,0.1476851851851852,2026-06-04,2026-06-04,CVE-2025-39875,5.5,2026-01-14T20:16:10.007
CVE-2025-39874,0.000200000,0.057480000,0.1476851851851852,2026-06-04,2026-06-04,CVE-2025-39874,5.5,2026-01-14T20:16:09.857
CVE-2025-39873,0.000200000,0.056240000,0.1476851851851852,2026-06-04,2026-06-04,CVE-2025-39873,7.8,2026-01-20T20:33:41.183
CVE-2025-39872,0.000240000,0.072610000,0.2363425925925926,2026-06-04,2026-06-04,CVE-2025-39872,5.5,2026-01-08T10:15:49.230
CVE-2025-39871,0.000200000,0.058100000,0.1476851851851852,2026-06-04,2026-06-04,CVE-2025-39871,7.8,2026-01-11T17:15:53.330
CVE-2025-39870,0.000190000,0.055240000,0.13171296296296298,2026-06-04,2026-06-04,CVE-2025-39870,7.8,2026-01-20T20:40:34.427
CVE-2025-39869,0.000260000,0.078270000,0.2759259259259259,2026-06-04,2026-06-04,CVE-2025-39869,7.1,2026-01-20T20:41:15.407
CVE-2025-39868,0.000210000,0.061540000,0.16643518518518519,2026-06-04,2026-06-04,CVE-2025-39868,7.8,2026-01-14T20:16:09.690
CVE-2025-26399,0.267490000,0.964450000,0.9967592592592592,2026-06-04,2026-06-04,CVE-2025-26399,9.8,2026-03-10T13:11:15.553
CVE-2025-1131,0.000520000,0.166840000,0.5782407407407407,2026-06-04,2026-06-04,CVE-2025-1131,7.8,2025-11-03T18:15:48.883
CVE-2025-10843,0.000520000,0.165380000,0.5782407407407407,2026-06-04,2026-06-04,CVE-2025-10843,9.8,2026-04-29T01:00:01.613
CVE-2025-10842,0.000460000,0.144390000,0.5120370370370371,2026-06-04,2026-06-04,CVE-2025-10842,9.8,2026-04-29T01:00:01.613
CVE-2025-10841,0.000460000,0.144390000,0.5120370370370371,2026-06-04,2026-06-04,CVE-2025-10841,9.8,2026-04-29T01:00:01.613
CVE-2025-10840,0.000440000,0.138970000,0.4949074074074074,2026-06-04,2026-06-04,CVE-2025-10840,8.8,2026-04-29T01:00:01.613
CVE-2025-10839,0.000440000,0.138970000,0.4949074074074074,2026-06-04,2026-06-04,CVE-2025-10839,8.8,2026-04-29T01:00:01.613
CVE-2025-10838,0.003540000,0.580200000,0.930787037037037,2026-06-04,2026-06-04,CVE-2025-10838,8.8,2025-10-03T15:09:55.663
CVE-2025-10837,0.000300000,0.089260000,0.32546296296296295,2026-06-04,2026-06-04,CVE-2025-10837,5.4,2026-04-29T01:00:01.613
CVE-2025-10836,0.000460000,0.144390000,0.5120370370370371,2026-06-04,2026-06-04,CVE-2025-10836,9.8,2026-04-29T01:00:01.613
CVE-2025-10835,0.000600000,0.189480000,0.6351851851851852,2026-06-04,2026-06-04,CVE-2025-10835,8.8,2026-04-29T01:00:01.613
CVE-2025-10834,0.000460000,0.144390000,0.5120370370370371,2026-06-04,2026-06-04,CVE-2025-10834,9.8,2026-04-29T01:00:01.613
CVE-2025-10833,0.000500000,0.158910000,0.5659722222222222,2026-06-04,2026-06-04,CVE-2025-10833,9.8,2026-04-29T01:00:01.613
CVE-2025-10832,0.000460000,0.144390000,0.5120370370370371,2026-06-04,2026-06-04,CVE-2025-10832,9.8,2026-04-29T01:00:01.613
CVE-2025-10831,0.000620000,0.194940000,0.6523148148148148,2026-06-04,2026-06-04,CVE-2025-10831,9.8,2026-04-29T01:00:01.613
CVE-2025-10830,0.000460000,0.144390000,0.5120370370370371,2026-06-04,2026-06-04,CVE-2025-10830,9.8,2026-04-29T01:00:01.613
CVE-2025-10829,0.000460000,0.144390000,0.5120370370370371,2026-06-04,2026-06-04,CVE-2025-10829,9.8,2026-04-29T01:00:01.613
CVE-2025-10828,0.000440000,0.138970000,0.4949074074074074,2026-06-04,2026-06-04,CVE-2025-10828,8.8,2026-04-29T01:00:01.613
CVE-2025-10827,0.000400000,0.122570000,0.4465277777777778,2026-06-04,2026-06-04,CVE-2025-10827,6.1,2026-04-29T01:00:01.613
CVE-2025-10826,0.000440000,0.138970000,0.4949074074074074,2026-06-04,2026-06-04,CVE-2025-10826,8.8,2026-04-29T01:00:01.613
CVE-2025-10825,0.000440000,0.138970000,0.4949074074074074,2026-06-04,2026-06-04,CVE-2025-10825,8.8,2026-04-29T01:00:01.613
CVE-2025-10824,0.000190000,0.054550000,0.13171296296296298,2026-06-04,2026-06-04,CVE-2025-10824,5.3,2026-04-29T01:00:01.613
CVE-2025-10823,0.000310000,0.092130000,0.34375,2026-06-04,2026-06-04,CVE-2025-10823,3.3,2026-04-29T01:00:01.613
CVE-2025-10822,0.000340000,0.103110000,0.3958333333333333,2026-06-04,2026-06-04,CVE-2025-10822,4.3,2026-04-29T01:00:01.613
CVE-2025-10821,0.000340000,0.103110000,0.3958333333333333,2026-06-04,2026-06-04,CVE-2025-10821,4.3,2026-04-29T01:00:01.613
CVE-2025-10820,0.000370000,0.112020000,0.41898148148148145,2026-06-04,2026-06-04,CVE-2025-10820,4.3,2026-04-29T01:00:01.613
CVE-2025-10819,0.000370000,0.112020000,0.41898148148148145,2026-06-04,2026-06-04,CVE-2025-10819,4.3,2026-04-29T01:00:01.613
CVE-2025-10817,0.000470000,0.150340000,0.5252314814814815,2026-06-04,2026-06-04,CVE-2025-10817,9.8,2026-04-29T01:00:01.613
CVE-2025-10816,0.000570000,0.181290000,0.6113425925925926,2026-06-04,2026-06-04,CVE-2025-10816,9.8,2026-04-29T01:00:01.613
CVE-2025-10815,0.002550000,0.491040000,0.9106481481481481,2026-06-04,2026-06-04,CVE-2025-10815,8.8,2025-09-25T18:07:11.053
CVE-2025-10814,0.002120000,0.436710000,0.8962962962962963,2026-06-04,2026-06-04,CVE-2025-10814,8.8,2026-04-29T01:00:01.613
CVE-2025-10813,0.000470000,0.150340000,0.5252314814814815,2026-06-04,2026-06-04,CVE-2025-10813,9.8,2026-04-29T01:00:01.613
CVE-2025-10812,0.000460000,0.144390000,0.5120370370370371,2026-06-04,2026-06-04,CVE-2025-10812,9.8,2026-04-29T01:00:01.613
CVE-2025-10380,0.000610000,0.193600000,0.6458333333333334,2026-06-04,2026-06-04,CVE-2025-10380,8.8,2026-04-15T00:35:42.020
CVE-2025-9966,0.000210000,0.060590000,0.16643518518518519,2026-06-04,2026-06-04,CVE-2025-9966,,2026-04-15T00:35:42.020
CVE-2025-9965,0.003770000,0.595790000,0.9347222222222222,2026-06-04,2026-06-04,CVE-2025-9965,,2026-04-15T00:35:42.020
CVE-2025-9964,0.000320000,0.096840000,0.3541666666666667,2026-06-04,2026-06-04,CVE-2025-9964,,2026-04-15T00:35:42.020
CVE-2025-9963,0.000330000,0.099680000,0.3875,2026-06-04,2026-06-04,CVE-2025-9963,,2026-04-15T00:35:42.020
CVE-2025-9962,0.001050000,0.280810000,0.8090277777777778,2026-06-04,2026-06-04,CVE-2025-9962,,2026-04-15T00:35:42.020
CVE-2025-9900,0.000390000,0.119590000,0.43495370370370373,2026-06-04,2026-06-04,CVE-2025-9900,8.8,2026-04-20T22:16:22.580
CVE-2025-9846,0.002770000,0.513680000,0.9162037037037037,2026-06-04,2026-06-04,CVE-2025-9846,10.0,2026-04-15T00:35:42.020
CVE-2025-9844,0.000680000,0.211990000,0.6902777777777778,2026-06-04,2026-06-04,CVE-2025-9844,8.8,2026-04-15T00:35:42.020
CVE-2025-9798,0.000410000,0.126270000,0.46111111111111114,2026-06-04,2026-06-04,CVE-2025-9798,8.9,2026-04-15T00:35:42.020
CVE-2025-9588,0.003820000,0.599040000,0.9351851851851852,2026-06-04,2026-06-04,CVE-2025-9588,9.8,2025-10-02T14:24:13.747
CVE-2025-9342,0.000440000,0.139910000,0.4949074074074074,2026-06-04,2026-06-04,CVE-2025-9342,6.5,2026-04-15T00:35:42.020
CVE-2025-9054,0.002170000,0.443140000,0.9009259259259259,2026-06-04,2026-06-04,CVE-2025-9054,9.8,2026-04-15T00:35:42.020
CVE-2025-9031,0.000410000,0.127060000,0.46111111111111114,2026-06-04,2026-06-04,CVE-2025-9031,4.3,2026-04-15T00:35:42.020
CVE-2025-8410,0.000390000,0.118920000,0.43495370370370373,2026-06-04,2026-06-04,CVE-2025-8410,7.4,2025-10-01T18:38:30.100
CVE-2025-8354,0.000300000,0.089720000,0.32546296296296295,2026-06-04,2026-06-04,CVE-2025-8354,7.8,2025-10-02T21:16:01.800
CVE-2025-8282,0.000240000,0.072350000,0.2363425925925926,2026-06-04,2026-06-04,CVE-2025-8282,3.5,2026-04-15T00:35:42.020
CVE-2025-7106,0.000360000,0.110390000,0.41064814814814815,2026-06-04,2026-06-04,CVE-2025-7106,5.3,2025-10-20T19:00:25.837
CVE-2025-6921,0.000360000,0.110280000,0.41064814814814815,2026-06-04,2026-06-04,CVE-2025-6921,7.5,2025-10-10T21:31:30.230
CVE-2025-60020,0.000460000,0.146990000,0.5120370370370371,2026-06-04,2026-06-04,CVE-2025-60020,6.4,2026-04-15T00:35:42.020
CVE-2025-59826,0.000570000,0.180120000,0.6113425925925926,2026-06-04,2026-06-04,CVE-2025-59826,7.6,2025-10-08T16:35:50.263
CVE-2025-59825,0.000290000,0.086930000,0.31527777777777777,2026-06-04,2026-06-04,CVE-2025-59825,,2026-04-15T00:35:42.020
CVE-2025-59822,0.000720000,0.221220000,0.7122685185185185,2026-06-04,2026-06-04,CVE-2025-59822,7.5,2025-10-08T17:35:04.200
CVE-2025-59821,0.000310000,0.093540000,0.34375,2026-06-04,2026-06-04,CVE-2025-59821,6.1,2025-09-29T12:58:27.157
CVE-2025-59548,0.000250000,0.074350000,0.24976851851851853,2026-06-04,2026-06-04,CVE-2025-59548,6.1,2025-09-29T12:58:02.710
CVE-2025-59547,0.000720000,0.220960000,0.7122685185185185,2026-06-04,2026-06-04,CVE-2025-59547,5.3,2025-09-29T12:57:09.407
CVE-2025-59546,0.000250000,0.075300000,0.24976851851851853,2026-06-04,2026-06-04,CVE-2025-59546,4.8,2025-09-29T12:56:28.353
CVE-2025-59545,0.000710000,0.217920000,0.7085648148148148,2026-06-04,2026-06-04,CVE-2025-59545,9.0,2025-09-29T12:56:04.663
CVE-2025-59539,0.000270000,0.082130000,0.2983796296296296,2026-06-04,2026-06-04,CVE-2025-59539,5.4,2025-09-29T12:42:58.927
CVE-2025-59534,0.000560000,0.176600000,0.6055555555555555,2026-06-04,2026-06-04,CVE-2025-59534,7.8,2025-10-08T17:41:50.037
CVE-2025-59484,0.000170000,0.045730000,0.07430555555555556,2026-06-04,2026-06-04,CVE-2025-59484,8.3,2026-04-15T00:35:42.020
CVE-2025-58674,0.000300000,0.089610000,0.32546296296296295,2026-06-04,2026-06-04,CVE-2025-58674,5.9,2026-04-28T19:34:13.510
CVE-2025-58473,0.000870000,0.248950000,0.767824074074074,2026-06-04,2026-06-04,CVE-2025-58473,5.9,2026-04-15T00:35:42.020
CVE-2025-58457,0.001120000,0.293700000,0.8168981481481481,2026-06-04,2026-06-04,CVE-2025-58457,4.3,2025-11-04T22:16:34.103
CVE-2025-58354,0.000670000,0.209010000,0.6851851851851852,2026-06-04,2026-06-04,CVE-2025-58354,,2026-04-15T00:35:42.020
CVE-2025-58319,0.000180000,0.051410000,0.11435185185185186,2026-06-04,2026-06-04,CVE-2025-58319,7.8,2025-09-25T18:19:38.530
CVE-2025-58317,0.000070000,0.005750000,0.0032407407407407406,2026-06-04,2026-06-04,CVE-2025-58317,7.8,2025-09-25T18:19:30.327
CVE-2025-58246,0.000410000,0.127060000,0.46111111111111114,2026-06-04,2026-06-04,CVE-2025-58246,4.3,2026-04-28T19:34:06.973
CVE-2025-58069,0.000420000,0.132220000,0.46944444444444444,2026-06-04,2026-06-04,CVE-2025-58069,5.3,2026-04-15T00:35:42.020
CVE-2025-57882,0.000870000,0.248950000,0.767824074074074,2026-06-04,2026-06-04,CVE-2025-57882,5.9,2026-04-15T00:35:42.020
CVE-2025-57639,0.033110000,0.874820000,0.987037037037037,2026-06-04,2026-06-04,CVE-2025-57639,6.5,2025-09-25T16:09:17.580
CVE-2025-57638,0.000890000,0.253530000,0.7759259259259259,2026-06-04,2026-06-04,CVE-2025-57638,7.5,2025-09-25T16:09:10.880
CVE-2025-57637,0.001310000,0.321700000,0.8416666666666667,2026-06-04,2026-06-04,CVE-2025-57637,7.5,2025-09-25T16:09:01.097
CVE-2025-57636,0.019240000,0.836950000,0.9796296296296296,2026-06-04,2026-06-04,CVE-2025-57636,6.5,2025-09-25T16:07:18.607
CVE-2025-57407,0.000330000,0.101330000,0.3875,2026-06-04,2026-06-04,CVE-2025-57407,5.4,2025-10-08T18:10:20.997
CVE-2025-5717,0.006250000,0.705680000,0.9550925925925926,2026-06-04,2026-06-04,CVE-2025-5717,7.2,2025-11-21T21:34:06.837
CVE-2025-56394,0.000890000,0.253530000,0.7759259259259259,2026-06-04,2026-06-04,CVE-2025-56394,7.5,2025-10-08T17:56:44.457
CVE-2025-56311,0.000300000,0.089020000,0.32546296296296295,2026-06-04,2026-06-04,CVE-2025-56311,6.5,2026-04-15T00:35:42.020
CVE-2025-56304,0.000350000,0.108490000,0.4011574074074074,2026-06-04,2026-06-04,CVE-2025-56304,6.1,2025-10-08T18:09:35.137
CVE-2025-56146,0.000280000,0.084650000,0.3087962962962963,2026-06-04,2026-06-04,CVE-2025-56146,5.3,2026-04-15T00:35:42.020
CVE-2025-55780,0.000660000,0.206080000,0.6733796296296296,2026-06-04,2026-06-04,CVE-2025-55780,7.5,2025-10-08T18:04:01.977
CVE-2025-55069,0.000480000,0.151820000,0.5486111111111112,2026-06-04,2026-06-04,CVE-2025-55069,8.3,2026-04-15T00:35:42.020
CVE-2025-55038,0.000310000,0.093650000,0.34375,2026-06-04,2026-06-04,CVE-2025-55038,6.8,2026-04-15T00:35:42.020
CVE-2025-54855,0.000070000,0.006010000,0.0032407407407407406,2026-06-04,2026-06-04,CVE-2025-54855,4.2,2026-04-15T00:35:42.020
CVE-2025-54081,0.000150000,0.033460000,0.050694444444444445,2026-06-04,2026-06-04,CVE-2025-54081,7.0,2025-10-08T17:48:27.567
CVE-2025-52905,0.001190000,0.303160000,0.825,2026-06-04,2026-06-04,CVE-2025-52905,7.5,2025-10-08T18:06:28.473
CVE-2025-51005,0.001820000,0.397060000,0.8826388888888889,2026-06-04,2026-06-04,CVE-2025-51005,7.5,2025-10-08T17:54:03.633
CVE-2025-4993,0.000800000,0.237180000,0.7423611111111111,2026-06-04,2026-06-04,CVE-2025-4993,9.1,2026-04-01T02:16:01.313
CVE-2025-48459,0.006250000,0.705630000,0.9550925925925926,2026-06-04,2026-06-04,CVE-2025-48459,5.3,2025-11-04T22:16:17.327
CVE-2025-48392,0.005050000,0.665670000,0.9469907407407407,2026-06-04,2026-06-04,CVE-2025-48392,7.5,2025-11-04T22:16:17.157
CVE-2025-4760,0.000250000,0.075300000,0.24976851851851853,2026-06-04,2026-06-04,CVE-2025-4760,4.8,2025-11-21T21:29:56.007
CVE-2025-4582,0.000210000,0.061540000,0.16643518518518519,2026-06-04,2026-06-04,CVE-2025-4582,7.1,2026-04-01T02:16:01.093
CVE-2025-45326,0.001770000,0.388860000,0.8789351851851852,2026-06-04,2026-06-04,CVE-2025-45326,6.5,2025-10-17T15:11:07.393
CVE-2025-43819,0.000480000,0.152060000,0.5486111111111112,2026-06-04,2026-06-04,CVE-2025-43819,6.5,2025-12-15T18:20:14.943
CVE-2025-43779,0.000330000,0.102210000,0.3875,2026-06-04,2026-06-04,CVE-2025-43779,6.1,2025-12-15T18:19:33.093
CVE-2025-41716,0.000430000,0.135990000,0.48541666666666666,2026-06-04,2026-06-04,CVE-2025-41716,5.3,2026-04-15T00:35:42.020
CVE-2025-41715,0.001320000,0.323250000,0.8428240740740741,2026-06-04,2026-06-04,CVE-2025-41715,9.8,2026-04-15T00:35:42.020
CVE-2025-39890,0.000190000,0.054140000,0.13171296296296298,2026-06-04,2026-06-04,CVE-2025-39890,5.5,2026-01-14T18:16:39.223
CVE-2025-39889,0.000070000,0.005000000,0.0032407407407407406,2026-06-04,2026-06-04,CVE-2025-39889,5.5,2026-04-02T09:16:19.227
CVE-2025-39888,0.000210000,0.061540000,0.16643518518518519,2026-06-04,2026-06-04,CVE-2025-39888,7.8,2026-01-14T20:16:11.270
CVE-2025-39887,0.000200000,0.057480000,0.1476851851851852,2026-06-04,2026-06-04,CVE-2025-39887,5.5,2026-01-14T20:16:11.100
CVE-2025-39886,0.000180000,0.047480000,0.11435185185185186,2026-06-04,2026-06-04,CVE-2025-39886,5.5,2026-01-14T20:16:10.937
CVE-2025-39885,0.000250000,0.074480000,0.24976851851851853,2026-06-04,2026-06-04,CVE-2025-39885,5.5,2026-01-16T19:29:02.180
CVE-2025-39884,0.000110000,0.013110000,0.025,2026-06-04,2026-06-04,CVE-2025-39884,4.7,2026-01-14T20:16:10.780
CVE-2025-39883,0.000220000,0.065340000,0.20671296296296296,2026-06-04,2026-06-04,CVE-2025-39883,7.1,2026-01-16T19:26:44.733
CVE-2025-39882,0.000180000,0.050680000,0.11435185185185186,2026-06-04,2026-06-04,CVE-2025-39882,7.8,2026-01-14T20:16:10.620
CVE-2025-39881,0.000190000,0.055240000,0.13171296296296298,2026-06-04,2026-06-04,CVE-2025-39881,7.8,2026-01-16T19:26:01.513
CVE-2025-29084,0.001760000,0.387760000,0.8777777777777778,2026-06-04,2026-06-04,CVE-2025-29084,6.5,2025-09-25T16:09:31.223
CVE-2025-29083,0.001760000,0.387760000,0.8777777777777778,2026-06-04,2026-06-04,CVE-2025-29083,6.5,2025-09-25T16:09:45.757
CVE-2025-1255,0.000800000,0.237180000,0.7423611111111111,2026-06-04,2026-06-04,CVE-2025-1255,9.1,2025-10-02T13:44:49.900
CVE-2025-10906,0.000270000,0.080350000,0.2983796296296296,2026-06-04,2026-06-04,CVE-2025-10906,8.4,2026-04-29T01:00:01.613
CVE-2025-10857,0.000460000,0.144390000,0.5120370370370371,2026-06-04,2026-06-04,CVE-2025-10857,9.8,2026-04-29T01:00:01.613
CVE-2025-10851,0.000460000,0.144390000,0.5120370370370371,2026-06-04,2026-06-04,CVE-2025-10851,9.8,2026-04-29T01:00:01.613
CVE-2025-10848,0.000440000,0.138970000,0.4949074074074074,2026-06-04,2026-06-04,CVE-2025-10848,8.8,2026-04-29T01:00:01.613
CVE-2025-10846,0.000430000,0.133510000,0.48541666666666666,2026-06-04,2026-06-04,CVE-2025-10846,8.8,2026-04-29T01:00:01.613
CVE-2025-10845,0.000430000,0.133510000,0.48541666666666666,2026-06-04,2026-06-04,CVE-2025-10845,8.8,2026-04-29T01:00:01.613
CVE-2025-10844,0.000430000,0.133510000,0.48541666666666666,2026-06-04,2026-06-04,CVE-2025-10844,8.8,2026-04-29T01:00:01.613
CVE-2025-10548,0.004200000,0.622680000,0.9400462962962963,2026-06-04,2026-06-04,CVE-2025-10548,6.5,2026-04-15T00:35:42.020
CVE-2025-10412,0.008640000,0.754610000,0.9641203703703703,2026-06-04,2026-06-04,CVE-2025-10412,9.8,2026-04-15T00:35:42.020
CVE-2025-10244,0.000670000,0.208920000,0.6851851851851852,2026-06-04,2026-06-04,CVE-2025-10244,8.7,2025-12-01T18:23:22.233
CVE-2025-10184,0.001790000,0.392060000,0.8807870370370371,2026-06-04,2026-06-04,CVE-2025-10184,,2026-04-15T00:35:42.020
CVE-2025-10147,0.006250000,0.705540000,0.9550925925925926,2026-06-04,2026-06-04,CVE-2025-10147,9.8,2026-04-15T00:35:42.020
CVE-2025-0672,0.000390000,0.121200000,0.43495370370370373,2026-06-04,2026-06-04,CVE-2025-0672,3.8,2025-10-03T16:38:03.687
CVE-2025-0663,0.000270000,0.080670000,0.2983796296296296,2026-06-04,2026-06-04,CVE-2025-0663,6.8,2025-10-06T13:44:26.807
CVE-2025-0209,0.000490000,0.155670000,0.5592592592592592,2026-06-04,2026-06-04,CVE-2025-0209,6.1,2025-10-06T13:45:48.313
CVE-2024-6429,0.000340000,0.102700000,0.3958333333333333,2026-06-04,2026-06-04,CVE-2024-6429,4.3,2025-10-06T13:39:38.010
CVE-2024-58241,0.000200000,0.057480000,0.1476851851851852,2026-06-04,2026-06-04,CVE-2024-58241,5.5,2026-01-14T20:16:06.653
CVE-2024-4598,0.001010000,0.273730000,0.8037037037037037,2026-06-04,2026-06-04,CVE-2024-4598,6.5,2026-01-09T02:34:20.723
CVE-2024-21935,0.000570000,0.180220000,0.6113425925925926,2026-06-04,2026-06-04,CVE-2024-21935,5.0,2026-04-15T00:35:42.020
CVE-2024-21927,0.000960000,0.265520000,0.7921296296296296,2026-06-04,2026-06-04,CVE-2024-21927,5.0,2026-04-15T00:35:42.020
CVE-2017-20200,0.000250000,0.074390000,0.24976851851851853,2026-06-04,2026-06-04,CVE-2017-20200,3.7,2026-04-29T01:00:01.613
CVE-2025-9353,0.000540000,0.172160000,0.5907407407407408,2026-06-04,2026-06-04,CVE-2025-9353,6.4,2026-04-15T00:35:42.020
CVE-2025-8869,0.000220000,0.065520000,0.20671296296296296,2026-06-04,2026-06-04,CVE-2025-8869,,2026-04-15T00:35:42.020
CVE-2025-59824,0.000310000,0.094690000,0.34375,2026-06-04,2026-06-04,CVE-2025-59824,5.4,2025-12-22T14:09:39.370
CVE-2025-59525,0.000380000,0.116440000,0.42430555555555555,2026-06-04,2026-06-04,CVE-2025-59525,6.1,2025-09-29T14:04:23.910
CVE-2025-59524,0.000290000,0.086590000,0.31527777777777777,2026-06-04,2026-06-04,CVE-2025-59524,6.1,2025-09-29T14:04:48.430
CVE-2025-59343,0.000330000,0.100170000,0.3875,2026-06-04,2026-06-04,CVE-2025-59343,,2026-04-15T00:35:42.020
CVE-2025-59305,0.001220000,0.308580000,0.8275462962962963,2026-06-04,2026-06-04,CVE-2025-59305,7.6,2025-12-02T18:09:52.547
CVE-2025-59251,0.000870000,0.250090000,0.767824074074074,2026-06-04,2026-06-04,CVE-2025-59251,7.6,2025-11-20T00:16:10.533
CVE-2025-57354,0.008500000,0.752330000,0.9638888888888889,2026-06-04,2026-06-04,CVE-2025-57354,6.5,2026-04-15T00:35:42.020
CVE-2025-57353,0.001310000,0.321260000,0.8416666666666667,2026-06-04,2026-06-04,CVE-2025-57353,5.3,2026-04-15T00:35:42.020
CVE-2025-57352,0.001640000,0.371380000,0.8724537037037037,2026-06-04,2026-06-04,CVE-2025-57352,5.3,2026-04-15T00:35:42.020
CVE-2025-57351,0.002500000,0.483900000,0.9101851851851852,2026-06-04,2026-06-04,CVE-2025-57351,6.5,2026-04-15T00:35:42.020
CVE-2025-57350,0.002180000,0.443860000,0.9018518518518519,2026-06-04,2026-06-04,CVE-2025-57350,8.6,2025-10-17T14:56:11.183
CVE-2025-57349,0.002420000,0.476030000,0.9083333333333333,2026-06-04,2026-06-04,CVE-2025-57349,7.5,2025-10-17T14:49:25.293
CVE-2025-57348,0.002420000,0.476230000,0.9083333333333333,2026-06-04,2026-06-04,CVE-2025-57348,6.5,2025-10-17T14:50:43.533
CVE-2025-57347,0.002040000,0.425220000,0.8930555555555556,2026-06-04,2026-06-04,CVE-2025-57347,9.8,2025-10-17T14:53:19.667
CVE-2025-57330,0.001450000,0.345460000,0.8560185185185185,2026-06-04,2026-06-04,CVE-2025-57330,7.5,2025-10-17T14:54:26.210
CVE-2025-57329,0.001450000,0.345460000,0.8560185185185185,2026-06-04,2026-06-04,CVE-2025-57329,7.5,2025-10-20T16:30:54.410
CVE-2025-57328,0.001450000,0.345460000,0.8560185185185185,2026-06-04,2026-06-04,CVE-2025-57328,7.5,2025-10-20T16:50:08.890
CVE-2025-57327,0.001450000,0.345460000,0.8560185185185185,2026-06-04,2026-06-04,CVE-2025-57327,7.5,2025-10-20T16:50:36.657
CVE-2025-57326,0.001450000,0.345460000,0.8560185185185185,2026-06-04,2026-06-04,CVE-2025-57326,7.5,2025-10-16T16:23:24.223
CVE-2025-57325,0.001450000,0.345460000,0.8560185185185185,2026-06-04,2026-06-04,CVE-2025-57325,7.5,2025-10-20T16:54:41.423
CVE-2025-57323,0.001450000,0.345460000,0.8560185185185185,2026-06-04,2026-06-04,CVE-2025-57323,7.5,2025-10-17T13:21:12.710
CVE-2025-57321,0.001530000,0.357140000,0.8638888888888889,2026-06-04,2026-06-04,CVE-2025-57321,9.8,2025-10-17T13:24:09.090
CVE-2025-56819,0.105390000,0.933960000,0.9958333333333333,2026-06-04,2026-06-04,CVE-2025-56819,9.8,2025-10-10T21:30:04.943
CVE-2025-56816,0.022560000,0.849050000,0.982175925925926,2026-06-04,2026-06-04,CVE-2025-56816,8.8,2025-10-10T21:06:27.993
CVE-2025-56815,0.001890000,0.405740000,0.8863425925925926,2026-06-04,2026-06-04,CVE-2025-56815,7.1,2025-10-10T21:07:03.727
CVE-2025-56241,0.002330000,0.462000000,0.9069444444444444,2026-06-04,2026-06-04,CVE-2025-56241,7.5,2026-04-15T00:35:42.020
CVE-2025-55322,0.001730000,0.383970000,0.8766203703703703,2026-06-04,2026-06-04,CVE-2025-55322,7.3,2025-10-01T20:31:58.350
CVE-2025-55178,0.002200000,0.446650000,0.9025462962962963,2026-06-04,2026-06-04,CVE-2025-55178,5.3,2026-04-15T00:35:42.020
CVE-2025-52907,0.002650000,0.501480000,0.9136574074074074,2026-06-04,2026-06-04,CVE-2025-52907,8.8,2025-10-14T19:44:48.410
CVE-2025-52906,0.008800000,0.757060000,0.9648148148148148,2026-06-04,2026-06-04,CVE-2025-52906,9.8,2025-10-14T19:45:06.873
CVE-2025-48869,0.001100000,0.289420000,0.8141203703703703,2026-06-04,2026-06-04,CVE-2025-48869,7.5,2025-09-29T14:05:30.127
CVE-2025-48868,0.046820000,0.895230000,0.9907407407407407,2026-06-04,2026-06-04,CVE-2025-48868,7.2,2025-09-29T14:06:57.020
CVE-2025-48867,0.000630000,0.198110000,0.65625,2026-06-04,2026-06-04,CVE-2025-48867,4.8,2025-09-29T14:06:04.530
CVE-2025-47329,0.000190000,0.051760000,0.13171296296296298,2026-06-04,2026-06-04,CVE-2025-47329,7.8,2025-09-25T15:58:55.557
CVE-2025-47328,0.000590000,0.187440000,0.6287037037037037,2026-06-04,2026-06-04,CVE-2025-47328,7.5,2025-09-25T16:01:15.057
CVE-2025-47327,0.000190000,0.051760000,0.13171296296296298,2026-06-04,2026-06-04,CVE-2025-47327,7.8,2025-09-25T16:03:48.773
CVE-2025-47326,0.000590000,0.187440000,0.6287037037037037,2026-06-04,2026-06-04,CVE-2025-47326,7.5,2025-09-25T16:03:58.223
CVE-2025-47318,0.000760000,0.229350000,0.7326388888888888,2026-06-04,2026-06-04,CVE-2025-47318,7.5,2025-11-28T16:14:16.630
CVE-2025-47317,0.000190000,0.051760000,0.13171296296296298,2026-06-04,2026-06-04,CVE-2025-47317,7.8,2025-09-25T16:04:08.330
CVE-2025-47316,0.000190000,0.051760000,0.13171296296296298,2026-06-04,2026-06-04,CVE-2025-47316,7.8,2025-09-25T16:04:16.090
CVE-2025-47315,0.000190000,0.051760000,0.13171296296296298,2026-06-04,2026-06-04,CVE-2025-47315,7.8,2025-09-25T16:04:23.580
CVE-2025-47314,0.000280000,0.084070000,0.3087962962962963,2026-06-04,2026-06-04,CVE-2025-47314,7.8,2025-09-25T16:07:28.137
CVE-2025-27077,0.000190000,0.051760000,0.13171296296296298,2026-06-04,2026-06-04,CVE-2025-27077,7.8,2025-09-25T16:07:38.010
CVE-2025-27037,0.000190000,0.051760000,0.13171296296296298,2026-06-04,2026-06-04,CVE-2025-27037,7.8,2025-09-25T16:07:48.703
CVE-2025-27036,0.000170000,0.044230000,0.07430555555555556,2026-06-04,2026-06-04,CVE-2025-27036,6.1,2025-09-25T16:08:00.893
CVE-2025-27034,0.000570000,0.179520000,0.6113425925925926,2026-06-04,2026-06-04,CVE-2025-27034,9.8,2025-11-28T16:46:33.673
CVE-2025-27033,0.000170000,0.044230000,0.07430555555555556,2026-06-04,2026-06-04,CVE-2025-27033,6.1,2025-09-25T16:08:17.913
CVE-2025-27032,0.000170000,0.044340000,0.07430555555555556,2026-06-04,2026-06-04,CVE-2025-27032,7.8,2025-11-28T15:53:01.813
CVE-2025-27030,0.000170000,0.044230000,0.07430555555555556,2026-06-04,2026-06-04,CVE-2025-27030,6.1,2025-09-25T16:08:27.300
CVE-2025-23354,0.000250000,0.074980000,0.24976851851851853,2026-06-04,2026-06-04,CVE-2025-23354,7.8,2025-10-10T18:24:20.567
CVE-2025-23353,0.000250000,0.074980000,0.24976851851851853,2026-06-04,2026-06-04,CVE-2025-23353,7.8,2025-10-10T18:21:55.320
CVE-2025-23349,0.000250000,0.074980000,0.24976851851851853,2026-06-04,2026-06-04,CVE-2025-23349,7.8,2025-10-10T18:24:05.753
CVE-2025-23348,0.000250000,0.074980000,0.24976851851851853,2026-06-04,2026-06-04,CVE-2025-23348,7.8,2025-10-10T18:24:13.447
CVE-2025-23346,0.000260000,0.077410000,0.2759259259259259,2026-06-04,2026-06-04,CVE-2025-23346,3.3,2025-10-06T14:27:13.597
CVE-2025-23340,0.000320000,0.098400000,0.3541666666666667,2026-06-04,2026-06-04,CVE-2025-23340,3.3,2025-11-03T19:15:48.320
CVE-2025-23339,0.000200000,0.058140000,0.1476851851851852,2026-06-04,2026-06-04,CVE-2025-23339,7.8,2025-11-03T19:15:48.200
CVE-2025-23338,0.000320000,0.095540000,0.3541666666666667,2026-06-04,2026-06-04,CVE-2025-23338,5.5,2025-11-03T19:15:48.077
CVE-2025-23308,0.000170000,0.045070000,0.07430555555555556,2026-06-04,2026-06-04,CVE-2025-23308,7.8,2025-11-03T19:15:47.953
CVE-2025-23275,0.000160000,0.039210000,0.05555555555555555,2026-06-04,2026-06-04,CVE-2025-23275,7.1,2025-10-06T14:51:06.530
CVE-2025-23274,0.000190000,0.053780000,0.13171296296296298,2026-06-04,2026-06-04,CVE-2025-23274,4.5,2026-04-15T00:35:42.020
CVE-2025-23273,0.000160000,0.036740000,0.05555555555555555,2026-06-04,2026-06-04,CVE-2025-23273,4.7,2025-10-06T14:55:05.330
CVE-2025-23272,0.000180000,0.047930000,0.11435185185185186,2026-06-04,2026-06-04,CVE-2025-23272,5.7,2026-04-15T00:35:42.020
CVE-2025-23271,0.000320000,0.098400000,0.3541666666666667,2026-06-04,2026-06-04,CVE-2025-23271,3.3,2025-11-03T19:15:47.817
CVE-2025-23255,0.000260000,0.077410000,0.2759259259259259,2026-06-04,2026-06-04,CVE-2025-23255,3.3,2025-10-06T14:55:54.300
CVE-2025-23248,0.000260000,0.077410000,0.2759259259259259,2026-06-04,2026-06-04,CVE-2025-23248,3.3,2025-10-06T14:56:42.147
CVE-2025-21488,0.000550000,0.173920000,0.5965277777777778,2026-06-04,2026-06-04,CVE-2025-21488,8.2,2025-11-28T15:50:19.660
CVE-2025-21487,0.000550000,0.173920000,0.5965277777777778,2026-06-04,2026-06-04,CVE-2025-21487,8.2,2025-11-28T16:18:34.940
CVE-2025-21484,0.000550000,0.173920000,0.5965277777777778,2026-06-04,2026-06-04,CVE-2025-21484,8.2,2026-02-10T20:16:25.640
CVE-2025-21483,0.000570000,0.179520000,0.6113425925925926,2026-06-04,2026-06-04,CVE-2025-21483,9.8,2025-11-28T16:47:34.690
CVE-2025-21482,0.000150000,0.033790000,0.050694444444444445,2026-06-04,2026-06-04,CVE-2025-21482,7.1,2025-12-02T16:44:06.523
CVE-2025-21481,0.000130000,0.023060000,0.0349537037037037,2026-06-04,2026-06-04,CVE-2025-21481,7.8,2025-09-25T16:08:36.067
CVE-2025-21476,0.000190000,0.051760000,0.13171296296296298,2026-06-04,2026-06-04,CVE-2025-21476,7.8,2025-09-25T16:08:48.700
CVE-2025-20365,0.000240000,0.068820000,0.2363425925925926,2026-06-04,2026-06-04,CVE-2025-20365,4.3,2026-04-15T00:35:42.020
CVE-2025-20364,0.000100000,0.012580000,0.021527777777777778,2026-06-04,2026-06-04,CVE-2025-20364,4.3,2026-04-15T00:35:42.020
CVE-2025-20352,0.039540000,0.885640000,0.9891203703703704,2026-06-04,2026-06-04,CVE-2025-20352,7.7,2025-10-28T13:58:42.437
CVE-2025-20339,0.000330000,0.099950000,0.3875,2026-06-04,2026-06-04,CVE-2025-20339,5.8,2026-04-15T00:35:42.020
CVE-2025-20338,0.000120000,0.016460000,0.03009259259259259,2026-06-04,2026-06-04,CVE-2025-20338,6.7,2025-11-14T23:41:58.313
CVE-2025-20334,0.000750000,0.227490000,0.7236111111111111,2026-06-04,2026-06-04,CVE-2025-20334,8.8,2026-04-15T00:35:42.020
CVE-2025-20327,0.001890000,0.405120000,0.8863425925925926,2026-06-04,2026-06-04,CVE-2025-20327,7.7,2026-04-15T00:35:42.020
CVE-2025-20316,0.000330000,0.099950000,0.3875,2026-06-04,2026-06-04,CVE-2025-20316,5.3,2026-04-15T00:35:42.020
CVE-2025-20315,0.001540000,0.357810000,0.8652777777777778,2026-06-04,2026-06-04,CVE-2025-20315,8.6,2026-04-15T00:35:42.020
CVE-2025-20314,0.000980000,0.268660000,0.7983796296296296,2026-06-04,2026-06-04,CVE-2025-20314,6.7,2026-04-15T00:35:42.020
CVE-2025-20313,0.001210000,0.305800000,0.8263888888888888,2026-06-04,2026-06-04,CVE-2025-20313,6.7,2026-04-15T00:35:42.020
CVE-2025-20312,0.001130000,0.295230000,0.8189814814814815,2026-06-04,2026-06-04,CVE-2025-20312,7.7,2026-04-15T00:35:42.020
CVE-2025-20311,0.000350000,0.108240000,0.4011574074074074,2026-06-04,2026-06-04,CVE-2025-20311,7.4,2026-04-15T00:35:42.020
CVE-2025-20293,0.000280000,0.085570000,0.3087962962962963,2026-06-04,2026-06-04,CVE-2025-20293,5.3,2026-04-15T00:35:42.020
CVE-2025-20240,0.000430000,0.136180000,0.48541666666666666,2026-06-04,2026-06-04,CVE-2025-20240,6.1,2026-04-15T00:35:42.020
CVE-2025-20160,0.000920000,0.258070000,0.7844907407407408,2026-06-04,2026-06-04,CVE-2025-20160,8.1,2026-04-15T00:35:42.020
CVE-2025-20149,0.000330000,0.099370000,0.3875,2026-06-04,2026-06-04,CVE-2025-20149,6.5,2026-04-15T00:35:42.020
CVE-2025-10909,0.000100000,0.011450000,0.021527777777777778,2026-06-04,2026-06-04,CVE-2025-10909,2.4,2026-04-29T01:00:01.613
CVE-2025-10892,0.001330000,0.323700000,0.8451388888888889,2026-06-04,2026-06-04,CVE-2025-10892,8.8,2025-09-25T15:55:41.970
CVE-2025-10891,0.001790000,0.391770000,0.8807870370370371,2026-06-04,2026-06-04,CVE-2025-10891,8.8,2025-09-25T15:55:54.730
CVE-2025-10890,0.000620000,0.195730000,0.6523148148148148,2026-06-04,2026-06-04,CVE-2025-10890,9.1,2025-09-25T15:56:42.057
CVE-2025-10585,0.015350000,0.816610000,0.975925925925926,2026-06-04,2026-06-04,CVE-2025-10585,9.8,2025-10-30T15:55:01.903
CVE-2025-10502,0.001210000,0.306840000,0.8263888888888888,2026-06-04,2026-06-04,CVE-2025-10502,8.8,2025-09-25T15:56:56.943
CVE-2025-10501,0.001660000,0.373820000,0.8731481481481481,2026-06-04,2026-06-04,CVE-2025-10501,8.8,2025-09-25T15:57:08.893
CVE-2025-10500,0.001800000,0.393770000,0.8819444444444444,2026-06-04,2026-06-04,CVE-2025-10500,8.8,2025-09-25T15:57:18.723
CVE-2025-10360,0.000370000,0.115000000,0.41898148148148145,2026-06-04,2026-06-04,CVE-2025-10360,,2026-04-15T00:35:42.020
CVE-2025-60249,0.000350000,0.107720000,0.4011574074074074,2026-06-04,2026-06-04,CVE-2025-60249,6.4,2026-04-15T00:35:42.020
CVE-2025-60019,0.000380000,0.116100000,0.42430555555555555,2026-06-04,2026-06-04,CVE-2025-60019,3.7,2026-04-15T00:35:42.020
CVE-2025-60018,0.000440000,0.138490000,0.4949074074074074,2026-06-04,2026-06-04,CVE-2025-60018,4.8,2026-04-15T00:35:42.020
CVE-2025-59841,0.000740000,0.224430000,0.7185185185185186,2026-06-04,2026-06-04,CVE-2025-59841,9.8,2025-10-08T16:31:08.920
CVE-2025-59839,0.000400000,0.123010000,0.4465277777777778,2026-06-04,2026-06-04,CVE-2025-59839,5.4,2025-10-14T20:02:18.213
CVE-2025-59838,0.000260000,0.078370000,0.2759259259259259,2026-06-04,2026-06-04,CVE-2025-59838,5.4,2025-10-28T16:15:38.673
CVE-2025-59834,0.017950000,0.831110000,0.9782407407407407,2026-06-04,2026-06-04,CVE-2025-59834,9.8,2025-10-14T20:05:46.243
CVE-2025-59833,0.000790000,0.233970000,0.7405092592592593,2026-06-04,2026-06-04,CVE-2025-59833,7.5,2025-10-08T16:34:35.253
CVE-2025-59832,0.000990000,0.270050000,0.8,2026-06-04,2026-06-04,CVE-2025-59832,9.9,2025-09-29T14:03:20.917
CVE-2025-59831,0.001470000,0.348390000,0.8608796296296296,2026-06-04,2026-06-04,CVE-2025-59831,8.8,2025-10-16T15:45:42.370
CVE-2025-59830,0.001400000,0.337450000,0.8537037037037037,2026-06-04,2026-06-04,CVE-2025-59830,7.5,2025-10-10T16:43:14.337
CVE-2025-59828,0.000800000,0.236400000,0.7423611111111111,2026-06-04,2026-06-04,CVE-2025-59828,9.8,2025-11-26T17:01:17.137
CVE-2025-59827,0.000360000,0.111320000,0.41064814814814815,2026-06-04,2026-06-04,CVE-2025-59827,9.8,2025-10-08T16:35:24.860
CVE-2025-59823,0.000790000,0.235350000,0.7405092592592593,2026-06-04,2026-06-04,CVE-2025-59823,9.9,2026-04-15T00:35:42.020
CVE-2025-59814,0.000450000,0.141410000,0.5057870370370371,2026-06-04,2026-06-04,CVE-2025-59814,8.8,2026-04-15T00:35:42.020
CVE-2025-59426,0.001530000,0.356690000,0.8638888888888889,2026-06-04,2026-06-04,CVE-2025-59426,4.3,2025-10-08T16:11:34.600
CVE-2025-59422,0.000320000,0.099010000,0.3541666666666667,2026-06-04,2026-06-04,CVE-2025-59422,3.1,2025-10-14T14:10:41.773
CVE-2025-57632,0.002880000,0.525090000,0.919212962962963,2026-06-04,2026-06-04,CVE-2025-57632,7.5,2026-04-15T00:35:42.020
CVE-2025-57623,0.001770000,0.389770000,0.8789351851851852,2026-06-04,2026-06-04,CVE-2025-57623,5.3,2025-09-29T13:07:01.900
CVE-2025-57446,0.002100000,0.434190000,0.8953703703703704,2026-06-04,2026-06-04,CVE-2025-57446,7.5,2026-04-15T00:35:42.020
CVE-2025-57324,0.001700000,0.378920000,0.874537037037037,2026-06-04,2026-06-04,CVE-2025-57324,6.5,2025-10-16T15:48:57.257
CVE-2025-57320,0.001330000,0.324590000,0.8451388888888889,2026-06-04,2026-06-04,CVE-2025-57320,6.5,2025-10-16T15:48:45.107
CVE-2025-57319,0.001060000,0.282690000,0.8108796296296297,2026-06-04,2026-06-04,CVE-2025-57319,7.5,2026-04-15T00:35:42.020
CVE-2025-57318,0.001450000,0.345460000,0.8560185185185185,2026-06-04,2026-06-04,CVE-2025-57318,7.5,2025-10-16T15:48:31.657
CVE-2025-57317,0.001220000,0.308010000,0.8275462962962963,2026-06-04,2026-06-04,CVE-2025-57317,7.5,2025-10-16T15:49:06.760
CVE-2025-55560,0.001590000,0.364810000,0.8701388888888889,2026-06-04,2026-06-04,CVE-2025-55560,7.5,2025-10-14T19:59:06.197
CVE-2025-55559,0.000680000,0.211710000,0.6902777777777778,2026-06-04,2026-06-04,CVE-2025-55559,7.5,2025-10-03T18:05:01.767
CVE-2025-55558,0.001170000,0.300460000,0.8226851851851852,2026-06-04,2026-06-04,CVE-2025-55558,7.5,2025-10-03T18:06:47.473
CVE-2025-55557,0.000680000,0.211290000,0.6902777777777778,2026-06-04,2026-06-04,CVE-2025-55557,7.5,2025-10-03T18:07:23.250
CVE-2025-55556,0.000320000,0.098460000,0.3541666666666667,2026-06-04,2026-06-04,CVE-2025-55556,6.5,2025-10-03T18:08:04.730
CVE-2025-55554,0.000620000,0.194930000,0.6523148148148148,2026-06-04,2026-06-04,CVE-2025-55554,5.3,2025-10-03T18:08:42.013
CVE-2025-55553,0.000680000,0.211290000,0.6902777777777778,2026-06-04,2026-06-04,CVE-2025-55553,7.5,2025-10-03T18:10:04.140
CVE-2025-55552,0.001090000,0.287470000,0.8131944444444444,2026-06-04,2026-06-04,CVE-2025-55552,7.5,2025-10-03T18:10:41.903
CVE-2025-55551,0.001120000,0.293640000,0.8168981481481481,2026-06-04,2026-06-04,CVE-2025-55551,7.5,2025-10-03T17:56:10.580
CVE-2025-5494,0.000340000,0.104860000,0.3958333333333333,2026-06-04,2026-06-04,CVE-2025-5494,7.8,2025-10-22T19:42:49.503
CVE-2025-54520,0.000290000,0.087840000,0.31527777777777777,2026-06-04,2026-06-04,CVE-2025-54520,,2026-04-15T00:35:42.020
CVE-2025-48707,0.000310000,0.095280000,0.34375,2026-06-04,2026-06-04,CVE-2025-48707,7.5,2025-10-14T19:43:56.150
CVE-2025-46153,0.000990000,0.272110000,0.8,2026-06-04,2026-06-04,CVE-2025-46153,5.3,2025-10-03T17:56:58.610
CVE-2025-46152,0.000870000,0.250380000,0.767824074074074,2026-06-04,2026-06-04,CVE-2025-46152,5.3,2025-10-03T17:57:35.997
CVE-2025-46150,0.000760000,0.229060000,0.7326388888888888,2026-06-04,2026-06-04,CVE-2025-46150,5.3,2025-10-03T17:58:05.150
CVE-2025-46149,0.000250000,0.075200000,0.24976851851851853,2026-06-04,2026-06-04,CVE-2025-46149,5.3,2025-10-03T17:58:39.477
CVE-2025-46148,0.000760000,0.229060000,0.7326388888888888,2026-06-04,2026-06-04,CVE-2025-46148,5.3,2025-10-03T17:59:26.460
CVE-2025-43993,0.000190000,0.052760000,0.13171296296296298,2026-06-04,2026-06-04,CVE-2025-43993,7.8,2026-01-16T17:05:29.587
CVE-2025-43943,0.000160000,0.039410000,0.05555555555555555,2026-06-04,2026-06-04,CVE-2025-43943,6.7,2026-01-16T17:05:06.013
CVE-2025-43816,0.001290000,0.318080000,0.8372685185185185,2026-06-04,2026-06-04,CVE-2025-43816,7.5,2025-12-15T18:20:34.090
CVE-2025-40838,0.000480000,0.153480000,0.5486111111111112,2026-06-04,2026-06-04,CVE-2025-40838,7.5,2026-04-29T01:00:01.613
CVE-2025-40837,0.000690000,0.214510000,0.6981481481481482,2026-06-04,2026-06-04,CVE-2025-40837,8.8,2025-10-02T17:59:04.630
CVE-2025-40836,0.001750000,0.387410000,0.8768518518518519,2026-06-04,2026-06-04,CVE-2025-40836,9.8,2025-10-02T17:59:39.937
CVE-2025-40698,0.000390000,0.118930000,0.43495370370370373,2026-06-04,2026-06-04,CVE-2025-40698,,2026-04-15T00:35:42.020
CVE-2025-36857,0.000180000,0.047870000,0.11435185185185186,2026-06-04,2026-06-04,CVE-2025-36857,3.3,2025-12-11T18:20:20.510
CVE-2025-36601,0.000420000,0.129780000,0.46944444444444444,2026-06-04,2026-06-04,CVE-2025-36601,7.5,2026-02-20T18:38:47.087
CVE-2025-34227,0.046460000,0.894780000,0.9905092592592593,2026-06-04,2026-06-04,CVE-2025-34227,8.8,2025-10-14T19:53:44.770
CVE-2025-33116,0.000210000,0.062370000,0.16643518518518519,2026-06-04,2026-06-04,CVE-2025-33116,5.4,2025-12-22T13:55:37.600
CVE-2025-29157,0.002290000,0.457790000,0.90625,2026-06-04,2026-06-04,CVE-2025-29157,6.5,2025-10-14T19:42:02.270
CVE-2025-29156,0.000890000,0.253890000,0.7759259259259259,2026-06-04,2026-06-04,CVE-2025-29156,6.1,2025-10-14T19:42:45.427
CVE-2025-29155,0.001680000,0.376060000,0.8740740740740741,2026-06-04,2026-06-04,CVE-2025-29155,6.5,2025-10-03T18:36:50.123
CVE-2025-27262,0.000380000,0.116740000,0.42430555555555555,2026-06-04,2026-06-04,CVE-2025-27262,7.8,2025-10-02T18:01:12.827
CVE-2025-27261,0.000390000,0.121090000,0.43495370370370373,2026-06-04,2026-06-04,CVE-2025-27261,9.8,2025-10-02T17:57:29.247
CVE-2025-26333,0.000500000,0.159040000,0.5659722222222222,2026-06-04,2026-06-04,CVE-2025-26333,7.5,2026-01-16T17:07:01.633
CVE-2025-26278,0.001450000,0.345460000,0.8560185185185185,2026-06-04,2026-06-04,CVE-2025-26278,7.5,2026-04-15T00:35:42.020
CVE-2025-21056,0.000470000,0.148430000,0.5252314814814815,2026-06-04,2026-06-04,CVE-2025-21056,6.6,2026-04-15T00:35:42.020
CVE-2025-20363,0.064440000,0.912270000,0.99375,2026-06-04,2026-06-04,CVE-2025-20363,9.0,2026-02-10T17:12:01.947
CVE-2025-20362,0.467790000,0.977270000,0.9974537037037037,2026-06-04,2026-06-04,CVE-2025-20362,8.6,2025-11-06T14:51:19.950
CVE-2025-20333,0.297940000,0.967300000,0.9969907407407408,2026-06-04,2026-06-04,CVE-2025-20333,9.9,2025-10-28T13:58:58.610
CVE-2025-10967,0.000300000,0.091640000,0.32546296296296295,2026-06-04,2026-06-04,CVE-2025-10967,7.3,2026-04-29T01:00:01.613
CVE-2025-10965,0.000770000,0.231740000,0.7351851851851852,2026-06-04,2026-06-04,CVE-2025-10965,6.3,2026-04-29T01:00:01.613
CVE-2025-10964,0.005810000,0.693060000,0.9513888888888888,2026-06-04,2026-06-04,CVE-2025-10964,8.8,2026-04-29T01:00:01.613
CVE-2025-10963,0.005810000,0.693060000,0.9513888888888888,2026-06-04,2026-06-04,CVE-2025-10963,8.8,2026-04-29T01:00:01.613
CVE-2025-10962,0.005810000,0.693060000,0.9513888888888888,2026-06-04,2026-06-04,CVE-2025-10962,8.8,2026-04-29T01:00:01.613
CVE-2025-10961,0.007140000,0.727070000,0.9601851851851851,2026-06-04,2026-06-04,CVE-2025-10961,8.0,2025-10-07T20:51:25.537
CVE-2025-10960,0.005810000,0.693060000,0.9513888888888888,2026-06-04,2026-06-04,CVE-2025-10960,8.8,2026-04-29T01:00:01.613
CVE-2025-10959,0.005810000,0.693060000,0.9513888888888888,2026-06-04,2026-06-04,CVE-2025-10959,8.8,2026-04-29T01:00:01.613
CVE-2025-10958,0.005810000,0.693060000,0.9513888888888888,2026-06-04,2026-06-04,CVE-2025-10958,8.8,2026-04-29T01:00:01.613
CVE-2025-10957,0.002560000,0.491670000,0.9108796296296297,2026-06-04,2026-06-04,CVE-2025-10957,,2026-04-15T00:35:42.020
CVE-2025-10953,0.006240000,0.705430000,0.9548611111111112,2026-06-04,2026-06-04,CVE-2025-10953,8.8,2026-02-10T14:15:15.790
CVE-2025-10952,0.000420000,0.130230000,0.46944444444444444,2026-06-04,2026-06-04,CVE-2025-10952,5.3,2026-04-15T00:35:42.020
CVE-2025-10951,0.000680000,0.211980000,0.6902777777777778,2026-06-04,2026-06-04,CVE-2025-10951,7.3,2026-04-29T01:00:01.613
CVE-2025-10950,0.000890000,0.252460000,0.7759259259259259,2026-06-04,2026-06-04,CVE-2025-10950,6.3,2026-04-29T01:00:01.613
CVE-2025-10949,0.000290000,0.086330000,0.31527777777777777,2026-06-04,2026-06-04,CVE-2025-10949,2.4,2026-04-29T01:00:01.613
CVE-2025-10948,0.002270000,0.455310000,0.9055555555555556,2026-06-04,2026-06-04,CVE-2025-10948,8.8,2026-04-15T00:35:42.020
CVE-2025-10947,0.000430000,0.135710000,0.48541666666666666,2026-06-04,2026-06-04,CVE-2025-10947,5.3,2026-04-15T00:35:42.020
CVE-2025-10946,0.000290000,0.088720000,0.31527777777777777,2026-06-04,2026-06-04,CVE-2025-10946,3.5,2026-04-15T00:35:42.020
CVE-2025-10945,0.000290000,0.088720000,0.31527777777777777,2026-06-04,2026-06-04,CVE-2025-10945,3.5,2026-04-15T00:35:42.020
CVE-2025-10944,0.000290000,0.088720000,0.31527777777777777,2026-06-04,2026-06-04,CVE-2025-10944,3.5,2026-04-15T00:35:42.020
CVE-2025-10943,0.000290000,0.088720000,0.31527777777777777,2026-06-04,2026-06-04,CVE-2025-10943,3.5,2026-04-15T00:35:42.020
CVE-2025-10942,0.004300000,0.628500000,0.9425925925925925,2026-06-04,2026-06-04,CVE-2025-10942,8.8,2026-04-15T00:35:42.020
CVE-2025-10941,0.000160000,0.039740000,0.05555555555555555,2026-06-04,2026-06-04,CVE-2025-10941,7.8,2026-04-15T00:35:42.020
CVE-2025-10940,0.000200000,0.058600000,0.1476851851851852,2026-06-04,2026-06-04,CVE-2025-10940,4.8,2026-04-29T01:00:01.613
CVE-2025-10911,0.000190000,0.054820000,0.13171296296296298,2026-06-04,2026-06-04,CVE-2025-10911,5.5,2026-04-27T21:16:22.437
CVE-2025-10894,0.003100000,0.544890000,0.9226851851851852,2026-06-04,2026-06-04,CVE-2025-10894,9.6,2026-04-15T00:35:42.020
CVE-2025-10880,0.000630000,0.198680000,0.65625,2026-06-04,2026-06-04,CVE-2025-10880,7.5,2025-09-29T14:44:22.307
CVE-2025-10879,0.000540000,0.172130000,0.5907407407407408,2026-06-04,2026-06-04,CVE-2025-10879,5.3,2025-09-29T14:43:01.933
CVE-2025-10542,0.001960000,0.413920000,0.8900462962962963,2026-06-04,2026-06-04,CVE-2025-10542,9.8,2026-04-15T00:35:42.020
CVE-2025-10541,0.000180000,0.048730000,0.11435185185185186,2026-06-04,2026-06-04,CVE-2025-10541,7.8,2026-04-15T00:35:42.020
CVE-2025-10540,0.000180000,0.047620000,0.11435185185185186,2026-06-04,2026-06-04,CVE-2025-10540,6.5,2026-04-15T00:35:42.020
CVE-2025-10467,0.000410000,0.126270000,0.46111111111111114,2026-06-04,2026-06-04,CVE-2025-10467,8.9,2026-04-15T00:35:42.020
CVE-2025-10449,0.000580000,0.184320000,0.6189814814814815,2026-06-04,2026-06-04,CVE-2025-10449,8.6,2026-04-15T00:35:42.020
CVE-2025-10438,0.000580000,0.184320000,0.6189814814814815,2026-06-04,2026-06-04,CVE-2025-10438,8.6,2026-04-15T00:35:42.020
CVE-2024-48014,0.001220000,0.308160000,0.8275462962962963,2026-06-04,2026-06-04,CVE-2024-48014,7.5,2026-01-16T17:08:33.163
CVE-2020-36851,0.009100000,0.761930000,0.9668981481481481,2026-06-04,2026-06-04,CVE-2020-36851,,2026-05-26T14:16:24.590
CVE-2025-9985,0.021110000,0.844220000,0.9810185185185185,2026-06-04,2026-06-04,CVE-2025-9985,5.3,2026-04-15T00:35:42.020
CVE-2025-9984,0.000720000,0.220320000,0.7122685185185185,2026-06-04,2026-06-04,CVE-2025-9984,5.3,2026-04-15T00:35:42.020
CVE-2025-9490,0.000430000,0.136670000,0.48541666666666666,2026-06-04,2026-06-04,CVE-2025-9490,6.4,2026-04-15T00:35:42.020
CVE-2025-9044,0.000460000,0.146970000,0.5120370370370371,2026-06-04,2026-06-04,CVE-2025-9044,6.4,2026-04-15T00:35:42.020
CVE-2025-8906,0.000350000,0.107720000,0.4011574074074074,2026-06-04,2026-06-04,CVE-2025-8906,6.4,2026-04-15T00:35:42.020
CVE-2025-8200,0.000350000,0.106760000,0.4011574074074074,2026-06-04,2026-06-04,CVE-2025-8200,6.4,2026-04-15T00:35:42.020
CVE-2025-60251,0.000190000,0.055200000,0.13171296296296298,2026-06-04,2026-06-04,CVE-2025-60251,5.0,2026-04-15T00:35:42.020
CVE-2025-60250,0.000220000,0.063730000,0.20671296296296296,2026-06-04,2026-06-04,CVE-2025-60250,4.7,2026-04-15T00:35:42.020
CVE-2025-60119,0.000410000,0.128230000,0.46111111111111114,2026-06-04,2026-06-04,CVE-2025-60119,5.3,2026-04-23T15:34:15.323
CVE-2025-60118,0.000400000,0.124640000,0.4465277777777778,2026-06-04,2026-06-04,CVE-2025-60118,8.5,2026-04-23T15:34:15.200
CVE-2025-60117,0.000160000,0.039370000,0.05555555555555555,2026-06-04,2026-06-04,CVE-2025-60117,4.3,2026-04-23T15:34:15.083
CVE-2025-60116,0.000660000,0.205550000,0.6733796296296296,2026-06-04,2026-06-04,CVE-2025-60116,8.8,2026-04-23T15:34:14.963
CVE-2025-60115,0.000160000,0.039370000,0.05555555555555555,2026-06-04,2026-06-04,CVE-2025-60115,4.3,2026-04-23T15:34:14.850
CVE-2025-60114,0.000490000,0.156260000,0.5592592592592592,2026-06-04,2026-06-04,CVE-2025-60114,6.6,2026-04-23T15:34:14.723
CVE-2025-60113,0.000160000,0.039370000,0.05555555555555555,2026-06-04,2026-06-04,CVE-2025-60113,4.3,2026-04-23T15:34:14.610
CVE-2025-60112,0.000320000,0.097740000,0.3541666666666667,2026-06-04,2026-06-04,CVE-2025-60112,6.5,2026-04-23T15:34:14.493
CVE-2025-60111,0.000180000,0.051230000,0.11435185185185186,2026-06-04,2026-06-04,CVE-2025-60111,8.8,2026-04-23T15:34:14.373
CVE-2025-60110,0.000400000,0.124640000,0.4465277777777778,2026-06-04,2026-06-04,CVE-2025-60110,8.5,2026-04-23T15:34:14.260
CVE-2025-60109,0.000400000,0.124640000,0.4465277777777778,2026-06-04,2026-06-04,CVE-2025-60109,8.5,2026-04-23T15:34:14.147
CVE-2025-60108,0.000400000,0.124640000,0.4465277777777778,2026-06-04,2026-06-04,CVE-2025-60108,8.5,2026-04-23T15:34:14.037
CVE-2025-60107,0.000400000,0.124640000,0.4465277777777778,2026-06-04,2026-06-04,CVE-2025-60107,8.5,2026-04-23T15:34:13.927
CVE-2025-60106,0.000540000,0.172060000,0.5907407407407408,2026-06-04,2026-06-04,CVE-2025-60106,4.9,2026-04-23T15:34:13.817
CVE-2025-60105,0.000320000,0.097740000,0.3541666666666667,2026-06-04,2026-06-04,CVE-2025-60105,6.5,2026-04-23T15:34:13.707
CVE-2025-60104,0.000300000,0.089610000,0.32546296296296295,2026-06-04,2026-06-04,CVE-2025-60104,5.9,2026-04-23T15:34:13.593
CVE-2025-60103,0.000560000,0.179100000,0.6055555555555555,2026-06-04,2026-06-04,CVE-2025-60103,5.4,2026-04-23T15:34:13.483
CVE-2025-60102,0.000320000,0.097740000,0.3541666666666667,2026-06-04,2026-06-04,CVE-2025-60102,6.5,2026-04-23T15:34:13.373
CVE-2025-60101,0.000300000,0.089610000,0.32546296296296295,2026-06-04,2026-06-04,CVE-2025-60101,5.9,2026-04-23T15:34:13.260
CVE-2025-60100,0.000470000,0.150850000,0.5252314814814815,2026-06-04,2026-06-04,CVE-2025-60100,5.3,2026-04-23T15:34:13.150
CVE-2025-60099,0.000320000,0.097740000,0.3541666666666667,2026-06-04,2026-06-04,CVE-2025-60099,6.5,2026-04-23T15:34:13.043
CVE-2025-60098,0.000600000,0.189700000,0.6351851851851852,2026-06-04,2026-06-04,CVE-2025-60098,6.5,2026-04-23T15:34:12.933
CVE-2025-60097,0.000560000,0.179100000,0.6055555555555555,2026-06-04,2026-06-04,CVE-2025-60097,5.4,2026-04-23T15:34:12.823
CVE-2025-60096,0.000560000,0.179100000,0.6055555555555555,2026-06-04,2026-06-04,CVE-2025-60096,5.4,2026-04-23T15:34:12.713
CVE-2025-60095,0.000410000,0.127060000,0.46111111111111114,2026-06-04,2026-06-04,CVE-2025-60095,4.3,2026-04-23T15:34:12.600
CVE-2025-60094,0.000390000,0.122070000,0.43495370370370373,2026-06-04,2026-06-04,CVE-2025-60094,4.3,2026-04-23T15:34:12.490
CVE-2025-60093,0.000160000,0.039370000,0.05555555555555555,2026-06-04,2026-06-04,CVE-2025-60093,4.3,2026-04-23T15:34:12.377
CVE-2025-60092,0.000410000,0.128230000,0.46111111111111114,2026-06-04,2026-06-04,CVE-2025-60092,5.3,2026-04-23T15:34:12.267
CVE-2025-60040,0.000320000,0.097740000,0.3541666666666667,2026-06-04,2026-06-04,CVE-2025-60040,6.5,2026-04-23T15:34:07.403
CVE-2025-60017,0.000470000,0.147970000,0.5252314814814815,2026-06-04,2026-06-04,CVE-2025-60017,8.2,2026-04-15T00:35:42.020
CVE-2025-59817,0.000360000,0.109410000,0.41064814814814815,2026-06-04,2026-06-04,CVE-2025-59817,8.4,2026-04-15T00:35:42.020
CVE-2025-59816,0.000300000,0.091160000,0.32546296296296295,2026-06-04,2026-06-04,CVE-2025-59816,7.3,2026-04-15T00:35:42.020
CVE-2025-59815,0.000360000,0.109410000,0.41064814814814815,2026-06-04,2026-06-04,CVE-2025-59815,8.4,2026-04-15T00:35:42.020
CVE-2025-59408,0.000560000,0.176870000,0.6055555555555555,2026-06-04,2026-06-04,CVE-2025-59408,7.3,2025-10-23T18:13:51.323
CVE-2025-59404,0.000710000,0.218470000,0.7085648148148148,2026-06-04,2026-06-04,CVE-2025-59404,7.5,2025-10-23T18:27:35.910
CVE-2025-59402,0.000310000,0.093960000,0.34375,2026-06-04,2026-06-04,CVE-2025-59402,5.4,2025-10-23T18:07:25.300
CVE-2025-59012,0.000320000,0.098700000,0.3541666666666667,2026-06-04,2026-06-04,CVE-2025-59012,7.1,2026-04-23T15:34:02.297
CVE-2025-59011,0.000660000,0.205340000,0.6733796296296296,2026-06-04,2026-06-04,CVE-2025-59011,7.5,2026-04-23T15:34:02.187
CVE-2025-59010,0.000490000,0.154790000,0.5592592592592592,2026-06-04,2026-06-04,CVE-2025-59010,7.5,2026-04-23T15:34:02.077
CVE-2025-59002,0.000650000,0.203080000,0.669212962962963,2026-06-04,2026-06-04,CVE-2025-59002,7.7,2026-04-23T15:34:01.430
CVE-2025-58919,0.000420000,0.131110000,0.46944444444444444,2026-06-04,2026-06-04,CVE-2025-58919,5.3,2026-04-23T15:33:52.637
CVE-2025-58917,0.000320000,0.097740000,0.3541666666666667,2026-06-04,2026-06-04,CVE-2025-58917,6.5,2026-04-23T15:33:52.430
CVE-2025-58914,0.000160000,0.039370000,0.05555555555555555,2026-06-04,2026-06-04,CVE-2025-58914,4.3,2026-04-23T15:33:52.027
CVE-2025-56769,0.002120000,0.437730000,0.8962962962962963,2026-06-04,2026-06-04,CVE-2025-56769,6.5,2025-10-03T18:37:41.687
CVE-2025-54831,0.000840000,0.243790000,0.7599537037037037,2026-06-04,2026-06-04,CVE-2025-54831,6.5,2025-11-04T22:16:29.567
CVE-2025-4957,0.000320000,0.098700000,0.3541666666666667,2026-06-04,2026-06-04,CVE-2025-4957,7.1,2026-04-23T15:31:57.213
CVE-2025-48326,0.000390000,0.122070000,0.43495370370370373,2026-06-04,2026-06-04,CVE-2025-48326,6.5,2026-04-23T15:31:06.650
CVE-2025-48107,0.000320000,0.098700000,0.3541666666666667,2026-06-04,2026-06-04,CVE-2025-48107,7.1,2026-04-23T15:30:48.670
CVE-2025-35027,0.002790000,0.515230000,0.9168981481481482,2026-06-04,2026-06-04,CVE-2025-35027,7.3,2026-01-12T16:54:07.000
CVE-2025-27006,0.000320000,0.097740000,0.3541666666666667,2026-06-04,2026-06-04,CVE-2025-27006,6.5,2026-04-23T15:26:14.073
CVE-2025-26482,0.000470000,0.149430000,0.5252314814814815,2026-06-04,2026-06-04,CVE-2025-26482,4.9,2026-01-16T17:04:00.983
CVE-2025-1862,0.004690000,0.648840000,0.9449074074074074,2026-06-04,2026-06-04,CVE-2025-1862,7.2,2025-10-06T13:43:41.447
CVE-2025-1396,0.000330000,0.099980000,0.3875,2026-06-04,2026-06-04,CVE-2025-1396,5.3,2025-10-06T13:44:11.523
CVE-2025-11021,0.000820000,0.241420000,0.7532407407407408,2026-06-04,2026-06-04,CVE-2025-11021,7.5,2026-04-15T00:35:42.020
CVE-2025-11005,0.008950000,0.759810000,0.9652777777777778,2026-06-04,2026-06-04,CVE-2025-11005,9.8,2025-10-16T15:45:04.160
CVE-2025-11000,0.000270000,0.080250000,0.2983796296296296,2026-06-04,2026-06-04,CVE-2025-11000,5.5,2026-04-29T01:00:01.613
CVE-2025-10999,0.000350000,0.107620000,0.4011574074074074,2026-06-04,2026-06-04,CVE-2025-10999,5.5,2026-04-29T01:00:01.613
CVE-2025-10998,0.000350000,0.107620000,0.4011574074074074,2026-06-04,2026-06-04,CVE-2025-10998,5.5,2026-04-29T01:00:01.613
CVE-2025-10997,0.000340000,0.105500000,0.3958333333333333,2026-06-04,2026-06-04,CVE-2025-10997,7.8,2026-04-29T01:00:01.613
CVE-2025-10996,0.000340000,0.105500000,0.3958333333333333,2026-06-04,2026-06-04,CVE-2025-10996,7.8,2026-04-29T01:00:01.613
CVE-2025-10995,0.000400000,0.125640000,0.4465277777777778,2026-06-04,2026-06-04,CVE-2025-10995,7.8,2026-04-29T01:00:01.613
CVE-2025-10994,0.000340000,0.105500000,0.3958333333333333,2026-06-04,2026-06-04,CVE-2025-10994,7.8,2026-04-29T01:00:01.613
CVE-2025-10993,0.000640000,0.200780000,0.6622685185185185,2026-06-04,2026-06-04,CVE-2025-10993,7.2,2025-10-03T20:21:39.660
CVE-2025-10992,0.000390000,0.118320000,0.43495370370370373,2026-06-04,2026-06-04,CVE-2025-10992,5.3,2026-04-15T00:35:42.020
CVE-2025-10989,0.000770000,0.231070000,0.7351851851851852,2026-06-04,2026-06-04,CVE-2025-10989,8.8,2026-04-29T01:00:01.613
CVE-2025-10988,0.000740000,0.224780000,0.7185185185185186,2026-06-04,2026-06-04,CVE-2025-10988,8.8,2026-04-29T01:00:01.613
CVE-2025-10987,0.000740000,0.224780000,0.7185185185185186,2026-06-04,2026-06-04,CVE-2025-10987,8.8,2026-04-29T01:00:01.613
CVE-2025-10981,0.000380000,0.115630000,0.42430555555555555,2026-06-04,2026-06-04,CVE-2025-10981,6.5,2026-04-29T01:00:01.613
CVE-2025-10980,0.000380000,0.115630000,0.42430555555555555,2026-06-04,2026-06-04,CVE-2025-10980,6.5,2026-04-29T01:00:01.613
CVE-2025-10979,0.000380000,0.115630000,0.42430555555555555,2026-06-04,2026-06-04,CVE-2025-10979,6.5,2026-04-29T01:00:01.613
CVE-2025-10978,0.000380000,0.115630000,0.42430555555555555,2026-06-04,2026-06-04,CVE-2025-10978,6.5,2026-04-29T01:00:01.613
CVE-2025-10977,0.000380000,0.115630000,0.42430555555555555,2026-06-04,2026-06-04,CVE-2025-10977,5.3,2026-04-29T01:00:01.613
CVE-2025-10976,0.000380000,0.115630000,0.42430555555555555,2026-06-04,2026-06-04,CVE-2025-10976,5.3,2026-04-29T01:00:01.613
CVE-2025-10975,0.000890000,0.253920000,0.7759259259259259,2026-06-04,2026-06-04,CVE-2025-10975,6.3,2026-04-29T01:00:01.613
CVE-2025-10974,0.000890000,0.253920000,0.7759259259259259,2026-06-04,2026-06-04,CVE-2025-10974,6.3,2026-04-29T01:00:01.613
CVE-2025-10973,0.000300000,0.091640000,0.32546296296296295,2026-06-04,2026-06-04,CVE-2025-10973,7.3,2026-04-29T01:00:01.613
CVE-2025-10871,0.000200000,0.057130000,0.1476851851851852,2026-06-04,2026-06-04,CVE-2025-10871,7.2,2025-09-29T13:09:51.657
CVE-2025-10867,0.000290000,0.088090000,0.31527777777777777,2026-06-04,2026-06-04,CVE-2025-10867,6.5,2025-09-29T13:09:42.110
CVE-2025-10858,0.000960000,0.264570000,0.7921296296296296,2026-06-04,2026-06-04,CVE-2025-10858,7.5,2025-09-29T13:09:35.627
CVE-2025-10752,0.000170000,0.042450000,0.07430555555555556,2026-06-04,2026-06-04,CVE-2025-10752,4.3,2026-04-15T00:35:42.020
CVE-2025-10747,0.004970000,0.661790000,0.9460648148148149,2026-06-04,2026-06-04,CVE-2025-10747,7.2,2026-04-15T00:35:42.020
CVE-2025-10745,0.002210000,0.447520000,0.9030092592592592,2026-06-04,2026-06-04,CVE-2025-10745,5.3,2026-04-15T00:35:42.020
CVE-2025-10490,0.000230000,0.066510000,0.23032407407407407,2026-06-04,2026-06-04,CVE-2025-10490,4.4,2026-04-15T00:35:42.020
CVE-2025-10377,0.000140000,0.025360000,0.04351851851851852,2026-06-04,2026-06-04,CVE-2025-10377,4.3,2026-04-15T00:35:42.020
CVE-2025-10307,0.033100000,0.874760000,0.9868055555555556,2026-06-04,2026-06-04,CVE-2025-10307,6.5,2026-04-15T00:35:42.020
CVE-2025-10180,0.000140000,0.028570000,0.04351851851851852,2026-06-04,2026-06-04,CVE-2025-10180,6.4,2026-04-15T00:35:42.020
CVE-2025-10178,0.000490000,0.154570000,0.5592592592592592,2026-06-04,2026-06-04,CVE-2025-10178,6.4,2026-04-15T00:35:42.020
CVE-2025-10173,0.000440000,0.136950000,0.4949074074074074,2026-06-04,2026-06-04,CVE-2025-10173,2.7,2026-04-15T00:35:42.020
CVE-2025-10137,0.000990000,0.271640000,0.8,2026-06-04,2026-06-04,CVE-2025-10137,5.4,2026-04-15T00:35:42.020
CVE-2025-10136,0.000350000,0.107720000,0.4011574074074074,2026-06-04,2026-06-04,CVE-2025-10136,6.4,2026-04-15T00:35:42.020
CVE-2025-10037,0.000290000,0.087120000,0.31527777777777777,2026-06-04,2026-06-04,CVE-2025-10037,4.9,2026-04-15T00:35:42.020
CVE-2025-10036,0.000290000,0.087120000,0.31527777777777777,2026-06-04,2026-06-04,CVE-2025-10036,4.9,2026-04-15T00:35:42.020
CVE-2025-9958,0.000080000,0.007530000,0.005324074074074074,2026-06-04,2026-06-04,CVE-2025-9958,7.7,2025-11-06T18:15:45.953
CVE-2025-9642,0.000380000,0.116490000,0.42430555555555555,2026-06-04,2026-06-04,CVE-2025-9642,9.6,2025-09-29T13:10:11.653
CVE-2025-9267,0.000270000,0.080880000,0.2983796296296296,2026-06-04,2026-06-04,CVE-2025-9267,,2026-04-15T00:35:42.020
CVE-2025-7691,0.000090000,0.010010000,0.012268518518518519,2026-06-04,2026-06-04,CVE-2025-7691,8.8,2025-09-29T13:10:00.373
CVE-2025-6396,0.000270000,0.079680000,0.2983796296296296,2026-06-04,2026-06-04,CVE-2025-6396,6.1,2026-04-15T00:35:42.020
CVE-2025-60219,0.000720000,0.220530000,0.7122685185185185,2026-06-04,2026-06-04,CVE-2025-60219,10.0,2026-04-23T15:34:24.327
CVE-2025-60186,0.000300000,0.089610000,0.32546296296296295,2026-06-04,2026-06-04,CVE-2025-60186,5.9,2026-04-23T15:34:21.987
CVE-2025-60185,0.000300000,0.089610000,0.32546296296296295,2026-06-04,2026-06-04,CVE-2025-60185,5.9,2026-04-23T15:34:21.873
CVE-2025-60184,0.000300000,0.089610000,0.32546296296296295,2026-06-04,2026-06-04,CVE-2025-60184,5.9,2026-04-23T15:34:21.760
CVE-2025-60181,0.000300000,0.091090000,0.32546296296296295,2026-06-04,2026-06-04,CVE-2025-60181,5.4,2026-04-23T15:34:21.633
CVE-2025-60179,0.000300000,0.089610000,0.32546296296296295,2026-06-04,2026-06-04,CVE-2025-60179,5.9,2026-04-28T19:34:40.440
CVE-2025-60177,0.000300000,0.089610000,0.32546296296296295,2026-06-04,2026-06-04,CVE-2025-60177,5.9,2026-04-28T19:34:40.253
CVE-2025-60173,0.000170000,0.043890000,0.07430555555555556,2026-06-04,2026-06-04,CVE-2025-60173,7.1,2026-04-23T15:34:21.320
CVE-2025-60172,0.000170000,0.043890000,0.07430555555555556,2026-06-04,2026-06-04,CVE-2025-60172,7.1,2026-04-23T15:34:21.207
CVE-2025-60171,0.000170000,0.043890000,0.07430555555555556,2026-06-04,2026-06-04,CVE-2025-60171,7.1,2026-04-28T19:34:39.860
CVE-2025-60170,0.000170000,0.043890000,0.07430555555555556,2026-06-04,2026-06-04,CVE-2025-60170,7.1,2026-04-23T15:34:20.990
CVE-2025-60169,0.000170000,0.043890000,0.07430555555555556,2026-06-04,2026-06-04,CVE-2025-60169,7.1,2026-04-23T15:34:20.873
CVE-2025-60167,0.000410000,0.127060000,0.46111111111111114,2026-06-04,2026-06-04,CVE-2025-60167,4.3,2026-04-23T15:34:20.763
CVE-2025-60166,0.000390000,0.122070000,0.43495370370370373,2026-06-04,2026-06-04,CVE-2025-60166,4.3,2026-04-23T15:34:20.643
CVE-2025-60165,0.000390000,0.122070000,0.43495370370370373,2026-06-04,2026-06-04,CVE-2025-60165,4.3,2026-04-23T15:34:20.530
CVE-2025-60164,0.000170000,0.043890000,0.07430555555555556,2026-06-04,2026-06-04,CVE-2025-60164,7.1,2026-04-23T15:34:20.420
CVE-2025-60163,0.000320000,0.097740000,0.3541666666666667,2026-06-04,2026-06-04,CVE-2025-60163,6.5,2026-04-23T15:34:20.300
CVE-2025-60162,0.000320000,0.097740000,0.3541666666666667,2026-06-04,2026-06-04,CVE-2025-60162,6.5,2026-04-23T15:34:20.177
CVE-2025-60161,0.000300000,0.091090000,0.32546296296296295,2026-06-04,2026-06-04,CVE-2025-60161,5.4,2026-04-23T15:34:20.063
CVE-2025-60160,0.000300000,0.089610000,0.32546296296296295,2026-06-04,2026-06-04,CVE-2025-60160,5.9,2026-04-23T15:34:19.943
CVE-2025-60159,0.000390000,0.122070000,0.43495370370370373,2026-06-04,2026-06-04,CVE-2025-60159,4.3,2026-04-23T15:34:19.823
CVE-2025-60158,0.000300000,0.089610000,0.32546296296296295,2026-06-04,2026-06-04,CVE-2025-60158,5.9,2026-04-23T15:34:19.700
CVE-2025-60157,0.000320000,0.097740000,0.3541666666666667,2026-06-04,2026-06-04,CVE-2025-60157,6.5,2026-04-23T15:34:19.583
CVE-2025-60156,0.000200000,0.056840000,0.1476851851851852,2026-06-04,2026-06-04,CVE-2025-60156,9.6,2026-04-28T19:34:38.980
CVE-2025-60155,0.000420000,0.131110000,0.46944444444444444,2026-06-04,2026-06-04,CVE-2025-60155,5.3,2026-04-23T15:34:19.360
CVE-2025-60154,0.000300000,0.089610000,0.32546296296296295,2026-06-04,2026-06-04,CVE-2025-60154,5.9,2026-04-23T15:34:19.250
CVE-2025-60153,0.001290000,0.318050000,0.8372685185185185,2026-06-04,2026-06-04,CVE-2025-60153,7.5,2026-04-23T15:34:19.137
CVE-2025-60152,0.000390000,0.122070000,0.43495370370370373,2026-06-04,2026-06-04,CVE-2025-60152,4.3,2026-04-23T15:34:19.027
CVE-2025-60150,0.001290000,0.318050000,0.8372685185185185,2026-06-04,2026-06-04,CVE-2025-60150,7.5,2026-04-23T15:34:18.920
CVE-2025-60149,0.000300000,0.089610000,0.32546296296296295,2026-06-04,2026-06-04,CVE-2025-60149,5.9,2026-04-23T15:34:18.813
CVE-2025-60148,0.000390000,0.122070000,0.43495370370370373,2026-06-04,2026-06-04,CVE-2025-60148,4.3,2026-04-23T15:34:18.697
CVE-2025-60147,0.000320000,0.097740000,0.3541666666666667,2026-06-04,2026-06-04,CVE-2025-60147,6.5,2026-04-23T15:34:18.583
CVE-2025-60146,0.000300000,0.089610000,0.32546296296296295,2026-06-04,2026-06-04,CVE-2025-60146,5.9,2026-04-23T15:34:18.467
CVE-2025-60145,0.000160000,0.039370000,0.05555555555555555,2026-06-04,2026-06-04,CVE-2025-60145,4.3,2026-04-23T15:34:18.357
CVE-2025-60144,0.000300000,0.089610000,0.32546296296296295,2026-06-04,2026-06-04,CVE-2025-60144,5.9,2026-04-23T15:34:18.247
CVE-2025-60143,0.000390000,0.122070000,0.43495370370370373,2026-06-04,2026-06-04,CVE-2025-60143,4.3,2026-04-28T19:34:38.207
CVE-2025-60142,0.000320000,0.097740000,0.3541666666666667,2026-06-04,2026-06-04,CVE-2025-60142,6.5,2026-04-23T15:34:18.020
CVE-2025-60141,0.000300000,0.089610000,0.32546296296296295,2026-06-04,2026-06-04,CVE-2025-60141,5.9,2026-04-23T15:34:17.910
CVE-2025-60140,0.000410000,0.128230000,0.46111111111111114,2026-06-04,2026-06-04,CVE-2025-60140,5.3,2026-04-23T15:34:17.793
CVE-2025-60139,0.000160000,0.039370000,0.05555555555555555,2026-06-04,2026-06-04,CVE-2025-60139,4.3,2026-04-23T15:34:17.680
CVE-2025-60138,0.000320000,0.097740000,0.3541666666666667,2026-06-04,2026-06-04,CVE-2025-60138,6.5,2026-04-23T15:34:17.567
CVE-2025-60137,0.000160000,0.039370000,0.05555555555555555,2026-06-04,2026-06-04,CVE-2025-60137,4.3,2026-04-23T15:34:17.453
CVE-2025-60136,0.000300000,0.089610000,0.32546296296296295,2026-06-04,2026-06-04,CVE-2025-60136,5.9,2026-04-23T15:34:17.330
CVE-2025-60133,0.000300000,0.089610000,0.32546296296296295,2026-06-04,2026-06-04,CVE-2025-60133,5.9,2026-04-23T15:34:17.013
CVE-2025-60130,0.000420000,0.131110000,0.46944444444444444,2026-06-04,2026-06-04,CVE-2025-60130,5.3,2026-04-23T15:34:16.600
CVE-2025-60129,0.000420000,0.131110000,0.46944444444444444,2026-06-04,2026-06-04,CVE-2025-60129,5.3,2026-04-23T15:34:16.483
CVE-2025-60128,0.000390000,0.122070000,0.43495370370370373,2026-06-04,2026-06-04,CVE-2025-60128,4.3,2026-04-23T15:34:16.363
CVE-2025-60127,0.000560000,0.179100000,0.6055555555555555,2026-06-04,2026-06-04,CVE-2025-60127,5.4,2026-04-23T15:34:16.253
CVE-2025-60126,0.001710000,0.380610000,0.875,2026-06-04,2026-06-04,CVE-2025-60126,8.8,2026-04-23T15:34:16.147
CVE-2025-60125,0.000410000,0.128230000,0.46111111111111114,2026-06-04,2026-06-04,CVE-2025-60125,5.3,2026-04-23T15:34:16.007
CVE-2025-60124,0.000320000,0.097740000,0.3541666666666667,2026-06-04,2026-06-04,CVE-2025-60124,6.5,2026-04-23T15:34:15.873
CVE-2025-60123,0.000390000,0.122070000,0.43495370370370373,2026-06-04,2026-06-04,CVE-2025-60123,4.3,2026-04-23T15:34:15.763
CVE-2025-60122,0.000390000,0.122070000,0.43495370370370373,2026-06-04,2026-06-04,CVE-2025-60122,4.3,2026-04-23T15:34:15.660
CVE-2025-60121,0.000420000,0.131110000,0.46944444444444444,2026-06-04,2026-06-04,CVE-2025-60121,5.3,2026-04-23T15:34:15.547
CVE-2025-60120,0.000420000,0.132220000,0.46944444444444444,2026-06-04,2026-06-04,CVE-2025-60120,5.3,2026-04-23T15:34:15.433
CVE-2025-59844,0.002780000,0.514040000,0.9166666666666666,2026-06-04,2026-06-04,CVE-2025-59844,,2026-04-15T00:35:42.020
CVE-2025-59843,0.000170000,0.043920000,0.07430555555555556,2026-06-04,2026-06-04,CVE-2025-59843,5.3,2026-01-29T00:16:07.250
CVE-2025-59842,0.000340000,0.105590000,0.3958333333333333,2026-06-04,2026-06-04,CVE-2025-59842,4.3,2025-10-22T16:27:14.567
CVE-2025-59362,0.001750000,0.387070000,0.8768518518518519,2026-06-04,2026-06-04,CVE-2025-59362,4.0,2025-10-07T18:50:14.290
CVE-2025-58385,0.000210000,0.060680000,0.16643518518518519,2026-06-04,2026-06-04,CVE-2025-58385,7.1,2025-10-07T18:51:40.840
CVE-2025-57292,0.000370000,0.113350000,0.41898148148148145,2026-06-04,2026-06-04,CVE-2025-57292,6.1,2025-10-07T19:05:10.933
CVE-2025-56463,0.000290000,0.086350000,0.31527777777777777,2026-06-04,2026-06-04,CVE-2025-56463,6.8,2025-10-07T18:52:53.413
CVE-2025-56383,0.000270000,0.081350000,0.2983796296296296,2026-06-04,2026-06-04,CVE-2025-56383,8.4,2026-04-15T00:35:42.020
CVE-2025-55848,0.001120000,0.292720000,0.8168981481481481,2026-06-04,2026-06-04,CVE-2025-55848,8.8,2026-03-09T15:18:06.967
CVE-2025-55847,0.000740000,0.224460000,0.7185185185185186,2026-06-04,2026-06-04,CVE-2025-55847,8.8,2025-10-03T19:22:45.967
CVE-2025-55187,0.000660000,0.205190000,0.6733796296296296,2026-06-04,2026-06-04,CVE-2025-55187,9.9,2025-10-08T20:20:03.193
CVE-2025-5069,0.000090000,0.010030000,0.012268518518518519,2026-06-04,2026-06-04,CVE-2025-5069,6.5,2025-09-29T13:12:20.940
CVE-2025-45994,0.000680000,0.210200000,0.6902777777777778,2026-06-04,2026-06-04,CVE-2025-45994,7.5,2025-10-03T19:28:20.387
CVE-2025-36326,0.000300000,0.089410000,0.32546296296296295,2026-06-04,2026-06-04,CVE-2025-36326,7.5,2025-10-03T19:14:39.327
CVE-2025-36274,0.000490000,0.156900000,0.5592592592592592,2026-06-04,2026-06-04,CVE-2025-36274,7.5,2025-12-11T22:12:13.223
CVE-2025-26258,0.000270000,0.079680000,0.2983796296296296,2026-06-04,2026-06-04,CVE-2025-26258,6.1,2025-11-06T22:19:59.617
CVE-2025-11060,0.000490000,0.154440000,0.5592592592592592,2026-06-04,2026-06-04,CVE-2025-11060,5.7,2026-04-15T00:35:42.020
CVE-2025-11042,0.001000000,0.273240000,0.8013888888888889,2026-06-04,2026-06-04,CVE-2025-11042,7.5,2025-09-29T13:11:50.067
CVE-2025-11034,0.000520000,0.165500000,0.5782407407407407,2026-06-04,2026-06-04,CVE-2025-11034,4.3,2026-04-29T01:00:01.613
CVE-2025-11033,0.000500000,0.158910000,0.5659722222222222,2026-06-04,2026-06-04,CVE-2025-11033,9.8,2026-04-29T01:00:01.613
CVE-2025-11032,0.000460000,0.145290000,0.5120370370370371,2026-06-04,2026-06-04,CVE-2025-11032,9.8,2026-04-29T01:00:01.613
CVE-2025-11031,0.002120000,0.437630000,0.8962962962962963,2026-06-04,2026-06-04,CVE-2025-11031,5.3,2025-10-07T18:31:56.343
CVE-2025-11030,0.000510000,0.161160000,0.5708333333333333,2026-06-04,2026-06-04,CVE-2025-11030,7.3,2026-04-29T01:00:01.613
CVE-2025-11029,0.000300000,0.090780000,0.32546296296296295,2026-06-04,2026-06-04,CVE-2025-11029,8.8,2026-04-29T01:00:01.613
CVE-2025-11028,0.000580000,0.183700000,0.6189814814814815,2026-06-04,2026-06-04,CVE-2025-11028,7.5,2025-10-07T18:54:00.803
CVE-2025-11027,0.000290000,0.087920000,0.31527777777777777,2026-06-04,2026-06-04,CVE-2025-11027,5.4,2026-04-29T01:00:01.613
CVE-2025-11026,0.000440000,0.137020000,0.4949074074074074,2026-06-04,2026-06-04,CVE-2025-11026,7.5,2026-04-29T01:00:01.613
CVE-2025-11025,0.000360000,0.112000000,0.41064814814814815,2026-06-04,2026-06-04,CVE-2025-11025,5.3,2026-04-15T00:35:42.020
CVE-2025-11019,0.000200000,0.058600000,0.1476851851851852,2026-06-04,2026-06-04,CVE-2025-11019,4.8,2026-04-29T01:00:01.613
CVE-2025-11018,0.003970000,0.608770000,0.9368055555555556,2026-06-04,2026-06-04,CVE-2025-11018,7.5,2025-10-08T20:24:44.240
CVE-2025-11017,0.000350000,0.107620000,0.4011574074074074,2026-06-04,2026-06-04,CVE-2025-11017,5.5,2026-04-29T01:00:01.613
CVE-2025-11016,0.000590000,0.188030000,0.6287037037037037,2026-06-04,2026-06-04,CVE-2025-11016,4.3,2026-04-29T01:00:01.613
CVE-2025-11015,0.000170000,0.046300000,0.07430555555555556,2026-06-04,2026-06-04,CVE-2025-11015,5.3,2026-04-29T01:00:01.613
CVE-2025-11014,0.000340000,0.105500000,0.3958333333333333,2026-06-04,2026-06-04,CVE-2025-11014,7.8,2026-04-29T01:00:01.613
CVE-2025-11013,0.000300000,0.091470000,0.32546296296296295,2026-06-04,2026-06-04,CVE-2025-11013,5.5,2026-04-29T01:00:01.613
CVE-2025-11012,0.000300000,0.091080000,0.32546296296296295,2026-06-04,2026-06-04,CVE-2025-11012,7.8,2026-04-29T01:00:01.613
CVE-2025-11011,0.000310000,0.092630000,0.34375,2026-06-04,2026-06-04,CVE-2025-11011,5.5,2026-04-29T01:00:01.613
CVE-2025-11010,0.000190000,0.054550000,0.13171296296296298,2026-06-04,2026-06-04,CVE-2025-11010,5.3,2026-04-29T01:00:01.613
CVE-2025-10868,0.000150000,0.032960000,0.050694444444444445,2026-06-04,2026-06-04,CVE-2025-10868,5.3,2025-09-29T13:11:31.930
CVE-2025-10544,0.000500000,0.160590000,0.5659722222222222,2026-06-04,2026-06-04,CVE-2025-10544,,2026-04-15T00:35:42.020
CVE-2025-9944,0.000140000,0.027710000,0.04351851851851852,2026-06-04,2026-06-04,CVE-2025-9944,4.3,2026-04-15T00:35:42.020
CVE-2025-9899,0.000130000,0.024520000,0.0349537037037037,2026-06-04,2026-06-04,CVE-2025-9899,6.1,2026-04-15T00:35:42.020
CVE-2025-9898,0.000140000,0.027710000,0.04351851851851852,2026-06-04,2026-06-04,CVE-2025-9898,4.3,2026-04-15T00:35:42.020
CVE-2025-9896,0.000140000,0.027710000,0.04351851851851852,2026-06-04,2026-06-04,CVE-2025-9896,4.3,2026-04-15T00:35:42.020
CVE-2025-9894,0.000140000,0.027710000,0.04351851851851852,2026-06-04,2026-06-04,CVE-2025-9894,4.3,2026-04-15T00:35:42.020
CVE-2025-9893,0.000140000,0.027710000,0.04351851851851852,2026-06-04,2026-06-04,CVE-2025-9893,4.3,2026-04-15T00:35:42.020
CVE-2025-9816,0.004130000,0.618450000,0.9388888888888889,2026-06-04,2026-06-04,CVE-2025-9816,7.2,2026-04-15T00:35:42.020
CVE-2025-8440,0.000350000,0.106760000,0.4011574074074074,2026-06-04,2026-06-04,CVE-2025-8440,6.4,2026-04-15T00:35:42.020
CVE-2025-8014,0.001620000,0.368500000,0.8717592592592592,2026-06-04,2026-06-04,CVE-2025-8014,7.5,2025-10-03T18:23:37.553
CVE-2025-7647,0.000210000,0.060320000,0.16643518518518519,2026-06-04,2026-06-04,CVE-2025-7647,7.3,2026-04-15T00:35:42.020
CVE-2025-59945,0.000470000,0.148610000,0.5252314814814815,2026-06-04,2026-06-04,CVE-2025-59945,8.1,2025-12-11T21:18:59.340
CVE-2025-59939,0.000560000,0.178450000,0.6055555555555555,2026-06-04,2026-06-04,CVE-2025-59939,8.8,2025-10-06T15:05:36.037
CVE-2025-59938,0.000960000,0.264330000,0.7921296296296296,2026-06-04,2026-06-04,CVE-2025-59938,6.5,2025-10-16T17:33:38.680
CVE-2025-59936,0.000630000,0.199360000,0.65625,2026-06-04,2026-06-04,CVE-2025-59936,9.4,2026-04-15T00:35:42.020
CVE-2025-59934,0.000280000,0.085070000,0.3087962962962963,2026-06-04,2026-06-04,CVE-2025-59934,9.4,2026-04-15T00:35:42.020
CVE-2025-59932,0.000670000,0.208400000,0.6851851851851852,2026-06-04,2026-06-04,CVE-2025-59932,8.2,2025-10-08T16:56:50.940
CVE-2025-59845,0.000180000,0.047470000,0.11435185185185186,2026-06-04,2026-06-04,CVE-2025-59845,8.2,2026-04-15T00:35:42.020
CVE-2025-58384,0.022110000,0.847640000,0.9814814814814815,2026-06-04,2026-06-04,CVE-2025-58384,10.0,2026-04-15T00:35:42.020
CVE-2025-57692,0.000770000,0.230670000,0.7351851851851852,2026-06-04,2026-06-04,CVE-2025-57692,6.8,2025-10-07T19:10:33.520
CVE-2025-36239,0.000750000,0.226010000,0.7236111111111111,2026-06-04,2026-06-04,CVE-2025-36239,6.1,2025-12-11T22:09:47.937
CVE-2025-36144,0.000140000,0.025400000,0.04351851851851852,2026-06-04,2026-06-04,CVE-2025-36144,5.5,2025-10-03T19:15:18.317
CVE-2025-3193,0.000970000,0.266880000,0.7949074074074074,2026-06-04,2026-06-04,CVE-2025-3193,7.5,2025-10-05T00:15:31.013
CVE-2025-11120,0.003850000,0.600630000,0.9356481481481481,2026-06-04,2026-06-04,CVE-2025-11120,8.8,2025-10-03T13:42:17.047
CVE-2025-11119,0.000420000,0.129520000,0.46944444444444444,2026-06-04,2026-06-04,CVE-2025-11119,6.1,2026-04-29T01:00:01.613
CVE-2025-11118,0.000460000,0.144390000,0.5120370370370371,2026-06-04,2026-06-04,CVE-2025-11118,9.8,2026-04-29T01:00:01.613
CVE-2025-11117,0.002480000,0.482750000,0.9094907407407408,2026-06-04,2026-06-04,CVE-2025-11117,8.8,2025-10-03T13:38:34.747
CVE-2025-11116,0.000460000,0.144390000,0.5120370370370371,2026-06-04,2026-06-04,CVE-2025-11116,9.8,2026-04-29T01:00:01.613
CVE-2025-11115,0.000460000,0.144390000,0.5120370370370371,2026-06-04,2026-06-04,CVE-2025-11115,9.8,2026-04-29T01:00:01.613
CVE-2025-11114,0.000440000,0.138970000,0.4949074074074074,2026-06-04,2026-06-04,CVE-2025-11114,8.8,2026-04-29T01:00:01.613
CVE-2025-11113,0.000460000,0.145170000,0.5120370370370371,2026-06-04,2026-06-04,CVE-2025-11113,8.8,2026-04-29T01:00:01.613
CVE-2025-11112,0.000420000,0.129520000,0.46944444444444444,2026-06-04,2026-06-04,CVE-2025-11112,6.1,2026-04-29T01:00:01.613
CVE-2025-11111,0.000460000,0.144390000,0.5120370370370371,2026-06-04,2026-06-04,CVE-2025-11111,9.8,2026-04-29T01:00:01.613
CVE-2025-11110,0.000460000,0.144390000,0.5120370370370371,2026-06-04,2026-06-04,CVE-2025-11110,9.8,2026-04-29T01:00:01.613
CVE-2025-11109,0.000460000,0.144390000,0.5120370370370371,2026-06-04,2026-06-04,CVE-2025-11109,9.8,2026-04-29T01:00:01.613
CVE-2025-11108,0.000470000,0.150340000,0.5252314814814815,2026-06-04,2026-06-04,CVE-2025-11108,9.8,2026-04-29T01:00:01.613
CVE-2025-11107,0.000470000,0.150340000,0.5252314814814815,2026-06-04,2026-06-04,CVE-2025-11107,9.8,2026-04-29T01:00:01.613
CVE-2025-11106,0.000470000,0.150340000,0.5252314814814815,2026-06-04,2026-06-04,CVE-2025-11106,9.8,2026-04-29T01:00:01.613
CVE-2025-11105,0.000470000,0.150340000,0.5252314814814815,2026-06-04,2026-06-04,CVE-2025-11105,9.8,2026-04-29T01:00:01.613
CVE-2025-11104,0.000440000,0.138970000,0.4949074074074074,2026-06-04,2026-06-04,CVE-2025-11104,8.8,2026-04-29T01:00:01.613
CVE-2025-11103,0.000870000,0.249600000,0.767824074074074,2026-06-04,2026-06-04,CVE-2025-11103,7.2,2026-04-29T01:00:01.613
CVE-2025-11102,0.000470000,0.150340000,0.5252314814814815,2026-06-04,2026-06-04,CVE-2025-11102,9.8,2026-04-29T01:00:01.613
CVE-2025-11101,0.000430000,0.136570000,0.48541666666666666,2026-06-04,2026-06-04,CVE-2025-11101,9.8,2026-04-29T01:00:01.613
CVE-2025-11100,0.002120000,0.436710000,0.8962962962962963,2026-06-04,2026-06-04,CVE-2025-11100,8.8,2026-04-29T01:00:01.613
CVE-2025-11099,0.002120000,0.436710000,0.8962962962962963,2026-06-04,2026-06-04,CVE-2025-11099,8.8,2026-04-29T01:00:01.613
CVE-2025-11098,0.002120000,0.436710000,0.8962962962962963,2026-06-04,2026-06-04,CVE-2025-11098,8.8,2026-04-29T01:00:01.613
CVE-2025-11097,0.002120000,0.436710000,0.8962962962962963,2026-06-04,2026-06-04,CVE-2025-11097,8.8,2026-04-29T01:00:01.613
CVE-2025-11096,0.002120000,0.436710000,0.8962962962962963,2026-06-04,2026-06-04,CVE-2025-11096,8.8,2026-04-29T01:00:01.613
CVE-2025-11095,0.002120000,0.436710000,0.8962962962962963,2026-06-04,2026-06-04,CVE-2025-11095,8.8,2026-04-29T01:00:01.613
CVE-2025-11094,0.000420000,0.131370000,0.46944444444444444,2026-06-04,2026-06-04,CVE-2025-11094,9.8,2026-04-29T01:00:01.613
CVE-2025-11092,0.002120000,0.436710000,0.8962962962962963,2026-06-04,2026-06-04,CVE-2025-11092,8.8,2026-04-29T01:00:01.613
CVE-2025-11091,0.002570000,0.493450000,0.9118055555555555,2026-06-04,2026-06-04,CVE-2025-11091,8.8,2025-10-03T14:45:31.690
CVE-2025-11090,0.000640000,0.199960000,0.6622685185185185,2026-06-04,2026-06-04,CVE-2025-11090,8.8,2026-04-29T01:00:01.613
CVE-2025-11089,0.000500000,0.158910000,0.5659722222222222,2026-06-04,2026-06-04,CVE-2025-11089,9.8,2026-04-29T01:00:01.613
CVE-2025-11088,0.000440000,0.138970000,0.4949074074074074,2026-06-04,2026-06-04,CVE-2025-11088,8.8,2026-04-29T01:00:01.613
CVE-2025-11083,0.000260000,0.079280000,0.2759259259259259,2026-06-04,2026-06-04,CVE-2025-11083,7.8,2026-05-12T13:16:28.353
CVE-2025-11082,0.000240000,0.068810000,0.2363425925925926,2026-06-04,2026-06-04,CVE-2025-11082,7.8,2026-05-12T13:16:28.147
CVE-2025-11081,0.000300000,0.091470000,0.32546296296296295,2026-06-04,2026-06-04,CVE-2025-11081,5.5,2026-04-29T01:00:01.613
CVE-2025-11080,0.000360000,0.111270000,0.41064814814814815,2026-06-04,2026-06-04,CVE-2025-11080,4.3,2026-04-29T01:00:01.613
CVE-2025-11079,0.004140000,0.618770000,0.9391203703703703,2026-06-04,2026-06-04,CVE-2025-11079,9.8,2025-10-03T15:00:13.840
CVE-2025-11078,0.000700000,0.216960000,0.7043981481481482,2026-06-04,2026-06-04,CVE-2025-11078,8.8,2026-04-29T01:00:01.613
CVE-2025-11077,0.000420000,0.130570000,0.46944444444444444,2026-06-04,2026-06-04,CVE-2025-11077,9.8,2026-04-29T01:00:01.613
CVE-2025-11076,0.000460000,0.144390000,0.5120370370370371,2026-06-04,2026-06-04,CVE-2025-11076,9.8,2026-04-29T01:00:01.613
CVE-2025-11075,0.000460000,0.144390000,0.5120370370370371,2026-06-04,2026-06-04,CVE-2025-11075,9.8,2026-04-29T01:00:01.613
CVE-2025-11074,0.000460000,0.144390000,0.5120370370370371,2026-06-04,2026-06-04,CVE-2025-11074,9.8,2026-04-29T01:00:01.613
CVE-2025-11073,0.001460000,0.346600000,0.8592592592592593,2026-06-04,2026-06-04,CVE-2025-11073,4.7,2026-04-29T01:00:01.613
CVE-2025-11071,0.000470000,0.151090000,0.5252314814814815,2026-06-04,2026-06-04,CVE-2025-11071,7.2,2026-04-29T01:00:01.613
CVE-2025-11070,0.000500000,0.158910000,0.5659722222222222,2026-06-04,2026-06-04,CVE-2025-11070,9.8,2026-04-29T01:00:01.613
CVE-2025-11069,0.000360000,0.111360000,0.41064814814814815,2026-06-04,2026-06-04,CVE-2025-11069,4.8,2026-04-29T01:00:01.613
CVE-2025-11068,0.000360000,0.111360000,0.41064814814814815,2026-06-04,2026-06-04,CVE-2025-11068,4.8,2026-04-29T01:00:01.613
CVE-2025-11067,0.000360000,0.111360000,0.41064814814814815,2026-06-04,2026-06-04,CVE-2025-11067,4.8,2026-04-29T01:00:01.613
CVE-2025-11066,0.000460000,0.144390000,0.5120370370370371,2026-06-04,2026-06-04,CVE-2025-11066,9.8,2026-04-29T01:00:01.613
CVE-2025-11064,0.000460000,0.144390000,0.5120370370370371,2026-06-04,2026-06-04,CVE-2025-11064,9.8,2026-04-29T01:00:01.613
CVE-2025-11063,0.000460000,0.144390000,0.5120370370370371,2026-06-04,2026-06-04,CVE-2025-11063,9.8,2026-04-29T01:00:01.613
CVE-2025-11062,0.000570000,0.180240000,0.6113425925925926,2026-06-04,2026-06-04,CVE-2025-11062,9.8,2026-04-29T01:00:01.613
CVE-2025-11061,0.000460000,0.144390000,0.5120370370370371,2026-06-04,2026-06-04,CVE-2025-11061,9.8,2026-04-29T01:00:01.613
CVE-2025-11057,0.000460000,0.144390000,0.5120370370370371,2026-06-04,2026-06-04,CVE-2025-11057,9.8,2026-04-29T01:00:01.613
CVE-2025-11056,0.000480000,0.153880000,0.5486111111111112,2026-06-04,2026-06-04,CVE-2025-11056,9.8,2026-04-29T01:00:01.613
CVE-2025-11055,0.000460000,0.144390000,0.5120370370370371,2026-06-04,2026-06-04,CVE-2025-11055,9.8,2026-04-29T01:00:01.613
CVE-2025-11054,0.000440000,0.138970000,0.4949074074074074,2026-06-04,2026-06-04,CVE-2025-11054,8.8,2026-04-29T01:00:01.613
CVE-2025-11053,0.000460000,0.144390000,0.5120370370370371,2026-06-04,2026-06-04,CVE-2025-11053,9.8,2026-04-29T01:00:01.613
CVE-2025-11052,0.000500000,0.158910000,0.5659722222222222,2026-06-04,2026-06-04,CVE-2025-11052,9.8,2026-04-29T01:00:01.613
CVE-2025-11051,0.000430000,0.133360000,0.48541666666666666,2026-06-04,2026-06-04,CVE-2025-11051,6.5,2025-10-03T15:37:20.437
CVE-2025-11050,0.000700000,0.216960000,0.7043981481481482,2026-06-04,2026-06-04,CVE-2025-11050,8.8,2026-04-29T01:00:01.613
CVE-2025-11049,0.000700000,0.216960000,0.7043981481481482,2026-06-04,2026-06-04,CVE-2025-11049,8.8,2026-04-29T01:00:01.613
CVE-2025-11048,0.000700000,0.216960000,0.7043981481481482,2026-06-04,2026-06-04,CVE-2025-11048,8.8,2026-04-29T01:00:01.613
CVE-2025-11047,0.000700000,0.216960000,0.7043981481481482,2026-06-04,2026-06-04,CVE-2025-11047,8.8,2026-04-29T01:00:01.613
CVE-2025-11046,0.001040000,0.279010000,0.8081018518518519,2026-06-04,2026-06-04,CVE-2025-11046,9.8,2026-04-29T01:00:01.613
CVE-2025-11045,0.003550000,0.580590000,0.9314814814814815,2026-06-04,2026-06-04,CVE-2025-11045,7.3,2026-04-29T01:00:01.613
CVE-2025-11041,0.000440000,0.138970000,0.4949074074074074,2026-06-04,2026-06-04,CVE-2025-11041,8.8,2026-04-29T01:00:01.613
CVE-2025-11040,0.000460000,0.144390000,0.5120370370370371,2026-06-04,2026-06-04,CVE-2025-11040,9.8,2026-04-29T01:00:01.613
CVE-2025-11039,0.000470000,0.150340000,0.5252314814814815,2026-06-04,2026-06-04,CVE-2025-11039,9.8,2026-04-29T01:00:01.613
CVE-2025-11038,0.000410000,0.128050000,0.46111111111111114,2026-06-04,2026-06-04,CVE-2025-11038,8.8,2026-04-29T01:00:01.613
CVE-2025-11037,0.000490000,0.154600000,0.5592592592592592,2026-06-04,2026-06-04,CVE-2025-11037,9.8,2026-04-29T01:00:01.613
CVE-2025-11036,0.000490000,0.154600000,0.5592592592592592,2026-06-04,2026-06-04,CVE-2025-11036,9.8,2026-04-29T01:00:01.613
CVE-2025-11035,0.000450000,0.140430000,0.5057870370370371,2026-06-04,2026-06-04,CVE-2025-11035,9.8,2026-04-29T01:00:01.613
CVE-2025-10954,0.001380000,0.335790000,0.850462962962963,2026-06-04,2026-06-04,CVE-2025-10954,7.5,2025-10-03T18:30:04.820
CVE-2025-10657,0.000200000,0.057320000,0.1476851851851852,2026-06-04,2026-06-04,CVE-2025-10657,,2026-04-15T00:35:42.020
CVE-2025-10499,0.000130000,0.019920000,0.0349537037037037,2026-06-04,2026-06-04,CVE-2025-10499,4.3,2025-12-23T18:57:13.767
CVE-2025-10498,0.000130000,0.019920000,0.0349537037037037,2026-06-04,2026-06-04,CVE-2025-10498,5.4,2025-12-23T18:58:20.957
CVE-2024-43192,0.000140000,0.027120000,0.04351851851851852,2026-06-04,2026-06-04,CVE-2024-43192,8.8,2025-12-11T22:10:37.530
CVE-2025-9904,0.000350000,0.108680000,0.4011574074074074,2026-06-04,2026-06-04,CVE-2025-9904,5.3,2026-04-15T00:35:42.020
CVE-2025-9903,0.000530000,0.169500000,0.5833333333333334,2026-06-04,2026-06-04,CVE-2025-9903,5.9,2026-04-15T00:35:42.020
CVE-2025-9648,0.009790000,0.770930000,0.968287037037037,2026-06-04,2026-06-04,CVE-2025-9648,,2026-04-15T00:35:42.020
CVE-2025-8868,0.198530000,0.955700000,0.9965277777777778,2026-06-04,2026-06-04,CVE-2025-8868,8.8,2025-10-16T17:14:27.610
CVE-2025-7698,0.000570000,0.181180000,0.6113425925925926,2026-06-04,2026-06-04,CVE-2025-7698,5.9,2026-04-15T00:35:42.020
CVE-2025-7104,0.000530000,0.167960000,0.5833333333333334,2026-06-04,2026-06-04,CVE-2025-7104,7.5,2025-10-16T16:45:42.937
CVE-2025-6724,0.000650000,0.203460000,0.669212962962963,2026-06-04,2026-06-04,CVE-2025-6724,8.8,2025-10-16T17:15:23.400
CVE-2025-61659,0.000210000,0.060240000,0.16643518518518519,2026-06-04,2026-06-04,CVE-2025-61659,6.8,2026-04-15T00:35:42.020
CVE-2025-57879,0.000350000,0.108660000,0.4011574074074074,2026-06-04,2026-06-04,CVE-2025-57879,6.1,2025-10-17T14:15:25.803
CVE-2025-57878,0.000350000,0.108660000,0.4011574074074074,2026-06-04,2026-06-04,CVE-2025-57878,6.1,2025-10-17T14:15:18.050
CVE-2025-57877,0.000310000,0.092260000,0.34375,2026-06-04,2026-06-04,CVE-2025-57877,4.8,2025-10-17T14:15:14.017
CVE-2025-57876,0.000310000,0.092260000,0.34375,2026-06-04,2026-06-04,CVE-2025-57876,4.8,2025-10-17T14:15:05.600
CVE-2025-57875,0.000310000,0.092260000,0.34375,2026-06-04,2026-06-04,CVE-2025-57875,4.8,2025-10-17T14:14:55.633
CVE-2025-57874,0.000310000,0.092260000,0.34375,2026-06-04,2026-06-04,CVE-2025-57874,4.8,2025-10-17T14:14:46.523
CVE-2025-57873,0.000310000,0.092260000,0.34375,2026-06-04,2026-06-04,CVE-2025-57873,4.8,2025-10-17T14:14:40.383
CVE-2025-57872,0.000350000,0.108660000,0.4011574074074074,2026-06-04,2026-06-04,CVE-2025-57872,6.1,2025-10-17T14:14:32.447
CVE-2025-57871,0.000310000,0.092260000,0.34375,2026-06-04,2026-06-04,CVE-2025-57871,4.8,2025-10-17T14:08:29.920
CVE-2025-57516,0.028740000,0.865440000,0.9861111111111112,2026-06-04,2026-06-04,CVE-2025-57516,8.2,2025-12-23T18:49:30.547
CVE-2025-57483,0.000310000,0.094910000,0.34375,2026-06-04,2026-06-04,CVE-2025-57483,8.1,2026-04-15T00:35:42.020
CVE-2025-57428,0.000460000,0.144820000,0.5120370370370371,2026-06-04,2026-06-04,CVE-2025-57428,6.5,2026-04-15T00:35:42.020
CVE-2025-57424,0.000290000,0.086100000,0.31527777777777777,2026-06-04,2026-06-04,CVE-2025-57424,7.3,2026-04-15T00:35:42.020
CVE-2025-57266,0.002170000,0.443140000,0.9009259259259259,2026-06-04,2026-06-04,CVE-2025-57266,9.8,2026-04-15T00:35:42.020
CVE-2025-57197,0.000300000,0.089060000,0.32546296296296295,2026-06-04,2026-06-04,CVE-2025-57197,6.0,2026-04-15T00:35:42.020
CVE-2025-56807,0.000370000,0.113350000,0.41898148148148145,2026-06-04,2026-06-04,CVE-2025-56807,6.1,2025-10-16T16:32:12.737
CVE-2025-56795,0.000600000,0.190860000,0.6351851851851852,2026-06-04,2026-06-04,CVE-2025-56795,9.0,2025-10-16T15:42:33.617
CVE-2025-56764,0.000470000,0.149910000,0.5252314814814815,2026-06-04,2026-06-04,CVE-2025-56764,5.3,2025-11-11T19:15:34.910
CVE-2025-56449,0.000670000,0.209400000,0.6851851851851852,2026-06-04,2026-06-04,CVE-2025-56449,8.2,2026-04-15T00:35:42.020
CVE-2025-56234,0.000700000,0.214690000,0.7043981481481482,2026-06-04,2026-06-04,CVE-2025-56234,7.5,2026-04-15T00:35:42.020
CVE-2025-56233,0.001220000,0.308010000,0.8275462962962963,2026-06-04,2026-06-04,CVE-2025-56233,7.5,2026-04-15T00:35:42.020
CVE-2025-55795,0.000350000,0.107880000,0.4011574074074074,2026-06-04,2026-06-04,CVE-2025-55795,3.5,2025-10-16T17:09:46.393
CVE-2025-54591,0.000690000,0.213880000,0.6981481481481482,2026-06-04,2026-06-04,CVE-2025-54591,7.5,2025-10-03T16:06:32.667
CVE-2025-51495,0.003410000,0.570670000,0.9282407407407407,2026-06-04,2026-06-04,CVE-2025-51495,7.5,2025-10-16T17:00:47.237
CVE-2025-48006,0.000270000,0.080430000,0.2983796296296296,2026-06-04,2026-06-04,CVE-2025-48006,9.1,2025-10-14T18:18:55.560
CVE-2025-45376,0.000120000,0.018510000,0.03009259259259259,2026-06-04,2026-06-04,CVE-2025-45376,7.8,2025-10-29T17:58:13.290
CVE-2025-43400,0.001770000,0.389090000,0.8789351851851852,2026-06-04,2026-06-04,CVE-2025-43400,6.3,2026-04-02T19:20:39.930
CVE-2025-41252,0.000740000,0.224140000,0.7185185185185186,2026-06-04,2026-06-04,CVE-2025-41252,7.5,2026-04-15T00:35:42.020
CVE-2025-41251,0.000690000,0.212620000,0.6981481481481482,2026-06-04,2026-06-04,CVE-2025-41251,8.1,2026-04-15T00:35:42.020
CVE-2025-41250,0.000830000,0.243350000,0.75625,2026-06-04,2026-06-04,CVE-2025-41250,8.5,2026-04-15T00:35:42.020
CVE-2025-41246,0.000330000,0.101190000,0.3875,2026-06-04,2026-06-04,CVE-2025-41246,7.6,2026-04-15T00:35:42.020
CVE-2025-41245,0.000570000,0.179610000,0.6113425925925926,2026-06-04,2026-06-04,CVE-2025-41245,4.9,2026-04-15T00:35:42.020
CVE-2025-41244,0.005290000,0.675260000,0.9488425925925926,2026-06-04,2026-06-04,CVE-2025-41244,7.8,2025-11-06T13:58:13.620
CVE-2025-36352,0.000210000,0.062370000,0.16643518518518519,2026-06-04,2026-06-04,CVE-2025-36352,5.4,2025-10-03T17:54:10.850
CVE-2025-36351,0.000400000,0.124950000,0.4465277777777778,2026-06-04,2026-06-04,CVE-2025-36351,4.3,2025-10-03T17:53:55.820
CVE-2025-36099,0.000730000,0.222160000,0.7145833333333333,2026-06-04,2026-06-04,CVE-2025-36099,4.9,2025-10-03T17:54:19.180
CVE-2025-35034,0.000920000,0.259130000,0.7844907407407408,2026-06-04,2026-06-04,CVE-2025-35034,6.1,2026-01-02T20:32:33.447
CVE-2025-35033,0.000390000,0.118630000,0.43495370370370373,2026-06-04,2026-06-04,CVE-2025-35033,4.3,2026-01-02T20:32:22.373
CVE-2025-35032,0.000340000,0.105380000,0.3958333333333333,2026-06-04,2026-06-04,CVE-2025-35032,9.9,2026-01-02T20:31:06.037
CVE-2025-35031,0.000140000,0.027110000,0.04351851851851852,2026-06-04,2026-06-04,CVE-2025-35031,5.5,2026-01-02T20:30:04.493
CVE-2025-35030,0.000210000,0.061650000,0.16643518518518519,2026-06-04,2026-06-04,CVE-2025-35030,8.8,2026-01-02T20:28:53.033
CVE-2025-34235,0.007560000,0.736260000,0.9611111111111111,2026-06-04,2026-06-04,CVE-2025-34235,7.8,2025-10-09T17:55:21.890
CVE-2025-34234,0.000760000,0.227870000,0.7326388888888888,2026-06-04,2026-06-04,CVE-2025-34234,7.5,2025-10-09T17:55:04.450
CVE-2025-34233,0.000940000,0.261710000,0.7888888888888889,2026-06-04,2026-06-04,CVE-2025-34233,6.8,2025-10-09T17:50:38.163
CVE-2025-34232,0.000970000,0.266920000,0.7949074074074074,2026-06-04,2026-06-04,CVE-2025-34232,5.3,2025-10-09T19:17:18.387
CVE-2025-34231,0.001950000,0.412510000,0.8886574074074074,2026-06-04,2026-06-04,CVE-2025-34231,8.6,2025-10-09T16:14:08.317
CVE-2025-34230,0.000970000,0.266920000,0.7949074074074074,2026-06-04,2026-06-04,CVE-2025-34230,5.8,2025-10-09T16:13:49.590
CVE-2025-34229,0.000970000,0.266920000,0.7949074074074074,2026-06-04,2026-06-04,CVE-2025-34229,5.8,2025-10-09T16:13:24.893
CVE-2025-34228,0.002900000,0.526870000,0.9199074074074074,2026-06-04,2026-06-04,CVE-2025-34228,8.6,2025-10-09T19:17:04.187
CVE-2025-34225,0.002900000,0.526870000,0.9199074074074074,2026-06-04,2026-06-04,CVE-2025-34225,8.6,2025-10-09T19:16:47.253
CVE-2025-34224,0.009400000,0.766030000,0.9673611111111111,2026-06-04,2026-06-04,CVE-2025-34224,9.1,2025-10-09T18:23:34.493
CVE-2025-34223,0.020560000,0.842080000,0.9803240740740741,2026-06-04,2026-06-04,CVE-2025-34223,9.8,2025-10-09T18:13:32.420
CVE-2025-34222,0.001540000,0.358390000,0.8652777777777778,2026-06-04,2026-06-04,CVE-2025-34222,9.1,2025-10-09T18:13:17.547
CVE-2025-34221,0.030440000,0.869300000,0.9863425925925926,2026-06-04,2026-06-04,CVE-2025-34221,9.8,2025-10-09T18:11:54.903
CVE-2025-34220,0.002470000,0.481400000,0.9092592592592592,2026-06-04,2026-06-04,CVE-2025-34220,5.3,2025-10-09T18:05:10.110
CVE-2025-34218,0.006020000,0.699090000,0.9539351851851852,2026-06-04,2026-06-04,CVE-2025-34218,9.8,2025-10-09T18:04:33.063
CVE-2025-34216,0.009440000,0.766620000,0.9675925925925926,2026-06-04,2026-06-04,CVE-2025-34216,9.8,2025-10-09T18:04:23.007
CVE-2025-34215,0.016170000,0.821420000,0.9768518518518519,2026-06-04,2026-06-04,CVE-2025-34215,9.8,2025-10-18T01:50:20.127
CVE-2025-34212,0.006580000,0.714440000,0.9574074074074074,2026-06-04,2026-06-04,CVE-2025-34212,9.8,2025-10-09T18:03:58.000
CVE-2025-34211,0.000530000,0.168430000,0.5833333333333334,2026-06-04,2026-06-04,CVE-2025-34211,4.9,2025-10-03T16:16:31.273
CVE-2025-34209,0.001640000,0.371150000,0.8724537037037037,2026-06-04,2026-06-04,CVE-2025-34209,7.2,2025-10-03T16:18:25.587
CVE-2025-34207,0.001470000,0.348360000,0.8608796296296296,2026-06-04,2026-06-04,CVE-2025-34207,9.8,2025-10-03T16:23:41.507
CVE-2025-34196,0.001060000,0.282910000,0.8108796296296297,2026-06-04,2026-06-04,CVE-2025-34196,9.8,2025-10-16T16:27:21.273
CVE-2025-30247,0.013590000,0.804860000,0.9743055555555555,2026-06-04,2026-06-04,CVE-2025-30247,,2026-04-15T00:35:42.020
CVE-2025-11155,0.000270000,0.080630000,0.2983796296296296,2026-06-04,2026-06-04,CVE-2025-11155,,2026-04-15T00:35:42.020
CVE-2025-11147,0.000260000,0.079160000,0.2759259259259259,2026-06-04,2026-06-04,CVE-2025-11147,5.4,2025-10-16T15:54:26.323
CVE-2025-11146,0.000260000,0.079160000,0.2759259259259259,2026-06-04,2026-06-04,CVE-2025-11146,5.4,2025-10-16T15:54:35.073
CVE-2025-11141,0.001330000,0.324110000,0.8451388888888889,2026-06-04,2026-06-04,CVE-2025-11141,4.7,2026-04-29T01:00:01.613
CVE-2025-11140,0.000510000,0.163480000,0.5708333333333333,2026-06-04,2026-06-04,CVE-2025-11140,9.8,2026-04-29T01:00:01.613
CVE-2025-11139,0.001460000,0.346910000,0.8592592592592593,2026-06-04,2026-06-04,CVE-2025-11139,9.8,2026-04-29T01:00:01.613
CVE-2025-11138,0.006940000,0.722640000,0.9585648148148148,2026-06-04,2026-06-04,CVE-2025-11138,8.8,2026-04-29T01:00:01.613
CVE-2025-11137,0.000290000,0.088720000,0.31527777777777777,2026-06-04,2026-06-04,CVE-2025-11137,3.5,2026-04-29T01:00:01.613
CVE-2025-11136,0.000900000,0.255410000,0.7791666666666667,2026-06-04,2026-06-04,CVE-2025-11136,7.2,2026-04-29T01:00:01.613
CVE-2025-11135,0.001100000,0.289740000,0.8141203703703703,2026-06-04,2026-06-04,CVE-2025-11135,7.3,2026-04-29T01:00:01.613
CVE-2025-11134,0.000290000,0.086330000,0.31527777777777777,2026-06-04,2026-06-04,CVE-2025-11134,2.4,2026-04-29T01:00:01.613
CVE-2025-11130,0.000280000,0.084940000,0.3087962962962963,2026-06-04,2026-06-04,CVE-2025-11130,8.4,2026-04-29T01:00:01.613
CVE-2025-11126,0.001720000,0.381330000,0.8756944444444444,2026-06-04,2026-06-04,CVE-2025-11126,9.8,2026-04-15T00:35:42.020
CVE-2025-11125,0.000310000,0.094930000,0.34375,2026-06-04,2026-06-04,CVE-2025-11125,4.3,2026-04-29T01:00:01.613
CVE-2025-11124,0.000440000,0.139360000,0.4949074074074074,2026-06-04,2026-06-04,CVE-2025-11124,5.4,2026-04-29T01:00:01.613
CVE-2025-11123,0.003880000,0.602060000,0.9363425925925926,2026-06-04,2026-06-04,CVE-2025-11123,8.8,2025-10-03T13:46:21.990
CVE-2025-11122,0.003540000,0.580200000,0.930787037037037,2026-06-04,2026-06-04,CVE-2025-11122,8.8,2025-10-03T13:46:15.367
CVE-2025-11121,0.011140000,0.785180000,0.9699074074074074,2026-06-04,2026-06-04,CVE-2025-11121,8.8,2026-04-29T01:00:01.613
CVE-2025-10504,0.000240000,0.071820000,0.2363425925925926,2026-06-04,2026-06-04,CVE-2025-10504,6.1,2026-04-15T00:35:42.020
CVE-2025-10346,0.000260000,0.078420000,0.2759259259259259,2026-06-04,2026-06-04,CVE-2025-10346,6.1,2025-10-02T19:45:36.960
CVE-2025-10345,0.000260000,0.078420000,0.2759259259259259,2026-06-04,2026-06-04,CVE-2025-10345,6.1,2025-10-02T19:47:33.867
CVE-2025-10344,0.000260000,0.078420000,0.2759259259259259,2026-06-04,2026-06-04,CVE-2025-10344,6.1,2025-10-02T19:47:43.570
CVE-2025-10343,0.000260000,0.078420000,0.2759259259259259,2026-06-04,2026-06-04,CVE-2025-10343,6.1,2025-10-02T19:47:50.333
CVE-2025-10342,0.000260000,0.078420000,0.2759259259259259,2026-06-04,2026-06-04,CVE-2025-10342,6.1,2025-10-02T19:48:32.613
CVE-2025-10341,0.000260000,0.078420000,0.2759259259259259,2026-06-04,2026-06-04,CVE-2025-10341,6.1,2025-10-02T19:48:57.400
CVE-2024-57412,0.000260000,0.077440000,0.2759259259259259,2026-06-04,2026-06-04,CVE-2024-57412,7.5,2026-04-15T00:35:42.020
CVE-2024-5200,0.000240000,0.072350000,0.2363425925925926,2026-06-04,2026-06-04,CVE-2024-5200,4.8,2026-04-15T00:35:42.020
CVE-2024-13150,0.000420000,0.131180000,0.46944444444444444,2026-06-04,2026-06-04,CVE-2024-13150,9.8,2026-06-01T13:16:27.743
CVE-2025-9993,0.000820000,0.240270000,0.7532407407407408,2026-06-04,2026-06-04,CVE-2025-9993,8.1,2026-04-15T00:35:42.020
CVE-2025-9991,0.002850000,0.520970000,0.9178240740740741,2026-06-04,2026-06-04,CVE-2025-9991,8.1,2026-04-15T00:35:42.020
CVE-2025-9948,0.000120000,0.016350000,0.03009259259259259,2026-06-04,2026-06-04,CVE-2025-9948,4.3,2026-04-15T00:35:42.020
CVE-2025-9946,0.000120000,0.016320000,0.03009259259259259,2026-06-04,2026-06-04,CVE-2025-9946,6.1,2026-04-15T00:35:42.020
CVE-2025-9852,0.000320000,0.097930000,0.3541666666666667,2026-06-04,2026-06-04,CVE-2025-9852,6.4,2026-04-15T00:35:42.020
CVE-2025-9762,0.004010000,0.610680000,0.937962962962963,2026-06-04,2026-06-04,CVE-2025-9762,9.8,2026-04-15T00:35:42.020
CVE-2025-9232,0.000630000,0.198820000,0.65625,2026-06-04,2026-06-04,CVE-2025-9232,5.9,2026-06-02T14:16:41.150
CVE-2025-9231,0.000340000,0.104640000,0.3958333333333333,2026-06-04,2026-06-04,CVE-2025-9231,6.5,2026-06-02T14:16:40.957
CVE-2025-9230,0.000370000,0.114220000,0.41898148148148145,2026-06-04,2026-06-04,CVE-2025-9230,7.5,2026-06-02T14:16:40.760
CVE-2025-8877,0.001000000,0.272380000,0.8013888888888889,2026-06-04,2026-06-04,CVE-2025-8877,7.5,2026-04-15T00:35:42.020
CVE-2025-8777,0.000320000,0.097930000,0.3541666666666667,2026-06-04,2026-06-04,CVE-2025-8777,6.4,2026-04-15T00:35:42.020
CVE-2025-8625,0.007110000,0.726430000,0.9599537037037037,2026-06-04,2026-06-04,CVE-2025-8625,9.8,2026-04-15T00:35:42.020
CVE-2025-8624,0.000320000,0.097930000,0.3541666666666667,2026-06-04,2026-06-04,CVE-2025-8624,6.4,2026-04-15T00:35:42.020
CVE-2025-8623,0.000320000,0.097930000,0.3541666666666667,2026-06-04,2026-06-04,CVE-2025-8623,6.4,2026-04-15T00:35:42.020
CVE-2025-8608,0.000320000,0.097930000,0.3541666666666667,2026-06-04,2026-06-04,CVE-2025-8608,6.4,2026-04-15T00:35:42.020
CVE-2025-8566,0.000320000,0.097930000,0.3541666666666667,2026-06-04,2026-06-04,CVE-2025-8566,6.4,2026-04-15T00:35:42.020
CVE-2025-8560,0.000320000,0.097930000,0.3541666666666667,2026-06-04,2026-06-04,CVE-2025-8560,6.4,2026-04-15T00:35:42.020
CVE-2025-8559,0.000640000,0.199950000,0.6622685185185185,2026-06-04,2026-06-04,CVE-2025-8559,6.5,2026-04-15T00:35:42.020
CVE-2025-8214,0.000320000,0.097930000,0.3541666666666667,2026-06-04,2026-06-04,CVE-2025-8214,6.4,2026-04-15T00:35:42.020
CVE-2025-8122,0.000380000,0.116570000,0.42430555555555555,2026-06-04,2026-06-04,CVE-2025-8122,8.8,2025-11-26T14:36:51.600
CVE-2025-8121,0.000380000,0.116570000,0.42430555555555555,2026-06-04,2026-06-04,CVE-2025-8121,8.8,2025-11-26T14:37:18.227
CVE-2025-8120,0.004230000,0.624580000,0.9407407407407408,2026-06-04,2026-06-04,CVE-2025-8120,9.8,2025-11-26T14:37:44.743
CVE-2025-8119,0.000150000,0.032390000,0.050694444444444445,2026-06-04,2026-06-04,CVE-2025-8119,4.3,2025-11-26T14:40:55.727
CVE-2025-8118,0.000370000,0.113270000,0.41898148148148145,2026-06-04,2026-06-04,CVE-2025-8118,6.5,2025-11-26T14:40:13.943
CVE-2025-8117,0.000400000,0.123100000,0.4465277777777778,2026-06-04,2026-06-04,CVE-2025-8117,7.5,2025-11-26T14:41:41.900
CVE-2025-8116,0.000440000,0.137000000,0.4949074074074074,2026-06-04,2026-06-04,CVE-2025-8116,6.1,2025-11-26T14:41:54.577
CVE-2025-7779,0.000160000,0.036010000,0.05555555555555555,2026-06-04,2026-06-04,CVE-2025-7779,8.8,2026-04-15T00:35:42.020
CVE-2025-7493,0.001120000,0.292090000,0.8168981481481481,2026-06-04,2026-06-04,CVE-2025-7493,9.1,2026-04-15T00:35:42.020
CVE-2025-7065,0.004230000,0.624580000,0.9407407407407408,2026-06-04,2026-06-04,CVE-2025-7065,9.8,2025-11-26T14:42:14.750
CVE-2025-7063,0.008680000,0.755220000,0.9645833333333333,2026-06-04,2026-06-04,CVE-2025-7063,9.8,2025-11-26T14:42:30.940
CVE-2025-7052,0.000260000,0.076580000,0.2759259259259259,2026-06-04,2026-06-04,CVE-2025-7052,8.8,2026-04-15T00:35:42.020
CVE-2025-7038,0.004430000,0.636260000,0.94375,2026-06-04,2026-06-04,CVE-2025-7038,8.2,2026-04-15T00:35:42.020
CVE-2025-6941,0.000400000,0.123940000,0.4465277777777778,2026-06-04,2026-06-04,CVE-2025-6941,6.4,2026-04-15T00:35:42.020
CVE-2025-6815,0.000300000,0.089690000,0.32546296296296295,2026-06-04,2026-06-04,CVE-2025-6815,5.5,2026-04-15T00:35:42.020
CVE-2025-61586,0.000960000,0.264950000,0.7921296296296296,2026-06-04,2026-06-04,CVE-2025-61586,5.3,2025-10-03T15:39:40.233
CVE-2025-61584,0.000650000,0.204310000,0.669212962962963,2026-06-04,2026-06-04,CVE-2025-61584,,2026-04-15T00:35:42.020
CVE-2025-59956,0.000740000,0.224230000,0.7185185185185186,2026-06-04,2026-06-04,CVE-2025-59956,6.5,2025-10-08T15:05:53.100
CVE-2025-59954,0.001320000,0.323440000,0.8428240740740741,2026-06-04,2026-06-04,CVE-2025-59954,9.8,2025-10-08T15:08:19.490
CVE-2025-59952,0.000250000,0.075180000,0.24976851851851853,2026-06-04,2026-06-04,CVE-2025-59952,,2026-04-15T00:35:42.020
CVE-2025-59950,0.000360000,0.110240000,0.41064814814814815,2026-06-04,2026-06-04,CVE-2025-59950,5.4,2025-10-03T15:52:28.380
CVE-2025-59948,0.000380000,0.118070000,0.42430555555555555,2026-06-04,2026-06-04,CVE-2025-59948,5.4,2025-10-03T15:55:15.470
CVE-2025-59942,0.000730000,0.223200000,0.7145833333333333,2026-06-04,2026-06-04,CVE-2025-59942,7.5,2025-10-18T01:15:14.350
CVE-2025-59941,0.000540000,0.171920000,0.5907407407407408,2026-06-04,2026-06-04,CVE-2025-59941,6.5,2025-10-18T01:21:51.237
CVE-2025-59940,0.001260000,0.314530000,0.8344907407407407,2026-06-04,2026-06-04,CVE-2025-59940,6.5,2026-04-15T00:35:42.020
CVE-2025-59937,0.000770000,0.229580000,0.7351851851851852,2026-06-04,2026-06-04,CVE-2025-59937,9.1,2025-10-16T15:55:27.077
CVE-2025-59933,0.000270000,0.080350000,0.2983796296296296,2026-06-04,2026-06-04,CVE-2025-59933,7.8,2025-12-24T15:16:01.733
CVE-2025-59668,0.000650000,0.203750000,0.669212962962963,2026-06-04,2026-06-04,CVE-2025-59668,7.5,2026-04-15T00:35:42.020
CVE-2025-59163,0.001850000,0.400910000,0.8840277777777777,2026-06-04,2026-06-04,CVE-2025-59163,,2026-04-15T00:35:42.020
CVE-2025-57852,0.000120000,0.018620000,0.03009259259259259,2026-06-04,2026-06-04,CVE-2025-57852,6.4,2026-04-15T00:35:42.020
CVE-2025-57769,0.000370000,0.113090000,0.41898148148148145,2026-06-04,2026-06-04,CVE-2025-57769,6.1,2025-10-03T15:58:53.477
CVE-2025-56301,0.001950000,0.412190000,0.8886574074074074,2026-06-04,2026-06-04,CVE-2025-56301,7.5,2025-10-17T20:45:34.003
CVE-2025-56018,0.000400000,0.122280000,0.4465277777777778,2026-06-04,2026-06-04,CVE-2025-56018,6.1,2026-04-09T19:50:03.230
CVE-2025-55797,0.000960000,0.264990000,0.7921296296296296,2026-06-04,2026-06-04,CVE-2025-55797,6.5,2025-10-07T13:37:54.860
CVE-2025-54875,0.000890000,0.253160000,0.7759259259259259,2026-06-04,2026-06-04,CVE-2025-54875,9.8,2025-10-03T15:59:35.287
CVE-2025-54592,0.000970000,0.266870000,0.7949074074074074,2026-06-04,2026-06-04,CVE-2025-54592,9.8,2025-10-03T16:04:21.927
CVE-2025-54477,0.000380000,0.118090000,0.42430555555555555,2026-06-04,2026-06-04,CVE-2025-54477,5.3,2026-04-15T00:35:42.020
CVE-2025-54476,0.000510000,0.163870000,0.5708333333333333,2026-06-04,2026-06-04,CVE-2025-54476,,2026-04-15T00:35:42.020
CVE-2025-52050,0.000380000,0.115220000,0.42430555555555555,2026-06-04,2026-06-04,CVE-2025-52050,6.5,2025-10-03T16:19:39.793
CVE-2025-52049,0.000380000,0.115220000,0.42430555555555555,2026-06-04,2026-06-04,CVE-2025-52049,6.5,2025-10-03T16:19:48.057
CVE-2025-52047,0.000380000,0.115220000,0.42430555555555555,2026-06-04,2026-06-04,CVE-2025-52047,6.5,2025-10-03T16:20:38.850
CVE-2025-52043,0.000380000,0.115220000,0.42430555555555555,2026-06-04,2026-06-04,CVE-2025-52043,6.5,2025-10-03T16:20:49.803
CVE-2025-43820,0.000330000,0.101330000,0.3875,2026-06-04,2026-06-04,CVE-2025-43820,5.4,2025-12-11T22:02:48.697
CVE-2025-43818,0.000330000,0.101330000,0.3875,2026-06-04,2026-06-04,CVE-2025-43818,6.1,2025-12-11T22:04:21.680
CVE-2025-43817,0.000330000,0.101330000,0.3875,2026-06-04,2026-06-04,CVE-2025-43817,6.1,2025-12-11T21:48:06.107
CVE-2025-43815,0.000330000,0.102210000,0.3875,2026-06-04,2026-06-04,CVE-2025-43815,6.1,2025-12-11T22:05:02.473
CVE-2025-43813,0.001980000,0.417900000,0.8907407407407407,2026-06-04,2026-06-04,CVE-2025-43813,8.2,2025-12-11T21:57:45.920
CVE-2025-43812,0.000330000,0.101330000,0.3875,2026-06-04,2026-06-04,CVE-2025-43812,5.4,2025-12-11T21:58:07.870
CVE-2025-43811,0.000330000,0.101330000,0.3875,2026-06-04,2026-06-04,CVE-2025-43811,5.4,2025-12-11T22:06:17.830
CVE-2025-41099,0.000380000,0.116450000,0.42430555555555555,2026-06-04,2026-06-04,CVE-2025-41099,6.5,2025-10-08T18:19:30.180
CVE-2025-41098,0.000460000,0.144140000,0.5120370370370371,2026-06-04,2026-06-04,CVE-2025-41098,7.5,2025-10-08T18:19:18.320
CVE-2025-41097,0.000350000,0.106400000,0.4011574074074074,2026-06-04,2026-06-04,CVE-2025-41097,4.3,2025-10-08T18:18:37.897
CVE-2025-41096,0.000350000,0.106400000,0.4011574074074074,2026-06-04,2026-06-04,CVE-2025-41096,4.3,2025-10-08T18:18:33.003
CVE-2025-41095,0.000350000,0.106400000,0.4011574074074074,2026-06-04,2026-06-04,CVE-2025-41095,4.3,2025-10-08T18:18:28.020
CVE-2025-41094,0.000350000,0.106400000,0.4011574074074074,2026-06-04,2026-06-04,CVE-2025-41094,4.3,2025-10-08T18:18:20.577
CVE-2025-41093,0.000350000,0.106400000,0.4011574074074074,2026-06-04,2026-06-04,CVE-2025-41093,4.3,2025-10-08T18:17:00.197
CVE-2025-41092,0.000350000,0.106400000,0.4011574074074074,2026-06-04,2026-06-04,CVE-2025-41092,4.3,2025-10-08T18:16:44.180
CVE-2025-41091,0.000350000,0.106400000,0.4011574074074074,2026-06-04,2026-06-04,CVE-2025-41091,4.3,2025-10-08T18:53:10.993
CVE-2025-36245,0.000370000,0.112650000,0.41898148148148145,2026-06-04,2026-06-04,CVE-2025-36245,8.8,2025-10-18T01:24:24.603
CVE-2025-34217,0.001720000,0.383570000,0.8756944444444444,2026-06-04,2026-06-04,CVE-2025-34217,9.8,2025-10-07T14:02:24.590
CVE-2025-28016,0.000450000,0.143100000,0.5057870370370371,2026-06-04,2026-06-04,CVE-2025-28016,4.8,2025-10-07T13:42:23.450
CVE-2025-11178,0.000060000,0.003690000,0.0020833333333333333,2026-06-04,2026-06-04,CVE-2025-11178,7.3,2026-04-15T00:35:42.020
CVE-2025-11163,0.000340000,0.105540000,0.3958333333333333,2026-06-04,2026-06-04,CVE-2025-11163,4.3,2026-04-15T00:35:42.020
CVE-2025-11153,0.000350000,0.108690000,0.4011574074074074,2026-06-04,2026-06-04,CVE-2025-11153,7.5,2026-04-13T15:16:39.020
CVE-2025-11152,0.000570000,0.181440000,0.6113425925925926,2026-06-04,2026-06-04,CVE-2025-11152,8.6,2026-04-13T15:16:38.857
CVE-2025-11149,0.000170000,0.046230000,0.07430555555555556,2026-06-04,2026-06-04,CVE-2025-11149,7.5,2026-04-15T00:35:42.020
CVE-2025-11148,0.000830000,0.243240000,0.75625,2026-06-04,2026-06-04,CVE-2025-11148,9.8,2026-04-15T00:35:42.020
CVE-2025-10991,0.000260000,0.078040000,0.2759259259259259,2026-06-04,2026-06-04,CVE-2025-10991,,2026-04-15T00:35:42.020
CVE-2025-10859,0.000170000,0.044300000,0.07430555555555556,2026-06-04,2026-06-04,CVE-2025-10859,4.0,2026-04-13T15:16:37.753
CVE-2025-10217,0.000610000,0.193070000,0.6458333333333334,2026-06-04,2026-06-04,CVE-2025-10217,,2026-04-15T00:35:42.020
CVE-2025-10196,0.000320000,0.097930000,0.3541666666666667,2026-06-04,2026-06-04,CVE-2025-10196,6.4,2026-04-15T00:35:42.020
CVE-2025-10191,0.000400000,0.123940000,0.4465277777777778,2026-06-04,2026-06-04,CVE-2025-10191,6.4,2026-04-15T00:35:42.020
CVE-2025-10189,0.000320000,0.098860000,0.3541666666666667,2026-06-04,2026-06-04,CVE-2025-10189,6.4,2026-04-15T00:35:42.020
CVE-2025-10182,0.000320000,0.098860000,0.3541666666666667,2026-06-04,2026-06-04,CVE-2025-10182,6.4,2026-04-15T00:35:42.020
CVE-2025-10179,0.000320000,0.098860000,0.3541666666666667,2026-06-04,2026-06-04,CVE-2025-10179,6.4,2026-04-15T00:35:42.020
CVE-2025-10168,0.000320000,0.097930000,0.3541666666666667,2026-06-04,2026-06-04,CVE-2025-10168,6.4,2026-04-15T00:35:42.020
CVE-2025-10131,0.000320000,0.098860000,0.3541666666666667,2026-06-04,2026-06-04,CVE-2025-10131,6.4,2026-04-15T00:35:42.020
CVE-2025-10130,0.000400000,0.123940000,0.4465277777777778,2026-06-04,2026-06-04,CVE-2025-10130,6.4,2026-04-15T00:35:42.020
CVE-2025-10128,0.000320000,0.098860000,0.3541666666666667,2026-06-04,2026-06-04,CVE-2025-10128,6.4,2026-04-15T00:35:42.020
CVE-2025-10000,0.001030000,0.278370000,0.8071759259259259,2026-06-04,2026-06-04,CVE-2025-10000,6.4,2026-04-15T00:35:42.020
CVE-2024-58040,0.000310000,0.092020000,0.34375,2026-06-04,2026-06-04,CVE-2024-58040,9.1,2026-03-09T17:17:45.437
CVE-2025-61792,0.000170000,0.042390000,0.07430555555555556,2026-06-04,2026-06-04,CVE-2025-61792,6.4,2026-04-15T00:35:42.020
CVE-2025-6034,0.000180000,0.049900000,0.11435185185185186,2026-06-04,2026-06-04,CVE-2025-6034,7.8,2025-10-07T13:20:48.400
CVE-2025-6033,0.000180000,0.049900000,0.11435185185185186,2026-06-04,2026-06-04,CVE-2025-6033,7.8,2025-10-07T13:24:30.283
CVE-2025-57254,0.000590000,0.186270000,0.6287037037037037,2026-06-04,2026-06-04,CVE-2025-57254,6.5,2026-04-15T00:35:42.020
CVE-2025-56676,0.001240000,0.310990000,0.8337962962962963,2026-06-04,2026-06-04,CVE-2025-56676,5.4,2025-10-18T01:49:15.320
CVE-2025-56675,0.000280000,0.085530000,0.3087962962962963,2026-06-04,2026-06-04,CVE-2025-56675,3.5,2026-04-15T00:35:42.020
CVE-2025-56572,0.003890000,0.603050000,0.9365740740740741,2026-06-04,2026-06-04,CVE-2025-56572,7.5,2025-10-08T14:26:03.170
CVE-2025-56571,0.000810000,0.237550000,0.7467592592592592,2026-06-04,2026-06-04,CVE-2025-56571,7.5,2025-10-08T14:34:26.070
CVE-2025-56520,0.001350000,0.330650000,0.8474537037037037,2026-06-04,2026-06-04,CVE-2025-56520,5.3,2025-10-07T13:20:03.270
CVE-2025-56513,0.005300000,0.675570000,0.9490740740740741,2026-06-04,2026-06-04,CVE-2025-56513,9.8,2026-05-11T16:17:27.477
CVE-2025-56392,0.000440000,0.139380000,0.4949074074074074,2026-06-04,2026-06-04,CVE-2025-56392,8.1,2025-10-15T18:38:52.640
CVE-2025-56207,0.000560000,0.176770000,0.6055555555555555,2026-06-04,2026-06-04,CVE-2025-56207,6.5,2026-04-15T00:35:42.020
CVE-2025-56200,0.000500000,0.157770000,0.5659722222222222,2026-06-04,2026-06-04,CVE-2025-56200,6.1,2025-10-18T01:48:26.373
CVE-2025-56132,0.026180000,0.859390000,0.9842592592592593,2026-06-04,2026-06-04,CVE-2025-56132,7.3,2025-10-15T18:38:42.897
CVE-2025-55191,0.000450000,0.142010000,0.5057870370370371,2026-06-04,2026-06-04,CVE-2025-55191,5.3,2025-10-07T13:11:21.697
CVE-2025-43827,0.000470000,0.150220000,0.5252314814814815,2026-06-04,2026-06-04,CVE-2025-43827,4.3,2025-12-15T18:20:51.497
CVE-2025-43826,0.000310000,0.092020000,0.34375,2026-06-04,2026-06-04,CVE-2025-43826,5.4,2025-12-15T18:21:10.470
CVE-2025-36262,0.000610000,0.192890000,0.6458333333333334,2026-06-04,2026-06-04,CVE-2025-36262,4.9,2025-10-03T17:52:19.390
CVE-2025-36132,0.000200000,0.056600000,0.1476851851851852,2026-06-04,2026-06-04,CVE-2025-36132,5.4,2025-10-03T17:52:05.920
CVE-2025-24525,0.000430000,0.133610000,0.48541666666666666,2026-06-04,2026-06-04,CVE-2025-24525,7.5,2026-04-15T00:35:42.020
CVE-2025-23293,0.000260000,0.076520000,0.2759259259259259,2026-06-04,2026-06-04,CVE-2025-23293,8.7,2026-04-15T00:35:42.020
CVE-2025-23292,0.000150000,0.030280000,0.050694444444444445,2026-06-04,2026-06-04,CVE-2025-23292,4.6,2026-04-15T00:35:42.020
CVE-2025-23291,0.000070000,0.005560000,0.0032407407407407406,2026-06-04,2026-06-04,CVE-2025-23291,2.4,2026-04-15T00:35:42.020
CVE-2025-11195,0.000130000,0.024680000,0.0349537037037037,2026-06-04,2026-06-04,CVE-2025-11195,3.3,2025-10-08T14:15:51.740
CVE-2025-10725,0.001620000,0.368880000,0.8717592592592592,2026-06-04,2026-06-04,CVE-2025-10725,9.9,2026-04-15T00:35:42.020
CVE-2025-10659,0.015470000,0.817300000,0.9761574074074074,2026-06-04,2026-06-04,CVE-2025-10659,9.8,2026-04-15T00:35:42.020
CVE-2024-55017,0.000550000,0.174300000,0.5965277777777778,2026-06-04,2026-06-04,CVE-2024-55017,7.5,2026-04-15T00:35:42.020
