cve,epss,percentile,percentile_subset,timestamp,date,cve.id,cvss_baseScore,cve.lastModified
CVE-2025-9815,0.002620000,0.181210000,0.5381944444444444,2026-08-15,2026-08-15,CVE-2025-9815,7.8,2026-06-17T10:09:49.767
CVE-2025-9814,0.004170000,0.347690000,0.7819444444444444,2026-08-15,2026-08-15,CVE-2025-9814,9.8,2026-06-17T10:09:49.630
CVE-2025-9813,0.008520000,0.551630000,0.9321759259259259,2026-08-15,2026-08-15,CVE-2025-9813,8.8,2026-06-17T10:09:49.497
CVE-2025-9812,0.006460000,0.479680000,0.899537037037037,2026-08-15,2026-08-15,CVE-2025-9812,8.8,2026-06-17T10:09:49.360
CVE-2025-9811,0.004170000,0.347710000,0.7819444444444444,2026-08-15,2026-08-15,CVE-2025-9811,9.8,2026-06-17T10:09:49.223
CVE-2025-9810,0.001060000,0.012460000,0.04027777777777778,2026-08-15,2026-08-15,CVE-2025-9810,5.8,2026-06-17T10:09:49.110
CVE-2025-9809,0.004240000,0.353760000,0.7949074074074074,2026-08-15,2026-08-15,CVE-2025-9809,9.8,2026-06-17T10:09:48.990
CVE-2025-9806,0.001570000,0.053530000,0.22939814814814816,2026-08-15,2026-08-15,CVE-2025-9806,6.4,2026-06-17T10:09:48.633
CVE-2025-9805,0.002830000,0.208870000,0.5740740740740741,2026-08-15,2026-08-15,CVE-2025-9805,7.5,2026-06-17T10:09:48.483
CVE-2025-9802,0.002600000,0.179080000,0.5342592592592592,2026-08-15,2026-08-15,CVE-2025-9802,4.7,2026-06-17T10:09:47.957
CVE-2025-9801,0.007160000,0.507140000,0.9141203703703704,2026-08-15,2026-08-15,CVE-2025-9801,8.1,2026-06-17T10:09:47.813
CVE-2025-9800,0.003090000,0.236280000,0.6247685185185186,2026-08-15,2026-08-15,CVE-2025-9800,6.1,2026-06-17T10:09:47.667
CVE-2025-9799,0.002790000,0.203890000,0.5682870370370371,2026-08-15,2026-08-15,CVE-2025-9799,5.0,2026-06-17T10:09:47.503
CVE-2025-9797,0.002670000,0.189470000,0.5458333333333333,2026-08-15,2026-08-15,CVE-2025-9797,2.4,2026-06-17T10:09:47.270
CVE-2025-9796,0.003560000,0.287080000,0.6993055555555555,2026-08-15,2026-08-15,CVE-2025-9796,4.1,2026-06-17T10:09:47.123
CVE-2025-9795,0.002240000,0.132810000,0.4398148148148148,2026-08-15,2026-08-15,CVE-2025-9795,5.4,2026-06-17T10:09:46.990
CVE-2025-9794,0.004210000,0.350950000,0.787962962962963,2026-08-15,2026-08-15,CVE-2025-9794,9.8,2026-06-17T10:09:46.850
CVE-2025-9793,0.004170000,0.347720000,0.7819444444444444,2026-08-15,2026-08-15,CVE-2025-9793,9.8,2026-06-17T10:09:46.710
CVE-2025-9792,0.004170000,0.347690000,0.7819444444444444,2026-08-15,2026-08-15,CVE-2025-9792,9.8,2026-06-17T10:09:46.573
CVE-2025-9791,0.008360000,0.546940000,0.93125,2026-08-15,2026-08-15,CVE-2025-9791,9.8,2026-06-17T10:09:46.433
CVE-2025-9790,0.004780000,0.392270000,0.8405092592592592,2026-08-15,2026-08-15,CVE-2025-9790,9.8,2026-06-17T10:09:46.297
CVE-2025-9789,0.004780000,0.392260000,0.8405092592592592,2026-08-15,2026-08-15,CVE-2025-9789,9.8,2026-06-17T10:09:46.150
CVE-2025-9788,0.004170000,0.347680000,0.7819444444444444,2026-08-15,2026-08-15,CVE-2025-9788,9.8,2026-06-17T10:09:46.013
CVE-2025-9786,0.004170000,0.347710000,0.7819444444444444,2026-08-15,2026-08-15,CVE-2025-9786,9.8,2026-06-17T10:09:45.767
CVE-2025-9783,0.006490000,0.480930000,0.9,2026-08-15,2026-08-15,CVE-2025-9783,8.8,2026-06-17T10:09:45.080
CVE-2025-9782,0.006490000,0.480930000,0.9,2026-08-15,2026-08-15,CVE-2025-9782,8.8,2026-06-17T10:09:44.940
CVE-2025-9781,0.006490000,0.480940000,0.9,2026-08-15,2026-08-15,CVE-2025-9781,8.8,2026-06-17T10:09:44.807
CVE-2025-9780,0.006490000,0.480940000,0.9,2026-08-15,2026-08-15,CVE-2025-9780,8.8,2026-06-17T10:09:44.670
CVE-2025-9779,0.006490000,0.480930000,0.9,2026-08-15,2026-08-15,CVE-2025-9779,8.8,2026-06-17T10:09:44.533
CVE-2025-9778,0.001410000,0.039450000,0.13541666666666666,2026-08-15,2026-08-15,CVE-2025-9778,7.0,2026-06-17T10:09:44.387
CVE-2025-9775,0.005320000,0.424420000,0.868287037037037,2026-08-15,2026-08-15,CVE-2025-9775,9.8,2026-06-17T10:09:44.147
CVE-2025-9774,0.003880000,0.320540000,0.7523148148148148,2026-08-15,2026-08-15,CVE-2025-9774,4.3,2026-06-17T10:09:44.013
CVE-2025-9773,0.003950000,0.327150000,0.7574074074074074,2026-08-15,2026-08-15,CVE-2025-9773,6.1,2026-06-17T10:09:43.877
CVE-2025-9772,0.005320000,0.424420000,0.868287037037037,2026-08-15,2026-08-15,CVE-2025-9772,9.8,2026-06-17T10:09:43.737
CVE-2025-9771,0.004200000,0.350760000,0.7875,2026-08-15,2026-08-15,CVE-2025-9771,9.8,2026-06-17T10:09:43.600
CVE-2025-9770,0.004740000,0.389540000,0.8377314814814815,2026-08-15,2026-08-15,CVE-2025-9770,9.8,2026-06-17T10:09:43.467
CVE-2025-9769,0.258750000,0.977980000,0.9969907407407408,2026-08-15,2026-08-15,CVE-2025-9769,6.2,2026-06-17T10:09:43.330
CVE-2025-9768,0.004370000,0.364130000,0.8023148148148148,2026-08-15,2026-08-15,CVE-2025-9768,9.8,2026-06-17T10:09:43.187
CVE-2025-9767,0.005250000,0.420590000,0.8652777777777778,2026-08-15,2026-08-15,CVE-2025-9767,9.8,2026-06-17T10:09:43.050
CVE-2025-9766,0.005960000,0.456770000,0.8861111111111111,2026-08-15,2026-08-15,CVE-2025-9766,9.8,2026-06-17T10:09:42.910
CVE-2025-9765,0.004210000,0.350900000,0.787962962962963,2026-08-15,2026-08-15,CVE-2025-9765,9.8,2026-06-17T10:09:42.777
CVE-2025-9764,0.004210000,0.350980000,0.787962962962963,2026-08-15,2026-08-15,CVE-2025-9764,9.8,2026-06-17T10:09:42.640
CVE-2025-9763,0.004210000,0.350940000,0.787962962962963,2026-08-15,2026-08-15,CVE-2025-9763,9.8,2026-06-17T10:09:42.507
CVE-2025-9761,0.004210000,0.350890000,0.787962962962963,2026-08-15,2026-08-15,CVE-2025-9761,9.8,2026-06-17T10:09:42.267
CVE-2025-9760,0.004170000,0.347740000,0.7819444444444444,2026-08-15,2026-08-15,CVE-2025-9760,8.8,2026-06-17T10:09:42.120
CVE-2025-9759,0.004150000,0.346390000,0.7789351851851852,2026-08-15,2026-08-15,CVE-2025-9759,9.8,2026-06-17T10:09:41.977
CVE-2025-9758,0.003930000,0.325230000,0.7550925925925925,2026-08-15,2026-08-15,CVE-2025-9758,9.8,2026-06-17T10:09:41.840
CVE-2025-9757,0.004510000,0.374450000,0.8233796296296296,2026-08-15,2026-08-15,CVE-2025-9757,9.8,2026-06-17T10:09:41.693
CVE-2025-9756,0.003350000,0.264680000,0.6643518518518519,2026-08-15,2026-08-15,CVE-2025-9756,8.8,2026-06-17T10:09:41.557
CVE-2025-9755,0.003890000,0.321470000,0.7527777777777778,2026-08-15,2026-08-15,CVE-2025-9755,6.1,2026-06-17T10:09:41.413
CVE-2025-9754,0.002780000,0.203430000,0.5657407407407408,2026-08-15,2026-08-15,CVE-2025-9754,5.4,2026-06-17T10:09:41.280
CVE-2025-9753,0.002950000,0.221270000,0.5995370370370371,2026-08-15,2026-08-15,CVE-2025-9753,4.8,2026-06-17T10:09:41.133
CVE-2025-9752,0.158150000,0.965860000,0.9942129629629629,2026-08-15,2026-08-15,CVE-2025-9752,9.8,2026-06-17T10:09:40.990
CVE-2025-9751,0.004150000,0.346380000,0.7789351851851852,2026-08-15,2026-08-15,CVE-2025-9751,9.8,2026-06-17T10:09:40.847
CVE-2025-9570,0.005200000,0.417470000,0.8625,2026-08-15,2026-08-15,CVE-2025-9570,4.9,2026-06-17T10:09:17.100
CVE-2025-9569,0.002620000,0.181640000,0.5381944444444444,2026-08-15,2026-08-15,CVE-2025-9569,6.1,2026-06-17T10:09:16.980
CVE-2025-9568,0.002620000,0.181960000,0.5381944444444444,2026-08-15,2026-08-15,CVE-2025-9568,6.1,2026-06-17T10:09:16.860
CVE-2025-9567,0.002620000,0.181950000,0.5381944444444444,2026-08-15,2026-08-15,CVE-2025-9567,6.1,2026-06-17T10:09:16.733
CVE-2025-9375,0.004470000,0.371690000,0.8210648148148149,2026-08-15,2026-08-15,CVE-2025-9375,,2026-06-17T10:08:50.167
CVE-2025-8662,0.002890000,0.213960000,0.5886574074074075,2026-08-15,2026-08-15,CVE-2025-8662,4.3,2026-06-17T10:07:24.100
CVE-2025-7731,0.003330000,0.262810000,0.6615740740740741,2026-08-15,2026-08-15,CVE-2025-7731,7.5,2026-06-17T10:05:32.780
CVE-2025-7405,0.004550000,0.377370000,0.8261574074074074,2026-08-15,2026-08-15,CVE-2025-7405,7.3,2026-06-17T10:04:53.277
CVE-2025-6507,0.136170000,0.961430000,0.992824074074074,2026-08-15,2026-08-15,CVE-2025-6507,9.8,2026-06-17T10:02:02.457
CVE-2025-58318,0.001580000,0.054140000,0.23171296296296295,2026-08-15,2026-08-15,CVE-2025-58318,,2026-06-17T09:44:17.510
CVE-2025-58178,0.010940000,0.627010000,0.9460648148148149,2026-08-15,2026-08-15,CVE-2025-58178,7.8,2026-06-17T09:44:01.187
CVE-2025-58162,0.006000000,0.458830000,0.887962962962963,2026-08-15,2026-08-15,CVE-2025-58162,6.5,2026-06-17T09:44:00.273
CVE-2025-58161,0.007580000,0.521700000,0.9208333333333333,2026-08-15,2026-08-15,CVE-2025-58161,4.3,2026-06-17T09:44:00.153
CVE-2025-57808,0.015710000,0.732510000,0.9606481481481481,2026-08-15,2026-08-15,CVE-2025-57808,8.1,2026-06-17T09:43:28.493
CVE-2025-57799,0.012250000,0.662320000,0.9530092592592593,2026-08-15,2026-08-15,CVE-2025-57799,,2026-06-17T09:43:27.467
CVE-2025-55007,0.001890000,0.087840000,0.32222222222222224,2026-08-15,2026-08-15,CVE-2025-55007,5.3,2026-06-17T09:41:06.217
CVE-2025-54857,0.031330000,0.867560000,0.9724537037037037,2026-08-15,2026-08-15,CVE-2025-54857,9.8,2026-06-17T09:40:48.707
CVE-2025-44017,0.002300000,0.141260000,0.4537037037037037,2026-08-15,2026-08-15,CVE-2025-44017,4.3,2026-06-17T09:24:55.560
CVE-2025-41690,0.002460000,0.161760000,0.5025462962962963,2026-08-15,2026-08-15,CVE-2025-41690,7.4,2026-06-17T09:22:57.920
CVE-2025-41030,0.003290000,0.258100000,0.6543981481481481,2026-08-15,2026-08-15,CVE-2025-41030,,2026-06-17T09:22:27.390
CVE-2025-36133,0.001100000,0.014710000,0.04652777777777778,2026-08-15,2026-08-15,CVE-2025-36133,5.5,2026-06-17T09:14:31.523
CVE-2025-3586,0.004170000,0.347900000,0.7819444444444444,2026-08-15,2026-08-15,CVE-2025-3586,7.2,2026-06-17T09:20:15.057
CVE-2025-33102,0.001750000,0.071800000,0.2881944444444444,2026-08-15,2026-08-15,CVE-2025-33102,7.5,2026-06-17T09:13:07.937
CVE-2025-33099,0.001880000,0.087060000,0.3199074074074074,2026-08-15,2026-08-15,CVE-2025-33099,5.9,2026-06-17T09:13:07.620
CVE-2025-33084,0.002100000,0.114280000,0.39490740740740743,2026-08-15,2026-08-15,CVE-2025-33084,5.9,2026-06-17T09:13:06.740
CVE-2025-33083,0.001770000,0.075350000,0.29189814814814813,2026-08-15,2026-08-15,CVE-2025-33083,5.4,2026-06-17T09:13:06.637
CVE-2025-33082,0.001770000,0.075350000,0.29189814814814813,2026-08-15,2026-08-15,CVE-2025-33082,5.4,2026-06-17T09:13:06.527
CVE-2025-2412,0.003490000,0.279630000,0.6849537037037037,2026-08-15,2026-08-15,CVE-2025-2412,8.6,2026-06-17T09:06:58.703
CVE-2025-20708,0.003440000,0.274140000,0.6775462962962963,2026-08-15,2026-08-15,CVE-2025-20708,8.8,2026-06-17T08:41:53.183
CVE-2025-20707,0.000950000,0.007550000,0.03009259259259259,2026-08-15,2026-08-15,CVE-2025-20707,6.7,2026-06-17T08:41:53.050
CVE-2025-20706,0.000920000,0.006030000,0.027314814814814816,2026-08-15,2026-08-15,CVE-2025-20706,7.8,2026-06-17T08:41:52.913
CVE-2025-20705,0.000920000,0.006030000,0.027314814814814816,2026-08-15,2026-08-15,CVE-2025-20705,7.8,2026-06-17T08:41:52.763
CVE-2025-20704,0.003050000,0.231760000,0.6143518518518518,2026-08-15,2026-08-15,CVE-2025-20704,8.0,2026-06-17T08:41:52.623
CVE-2025-20703,0.003040000,0.230320000,0.6125,2026-08-15,2026-08-15,CVE-2025-20703,6.5,2026-06-17T08:41:52.463
CVE-2025-0656,0.002120000,0.117230000,0.4041666666666667,2026-08-15,2026-08-15,CVE-2025-0656,6.1,2026-06-17T08:26:54.643
CVE-2025-0610,0.001700000,0.067000000,0.2712962962962963,2026-08-15,2026-08-15,CVE-2025-0610,8.6,2026-06-17T08:26:48.277
CVE-2024-28988,0.393510000,0.984800000,0.9979166666666667,2026-08-15,2026-08-15,CVE-2024-28988,9.8,2026-06-17T07:22:12.680
CVE-2024-12925,0.001530000,0.049520000,0.21319444444444444,2026-08-15,2026-08-15,CVE-2024-12925,7.3,2026-06-17T07:00:46.453
CVE-2024-12924,0.001870000,0.086220000,0.3159722222222222,2026-08-15,2026-08-15,CVE-2024-12924,6.3,2026-06-17T07:00:46.353
CVE-2024-12914,0.001910000,0.090750000,0.33541666666666664,2026-08-15,2026-08-15,CVE-2024-12914,4.3,2026-06-17T07:00:45.277
CVE-2022-38696,0.008000000,0.535150000,0.9266203703703704,2026-08-15,2026-08-15,CVE-2022-38696,9.8,2026-06-17T04:57:02.440
CVE-2022-38695,0.001990000,0.100540000,0.36157407407407405,2026-08-15,2026-08-15,CVE-2022-38695,7.8,2026-06-17T04:57:02.310
CVE-2022-38694,0.005860000,0.452210000,0.8844907407407407,2026-08-15,2026-08-15,CVE-2022-38694,7.8,2026-06-17T04:57:02.183
CVE-2022-38693,0.008000000,0.535150000,0.9266203703703704,2026-08-15,2026-08-15,CVE-2022-38693,9.8,2026-06-17T04:57:02.057
CVE-2022-38692,0.004530000,0.375780000,0.825,2026-08-15,2026-08-15,CVE-2022-38692,9.8,2026-06-17T04:57:01.927
CVE-2022-38691,0.003390000,0.268620000,0.6694444444444444,2026-08-15,2026-08-15,CVE-2022-38691,7.8,2026-06-17T04:57:01.790
CVE-2025-9837,0.004210000,0.350930000,0.787962962962963,2026-08-15,2026-08-15,CVE-2025-9837,9.8,2026-06-17T10:09:52.397
CVE-2025-9836,0.002920000,0.217570000,0.5928240740740741,2026-08-15,2026-08-15,CVE-2025-9836,4.3,2026-06-17T10:09:52.260
CVE-2025-9835,0.003300000,0.259510000,0.65625,2026-08-15,2026-08-15,CVE-2025-9835,4.3,2026-06-17T10:09:52.113
CVE-2025-9834,0.002780000,0.203020000,0.5657407407407408,2026-08-15,2026-08-15,CVE-2025-9834,5.4,2026-06-17T10:09:51.973
CVE-2025-9833,0.004210000,0.350930000,0.787962962962963,2026-08-15,2026-08-15,CVE-2025-9833,9.8,2026-06-17T10:09:51.830
CVE-2025-9832,0.004510000,0.374450000,0.8233796296296296,2026-08-15,2026-08-15,CVE-2025-9832,9.8,2026-06-17T10:09:51.690
CVE-2025-9831,0.004210000,0.350960000,0.787962962962963,2026-08-15,2026-08-15,CVE-2025-9831,9.8,2026-06-17T10:09:51.550
CVE-2025-9830,0.004210000,0.350960000,0.787962962962963,2026-08-15,2026-08-15,CVE-2025-9830,9.8,2026-06-17T10:09:51.410
CVE-2025-9829,0.004510000,0.374440000,0.8233796296296296,2026-08-15,2026-08-15,CVE-2025-9829,9.8,2026-06-17T10:09:51.270
CVE-2025-9828,0.003420000,0.272150000,0.6733796296296296,2026-08-15,2026-08-15,CVE-2025-9828,5.9,2026-06-17T10:09:51.130
CVE-2025-9784,0.023250000,0.820340000,0.9685185185185186,2026-08-15,2026-08-15,CVE-2025-9784,7.5,2026-08-19T08:17:09.990
CVE-2025-9696,0.001640000,0.060910000,0.2513888888888889,2026-08-15,2026-08-15,CVE-2025-9696,,2026-06-17T10:09:33.257
CVE-2025-9573,0.010870000,0.624610000,0.9458333333333333,2026-08-15,2026-08-15,CVE-2025-9573,,2026-06-17T10:09:17.493
CVE-2025-9330,0.001780000,0.075760000,0.2962962962962963,2026-08-15,2026-08-15,CVE-2025-9330,7.8,2026-06-17T10:08:46.037
CVE-2025-9329,0.002500000,0.166220000,0.5113425925925926,2026-08-15,2026-08-15,CVE-2025-9329,7.8,2026-06-17T10:08:45.930
CVE-2025-9328,0.002500000,0.166230000,0.5113425925925926,2026-08-15,2026-08-15,CVE-2025-9328,7.8,2026-06-17T10:08:45.817
CVE-2025-9327,0.002370000,0.149590000,0.4824074074074074,2026-08-15,2026-08-15,CVE-2025-9327,5.5,2026-06-17T10:08:45.697
CVE-2025-9326,0.002550000,0.172560000,0.5210648148148148,2026-08-15,2026-08-15,CVE-2025-9326,7.8,2026-06-17T10:08:45.587
CVE-2025-9325,0.002370000,0.149590000,0.4824074074074074,2026-08-15,2026-08-15,CVE-2025-9325,5.5,2026-06-17T10:08:45.470
CVE-2025-9324,0.002370000,0.149590000,0.4824074074074074,2026-08-15,2026-08-15,CVE-2025-9324,5.5,2026-06-17T10:08:45.357
CVE-2025-9323,0.002370000,0.149580000,0.4824074074074074,2026-08-15,2026-08-15,CVE-2025-9323,5.5,2026-06-17T10:08:45.240
CVE-2025-9276,0.006520000,0.482720000,0.9023148148148148,2026-08-15,2026-08-15,CVE-2025-9276,9.8,2026-06-17T10:08:39.680
CVE-2025-9275,0.002200000,0.128270000,0.425,2026-08-15,2026-08-15,CVE-2025-9275,7.8,2026-06-17T10:08:39.577
CVE-2025-9274,0.002250000,0.133980000,0.4444444444444444,2026-08-15,2026-08-15,CVE-2025-9274,7.8,2026-06-17T10:08:39.463
CVE-2025-9273,0.003810000,0.313050000,0.7351851851851852,2026-08-15,2026-08-15,CVE-2025-9273,4.3,2026-06-17T10:08:39.353
CVE-2025-9189,0.002730000,0.196660000,0.5537037037037037,2026-08-15,2026-08-15,CVE-2025-9189,7.8,2026-06-17T10:08:30.327
CVE-2025-9188,0.005050000,0.408780000,0.857175925925926,2026-08-15,2026-08-15,CVE-2025-9188,7.8,2026-06-17T10:08:30.210
CVE-2025-8614,0.002650000,0.185450000,0.5421296296296296,2026-08-15,2026-08-15,CVE-2025-8614,7.8,2026-06-17T10:07:19.220
CVE-2025-8613,0.012200000,0.660760000,0.9523148148148148,2026-08-15,2026-08-15,CVE-2025-8613,7.2,2026-06-17T10:07:19.097
CVE-2025-8302,0.001490000,0.046390000,0.1865740740740741,2026-08-15,2026-08-15,CVE-2025-8302,8.8,2026-06-17T10:06:42.580
CVE-2025-8301,0.001490000,0.046400000,0.1865740740740741,2026-08-15,2026-08-15,CVE-2025-8301,7.8,2026-06-17T10:06:42.477
CVE-2025-8300,0.001490000,0.046390000,0.1865740740740741,2026-08-15,2026-08-15,CVE-2025-8300,8.8,2026-06-17T10:06:42.370
CVE-2025-8299,0.001490000,0.046390000,0.1865740740740741,2026-08-15,2026-08-15,CVE-2025-8299,8.8,2026-06-17T10:06:42.260
CVE-2025-8298,0.001340000,0.033770000,0.09722222222222222,2026-08-15,2026-08-15,CVE-2025-8298,3.8,2026-06-17T10:06:42.150
CVE-2025-7976,0.002140000,0.119850000,0.4081018518518518,2026-08-15,2026-08-15,CVE-2025-7976,7.8,2026-06-17T10:06:04.653
CVE-2025-7975,0.004920000,0.400860000,0.8516203703703704,2026-08-15,2026-08-15,CVE-2025-7975,7.8,2026-06-17T10:06:04.547
CVE-2025-7974,0.004120000,0.343100000,0.7754629629629629,2026-08-15,2026-08-15,CVE-2025-7974,7.5,2026-06-17T10:06:04.437
CVE-2025-6685,0.005460000,0.431910000,0.8719907407407408,2026-08-15,2026-08-15,CVE-2025-6685,8.8,2026-06-17T10:02:22.660
CVE-2025-6519,0.005200000,0.417720000,0.8625,2026-08-15,2026-08-15,CVE-2025-6519,9.8,2026-06-17T10:02:03.897
CVE-2025-57778,0.002730000,0.196660000,0.5537037037037037,2026-08-15,2026-08-15,CVE-2025-57778,7.8,2026-06-17T09:43:25.050
CVE-2025-57777,0.002730000,0.196650000,0.5537037037037037,2026-08-15,2026-08-15,CVE-2025-57777,7.8,2026-06-17T09:43:24.930
CVE-2025-57776,0.002730000,0.196660000,0.5537037037037037,2026-08-15,2026-08-15,CVE-2025-57776,7.8,2026-06-17T09:43:24.810
CVE-2025-57775,0.002680000,0.190910000,0.5469907407407407,2026-08-15,2026-08-15,CVE-2025-57775,7.8,2026-06-17T09:43:24.690
CVE-2025-57774,0.002730000,0.196660000,0.5537037037037037,2026-08-15,2026-08-15,CVE-2025-57774,7.8,2026-06-17T09:43:24.567
CVE-2025-57616,0.003610000,0.292660000,0.7055555555555556,2026-08-15,2026-08-15,CVE-2025-57616,7.5,2026-06-17T09:43:14.657
CVE-2025-57615,0.003610000,0.292660000,0.7055555555555556,2026-08-15,2026-08-15,CVE-2025-57615,7.5,2026-06-17T09:43:14.503
CVE-2025-57614,0.004470000,0.371380000,0.8210648148148149,2026-08-15,2026-08-15,CVE-2025-57614,7.5,2026-06-17T09:43:14.347
CVE-2025-57613,0.003610000,0.292660000,0.7055555555555556,2026-08-15,2026-08-15,CVE-2025-57613,7.5,2026-06-17T09:43:14.193
CVE-2025-57612,0.003610000,0.292670000,0.7055555555555556,2026-08-15,2026-08-15,CVE-2025-57612,7.5,2026-06-17T09:43:14.040
CVE-2025-57611,0.002690000,0.191650000,0.5481481481481482,2026-08-15,2026-08-15,CVE-2025-57611,5.3,2026-06-17T09:43:13.883
CVE-2025-57140,0.003760000,0.308060000,0.7282407407407407,2026-08-15,2026-08-15,CVE-2025-57140,9.8,2026-06-17T09:42:52.927
CVE-2025-5662,0.006950000,0.499320000,0.9099537037037037,2026-08-15,2026-08-15,CVE-2025-5662,9.8,2026-06-17T09:48:29.993
CVE-2025-56254,0.002060000,0.109310000,0.38449074074074074,2026-08-15,2026-08-15,CVE-2025-56254,4.3,2026-06-17T09:42:28.770
CVE-2025-55824,0.002520000,0.168440000,0.5162037037037037,2026-08-15,2026-08-15,CVE-2025-55824,6.5,2026-06-17T09:42:12.440
CVE-2025-55476,0.002560000,0.173980000,0.5229166666666667,2026-08-15,2026-08-15,CVE-2025-55476,6.5,2026-06-17T09:41:46.303
CVE-2025-55474,0.003650000,0.296050000,0.7122685185185185,2026-08-15,2026-08-15,CVE-2025-55474,6.1,2026-06-17T09:41:46.143
CVE-2025-55473,0.003200000,0.247820000,0.6375,2026-08-15,2026-08-15,CVE-2025-55473,6.1,2026-06-17T09:41:45.997
CVE-2025-55472,0.003560000,0.287000000,0.6993055555555555,2026-08-15,2026-08-15,CVE-2025-55472,6.5,2026-06-17T09:41:45.840
CVE-2025-55373,0.004490000,0.373080000,0.8219907407407407,2026-08-15,2026-08-15,CVE-2025-55373,5.3,2026-07-05T02:16:56.193
CVE-2025-55372,0.002840000,0.208970000,0.5752314814814815,2026-08-15,2026-08-15,CVE-2025-55372,5.3,2026-06-17T09:41:43.190
CVE-2025-54599,0.004160000,0.347130000,0.781712962962963,2026-08-15,2026-08-15,CVE-2025-54599,7.5,2026-06-17T09:40:22.450
CVE-2025-52551,0.003470000,0.277880000,0.6814814814814815,2026-08-15,2026-08-15,CVE-2025-52551,,2026-06-17T09:36:39.610
CVE-2025-52550,0.002240000,0.133370000,0.4398148148148148,2026-08-15,2026-08-15,CVE-2025-52550,7.2,2026-06-17T09:36:39.490
CVE-2025-52549,0.004680000,0.385290000,0.8354166666666667,2026-08-15,2026-08-15,CVE-2025-52549,9.8,2026-06-17T09:36:39.360
CVE-2025-52548,0.003410000,0.271050000,0.6719907407407407,2026-08-15,2026-08-15,CVE-2025-52548,4.9,2026-06-17T09:36:39.237
CVE-2025-52547,0.003350000,0.264190000,0.6643518518518519,2026-08-15,2026-08-15,CVE-2025-52547,7.5,2026-06-17T09:36:39.110
CVE-2025-52546,0.002030000,0.105700000,0.3712962962962963,2026-08-15,2026-08-15,CVE-2025-52546,6.1,2026-06-17T09:36:38.980
CVE-2025-52545,0.002580000,0.176670000,0.5273148148148148,2026-08-15,2026-08-15,CVE-2025-52545,7.5,2026-06-17T09:36:38.860
CVE-2025-52544,0.003580000,0.289310000,0.7018518518518518,2026-08-15,2026-08-15,CVE-2025-52544,7.5,2026-06-17T09:36:38.730
CVE-2025-52543,0.003000000,0.226340000,0.606712962962963,2026-08-15,2026-08-15,CVE-2025-52543,7.5,2026-06-17T09:36:38.607
CVE-2025-51966,0.002510000,0.167780000,0.5148148148148148,2026-08-15,2026-08-15,CVE-2025-51966,6.1,2026-06-17T09:35:53.720
CVE-2025-50757,0.018450000,0.772020000,0.9643518518518519,2026-08-15,2026-08-15,CVE-2025-50757,6.5,2026-06-17T09:35:21.990
CVE-2025-50755,0.010840000,0.623820000,0.9456018518518519,2026-08-15,2026-08-15,CVE-2025-50755,6.5,2026-06-17T09:35:21.670
CVE-2025-50565,0.002490000,0.165820000,0.5099537037037037,2026-08-15,2026-08-15,CVE-2025-50565,6.5,2026-06-17T09:35:09.647
CVE-2025-46810,0.001610000,0.058020000,0.24166666666666667,2026-08-15,2026-08-15,CVE-2025-46810,,2026-06-17T09:26:58.213
CVE-2025-46047,0.003550000,0.286720000,0.6981481481481482,2026-08-15,2026-08-15,CVE-2025-46047,6.5,2026-06-17T09:25:53.780
CVE-2025-43726,0.001370000,0.035720000,0.12268518518518519,2026-08-15,2026-08-15,CVE-2025-43726,7.8,2026-06-17T09:24:22.810
CVE-2025-41031,0.003290000,0.258100000,0.6543981481481481,2026-08-15,2026-08-15,CVE-2025-41031,,2026-06-17T09:22:27.493
CVE-2025-36162,0.002300000,0.140230000,0.4537037037037037,2026-08-15,2026-08-15,CVE-2025-36162,4.3,2026-06-17T09:14:34.200
CVE-2025-32100,0.002220000,0.131280000,0.4335648148148148,2026-08-15,2026-08-15,CVE-2025-32100,6.5,2026-06-17T09:11:26.607
CVE-2025-32098,0.002480000,0.163390000,0.506712962962963,2026-08-15,2026-08-15,CVE-2025-32098,5.3,2026-06-17T09:11:26.457
CVE-2025-2414,0.003490000,0.279620000,0.6849537037037037,2026-08-15,2026-08-15,CVE-2025-2414,8.6,2026-06-17T09:06:58.900
CVE-2025-2413,0.003490000,0.279620000,0.6849537037037037,2026-08-15,2026-08-15,CVE-2025-2413,8.6,2026-06-17T09:06:58.803
CVE-2025-22418,0.000780000,0.001410000,0.004166666666666667,2026-08-15,2026-08-15,CVE-2025-22418,7.8,2026-06-17T08:47:11.803
CVE-2025-22417,0.000790000,0.001800000,0.005555555555555556,2026-08-15,2026-08-15,CVE-2025-22417,7.3,2026-06-17T08:47:11.293
CVE-2025-22416,0.000780000,0.001410000,0.004166666666666667,2026-08-15,2026-08-15,CVE-2025-22416,7.8,2026-06-17T08:47:10.780
CVE-2025-0670,0.002390000,0.152270000,0.48564814814814816,2026-08-15,2026-08-15,CVE-2025-0670,4.7,2026-06-17T08:26:56.263
CVE-2025-0640,0.002410000,0.154940000,0.4914351851851852,2026-08-15,2026-08-15,CVE-2025-0640,4.7,2026-06-17T08:26:53.347
CVE-2024-58259,0.005170000,0.415740000,0.8618055555555556,2026-08-15,2026-08-15,CVE-2024-58259,8.2,2026-06-17T08:14:43.780
CVE-2024-52284,0.002250000,0.133820000,0.4444444444444444,2026-08-15,2026-08-15,CVE-2024-52284,7.7,2026-06-17T08:06:56.300
CVE-2024-51423,0.003240000,0.252630000,0.6467592592592593,2026-08-15,2026-08-15,CVE-2024-51423,6.1,2026-06-17T08:05:41.580
CVE-2024-49730,0.000850000,0.003450000,0.017592592592592594,2026-08-15,2026-08-15,CVE-2024-49730,7.8,2026-06-17T08:00:20.420
CVE-2024-49728,0.000900000,0.005380000,0.024074074074074074,2026-08-15,2026-08-15,CVE-2024-49728,5.5,2026-06-17T08:00:20.280
CVE-2024-49722,0.001110000,0.015540000,0.04814814814814815,2026-08-15,2026-08-15,CVE-2024-49722,5.5,2026-06-17T08:00:20.000
CVE-2024-49720,0.000950000,0.007680000,0.03009259259259259,2026-08-15,2026-08-15,CVE-2024-49720,7.8,2026-06-17T08:00:19.843
CVE-2024-48705,0.033240000,0.875520000,0.9743055555555555,2026-08-15,2026-08-15,CVE-2024-48705,6.5,2026-07-05T02:16:48.040
CVE-2024-40653,0.001140000,0.017570000,0.052314814814814814,2026-08-15,2026-08-15,CVE-2024-40653,7.3,2026-06-17T07:46:14.990
CVE-2024-12974,0.001910000,0.090740000,0.33541666666666664,2026-08-15,2026-08-15,CVE-2024-12974,4.3,2026-06-17T07:00:53.430
CVE-2024-12973,0.001490000,0.045820000,0.1865740740740741,2026-08-15,2026-08-15,CVE-2024-12973,4.7,2026-06-17T07:00:53.327
CVE-2024-12972,0.001910000,0.090750000,0.33541666666666664,2026-08-15,2026-08-15,CVE-2024-12972,4.3,2026-06-17T07:00:53.217
CVE-2025-9901,0.004570000,0.378390000,0.8277777777777777,2026-08-15,2026-08-15,CVE-2025-9901,5.9,2026-06-30T03:17:01.977
CVE-2025-9848,0.006130000,0.464740000,0.8914351851851852,2026-08-15,2026-08-15,CVE-2025-9848,7.5,2026-06-17T10:09:53.893
CVE-2025-9847,0.003960000,0.327810000,0.7592592592592593,2026-08-15,2026-08-15,CVE-2025-9847,9.8,2026-06-17T10:09:53.757
CVE-2025-9845,0.002780000,0.203030000,0.5657407407407408,2026-08-15,2026-08-15,CVE-2025-9845,5.4,2026-06-17T10:09:53.510
CVE-2025-9843,0.004870000,0.397420000,0.8462962962962963,2026-08-15,2026-08-15,CVE-2025-9843,7.5,2026-06-17T10:09:53.233
CVE-2025-9842,0.004870000,0.397420000,0.8462962962962963,2026-08-15,2026-08-15,CVE-2025-9842,7.5,2026-06-17T10:09:53.100
CVE-2025-9841,0.003250000,0.253200000,0.6474537037037037,2026-08-15,2026-08-15,CVE-2025-9841,8.8,2026-06-17T10:09:52.960
CVE-2025-9840,0.003500000,0.281300000,0.6872685185185186,2026-08-15,2026-08-15,CVE-2025-9840,9.8,2026-06-17T10:09:52.813
CVE-2025-9839,0.004210000,0.350920000,0.787962962962963,2026-08-15,2026-08-15,CVE-2025-9839,9.8,2026-06-17T10:09:52.670
CVE-2025-9838,0.004210000,0.350930000,0.787962962962963,2026-08-15,2026-08-15,CVE-2025-9838,9.8,2026-06-17T10:09:52.533
CVE-2025-9822,0.002410000,0.155000000,0.4914351851851852,2026-08-15,2026-08-15,CVE-2025-9822,5.5,2026-06-17T10:09:50.547
CVE-2025-9821,0.003040000,0.230430000,0.6125,2026-08-15,2026-08-15,CVE-2025-9821,2.7,2026-06-17T10:09:50.437
CVE-2025-9817,0.002080000,0.111740000,0.38958333333333334,2026-08-15,2026-08-15,CVE-2025-9817,7.5,2026-06-17T10:09:50.003
CVE-2025-9785,0.001140000,0.017350000,0.052314814814814814,2026-08-15,2026-08-15,CVE-2025-9785,,2026-06-17T10:09:45.640
CVE-2025-9378,0.002310000,0.142380000,0.4583333333333333,2026-08-15,2026-08-15,CVE-2025-9378,6.4,2026-06-17T10:08:50.527
CVE-2025-9260,0.005680000,0.443570000,0.8784722222222222,2026-08-15,2026-08-15,CVE-2025-9260,6.5,2026-06-17T10:08:38.400
CVE-2025-9219,0.002410000,0.155740000,0.4914351851851852,2026-08-15,2026-08-15,CVE-2025-9219,4.3,2026-06-17T10:08:33.023
CVE-2025-8663,0.002850000,0.210130000,0.5766203703703704,2026-08-15,2026-08-15,CVE-2025-8663,6.5,2026-06-17T10:07:24.220
CVE-2025-7039,0.003970000,0.329170000,0.7613425925925926,2026-08-15,2026-08-15,CVE-2025-7039,3.7,2026-06-17T10:04:08.797
CVE-2025-58351,0.003780000,0.309520000,0.7293981481481482,2026-08-15,2026-08-15,CVE-2025-58351,6.8,2026-06-17T09:44:20.660
CVE-2025-58272,0.001290000,0.029620000,0.08541666666666667,2026-08-15,2026-08-15,CVE-2025-58272,3.7,2026-06-17T09:44:12.767
CVE-2025-58210,0.002540000,0.171200000,0.51875,2026-08-15,2026-08-15,CVE-2025-58210,9.8,2026-06-17T09:44:04.660
CVE-2025-58176,0.081750000,0.943710000,0.9891203703703704,2026-08-15,2026-08-15,CVE-2025-58176,8.8,2026-06-17T09:44:00.967
CVE-2025-58163,0.007160000,0.507050000,0.9141203703703704,2026-08-15,2026-08-15,CVE-2025-58163,8.8,2026-06-17T09:44:00.387
CVE-2025-57806,0.000700000,0.000460000,0.000925925925925926,2026-08-15,2026-08-15,CVE-2025-57806,,2026-06-17T09:43:28.270
CVE-2025-54588,0.004710000,0.387460000,0.8368055555555556,2026-08-15,2026-08-15,CVE-2025-54588,7.5,2026-06-17T09:40:21.137
CVE-2025-53694,0.057210000,0.923780000,0.9826388888888888,2026-08-15,2026-08-15,CVE-2025-53694,7.5,2026-06-17T09:38:43.580
CVE-2025-53693,0.141170000,0.962480000,0.993287037037037,2026-08-15,2026-08-15,CVE-2025-53693,9.8,2026-06-17T09:38:43.473
CVE-2025-53691,0.015440000,0.728310000,0.9601851851851851,2026-08-15,2026-08-15,CVE-2025-53691,8.8,2026-06-17T09:38:43.247
CVE-2025-47421,0.003670000,0.298210000,0.7171296296296297,2026-08-15,2026-08-15,CVE-2025-47421,,2026-06-17T09:28:05.750
CVE-2025-41000,0.003470000,0.277270000,0.6814814814814815,2026-08-15,2026-08-15,CVE-2025-41000,,2026-06-17T09:22:24.093
CVE-2025-38678,0.002290000,0.139270000,0.4532407407407407,2026-08-15,2026-08-15,CVE-2025-38678,5.5,2026-07-30T06:23:34.613
CVE-2025-3701,0.002110000,0.115910000,0.40069444444444446,2026-08-15,2026-08-15,CVE-2025-3701,4.3,2026-06-17T09:20:30.813
CVE-2025-26416,0.003660000,0.297770000,0.7152777777777778,2026-08-15,2026-08-15,CVE-2025-26416,9.8,2026-06-17T09:01:43.997
CVE-2025-26210,0.005790000,0.448830000,0.8810185185185185,2026-08-15,2026-08-15,CVE-2025-26210,8.8,2026-06-17T09:01:31.630
CVE-2025-2416,0.003490000,0.279620000,0.6849537037037037,2026-08-15,2026-08-15,CVE-2025-2416,8.6,2026-06-17T09:06:59.097
CVE-2025-2415,0.003490000,0.279610000,0.6849537037037037,2026-08-15,2026-08-15,CVE-2025-2415,8.6,2026-06-17T09:06:59.000
CVE-2025-22442,0.000660000,0.000240000,0.0002314814814814815,2026-08-15,2026-08-15,CVE-2025-22442,7.0,2026-06-17T08:47:23.330
CVE-2025-22439,0.000790000,0.001800000,0.005555555555555556,2026-08-15,2026-08-15,CVE-2025-22439,7.3,2026-06-17T08:47:22.293
CVE-2025-22438,0.000850000,0.003450000,0.017592592592592594,2026-08-15,2026-08-15,CVE-2025-22438,7.8,2026-06-17T08:47:21.773
CVE-2025-22437,0.000890000,0.004780000,0.02337962962962963,2026-08-15,2026-08-15,CVE-2025-22437,7.8,2026-06-17T08:47:21.247
CVE-2025-22435,0.002440000,0.158730000,0.4986111111111111,2026-08-15,2026-08-15,CVE-2025-22435,9.8,2026-06-17T08:47:20.713
CVE-2025-22434,0.000890000,0.005070000,0.02337962962962963,2026-08-15,2026-08-15,CVE-2025-22434,7.8,2026-06-17T08:47:20.197
CVE-2025-22433,0.000930000,0.006600000,0.028935185185185185,2026-08-15,2026-08-15,CVE-2025-22433,7.8,2026-06-17T08:47:19.680
CVE-2025-22431,0.000790000,0.001830000,0.005555555555555556,2026-08-15,2026-08-15,CVE-2025-22431,5.5,2026-06-17T08:47:18.650
CVE-2025-22430,0.000960000,0.008050000,0.031712962962962964,2026-08-15,2026-08-15,CVE-2025-22430,5.5,2026-06-17T08:47:18.113
CVE-2025-22429,0.002430000,0.157630000,0.4949074074074074,2026-08-15,2026-08-15,CVE-2025-22429,9.8,2026-06-17T08:47:17.600
CVE-2025-22428,0.000810000,0.002490000,0.009259259259259259,2026-08-15,2026-08-15,CVE-2025-22428,7.8,2026-06-17T08:47:16.957
CVE-2025-22427,0.000900000,0.005140000,0.024074074074074074,2026-08-15,2026-08-15,CVE-2025-22427,7.3,2026-06-17T08:47:16.450
CVE-2025-22423,0.003000000,0.226450000,0.606712962962963,2026-08-15,2026-08-15,CVE-2025-22423,7.5,2026-06-17T08:47:14.380
CVE-2025-22422,0.000950000,0.007750000,0.03009259259259259,2026-08-15,2026-08-15,CVE-2025-22422,7.8,2026-06-17T08:47:13.863
CVE-2025-22421,0.001000000,0.010030000,0.035416666666666666,2026-08-15,2026-08-15,CVE-2025-22421,5.5,2026-06-17T08:47:13.357
CVE-2025-22419,0.000780000,0.001620000,0.004166666666666667,2026-08-15,2026-08-15,CVE-2025-22419,7.3,2026-06-17T08:47:12.317
CVE-2025-21041,0.001290000,0.029430000,0.08541666666666667,2026-08-15,2026-08-15,CVE-2025-21041,5.5,2026-06-17T08:42:29.837
CVE-2025-21040,0.001080000,0.013990000,0.04259259259259259,2026-08-15,2026-08-15,CVE-2025-21040,3.3,2026-06-17T08:42:29.720
CVE-2025-21039,0.001080000,0.013990000,0.04259259259259259,2026-08-15,2026-08-15,CVE-2025-21039,3.3,2026-06-17T08:42:29.613
CVE-2025-21038,0.001080000,0.014000000,0.04259259259259259,2026-08-15,2026-08-15,CVE-2025-21038,3.3,2026-06-17T08:42:29.500
CVE-2025-21037,0.001460000,0.043920000,0.16620370370370371,2026-08-15,2026-08-15,CVE-2025-21037,4.3,2026-06-17T08:42:29.393
CVE-2025-21036,0.001200000,0.021220000,0.06481481481481481,2026-08-15,2026-08-15,CVE-2025-21036,5.0,2026-06-17T08:42:29.277
CVE-2025-21035,0.002230000,0.132010000,0.4363425925925926,2026-08-15,2026-08-15,CVE-2025-21035,4.6,2026-06-17T08:42:29.083
CVE-2025-21034,0.001380000,0.036240000,0.12685185185185185,2026-08-15,2026-08-15,CVE-2025-21034,7.8,2026-06-17T08:42:28.927
CVE-2025-21033,0.001150000,0.018080000,0.05324074074074074,2026-08-15,2026-08-15,CVE-2025-21033,5.5,2026-06-17T08:42:28.810
CVE-2025-21032,0.001660000,0.062690000,0.26064814814814813,2026-08-15,2026-08-15,CVE-2025-21032,6.8,2026-06-17T08:42:28.687
CVE-2025-21031,0.001350000,0.034030000,0.1037037037037037,2026-08-15,2026-08-15,CVE-2025-21031,6.8,2026-06-17T08:42:28.567
CVE-2025-21030,0.001570000,0.053270000,0.22939814814814816,2026-08-15,2026-08-15,CVE-2025-21030,4.3,2026-06-17T08:42:28.470
CVE-2025-21029,0.001080000,0.014000000,0.04259259259259259,2026-08-15,2026-08-15,CVE-2025-21029,3.3,2026-06-17T08:42:28.350
CVE-2025-21028,0.001070000,0.013470000,0.041435185185185186,2026-08-15,2026-08-15,CVE-2025-21028,5.5,2026-06-17T08:42:28.240
CVE-2025-21027,0.001080000,0.013740000,0.04259259259259259,2026-08-15,2026-08-15,CVE-2025-21027,4.4,2026-06-17T08:42:28.117
CVE-2025-21026,0.001080000,0.013580000,0.04259259259259259,2026-08-15,2026-08-15,CVE-2025-21026,3.3,2026-06-17T08:42:27.997
CVE-2025-21025,0.001180000,0.020130000,0.056712962962962965,2026-08-15,2026-08-15,CVE-2025-21025,4.4,2026-06-17T08:42:27.870
CVE-2025-1740,0.004510000,0.374380000,0.8233796296296296,2026-08-15,2026-08-15,CVE-2025-1740,9.8,2026-06-17T08:39:41.597
CVE-2025-0878,0.002420000,0.156640000,0.4928240740740741,2026-08-15,2026-08-15,CVE-2025-0878,4.7,2026-06-17T08:27:18.263
CVE-2024-43166,0.005150000,0.414360000,0.8606481481481482,2026-08-15,2026-08-15,CVE-2024-43166,9.8,2026-06-17T07:50:33.400
CVE-2024-43115,0.004940000,0.402250000,0.8518518518518519,2026-08-15,2026-08-15,CVE-2024-43115,8.8,2026-06-17T07:50:27.953
CVE-2024-32444,0.006940000,0.499140000,0.9094907407407408,2026-08-15,2026-08-15,CVE-2024-32444,9.8,2026-06-17T07:29:38.647
CVE-2024-13068,0.001540000,0.050660000,0.2196759259259259,2026-08-15,2026-08-15,CVE-2024-13068,7.3,2026-06-17T07:01:05.953
CVE-2024-13066,0.001790000,0.077020000,0.29791666666666666,2026-08-15,2026-08-15,CVE-2024-13066,4.3,2026-06-17T07:01:05.693
CVE-2024-13065,0.001980000,0.098910000,0.3608796296296296,2026-08-15,2026-08-15,CVE-2024-13065,6.3,2026-06-17T07:01:05.590
CVE-2024-13064,0.001910000,0.090740000,0.33541666666666664,2026-08-15,2026-08-15,CVE-2024-13064,4.3,2026-06-17T07:01:05.483
CVE-2024-13063,0.002120000,0.117210000,0.4041666666666667,2026-08-15,2026-08-15,CVE-2024-13063,6.8,2026-06-17T07:01:05.377
CVE-2023-3666,0.002080000,0.112640000,0.38958333333333334,2026-08-15,2026-08-15,CVE-2023-3666,3.3,2026-06-17T06:14:34.977
CVE-2023-21483,0.000980000,0.008740000,0.033796296296296297,2026-08-15,2026-08-15,CVE-2023-21483,5.5,2026-06-17T05:32:43.930
CVE-2023-21482,0.001640000,0.060580000,0.2513888888888889,2026-08-15,2026-08-15,CVE-2023-21482,4.6,2026-06-17T05:32:43.737
CVE-2023-21481,0.002940000,0.220040000,0.5967592592592592,2026-08-15,2026-08-15,CVE-2023-21481,7.5,2026-06-17T05:32:42.173
CVE-2023-21480,0.001310000,0.031150000,0.08796296296296297,2026-08-15,2026-08-15,CVE-2023-21480,7.8,2026-06-17T05:32:42.027
CVE-2023-21479,0.003750000,0.306260000,0.7263888888888889,2026-08-15,2026-08-15,CVE-2023-21479,5.3,2026-06-17T05:32:41.893
CVE-2023-21478,0.001290000,0.030080000,0.08541666666666667,2026-08-15,2026-08-15,CVE-2023-21478,5.5,2026-06-17T05:32:41.757
CVE-2023-21477,0.001430000,0.040540000,0.14027777777777778,2026-08-15,2026-08-15,CVE-2023-21477,5.5,2026-06-17T05:32:41.623
CVE-2023-21476,0.001560000,0.053210000,0.22523148148148148,2026-08-15,2026-08-15,CVE-2023-21476,7.8,2026-06-17T05:32:41.497
CVE-2023-21475,0.001560000,0.053210000,0.22523148148148148,2026-08-15,2026-08-15,CVE-2023-21475,7.8,2026-06-17T05:32:41.360
CVE-2023-21474,0.001110000,0.015420000,0.04814814814814815,2026-08-15,2026-08-15,CVE-2023-21474,7.1,2026-06-17T05:32:41.213
CVE-2023-21473,0.002260000,0.135430000,0.4476851851851852,2026-08-15,2026-08-15,CVE-2023-21473,6.8,2026-06-17T05:32:41.077
CVE-2023-21472,0.002260000,0.135430000,0.4476851851851852,2026-08-15,2026-08-15,CVE-2023-21472,6.8,2026-06-17T05:32:40.937
CVE-2023-21471,0.001270000,0.027410000,0.07546296296296297,2026-08-15,2026-08-15,CVE-2023-21471,3.3,2026-06-17T05:32:40.793
CVE-2023-21470,0.001200000,0.021860000,0.06481481481481481,2026-08-15,2026-08-15,CVE-2023-21470,3.3,2026-06-17T05:32:40.663
CVE-2023-21469,0.001200000,0.021860000,0.06481481481481481,2026-08-15,2026-08-15,CVE-2023-21469,3.3,2026-06-17T05:32:40.520
CVE-2023-21468,0.001290000,0.029130000,0.08541666666666667,2026-08-15,2026-08-15,CVE-2023-21468,7.8,2026-06-17T05:32:40.377
CVE-2023-21467,0.003010000,0.227240000,0.6087962962962963,2026-08-15,2026-08-15,CVE-2023-21467,9.8,2026-06-17T05:32:40.230
CVE-2023-21466,0.000770000,0.001350000,0.002777777777777778,2026-08-15,2026-08-15,CVE-2023-21466,3.3,2026-06-17T05:32:40.070
CVE-2014-125127,0.004520000,0.374780000,0.8245370370370371,2026-08-15,2026-08-15,CVE-2014-125127,7.5,2026-06-17T00:04:30.923
CVE-2025-9959,0.003120000,0.239230000,0.6284722222222222,2026-08-15,2026-08-15,CVE-2025-9959,7.6,2026-06-17T10:10:09.460
CVE-2025-9926,0.004400000,0.366130000,0.8050925925925926,2026-08-15,2026-08-15,CVE-2025-9926,9.8,2026-06-17T10:10:05.060
CVE-2025-9925,0.004440000,0.369160000,0.8166666666666667,2026-08-15,2026-08-15,CVE-2025-9925,9.8,2026-06-17T10:10:04.900
CVE-2025-9924,0.004440000,0.369150000,0.8166666666666667,2026-08-15,2026-08-15,CVE-2025-9924,9.8,2026-06-17T10:10:04.740
CVE-2025-9923,0.004110000,0.342640000,0.774537037037037,2026-08-15,2026-08-15,CVE-2025-9923,6.1,2026-06-17T10:10:04.570
CVE-2025-9922,0.004120000,0.343910000,0.7754629629629629,2026-08-15,2026-08-15,CVE-2025-9922,6.1,2026-06-17T10:10:04.403
CVE-2025-9921,0.002970000,0.222970000,0.6034722222222222,2026-08-15,2026-08-15,CVE-2025-9921,5.4,2026-06-17T10:10:04.237
CVE-2025-9920,0.004580000,0.378980000,0.8289351851851852,2026-08-15,2026-08-15,CVE-2025-9920,7.2,2026-06-17T10:10:04.090
CVE-2025-9919,0.004440000,0.369160000,0.8166666666666667,2026-08-15,2026-08-15,CVE-2025-9919,9.8,2026-06-17T10:10:03.940
CVE-2025-9867,0.002930000,0.218420000,0.5944444444444444,2026-08-15,2026-08-15,CVE-2025-9867,5.4,2026-06-17T10:09:55.893
CVE-2025-9866,0.003670000,0.298380000,0.7171296296296297,2026-08-15,2026-08-15,CVE-2025-9866,8.8,2026-06-17T10:09:55.693
CVE-2025-9865,0.002570000,0.175760000,0.524537037037037,2026-08-15,2026-08-15,CVE-2025-9865,5.4,2026-06-17T10:09:55.487
CVE-2025-9824,0.002830000,0.208430000,0.5740740740740741,2026-08-15,2026-08-15,CVE-2025-9824,5.9,2026-06-17T10:09:50.780
CVE-2025-9823,0.003100000,0.236900000,0.6261574074074074,2026-08-15,2026-08-15,CVE-2025-9823,,2026-06-17T10:09:50.657
CVE-2025-9365,0.001930000,0.092410000,0.33912037037037035,2026-08-15,2026-08-15,CVE-2025-9365,7.8,2026-06-17T10:08:49.530
CVE-2025-58644,0.003790000,0.311070000,0.7319444444444444,2026-08-15,2026-08-15,CVE-2025-58644,7.2,2026-06-17T09:44:40.460
CVE-2025-58643,0.003790000,0.311070000,0.7319444444444444,2026-08-15,2026-08-15,CVE-2025-58643,7.2,2026-06-17T09:44:40.360
CVE-2025-58642,0.003790000,0.311080000,0.7319444444444444,2026-08-15,2026-08-15,CVE-2025-58642,7.2,2026-06-17T09:44:40.263
CVE-2025-58641,0.001710000,0.067630000,0.27685185185185185,2026-08-15,2026-08-15,CVE-2025-58641,5.4,2026-06-17T09:44:40.167
CVE-2025-58640,0.001650000,0.062040000,0.25300925925925927,2026-08-15,2026-08-15,CVE-2025-58640,6.5,2026-06-17T09:44:40.067
CVE-2025-58639,0.002160000,0.123200000,0.4125,2026-08-15,2026-08-15,CVE-2025-58639,5.4,2026-06-17T09:44:39.970
CVE-2025-58637,0.004090000,0.340510000,0.7726851851851851,2026-08-15,2026-08-15,CVE-2025-58637,7.5,2026-06-17T09:44:39.767
CVE-2025-58635,0.002240000,0.133220000,0.4398148148148148,2026-08-15,2026-08-15,CVE-2025-58635,5.3,2026-06-17T09:44:39.563
CVE-2025-58634,0.002240000,0.133220000,0.4398148148148148,2026-08-15,2026-08-15,CVE-2025-58634,5.3,2026-06-17T09:44:39.463
CVE-2025-58633,0.001650000,0.062090000,0.25300925925925927,2026-08-15,2026-08-15,CVE-2025-58633,6.5,2026-06-17T09:44:39.363
CVE-2025-58632,0.001650000,0.062100000,0.25300925925925927,2026-08-15,2026-08-15,CVE-2025-58632,6.5,2026-06-17T09:44:39.267
CVE-2025-58631,0.001770000,0.075070000,0.29189814814814813,2026-08-15,2026-08-15,CVE-2025-58631,5.9,2026-06-17T09:44:39.167
CVE-2025-58630,0.001820000,0.080710000,0.30416666666666664,2026-08-15,2026-08-15,CVE-2025-58630,5.9,2026-06-17T09:44:39.067
CVE-2025-58626,0.001650000,0.062040000,0.25300925925925927,2026-08-15,2026-08-15,CVE-2025-58626,6.5,2026-06-17T09:44:38.663
CVE-2025-58625,0.001770000,0.075080000,0.29189814814814813,2026-08-15,2026-08-15,CVE-2025-58625,5.9,2026-06-17T09:44:38.560
CVE-2025-58624,0.002040000,0.106570000,0.3747685185185185,2026-08-15,2026-08-15,CVE-2025-58624,6.5,2026-06-17T09:44:38.460
CVE-2025-58623,0.002040000,0.106510000,0.3747685185185185,2026-08-15,2026-08-15,CVE-2025-58623,6.5,2026-06-17T09:44:38.360
CVE-2025-58622,0.002360000,0.148260000,0.4773148148148148,2026-08-15,2026-08-15,CVE-2025-58622,4.3,2026-06-17T09:44:38.260
CVE-2025-58621,0.002040000,0.106520000,0.3747685185185185,2026-08-15,2026-08-15,CVE-2025-58621,6.5,2026-06-17T09:44:38.160
CVE-2025-58620,0.002040000,0.106510000,0.3747685185185185,2026-08-15,2026-08-15,CVE-2025-58620,6.5,2026-06-17T09:44:38.063
CVE-2025-58618,0.002040000,0.106490000,0.3747685185185185,2026-08-15,2026-08-15,CVE-2025-58618,6.5,2026-06-17T09:44:37.847
CVE-2025-58617,0.002360000,0.148240000,0.4773148148148148,2026-08-15,2026-08-15,CVE-2025-58617,4.3,2026-06-17T09:44:37.743
CVE-2025-58616,0.003300000,0.259030000,0.65625,2026-08-15,2026-08-15,CVE-2025-58616,6.5,2026-06-17T09:44:37.643
CVE-2025-58615,0.002050000,0.107530000,0.38310185185185186,2026-08-15,2026-08-15,CVE-2025-58615,4.4,2026-06-17T09:44:37.543
CVE-2025-58614,0.002040000,0.106530000,0.3747685185185185,2026-08-15,2026-08-15,CVE-2025-58614,6.5,2026-06-17T09:44:37.443
CVE-2025-58613,0.002900000,0.215160000,0.5893518518518519,2026-08-15,2026-08-15,CVE-2025-58613,5.3,2026-06-17T09:44:37.347
CVE-2025-58612,0.002040000,0.106500000,0.3747685185185185,2026-08-15,2026-08-15,CVE-2025-58612,6.5,2026-06-17T09:44:37.243
CVE-2025-58611,0.001400000,0.038490000,0.13217592592592592,2026-08-15,2026-08-15,CVE-2025-58611,4.3,2026-06-17T09:44:37.143
CVE-2025-58610,0.002040000,0.106550000,0.3747685185185185,2026-08-15,2026-08-15,CVE-2025-58610,6.5,2026-06-17T09:44:37.047
CVE-2025-58609,0.002040000,0.106550000,0.3747685185185185,2026-08-15,2026-08-15,CVE-2025-58609,6.5,2026-06-17T09:44:36.950
CVE-2025-58608,0.004770000,0.391210000,0.8395833333333333,2026-08-15,2026-08-15,CVE-2025-58608,7.5,2026-06-17T09:44:36.850
CVE-2025-58607,0.002040000,0.106500000,0.3747685185185185,2026-08-15,2026-08-15,CVE-2025-58607,6.5,2026-06-17T09:44:36.750
CVE-2025-58606,0.002360000,0.148260000,0.4773148148148148,2026-08-15,2026-08-15,CVE-2025-58606,5.0,2026-06-17T09:44:36.650
CVE-2025-58605,0.002040000,0.106500000,0.3747685185185185,2026-08-15,2026-08-15,CVE-2025-58605,6.5,2026-06-17T09:44:36.550
CVE-2025-58604,0.003550000,0.286550000,0.6981481481481482,2026-08-15,2026-08-15,CVE-2025-58604,7.6,2026-06-17T09:44:36.450
CVE-2025-58603,0.002730000,0.196790000,0.5537037037037037,2026-08-15,2026-08-15,CVE-2025-58603,5.3,2026-06-17T09:44:36.353
CVE-2025-58602,0.002040000,0.106560000,0.3747685185185185,2026-08-15,2026-08-15,CVE-2025-58602,6.5,2026-06-17T09:44:36.250
CVE-2025-58601,0.002360000,0.148240000,0.4773148148148148,2026-08-15,2026-08-15,CVE-2025-58601,4.3,2026-06-17T09:44:36.150
CVE-2025-58600,0.003530000,0.284740000,0.6949074074074074,2026-08-15,2026-08-15,CVE-2025-58600,5.3,2026-06-17T09:44:36.050
CVE-2025-58599,0.002360000,0.148230000,0.4773148148148148,2026-08-15,2026-08-15,CVE-2025-58599,4.3,2026-06-17T09:44:35.950
CVE-2025-58598,0.002660000,0.188830000,0.54375,2026-08-15,2026-08-15,CVE-2025-58598,6.6,2026-06-17T09:44:35.850
CVE-2025-58597,0.003340000,0.263540000,0.6622685185185185,2026-08-15,2026-08-15,CVE-2025-58597,4.3,2026-06-17T09:44:35.750
CVE-2025-58596,0.002250000,0.134360000,0.4444444444444444,2026-08-15,2026-08-15,CVE-2025-58596,5.9,2026-06-17T09:44:35.653
CVE-2025-58594,0.002360000,0.148230000,0.4773148148148148,2026-08-15,2026-08-15,CVE-2025-58594,4.3,2026-06-17T09:44:35.410
CVE-2025-58593,0.002040000,0.106540000,0.3747685185185185,2026-08-15,2026-08-15,CVE-2025-58593,6.5,2026-06-17T09:44:35.313
CVE-2025-58460,0.002390000,0.152600000,0.48564814814814816,2026-08-15,2026-08-15,CVE-2025-58460,4.2,2026-06-17T09:44:30.023
CVE-2025-58459,0.002770000,0.201470000,0.5641203703703703,2026-08-15,2026-08-15,CVE-2025-58459,4.3,2026-06-17T09:44:29.880
CVE-2025-58458,0.003080000,0.235110000,0.6201388888888889,2026-08-15,2026-08-15,CVE-2025-58458,4.3,2026-06-17T09:44:29.740
CVE-2025-57833,0.156560000,0.965580000,0.99375,2026-08-15,2026-08-15,CVE-2025-57833,8.1,2026-06-17T09:43:30.480
CVE-2025-57151,0.006010000,0.459130000,0.8881944444444444,2026-08-15,2026-08-15,CVE-2025-57151,8.8,2026-06-17T09:42:54.160
CVE-2025-57150,0.006260000,0.471060000,0.8939814814814815,2026-08-15,2026-08-15,CVE-2025-57150,7.2,2026-06-17T09:42:54.010
CVE-2025-57149,0.004280000,0.357180000,0.7974537037037037,2026-08-15,2026-08-15,CVE-2025-57149,6.5,2026-06-17T09:42:53.860
CVE-2025-57148,0.004780000,0.391870000,0.8405092592592592,2026-08-15,2026-08-15,CVE-2025-57148,9.1,2026-06-17T09:42:53.707
CVE-2025-57147,0.004840000,0.395580000,0.8458333333333333,2026-08-15,2026-08-15,CVE-2025-57147,7.5,2026-06-17T09:42:53.553
CVE-2025-57146,0.004390000,0.365560000,0.8046296296296296,2026-08-15,2026-08-15,CVE-2025-57146,8.1,2026-06-17T09:42:53.397
CVE-2025-57052,0.007430000,0.516690000,0.919212962962963,2026-08-15,2026-08-15,CVE-2025-57052,9.8,2026-06-17T09:42:48.490
CVE-2025-56803,0.010580000,0.616310000,0.9439814814814815,2026-08-15,2026-08-15,CVE-2025-56803,8.4,2026-06-17T09:42:47.403
CVE-2025-56761,0.002530000,0.170560000,0.5171296296296296,2026-08-15,2026-08-15,CVE-2025-56761,5.4,2026-06-17T09:42:45.473
CVE-2025-56760,0.003430000,0.274000000,0.6756944444444445,2026-08-15,2026-08-15,CVE-2025-56760,4.3,2026-06-17T09:42:45.327
CVE-2025-56752,0.005280000,0.422300000,0.8668981481481481,2026-08-15,2026-08-15,CVE-2025-56752,9.4,2026-06-17T09:42:45.147
CVE-2025-56689,0.013490000,0.690770000,0.95625,2026-08-15,2026-08-15,CVE-2025-56689,4.6,2026-06-17T09:42:43.313
CVE-2025-56608,0.003150000,0.242850000,0.6324074074074074,2026-08-15,2026-08-15,CVE-2025-56608,4.2,2026-06-17T09:42:42.180
CVE-2025-56498,0.017220000,0.755340000,0.9627314814814815,2026-08-15,2026-08-15,CVE-2025-56498,5.3,2026-06-17T09:42:37.983
CVE-2025-56435,0.003520000,0.283580000,0.6935185185185185,2026-08-15,2026-08-15,CVE-2025-56435,5.3,2026-06-17T09:42:36.480
CVE-2025-56139,0.003270000,0.255810000,0.6506944444444445,2026-08-15,2026-08-15,CVE-2025-56139,5.3,2026-06-17T09:42:24.503
CVE-2025-55944,0.002690000,0.191920000,0.5481481481481482,2026-08-15,2026-08-15,CVE-2025-55944,6.1,2026-06-17T09:42:15.530
CVE-2025-55852,0.003970000,0.328850000,0.7613425925925926,2026-08-15,2026-08-15,CVE-2025-55852,7.5,2026-06-17T09:42:13.393
CVE-2025-55748,0.017710000,0.762150000,0.9634259259259259,2026-08-15,2026-08-15,CVE-2025-55748,7.5,2026-06-17T09:42:09.947
CVE-2025-55747,0.016680000,0.747440000,0.961574074074074,2026-08-15,2026-08-15,CVE-2025-55747,9.1,2026-06-17T09:42:09.780
CVE-2025-55162,0.003320000,0.261520000,0.6606481481481481,2026-08-15,2026-08-15,CVE-2025-55162,8.8,2026-06-17T09:41:22.910
CVE-2025-53690,0.314050000,0.981270000,0.9972222222222222,2026-08-15,2026-08-15,CVE-2025-53690,9.0,2026-06-17T09:38:43.133
CVE-2025-52494,0.003550000,0.286140000,0.6981481481481482,2026-08-15,2026-08-15,CVE-2025-52494,7.5,2026-06-17T09:36:35.970
CVE-2025-45805,0.003880000,0.320610000,0.7523148148148148,2026-08-15,2026-08-15,CVE-2025-45805,7.6,2026-06-17T09:25:43.580
CVE-2025-36193,0.001440000,0.041550000,0.15208333333333332,2026-08-15,2026-08-15,CVE-2025-36193,6.7,2026-06-17T09:14:35.677
CVE-2025-20336,0.003870000,0.319340000,0.7449074074074075,2026-08-15,2026-08-15,CVE-2025-20336,7.5,2026-06-17T08:41:29.353
CVE-2025-20335,0.003530000,0.284010000,0.6949074074074074,2026-08-15,2026-08-15,CVE-2025-20335,5.3,2026-06-17T08:41:29.190
CVE-2025-20330,0.002530000,0.169590000,0.5171296296296296,2026-08-15,2026-08-15,CVE-2025-20330,6.1,2026-06-17T08:41:28.517
CVE-2025-20328,0.002120000,0.117310000,0.4041666666666667,2026-08-15,2026-08-15,CVE-2025-20328,5.4,2026-06-17T08:41:28.283
CVE-2025-20326,0.001790000,0.077280000,0.29791666666666666,2026-08-15,2026-08-15,CVE-2025-20326,8.8,2026-06-17T08:41:28.073
CVE-2025-20291,0.002350000,0.147530000,0.4740740740740741,2026-08-15,2026-08-15,CVE-2025-20291,6.1,2026-06-17T08:41:21.827
CVE-2025-20287,0.003170000,0.244250000,0.6342592592592593,2026-08-15,2026-08-15,CVE-2025-20287,8.8,2026-06-17T08:41:21.260
CVE-2025-20280,0.002220000,0.130260000,0.4335648148148148,2026-08-15,2026-08-15,CVE-2025-20280,4.8,2026-06-17T08:41:18.310
CVE-2025-20270,0.003070000,0.234050000,0.6194444444444445,2026-08-15,2026-08-15,CVE-2025-20270,6.5,2026-06-17T08:41:14.160
CVE-2025-0280,0.001060000,0.012630000,0.04027777777777778,2026-08-15,2026-08-15,CVE-2025-0280,7.5,2026-06-17T08:26:12.280
CVE-2025-9942,0.004810000,0.393850000,0.843287037037037,2026-08-15,2026-08-15,CVE-2025-9942,8.8,2026-06-17T10:10:07.603
CVE-2025-9941,0.004810000,0.393860000,0.843287037037037,2026-08-15,2026-08-15,CVE-2025-9941,8.8,2026-06-17T10:10:07.460
CVE-2025-9940,0.002780000,0.203010000,0.5657407407407408,2026-08-15,2026-08-15,CVE-2025-9940,5.4,2026-06-17T10:10:07.320
CVE-2025-9939,0.002380000,0.150710000,0.4840277777777778,2026-08-15,2026-08-15,CVE-2025-9939,5.4,2026-06-17T10:10:07.180
CVE-2025-9938,0.015140000,0.723130000,0.9597222222222223,2026-08-15,2026-08-15,CVE-2025-9938,8.8,2026-06-17T10:10:07.040
CVE-2025-9937,0.003690000,0.300170000,0.7199074074074074,2026-08-15,2026-08-15,CVE-2025-9937,5.4,2026-06-17T10:10:06.913
CVE-2025-9936,0.003530000,0.284030000,0.6949074074074074,2026-08-15,2026-08-15,CVE-2025-9936,4.3,2026-06-17T10:10:06.777
CVE-2025-9935,0.030220000,0.862970000,0.9719907407407408,2026-08-15,2026-08-15,CVE-2025-9935,9.8,2026-06-17T10:10:06.610
CVE-2025-9934,0.037380000,0.889010000,0.975925925925926,2026-08-15,2026-08-15,CVE-2025-9934,9.8,2026-06-17T10:10:06.470
CVE-2025-9933,0.004440000,0.369150000,0.8166666666666667,2026-08-15,2026-08-15,CVE-2025-9933,9.8,2026-06-17T10:10:06.323
CVE-2025-9932,0.004400000,0.366140000,0.8050925925925926,2026-08-15,2026-08-15,CVE-2025-9932,9.8,2026-06-17T10:10:06.163
CVE-2025-9931,0.003650000,0.296770000,0.7122685185185185,2026-08-15,2026-08-15,CVE-2025-9931,6.1,2026-06-17T10:10:05.903
CVE-2025-9930,0.004400000,0.366130000,0.8050925925925926,2026-08-15,2026-08-15,CVE-2025-9930,9.8,2026-06-17T10:10:05.673
CVE-2025-9929,0.003080000,0.234800000,0.6201388888888889,2026-08-15,2026-08-15,CVE-2025-9929,4.8,2026-06-17T10:10:05.510
CVE-2025-9928,0.004400000,0.366140000,0.8050925925925926,2026-08-15,2026-08-15,CVE-2025-9928,9.8,2026-06-17T10:10:05.363
CVE-2025-9927,0.004440000,0.369140000,0.8166666666666667,2026-08-15,2026-08-15,CVE-2025-9927,9.8,2026-06-17T10:10:05.213
CVE-2025-9616,0.001610000,0.057390000,0.24166666666666667,2026-08-15,2026-08-15,CVE-2025-9616,5.3,2026-06-17T10:09:23.313
CVE-2025-9519,0.009050000,0.568160000,0.9365740740740741,2026-08-15,2026-08-15,CVE-2025-9519,7.2,2026-06-17T10:09:09.490
CVE-2025-9518,0.009170000,0.571940000,0.9388888888888889,2026-08-15,2026-08-15,CVE-2025-9518,7.2,2026-06-17T10:09:09.390
CVE-2025-9517,0.006090000,0.462800000,0.8905092592592593,2026-08-15,2026-08-15,CVE-2025-9517,7.2,2026-06-17T10:09:09.283
CVE-2025-9516,0.004320000,0.359780000,0.7997685185185185,2026-08-15,2026-08-15,CVE-2025-9516,4.9,2026-06-17T10:09:09.183
CVE-2025-9467,0.003840000,0.315960000,0.7386574074074074,2026-08-15,2026-08-15,CVE-2025-9467,,2026-06-17T10:09:03.123
CVE-2025-8268,0.002700000,0.193100000,0.5497685185185185,2026-08-15,2026-08-15,CVE-2025-8268,6.5,2026-06-17T10:06:38.810
CVE-2025-7388,0.009250000,0.574250000,0.9393518518518519,2026-08-15,2026-08-15,CVE-2025-7388,8.4,2026-06-17T10:04:49.600
CVE-2025-7385,0.004490000,0.373030000,0.8219907407407407,2026-08-15,2026-08-15,CVE-2025-7385,,2026-06-17T10:04:49.390
CVE-2025-6984,0.016610000,0.746410000,0.9613425925925926,2026-08-15,2026-08-15,CVE-2025-6984,7.5,2026-06-17T10:02:59.690
CVE-2025-6085,0.012420000,0.666270000,0.9532407407407407,2026-08-15,2026-08-15,CVE-2025-6085,7.2,2026-06-17T10:01:07.283
CVE-2025-58358,0.009650000,0.587270000,0.9407407407407408,2026-08-15,2026-08-15,CVE-2025-58358,7.5,2026-06-17T09:44:21.407
CVE-2025-58357,0.006400000,0.476860000,0.8972222222222223,2026-08-15,2026-08-15,CVE-2025-58357,9.6,2026-06-17T09:44:21.300
CVE-2025-58355,0.003400000,0.270360000,0.6706018518518518,2026-08-15,2026-08-15,CVE-2025-58355,7.7,2026-06-17T09:44:21.090
CVE-2025-58064,0.004170000,0.348070000,0.7819444444444444,2026-08-15,2026-08-15,CVE-2025-58064,,2026-06-17T09:43:51.800
CVE-2025-58057,0.006010000,0.459110000,0.8881944444444444,2026-08-15,2026-08-15,CVE-2025-58057,7.5,2026-06-17T09:43:51.053
CVE-2025-58056,0.006770000,0.492480000,0.905787037037037,2026-08-15,2026-08-15,CVE-2025-58056,7.5,2026-06-17T09:43:50.930
CVE-2025-57263,0.003960000,0.328490000,0.7592592592592593,2026-08-15,2026-08-15,CVE-2025-57263,7.2,2026-06-17T09:42:58.783
CVE-2025-43772,0.005010000,0.405960000,0.8548611111111111,2026-08-15,2026-08-15,CVE-2025-43772,,2026-06-17T09:24:29.333
CVE-2025-41063,0.001740000,0.070630000,0.28055555555555556,2026-08-15,2026-08-15,CVE-2025-41063,5.4,2026-06-17T09:22:31.093
CVE-2025-41062,0.001740000,0.070670000,0.28055555555555556,2026-08-15,2026-08-15,CVE-2025-41062,5.4,2026-06-17T09:22:30.980
CVE-2025-41061,0.001740000,0.070630000,0.28055555555555556,2026-08-15,2026-08-15,CVE-2025-41061,5.4,2026-06-17T09:22:30.867
CVE-2025-41060,0.001740000,0.070640000,0.28055555555555556,2026-08-15,2026-08-15,CVE-2025-41060,5.4,2026-06-17T09:22:30.757
CVE-2025-41059,0.001740000,0.070630000,0.28055555555555556,2026-08-15,2026-08-15,CVE-2025-41059,5.4,2026-06-17T09:22:30.643
CVE-2025-41058,0.001740000,0.070650000,0.28055555555555556,2026-08-15,2026-08-15,CVE-2025-41058,5.4,2026-06-17T09:22:30.537
CVE-2025-41057,0.001740000,0.070620000,0.28055555555555556,2026-08-15,2026-08-15,CVE-2025-41057,5.4,2026-06-17T09:22:30.423
CVE-2025-41056,0.001740000,0.070660000,0.28055555555555556,2026-08-15,2026-08-15,CVE-2025-41056,5.4,2026-06-17T09:22:30.310
CVE-2025-41055,0.001740000,0.070650000,0.28055555555555556,2026-08-15,2026-08-15,CVE-2025-41055,5.4,2026-06-17T09:22:30.200
CVE-2025-41054,0.001740000,0.070690000,0.28055555555555556,2026-08-15,2026-08-15,CVE-2025-41054,5.4,2026-06-17T09:22:30.087
CVE-2025-41053,0.001740000,0.070670000,0.28055555555555556,2026-08-15,2026-08-15,CVE-2025-41053,5.4,2026-06-17T09:22:29.970
CVE-2025-41052,0.001740000,0.070690000,0.28055555555555556,2026-08-15,2026-08-15,CVE-2025-41052,5.4,2026-06-17T09:22:29.857
CVE-2025-41051,0.001740000,0.070640000,0.28055555555555556,2026-08-15,2026-08-15,CVE-2025-41051,5.4,2026-06-17T09:22:29.747
CVE-2025-41050,0.001740000,0.070640000,0.28055555555555556,2026-08-15,2026-08-15,CVE-2025-41050,5.4,2026-06-17T09:22:29.633
CVE-2025-41049,0.001740000,0.070640000,0.28055555555555556,2026-08-15,2026-08-15,CVE-2025-41049,5.4,2026-06-17T09:22:29.520
CVE-2025-41048,0.001740000,0.070660000,0.28055555555555556,2026-08-15,2026-08-15,CVE-2025-41048,5.4,2026-06-17T09:22:29.407
CVE-2025-41047,0.001740000,0.070680000,0.28055555555555556,2026-08-15,2026-08-15,CVE-2025-41047,5.4,2026-06-17T09:22:29.297
CVE-2025-41046,0.001740000,0.070670000,0.28055555555555556,2026-08-15,2026-08-15,CVE-2025-41046,5.4,2026-06-17T09:22:29.180
CVE-2025-41045,0.001740000,0.070690000,0.28055555555555556,2026-08-15,2026-08-15,CVE-2025-41045,5.4,2026-06-17T09:22:29.070
CVE-2025-41044,0.001740000,0.070680000,0.28055555555555556,2026-08-15,2026-08-15,CVE-2025-41044,5.4,2026-06-17T09:22:28.960
CVE-2025-41043,0.001740000,0.070680000,0.28055555555555556,2026-08-15,2026-08-15,CVE-2025-41043,5.4,2026-06-17T09:22:28.840
CVE-2025-41042,0.001740000,0.070670000,0.28055555555555556,2026-08-15,2026-08-15,CVE-2025-41042,5.4,2026-06-17T09:22:28.730
CVE-2025-41041,0.001740000,0.070660000,0.28055555555555556,2026-08-15,2026-08-15,CVE-2025-41041,5.4,2026-06-17T09:22:28.620
CVE-2025-41040,0.001740000,0.070620000,0.28055555555555556,2026-08-15,2026-08-15,CVE-2025-41040,5.4,2026-06-17T09:22:28.507
CVE-2025-41039,0.001740000,0.070660000,0.28055555555555556,2026-08-15,2026-08-15,CVE-2025-41039,5.4,2026-06-17T09:22:28.393
CVE-2025-41038,0.002110000,0.116740000,0.40069444444444446,2026-08-15,2026-08-15,CVE-2025-41038,5.4,2026-06-17T09:22:28.280
CVE-2025-41037,0.002110000,0.116740000,0.40069444444444446,2026-08-15,2026-08-15,CVE-2025-41037,5.4,2026-06-17T09:22:28.173
CVE-2025-41036,0.002110000,0.116750000,0.40069444444444446,2026-08-15,2026-08-15,CVE-2025-41036,5.4,2026-06-17T09:22:28.057
CVE-2025-41035,0.006510000,0.482220000,0.9020833333333333,2026-08-15,2026-08-15,CVE-2025-41035,6.5,2026-06-17T09:22:27.940
CVE-2025-41034,0.003790000,0.310760000,0.7319444444444444,2026-08-15,2026-08-15,CVE-2025-41034,9.8,2026-06-17T09:22:27.830
CVE-2025-41033,0.003790000,0.310760000,0.7319444444444444,2026-08-15,2026-08-15,CVE-2025-41033,9.8,2026-06-17T09:22:27.717
CVE-2025-41032,0.003790000,0.310760000,0.7319444444444444,2026-08-15,2026-08-15,CVE-2025-41032,9.8,2026-06-17T09:22:27.600
CVE-2025-36909,0.001370000,0.035850000,0.12268518518518519,2026-08-15,2026-08-15,CVE-2025-36909,5.3,2026-06-17T09:14:58.950
CVE-2025-36908,0.000880000,0.004710000,0.02175925925925926,2026-08-15,2026-08-15,CVE-2025-36908,6.7,2026-06-17T09:14:58.813
CVE-2025-36907,0.000830000,0.002910000,0.015509259259259259,2026-08-15,2026-08-15,CVE-2025-36907,7.3,2026-06-17T09:14:58.680
CVE-2025-36906,0.000820000,0.002680000,0.013425925925925926,2026-08-15,2026-08-15,CVE-2025-36906,7.8,2026-06-17T09:14:58.543
CVE-2025-36905,0.000850000,0.003500000,0.017592592592592594,2026-08-15,2026-08-15,CVE-2025-36905,7.8,2026-06-17T09:14:58.413
CVE-2025-36904,0.002430000,0.157750000,0.4949074074074074,2026-08-15,2026-08-15,CVE-2025-36904,9.8,2026-06-17T09:14:58.280
CVE-2025-36903,0.000810000,0.002400000,0.009259259259259259,2026-08-15,2026-08-15,CVE-2025-36903,7.8,2026-06-17T09:14:58.150
CVE-2025-36902,0.000840000,0.003090000,0.016203703703703703,2026-08-15,2026-08-15,CVE-2025-36902,6.7,2026-06-17T09:14:58.013
CVE-2025-36901,0.001570000,0.053300000,0.22939814814814816,2026-08-15,2026-08-15,CVE-2025-36901,8.8,2026-06-17T09:14:57.880
CVE-2025-36900,0.000820000,0.002730000,0.013425925925925926,2026-08-15,2026-08-15,CVE-2025-36900,6.7,2026-06-17T09:14:57.747
CVE-2025-36899,0.000900000,0.005190000,0.024074074074074074,2026-08-15,2026-08-15,CVE-2025-36899,8.4,2026-06-17T09:14:57.610
CVE-2025-36898,0.000850000,0.003500000,0.017592592592592594,2026-08-15,2026-08-15,CVE-2025-36898,7.8,2026-06-17T09:14:57.467
CVE-2025-36897,0.002820000,0.207000000,0.5717592592592593,2026-08-15,2026-08-15,CVE-2025-36897,9.8,2026-06-17T09:14:57.333
CVE-2025-36896,0.002430000,0.157760000,0.4949074074074074,2026-08-15,2026-08-15,CVE-2025-36896,9.8,2026-06-17T09:14:57.197
CVE-2025-36895,0.001720000,0.069200000,0.27824074074074073,2026-08-15,2026-08-15,CVE-2025-36895,7.5,2026-06-17T09:14:57.067
CVE-2025-36894,0.002650000,0.185370000,0.5421296296296296,2026-08-15,2026-08-15,CVE-2025-36894,7.5,2026-06-17T09:14:56.930
CVE-2025-36893,0.000770000,0.001390000,0.002777777777777778,2026-08-15,2026-08-15,CVE-2025-36893,5.5,2026-06-17T09:14:56.800
CVE-2025-36892,0.001820000,0.080200000,0.30416666666666664,2026-08-15,2026-08-15,CVE-2025-36892,7.5,2026-06-17T09:14:56.667
CVE-2025-36891,0.002120000,0.117940000,0.4041666666666667,2026-08-15,2026-08-15,CVE-2025-36891,8.8,2026-06-17T09:14:56.537
CVE-2025-36890,0.002350000,0.146870000,0.4740740740740741,2026-08-15,2026-08-15,CVE-2025-36890,9.8,2026-06-17T09:14:56.400
CVE-2025-36887,0.000810000,0.002400000,0.009259259259259259,2026-08-15,2026-08-15,CVE-2025-36887,7.8,2026-06-17T09:14:56.127
CVE-2025-2694,0.001860000,0.084600000,0.3145833333333333,2026-08-15,2026-08-15,CVE-2025-2694,4.8,2026-06-17T09:07:27.410
CVE-2025-2667,0.002600000,0.178930000,0.5342592592592592,2026-08-15,2026-08-15,CVE-2025-2667,4.9,2026-06-17T09:07:24.237
CVE-2025-25048,0.003280000,0.256590000,0.6518518518518519,2026-08-15,2026-08-15,CVE-2025-25048,6.5,2026-06-17T09:00:12.170
CVE-2025-2417,0.004410000,0.367160000,0.80625,2026-08-15,2026-08-15,CVE-2025-2417,8.6,2026-06-17T09:06:59.190
CVE-2025-2411,0.004410000,0.367160000,0.80625,2026-08-15,2026-08-15,CVE-2025-2411,8.6,2026-06-17T09:06:58.607
CVE-2024-56190,0.000810000,0.002400000,0.009259259259259259,2026-08-15,2026-08-15,CVE-2024-56190,7.8,2026-06-17T08:11:49.063
CVE-2024-56189,0.002610000,0.180580000,0.5365740740740741,2026-08-15,2026-08-15,CVE-2024-56189,6.5,2026-06-17T08:11:48.927
CVE-2024-43184,0.002120000,0.117240000,0.4041666666666667,2026-08-15,2026-08-15,CVE-2024-43184,6.1,2026-06-17T07:50:34.600
CVE-2024-34598,0.001200000,0.021190000,0.06481481481481481,2026-08-15,2026-08-15,CVE-2024-34598,5.5,2026-06-17T07:33:42.097
CVE-2024-13073,0.003010000,0.227230000,0.6087962962962963,2026-08-15,2026-08-15,CVE-2024-13073,4.7,2026-06-17T07:01:06.643
CVE-2024-13071,0.002360000,0.148220000,0.4773148148148148,2026-08-15,2026-08-15,CVE-2024-13071,4.3,2026-06-17T07:01:06.380
CVE-2022-39888,0.001470000,0.044820000,0.18055555555555555,2026-08-15,2026-08-15,CVE-2022-39888,4.3,2026-06-17T04:58:29.877
CVE-2025-9636,0.002140000,0.119940000,0.4081018518518518,2026-08-15,2026-08-15,CVE-2025-9636,7.9,2026-06-17T10:09:25.470
CVE-2025-8311,0.016700000,0.747750000,0.9618055555555556,2026-08-15,2026-08-15,CVE-2025-8311,,2026-06-17T10:06:43.510
CVE-2025-6785,0.002210000,0.129590000,0.4305555555555556,2026-08-15,2026-08-15,CVE-2025-6785,,2026-06-17T10:02:34.133
CVE-2025-57576,0.002040000,0.106710000,0.3747685185185185,2026-08-15,2026-08-15,CVE-2025-57576,5.4,2026-06-17T09:43:12.850
CVE-2025-38730,0.001610000,0.057550000,0.24166666666666667,2026-08-15,2026-08-15,CVE-2025-38730,7.8,2026-07-30T06:23:38.030
CVE-2025-38729,0.001870000,0.086250000,0.3159722222222222,2026-08-15,2026-08-15,CVE-2025-38729,7.8,2026-06-17T09:17:45.230
CVE-2025-38728,0.003140000,0.242010000,0.6314814814814815,2026-08-15,2026-08-15,CVE-2025-38728,7.1,2026-07-30T06:23:37.840
CVE-2025-38727,0.001650000,0.062150000,0.25300925925925927,2026-08-15,2026-08-15,CVE-2025-38727,5.5,2026-07-14T13:17:46.373
CVE-2025-38726,0.001450000,0.042410000,0.15416666666666667,2026-08-15,2026-08-15,CVE-2025-38726,5.5,2026-06-17T09:17:44.810
CVE-2025-38725,0.001530000,0.049580000,0.21319444444444444,2026-08-15,2026-08-15,CVE-2025-38725,5.5,2026-07-14T13:17:45.353
CVE-2025-38724,0.003780000,0.309510000,0.7293981481481482,2026-08-15,2026-08-15,CVE-2025-38724,7.8,2026-07-30T06:23:37.427
CVE-2025-38723,0.001620000,0.059100000,0.24421296296296297,2026-08-15,2026-08-15,CVE-2025-38723,5.5,2026-06-17T09:17:44.397
CVE-2025-38722,0.001530000,0.049540000,0.21319444444444444,2026-08-15,2026-08-15,CVE-2025-38722,7.8,2026-07-30T06:23:37.300
CVE-2025-38721,0.001650000,0.061480000,0.25300925925925927,2026-08-15,2026-08-15,CVE-2025-38721,5.5,2026-07-14T13:17:42.863
CVE-2025-38720,0.001120000,0.015890000,0.05,2026-08-15,2026-08-15,CVE-2025-38720,5.5,2026-06-17T09:17:44.040
CVE-2025-38719,0.001430000,0.040950000,0.14027777777777778,2026-08-15,2026-08-15,CVE-2025-38719,5.5,2026-06-17T09:17:43.940
CVE-2025-38718,0.001620000,0.058960000,0.24421296296296297,2026-08-15,2026-08-15,CVE-2025-38718,7.8,2026-07-30T06:23:36.867
CVE-2025-38717,0.001140000,0.017230000,0.052314814814814814,2026-08-15,2026-08-15,CVE-2025-38717,4.7,2026-07-30T06:23:36.737
CVE-2025-38716,0.001450000,0.042410000,0.15416666666666667,2026-08-15,2026-08-15,CVE-2025-38716,5.5,2026-06-17T09:17:43.527
CVE-2025-38715,0.001670000,0.063350000,0.26296296296296295,2026-08-15,2026-08-15,CVE-2025-38715,7.1,2026-07-30T06:23:36.563
CVE-2025-38714,0.001670000,0.063370000,0.26296296296296295,2026-08-15,2026-08-15,CVE-2025-38714,7.1,2026-07-30T06:23:36.310
CVE-2025-38713,0.001630000,0.060060000,0.24837962962962962,2026-08-15,2026-08-15,CVE-2025-38713,7.1,2026-07-30T06:23:36.110
CVE-2025-38712,0.001590000,0.055320000,0.23287037037037037,2026-08-15,2026-08-15,CVE-2025-38712,5.5,2026-06-17T09:17:42.907
CVE-2025-38711,0.001190000,0.020680000,0.060648148148148145,2026-08-15,2026-08-15,CVE-2025-38711,5.5,2026-06-17T09:17:42.780
CVE-2025-38710,0.001530000,0.050030000,0.21319444444444444,2026-08-15,2026-08-15,CVE-2025-38710,5.5,2026-07-30T06:23:35.970
CVE-2025-38709,0.001460000,0.043700000,0.16620370370370371,2026-08-15,2026-08-15,CVE-2025-38709,5.5,2026-06-17T09:17:42.557
CVE-2025-38708,0.003670000,0.298620000,0.7171296296296297,2026-08-15,2026-08-15,CVE-2025-38708,7.8,2026-07-30T06:23:35.797
CVE-2025-38707,0.001670000,0.064140000,0.26296296296296295,2026-08-15,2026-08-15,CVE-2025-38707,7.8,2026-07-30T06:23:35.653
CVE-2025-38706,0.001900000,0.089460000,0.3282407407407407,2026-08-15,2026-08-15,CVE-2025-38706,5.5,2026-06-17T09:17:42.153
CVE-2025-38705,0.001550000,0.052110000,0.22268518518518518,2026-08-15,2026-08-15,CVE-2025-38705,5.5,2026-06-17T09:17:42.057
CVE-2025-38704,0.001660000,0.062670000,0.26064814814814813,2026-08-15,2026-08-15,CVE-2025-38704,7.8,2026-07-14T13:17:42.597
CVE-2025-38703,0.001650000,0.061850000,0.25300925925925927,2026-08-15,2026-08-15,CVE-2025-38703,7.8,2026-07-30T06:23:35.527
CVE-2025-38702,0.001850000,0.083330000,0.31203703703703706,2026-08-15,2026-08-15,CVE-2025-38702,7.8,2026-06-17T09:17:41.703
CVE-2025-38701,0.001770000,0.074820000,0.29189814814814813,2026-08-15,2026-08-15,CVE-2025-38701,5.5,2026-06-17T09:17:41.550
CVE-2025-38700,0.001700000,0.067360000,0.2712962962962963,2026-08-15,2026-08-15,CVE-2025-38700,5.5,2026-06-17T09:17:41.403
CVE-2025-38699,0.001790000,0.076570000,0.29791666666666666,2026-08-15,2026-08-15,CVE-2025-38699,7.8,2026-06-17T09:17:41.263
CVE-2025-38698,0.001700000,0.067370000,0.2712962962962963,2026-08-15,2026-08-15,CVE-2025-38698,5.5,2026-06-17T09:17:41.127
CVE-2025-38697,0.001790000,0.076570000,0.29791666666666666,2026-08-15,2026-08-15,CVE-2025-38697,7.8,2026-07-30T06:23:35.367
CVE-2025-38696,0.001830000,0.081180000,0.3076388888888889,2026-08-15,2026-08-15,CVE-2025-38696,5.5,2026-06-17T09:17:40.840
CVE-2025-38695,0.001700000,0.067350000,0.2712962962962963,2026-08-15,2026-08-15,CVE-2025-38695,5.5,2026-06-17T09:17:40.703
CVE-2025-38694,0.001700000,0.067400000,0.2712962962962963,2026-08-15,2026-08-15,CVE-2025-38694,5.5,2026-06-17T09:17:40.563
CVE-2025-38693,0.001700000,0.067370000,0.2712962962962963,2026-08-15,2026-08-15,CVE-2025-38693,5.5,2026-06-17T09:17:40.427
CVE-2025-38692,0.001550000,0.052100000,0.22268518518518518,2026-08-15,2026-08-15,CVE-2025-38692,5.5,2026-06-17T09:17:40.317
CVE-2025-38691,0.001770000,0.074830000,0.29189814814814813,2026-08-15,2026-08-15,CVE-2025-38691,5.5,2026-06-17T09:17:40.163
CVE-2025-38690,0.001370000,0.035570000,0.12268518518518519,2026-08-15,2026-08-15,CVE-2025-38690,5.5,2026-06-17T09:17:40.070
CVE-2025-38689,0.001370000,0.035550000,0.12268518518518519,2026-08-15,2026-08-15,CVE-2025-38689,5.5,2026-06-17T09:17:39.973
CVE-2025-38688,0.001640000,0.060420000,0.2513888888888889,2026-08-15,2026-08-15,CVE-2025-38688,7.8,2026-07-30T06:23:35.243
CVE-2025-38687,0.001240000,0.025280000,0.07060185185185185,2026-08-15,2026-08-15,CVE-2025-38687,4.7,2026-07-30T06:23:35.070
CVE-2025-38686,0.001550000,0.052100000,0.22268518518518518,2026-08-15,2026-08-15,CVE-2025-38686,5.5,2026-06-17T09:17:39.620
CVE-2025-38685,0.001730000,0.070330000,0.2796296296296296,2026-08-15,2026-08-15,CVE-2025-38685,7.8,2026-07-30T06:23:34.907
CVE-2025-38684,0.001720000,0.068610000,0.27824074074074073,2026-08-15,2026-08-15,CVE-2025-38684,5.5,2026-06-17T09:17:39.303
CVE-2025-38683,0.001700000,0.067400000,0.2712962962962963,2026-08-15,2026-08-15,CVE-2025-38683,5.5,2026-06-17T09:17:39.137
CVE-2025-38682,0.001530000,0.050210000,0.21319444444444444,2026-08-15,2026-08-15,CVE-2025-38682,7.8,2026-06-17T09:17:39.033
CVE-2025-38681,0.001220000,0.023190000,0.06805555555555555,2026-08-15,2026-08-15,CVE-2025-38681,4.7,2026-07-14T13:17:42.043
CVE-2025-38680,0.001750000,0.073000000,0.2881944444444444,2026-08-15,2026-08-15,CVE-2025-38680,7.1,2026-06-17T09:17:38.643
CVE-2025-38679,0.001600000,0.056840000,0.24004629629629629,2026-08-15,2026-08-15,CVE-2025-38679,7.1,2026-07-30T06:23:34.757
CVE-2025-26462,0.000820000,0.002750000,0.013425925925925926,2026-08-15,2026-08-15,CVE-2025-26462,7.8,2026-06-17T09:01:50.230
CVE-2025-26458,0.000900000,0.005240000,0.024074074074074074,2026-08-15,2026-08-15,CVE-2025-26458,7.8,2026-06-17T09:01:49.960
CVE-2025-26456,0.000960000,0.008060000,0.031712962962962964,2026-08-15,2026-08-15,CVE-2025-26456,5.5,2026-06-17T09:01:49.817
CVE-2025-26455,0.000950000,0.007350000,0.03009259259259259,2026-08-15,2026-08-15,CVE-2025-26455,7.8,2026-06-17T09:01:49.683
CVE-2025-26453,0.000880000,0.004500000,0.02175925925925926,2026-08-15,2026-08-15,CVE-2025-26453,5.5,2026-06-17T09:01:49.410
CVE-2025-26452,0.000790000,0.001680000,0.005555555555555556,2026-08-15,2026-08-15,CVE-2025-26452,7.8,2026-06-17T09:01:49.273
CVE-2025-26450,0.000790000,0.001680000,0.005555555555555556,2026-08-15,2026-08-15,CVE-2025-26450,7.8,2026-06-17T09:01:49.130
CVE-2025-26449,0.000790000,0.001880000,0.005555555555555556,2026-08-15,2026-08-15,CVE-2025-26449,5.5,2026-06-17T09:01:48.990
CVE-2025-26448,0.000820000,0.002650000,0.013425925925925926,2026-08-15,2026-08-15,CVE-2025-26448,5.5,2026-06-17T09:01:48.053
CVE-2025-26445,0.000770000,0.001370000,0.002777777777777778,2026-08-15,2026-08-15,CVE-2025-26445,5.5,2026-06-17T09:01:47.910
CVE-2025-26444,0.000900000,0.005240000,0.024074074074074074,2026-08-15,2026-08-15,CVE-2025-26444,7.8,2026-06-17T09:01:47.773
CVE-2025-26443,0.001360000,0.035220000,0.1136574074074074,2026-08-15,2026-08-15,CVE-2025-26443,7.3,2026-06-17T09:01:47.630
CVE-2025-26442,0.000810000,0.002430000,0.009259259259259259,2026-08-15,2026-08-15,CVE-2025-26442,5.5,2026-06-17T09:01:47.490
CVE-2025-26441,0.002730000,0.197410000,0.5537037037037037,2026-08-15,2026-08-15,CVE-2025-26441,6.5,2026-06-17T09:01:47.353
CVE-2025-26440,0.000870000,0.004160000,0.02060185185185185,2026-08-15,2026-08-15,CVE-2025-26440,7.8,2026-06-17T09:01:47.210
CVE-2025-26438,0.003250000,0.253920000,0.6474537037037037,2026-08-15,2026-08-15,CVE-2025-26438,8.8,2026-06-17T09:01:46.930
CVE-2025-26437,0.000770000,0.001380000,0.002777777777777778,2026-08-15,2026-08-15,CVE-2025-26437,5.5,2026-06-17T09:01:46.790
CVE-2025-26436,0.000870000,0.004160000,0.02060185185185185,2026-08-15,2026-08-15,CVE-2025-26436,7.8,2026-06-17T09:01:46.650
CVE-2025-26435,0.000820000,0.002750000,0.013425925925925926,2026-08-15,2026-08-15,CVE-2025-26435,7.8,2026-06-17T09:01:46.510
CVE-2025-26432,0.000790000,0.001880000,0.005555555555555556,2026-08-15,2026-08-15,CVE-2025-26432,5.5,2026-06-17T09:01:46.230
CVE-2025-26430,0.000820000,0.002750000,0.013425925925925926,2026-08-15,2026-08-15,CVE-2025-26430,7.8,2026-06-17T09:01:45.953
CVE-2025-26429,0.000790000,0.001890000,0.005555555555555556,2026-08-15,2026-08-15,CVE-2025-26429,5.5,2026-06-17T09:01:45.817
CVE-2025-26428,0.001050000,0.012390000,0.03981481481481482,2026-08-15,2026-08-15,CVE-2025-26428,3.2,2026-06-17T09:01:45.670
CVE-2025-26427,0.001110000,0.015010000,0.04814814814814815,2026-08-15,2026-08-15,CVE-2025-26427,4.4,2026-06-17T09:01:45.530
CVE-2025-26426,0.001020000,0.010580000,0.037731481481481484,2026-08-15,2026-08-15,CVE-2025-26426,5.1,2026-06-17T09:01:45.390
CVE-2025-26425,0.000940000,0.007050000,0.02962962962962963,2026-08-15,2026-08-15,CVE-2025-26425,4.0,2026-06-17T09:01:45.253
CVE-2025-26424,0.000960000,0.008230000,0.031712962962962964,2026-08-15,2026-08-15,CVE-2025-26424,4.0,2026-06-17T09:01:45.113
CVE-2025-26423,0.000920000,0.006130000,0.027314814814814816,2026-08-15,2026-08-15,CVE-2025-26423,6.2,2026-06-17T09:01:44.970
CVE-2025-26422,0.000900000,0.005250000,0.024074074074074074,2026-08-15,2026-08-15,CVE-2025-26422,4.0,2026-06-17T09:01:44.830
CVE-2025-26421,0.000990000,0.009100000,0.03449074074074074,2026-08-15,2026-08-15,CVE-2025-26421,4.0,2026-06-17T09:01:44.693
CVE-2025-26420,0.000880000,0.004500000,0.02175925925925926,2026-08-15,2026-08-15,CVE-2025-26420,4.4,2026-06-17T09:01:44.553
CVE-2025-23302,0.001210000,0.022060000,0.06666666666666667,2026-08-15,2026-08-15,CVE-2025-23302,4.2,2026-06-17T08:53:20.470
CVE-2025-23301,0.001210000,0.022060000,0.06666666666666667,2026-08-15,2026-08-15,CVE-2025-23301,4.2,2026-06-17T08:53:19.993
CVE-2025-23262,0.001570000,0.053610000,0.22939814814814816,2026-08-15,2026-08-15,CVE-2025-23262,6.3,2026-06-17T08:53:01.127
CVE-2025-23261,0.001630000,0.060050000,0.24837962962962962,2026-08-15,2026-08-15,CVE-2025-23261,5.5,2026-06-17T08:53:00.657
CVE-2025-23259,0.002950000,0.221660000,0.5995370370370371,2026-08-15,2026-08-15,CVE-2025-23259,6.5,2026-06-17T08:52:59.683
CVE-2025-23258,0.001520000,0.048550000,0.20902777777777778,2026-08-15,2026-08-15,CVE-2025-23258,7.3,2026-06-17T08:52:59.210
CVE-2025-23257,0.001520000,0.048560000,0.20902777777777778,2026-08-15,2026-08-15,CVE-2025-23257,7.3,2026-06-17T08:52:58.723
CVE-2025-23256,0.001450000,0.042500000,0.15416666666666667,2026-08-15,2026-08-15,CVE-2025-23256,8.7,2026-06-17T08:52:58.213
CVE-2025-22425,0.000990000,0.009100000,0.03449074074074074,2026-08-15,2026-08-15,CVE-2025-22425,5.1,2026-06-17T08:47:15.417
CVE-2025-0087,0.002170000,0.124540000,0.4152777777777778,2026-08-15,2026-08-15,CVE-2025-0087,5.1,2026-06-17T08:25:48.967
CVE-2025-0077,0.001040000,0.011970000,0.03958333333333333,2026-08-15,2026-08-15,CVE-2025-0077,4.0,2026-06-17T08:25:46.117
CVE-2024-49739,0.001060000,0.012730000,0.04027777777777778,2026-08-15,2026-08-15,CVE-2024-49739,4.0,2026-06-17T08:00:21.697
CVE-2023-35657,0.000930000,0.006730000,0.028935185185185185,2026-08-15,2026-08-15,CVE-2023-35657,4.0,2026-06-17T06:04:56.967
CVE-2025-9990,0.007110000,0.505130000,0.9131944444444444,2026-08-15,2026-08-15,CVE-2025-9990,8.1,2026-06-17T10:10:12.887
CVE-2025-8944,0.002260000,0.136200000,0.4476851851851852,2026-08-15,2026-08-15,CVE-2025-8944,4.3,2026-06-17T10:07:59.990
CVE-2025-8684,0.001930000,0.092670000,0.33912037037037035,2026-08-15,2026-08-15,CVE-2025-8684,6.4,2026-06-17T10:07:26.177
CVE-2025-7445,0.001920000,0.091300000,0.3375,2026-08-15,2026-08-15,CVE-2025-7445,6.5,2026-06-17T10:04:58.520
CVE-2025-58401,0.001020000,0.011010000,0.037731481481481484,2026-08-15,2026-08-15,CVE-2025-58401,6.8,2026-06-17T09:44:24.313
CVE-2025-58400,0.001740000,0.071680000,0.28055555555555556,2026-08-15,2026-08-15,CVE-2025-58400,6.7,2026-06-17T09:44:24.203
CVE-2025-58362,0.005340000,0.425830000,0.86875,2026-08-15,2026-08-15,CVE-2025-58362,7.5,2026-06-17T09:44:21.827
CVE-2025-58361,0.002830000,0.208540000,0.5740740740740741,2026-08-15,2026-08-15,CVE-2025-58361,9.3,2026-06-17T09:44:21.727
CVE-2025-58359,0.002860000,0.211390000,0.580324074074074,2026-08-15,2026-08-15,CVE-2025-58359,,2026-06-17T09:44:21.510
CVE-2025-58353,0.002410000,0.155530000,0.4914351851851852,2026-08-15,2026-08-15,CVE-2025-58353,8.2,2026-06-17T09:44:20.887
CVE-2025-58352,0.002810000,0.206170000,0.5701388888888889,2026-08-15,2026-08-15,CVE-2025-58352,6.5,2026-06-17T09:44:20.773
CVE-2025-58313,0.000690000,0.000380000,0.0006944444444444445,2026-08-15,2026-08-15,CVE-2025-58313,2.5,2026-06-17T09:44:16.957
CVE-2025-58296,0.000740000,0.000900000,0.0020833333333333333,2026-08-15,2026-08-15,CVE-2025-58296,4.7,2026-06-17T09:44:15.213
CVE-2025-58281,0.000960000,0.008190000,0.031712962962962964,2026-08-15,2026-08-15,CVE-2025-58281,5.5,2026-06-17T09:44:13.517
CVE-2025-58280,0.001060000,0.012540000,0.04027777777777778,2026-08-15,2026-08-15,CVE-2025-58280,5.5,2026-06-17T09:44:13.350
CVE-2025-58276,0.000900000,0.005430000,0.024074074074074074,2026-08-15,2026-08-15,CVE-2025-58276,5.5,2026-06-17T09:44:12.883
CVE-2025-58179,0.008290000,0.544630000,0.930324074074074,2026-08-15,2026-08-15,CVE-2025-58179,6.5,2026-06-17T09:44:01.297
CVE-2025-55739,0.004100000,0.341460000,0.7738425925925926,2026-08-15,2026-08-15,CVE-2025-55739,,2026-06-17T09:42:08.763
CVE-2025-55671,0.001630000,0.059660000,0.24837962962962962,2026-08-15,2026-08-15,CVE-2025-55671,7.8,2026-06-17T09:41:59.223
CVE-2025-55305,0.002680000,0.190690000,0.5469907407407407,2026-08-15,2026-08-15,CVE-2025-55305,6.1,2026-06-17T09:41:37.207
CVE-2025-55244,0.006180000,0.467060000,0.8923611111111112,2026-08-15,2026-08-15,CVE-2025-55244,9.0,2026-06-17T09:41:31.343
CVE-2025-55242,0.007830000,0.529800000,0.9252314814814815,2026-08-15,2026-08-15,CVE-2025-55242,7.5,2026-06-17T09:41:31.120
CVE-2025-55241,0.015540000,0.730190000,0.9604166666666667,2026-08-15,2026-08-15,CVE-2025-55241,10.0,2026-06-17T09:41:31.000
CVE-2025-55238,0.008190000,0.541650000,0.9291666666666667,2026-08-15,2026-08-15,CVE-2025-55238,7.5,2026-06-17T09:41:30.770
CVE-2025-55209,0.003470000,0.277280000,0.6814814814814815,2026-08-15,2026-08-15,CVE-2025-55209,,2026-06-17T09:41:27.680
CVE-2025-55190,0.046450000,0.909410000,0.9805555555555555,2026-08-15,2026-08-15,CVE-2025-55190,9.9,2026-06-17T09:41:25.607
CVE-2025-55037,0.026480000,0.843170000,0.9694444444444444,2026-08-15,2026-08-15,CVE-2025-55037,9.8,2026-06-17T09:41:08.747
CVE-2025-54914,0.024020000,0.826150000,0.9689814814814814,2026-08-15,2026-08-15,CVE-2025-54914,9.8,2026-06-17T09:40:55.673
CVE-2025-48581,0.001870000,0.085340000,0.3159722222222222,2026-08-15,2026-08-15,CVE-2025-48581,8.4,2026-06-17T09:29:54.203
CVE-2025-48563,0.000860000,0.003890000,0.019212962962962963,2026-08-15,2026-08-15,CVE-2025-48563,7.8,2026-06-17T09:29:51.823
CVE-2025-48562,0.000860000,0.003950000,0.019212962962962963,2026-08-15,2026-08-15,CVE-2025-48562,5.0,2026-06-17T09:29:51.680
CVE-2025-48561,0.001220000,0.023940000,0.06805555555555555,2026-08-15,2026-08-15,CVE-2025-48561,5.5,2026-06-17T09:29:51.540
CVE-2025-48560,0.000730000,0.000730000,0.001388888888888889,2026-08-15,2026-08-15,CVE-2025-48560,5.5,2026-06-17T09:29:51.403
CVE-2025-48559,0.000880000,0.004620000,0.02175925925925926,2026-08-15,2026-08-15,CVE-2025-48559,5.5,2026-06-17T09:29:51.263
CVE-2025-48558,0.000790000,0.001670000,0.005555555555555556,2026-08-15,2026-08-15,CVE-2025-48558,7.8,2026-06-17T09:29:51.123
CVE-2025-48556,0.000870000,0.004180000,0.02060185185185185,2026-08-15,2026-08-15,CVE-2025-48556,7.3,2026-06-17T09:29:50.983
CVE-2025-48554,0.000820000,0.002700000,0.013425925925925926,2026-08-15,2026-08-15,CVE-2025-48554,6.1,2026-06-17T09:29:50.707
CVE-2025-48553,0.000900000,0.005240000,0.024074074074074074,2026-08-15,2026-08-15,CVE-2025-48553,7.8,2026-06-17T09:29:50.567
CVE-2025-48552,0.001000000,0.009710000,0.035416666666666666,2026-08-15,2026-08-15,CVE-2025-48552,7.8,2026-06-17T09:29:50.427
CVE-2025-48551,0.000770000,0.001370000,0.002777777777777778,2026-08-15,2026-08-15,CVE-2025-48551,5.0,2026-06-17T09:29:50.287
CVE-2025-48550,0.000980000,0.008950000,0.033796296296296297,2026-08-15,2026-08-15,CVE-2025-48550,5.5,2026-06-17T09:29:50.140
CVE-2025-48549,0.001120000,0.015910000,0.05,2026-08-15,2026-08-15,CVE-2025-48549,7.8,2026-06-17T09:29:49.997
CVE-2025-48548,0.001010000,0.010530000,0.03680555555555556,2026-08-15,2026-08-15,CVE-2025-48548,7.3,2026-06-17T09:29:49.857
CVE-2025-48547,0.000840000,0.003200000,0.016203703703703703,2026-08-15,2026-08-15,CVE-2025-48547,7.3,2026-06-17T09:29:49.720
CVE-2025-48546,0.000900000,0.005240000,0.024074074074074074,2026-08-15,2026-08-15,CVE-2025-48546,7.8,2026-06-17T09:29:49.583
CVE-2025-48545,0.000920000,0.005970000,0.027314814814814816,2026-08-15,2026-08-15,CVE-2025-48545,7.1,2026-06-17T09:29:49.437
CVE-2025-48544,0.000990000,0.009370000,0.03449074074074074,2026-08-15,2026-08-15,CVE-2025-48544,7.8,2026-06-17T09:29:49.293
CVE-2025-48543,0.005310000,0.424000000,0.8673611111111111,2026-08-15,2026-08-15,CVE-2025-48543,8.8,2026-06-17T09:29:49.153
CVE-2025-48542,0.000790000,0.001880000,0.005555555555555556,2026-08-15,2026-08-15,CVE-2025-48542,5.5,2026-06-17T09:29:49.000
CVE-2025-48541,0.000860000,0.003890000,0.019212962962962963,2026-08-15,2026-08-15,CVE-2025-48541,7.8,2026-06-17T09:29:48.753
CVE-2025-48540,0.000950000,0.007520000,0.03009259259259259,2026-08-15,2026-08-15,CVE-2025-48540,7.8,2026-06-17T09:29:48.603
CVE-2025-48539,0.002460000,0.161720000,0.5025462962962963,2026-08-15,2026-08-15,CVE-2025-48539,8.0,2026-06-17T09:29:48.470
CVE-2025-48538,0.000820000,0.002650000,0.013425925925925926,2026-08-15,2026-08-15,CVE-2025-48538,5.5,2026-06-17T09:29:48.333
CVE-2025-48537,0.000900000,0.005130000,0.024074074074074074,2026-08-15,2026-08-15,CVE-2025-48537,7.1,2026-06-17T09:29:48.190
CVE-2025-48535,0.001710000,0.067530000,0.27685185185185185,2026-08-15,2026-08-15,CVE-2025-48535,7.8,2026-06-17T09:29:47.917
CVE-2025-48534,0.002880000,0.212920000,0.5856481481481481,2026-08-15,2026-08-15,CVE-2025-48534,8.8,2026-06-17T09:29:47.780
CVE-2025-48533,0.000860000,0.003970000,0.019212962962962963,2026-08-15,2026-08-15,CVE-2025-48533,7.0,2026-06-17T09:29:47.633
CVE-2025-48532,0.000810000,0.002460000,0.009259259259259259,2026-08-15,2026-08-15,CVE-2025-48532,7.3,2026-06-17T09:29:47.500
CVE-2025-48531,0.000970000,0.008610000,0.03333333333333333,2026-08-15,2026-08-15,CVE-2025-48531,7.8,2026-06-17T09:29:47.360
CVE-2025-48530,0.005010000,0.406230000,0.8548611111111111,2026-08-15,2026-08-15,CVE-2025-48530,8.1,2026-06-17T09:29:47.227
CVE-2025-48529,0.000830000,0.002900000,0.015509259259259259,2026-08-15,2026-08-15,CVE-2025-48529,5.5,2026-06-17T09:29:47.087
CVE-2025-48528,0.000900000,0.005250000,0.024074074074074074,2026-08-15,2026-08-15,CVE-2025-48528,4.0,2026-06-17T09:29:46.947
CVE-2025-48527,0.001000000,0.009760000,0.035416666666666666,2026-08-15,2026-08-15,CVE-2025-48527,6.2,2026-06-17T09:29:46.810
CVE-2025-48526,0.000900000,0.005250000,0.024074074074074074,2026-08-15,2026-08-15,CVE-2025-48526,4.0,2026-06-17T09:29:46.673
CVE-2025-48524,0.000810000,0.002430000,0.009259259259259259,2026-08-15,2026-08-15,CVE-2025-48524,5.5,2026-06-17T09:29:46.397
CVE-2025-48523,0.000880000,0.004710000,0.02175925925925926,2026-08-15,2026-08-15,CVE-2025-48523,7.8,2026-06-17T09:29:46.257
CVE-2025-48522,0.000960000,0.008320000,0.031712962962962964,2026-08-15,2026-08-15,CVE-2025-48522,7.8,2026-06-17T09:29:46.120
CVE-2025-48395,0.002870000,0.212520000,0.5828703703703704,2026-08-15,2026-08-15,CVE-2025-48395,4.7,2026-06-17T09:29:36.390
CVE-2025-41408,0.002750000,0.199150000,0.5571759259259259,2026-08-15,2026-08-15,CVE-2025-41408,4.3,2026-06-17T09:22:49.897
CVE-2025-32350,0.000840000,0.003400000,0.016203703703703703,2026-08-15,2026-08-15,CVE-2025-32350,7.8,2026-06-17T09:11:51.443
CVE-2025-32349,0.000920000,0.006100000,0.027314814814814816,2026-08-15,2026-08-15,CVE-2025-32349,7.8,2026-06-17T09:11:51.303
CVE-2025-32347,0.000840000,0.003400000,0.016203703703703703,2026-08-15,2026-08-15,CVE-2025-32347,7.8,2026-06-17T09:11:51.013
CVE-2025-32346,0.000800000,0.001970000,0.008796296296296297,2026-08-15,2026-08-15,CVE-2025-32346,7.8,2026-06-17T09:11:50.873
CVE-2025-32345,0.000880000,0.004710000,0.02175925925925926,2026-08-15,2026-08-15,CVE-2025-32345,7.8,2026-06-17T09:11:50.733
CVE-2025-32333,0.000890000,0.005010000,0.02337962962962963,2026-08-15,2026-08-15,CVE-2025-32333,7.8,2026-06-17T09:11:50.587
CVE-2025-32332,0.000870000,0.004230000,0.02060185185185185,2026-08-15,2026-08-15,CVE-2025-32332,7.8,2026-06-17T09:11:50.443
CVE-2025-32331,0.000970000,0.008610000,0.03333333333333333,2026-08-15,2026-08-15,CVE-2025-32331,7.8,2026-06-17T09:11:50.297
CVE-2025-32330,0.001250000,0.026400000,0.07268518518518519,2026-08-15,2026-08-15,CVE-2025-32330,5.7,2026-06-17T09:11:50.153
CVE-2025-32327,0.001110000,0.015430000,0.04814814814814815,2026-08-15,2026-08-15,CVE-2025-32327,7.8,2026-06-17T09:11:49.730
CVE-2025-32326,0.000850000,0.003680000,0.017592592592592594,2026-08-15,2026-08-15,CVE-2025-32326,7.8,2026-06-17T09:11:49.583
CVE-2025-32325,0.001020000,0.010610000,0.037731481481481484,2026-08-15,2026-08-15,CVE-2025-32325,7.8,2026-06-17T09:11:49.443
CVE-2025-32324,0.000910000,0.005510000,0.027083333333333334,2026-08-15,2026-08-15,CVE-2025-32324,7.8,2026-06-17T09:11:49.250
CVE-2025-32323,0.000920000,0.006000000,0.027314814814814816,2026-08-15,2026-08-15,CVE-2025-32323,7.8,2026-06-17T09:11:49.043
CVE-2025-32322,0.000810000,0.002440000,0.009259259259259259,2026-08-15,2026-08-15,CVE-2025-32322,7.8,2026-06-17T09:11:48.903
CVE-2025-32321,0.000850000,0.003690000,0.017592592592592594,2026-08-15,2026-08-15,CVE-2025-32321,7.8,2026-06-17T09:11:48.763
CVE-2025-32312,0.000960000,0.008060000,0.031712962962962964,2026-08-15,2026-08-15,CVE-2025-32312,7.8,2026-06-17T09:11:47.760
CVE-2025-26464,0.000960000,0.008330000,0.031712962962962964,2026-08-15,2026-08-15,CVE-2025-26464,7.8,2026-06-17T09:01:50.510
CVE-2025-26463,0.000840000,0.003080000,0.016203703703703703,2026-08-15,2026-08-15,CVE-2025-26463,5.5,2026-06-17T09:01:50.373
CVE-2025-26454,0.000920000,0.006100000,0.027314814814814816,2026-08-15,2026-08-15,CVE-2025-26454,7.8,2026-06-17T09:01:49.543
CVE-2025-26439,0.000850000,0.003660000,0.017592592592592594,2026-08-15,2026-08-15,CVE-2025-26439,7.8,2026-06-17T09:01:47.067
CVE-2025-26431,0.000870000,0.004200000,0.02060185185185185,2026-08-15,2026-08-15,CVE-2025-26431,7.8,2026-06-17T09:01:46.093
CVE-2025-26419,0.000880000,0.004520000,0.02175925925925926,2026-08-15,2026-08-15,CVE-2025-26419,3.3,2026-06-17T09:01:44.417
CVE-2025-22441,0.001090000,0.014470000,0.04583333333333333,2026-08-15,2026-08-15,CVE-2025-22441,7.3,2026-06-17T08:47:22.820
CVE-2025-22415,0.000790000,0.001790000,0.005555555555555556,2026-08-15,2026-08-15,CVE-2025-22415,4.0,2026-06-17T08:47:10.277
CVE-2025-22414,0.000790000,0.001700000,0.005555555555555556,2026-08-15,2026-08-15,CVE-2025-22414,7.8,2026-06-17T08:47:09.767
CVE-2025-0089,0.001020000,0.010660000,0.037731481481481484,2026-08-15,2026-08-15,CVE-2025-0089,7.8,2026-06-17T08:25:49.110
CVE-2025-0076,0.000810000,0.002500000,0.009259259259259259,2026-08-15,2026-08-15,CVE-2025-0076,3.3,2026-06-17T08:25:45.973
CVE-2024-49731,0.000830000,0.002860000,0.015509259259259259,2026-08-15,2026-08-15,CVE-2024-49731,4.0,2026-06-17T08:00:20.557
CVE-2024-49714,0.001070000,0.013020000,0.041435185185185186,2026-08-15,2026-08-15,CVE-2024-49714,7.8,2026-06-17T08:00:19.700
CVE-2024-40664,0.000810000,0.002460000,0.009259259259259259,2026-08-15,2026-08-15,CVE-2024-40664,6.2,2026-06-17T07:46:16.600
CVE-2025-58883,0.001820000,0.080710000,0.30416666666666664,2026-08-15,2026-08-15,CVE-2025-58883,5.9,2026-06-17T09:45:13.883
CVE-2025-58882,0.001650000,0.062100000,0.25300925925925927,2026-08-15,2026-08-15,CVE-2025-58882,6.5,2026-06-17T09:45:13.783
CVE-2025-58881,0.002610000,0.180280000,0.5365740740740741,2026-08-15,2026-08-15,CVE-2025-58881,8.5,2026-06-17T09:45:13.690
CVE-2025-58880,0.001650000,0.062020000,0.25300925925925927,2026-08-15,2026-08-15,CVE-2025-58880,6.5,2026-06-17T09:45:13.590
CVE-2025-58878,0.001470000,0.044400000,0.18055555555555555,2026-08-15,2026-08-15,CVE-2025-58878,6.5,2026-06-17T09:45:13.390
CVE-2025-58876,0.001650000,0.062030000,0.25300925925925927,2026-08-15,2026-08-15,CVE-2025-58876,6.5,2026-06-17T09:45:13.093
CVE-2025-58875,0.001650000,0.062020000,0.25300925925925927,2026-08-15,2026-08-15,CVE-2025-58875,6.5,2026-06-17T09:45:12.953
CVE-2025-58874,0.001650000,0.062070000,0.25300925925925927,2026-08-15,2026-08-15,CVE-2025-58874,6.5,2026-06-17T09:45:12.533
CVE-2025-58873,0.001820000,0.080720000,0.30416666666666664,2026-08-15,2026-08-15,CVE-2025-58873,5.9,2026-06-17T09:45:12.160
CVE-2025-58872,0.002790000,0.203720000,0.5682870370370371,2026-08-15,2026-08-15,CVE-2025-58872,6.5,2026-06-17T09:45:11.827
CVE-2025-58871,0.001650000,0.062070000,0.25300925925925927,2026-08-15,2026-08-15,CVE-2025-58871,6.5,2026-06-17T09:45:11.717
CVE-2025-58870,0.001650000,0.062080000,0.25300925925925927,2026-08-15,2026-08-15,CVE-2025-58870,6.5,2026-06-17T09:45:11.137
CVE-2025-58869,0.001070000,0.013300000,0.041435185185185186,2026-08-15,2026-08-15,CVE-2025-58869,6.5,2026-06-17T09:45:10.887
CVE-2025-58868,0.001650000,0.062030000,0.25300925925925927,2026-08-15,2026-08-15,CVE-2025-58868,6.5,2026-06-17T09:45:10.740
CVE-2025-58867,0.001650000,0.062030000,0.25300925925925927,2026-08-15,2026-08-15,CVE-2025-58867,6.5,2026-06-17T09:45:10.447
CVE-2025-58866,0.002400000,0.154530000,0.4898148148148148,2026-08-15,2026-08-15,CVE-2025-58866,2.7,2026-06-17T09:45:09.833
CVE-2025-58865,0.001280000,0.028770000,0.0824074074074074,2026-08-15,2026-08-15,CVE-2025-58865,4.3,2026-06-17T09:45:09.723
CVE-2025-58864,0.001650000,0.062050000,0.25300925925925927,2026-08-15,2026-08-15,CVE-2025-58864,6.5,2026-06-17T09:45:09.593
CVE-2025-58863,0.001650000,0.062060000,0.25300925925925927,2026-08-15,2026-08-15,CVE-2025-58863,6.5,2026-06-17T09:45:09.493
CVE-2025-58862,0.001650000,0.062080000,0.25300925925925927,2026-08-15,2026-08-15,CVE-2025-58862,6.5,2026-06-17T09:45:09.390
CVE-2025-58861,0.001160000,0.018820000,0.05462962962962963,2026-08-15,2026-08-15,CVE-2025-58861,7.1,2026-06-17T09:45:09.287
CVE-2025-58860,0.001160000,0.018810000,0.05462962962962963,2026-08-15,2026-08-15,CVE-2025-58860,7.1,2026-06-17T09:45:09.187
CVE-2025-58859,0.001160000,0.018810000,0.05462962962962963,2026-08-15,2026-08-15,CVE-2025-58859,7.1,2026-06-17T09:45:09.080
CVE-2025-58858,0.002040000,0.106520000,0.3747685185185185,2026-08-15,2026-08-15,CVE-2025-58858,6.5,2026-06-17T09:45:08.980
CVE-2025-58857,0.002350000,0.147420000,0.4740740740740741,2026-08-15,2026-08-15,CVE-2025-58857,7.1,2026-06-17T09:45:08.883
CVE-2025-58856,0.001690000,0.066350000,0.26805555555555555,2026-08-15,2026-08-15,CVE-2025-58856,6.5,2026-06-17T09:45:08.780
CVE-2025-58855,0.002350000,0.147460000,0.4740740740740741,2026-08-15,2026-08-15,CVE-2025-58855,7.1,2026-06-17T09:45:08.680
CVE-2025-58854,0.001270000,0.027620000,0.07546296296296297,2026-08-15,2026-08-15,CVE-2025-58854,7.1,2026-06-17T09:45:08.580
CVE-2025-58853,0.001270000,0.027570000,0.07546296296296297,2026-08-15,2026-08-15,CVE-2025-58853,7.1,2026-06-17T09:45:08.477
CVE-2025-58852,0.001270000,0.027610000,0.07546296296296297,2026-08-15,2026-08-15,CVE-2025-58852,7.1,2026-06-17T09:45:08.377
CVE-2025-58851,0.002040000,0.106550000,0.3747685185185185,2026-08-15,2026-08-15,CVE-2025-58851,6.5,2026-06-17T09:45:08.277
CVE-2025-58850,0.002040000,0.106520000,0.3747685185185185,2026-08-15,2026-08-15,CVE-2025-58850,6.5,2026-06-17T09:45:08.170
CVE-2025-58849,0.001270000,0.027560000,0.07546296296296297,2026-08-15,2026-08-15,CVE-2025-58849,7.1,2026-06-17T09:45:08.063
CVE-2025-58848,0.001270000,0.027610000,0.07546296296296297,2026-08-15,2026-08-15,CVE-2025-58848,7.1,2026-06-17T09:45:07.937
CVE-2025-58847,0.001270000,0.027610000,0.07546296296296297,2026-08-15,2026-08-15,CVE-2025-58847,7.1,2026-06-17T09:45:07.833
CVE-2025-58846,0.001270000,0.027610000,0.07546296296296297,2026-08-15,2026-08-15,CVE-2025-58846,7.1,2026-06-17T09:45:07.730
CVE-2025-58845,0.001270000,0.027570000,0.07546296296296297,2026-08-15,2026-08-15,CVE-2025-58845,7.1,2026-06-17T09:45:07.627
CVE-2025-58844,0.001270000,0.027570000,0.07546296296296297,2026-08-15,2026-08-15,CVE-2025-58844,7.1,2026-06-17T09:45:07.520
CVE-2025-58843,0.001270000,0.027570000,0.07546296296296297,2026-08-15,2026-08-15,CVE-2025-58843,7.1,2026-06-17T09:45:07.420
CVE-2025-58842,0.002040000,0.106520000,0.3747685185185185,2026-08-15,2026-08-15,CVE-2025-58842,6.5,2026-06-17T09:45:07.277
CVE-2025-58841,0.003180000,0.246190000,0.6351851851851852,2026-08-15,2026-08-15,CVE-2025-58841,5.5,2026-06-17T09:45:07.100
CVE-2025-58840,0.002170000,0.123750000,0.4152777777777778,2026-08-15,2026-08-15,CVE-2025-58840,6.5,2026-06-17T09:45:06.947
CVE-2025-58839,0.004670000,0.384920000,0.8331018518518518,2026-08-15,2026-08-15,CVE-2025-58839,7.2,2026-06-17T09:45:06.610
CVE-2025-58838,0.002170000,0.123770000,0.4152777777777778,2026-08-15,2026-08-15,CVE-2025-58838,6.5,2026-06-17T09:45:01.363
CVE-2025-58837,0.002170000,0.123750000,0.4152777777777778,2026-08-15,2026-08-15,CVE-2025-58837,6.5,2026-06-17T09:45:01.260
CVE-2025-58836,0.002170000,0.123750000,0.4152777777777778,2026-08-15,2026-08-15,CVE-2025-58836,6.5,2026-06-17T09:45:01.150
CVE-2025-58835,0.002880000,0.213030000,0.5856481481481481,2026-08-15,2026-08-15,CVE-2025-58835,5.3,2026-06-17T09:45:01.027
CVE-2025-58834,0.002170000,0.123740000,0.4152777777777778,2026-08-15,2026-08-15,CVE-2025-58834,6.5,2026-06-17T09:45:00.887
CVE-2025-58833,0.001700000,0.067420000,0.2712962962962963,2026-08-15,2026-08-15,CVE-2025-58833,8.8,2026-06-17T09:45:00.717
CVE-2025-58832,0.002250000,0.134300000,0.4444444444444444,2026-08-15,2026-08-15,CVE-2025-58832,5.9,2026-06-17T09:45:00.583
CVE-2025-58831,0.001490000,0.046130000,0.1865740740740741,2026-08-15,2026-08-15,CVE-2025-58831,4.3,2026-06-17T09:45:00.463
CVE-2025-58830,0.002040000,0.106530000,0.3747685185185185,2026-08-15,2026-08-15,CVE-2025-58830,6.5,2026-06-17T09:45:00.350
CVE-2025-58829,0.001800000,0.077360000,0.3,2026-08-15,2026-08-15,CVE-2025-58829,4.9,2026-06-17T09:45:00.243
CVE-2025-58828,0.002170000,0.123760000,0.4152777777777778,2026-08-15,2026-08-15,CVE-2025-58828,6.5,2026-06-17T09:45:00.147
CVE-2025-58827,0.002490000,0.165810000,0.5099537037037037,2026-08-15,2026-08-15,CVE-2025-58827,3.8,2026-06-17T09:45:00.050
CVE-2025-58826,0.002040000,0.106570000,0.3747685185185185,2026-08-15,2026-08-15,CVE-2025-58826,6.5,2026-06-17T09:44:59.947
CVE-2025-58825,0.002250000,0.134340000,0.4444444444444444,2026-08-15,2026-08-15,CVE-2025-58825,5.9,2026-06-17T09:44:59.840
CVE-2025-58824,0.002360000,0.148240000,0.4773148148148148,2026-08-15,2026-08-15,CVE-2025-58824,4.3,2026-06-17T09:44:59.740
CVE-2025-58823,0.002040000,0.106580000,0.3747685185185185,2026-08-15,2026-08-15,CVE-2025-58823,6.5,2026-06-17T09:44:59.643
CVE-2025-58822,0.002170000,0.123760000,0.4152777777777778,2026-08-15,2026-08-15,CVE-2025-58822,6.5,2026-06-17T09:44:59.543
CVE-2025-58821,0.002320000,0.143410000,0.4664351851851852,2026-08-15,2026-08-15,CVE-2025-58821,5.9,2026-06-17T09:44:59.440
CVE-2025-58820,0.002250000,0.134290000,0.4444444444444444,2026-08-15,2026-08-15,CVE-2025-58820,5.9,2026-06-17T09:44:59.343
CVE-2025-58819,0.003430000,0.273810000,0.6756944444444445,2026-08-15,2026-08-15,CVE-2025-58819,9.1,2026-06-17T09:44:59.243
CVE-2025-58818,0.001360000,0.035030000,0.1136574074074074,2026-08-15,2026-08-15,CVE-2025-58818,5.4,2026-06-17T09:44:59.143
CVE-2025-58817,0.002360000,0.148220000,0.4773148148148148,2026-08-15,2026-08-15,CVE-2025-58817,4.3,2026-06-17T09:44:59.047
CVE-2025-58816,0.002410000,0.155720000,0.4914351851851852,2026-08-15,2026-08-15,CVE-2025-58816,3.5,2026-06-17T09:44:58.947
CVE-2025-58815,0.004670000,0.384920000,0.8331018518518518,2026-08-15,2026-08-15,CVE-2025-58815,7.2,2026-06-17T09:44:58.847
CVE-2025-58814,0.002040000,0.106540000,0.3747685185185185,2026-08-15,2026-08-15,CVE-2025-58814,6.5,2026-06-17T09:44:58.750
CVE-2025-58813,0.002360000,0.148250000,0.4773148148148148,2026-08-15,2026-08-15,CVE-2025-58813,4.3,2026-06-17T09:44:58.650
CVE-2025-58812,0.002040000,0.106540000,0.3747685185185185,2026-08-15,2026-08-15,CVE-2025-58812,6.5,2026-06-17T09:44:58.550
CVE-2025-58811,0.002250000,0.134340000,0.4444444444444444,2026-08-15,2026-08-15,CVE-2025-58811,5.9,2026-06-17T09:44:58.453
CVE-2025-58810,0.002250000,0.134350000,0.4444444444444444,2026-08-15,2026-08-15,CVE-2025-58810,5.9,2026-06-17T09:44:58.357
CVE-2025-58809,0.001270000,0.027580000,0.07546296296296297,2026-08-15,2026-08-15,CVE-2025-58809,7.1,2026-06-17T09:44:58.253
CVE-2025-58808,0.002040000,0.106530000,0.3747685185185185,2026-08-15,2026-08-15,CVE-2025-58808,6.5,2026-06-17T09:44:58.153
CVE-2025-58807,0.001280000,0.028700000,0.0824074074074074,2026-08-15,2026-08-15,CVE-2025-58807,7.1,2026-06-17T09:44:58.050
CVE-2025-58806,0.001270000,0.027580000,0.07546296296296297,2026-08-15,2026-08-15,CVE-2025-58806,7.1,2026-06-17T09:44:57.943
CVE-2025-58805,0.002250000,0.134290000,0.4444444444444444,2026-08-15,2026-08-15,CVE-2025-58805,5.9,2026-06-17T09:44:57.843
CVE-2025-58804,0.001400000,0.038500000,0.13217592592592592,2026-08-15,2026-08-15,CVE-2025-58804,4.3,2026-06-17T09:44:57.740
CVE-2025-58802,0.001400000,0.038430000,0.13217592592592592,2026-08-15,2026-08-15,CVE-2025-58802,4.3,2026-06-17T09:44:57.533
CVE-2025-58801,0.001360000,0.035030000,0.1136574074074074,2026-08-15,2026-08-15,CVE-2025-58801,5.4,2026-06-17T09:44:57.430
CVE-2025-58800,0.001400000,0.038500000,0.13217592592592592,2026-08-15,2026-08-15,CVE-2025-58800,4.3,2026-06-17T09:44:57.330
CVE-2025-58799,0.001400000,0.038500000,0.13217592592592592,2026-08-15,2026-08-15,CVE-2025-58799,4.3,2026-06-17T09:44:57.227
CVE-2025-58798,0.001400000,0.038490000,0.13217592592592592,2026-08-15,2026-08-15,CVE-2025-58798,4.3,2026-06-17T09:44:57.123
CVE-2025-58797,0.003060000,0.232510000,0.6164351851851851,2026-08-15,2026-08-15,CVE-2025-58797,5.3,2026-06-17T09:44:57.023
CVE-2025-58796,0.002100000,0.114940000,0.39490740740740743,2026-08-15,2026-08-15,CVE-2025-58796,6.5,2026-06-17T09:44:56.923
CVE-2025-58795,0.002470000,0.163360000,0.5041666666666667,2026-08-15,2026-08-15,CVE-2025-58795,4.3,2026-06-17T09:44:56.823
CVE-2025-58794,0.001400000,0.038520000,0.13217592592592592,2026-08-15,2026-08-15,CVE-2025-58794,4.3,2026-06-17T09:44:56.723
CVE-2025-58793,0.002040000,0.106580000,0.3747685185185185,2026-08-15,2026-08-15,CVE-2025-58793,6.5,2026-06-17T09:44:56.627
CVE-2025-58792,0.001400000,0.038520000,0.13217592592592592,2026-08-15,2026-08-15,CVE-2025-58792,4.3,2026-06-17T09:44:56.530
CVE-2025-58791,0.002250000,0.134360000,0.4444444444444444,2026-08-15,2026-08-15,CVE-2025-58791,5.9,2026-06-17T09:44:56.430
CVE-2025-58790,0.002040000,0.106570000,0.3747685185185185,2026-08-15,2026-08-15,CVE-2025-58790,6.5,2026-06-17T09:44:56.330
CVE-2025-58789,0.003550000,0.286560000,0.6981481481481482,2026-08-15,2026-08-15,CVE-2025-58789,7.6,2026-06-17T09:44:56.227
CVE-2025-58788,0.003710000,0.302480000,0.7217592592592592,2026-08-15,2026-08-15,CVE-2025-58788,7.6,2026-06-17T09:44:56.123
CVE-2025-58787,0.002040000,0.106590000,0.3747685185185185,2026-08-15,2026-08-15,CVE-2025-58787,6.5,2026-06-17T09:44:56.023
CVE-2025-58786,0.002040000,0.106540000,0.3747685185185185,2026-08-15,2026-08-15,CVE-2025-58786,6.5,2026-06-17T09:44:55.923
CVE-2025-58785,0.002590000,0.177220000,0.5333333333333333,2026-08-15,2026-08-15,CVE-2025-58785,5.4,2026-06-17T09:44:55.823
CVE-2025-58784,0.002040000,0.106590000,0.3747685185185185,2026-08-15,2026-08-15,CVE-2025-58784,6.5,2026-06-17T09:44:55.720
CVE-2025-58783,0.002360000,0.148250000,0.4773148148148148,2026-08-15,2026-08-15,CVE-2025-58783,4.3,2026-06-17T09:44:55.613
CVE-2025-10011,0.005010000,0.406050000,0.8548611111111111,2026-08-15,2026-08-15,CVE-2025-10011,8.8,2026-06-17T08:27:30.917
CVE-2024-21977,0.001500000,0.047220000,0.20069444444444445,2026-08-15,2026-08-15,CVE-2024-21977,3.2,2026-06-17T07:10:28.680
CVE-2025-9999,0.001600000,0.056570000,0.24004629629629629,2026-08-15,2026-08-15,CVE-2025-9999,,2026-06-17T10:10:13.810
CVE-2025-9998,0.002650000,0.185410000,0.5421296296296296,2026-08-15,2026-08-15,CVE-2025-9998,,2026-06-17T10:10:13.657
CVE-2025-9709,0.002330000,0.144160000,0.46828703703703706,2026-08-15,2026-08-15,CVE-2025-9709,,2026-06-17T10:09:34.830
CVE-2025-9057,0.001930000,0.092660000,0.33912037037037035,2026-08-15,2026-08-15,CVE-2025-9057,6.4,2026-06-17T10:08:14.357
CVE-2025-8695,0.002210000,0.128910000,0.4305555555555556,2026-08-15,2026-08-15,CVE-2025-8695,5.4,2026-06-17T10:07:27.250
CVE-2025-58887,0.001650000,0.062100000,0.25300925925925927,2026-08-15,2026-08-15,CVE-2025-58887,6.5,2026-06-17T09:45:14.290
CVE-2025-58886,0.001820000,0.080720000,0.30416666666666664,2026-08-15,2026-08-15,CVE-2025-58886,5.9,2026-06-17T09:45:14.190
CVE-2025-58884,0.001820000,0.080720000,0.30416666666666664,2026-08-15,2026-08-15,CVE-2025-58884,5.9,2026-06-17T09:45:13.987
CVE-2025-58780,0.002290000,0.140160000,0.4532407407407407,2026-08-15,2026-08-15,CVE-2025-58780,7.2,2026-06-17T09:44:55.233
CVE-2025-58628,0.003090000,0.235880000,0.6247685185185186,2026-08-15,2026-08-15,CVE-2025-58628,9.3,2026-06-17T09:44:38.870
CVE-2025-58214,0.004550000,0.377420000,0.8261574074074074,2026-08-15,2026-08-15,CVE-2025-58214,8.1,2026-06-17T09:44:05.070
CVE-2025-58206,0.004220000,0.352590000,0.7932870370370371,2026-08-15,2026-08-15,CVE-2025-58206,9.8,2026-06-17T09:44:04.253
CVE-2025-57889,0.003870000,0.318640000,0.7449074074074075,2026-08-15,2026-08-15,CVE-2025-57889,7.5,2026-06-17T09:43:34.890
CVE-2025-54744,0.002220000,0.130900000,0.4335648148148148,2026-08-15,2026-08-15,CVE-2025-54744,6.5,2026-06-17T09:40:37.910
CVE-2025-53571,0.002220000,0.130900000,0.4335648148148148,2026-08-15,2026-08-15,CVE-2025-53571,6.5,2026-06-17T09:38:30.320
CVE-2025-53307,0.001910000,0.090190000,0.33541666666666664,2026-08-15,2026-08-15,CVE-2025-53307,7.1,2026-06-17T09:38:00.337
CVE-2025-49401,0.004410000,0.367160000,0.80625,2026-08-15,2026-08-15,CVE-2025-49401,9.8,2026-06-17T09:31:15.160
CVE-2025-48317,0.004150000,0.345960000,0.7789351851851852,2026-08-15,2026-08-15,CVE-2025-48317,7.5,2026-06-17T09:29:27.177
CVE-2025-48105,0.001650000,0.062070000,0.25300925925925927,2026-08-15,2026-08-15,CVE-2025-48105,6.5,2026-06-17T09:29:09.860
CVE-2025-48104,0.001160000,0.018800000,0.05462962962962963,2026-08-15,2026-08-15,CVE-2025-48104,7.1,2026-06-17T09:29:09.760
CVE-2025-48103,0.001650000,0.062090000,0.25300925925925927,2026-08-15,2026-08-15,CVE-2025-48103,6.5,2026-06-17T09:29:09.663
CVE-2025-48102,0.001820000,0.080750000,0.30416666666666664,2026-08-15,2026-08-15,CVE-2025-48102,5.9,2026-06-17T09:29:09.563
CVE-2025-39726,0.002350000,0.147930000,0.4740740740740741,2026-08-15,2026-08-15,CVE-2025-39726,4.7,2026-07-30T06:23:43.180
CVE-2025-39725,0.001430000,0.040960000,0.14027777777777778,2026-08-15,2026-08-15,CVE-2025-39725,5.5,2026-06-17T09:18:21.300
CVE-2025-39724,0.001680000,0.065550000,0.2662037037037037,2026-08-15,2026-08-15,CVE-2025-39724,5.5,2026-06-17T09:18:21.127
CVE-2025-39723,0.002280000,0.138430000,0.45046296296296295,2026-08-15,2026-08-15,CVE-2025-39723,7.8,2026-07-30T06:23:43.050
CVE-2025-39722,0.001440000,0.042020000,0.15208333333333332,2026-08-15,2026-08-15,CVE-2025-39722,5.5,2026-06-17T09:18:20.913
CVE-2025-39721,0.001430000,0.040710000,0.14027777777777778,2026-08-15,2026-08-15,CVE-2025-39721,5.5,2026-07-14T13:17:48.293
CVE-2025-39720,0.002800000,0.204720000,0.5689814814814815,2026-08-15,2026-08-15,CVE-2025-39720,5.5,2026-07-30T06:23:42.940
CVE-2025-39719,0.001490000,0.046420000,0.1865740740740741,2026-08-15,2026-08-15,CVE-2025-39719,7.1,2026-06-17T09:18:20.590
CVE-2025-39718,0.001570000,0.053820000,0.22939814814814816,2026-08-15,2026-08-15,CVE-2025-39718,5.5,2026-07-30T06:23:42.807
CVE-2025-39717,0.001520000,0.048520000,0.20902777777777778,2026-08-15,2026-08-15,CVE-2025-39717,7.8,2026-07-30T06:23:42.693
CVE-2025-39716,0.001450000,0.043010000,0.15416666666666667,2026-08-15,2026-08-15,CVE-2025-39716,5.5,2026-06-17T09:18:20.253
CVE-2025-39715,0.001450000,0.043000000,0.15416666666666667,2026-08-15,2026-08-15,CVE-2025-39715,5.5,2026-06-17T09:18:20.137
CVE-2025-39714,0.001670000,0.063360000,0.26296296296296295,2026-08-15,2026-08-15,CVE-2025-39714,5.5,2026-07-30T06:23:42.530
CVE-2025-39713,0.001340000,0.033670000,0.09722222222222222,2026-08-15,2026-08-15,CVE-2025-39713,4.7,2026-06-17T09:18:19.767
CVE-2025-39712,0.001120000,0.015890000,0.05,2026-08-15,2026-08-15,CVE-2025-39712,5.5,2026-06-17T09:18:19.670
CVE-2025-39711,0.001480000,0.045570000,0.1840277777777778,2026-08-15,2026-08-15,CVE-2025-39711,7.8,2026-07-30T06:23:42.393
CVE-2025-39710,0.001670000,0.063360000,0.26296296296296295,2026-08-15,2026-08-15,CVE-2025-39710,7.1,2026-07-30T06:23:42.243
CVE-2025-39709,0.001590000,0.055330000,0.23287037037037037,2026-08-15,2026-08-15,CVE-2025-39709,5.5,2026-07-30T06:23:42.093
CVE-2025-39708,0.001270000,0.028010000,0.07546296296296297,2026-08-15,2026-08-15,CVE-2025-39708,5.5,2026-06-17T09:18:19.210
CVE-2025-39707,0.001430000,0.040950000,0.14027777777777778,2026-08-15,2026-08-15,CVE-2025-39707,5.5,2026-06-17T09:18:19.110
CVE-2025-39706,0.001450000,0.043010000,0.15416666666666667,2026-08-15,2026-08-15,CVE-2025-39706,5.5,2026-06-17T09:18:18.990
CVE-2025-39705,0.001430000,0.040950000,0.14027777777777778,2026-08-15,2026-08-15,CVE-2025-39705,5.5,2026-06-17T09:18:18.893
CVE-2025-39704,0.001480000,0.045540000,0.1840277777777778,2026-08-15,2026-08-15,CVE-2025-39704,5.5,2026-07-30T06:23:41.973
CVE-2025-39703,0.003640000,0.295450000,0.7097222222222223,2026-08-15,2026-08-15,CVE-2025-39703,5.5,2026-07-30T06:23:41.780
CVE-2025-39702,0.004220000,0.352310000,0.7932870370370371,2026-08-15,2026-08-15,CVE-2025-39702,7.0,2026-07-30T06:23:41.623
CVE-2025-39701,0.001840000,0.081890000,0.30949074074074073,2026-08-15,2026-08-15,CVE-2025-39701,7.8,2026-06-17T09:18:18.390
CVE-2025-39700,0.001540000,0.050560000,0.2196759259259259,2026-08-15,2026-08-15,CVE-2025-39700,5.5,2026-06-17T09:18:18.290
CVE-2025-39699,0.001370000,0.035570000,0.12268518518518519,2026-08-15,2026-08-15,CVE-2025-39699,5.5,2026-06-17T09:18:18.190
CVE-2025-39698,0.001920000,0.091120000,0.3375,2026-08-15,2026-08-15,CVE-2025-39698,5.5,2026-07-30T06:23:41.240
CVE-2025-39697,0.001500000,0.046790000,0.20069444444444445,2026-08-15,2026-08-15,CVE-2025-39697,4.7,2026-07-30T06:23:40.860
CVE-2025-39696,0.001440000,0.041890000,0.15208333333333332,2026-08-15,2026-08-15,CVE-2025-39696,5.5,2026-07-30T06:23:40.747
CVE-2025-39695,0.001540000,0.050550000,0.2196759259259259,2026-08-15,2026-08-15,CVE-2025-39695,5.5,2026-06-17T09:18:17.693
CVE-2025-39694,0.001600000,0.056850000,0.24004629629629629,2026-08-15,2026-08-15,CVE-2025-39694,5.5,2026-07-30T06:23:40.610
CVE-2025-39693,0.001560000,0.052620000,0.22523148148148148,2026-08-15,2026-08-15,CVE-2025-39693,5.5,2026-06-17T09:18:16.923
CVE-2025-39692,0.001560000,0.052620000,0.22523148148148148,2026-08-15,2026-08-15,CVE-2025-39692,5.5,2026-06-17T09:18:16.797
CVE-2025-39691,0.001740000,0.070850000,0.28055555555555556,2026-08-15,2026-08-15,CVE-2025-39691,7.8,2026-07-30T06:23:40.413
CVE-2025-39690,0.001370000,0.035550000,0.12268518518518519,2026-08-15,2026-08-15,CVE-2025-39690,5.5,2026-06-17T09:18:16.510
CVE-2025-39689,0.001800000,0.078580000,0.3,2026-08-15,2026-08-15,CVE-2025-39689,7.8,2026-07-30T06:23:40.160
CVE-2025-39687,0.001740000,0.070970000,0.28055555555555556,2026-08-15,2026-08-15,CVE-2025-39687,7.1,2026-06-17T09:18:16.133
CVE-2025-39686,0.001840000,0.081880000,0.30949074074074073,2026-08-15,2026-08-15,CVE-2025-39686,7.8,2026-06-17T09:18:16.007
CVE-2025-39685,0.001600000,0.056850000,0.24004629629629629,2026-08-15,2026-08-15,CVE-2025-39685,7.1,2026-06-17T09:18:15.883
CVE-2025-39684,0.001740000,0.071140000,0.28055555555555556,2026-08-15,2026-08-15,CVE-2025-39684,5.5,2026-06-17T09:18:15.750
CVE-2025-39683,0.001790000,0.076570000,0.29791666666666666,2026-08-15,2026-08-15,CVE-2025-39683,7.1,2026-07-30T06:23:39.840
CVE-2025-39682,0.005050000,0.408530000,0.857175925925926,2026-08-15,2026-08-15,CVE-2025-39682,7.1,2026-07-30T06:23:39.470
CVE-2025-39681,0.001700000,0.067370000,0.2712962962962963,2026-08-15,2026-08-15,CVE-2025-39681,5.5,2026-07-14T13:17:47.517
CVE-2025-39680,0.001530000,0.050200000,0.21319444444444444,2026-08-15,2026-08-15,CVE-2025-39680,7.1,2026-07-30T06:23:39.360
CVE-2025-39679,0.001570000,0.053350000,0.22939814814814816,2026-08-15,2026-08-15,CVE-2025-39679,5.5,2026-06-17T09:18:15.123
CVE-2025-39678,0.001550000,0.051630000,0.22268518518518518,2026-08-15,2026-08-15,CVE-2025-39678,5.5,2026-06-17T09:18:15.027
CVE-2025-39677,0.001440000,0.041890000,0.15208333333333332,2026-08-15,2026-08-15,CVE-2025-39677,5.5,2026-07-30T06:23:39.233
CVE-2025-39676,0.001700000,0.067390000,0.2712962962962963,2026-08-15,2026-08-15,CVE-2025-39676,5.5,2026-06-17T09:18:14.770
CVE-2025-39675,0.001560000,0.052620000,0.22523148148148148,2026-08-15,2026-08-15,CVE-2025-39675,5.5,2026-06-17T09:18:14.647
CVE-2025-39674,0.001370000,0.035580000,0.12268518518518519,2026-08-15,2026-08-15,CVE-2025-39674,5.5,2026-06-17T09:18:14.547
CVE-2025-39673,0.002990000,0.224930000,0.6050925925925926,2026-08-15,2026-08-15,CVE-2025-39673,4.7,2026-07-30T06:23:39.090
CVE-2025-38737,0.003710000,0.302310000,0.7217592592592592,2026-08-15,2026-08-15,CVE-2025-38737,5.5,2026-07-30T06:23:38.967
CVE-2025-38736,0.001630000,0.059620000,0.24837962962962962,2026-08-15,2026-08-15,CVE-2025-38736,7.1,2026-07-14T13:17:47.370
CVE-2025-38735,0.001660000,0.062660000,0.26064814814814813,2026-08-15,2026-08-15,CVE-2025-38735,5.5,2026-07-30T06:23:38.813
CVE-2025-38734,0.004510000,0.374530000,0.8233796296296296,2026-08-15,2026-08-15,CVE-2025-38734,7.8,2026-07-30T06:23:38.660
CVE-2025-38733,0.001620000,0.058920000,0.24421296296296297,2026-08-15,2026-08-15,CVE-2025-38733,5.5,2026-07-30T06:23:38.537
CVE-2025-38732,0.001700000,0.067390000,0.2712962962962963,2026-08-15,2026-08-15,CVE-2025-38732,5.5,2026-07-14T13:17:47.160
CVE-2025-38731,0.001530000,0.050210000,0.21319444444444444,2026-08-15,2026-08-15,CVE-2025-38731,7.8,2026-07-30T06:23:38.170
CVE-2025-35452,0.008510000,0.551450000,0.9319444444444445,2026-08-15,2026-08-15,CVE-2025-35452,9.8,2026-06-17T09:14:18.123
CVE-2025-35451,0.007740000,0.527060000,0.924074074074074,2026-08-15,2026-08-15,CVE-2025-35451,9.8,2026-06-17T09:14:17.950
CVE-2025-32320,0.000760000,0.001110000,0.0023148148148148147,2026-08-15,2026-08-15,CVE-2025-32320,7.8,2026-06-17T09:11:48.627
CVE-2025-32318,0.002900000,0.215040000,0.5893518518518519,2026-08-15,2026-08-15,CVE-2025-32318,8.8,2026-06-17T09:11:48.350
CVE-2025-32317,0.000730000,0.000730000,0.001388888888888889,2026-08-15,2026-08-15,CVE-2025-32317,5.5,2026-06-17T09:11:48.207
CVE-2025-32316,0.000770000,0.001400000,0.002777777777777778,2026-08-15,2026-08-15,CVE-2025-32316,5.5,2026-06-17T09:11:48.060
CVE-2025-30200,0.001360000,0.034870000,0.1136574074074074,2026-08-15,2026-08-15,CVE-2025-30200,6.3,2026-06-17T09:08:20.620
CVE-2025-30199,0.002880000,0.212810000,0.5856481481481481,2026-08-15,2026-08-15,CVE-2025-30199,7.2,2026-06-17T09:08:20.473
CVE-2025-30198,0.002170000,0.124010000,0.4152777777777778,2026-08-15,2026-08-15,CVE-2025-30198,6.3,2026-06-17T09:08:20.330
CVE-2025-27003,0.001280000,0.028760000,0.0824074074074074,2026-08-15,2026-08-15,CVE-2025-27003,4.3,2026-06-17T09:02:44.660
CVE-2025-26461,0.000790000,0.001870000,0.005555555555555556,2026-08-15,2026-08-15,CVE-2025-26461,3.3,2026-06-17T09:01:50.097
CVE-2025-26434,0.000790000,0.001690000,0.005555555555555556,2026-08-15,2026-08-15,CVE-2025-26434,5.5,2026-06-17T09:01:46.370
CVE-2025-10026,0.002870000,0.212410000,0.5828703703703704,2026-08-15,2026-08-15,CVE-2025-10026,6.1,2026-06-17T08:27:32.500
CVE-2025-10025,0.004210000,0.351050000,0.787962962962963,2026-08-15,2026-08-15,CVE-2025-10025,9.8,2026-06-17T08:27:32.360
CVE-2025-10014,0.002780000,0.202550000,0.5657407407407408,2026-08-15,2026-08-15,CVE-2025-10014,3.1,2026-06-17T08:27:31.353
CVE-2025-10013,0.003290000,0.258530000,0.6543981481481481,2026-08-15,2026-08-15,CVE-2025-10013,6.3,2026-06-17T08:27:31.210
CVE-2025-10012,0.004020000,0.333780000,0.7673611111111112,2026-08-15,2026-08-15,CVE-2025-10012,8.8,2026-06-17T08:27:31.070
CVE-2024-0028,0.000730000,0.000730000,0.001388888888888889,2026-08-15,2026-08-15,CVE-2024-0028,5.5,2026-06-17T06:52:38.500
CVE-2025-9961,0.098560000,0.951420000,0.9905092592592593,2026-08-15,2026-08-15,CVE-2025-9961,,2026-06-17T10:10:09.670
CVE-2025-9853,0.002310000,0.142340000,0.4583333333333333,2026-08-15,2026-08-15,CVE-2025-9853,6.4,2026-06-17T10:09:54.440
CVE-2025-9849,0.002390000,0.152390000,0.48564814814814816,2026-08-15,2026-08-15,CVE-2025-9849,6.4,2026-06-17T10:09:54.027
CVE-2025-9566,0.010800000,0.622630000,0.9453703703703704,2026-08-15,2026-08-15,CVE-2025-9566,8.1,2026-08-21T15:16:38.177
CVE-2025-9515,0.006570000,0.484770000,0.9032407407407408,2026-08-15,2026-08-15,CVE-2025-9515,7.2,2026-06-17T10:09:09.080
CVE-2025-9493,0.002390000,0.152390000,0.48564814814814816,2026-08-15,2026-08-15,CVE-2025-9493,6.4,2026-06-17T10:09:06.370
CVE-2025-9442,0.002390000,0.152410000,0.48564814814814816,2026-08-15,2026-08-15,CVE-2025-9442,6.4,2026-06-17T10:09:00.730
CVE-2025-9126,0.002390000,0.152390000,0.48564814814814816,2026-08-15,2026-08-15,CVE-2025-9126,6.4,2026-06-17T10:08:22.313
CVE-2025-9085,0.003390000,0.269340000,0.6694444444444444,2026-08-15,2026-08-15,CVE-2025-9085,4.9,2026-06-17T10:08:17.313
CVE-2025-8722,0.002390000,0.152380000,0.48564814814814816,2026-08-15,2026-08-15,CVE-2025-8722,6.4,2026-06-17T10:07:30.190
CVE-2025-8564,0.002310000,0.142350000,0.4583333333333333,2026-08-15,2026-08-15,CVE-2025-8564,6.4,2026-06-17T10:07:14.500
CVE-2025-8360,0.002310000,0.142350000,0.4583333333333333,2026-08-15,2026-08-15,CVE-2025-8360,6.4,2026-06-17T10:06:49.277
CVE-2025-8359,0.004880000,0.398480000,0.8467592592592592,2026-08-15,2026-08-15,CVE-2025-8359,9.8,2026-06-17T10:06:49.173
CVE-2025-8149,0.002310000,0.142390000,0.4583333333333333,2026-08-15,2026-08-15,CVE-2025-8149,6.4,2026-06-17T10:06:23.900
CVE-2025-7368,0.002730000,0.197130000,0.5537037037037037,2026-08-15,2026-08-15,CVE-2025-7368,5.3,2026-06-17T10:04:47.943
CVE-2025-7366,0.003600000,0.291600000,0.7046296296296296,2026-08-15,2026-08-15,CVE-2025-7366,7.3,2026-06-17T10:04:47.747
CVE-2025-7045,0.003960000,0.327930000,0.7592592592592593,2026-08-15,2026-08-15,CVE-2025-7045,6.5,2026-06-17T10:04:09.253
CVE-2025-7040,0.002770000,0.201780000,0.5641203703703703,2026-08-15,2026-08-15,CVE-2025-7040,8.2,2026-06-17T10:04:08.933
CVE-2025-6757,0.002390000,0.152400000,0.48564814814814816,2026-08-15,2026-08-15,CVE-2025-6757,6.4,2026-06-17T10:02:30.990
CVE-2025-6067,0.002310000,0.142330000,0.4583333333333333,2026-08-15,2026-08-15,CVE-2025-6067,6.4,2026-06-17T10:01:05.210
CVE-2025-58446,0.005310000,0.423790000,0.8673611111111111,2026-08-15,2026-08-15,CVE-2025-58446,7.5,2026-06-17T09:44:28.353
CVE-2025-58445,0.004560000,0.378080000,0.8268518518518518,2026-08-15,2026-08-15,CVE-2025-58445,7.5,2026-06-17T09:44:28.237
CVE-2025-58443,0.186870000,0.970170000,0.9946759259259259,2026-08-15,2026-08-15,CVE-2025-58443,9.1,2026-06-17T09:44:28.007
CVE-2025-58439,0.003120000,0.240090000,0.6284722222222222,2026-08-15,2026-08-15,CVE-2025-58439,9.1,2026-06-17T09:44:27.653
CVE-2025-58438,0.015030000,0.721220000,0.9592592592592593,2026-08-15,2026-08-15,CVE-2025-58438,,2026-06-17T09:44:27.547
CVE-2025-58437,0.003740000,0.305280000,0.7243055555555555,2026-08-15,2026-08-15,CVE-2025-58437,8.1,2026-06-17T09:44:27.420
CVE-2025-58374,0.002130000,0.118980000,0.4060185185185185,2026-08-15,2026-08-15,CVE-2025-58374,7.8,2026-06-17T09:44:22.917
CVE-2025-58373,0.003100000,0.236700000,0.6261574074074074,2026-08-15,2026-08-15,CVE-2025-58373,6.5,2026-06-17T09:44:22.807
CVE-2025-58372,0.005310000,0.423810000,0.8673611111111111,2026-08-15,2026-08-15,CVE-2025-58372,9.8,2026-06-17T09:44:22.700
CVE-2025-58371,0.008040000,0.536780000,0.9273148148148148,2026-08-15,2026-08-15,CVE-2025-58371,9.8,2026-06-17T09:44:22.587
CVE-2025-58370,0.004370000,0.363920000,0.8023148148148148,2026-08-15,2026-08-15,CVE-2025-58370,8.1,2026-06-17T09:44:22.477
CVE-2025-58369,0.004270000,0.356180000,0.7969907407407407,2026-08-15,2026-08-15,CVE-2025-58369,5.3,2026-06-17T09:44:22.377
CVE-2025-58367,0.011320000,0.637030000,0.9476851851851852,2026-08-15,2026-08-15,CVE-2025-58367,,2026-06-17T09:44:22.270
CVE-2025-58366,0.003520000,0.282780000,0.6935185185185185,2026-08-15,2026-08-15,CVE-2025-58366,,2026-06-17T09:44:22.160
CVE-2025-57807,0.002940000,0.219240000,0.5967592592592592,2026-08-15,2026-08-15,CVE-2025-57807,9.8,2026-06-17T09:43:28.377
CVE-2025-53791,0.003910000,0.322400000,0.7537037037037037,2026-08-15,2026-08-15,CVE-2025-53791,4.7,2026-06-17T09:38:53.593
CVE-2025-48042,0.003140000,0.241260000,0.6314814814814815,2026-08-15,2026-08-15,CVE-2025-48042,,2026-07-24T15:17:06.920
CVE-2025-39734,0.001450000,0.043010000,0.15416666666666667,2026-08-15,2026-08-15,CVE-2025-39734,5.5,2026-06-17T09:18:22.347
CVE-2025-39733,0.001430000,0.040970000,0.14027777777777778,2026-08-15,2026-08-15,CVE-2025-39733,5.5,2026-06-17T09:18:22.250
CVE-2025-39732,0.001530000,0.049540000,0.21319444444444444,2026-08-15,2026-08-15,CVE-2025-39732,5.5,2026-07-30T06:23:43.323
CVE-2025-39731,0.001450000,0.043000000,0.15416666666666667,2026-08-15,2026-08-15,CVE-2025-39731,5.5,2026-06-17T09:18:22.020
CVE-2025-39730,0.001940000,0.094300000,0.34375,2026-08-15,2026-08-15,CVE-2025-39730,7.8,2026-06-17T09:18:21.890
CVE-2025-39729,0.001430000,0.040960000,0.14027777777777778,2026-08-15,2026-08-15,CVE-2025-39729,5.5,2026-07-24T15:16:57.537
CVE-2025-39727,0.001730000,0.070450000,0.2796296296296296,2026-08-15,2026-08-15,CVE-2025-39727,7.8,2026-06-17T09:18:21.517
CVE-2025-36100,0.001010000,0.010470000,0.03680555555555556,2026-08-15,2026-08-15,CVE-2025-36100,5.5,2026-06-17T09:14:28.790
CVE-2025-10079,0.004120000,0.343220000,0.7754629629629629,2026-08-15,2026-08-15,CVE-2025-10079,9.8,2026-06-17T08:27:38.643
CVE-2025-10078,0.004150000,0.346370000,0.7789351851851852,2026-08-15,2026-08-15,CVE-2025-10078,9.8,2026-06-17T08:27:38.510
CVE-2025-10077,0.004120000,0.343220000,0.7754629629629629,2026-08-15,2026-08-15,CVE-2025-10077,9.8,2026-06-17T08:27:38.380
CVE-2025-10076,0.004120000,0.343220000,0.7754629629629629,2026-08-15,2026-08-15,CVE-2025-10076,9.8,2026-06-17T08:27:38.247
CVE-2025-10075,0.002450000,0.159440000,0.5016203703703703,2026-08-15,2026-08-15,CVE-2025-10075,5.4,2026-06-17T08:27:38.117
CVE-2025-10074,0.002780000,0.203430000,0.5657407407407408,2026-08-15,2026-08-15,CVE-2025-10074,5.4,2026-06-17T08:27:37.980
CVE-2025-10073,0.003530000,0.284030000,0.6949074074074074,2026-08-15,2026-08-15,CVE-2025-10073,4.3,2026-06-17T08:27:37.847
CVE-2025-10072,0.003210000,0.249150000,0.6388888888888888,2026-08-15,2026-08-15,CVE-2025-10072,6.3,2026-06-17T08:27:37.710
CVE-2025-10071,0.003210000,0.249150000,0.6388888888888888,2026-08-15,2026-08-15,CVE-2025-10071,6.3,2026-06-17T08:27:37.580
CVE-2025-10070,0.003210000,0.249160000,0.6388888888888888,2026-08-15,2026-08-15,CVE-2025-10070,6.3,2026-06-17T08:27:37.443
CVE-2025-10068,0.004210000,0.350970000,0.787962962962963,2026-08-15,2026-08-15,CVE-2025-10068,9.8,2026-06-17T08:27:37.310
CVE-2025-10067,0.003950000,0.327150000,0.7574074074074074,2026-08-15,2026-08-15,CVE-2025-10067,6.1,2026-06-17T08:27:37.173
CVE-2025-10066,0.003950000,0.327150000,0.7574074074074074,2026-08-15,2026-08-15,CVE-2025-10066,6.1,2026-06-17T08:27:37.033
CVE-2025-10065,0.003950000,0.327140000,0.7574074074074074,2026-08-15,2026-08-15,CVE-2025-10065,6.1,2026-06-17T08:27:36.893
CVE-2025-10064,0.003950000,0.327140000,0.7574074074074074,2026-08-15,2026-08-15,CVE-2025-10064,6.1,2026-06-17T08:27:36.750
CVE-2025-10063,0.003950000,0.327150000,0.7574074074074074,2026-08-15,2026-08-15,CVE-2025-10063,6.1,2026-06-17T08:27:36.613
CVE-2025-10062,0.004170000,0.347700000,0.7819444444444444,2026-08-15,2026-08-15,CVE-2025-10062,9.8,2026-06-17T08:27:36.477
CVE-2025-10061,0.003100000,0.236640000,0.6261574074074074,2026-08-15,2026-08-15,CVE-2025-10061,6.5,2026-06-17T08:27:36.367
CVE-2025-10060,0.003270000,0.255530000,0.6506944444444445,2026-08-15,2026-08-15,CVE-2025-10060,7.5,2026-06-17T08:27:36.260
CVE-2025-10059,0.002720000,0.195960000,0.5525462962962963,2026-08-15,2026-08-15,CVE-2025-10059,6.5,2026-06-17T08:27:36.153
CVE-2025-10046,0.007140000,0.506300000,0.9136574074074074,2026-08-15,2026-08-15,CVE-2025-10046,4.9,2026-06-17T08:27:34.947
CVE-2025-10044,0.003120000,0.239160000,0.6284722222222222,2026-08-15,2026-08-15,CVE-2025-10044,4.3,2026-06-17T08:27:34.720
CVE-2025-10034,0.009430000,0.580490000,0.9398148148148148,2026-08-15,2026-08-15,CVE-2025-10034,9.8,2026-06-17T08:27:33.593
CVE-2025-10033,0.004350000,0.362790000,0.8009259259259259,2026-08-15,2026-08-15,CVE-2025-10033,9.8,2026-06-17T08:27:33.460
CVE-2025-10032,0.004190000,0.349660000,0.7868055555555555,2026-08-15,2026-08-15,CVE-2025-10032,6.1,2026-06-17T08:27:33.317
CVE-2025-10031,0.004780000,0.392290000,0.8405092592592592,2026-08-15,2026-08-15,CVE-2025-10031,9.8,2026-06-17T08:27:33.180
CVE-2025-10030,0.004780000,0.392270000,0.8405092592592592,2026-08-15,2026-08-15,CVE-2025-10030,9.8,2026-06-17T08:27:33.040
CVE-2025-10029,0.002870000,0.212410000,0.5828703703703704,2026-08-15,2026-08-15,CVE-2025-10029,6.1,2026-06-17T08:27:32.903
CVE-2025-10028,0.002870000,0.212410000,0.5828703703703704,2026-08-15,2026-08-15,CVE-2025-10028,6.1,2026-06-17T08:27:32.767
CVE-2025-10027,0.002870000,0.212420000,0.5828703703703704,2026-08-15,2026-08-15,CVE-2025-10027,6.1,2026-06-17T08:27:32.633
CVE-2025-10003,0.003340000,0.263040000,0.6622685185185185,2026-08-15,2026-08-15,CVE-2025-10003,6.5,2026-06-17T08:27:30.213
CVE-2025-0034,0.001260000,0.027280000,0.07453703703703704,2026-08-15,2026-08-15,CVE-2025-0034,4.7,2026-06-17T08:25:42.020
CVE-2025-0032,0.001520000,0.048970000,0.20902777777777778,2026-08-15,2026-08-15,CVE-2025-0032,7.2,2026-06-17T08:25:41.817
CVE-2025-0011,0.001810000,0.079600000,0.3025462962962963,2026-08-15,2026-08-15,CVE-2025-0011,3.3,2026-06-17T08:25:40.903
CVE-2025-0010,0.001210000,0.022980000,0.06666666666666667,2026-08-15,2026-08-15,CVE-2025-0010,6.1,2026-06-17T08:25:40.733
CVE-2025-0009,0.001270000,0.028040000,0.07546296296296297,2026-08-15,2026-08-15,CVE-2025-0009,5.5,2026-06-17T08:25:40.580
CVE-2024-36354,0.001630000,0.060170000,0.24837962962962962,2026-08-15,2026-08-15,CVE-2024-36354,7.5,2026-06-17T07:36:33.737
CVE-2024-36352,0.001310000,0.031080000,0.08796296296296297,2026-08-15,2026-08-15,CVE-2024-36352,8.4,2026-06-17T07:36:33.447
CVE-2024-36346,0.001340000,0.033220000,0.09722222222222222,2026-08-15,2026-08-15,CVE-2024-36346,6.0,2026-06-17T07:36:32.727
CVE-2024-36342,0.001690000,0.065760000,0.26805555555555555,2026-08-15,2026-08-15,CVE-2024-36342,8.8,2026-06-17T07:36:32.300
CVE-2024-36331,0.001530000,0.050130000,0.21319444444444444,2026-08-15,2026-08-15,CVE-2024-36331,3.2,2026-06-17T07:36:31.457
CVE-2024-36326,0.001310000,0.031110000,0.08796296296296297,2026-08-15,2026-08-15,CVE-2024-36326,8.4,2026-06-17T07:36:31.250
CVE-2024-21970,0.001350000,0.033820000,0.1037037037037037,2026-08-15,2026-08-15,CVE-2024-21970,4.4,2026-06-17T07:10:27.870
CVE-2024-21947,0.001360000,0.035340000,0.1136574074074074,2026-08-15,2026-08-15,CVE-2024-21947,7.5,2026-06-17T07:10:26.607
CVE-2023-31365,0.001150000,0.018000000,0.05324074074074074,2026-08-15,2026-08-15,CVE-2023-31365,3.9,2026-06-17T05:56:51.583
CVE-2023-31351,0.001250000,0.025970000,0.07268518518518519,2026-08-15,2026-08-15,CVE-2023-31351,5.3,2026-06-17T05:56:50.250
CVE-2023-31330,0.001280000,0.028430000,0.0824074074074074,2026-08-15,2026-08-15,CVE-2023-31330,2.5,2026-06-17T05:56:48.390
CVE-2023-31326,0.001400000,0.037880000,0.13217592592592592,2026-08-15,2026-08-15,CVE-2023-31326,2.8,2026-06-17T05:56:48.253
CVE-2023-31325,0.001430000,0.040640000,0.14027777777777778,2026-08-15,2026-08-15,CVE-2023-31325,7.2,2026-06-17T05:56:48.127
CVE-2023-31322,0.001370000,0.036040000,0.12268518518518519,2026-08-15,2026-08-15,CVE-2023-31322,8.7,2026-06-17T05:56:47.690
CVE-2023-31306,0.001230000,0.024530000,0.06967592592592593,2026-08-15,2026-08-15,CVE-2023-31306,3.3,2026-06-17T05:56:46.250
CVE-2023-20516,0.001820000,0.080110000,0.30416666666666664,2026-08-15,2026-08-15,CVE-2023-20516,3.3,2026-06-17T05:30:14.533
CVE-2021-46750,0.001500000,0.046780000,0.20069444444444445,2026-08-15,2026-08-15,CVE-2021-46750,3.0,2026-06-17T04:15:26.403
CVE-2021-26383,0.001660000,0.062780000,0.26064814814814813,2026-08-15,2026-08-15,CVE-2021-26383,7.9,2026-06-17T03:43:17.503
CVE-2021-26377,0.001500000,0.047090000,0.20069444444444445,2026-08-15,2026-08-15,CVE-2021-26377,4.1,2026-06-17T03:43:16.507
CVE-2025-9114,0.003970000,0.329100000,0.7613425925925926,2026-08-15,2026-08-15,CVE-2025-9114,9.8,2026-06-17T10:08:21.197
CVE-2025-9113,0.006150000,0.465820000,0.8918981481481482,2026-08-15,2026-08-15,CVE-2025-9113,9.8,2026-06-17T10:08:21.100
CVE-2025-9112,0.005760000,0.447520000,0.8800925925925925,2026-08-15,2026-08-15,CVE-2025-9112,8.8,2026-06-17T10:08:21.000
CVE-2025-8085,0.173710000,0.968510000,0.9944444444444445,2026-08-15,2026-08-15,CVE-2025-8085,8.6,2026-06-17T10:06:17.083
CVE-2025-7709,0.003450000,0.275450000,0.6787037037037037,2026-08-15,2026-08-15,CVE-2025-7709,,2026-06-17T10:05:30.437
CVE-2025-5993,0.006030000,0.460090000,0.8891203703703704,2026-08-15,2026-08-15,CVE-2025-5993,,2026-06-17T09:49:10.363
CVE-2025-59033,0.002380000,0.150670000,0.4840277777777778,2026-08-15,2026-08-15,CVE-2025-59033,7.4,2026-06-17T09:45:28.290
CVE-2025-58782,0.012910000,0.677850000,0.9546296296296296,2026-08-15,2026-08-15,CVE-2025-58782,6.5,2026-06-17T09:44:55.463
CVE-2025-58757,0.006450000,0.479330000,0.8986111111111111,2026-08-15,2026-08-15,CVE-2025-58757,8.8,2026-06-17T09:44:53.127
CVE-2025-58756,0.007400000,0.515510000,0.91875,2026-08-15,2026-08-15,CVE-2025-58756,8.8,2026-06-17T09:44:53.017
CVE-2025-58755,0.006140000,0.464900000,0.8916666666666667,2026-08-15,2026-08-15,CVE-2025-58755,8.8,2026-06-17T09:44:52.910
CVE-2025-58752,0.006080000,0.462180000,0.8902777777777777,2026-08-15,2026-08-15,CVE-2025-58752,5.3,2026-06-17T09:44:52.560
CVE-2025-58751,0.012240000,0.662130000,0.9525462962962963,2026-08-15,2026-08-15,CVE-2025-58751,5.3,2026-06-17T09:44:52.437
CVE-2025-58746,0.003050000,0.232040000,0.6143518518518518,2026-08-15,2026-08-15,CVE-2025-58746,9.0,2026-06-17T09:44:51.867
CVE-2025-58745,0.007550000,0.520780000,0.9199074074074074,2026-08-15,2026-08-15,CVE-2025-58745,8.8,2026-06-17T09:44:51.753
CVE-2025-58454,0.003600000,0.291800000,0.7046296296296296,2026-08-15,2026-08-15,CVE-2025-58454,8.2,2026-06-17T09:44:29.240
CVE-2025-58453,0.003600000,0.291800000,0.7046296296296296,2026-08-15,2026-08-15,CVE-2025-58453,8.2,2026-06-17T09:44:29.123
CVE-2025-58452,0.002280000,0.138910000,0.45046296296296295,2026-08-15,2026-08-15,CVE-2025-58452,6.1,2026-06-17T09:44:29.003
CVE-2025-58451,0.003340000,0.263940000,0.6622685185185185,2026-08-15,2026-08-15,CVE-2025-58451,,2026-06-17T09:44:28.897
CVE-2025-58450,0.003660000,0.296870000,0.7152777777777778,2026-08-15,2026-08-15,CVE-2025-58450,,2026-06-17T09:44:28.793
CVE-2025-58449,0.003070000,0.233610000,0.6194444444444445,2026-08-15,2026-08-15,CVE-2025-58449,,2026-06-17T09:44:28.687
CVE-2025-58444,0.006720000,0.490410000,0.9050925925925926,2026-08-15,2026-08-15,CVE-2025-58444,,2026-06-17T09:44:28.127
CVE-2025-58422,0.001150000,0.018370000,0.05324074074074074,2026-08-15,2026-08-15,CVE-2025-58422,3.1,2026-06-17T09:44:25.910
CVE-2025-58365,0.005710000,0.444990000,0.8787037037037037,2026-08-15,2026-08-15,CVE-2025-58365,,2026-06-17T09:44:22.050
CVE-2025-57817,0.004200000,0.350600000,0.7875,2026-08-15,2026-08-15,CVE-2025-57817,7.2,2026-06-17T09:43:29.553
CVE-2025-57816,0.004350000,0.362490000,0.8009259259259259,2026-08-15,2026-08-15,CVE-2025-57816,7.5,2026-06-17T09:43:29.437
CVE-2025-57815,0.002950000,0.220630000,0.5995370370370371,2026-08-15,2026-08-15,CVE-2025-57815,6.5,2026-06-17T09:43:29.310
CVE-2025-57766,0.002950000,0.221220000,0.5995370370370371,2026-08-15,2026-08-15,CVE-2025-57766,4.8,2026-06-17T09:43:23.647
CVE-2025-57285,0.021690000,0.807160000,0.9664351851851852,2026-08-15,2026-08-15,CVE-2025-57285,9.8,2026-06-17T09:42:59.690
CVE-2025-57141,0.007560000,0.521010000,0.9201388888888888,2026-08-15,2026-08-15,CVE-2025-57141,9.8,2026-06-17T09:42:53.083
CVE-2025-56630,0.002150000,0.122140000,0.4097222222222222,2026-08-15,2026-08-15,CVE-2025-56630,7.3,2026-06-17T09:42:42.337
CVE-2025-56267,0.007220000,0.509190000,0.9152777777777777,2026-08-15,2026-08-15,CVE-2025-56267,9.8,2026-06-17T09:42:29.517
CVE-2025-56266,0.028880000,0.856940000,0.9708333333333333,2026-08-15,2026-08-15,CVE-2025-56266,9.8,2026-06-17T09:42:29.363
CVE-2025-56265,0.005980000,0.457570000,0.8865740740740741,2026-08-15,2026-08-15,CVE-2025-56265,8.8,2026-06-17T09:42:29.220
CVE-2025-55998,0.003510000,0.282000000,0.687962962962963,2026-08-15,2026-08-15,CVE-2025-55998,8.1,2026-06-17T09:42:16.600
CVE-2025-55849,0.001970000,0.098200000,0.35648148148148145,2026-08-15,2026-08-15,CVE-2025-55849,8.4,2026-07-05T02:16:57.363
CVE-2025-54994,0.013370000,0.688020000,0.955787037037037,2026-08-15,2026-08-15,CVE-2025-54994,,2026-06-17T09:41:04.833
CVE-2025-53838,0.002670000,0.189210000,0.5458333333333333,2026-08-15,2026-08-15,CVE-2025-53838,5.4,2026-06-17T09:39:00.463
CVE-2025-52389,0.004220000,0.352720000,0.7932870370370371,2026-08-15,2026-08-15,CVE-2025-52389,8.8,2026-06-17T09:36:27.543
CVE-2025-52288,0.004800000,0.393350000,0.8428240740740741,2026-08-15,2026-08-15,CVE-2025-52288,7.5,2026-06-17T09:36:22.250
CVE-2025-52161,0.003930000,0.324770000,0.7550925925925925,2026-08-15,2026-08-15,CVE-2025-52161,9.8,2026-07-05T17:17:15.937
CVE-2025-51586,0.008160000,0.540660000,0.9287037037037037,2026-08-15,2026-08-15,CVE-2025-51586,3.7,2026-06-17T09:35:42.067
CVE-2025-43763,0.001960000,0.096290000,0.34652777777777777,2026-08-15,2026-08-15,CVE-2025-43763,6.5,2026-06-17T09:24:28.130
CVE-2025-43722,0.001340000,0.033570000,0.09722222222222222,2026-08-15,2026-08-15,CVE-2025-43722,6.7,2026-06-17T09:24:22.393
CVE-2025-42912,0.002310000,0.142300000,0.4583333333333333,2026-08-15,2026-08-15,CVE-2025-42912,6.5,2026-06-17T09:23:13.637
CVE-2025-42911,0.002140000,0.120590000,0.4081018518518518,2026-08-15,2026-08-15,CVE-2025-42911,4.3,2026-06-17T09:23:13.527
CVE-2025-41708,0.002270000,0.136820000,0.449537037037037,2026-08-15,2026-08-15,CVE-2025-41708,7.4,2026-06-17T09:23:00.820
CVE-2025-41682,0.002960000,0.221930000,0.600925925925926,2026-08-15,2026-08-15,CVE-2025-41682,8.8,2026-06-17T09:22:57.020
CVE-2025-41664,0.002330000,0.144680000,0.46828703703703706,2026-08-15,2026-08-15,CVE-2025-41664,7.5,2026-06-17T09:22:55.230
CVE-2025-40930,0.006750000,0.491830000,0.9053240740740741,2026-08-15,2026-08-15,CVE-2025-40930,7.5,2026-06-17T09:22:18.940
CVE-2025-40929,0.004350000,0.362040000,0.8009259259259259,2026-08-15,2026-08-15,CVE-2025-40929,5.6,2026-06-17T09:22:18.803
CVE-2025-40928,0.006410000,0.477340000,0.8979166666666667,2026-08-15,2026-08-15,CVE-2025-40928,7.5,2026-06-17T09:22:18.667
CVE-2025-40642,0.005150000,0.414420000,0.8606481481481482,2026-08-15,2026-08-15,CVE-2025-40642,,2026-06-17T09:21:52.727
CVE-2025-40641,0.003570000,0.288430000,0.700462962962963,2026-08-15,2026-08-15,CVE-2025-40641,,2026-06-17T09:21:52.617
CVE-2025-36855,0.007710000,0.526180000,0.9233796296296296,2026-08-15,2026-08-15,CVE-2025-36855,8.8,2026-06-17T09:14:55.923
CVE-2025-36854,0.006020000,0.459610000,0.8886574074074074,2026-08-15,2026-08-15,CVE-2025-36854,8.1,2026-06-17T09:14:55.773
CVE-2025-36853,0.005650000,0.441990000,0.8782407407407408,2026-08-15,2026-08-15,CVE-2025-36853,7.5,2026-06-17T09:14:55.633
CVE-2025-3212,0.003250000,0.254280000,0.6474537037037037,2026-08-15,2026-08-15,CVE-2025-3212,5.3,2026-06-17T09:19:26.413
CVE-2025-22956,0.003690000,0.300920000,0.7199074074074074,2026-08-15,2026-08-15,CVE-2025-22956,9.8,2026-06-17T08:51:11.167
CVE-2025-1761,0.003570000,0.288450000,0.700462962962963,2026-08-15,2026-08-15,CVE-2025-1761,7.5,2026-06-17T08:39:43.903
CVE-2025-10121,0.002480000,0.164140000,0.506712962962963,2026-08-15,2026-08-15,CVE-2025-10121,6.3,2026-06-17T08:27:44.127
CVE-2025-10120,0.008300000,0.545140000,0.9305555555555556,2026-08-15,2026-08-15,CVE-2025-10120,8.8,2026-06-17T08:27:43.987
CVE-2025-10118,0.005250000,0.420600000,0.8652777777777778,2026-08-15,2026-08-15,CVE-2025-10118,9.8,2026-06-17T08:27:43.853
CVE-2025-10117,0.003130000,0.241070000,0.6305555555555555,2026-08-15,2026-08-15,CVE-2025-10117,5.4,2026-06-17T08:27:43.720
CVE-2025-10116,0.004570000,0.378300000,0.8277777777777777,2026-08-15,2026-08-15,CVE-2025-10116,7.3,2026-06-17T08:27:43.577
CVE-2025-10115,0.003280000,0.256570000,0.6518518518518519,2026-08-15,2026-08-15,CVE-2025-10115,7.3,2026-06-17T08:27:43.453
CVE-2025-10114,0.004170000,0.347710000,0.7819444444444444,2026-08-15,2026-08-15,CVE-2025-10114,9.8,2026-06-17T08:27:43.320
CVE-2025-10113,0.004210000,0.351000000,0.787962962962963,2026-08-15,2026-08-15,CVE-2025-10113,9.8,2026-06-17T08:27:43.183
CVE-2025-10112,0.004210000,0.351010000,0.787962962962963,2026-08-15,2026-08-15,CVE-2025-10112,9.8,2026-06-17T08:27:43.050
CVE-2025-10111,0.004210000,0.350870000,0.787962962962963,2026-08-15,2026-08-15,CVE-2025-10111,9.8,2026-06-17T08:27:42.910
CVE-2025-10110,0.003320000,0.261110000,0.6606481481481481,2026-08-15,2026-08-15,CVE-2025-10110,8.8,2026-06-17T08:27:42.777
CVE-2025-10109,0.004210000,0.351030000,0.787962962962963,2026-08-15,2026-08-15,CVE-2025-10109,9.8,2026-06-17T08:27:42.640
CVE-2025-10108,0.004780000,0.392280000,0.8405092592592592,2026-08-15,2026-08-15,CVE-2025-10108,9.8,2026-06-17T08:27:42.503
CVE-2025-10106,0.003810000,0.312310000,0.7351851851851852,2026-08-15,2026-08-15,CVE-2025-10106,8.8,2026-06-17T08:27:42.243
CVE-2025-10105,0.003350000,0.264280000,0.6643518518518519,2026-08-15,2026-08-15,CVE-2025-10105,8.8,2026-06-17T08:27:42.107
CVE-2025-10104,0.004780000,0.392280000,0.8405092592592592,2026-08-15,2026-08-15,CVE-2025-10104,9.8,2026-06-17T08:27:41.970
CVE-2025-10103,0.004780000,0.392280000,0.8405092592592592,2026-08-15,2026-08-15,CVE-2025-10103,9.8,2026-06-17T08:27:41.830
CVE-2025-10102,0.004780000,0.392260000,0.8405092592592592,2026-08-15,2026-08-15,CVE-2025-10102,9.8,2026-06-17T08:27:41.697
CVE-2025-10100,0.004210000,0.350850000,0.787962962962963,2026-08-15,2026-08-15,CVE-2025-10100,9.8,2026-06-17T08:27:41.443
CVE-2025-10099,0.002950000,0.220810000,0.5995370370370371,2026-08-15,2026-08-15,CVE-2025-10099,4.8,2026-06-17T08:27:41.307
CVE-2025-10098,0.004430000,0.368720000,0.8164351851851852,2026-08-15,2026-08-15,CVE-2025-10098,8.8,2026-06-17T08:27:41.167
CVE-2025-10097,0.007630000,0.523270000,0.9226851851851852,2026-08-15,2026-08-15,CVE-2025-10097,9.8,2026-06-17T08:27:41.020
CVE-2025-10096,0.002780000,0.202920000,0.5657407407407408,2026-08-15,2026-08-15,CVE-2025-10096,6.5,2026-06-17T08:27:40.887
CVE-2025-10093,0.010130000,0.602740000,0.9425925925925925,2026-08-15,2026-08-15,CVE-2025-10093,7.5,2026-06-17T08:27:40.507
CVE-2025-10092,0.005490000,0.433490000,0.8722222222222222,2026-08-15,2026-08-15,CVE-2025-10092,9.8,2026-06-17T08:27:40.373
CVE-2025-10091,0.005490000,0.433490000,0.8722222222222222,2026-08-15,2026-08-15,CVE-2025-10091,9.8,2026-06-17T08:27:40.237
CVE-2025-10090,0.018050000,0.766770000,0.9638888888888889,2026-08-15,2026-08-15,CVE-2025-10090,9.8,2026-06-17T08:27:40.100
CVE-2025-10088,0.002780000,0.203420000,0.5657407407407408,2026-08-15,2026-08-15,CVE-2025-10088,5.4,2026-06-17T08:27:39.850
CVE-2025-10087,0.003960000,0.327920000,0.7592592592592593,2026-08-15,2026-08-15,CVE-2025-10087,7.2,2026-06-17T08:27:39.720
CVE-2025-10086,0.003210000,0.249150000,0.6388888888888888,2026-08-15,2026-08-15,CVE-2025-10086,6.3,2026-06-17T08:27:39.590
CVE-2025-10085,0.003560000,0.287770000,0.6993055555555555,2026-08-15,2026-08-15,CVE-2025-10085,8.8,2026-06-17T08:27:39.453
CVE-2025-10084,0.002860000,0.211200000,0.580324074074074,2026-08-15,2026-08-15,CVE-2025-10084,4.3,2026-06-17T08:27:39.323
CVE-2025-10083,0.004170000,0.348100000,0.7819444444444444,2026-08-15,2026-08-15,CVE-2025-10083,8.8,2026-06-17T08:27:39.180
CVE-2025-10082,0.004150000,0.346390000,0.7789351851851852,2026-08-15,2026-08-15,CVE-2025-10082,9.8,2026-06-17T08:27:39.043
CVE-2025-10081,0.004630000,0.382360000,0.8317129629629629,2026-08-15,2026-08-15,CVE-2025-10081,7.2,2026-06-17T08:27:38.907
CVE-2025-10080,0.002550000,0.172670000,0.5210648148148148,2026-08-15,2026-08-15,CVE-2025-10080,3.1,2026-06-17T08:27:38.780
CVE-2024-48341,0.001690000,0.066340000,0.26805555555555555,2026-08-15,2026-08-15,CVE-2024-48341,3.7,2026-06-17T07:58:25.933
CVE-2022-50238,0.002370000,0.149740000,0.4824074074074074,2026-08-15,2026-08-15,CVE-2022-50238,7.4,2026-06-17T05:23:02.850
CVE-2019-25225,0.002690000,0.191200000,0.5481481481481482,2026-08-15,2026-08-15,CVE-2019-25225,6.1,2026-06-17T02:31:47.607
CVE-2014-125128,0.002740000,0.198170000,0.55625,2026-08-15,2026-08-15,CVE-2014-125128,6.1,2026-06-17T00:04:31.050
CVE-2025-9994,0.005250000,0.420880000,0.8652777777777778,2026-08-15,2026-08-15,CVE-2025-9994,9.8,2026-06-17T10:10:13.290
CVE-2025-9951,0.003990000,0.331830000,0.7650462962962963,2026-08-15,2026-08-15,CVE-2025-9951,,2026-06-17T10:10:08.627
CVE-2025-9872,0.135180000,0.961160000,0.9925925925925926,2026-08-15,2026-08-15,CVE-2025-9872,8.8,2026-06-17T10:09:56.500
CVE-2025-9712,0.205310000,0.972930000,0.9958333333333333,2026-08-15,2026-08-15,CVE-2025-9712,8.8,2026-06-17T10:09:35.303
CVE-2025-9542,0.001920000,0.092150000,0.3375,2026-08-15,2026-08-15,CVE-2025-9542,5.4,2026-06-17T10:09:11.640
CVE-2025-9539,0.004460000,0.370800000,0.819675925925926,2026-08-15,2026-08-15,CVE-2025-9539,8.0,2026-06-17T10:09:11.273
CVE-2025-9489,0.002850000,0.210050000,0.5766203703703704,2026-08-15,2026-08-15,CVE-2025-9489,5.0,2026-06-17T10:09:05.857
CVE-2025-9364,0.002880000,0.213650000,0.5856481481481481,2026-08-15,2026-08-15,CVE-2025-9364,8.8,2026-06-17T10:08:49.403
CVE-2025-9166,0.004140000,0.345490000,0.7773148148148148,2026-08-15,2026-08-15,CVE-2025-9166,7.5,2026-06-17T10:08:27.310
CVE-2025-9161,0.005390000,0.428270000,0.8699074074074075,2026-08-15,2026-08-15,CVE-2025-9161,8.8,2026-06-17T10:08:26.690
CVE-2025-9160,0.001950000,0.095420000,0.3456018518518518,2026-08-15,2026-08-15,CVE-2025-9160,,2026-06-17T10:08:26.577
CVE-2025-9111,0.002580000,0.176860000,0.5273148148148148,2026-08-15,2026-08-15,CVE-2025-9111,3.5,2026-06-17T10:08:20.860
CVE-2025-9065,0.004620000,0.381770000,0.83125,2026-08-15,2026-08-15,CVE-2025-9065,8.8,2026-06-17T10:08:15.210
CVE-2025-9061,0.002350000,0.146920000,0.4740740740740741,2026-08-15,2026-08-15,CVE-2025-9061,6.4,2026-06-17T10:08:14.767
CVE-2025-9058,0.002350000,0.146930000,0.4740740740740741,2026-08-15,2026-08-15,CVE-2025-9058,6.4,2026-06-17T10:08:14.453
CVE-2025-8889,0.002840000,0.209860000,0.5752314814814815,2026-08-15,2026-08-15,CVE-2025-8889,3.8,2026-07-10T15:38:30.820
CVE-2025-8712,0.004410000,0.367360000,0.80625,2026-08-15,2026-08-15,CVE-2025-8712,5.4,2026-06-17T10:07:29.350
CVE-2025-8711,0.003280000,0.257150000,0.6518518518518519,2026-08-15,2026-08-15,CVE-2025-8711,5.4,2026-06-17T10:07:29.230
CVE-2025-8277,0.004020000,0.333730000,0.7673611111111112,2026-08-15,2026-08-15,CVE-2025-8277,3.1,2026-08-21T13:16:45.853
CVE-2025-8008,0.006770000,0.492650000,0.905787037037037,2026-08-15,2026-08-15,CVE-2025-8008,6.5,2026-06-17T10:06:08.043
CVE-2025-8007,0.002480000,0.164070000,0.506712962962963,2026-08-15,2026-08-15,CVE-2025-8007,6.5,2026-06-17T10:06:07.923
CVE-2025-7970,0.003660000,0.297310000,0.7152777777777778,2026-08-15,2026-08-15,CVE-2025-7970,7.5,2026-06-17T10:06:03.983
CVE-2025-7350,0.006270000,0.471410000,0.8944444444444445,2026-08-15,2026-08-15,CVE-2025-7350,,2026-06-17T10:04:46.233
CVE-2025-59019,0.002300000,0.140550000,0.4537037037037037,2026-08-15,2026-08-15,CVE-2025-59019,4.3,2026-06-17T09:45:26.753
CVE-2025-59018,0.002850000,0.210590000,0.5766203703703704,2026-08-15,2026-08-15,CVE-2025-59018,6.5,2026-06-17T09:45:26.633
CVE-2025-59017,0.002960000,0.221940000,0.600925925925926,2026-08-15,2026-08-15,CVE-2025-59017,8.8,2026-06-17T09:45:26.493
CVE-2025-59016,0.002300000,0.140550000,0.4537037037037037,2026-08-15,2026-08-15,CVE-2025-59016,4.3,2026-06-17T09:45:26.373
CVE-2025-59015,0.001870000,0.085620000,0.3159722222222222,2026-08-15,2026-08-15,CVE-2025-59015,6.5,2026-06-17T09:45:26.260
CVE-2025-59014,0.002900000,0.215070000,0.5893518518518519,2026-08-15,2026-08-15,CVE-2025-59014,2.7,2026-06-17T09:45:26.140
CVE-2025-59013,0.001840000,0.082870000,0.30949074074074073,2026-08-15,2026-08-15,CVE-2025-59013,6.1,2026-06-17T09:45:26.010
CVE-2025-55148,0.005520000,0.435430000,0.8743055555555556,2026-08-15,2026-08-15,CVE-2025-55148,7.6,2026-06-17T09:41:21.387
CVE-2025-55147,0.006060000,0.461300000,0.8898148148148148,2026-08-15,2026-08-15,CVE-2025-55147,8.8,2026-06-17T09:41:21.270
CVE-2025-55146,0.007980000,0.534520000,0.9261574074074074,2026-08-15,2026-08-15,CVE-2025-55146,4.9,2026-06-17T09:41:21.150
CVE-2025-55145,0.006330000,0.473780000,0.8962962962962963,2026-08-15,2026-08-15,CVE-2025-55145,8.9,2026-06-17T09:41:21.030
CVE-2025-55144,0.005510000,0.434670000,0.8740740740740741,2026-08-15,2026-08-15,CVE-2025-55144,5.4,2026-06-17T09:41:20.910
CVE-2025-55143,0.007100000,0.505030000,0.912962962962963,2026-08-15,2026-08-15,CVE-2025-55143,6.1,2026-06-17T09:41:20.787
CVE-2025-55142,0.009090000,0.569690000,0.9375,2026-08-15,2026-08-15,CVE-2025-55142,8.8,2026-06-17T09:41:20.670
CVE-2025-55141,0.009090000,0.569690000,0.9375,2026-08-15,2026-08-15,CVE-2025-55141,8.8,2026-06-17T09:41:20.547
CVE-2025-55139,0.009070000,0.568840000,0.9372685185185186,2026-08-15,2026-08-15,CVE-2025-55139,6.8,2026-06-17T09:41:20.427
CVE-2025-54236,0.945320000,0.998460000,0.999537037037037,2026-08-15,2026-08-15,CVE-2025-54236,9.1,2026-06-17T09:39:41.293
CVE-2025-53609,0.089600000,0.947980000,0.9898148148148148,2026-08-15,2026-08-15,CVE-2025-53609,4.9,2026-06-17T09:38:34.697
CVE-2025-52915,0.005400000,0.428940000,0.8701388888888889,2026-08-15,2026-08-15,CVE-2025-52915,7.2,2026-06-17T09:37:16.303
CVE-2025-52322,0.005380000,0.428050000,0.8694444444444445,2026-08-15,2026-08-15,CVE-2025-52322,7.5,2026-06-17T09:36:23.033
CVE-2025-52277,0.003940000,0.326750000,0.7557870370370371,2026-08-15,2026-08-15,CVE-2025-52277,6.1,2026-07-05T02:16:54.920
CVE-2025-48208,0.006320000,0.473250000,0.8958333333333334,2026-08-15,2026-08-15,CVE-2025-48208,8.8,2026-06-17T09:29:18.383
CVE-2025-47695,0.005010000,0.406000000,0.8548611111111111,2026-08-15,2026-08-15,CVE-2025-47695,7.5,2026-06-17T09:28:33.887
CVE-2025-47694,0.002280000,0.138730000,0.45046296296296295,2026-08-15,2026-08-15,CVE-2025-47694,7.1,2026-06-17T09:28:33.787
CVE-2025-47579,0.003250000,0.253980000,0.6474537037037037,2026-08-15,2026-08-15,CVE-2025-47579,8.1,2026-06-17T09:28:20.830
CVE-2025-47571,0.004610000,0.380770000,0.830787037037037,2026-08-15,2026-08-15,CVE-2025-47571,7.5,2026-06-17T09:28:20.027
CVE-2025-47570,0.002350000,0.147450000,0.4740740740740741,2026-08-15,2026-08-15,CVE-2025-47570,7.1,2026-06-17T09:28:19.930
CVE-2025-47569,0.006210000,0.468370000,0.892824074074074,2026-08-15,2026-08-15,CVE-2025-47569,9.3,2026-06-17T09:28:19.827
CVE-2025-47437,0.002520000,0.168500000,0.5162037037037037,2026-08-15,2026-08-15,CVE-2025-47437,6.4,2026-06-17T09:28:06.507
CVE-2025-47416,0.003700000,0.301260000,0.7210648148148148,2026-08-15,2026-08-15,CVE-2025-47416,,2026-06-17T09:28:05.190
CVE-2025-43778,0.002260000,0.135620000,0.4476851851851852,2026-08-15,2026-08-15,CVE-2025-43778,6.1,2026-06-17T09:24:29.960
CVE-2025-43777,0.002320000,0.143110000,0.4664351851851852,2026-08-15,2026-08-15,CVE-2025-43777,5.3,2026-06-17T09:24:29.843
CVE-2025-43776,0.002150000,0.121500000,0.4097222222222222,2026-08-15,2026-08-15,CVE-2025-43776,5.4,2026-06-17T09:24:29.700
CVE-2025-42958,0.006820000,0.494470000,0.9076388888888889,2026-08-15,2026-08-15,CVE-2025-42958,9.1,2026-06-17T09:23:17.973
CVE-2025-42944,0.028930000,0.857210000,0.9710648148148148,2026-08-15,2026-08-15,CVE-2025-42944,10.0,2026-06-17T09:23:16.600
CVE-2025-42938,0.002200000,0.128160000,0.425,2026-08-15,2026-08-15,CVE-2025-42938,6.1,2026-06-17T09:23:16.020
CVE-2025-42933,0.002750000,0.199810000,0.5571759259259259,2026-08-15,2026-08-15,CVE-2025-42933,8.8,2026-06-17T09:23:15.530
CVE-2025-42930,0.003170000,0.244970000,0.6342592592592593,2026-08-15,2026-08-15,CVE-2025-42930,6.5,2026-06-17T09:23:15.437
CVE-2025-42929,0.002320000,0.143110000,0.4664351851851852,2026-08-15,2026-08-15,CVE-2025-42929,8.1,2026-06-17T09:23:15.337
CVE-2025-42927,0.001360000,0.035070000,0.1136574074074074,2026-08-15,2026-08-15,CVE-2025-42927,3.4,2026-06-17T09:23:15.140
CVE-2025-42926,0.002990000,0.225350000,0.6050925925925926,2026-08-15,2026-08-15,CVE-2025-42926,5.3,2026-06-17T09:23:15.037
CVE-2025-42925,0.002340000,0.145150000,0.4710648148148148,2026-08-15,2026-08-15,CVE-2025-42925,4.3,2026-06-17T09:23:14.940
CVE-2025-42923,0.001370000,0.036050000,0.12268518518518519,2026-08-15,2026-08-15,CVE-2025-42923,4.3,2026-06-17T09:23:14.740
CVE-2025-42922,0.007000000,0.501480000,0.9113425925925925,2026-08-15,2026-08-15,CVE-2025-42922,9.9,2026-06-17T09:23:14.637
CVE-2025-42920,0.002600000,0.178630000,0.5342592592592592,2026-08-15,2026-08-15,CVE-2025-42920,6.1,2026-06-17T09:23:14.423
CVE-2025-42918,0.002140000,0.120580000,0.4081018518518518,2026-08-15,2026-08-15,CVE-2025-42918,4.3,2026-06-17T09:23:14.213
CVE-2025-42917,0.002310000,0.142290000,0.4583333333333333,2026-08-15,2026-08-15,CVE-2025-42917,6.5,2026-06-17T09:23:14.120
CVE-2025-42916,0.002670000,0.189200000,0.5458333333333333,2026-08-15,2026-08-15,CVE-2025-42916,8.1,2026-06-17T09:23:14.023
CVE-2025-42915,0.001820000,0.080510000,0.30416666666666664,2026-08-15,2026-08-15,CVE-2025-42915,5.4,2026-06-17T09:23:13.927
CVE-2025-42914,0.002020000,0.104280000,0.3678240740740741,2026-08-15,2026-08-15,CVE-2025-42914,3.1,2026-06-17T09:23:13.827
CVE-2025-42913,0.002020000,0.104280000,0.3678240740740741,2026-08-15,2026-08-15,CVE-2025-42913,3.1,2026-06-17T09:23:13.733
CVE-2025-41701,0.001660000,0.062760000,0.26064814814814813,2026-08-15,2026-08-15,CVE-2025-41701,7.8,2026-06-17T09:23:00.057
CVE-2025-40804,0.003990000,0.331140000,0.7650462962962963,2026-08-15,2026-08-15,CVE-2025-40804,9.1,2026-06-17T09:22:08.697
CVE-2025-40803,0.001750000,0.072620000,0.2881944444444444,2026-08-15,2026-08-15,CVE-2025-40803,3.1,2026-06-17T09:22:08.580
CVE-2025-40802,0.001760000,0.073780000,0.2898148148148148,2026-08-15,2026-08-15,CVE-2025-40802,4.3,2026-06-17T09:22:08.460
CVE-2025-40798,0.005150000,0.414750000,0.8606481481481482,2026-08-15,2026-08-15,CVE-2025-40798,7.5,2026-06-17T09:22:08.113
CVE-2025-40797,0.005150000,0.414750000,0.8606481481481482,2026-08-15,2026-08-15,CVE-2025-40797,7.5,2026-06-17T09:22:08.000
CVE-2025-40796,0.004790000,0.392700000,0.8425925925925926,2026-08-15,2026-08-15,CVE-2025-40796,7.5,2026-06-17T09:22:07.887
CVE-2025-40795,0.006960000,0.499780000,0.9101851851851852,2026-08-15,2026-08-15,CVE-2025-40795,9.8,2026-06-17T09:22:07.770
CVE-2025-40757,0.002660000,0.186170000,0.54375,2026-08-15,2026-08-15,CVE-2025-40757,5.3,2026-06-17T09:22:04.870
CVE-2025-40594,0.002090000,0.112810000,0.39143518518518516,2026-08-15,2026-08-15,CVE-2025-40594,9.8,2026-06-17T09:21:48.160
CVE-2025-39553,0.002510000,0.167350000,0.5148148148148148,2026-08-15,2026-08-15,CVE-2025-39553,4.3,2026-06-17T09:18:08.760
CVE-2025-39541,0.003160000,0.243280000,0.6337962962962963,2026-08-15,2026-08-15,CVE-2025-39541,6.5,2026-06-17T09:18:07.583
CVE-2025-39523,0.002630000,0.183070000,0.5400462962962963,2026-08-15,2026-08-15,CVE-2025-39523,4.7,2026-06-17T09:18:05.837
CVE-2025-33045,0.001590000,0.055900000,0.23287037037037037,2026-08-15,2026-08-15,CVE-2025-33045,6.7,2026-06-17T09:13:00.540
CVE-2025-32689,0.003300000,0.259180000,0.65625,2026-08-15,2026-08-15,CVE-2025-32689,7.5,2026-06-17T09:12:25.507
CVE-2025-32688,0.002130000,0.119360000,0.4060185185185185,2026-08-15,2026-08-15,CVE-2025-32688,5.4,2026-06-17T09:12:25.413
CVE-2025-32486,0.003420000,0.272210000,0.6733796296296296,2026-08-15,2026-08-15,CVE-2025-32486,9.8,2026-06-17T09:12:05.670
CVE-2025-30875,0.002250000,0.134330000,0.4444444444444444,2026-08-15,2026-08-15,CVE-2025-30875,5.9,2026-06-17T09:09:30.117
CVE-2025-24404,0.005210000,0.418210000,0.8629629629629629,2026-08-15,2026-08-15,CVE-2025-24404,8.8,2026-06-17T08:58:58.453
CVE-2025-10183,0.004290000,0.357790000,0.7979166666666667,2026-08-15,2026-08-15,CVE-2025-10183,9.1,2026-06-17T08:27:50.930
CVE-2025-10134,0.005610000,0.440200000,0.8768518518518519,2026-08-15,2026-08-15,CVE-2025-10134,9.1,2026-06-17T08:27:45.703
CVE-2025-10123,0.043980000,0.904850000,0.9798611111111111,2026-08-15,2026-08-15,CVE-2025-10123,9.8,2026-06-17T08:27:44.490
CVE-2025-10122,0.003260000,0.254440000,0.6497685185185185,2026-08-15,2026-08-15,CVE-2025-10122,7.2,2026-06-17T08:27:44.260
CVE-2025-10107,0.037650000,0.889790000,0.9763888888888889,2026-08-15,2026-08-15,CVE-2025-10107,4.7,2026-06-17T08:27:42.377
CVE-2025-10095,0.002330000,0.144880000,0.46828703703703706,2026-08-15,2026-08-15,CVE-2025-10095,,2026-06-17T08:27:40.767
CVE-2024-45325,0.004670000,0.384660000,0.8331018518518518,2026-08-15,2026-08-15,CVE-2024-45325,6.7,2026-06-17T07:54:01.933
CVE-2025-57061,0.004890000,0.399110000,0.8476851851851852,2026-08-15,2026-08-15,CVE-2025-57061,7.5,2026-06-17T09:42:49.440
CVE-2025-57059,0.004890000,0.399090000,0.8476851851851852,2026-08-15,2026-08-15,CVE-2025-57059,7.5,2026-06-17T09:42:49.113
CVE-2025-57058,0.004890000,0.399090000,0.8476851851851852,2026-08-15,2026-08-15,CVE-2025-57058,7.5,2026-06-17T09:42:48.957
CVE-2025-57057,0.004890000,0.399100000,0.8476851851851852,2026-08-15,2026-08-15,CVE-2025-57057,7.5,2026-06-17T09:42:48.800
CVE-2025-55317,0.004140000,0.345540000,0.7773148148148148,2026-08-15,2026-08-15,CVE-2025-55317,7.8,2026-06-17T09:41:38.937
CVE-2025-55316,0.003570000,0.288370000,0.700462962962963,2026-08-15,2026-08-15,CVE-2025-55316,7.8,2026-06-17T09:41:38.830
CVE-2025-55245,0.004140000,0.345540000,0.7773148148148148,2026-08-15,2026-08-15,CVE-2025-55245,7.8,2026-06-17T09:41:31.450
CVE-2025-55243,0.011180000,0.633330000,0.9472222222222222,2026-08-15,2026-08-15,CVE-2025-55243,7.5,2026-06-17T09:41:31.230
CVE-2025-55236,0.004220000,0.352180000,0.7932870370370371,2026-08-15,2026-08-15,CVE-2025-55236,7.8,2026-06-17T09:41:30.620
CVE-2025-55234,0.200920000,0.972190000,0.9956018518518519,2026-08-15,2026-08-15,CVE-2025-55234,9.8,2026-06-17T09:41:30.400
CVE-2025-55232,0.020610000,0.796980000,0.9659722222222222,2026-08-15,2026-08-15,CVE-2025-55232,9.8,2026-06-17T09:41:30.140
CVE-2025-55228,0.003200000,0.247800000,0.6375,2026-08-15,2026-08-15,CVE-2025-55228,7.8,2026-06-17T09:41:29.520
CVE-2025-55227,0.013390000,0.688450000,0.9560185185185185,2026-08-15,2026-08-15,CVE-2025-55227,8.8,2026-06-17T09:41:29.390
CVE-2025-55226,0.004770000,0.391600000,0.8395833333333333,2026-08-15,2026-08-15,CVE-2025-55226,6.7,2026-06-17T09:41:29.197
CVE-2025-55225,0.012150000,0.659610000,0.9520833333333333,2026-08-15,2026-08-15,CVE-2025-55225,6.5,2026-06-17T09:41:29.043
CVE-2025-55224,0.003200000,0.248230000,0.6375,2026-08-15,2026-08-15,CVE-2025-55224,7.8,2026-06-17T09:41:28.810
CVE-2025-55223,0.002920000,0.217130000,0.5928240740740741,2026-08-15,2026-08-15,CVE-2025-55223,7.0,2026-06-17T09:41:28.630
CVE-2025-54919,0.003830000,0.314960000,0.7377314814814815,2026-08-15,2026-08-15,CVE-2025-54919,7.5,2026-06-17T09:40:56.580
CVE-2025-54918,0.193540000,0.971130000,0.9951388888888889,2026-08-15,2026-08-15,CVE-2025-54918,8.8,2026-06-17T09:40:56.387
CVE-2025-54917,0.009030000,0.567490000,0.9361111111111111,2026-08-15,2026-08-15,CVE-2025-54917,4.3,2026-06-17T09:40:56.190
CVE-2025-54916,0.022910000,0.817530000,0.9680555555555556,2026-08-15,2026-08-15,CVE-2025-54916,7.8,2026-06-17T09:40:55.997
CVE-2025-54915,0.004820000,0.394540000,0.84375,2026-08-15,2026-08-15,CVE-2025-54915,6.7,2026-06-17T09:40:55.790
CVE-2025-54913,0.002920000,0.217130000,0.5928240740740741,2026-08-15,2026-08-15,CVE-2025-54913,7.8,2026-06-17T09:40:55.510
CVE-2025-54912,0.004880000,0.398670000,0.8467592592592592,2026-08-15,2026-08-15,CVE-2025-54912,7.8,2026-06-17T09:40:55.323
CVE-2025-54911,0.006420000,0.477790000,0.8981481481481481,2026-08-15,2026-08-15,CVE-2025-54911,7.3,2026-06-17T09:40:55.140
CVE-2025-54910,0.005540000,0.436390000,0.875,2026-08-15,2026-08-15,CVE-2025-54910,8.4,2026-06-17T09:40:55.013
CVE-2025-54908,0.005980000,0.457890000,0.8865740740740741,2026-08-15,2026-08-15,CVE-2025-54908,7.8,2026-06-17T09:40:54.900
CVE-2025-54907,0.005110000,0.412210000,0.8599537037037037,2026-08-15,2026-08-15,CVE-2025-54907,7.8,2026-06-17T09:40:54.787
CVE-2025-54906,0.007090000,0.504560000,0.9127314814814815,2026-08-15,2026-08-15,CVE-2025-54906,7.8,2026-06-17T09:40:54.657
CVE-2025-54905,0.006260000,0.470890000,0.8939814814814815,2026-08-15,2026-08-15,CVE-2025-54905,7.1,2026-06-17T09:40:54.527
CVE-2025-54904,0.005790000,0.448790000,0.8810185185185185,2026-08-15,2026-08-15,CVE-2025-54904,7.8,2026-06-17T09:40:54.403
CVE-2025-54903,0.005790000,0.448790000,0.8810185185185185,2026-08-15,2026-08-15,CVE-2025-54903,7.8,2026-06-17T09:40:54.280
CVE-2025-54902,0.005790000,0.448790000,0.8810185185185185,2026-08-15,2026-08-15,CVE-2025-54902,7.8,2026-06-17T09:40:54.150
CVE-2025-54901,0.006450000,0.479100000,0.8986111111111111,2026-08-15,2026-08-15,CVE-2025-54901,5.5,2026-06-17T09:40:54.027
CVE-2025-54900,0.005790000,0.448780000,0.8810185185185185,2026-08-15,2026-08-15,CVE-2025-54900,7.8,2026-06-17T09:40:53.900
CVE-2025-54899,0.005790000,0.448780000,0.8810185185185185,2026-08-15,2026-08-15,CVE-2025-54899,7.8,2026-06-17T09:40:53.777
CVE-2025-54898,0.005790000,0.448800000,0.8810185185185185,2026-08-15,2026-08-15,CVE-2025-54898,7.8,2026-06-17T09:40:53.650
CVE-2025-54897,0.192970000,0.971020000,0.9949074074074075,2026-08-15,2026-08-15,CVE-2025-54897,8.8,2026-06-17T09:40:53.533
CVE-2025-54896,0.005790000,0.448800000,0.8810185185185185,2026-08-15,2026-08-15,CVE-2025-54896,7.8,2026-06-17T09:40:53.407
CVE-2025-54895,0.002820000,0.207510000,0.5717592592592593,2026-08-15,2026-08-15,CVE-2025-54895,7.8,2026-06-17T09:40:53.223
CVE-2025-54894,0.004460000,0.371220000,0.819675925925926,2026-08-15,2026-08-15,CVE-2025-54894,7.8,2026-06-17T09:40:53.030
CVE-2025-54709,0.004420000,0.368090000,0.8159722222222222,2026-08-15,2026-08-15,CVE-2025-54709,8.1,2026-06-17T09:40:34.120
CVE-2025-54261,0.212580000,0.973830000,0.9962962962962963,2026-08-15,2026-08-15,CVE-2025-54261,10.0,2026-06-17T09:39:44.163
CVE-2025-54252,0.049480000,0.914210000,0.9814814814814815,2026-08-15,2026-08-15,CVE-2025-54252,5.4,2026-06-17T09:39:43.147
CVE-2025-54251,0.017240000,0.755630000,0.9629629629629629,2026-08-15,2026-08-15,CVE-2025-54251,4.3,2026-06-17T09:39:43.030
CVE-2025-54250,0.004330000,0.360590000,0.8,2026-08-15,2026-08-15,CVE-2025-54250,4.9,2026-06-17T09:39:42.920
CVE-2025-54249,0.019410000,0.783880000,0.9652777777777778,2026-08-15,2026-08-15,CVE-2025-54249,6.5,2026-06-17T09:39:42.807
CVE-2025-54248,0.054400000,0.920360000,0.982175925925926,2026-08-15,2026-08-15,CVE-2025-54248,7.7,2026-06-17T09:39:42.700
CVE-2025-54247,0.004730000,0.388380000,0.8372685185185185,2026-08-15,2026-08-15,CVE-2025-54247,6.5,2026-06-17T09:39:42.583
CVE-2025-54246,0.004060000,0.338830000,0.7703703703703704,2026-08-15,2026-08-15,CVE-2025-54246,6.5,2026-06-17T09:39:42.467
CVE-2025-54116,0.005240000,0.420490000,0.8641203703703704,2026-08-15,2026-08-15,CVE-2025-54116,7.3,2026-06-17T09:39:28.623
CVE-2025-54115,0.004140000,0.345260000,0.7773148148148148,2026-08-15,2026-08-15,CVE-2025-54115,7.0,2026-06-17T09:39:28.470
CVE-2025-54114,0.002820000,0.207520000,0.5717592592592593,2026-08-15,2026-08-15,CVE-2025-54114,7.0,2026-06-17T09:39:28.317
CVE-2025-54113,0.009040000,0.567770000,0.9363425925925926,2026-08-15,2026-08-15,CVE-2025-54113,8.8,2026-06-17T09:39:28.163
CVE-2025-54112,0.003750000,0.306630000,0.7263888888888889,2026-08-15,2026-08-15,CVE-2025-54112,7.0,2026-06-17T09:39:28.003
CVE-2025-54111,0.003750000,0.306630000,0.7263888888888889,2026-08-15,2026-08-15,CVE-2025-54111,7.8,2026-06-17T09:39:27.833
CVE-2025-54110,0.040590000,0.897810000,0.9773148148148149,2026-08-15,2026-08-15,CVE-2025-54110,8.8,2026-06-17T09:39:27.640
CVE-2025-54109,0.004670000,0.384550000,0.8331018518518518,2026-08-15,2026-08-15,CVE-2025-54109,6.7,2026-06-17T09:39:27.450
CVE-2025-54108,0.002820000,0.207520000,0.5717592592592593,2026-08-15,2026-08-15,CVE-2025-54108,7.0,2026-06-17T09:39:27.333
CVE-2025-54107,0.009160000,0.571870000,0.9386574074074074,2026-08-15,2026-08-15,CVE-2025-54107,4.3,2026-06-17T09:39:27.140
CVE-2025-54106,0.013940000,0.700470000,0.9569444444444445,2026-08-15,2026-08-15,CVE-2025-54106,8.8,2026-06-17T09:39:27.010
CVE-2025-54105,0.002820000,0.207520000,0.5717592592592593,2026-08-15,2026-08-15,CVE-2025-54105,7.0,2026-06-17T09:39:26.893
CVE-2025-54104,0.004940000,0.402270000,0.8518518518518519,2026-08-15,2026-08-15,CVE-2025-54104,6.7,2026-06-17T09:39:26.703
CVE-2025-54103,0.004100000,0.341430000,0.7738425925925926,2026-08-15,2026-08-15,CVE-2025-54103,7.4,2026-06-17T09:39:26.573
CVE-2025-54102,0.004460000,0.371230000,0.819675925925926,2026-08-15,2026-08-15,CVE-2025-54102,7.8,2026-06-17T09:39:26.420
CVE-2025-54101,0.024980000,0.833130000,0.969212962962963,2026-08-15,2026-08-15,CVE-2025-54101,4.8,2026-06-17T09:39:26.250
CVE-2025-54099,0.003750000,0.307150000,0.7263888888888889,2026-08-15,2026-08-15,CVE-2025-54099,7.0,2026-06-17T09:39:25.860
CVE-2025-54098,0.027710000,0.850710000,0.9699074074074074,2026-08-15,2026-08-15,CVE-2025-54098,7.8,2026-06-17T09:39:25.677
CVE-2025-54097,0.011570000,0.643510000,0.9493055555555555,2026-08-15,2026-08-15,CVE-2025-54097,6.5,2026-06-17T09:39:25.520
CVE-2025-54096,0.011570000,0.643500000,0.9493055555555555,2026-08-15,2026-08-15,CVE-2025-54096,6.5,2026-06-17T09:39:25.297
CVE-2025-54095,0.011570000,0.643490000,0.9493055555555555,2026-08-15,2026-08-15,CVE-2025-54095,6.5,2026-06-17T09:39:25.110
CVE-2025-54094,0.004670000,0.384560000,0.8331018518518518,2026-08-15,2026-08-15,CVE-2025-54094,6.7,2026-06-17T09:39:24.910
CVE-2025-54093,0.003740000,0.305760000,0.7243055555555555,2026-08-15,2026-08-15,CVE-2025-54093,7.0,2026-06-17T09:39:24.720
CVE-2025-54092,0.003360000,0.265980000,0.6664351851851852,2026-08-15,2026-08-15,CVE-2025-54092,7.8,2026-06-17T09:39:24.580
CVE-2025-54091,0.004470000,0.371640000,0.8210648148148149,2026-08-15,2026-08-15,CVE-2025-54091,7.8,2026-06-17T09:39:24.400
CVE-2025-53810,0.004670000,0.384560000,0.8331018518518518,2026-08-15,2026-08-15,CVE-2025-53810,6.7,2026-06-17T09:38:58.070
CVE-2025-53809,0.014650000,0.714230000,0.9587962962962963,2026-08-15,2026-08-15,CVE-2025-53809,6.5,2026-06-17T09:38:57.950
CVE-2025-53808,0.004670000,0.384560000,0.8331018518518518,2026-08-15,2026-08-15,CVE-2025-53808,6.7,2026-06-17T09:38:57.767
CVE-2025-53807,0.002820000,0.207510000,0.5717592592592593,2026-08-15,2026-08-15,CVE-2025-53807,7.0,2026-06-17T09:38:57.613
CVE-2025-53806,0.011570000,0.643510000,0.9493055555555555,2026-08-15,2026-08-15,CVE-2025-53806,6.5,2026-06-17T09:38:57.457
CVE-2025-53805,0.014410000,0.709490000,0.9581018518518518,2026-08-15,2026-08-15,CVE-2025-53805,7.5,2026-06-17T09:38:57.320
CVE-2025-53804,0.006500000,0.481580000,0.9013888888888889,2026-08-15,2026-08-15,CVE-2025-53804,5.5,2026-06-17T09:38:56.960
CVE-2025-53803,0.006500000,0.481590000,0.9013888888888889,2026-08-15,2026-08-15,CVE-2025-53803,5.5,2026-06-17T09:38:56.783
CVE-2025-53802,0.003750000,0.306630000,0.7263888888888889,2026-08-15,2026-08-15,CVE-2025-53802,7.0,2026-06-17T09:38:55.180
CVE-2025-53801,0.004460000,0.371220000,0.819675925925926,2026-08-15,2026-08-15,CVE-2025-53801,7.8,2026-06-17T09:38:54.993
CVE-2025-53800,0.004890000,0.399300000,0.8476851851851852,2026-08-15,2026-08-15,CVE-2025-53800,7.8,2026-06-17T09:38:54.830
CVE-2025-53799,0.007820000,0.529550000,0.9247685185185185,2026-08-15,2026-08-15,CVE-2025-53799,5.5,2026-06-17T09:38:54.633
CVE-2025-53798,0.011570000,0.643510000,0.9493055555555555,2026-08-15,2026-08-15,CVE-2025-53798,6.5,2026-06-17T09:38:54.383
CVE-2025-53797,0.011570000,0.643500000,0.9493055555555555,2026-08-15,2026-08-15,CVE-2025-53797,6.5,2026-06-17T09:38:54.210
CVE-2025-53796,0.011570000,0.643500000,0.9493055555555555,2026-08-15,2026-08-15,CVE-2025-53796,6.5,2026-06-17T09:38:54.043
CVE-2025-53348,0.002730000,0.196790000,0.5537037037037037,2026-08-15,2026-08-15,CVE-2025-53348,5.3,2026-06-17T09:38:04.550
CVE-2025-53340,0.002900000,0.215170000,0.5893518518518519,2026-08-15,2026-08-15,CVE-2025-53340,5.3,2026-06-17T09:38:03.740
CVE-2025-53303,0.003750000,0.306330000,0.7263888888888889,2026-08-15,2026-08-15,CVE-2025-53303,8.8,2026-06-17T09:37:59.930
CVE-2025-53291,0.002660000,0.188800000,0.54375,2026-08-15,2026-08-15,CVE-2025-53291,5.4,2026-06-17T09:37:58.700
CVE-2025-49860,0.002900000,0.215150000,0.5893518518518519,2026-08-15,2026-08-15,CVE-2025-49860,5.3,2026-06-17T09:32:02.173
CVE-2025-49734,0.003230000,0.251970000,0.6444444444444445,2026-08-15,2026-08-15,CVE-2025-49734,7.0,2026-06-17T09:31:51.207
CVE-2025-49692,0.003420000,0.272030000,0.6733796296296296,2026-08-15,2026-08-15,CVE-2025-49692,7.8,2026-06-17T09:31:44.370
CVE-2025-49430,0.002470000,0.162740000,0.5041666666666667,2026-08-15,2026-08-15,CVE-2025-49430,7.2,2026-06-17T09:31:17.907
CVE-2025-48101,0.003270000,0.256150000,0.6506944444444445,2026-08-15,2026-08-15,CVE-2025-48101,8.8,2026-06-17T09:29:09.463
CVE-2025-47997,0.008200000,0.541810000,0.9296296296296296,2026-08-15,2026-08-15,CVE-2025-47997,5.3,2026-06-17T09:28:58.773
CVE-2025-9269,0.003320000,0.261420000,0.6606481481481481,2026-08-15,2026-08-15,CVE-2025-9269,,2026-06-17T10:08:39.157
CVE-2025-7635,0.002930000,0.218910000,0.5944444444444444,2026-08-15,2026-08-15,CVE-2025-7635,7.7,2026-06-17T10:05:23.343
CVE-2025-59008,0.002800000,0.204740000,0.5689814814814815,2026-08-15,2026-08-15,CVE-2025-59008,7.6,2026-06-17T09:45:25.360
CVE-2025-59005,0.001880000,0.086930000,0.3199074074074074,2026-08-15,2026-08-15,CVE-2025-59005,4.3,2026-06-17T09:45:25.060
CVE-2025-58997,0.001650000,0.062190000,0.25300925925925927,2026-08-15,2026-08-15,CVE-2025-58997,9.6,2026-06-17T09:45:24.350
CVE-2025-58993,0.002800000,0.204740000,0.5689814814814815,2026-08-15,2026-08-15,CVE-2025-58993,7.6,2026-06-17T09:45:23.950
CVE-2025-58991,0.001130000,0.016320000,0.05138888888888889,2026-08-15,2026-08-15,CVE-2025-58991,7.1,2026-06-17T09:45:23.743
CVE-2025-58990,0.001690000,0.065650000,0.26805555555555555,2026-08-15,2026-08-15,CVE-2025-58990,5.4,2026-06-17T09:45:23.630
CVE-2025-58989,0.001650000,0.062060000,0.25300925925925927,2026-08-15,2026-08-15,CVE-2025-58989,6.5,2026-06-17T09:45:23.533
CVE-2025-58988,0.001650000,0.062090000,0.25300925925925927,2026-08-15,2026-08-15,CVE-2025-58988,6.5,2026-06-17T09:45:23.437
CVE-2025-58987,0.001650000,0.062060000,0.25300925925925927,2026-08-15,2026-08-15,CVE-2025-58987,6.5,2026-06-17T09:45:23.340
CVE-2025-58985,0.001650000,0.062090000,0.25300925925925927,2026-08-15,2026-08-15,CVE-2025-58985,6.5,2026-06-17T09:45:23.147
CVE-2025-58984,0.001770000,0.075080000,0.29189814814814813,2026-08-15,2026-08-15,CVE-2025-58984,5.9,2026-06-17T09:45:23.050
CVE-2025-58983,0.001770000,0.075080000,0.29189814814814813,2026-08-15,2026-08-15,CVE-2025-58983,5.9,2026-06-17T09:45:22.950
CVE-2025-58982,0.001770000,0.075070000,0.29189814814814813,2026-08-15,2026-08-15,CVE-2025-58982,5.9,2026-06-17T09:45:22.853
CVE-2025-58981,0.001700000,0.067310000,0.2712962962962963,2026-08-15,2026-08-15,CVE-2025-58981,5.4,2026-06-17T09:45:22.753
CVE-2025-58980,0.002310000,0.142570000,0.4583333333333333,2026-08-15,2026-08-15,CVE-2025-58980,5.3,2026-06-17T09:45:22.660
CVE-2025-58979,0.002180000,0.124730000,0.4201388888888889,2026-08-15,2026-08-15,CVE-2025-58979,5.3,2026-06-17T09:45:22.560
CVE-2025-58978,0.002430000,0.157290000,0.4949074074074074,2026-08-15,2026-08-15,CVE-2025-58978,5.3,2026-06-17T09:45:22.463
CVE-2025-58977,0.001480000,0.044920000,0.1840277777777778,2026-08-15,2026-08-15,CVE-2025-58977,4.9,2026-06-17T09:45:22.367
CVE-2025-58976,0.002000000,0.101540000,0.36319444444444443,2026-08-15,2026-08-15,CVE-2025-58976,4.3,2026-06-17T09:45:22.263
CVE-2025-58975,0.001240000,0.025610000,0.07060185185185185,2026-08-15,2026-08-15,CVE-2025-58975,4.3,2026-06-17T09:45:22.157
CVE-2025-58762,0.008200000,0.541940000,0.9296296296296296,2026-08-15,2026-08-15,CVE-2025-58762,7.2,2026-06-17T09:44:53.663
CVE-2025-58761,0.006780000,0.493110000,0.90625,2026-08-15,2026-08-15,CVE-2025-58761,7.5,2026-06-17T09:44:53.553
CVE-2025-58760,0.006400000,0.476900000,0.8972222222222223,2026-08-15,2026-08-15,CVE-2025-58760,7.5,2026-06-17T09:44:53.450
CVE-2025-58759,0.002060000,0.109750000,0.38449074074074074,2026-08-15,2026-08-15,CVE-2025-58759,6.5,2026-06-17T09:44:53.340
CVE-2025-58758,0.001860000,0.084550000,0.3145833333333333,2026-08-15,2026-08-15,CVE-2025-58758,7.3,2026-06-17T09:44:53.230
CVE-2025-58753,0.003690000,0.299830000,0.7199074074074074,2026-08-15,2026-08-15,CVE-2025-58753,7.5,2026-06-17T09:44:52.680
CVE-2025-58442,0.003110000,0.238460000,0.6273148148148148,2026-08-15,2026-08-15,CVE-2025-58442,5.3,2026-06-17T09:44:27.900
CVE-2025-58435,0.002640000,0.183760000,0.5414351851851852,2026-08-15,2026-08-15,CVE-2025-58435,,2026-06-17T09:44:27.203
CVE-2025-58430,0.001360000,0.035360000,0.1136574074074074,2026-08-15,2026-08-15,CVE-2025-58430,6.1,2026-06-17T09:44:26.740
CVE-2025-58215,0.004210000,0.351610000,0.787962962962963,2026-08-15,2026-08-15,CVE-2025-58215,8.1,2026-06-17T09:44:05.170
CVE-2025-58180,0.205990000,0.973010000,0.9960648148148148,2026-08-15,2026-08-15,CVE-2025-58180,8.8,2026-06-17T09:44:01.410
CVE-2025-58063,0.004080000,0.340200000,0.7717592592592593,2026-08-15,2026-08-15,CVE-2025-58063,7.1,2026-06-17T09:43:51.697
CVE-2025-57665,0.002310000,0.141840000,0.4583333333333333,2026-08-15,2026-08-15,CVE-2025-57665,6.4,2026-06-17T09:43:16.947
CVE-2025-57540,0.002860000,0.211030000,0.580324074074074,2026-08-15,2026-08-15,CVE-2025-57540,5.4,2026-06-17T09:43:11.210
CVE-2025-57539,0.002860000,0.211030000,0.580324074074074,2026-08-15,2026-08-15,CVE-2025-57539,5.4,2026-06-17T09:43:11.060
CVE-2025-57538,0.003310000,0.259730000,0.6583333333333333,2026-08-15,2026-08-15,CVE-2025-57538,5.4,2026-06-17T09:43:10.907
CVE-2025-57278,0.004310000,0.359340000,0.7988425925925926,2026-08-15,2026-08-15,CVE-2025-57278,8.8,2026-06-17T09:42:59.230
CVE-2025-57087,0.004890000,0.399100000,0.8476851851851852,2026-08-15,2026-08-15,CVE-2025-57087,7.5,2026-06-17T09:42:51.237
CVE-2025-57086,0.003970000,0.328850000,0.7613425925925926,2026-08-15,2026-08-15,CVE-2025-57086,7.5,2026-06-17T09:42:50.990
CVE-2025-57085,0.004690000,0.385610000,0.8358796296296296,2026-08-15,2026-08-15,CVE-2025-57085,9.8,2026-06-17T09:42:50.840
CVE-2025-57078,0.003970000,0.328870000,0.7613425925925926,2026-08-15,2026-08-15,CVE-2025-57078,7.5,2026-06-17T09:42:50.683
CVE-2025-57072,0.004890000,0.399110000,0.8476851851851852,2026-08-15,2026-08-15,CVE-2025-57072,7.5,2026-06-17T09:42:50.527
CVE-2025-57071,0.004890000,0.399100000,0.8476851851851852,2026-08-15,2026-08-15,CVE-2025-57071,7.5,2026-06-17T09:42:50.377
CVE-2025-57070,0.004890000,0.399080000,0.8476851851851852,2026-08-15,2026-08-15,CVE-2025-57070,7.5,2026-06-17T09:42:50.223
CVE-2025-57069,0.004890000,0.399080000,0.8476851851851852,2026-08-15,2026-08-15,CVE-2025-57069,7.5,2026-06-17T09:42:50.067
CVE-2025-57064,0.004890000,0.399110000,0.8476851851851852,2026-08-15,2026-08-15,CVE-2025-57064,7.5,2026-06-17T09:42:49.913
CVE-2025-57063,0.004890000,0.399100000,0.8476851851851852,2026-08-15,2026-08-15,CVE-2025-57063,7.5,2026-06-17T09:42:49.757
CVE-2025-57062,0.004890000,0.399090000,0.8476851851851852,2026-08-15,2026-08-15,CVE-2025-57062,7.5,2026-06-17T09:42:49.600
CVE-2025-57060,0.004890000,0.399120000,0.8476851851851852,2026-08-15,2026-08-15,CVE-2025-57060,7.5,2026-06-17T09:42:49.280
CVE-2025-55730,0.007340000,0.513560000,0.9164351851851852,2026-08-15,2026-08-15,CVE-2025-55730,10.0,2026-06-17T09:42:07.590
CVE-2025-55729,0.007340000,0.513560000,0.9164351851851852,2026-08-15,2026-08-15,CVE-2025-55729,10.0,2026-06-17T09:42:07.493
CVE-2025-55728,0.007930000,0.533120000,0.9254629629629629,2026-08-15,2026-08-15,CVE-2025-55728,9.8,2026-06-17T09:42:07.370
CVE-2025-55727,0.010480000,0.613420000,0.9435185185185185,2026-08-15,2026-08-15,CVE-2025-55727,9.8,2026-06-17T09:42:07.257
CVE-2025-55054,0.001940000,0.094390000,0.34375,2026-08-15,2026-08-15,CVE-2025-55054,6.1,2026-06-17T09:41:10.853
CVE-2025-55053,0.002400000,0.153860000,0.4898148148148148,2026-08-15,2026-08-15,CVE-2025-55053,6.5,2026-06-17T09:41:10.743
CVE-2025-55052,0.002790000,0.204130000,0.5682870370370371,2026-08-15,2026-08-15,CVE-2025-55052,4.3,2026-06-17T09:41:10.640
CVE-2025-55051,0.003420000,0.272200000,0.6733796296296296,2026-08-15,2026-08-15,CVE-2025-55051,10.0,2026-06-17T09:41:10.537
CVE-2025-55050,0.003420000,0.272210000,0.6733796296296296,2026-08-15,2026-08-15,CVE-2025-55050,9.8,2026-06-17T09:41:10.430
CVE-2025-55049,0.002960000,0.221830000,0.600925925925926,2026-08-15,2026-08-15,CVE-2025-55049,9.1,2026-06-17T09:41:10.327
CVE-2025-55048,0.005620000,0.440980000,0.8773148148148148,2026-08-15,2026-08-15,CVE-2025-55048,9.8,2026-06-17T09:41:10.220
CVE-2025-55047,0.001440000,0.042090000,0.15208333333333332,2026-08-15,2026-08-15,CVE-2025-55047,8.4,2026-06-17T09:41:10.120
CVE-2025-5500,0.001320000,0.032050000,0.09398148148148149,2026-08-15,2026-08-15,CVE-2025-5500,5.3,2026-06-17T09:48:02.543
CVE-2025-54257,0.003430000,0.273370000,0.6756944444444445,2026-08-15,2026-08-15,CVE-2025-54257,7.8,2026-06-17T09:39:43.710
CVE-2025-54256,0.001780000,0.075490000,0.2962962962962963,2026-08-15,2026-08-15,CVE-2025-54256,8.6,2026-06-17T09:39:43.600
CVE-2025-54255,0.002660000,0.188820000,0.54375,2026-08-15,2026-08-15,CVE-2025-54255,4.0,2026-06-17T09:39:43.480
CVE-2025-54242,0.002160000,0.122440000,0.4125,2026-08-15,2026-08-15,CVE-2025-54242,7.8,2026-06-17T09:39:42.017
CVE-2025-54084,0.007970000,0.534420000,0.9259259259259259,2026-08-15,2026-08-15,CVE-2025-54084,,2026-06-17T09:39:23.530
CVE-2025-54083,0.002050000,0.107690000,0.38310185185185186,2026-08-15,2026-08-15,CVE-2025-54083,,2026-06-17T09:39:23.420
CVE-2025-53914,0.001940000,0.094100000,0.34375,2026-08-15,2026-08-15,CVE-2025-53914,,2026-06-17T09:39:07.443
CVE-2025-53913,0.002080000,0.112450000,0.38958333333333334,2026-08-15,2026-08-15,CVE-2025-53913,,2026-06-17T09:39:07.330
CVE-2025-5005,0.004700000,0.386420000,0.8363425925925926,2026-08-15,2026-08-15,CVE-2025-5005,7.3,2026-06-17T09:47:00.850
CVE-2025-47415,0.004590000,0.379860000,0.8296296296296296,2026-08-15,2026-08-15,CVE-2025-47415,,2026-06-17T09:28:05.073
CVE-2025-44595,0.002370000,0.149340000,0.4824074074074074,2026-08-15,2026-08-15,CVE-2025-44595,6.1,2026-06-17T09:25:05.897
CVE-2025-44594,0.003730000,0.304470000,0.7238425925925925,2026-08-15,2026-08-15,CVE-2025-44594,9.1,2026-06-17T09:25:05.713
CVE-2025-44593,0.002570000,0.175040000,0.524537037037037,2026-08-15,2026-08-15,CVE-2025-44593,6.1,2026-06-17T09:25:05.527
CVE-2025-43786,0.003060000,0.232510000,0.6164351851851851,2026-08-15,2026-08-15,CVE-2025-43786,5.3,2026-06-17T09:24:30.933
CVE-2025-43781,0.002320000,0.143070000,0.4664351851851852,2026-08-15,2026-08-15,CVE-2025-43781,6.1,2026-06-17T09:24:30.250
CVE-2025-43775,0.002150000,0.121500000,0.4097222222222222,2026-08-15,2026-08-15,CVE-2025-43775,5.4,2026-06-17T09:24:29.583
CVE-2025-43491,0.002830000,0.208460000,0.5740740740740741,2026-08-15,2026-08-15,CVE-2025-43491,9.8,2026-06-17T09:24:07.533
CVE-2025-36125,0.002160000,0.123100000,0.4125,2026-08-15,2026-08-15,CVE-2025-36125,5.4,2026-06-17T09:14:30.903
CVE-2025-36011,0.001770000,0.075130000,0.29189814814814813,2026-08-15,2026-08-15,CVE-2025-36011,4.3,2026-06-17T09:14:22.603
CVE-2025-34178,0.036380000,0.885770000,0.9747685185185185,2026-08-15,2026-08-15,CVE-2025-34178,5.4,2026-07-14T23:17:22.193
CVE-2025-34177,0.008500000,0.550930000,0.9317129629629629,2026-08-15,2026-08-15,CVE-2025-34177,5.4,2026-07-14T23:17:22.067
CVE-2025-34176,0.148480000,0.963970000,0.9935185185185185,2026-08-15,2026-08-15,CVE-2025-34176,4.3,2026-07-14T23:17:21.943
CVE-2025-34175,0.157820000,0.965790000,0.9939814814814815,2026-08-15,2026-08-15,CVE-2025-34175,6.1,2026-07-14T23:17:21.797
CVE-2025-34174,0.104980000,0.953600000,0.9909722222222223,2026-08-15,2026-08-15,CVE-2025-34174,5.4,2026-06-17T09:13:35.423
CVE-2025-34173,0.008960000,0.565500000,0.9356481481481481,2026-08-15,2026-08-15,CVE-2025-34173,4.3,2026-07-14T23:17:21.643
CVE-2025-34172,0.010330000,0.608570000,0.9432870370370371,2026-08-15,2026-08-15,CVE-2025-34172,6.1,2026-07-14T23:17:21.500
CVE-2025-29089,0.004960000,0.403310000,0.8537037037037037,2026-08-15,2026-08-15,CVE-2025-29089,7.5,2026-06-17T09:05:07.683
CVE-2025-23344,0.004570000,0.378410000,0.8277777777777777,2026-08-15,2026-08-15,CVE-2025-23344,9.8,2026-06-17T08:53:40.563
CVE-2025-23343,0.007360000,0.514290000,0.9171296296296296,2026-08-15,2026-08-15,CVE-2025-23343,9.8,2026-06-17T08:53:40.080
CVE-2025-23342,0.003190000,0.246580000,0.6368055555555555,2026-08-15,2026-08-15,CVE-2025-23342,9.8,2026-06-17T08:53:39.593
CVE-2025-10199,0.001840000,0.082540000,0.30949074074074073,2026-08-15,2026-08-15,CVE-2025-10199,7.8,2026-06-17T08:27:53.390
CVE-2025-10198,0.002180000,0.125740000,0.4201388888888889,2026-08-15,2026-08-15,CVE-2025-10198,7.8,2026-06-17T08:27:53.243
CVE-2025-10170,0.010790000,0.622420000,0.944675925925926,2026-08-15,2026-08-15,CVE-2025-10170,8.8,2026-06-17T08:27:48.920
CVE-2025-10169,0.065160000,0.931780000,0.9844907407407407,2026-08-15,2026-08-15,CVE-2025-10169,8.8,2026-06-17T08:27:48.787
CVE-2025-10164,0.004040000,0.336860000,0.7694444444444445,2026-08-15,2026-08-15,CVE-2025-10164,7.3,2026-06-17T08:27:48.273
CVE-2025-10159,0.008820000,0.561310000,0.9344907407407408,2026-08-15,2026-08-15,CVE-2025-10159,9.8,2026-06-17T08:27:47.837
CVE-2025-9997,0.004900000,0.399700000,0.8513888888888889,2026-08-15,2026-08-15,CVE-2025-9997,,2026-06-17T10:10:13.547
CVE-2025-9996,0.005240000,0.420060000,0.8641203703703704,2026-08-15,2026-08-15,CVE-2025-9996,,2026-06-17T10:10:13.440
CVE-2025-9979,0.002470000,0.162420000,0.5041666666666667,2026-08-15,2026-08-15,CVE-2025-9979,4.3,2026-06-17T10:10:11.713
CVE-2025-9943,0.003940000,0.326800000,0.7557870370370371,2026-08-15,2026-08-15,CVE-2025-9943,9.1,2026-06-17T10:10:07.757
CVE-2025-9888,0.001670000,0.063960000,0.26296296296296295,2026-08-15,2026-08-15,CVE-2025-9888,4.3,2026-06-17T10:09:58.010
CVE-2025-9857,0.002310000,0.142350000,0.4583333333333333,2026-08-15,2026-08-15,CVE-2025-9857,6.4,2026-06-17T10:09:54.843
CVE-2025-9622,0.001690000,0.065620000,0.26805555555555555,2026-08-15,2026-08-15,CVE-2025-9622,4.3,2026-06-17T10:09:23.930
CVE-2025-9463,0.003080000,0.234210000,0.6201388888888889,2026-08-15,2026-08-15,CVE-2025-9463,6.5,2026-06-17T10:09:02.667
CVE-2025-9367,0.002480000,0.163490000,0.506712962962963,2026-08-15,2026-08-15,CVE-2025-9367,5.5,2026-06-17T10:08:49.647
CVE-2025-8778,0.002420000,0.156790000,0.4928240740740741,2026-08-15,2026-08-15,CVE-2025-8778,4.3,2026-06-17T10:07:36.577
CVE-2025-8388,0.002310000,0.142340000,0.4583333333333333,2026-08-15,2026-08-15,CVE-2025-8388,6.4,2026-06-17T10:06:52.590
CVE-2025-7843,0.001920000,0.092140000,0.3375,2026-08-15,2026-08-15,CVE-2025-7843,6.4,2026-06-17T10:05:46.483
CVE-2025-7826,0.002770000,0.201440000,0.5641203703703703,2026-08-15,2026-08-15,CVE-2025-7826,6.5,2026-06-17T10:05:44.410
CVE-2025-7746,0.004280000,0.356840000,0.7974537037037037,2026-08-15,2026-08-15,CVE-2025-7746,,2026-06-17T10:05:34.450
CVE-2025-7718,0.003210000,0.249660000,0.6388888888888888,2026-08-15,2026-08-15,CVE-2025-7718,8.8,2026-06-17T10:05:31.480
CVE-2025-7049,0.003040000,0.230680000,0.6125,2026-08-15,2026-08-15,CVE-2025-7049,8.8,2026-06-17T10:04:09.730
CVE-2025-6189,0.002980000,0.223820000,0.6037037037037037,2026-08-15,2026-08-15,CVE-2025-6189,6.5,2026-06-17T10:01:21.110
CVE-2025-59046,0.011460000,0.640340000,0.9483796296296296,2026-08-15,2026-08-15,CVE-2025-59046,9.8,2026-06-17T09:45:29.807
CVE-2025-59044,0.001420000,0.039890000,0.13842592592592592,2026-08-15,2026-08-15,CVE-2025-59044,4.4,2026-06-17T09:45:29.590
CVE-2025-59042,0.001220000,0.023230000,0.06805555555555555,2026-08-15,2026-08-15,CVE-2025-59042,,2026-06-17T09:45:29.347
CVE-2025-59039,0.003340000,0.263940000,0.6622685185185185,2026-08-15,2026-08-15,CVE-2025-59039,,2026-06-17T09:45:29.000
CVE-2025-59038,0.003480000,0.278490000,0.6828703703703703,2026-08-15,2026-08-15,CVE-2025-59038,,2026-06-17T09:45:28.893
CVE-2025-59037,0.003690000,0.300030000,0.7199074074074074,2026-08-15,2026-08-15,CVE-2025-59037,,2026-06-17T09:45:28.787
CVE-2025-59036,0.001880000,0.087420000,0.3199074074074074,2026-08-15,2026-08-15,CVE-2025-59036,5.5,2026-06-17T09:45:28.683
CVE-2025-58768,0.005990000,0.458140000,0.8872685185185185,2026-08-15,2026-08-15,CVE-2025-58768,9.6,2026-06-17T09:44:54.320
CVE-2025-58765,0.002540000,0.171120000,0.51875,2026-08-15,2026-08-15,CVE-2025-58765,7.1,2026-06-17T09:44:53.997
CVE-2025-58764,0.005490000,0.433660000,0.8722222222222222,2026-08-15,2026-08-15,CVE-2025-58764,9.8,2026-06-17T09:44:53.880
CVE-2025-58763,0.016750000,0.748380000,0.962037037037037,2026-08-15,2026-08-15,CVE-2025-58763,7.2,2026-06-17T09:44:53.773
CVE-2025-58750,0.003000000,0.225790000,0.606712962962963,2026-08-15,2026-08-15,CVE-2025-58750,9.1,2026-06-17T09:44:52.320
CVE-2025-58462,0.006600000,0.485800000,0.9034722222222222,2026-08-15,2026-08-15,CVE-2025-58462,9.8,2026-06-17T09:44:30.167
CVE-2025-58448,0.003580000,0.289640000,0.7018518518518518,2026-08-15,2026-08-15,CVE-2025-58448,9.8,2026-06-17T09:44:28.577
CVE-2025-58447,0.008780000,0.560320000,0.9337962962962963,2026-08-15,2026-08-15,CVE-2025-58447,9.8,2026-06-17T09:44:28.467
CVE-2025-58135,0.002560000,0.174220000,0.5229166666666667,2026-08-15,2026-08-15,CVE-2025-58135,6.5,2026-06-17T09:43:57.757
CVE-2025-58134,0.002040000,0.106260000,0.3747685185185185,2026-08-15,2026-08-15,CVE-2025-58134,4.3,2026-06-17T09:43:57.650
CVE-2025-58131,0.001080000,0.013710000,0.04259259259259259,2026-08-15,2026-08-15,CVE-2025-58131,6.6,2026-06-17T09:43:57.327
CVE-2025-57633,0.014310000,0.707520000,0.9578703703703704,2026-08-15,2026-08-15,CVE-2025-57633,9.8,2026-06-17T09:43:15.870
CVE-2025-57573,0.002200000,0.127710000,0.425,2026-08-15,2026-08-15,CVE-2025-57573,5.6,2026-07-05T02:17:06.243
CVE-2025-57572,0.002200000,0.127710000,0.425,2026-08-15,2026-08-15,CVE-2025-57572,5.6,2026-07-05T02:17:06.087
CVE-2025-57571,0.002030000,0.105900000,0.3712962962962963,2026-08-15,2026-08-15,CVE-2025-57571,5.6,2026-07-05T02:17:05.940
CVE-2025-57570,0.002030000,0.105900000,0.3712962962962963,2026-08-15,2026-08-15,CVE-2025-57570,5.6,2026-07-05T02:17:05.777
CVE-2025-57569,0.002030000,0.105890000,0.3712962962962963,2026-08-15,2026-08-15,CVE-2025-57569,5.6,2026-07-05T02:17:05.620
CVE-2025-56578,0.003290000,0.258300000,0.6543981481481481,2026-08-15,2026-08-15,CVE-2025-56578,5.7,2026-06-17T09:42:41.420
CVE-2025-56466,0.002960000,0.221830000,0.600925925925926,2026-08-15,2026-08-15,CVE-2025-56466,7.5,2026-06-17T09:42:37.680
CVE-2025-56413,0.011990000,0.655210000,0.9516203703703704,2026-08-15,2026-08-15,CVE-2025-56413,8.8,2026-06-17T09:42:34.657
CVE-2025-56407,0.003090000,0.235650000,0.6247685185185186,2026-08-15,2026-08-15,CVE-2025-56407,8.8,2026-06-17T09:42:34.507
CVE-2025-56406,0.004760000,0.390710000,0.8388888888888889,2026-08-15,2026-08-15,CVE-2025-56406,7.5,2026-06-17T09:42:34.360
CVE-2025-56405,0.003220000,0.249990000,0.6412037037037037,2026-08-15,2026-08-15,CVE-2025-56405,7.5,2026-06-17T09:42:34.207
CVE-2025-56404,0.003400000,0.269700000,0.6706018518518518,2026-08-15,2026-08-15,CVE-2025-56404,7.5,2026-06-17T09:42:34.057
CVE-2025-54260,0.002110000,0.116180000,0.40069444444444446,2026-08-15,2026-08-15,CVE-2025-54260,7.8,2026-06-17T09:39:44.050
CVE-2025-54259,0.002110000,0.116180000,0.40069444444444446,2026-08-15,2026-08-15,CVE-2025-54259,7.8,2026-06-17T09:39:43.940
CVE-2025-54258,0.002200000,0.128060000,0.425,2026-08-15,2026-08-15,CVE-2025-54258,7.8,2026-06-17T09:39:43.833
CVE-2025-54245,0.002070000,0.110570000,0.3861111111111111,2026-08-15,2026-08-15,CVE-2025-54245,7.8,2026-06-17T09:39:42.353
CVE-2025-54244,0.002600000,0.179480000,0.5342592592592592,2026-08-15,2026-08-15,CVE-2025-54244,7.8,2026-06-17T09:39:42.240
CVE-2025-54243,0.002070000,0.110580000,0.3861111111111111,2026-08-15,2026-08-15,CVE-2025-54243,7.8,2026-06-17T09:39:42.127
CVE-2025-54241,0.002170000,0.124660000,0.4152777777777778,2026-08-15,2026-08-15,CVE-2025-54241,5.5,2026-06-17T09:39:41.900
CVE-2025-54240,0.002170000,0.124660000,0.4152777777777778,2026-08-15,2026-08-15,CVE-2025-54240,5.5,2026-06-17T09:39:41.793
CVE-2025-54239,0.002170000,0.124660000,0.4152777777777778,2026-08-15,2026-08-15,CVE-2025-54239,5.5,2026-06-17T09:39:41.677
CVE-2025-49461,0.003080000,0.234180000,0.6201388888888889,2026-08-15,2026-08-15,CVE-2025-49461,7.4,2026-06-17T09:31:20.970
CVE-2025-49460,0.002720000,0.196190000,0.5525462962962963,2026-08-15,2026-08-15,CVE-2025-49460,7.5,2026-06-17T09:31:20.860
CVE-2025-49459,0.001470000,0.044770000,0.18055555555555555,2026-08-15,2026-08-15,CVE-2025-49459,7.8,2026-06-17T09:31:20.760
CVE-2025-49458,0.003110000,0.237960000,0.6273148148148148,2026-08-15,2026-08-15,CVE-2025-49458,6.5,2026-06-17T09:31:20.647
CVE-2025-43938,0.001120000,0.015800000,0.05,2026-08-15,2026-08-15,CVE-2025-43938,4.4,2026-06-17T09:24:46.913
CVE-2025-43888,0.001420000,0.040380000,0.13842592592592592,2026-08-15,2026-08-15,CVE-2025-43888,7.8,2026-06-17T09:24:42.110
CVE-2025-43887,0.001010000,0.010530000,0.03680555555555556,2026-08-15,2026-08-15,CVE-2025-43887,7.8,2026-06-17T09:24:42.003
CVE-2025-43886,0.001580000,0.055030000,0.23171296296296295,2026-08-15,2026-08-15,CVE-2025-43886,4.4,2026-06-17T09:24:41.897
CVE-2025-43885,0.005260000,0.421330000,0.8662037037037037,2026-08-15,2026-08-15,CVE-2025-43885,7.8,2026-06-17T09:24:41.793
CVE-2025-43884,0.004620000,0.381510000,0.83125,2026-08-15,2026-08-15,CVE-2025-43884,6.7,2026-06-17T09:24:41.683
CVE-2025-43725,0.001290000,0.029770000,0.08541666666666667,2026-08-15,2026-08-15,CVE-2025-43725,7.8,2026-06-17T09:24:22.710
CVE-2025-41714,0.006690000,0.489310000,0.9046296296296297,2026-08-15,2026-08-15,CVE-2025-41714,8.8,2026-06-17T09:23:01.510
CVE-2025-40979,0.001390000,0.037340000,0.1287037037037037,2026-08-15,2026-08-15,CVE-2025-40979,,2026-06-17T09:22:23.213
CVE-2025-40725,0.003280000,0.257290000,0.6518518518518519,2026-08-15,2026-08-15,CVE-2025-40725,,2026-06-17T09:22:01.817
CVE-2025-36759,0.003340000,0.263950000,0.6622685185185185,2026-08-15,2026-08-15,CVE-2025-36759,,2026-06-17T09:14:55.100
CVE-2025-36758,0.003910000,0.323030000,0.7537037037037037,2026-08-15,2026-08-15,CVE-2025-36758,,2026-06-17T09:14:54.997
CVE-2025-36757,0.003360000,0.266010000,0.6664351851851852,2026-08-15,2026-08-15,CVE-2025-36757,,2026-06-17T09:14:54.890
CVE-2025-36756,0.002740000,0.198210000,0.55625,2026-08-15,2026-08-15,CVE-2025-36756,,2026-06-17T09:14:54.787
CVE-2025-29592,0.004750000,0.390270000,0.8381944444444445,2026-08-15,2026-08-15,CVE-2025-29592,5.6,2026-06-17T09:05:32.100
CVE-2025-20340,0.006100000,0.463300000,0.8909722222222223,2026-08-15,2026-08-15,CVE-2025-20340,7.4,2026-06-17T08:41:30.040
CVE-2025-20248,0.001030000,0.011130000,0.038657407407407404,2026-08-15,2026-08-15,CVE-2025-20248,6.0,2026-06-17T08:41:11.317
CVE-2025-20159,0.003150000,0.242900000,0.6324074074074074,2026-08-15,2026-08-15,CVE-2025-20159,5.3,2026-06-17T08:40:49.123
CVE-2025-10231,0.001270000,0.027530000,0.07546296296296297,2026-08-15,2026-08-15,CVE-2025-10231,7.8,2026-06-17T08:27:56.913
CVE-2025-10227,0.000760000,0.001200000,0.0023148148148148147,2026-08-15,2026-08-15,CVE-2025-10227,4.6,2026-06-17T08:27:56.443
CVE-2025-10226,0.006070000,0.461540000,0.8900462962962963,2026-08-15,2026-08-15,CVE-2025-10226,9.8,2026-06-17T08:27:56.317
CVE-2025-10225,0.003990000,0.331610000,0.7650462962962963,2026-08-15,2026-08-15,CVE-2025-10225,7.5,2026-06-17T08:27:56.200
CVE-2025-10224,0.003230000,0.251980000,0.6444444444444445,2026-08-15,2026-08-15,CVE-2025-10224,7.1,2026-06-17T08:27:56.077
CVE-2025-10223,0.002510000,0.168080000,0.5148148148148148,2026-08-15,2026-08-15,CVE-2025-10223,8.1,2026-06-17T08:27:55.953
CVE-2025-10222,0.001210000,0.022540000,0.06666666666666667,2026-08-15,2026-08-15,CVE-2025-10222,3.3,2026-06-17T08:27:55.830
CVE-2025-10221,0.001290000,0.030080000,0.08541666666666667,2026-08-15,2026-08-15,CVE-2025-10221,5.5,2026-06-17T08:27:55.707
CVE-2025-10220,0.007350000,0.514060000,0.9168981481481482,2026-08-15,2026-08-15,CVE-2025-10220,9.8,2026-06-17T08:27:55.587
CVE-2025-10215,0.001690000,0.065680000,0.26805555555555555,2026-08-15,2026-08-15,CVE-2025-10215,7.8,2026-06-17T08:27:55.093
CVE-2025-10214,0.001690000,0.065690000,0.26805555555555555,2026-08-15,2026-08-15,CVE-2025-10214,7.8,2026-06-17T08:27:54.983
CVE-2025-10213,0.001690000,0.065690000,0.26805555555555555,2026-08-15,2026-08-15,CVE-2025-10213,7.8,2026-06-17T08:27:54.867
CVE-2025-10197,0.002480000,0.164140000,0.506712962962963,2026-08-15,2026-08-15,CVE-2025-10197,6.3,2026-06-17T08:27:53.123
CVE-2025-10195,0.001320000,0.032060000,0.09398148148148149,2026-08-15,2026-08-15,CVE-2025-10195,5.3,2026-06-17T08:27:52.903
CVE-2025-10172,0.010790000,0.622420000,0.944675925925926,2026-08-15,2026-08-15,CVE-2025-10172,8.8,2026-06-17T08:27:49.177
CVE-2025-10171,0.010790000,0.622420000,0.944675925925926,2026-08-15,2026-08-15,CVE-2025-10171,8.8,2026-06-17T08:27:49.050
CVE-2025-10142,0.004120000,0.343630000,0.7754629629629629,2026-08-15,2026-08-15,CVE-2025-10142,4.9,2026-06-17T08:27:46.490
CVE-2025-10126,0.002310000,0.142360000,0.4583333333333333,2026-08-15,2026-08-15,CVE-2025-10126,6.4,2026-06-17T08:27:44.883
CVE-2025-10049,0.005640000,0.441490000,0.8777777777777778,2026-08-15,2026-08-15,CVE-2025-10049,7.2,2026-06-17T08:27:35.247
CVE-2025-10040,0.002850000,0.210620000,0.5766203703703704,2026-08-15,2026-08-15,CVE-2025-10040,7.7,2026-06-17T08:27:34.397
CVE-2025-10001,0.005640000,0.441490000,0.8777777777777778,2026-08-15,2026-08-15,CVE-2025-10001,7.2,2026-06-17T08:27:30.013
CVE-2025-9918,0.006160000,0.466140000,0.8921296296296296,2026-08-15,2026-08-15,CVE-2025-9918,,2026-06-17T10:10:03.803
CVE-2025-9910,0.003020000,0.228870000,0.6101851851851852,2026-08-15,2026-08-15,CVE-2025-9910,4.7,2026-06-17T10:10:03.177
CVE-2025-9874,0.005800000,0.449040000,0.8831018518518519,2026-08-15,2026-08-15,CVE-2025-9874,7.5,2026-06-17T10:09:56.707
CVE-2025-9861,0.001930000,0.092680000,0.33912037037037035,2026-08-15,2026-08-15,CVE-2025-9861,6.4,2026-06-17T10:09:55.250
CVE-2025-9860,0.001930000,0.092670000,0.33912037037037035,2026-08-15,2026-08-15,CVE-2025-9860,6.4,2026-06-17T10:09:55.150
CVE-2025-9855,0.001930000,0.092690000,0.33912037037037035,2026-08-15,2026-08-15,CVE-2025-9855,6.4,2026-06-17T10:09:54.640
CVE-2025-9850,0.001930000,0.092670000,0.33912037037037035,2026-08-15,2026-08-15,CVE-2025-9850,6.4,2026-06-17T10:09:54.133
CVE-2025-9776,0.003720000,0.303800000,0.7229166666666667,2026-08-15,2026-08-15,CVE-2025-9776,6.5,2026-06-17T10:09:44.280
CVE-2025-9714,0.001550000,0.051530000,0.22268518518518518,2026-08-15,2026-08-15,CVE-2025-9714,5.5,2026-06-17T10:09:35.520
CVE-2025-9693,0.005520000,0.435430000,0.8743055555555556,2026-08-15,2026-08-15,CVE-2025-9693,8.0,2026-06-17T10:09:32.870
CVE-2025-9635,0.001620000,0.058640000,0.24421296296296297,2026-08-15,2026-08-15,CVE-2025-9635,4.3,2026-06-17T10:09:25.367
CVE-2025-9634,0.001330000,0.032850000,0.09537037037037037,2026-08-15,2026-08-15,CVE-2025-9634,4.3,2026-06-17T10:09:25.267
CVE-2025-9633,0.001670000,0.063960000,0.26296296296296295,2026-08-15,2026-08-15,CVE-2025-9633,4.3,2026-06-17T10:09:25.170
CVE-2025-9632,0.001600000,0.056330000,0.24004629629629629,2026-08-15,2026-08-15,CVE-2025-9632,4.3,2026-06-17T10:09:25.070
CVE-2025-9631,0.001620000,0.058640000,0.24421296296296297,2026-08-15,2026-08-15,CVE-2025-9631,4.3,2026-06-17T10:09:24.950
CVE-2025-9628,0.001620000,0.058630000,0.24421296296296297,2026-08-15,2026-08-15,CVE-2025-9628,4.3,2026-06-17T10:09:24.550
CVE-2025-9627,0.001620000,0.058630000,0.24421296296296297,2026-08-15,2026-08-15,CVE-2025-9627,4.3,2026-06-17T10:09:24.450
CVE-2025-9623,0.001620000,0.058630000,0.24421296296296297,2026-08-15,2026-08-15,CVE-2025-9623,4.3,2026-06-17T10:09:24.030
CVE-2025-9620,0.001510000,0.047760000,0.20416666666666666,2026-08-15,2026-08-15,CVE-2025-9620,6.1,2026-06-17T10:09:23.733
CVE-2025-9617,0.001470000,0.044430000,0.18055555555555555,2026-08-15,2026-08-15,CVE-2025-9617,5.3,2026-06-17T10:09:23.417
CVE-2025-9451,0.003080000,0.234220000,0.6201388888888889,2026-08-15,2026-08-15,CVE-2025-9451,6.5,2026-06-17T10:09:01.403
CVE-2025-9128,0.002390000,0.152380000,0.48564814814814816,2026-08-15,2026-08-15,CVE-2025-9128,6.4,2026-06-17T10:08:22.533
CVE-2025-9123,0.002310000,0.142330000,0.4583333333333333,2026-08-15,2026-08-15,CVE-2025-9123,6.4,2026-06-17T10:08:22.100
CVE-2025-9073,0.004290000,0.357590000,0.7979166666666667,2026-08-15,2026-08-15,CVE-2025-9073,7.5,2026-06-17T10:08:15.977
CVE-2025-9059,0.001220000,0.023070000,0.06805555555555555,2026-08-15,2026-08-15,CVE-2025-9059,,2026-06-17T10:08:14.560
CVE-2025-9034,0.002180000,0.124860000,0.4201388888888889,2026-08-15,2026-08-15,CVE-2025-9034,6.1,2026-06-17T10:08:11.830
CVE-2025-8721,0.002910000,0.216040000,0.5914351851851852,2026-08-15,2026-08-15,CVE-2025-8721,6.4,2026-06-17T10:07:30.090
CVE-2025-8696,0.004400000,0.365980000,0.8050925925925926,2026-08-15,2026-08-15,CVE-2025-8696,7.5,2026-06-17T10:07:27.357
CVE-2025-8692,0.004070000,0.339320000,0.7708333333333334,2026-08-15,2026-08-15,CVE-2025-8692,4.9,2026-06-17T10:07:26.980
CVE-2025-8691,0.002310000,0.142360000,0.4583333333333333,2026-08-15,2026-08-15,CVE-2025-8691,6.4,2026-06-17T10:07:26.880
CVE-2025-8689,0.002310000,0.142370000,0.4583333333333333,2026-08-15,2026-08-15,CVE-2025-8689,6.4,2026-06-17T10:07:26.673
CVE-2025-8686,0.003000000,0.226620000,0.606712962962963,2026-08-15,2026-08-15,CVE-2025-8686,6.4,2026-06-17T10:07:26.370
CVE-2025-8681,0.001950000,0.094800000,0.3456018518518518,2026-08-15,2026-08-15,CVE-2025-8681,5.4,2026-06-17T10:07:25.963
CVE-2025-8570,0.006390000,0.476520000,0.8969907407407407,2026-08-15,2026-08-15,CVE-2025-8570,9.8,2026-06-17T10:07:14.993
CVE-2025-8492,0.002890000,0.214580000,0.5886574074074075,2026-08-15,2026-08-15,CVE-2025-8492,5.3,2026-06-17T10:07:04.960
CVE-2025-8481,0.001330000,0.032840000,0.09537037037037037,2026-08-15,2026-08-15,CVE-2025-8481,4.3,2026-06-17T10:07:03.847
CVE-2025-8479,0.001890000,0.088040000,0.32222222222222224,2026-08-15,2026-08-15,CVE-2025-8479,4.3,2026-06-17T10:07:03.637
CVE-2025-8445,0.002350000,0.146920000,0.4740740740740741,2026-08-15,2026-08-15,CVE-2025-8445,6.4,2026-06-17T10:07:00.153
CVE-2025-8425,0.003040000,0.230670000,0.6125,2026-08-15,2026-08-15,CVE-2025-8425,8.8,2026-06-17T10:06:57.703
CVE-2025-8423,0.003440000,0.274790000,0.6775462962962963,2026-08-15,2026-08-15,CVE-2025-8423,5.4,2026-06-17T10:06:57.493
CVE-2025-8422,0.006290000,0.471890000,0.8949074074074074,2026-08-15,2026-08-15,CVE-2025-8422,7.5,2026-06-17T10:06:57.390
CVE-2025-8417,0.006960000,0.499660000,0.9101851851851852,2026-08-15,2026-08-15,CVE-2025-8417,8.1,2026-06-17T10:06:56.817
CVE-2025-8398,0.002310000,0.142350000,0.4583333333333333,2026-08-15,2026-08-15,CVE-2025-8398,6.4,2026-06-17T10:06:53.340
CVE-2025-8392,0.002310000,0.142340000,0.4583333333333333,2026-08-15,2026-08-15,CVE-2025-8392,6.4,2026-06-17T10:06:52.790
CVE-2025-8318,0.002310000,0.142340000,0.4583333333333333,2026-08-15,2026-08-15,CVE-2025-8318,6.4,2026-06-17T10:06:44.247
CVE-2025-8316,0.002910000,0.216030000,0.5914351851851852,2026-08-15,2026-08-15,CVE-2025-8316,6.4,2026-06-17T10:06:44.053
CVE-2025-8215,0.002310000,0.142370000,0.4583333333333333,2026-08-15,2026-08-15,CVE-2025-8215,6.4,2026-06-17T10:06:31.833
CVE-2025-6088,0.002900000,0.215070000,0.5893518518518519,2026-08-15,2026-08-15,CVE-2025-6088,3.1,2026-06-17T10:01:07.700
CVE-2025-59052,0.003390000,0.268420000,0.6694444444444444,2026-08-15,2026-08-15,CVE-2025-59052,,2026-06-17T09:45:30.480
CVE-2025-59049,0.017790000,0.763240000,0.9636574074074075,2026-08-15,2026-08-15,CVE-2025-59049,7.5,2026-06-17T09:45:30.143
CVE-2025-59045,0.003410000,0.271980000,0.6719907407407407,2026-08-15,2026-08-15,CVE-2025-59045,,2026-06-17T09:45:29.697
CVE-2025-59041,0.005450000,0.431380000,0.8715277777777778,2026-08-15,2026-08-15,CVE-2025-59041,9.8,2026-06-17T09:45:29.227
CVE-2025-59035,0.002010000,0.103250000,0.3659722222222222,2026-08-15,2026-08-15,CVE-2025-59035,5.4,2026-06-17T09:45:28.573
CVE-2025-59034,0.002500000,0.166950000,0.5113425925925926,2026-08-15,2026-08-15,CVE-2025-59034,4.3,2026-06-17T09:45:28.460
CVE-2025-58321,0.012520000,0.668770000,0.9534722222222223,2026-08-15,2026-08-15,CVE-2025-58321,10.0,2026-06-17T09:44:17.830
CVE-2025-58320,0.139660000,0.962250000,0.9930555555555556,2026-08-15,2026-08-15,CVE-2025-58320,7.3,2026-06-17T09:44:17.723
CVE-2025-5801,0.002910000,0.216040000,0.5914351851851852,2026-08-15,2026-08-15,CVE-2025-5801,6.4,2026-06-17T09:48:46.917
CVE-2025-57642,0.015860000,0.734810000,0.9608796296296296,2026-08-15,2026-08-15,CVE-2025-57642,7.2,2026-06-17T09:43:16.633
CVE-2025-57520,0.003180000,0.245870000,0.6351851851851852,2026-08-15,2026-08-15,CVE-2025-57520,6.1,2026-06-17T09:43:10.303
CVE-2025-57392,0.001940000,0.094410000,0.34375,2026-08-15,2026-08-15,CVE-2025-57392,7.8,2026-06-17T09:43:04.303
CVE-2025-55976,0.031660000,0.868970000,0.9731481481481481,2026-08-15,2026-08-15,CVE-2025-55976,8.4,2026-06-17T09:42:16.137
CVE-2025-54376,0.007050000,0.503030000,0.9118055555555555,2026-08-15,2026-08-15,CVE-2025-54376,7.5,2026-06-17T09:39:56.870
CVE-2025-54123,0.105430000,0.953730000,0.9912037037037037,2026-08-15,2026-08-15,CVE-2025-54123,9.8,2026-06-17T09:39:29.430
CVE-2025-50892,0.001240000,0.025630000,0.07060185185185185,2026-08-15,2026-08-15,CVE-2025-50892,7.8,2026-07-05T02:16:51.490
CVE-2025-48041,0.003850000,0.317280000,0.7418981481481481,2026-08-15,2026-08-15,CVE-2025-48041,,2026-07-24T15:17:06.737
CVE-2025-48040,0.004310000,0.359260000,0.7988425925925926,2026-08-15,2026-08-15,CVE-2025-48040,,2026-07-24T15:17:06.157
CVE-2025-48039,0.003850000,0.317280000,0.7418981481481481,2026-08-15,2026-08-15,CVE-2025-48039,,2026-07-24T15:17:05.913
CVE-2025-48038,0.003850000,0.317280000,0.7418981481481481,2026-08-15,2026-08-15,CVE-2025-48038,,2026-07-24T15:17:05.223
CVE-2025-43785,0.002240000,0.133150000,0.4398148148148148,2026-08-15,2026-08-15,CVE-2025-43785,6.1,2026-06-17T09:24:30.810
CVE-2025-43784,0.002560000,0.173320000,0.5229166666666667,2026-08-15,2026-08-15,CVE-2025-43784,6.5,2026-06-17T09:24:30.677
CVE-2025-43783,0.002450000,0.159650000,0.5016203703703703,2026-08-15,2026-08-15,CVE-2025-43783,6.1,2026-06-17T09:24:30.550
CVE-2025-40695,0.002070000,0.110660000,0.3861111111111111,2026-08-15,2026-08-15,CVE-2025-40695,5.4,2026-06-17T09:21:58.557
CVE-2025-40694,0.002070000,0.110660000,0.3861111111111111,2026-08-15,2026-08-15,CVE-2025-40694,5.4,2026-06-17T09:21:58.443
CVE-2025-40693,0.002070000,0.110660000,0.3861111111111111,2026-08-15,2026-08-15,CVE-2025-40693,5.4,2026-06-17T09:21:58.330
CVE-2025-40692,0.003310000,0.260790000,0.6583333333333333,2026-08-15,2026-08-15,CVE-2025-40692,9.8,2026-06-17T09:21:58.220
CVE-2025-40691,0.003310000,0.260790000,0.6583333333333333,2026-08-15,2026-08-15,CVE-2025-40691,9.8,2026-06-17T09:21:58.110
CVE-2025-40690,0.003310000,0.260780000,0.6583333333333333,2026-08-15,2026-08-15,CVE-2025-40690,9.8,2026-06-17T09:21:57.997
CVE-2025-40689,0.003310000,0.260780000,0.6583333333333333,2026-08-15,2026-08-15,CVE-2025-40689,9.8,2026-06-17T09:21:57.883
CVE-2025-40687,0.003340000,0.263690000,0.6622685185185185,2026-08-15,2026-08-15,CVE-2025-40687,9.8,2026-06-17T09:21:57.770
CVE-2025-10250,0.002450000,0.160860000,0.5016203703703703,2026-08-15,2026-08-15,CVE-2025-10250,5.0,2026-06-17T08:27:59.733
CVE-2025-10247,0.003310000,0.259980000,0.6583333333333333,2026-08-15,2026-08-15,CVE-2025-10247,6.3,2026-06-17T08:27:59.510
CVE-2025-10246,0.002440000,0.159180000,0.4986111111111111,2026-08-15,2026-08-15,CVE-2025-10246,3.5,2026-06-17T08:27:59.387
CVE-2025-10245,0.003780000,0.309590000,0.7293981481481482,2026-08-15,2026-08-15,CVE-2025-10245,4.3,2026-06-17T08:27:59.253
CVE-2025-10236,0.007610000,0.522820000,0.9217592592592593,2026-08-15,2026-08-15,CVE-2025-10236,7.5,2026-06-17T08:27:57.537
CVE-2025-10235,0.003040000,0.230700000,0.6125,2026-08-15,2026-08-15,CVE-2025-10235,4.8,2026-06-17T08:27:57.407
CVE-2025-10234,0.003040000,0.230690000,0.6125,2026-08-15,2026-08-15,CVE-2025-10234,4.8,2026-06-17T08:27:57.273
CVE-2025-10233,0.004440000,0.369460000,0.8166666666666667,2026-08-15,2026-08-15,CVE-2025-10233,4.3,2026-06-17T08:27:57.143
CVE-2025-10232,0.004800000,0.393250000,0.8428240740740741,2026-08-15,2026-08-15,CVE-2025-10232,5.4,2026-06-17T08:27:57.023
CVE-2025-10229,0.003300000,0.259240000,0.65625,2026-08-15,2026-08-15,CVE-2025-10229,4.3,2026-06-17T08:27:56.677
CVE-2025-10218,0.003690000,0.300230000,0.7199074074074074,2026-08-15,2026-08-15,CVE-2025-10218,9.8,2026-06-17T08:27:55.440
CVE-2025-10216,0.001820000,0.079910000,0.30416666666666664,2026-08-15,2026-08-15,CVE-2025-10216,2.6,2026-06-17T08:27:55.210
CVE-2025-10211,0.007050000,0.502920000,0.9118055555555555,2026-08-15,2026-08-15,CVE-2025-10211,6.3,2026-06-17T08:27:54.520
CVE-2025-10210,0.012970000,0.679290000,0.9548611111111112,2026-08-15,2026-08-15,CVE-2025-10210,8.8,2026-06-17T08:27:54.387
CVE-2025-10209,0.002850000,0.210040000,0.5766203703703704,2026-08-15,2026-08-15,CVE-2025-10209,5.4,2026-06-17T08:27:54.263
CVE-2025-10201,0.002600000,0.178930000,0.5342592592592592,2026-08-15,2026-08-15,CVE-2025-10201,8.8,2026-06-17T08:27:53.670
CVE-2025-10200,0.005740000,0.446510000,0.8791666666666667,2026-08-15,2026-08-15,CVE-2025-10200,8.8,2026-06-17T08:27:53.530
CVE-2025-0763,0.002380000,0.150890000,0.4840277777777778,2026-08-15,2026-08-15,CVE-2025-0763,4.3,2026-06-17T08:27:06.967
CVE-2024-47120,0.002060000,0.109440000,0.38449074074074074,2026-08-15,2026-08-15,CVE-2024-47120,6.8,2026-06-17T07:56:34.390
CVE-2024-45671,0.001890000,0.087890000,0.32222222222222224,2026-08-15,2026-08-15,CVE-2024-45671,7.5,2026-06-17T07:54:38.367
CVE-2024-45669,0.003640000,0.295820000,0.7097222222222223,2026-08-15,2026-08-15,CVE-2024-45669,6.5,2026-06-17T07:54:38.140
CVE-2025-9877,0.001930000,0.092680000,0.33912037037037035,2026-08-15,2026-08-15,CVE-2025-9877,6.4,2026-06-17T10:09:57.007
CVE-2025-9807,0.003470000,0.278140000,0.6814814814814815,2026-08-15,2026-08-15,CVE-2025-9807,7.5,2026-06-17T10:09:48.783
CVE-2025-9319,0.001920000,0.091490000,0.3375,2026-08-15,2026-08-15,CVE-2025-9319,7.5,2026-06-17T10:08:44.930
CVE-2025-9214,0.002020000,0.104410000,0.3678240740740741,2026-08-15,2026-08-15,CVE-2025-9214,5.4,2026-06-17T10:08:32.473
CVE-2025-9201,0.001670000,0.063430000,0.26296296296296295,2026-08-15,2026-08-15,CVE-2025-9201,7.8,2026-06-17T10:08:31.420
CVE-2025-9018,0.003500000,0.281360000,0.6872685185185186,2026-08-15,2026-08-15,CVE-2025-9018,8.8,2026-06-17T10:08:09.840
CVE-2025-8716,0.002360000,0.148540000,0.4773148148148148,2026-08-15,2026-08-15,CVE-2025-8716,,2026-06-17T10:07:29.787
CVE-2025-8557,0.002540000,0.170830000,0.51875,2026-08-15,2026-08-15,CVE-2025-8557,8.8,2026-06-17T10:07:13.880
CVE-2025-8061,0.003850000,0.316590000,0.7418981481481481,2026-08-15,2026-08-15,CVE-2025-8061,7.0,2026-06-17T10:06:14.277
CVE-2025-59055,0.004540000,0.376220000,0.8252314814814815,2026-08-15,2026-08-15,CVE-2025-59055,7.2,2026-06-17T09:45:30.820
CVE-2025-59053,0.005590000,0.439060000,0.8761574074074074,2026-08-15,2026-08-15,CVE-2025-59053,9.6,2026-06-17T09:45:30.600
CVE-2025-59047,0.004010000,0.333060000,0.7666666666666667,2026-08-15,2026-08-15,CVE-2025-59047,,2026-06-17T09:45:29.920
CVE-2025-58754,0.010990000,0.628570000,0.9465277777777777,2026-08-15,2026-08-15,CVE-2025-58754,7.5,2026-06-17T09:44:52.797
CVE-2025-58364,0.010670000,0.619300000,0.9444444444444444,2026-08-15,2026-08-15,CVE-2025-58364,6.5,2026-06-17T09:44:21.940
CVE-2025-58145,0.003520000,0.283270000,0.6935185185185185,2026-08-15,2026-08-15,CVE-2025-58145,7.5,2026-06-17T09:43:58.593
CVE-2025-58144,0.004500000,0.373610000,0.8226851851851852,2026-08-15,2026-08-15,CVE-2025-58144,7.5,2026-06-17T09:43:58.453
CVE-2025-58143,0.003660000,0.296880000,0.7152777777777778,2026-08-15,2026-08-15,CVE-2025-58143,9.8,2026-06-17T09:43:58.313
CVE-2025-58142,0.004670000,0.384590000,0.8331018518518518,2026-08-15,2026-08-15,CVE-2025-58142,9.8,2026-06-17T09:43:58.170
CVE-2025-58065,0.004000000,0.332050000,0.7659722222222223,2026-08-15,2026-08-15,CVE-2025-58065,6.5,2026-06-17T09:43:51.910
CVE-2025-58060,0.009680000,0.588620000,0.9409722222222222,2026-08-15,2026-08-15,CVE-2025-58060,8.0,2026-06-17T09:43:51.373
CVE-2025-56556,0.002000000,0.101480000,0.36319444444444443,2026-08-15,2026-08-15,CVE-2025-56556,3.8,2026-06-17T09:42:40.117
CVE-2025-55319,0.009110000,0.570070000,0.9381944444444444,2026-08-15,2026-08-15,CVE-2025-55319,9.8,2026-06-17T09:41:39.090
CVE-2025-43790,0.003290000,0.258240000,0.6543981481481481,2026-08-15,2026-08-15,CVE-2025-43790,8.1,2026-06-17T09:24:31.457
CVE-2025-43789,0.002120000,0.117190000,0.4041666666666667,2026-08-15,2026-08-15,CVE-2025-43789,5.3,2026-06-17T09:24:31.327
CVE-2025-43788,0.002620000,0.181320000,0.5381944444444444,2026-08-15,2026-08-15,CVE-2025-43788,4.3,2026-06-17T09:24:31.203
CVE-2025-43782,0.003200000,0.248450000,0.6375,2026-08-15,2026-08-15,CVE-2025-43782,4.3,2026-06-17T09:24:30.430
CVE-2025-40696,0.002070000,0.110660000,0.3861111111111111,2026-08-15,2026-08-15,CVE-2025-40696,5.4,2026-06-17T09:21:58.663
CVE-2025-40300,0.003440000,0.274220000,0.6775462962962963,2026-08-15,2026-08-15,CVE-2025-40300,5.5,2026-07-14T13:17:53.820
CVE-2025-39791,0.001270000,0.027730000,0.07546296296296297,2026-08-15,2026-08-15,CVE-2025-39791,5.5,2026-07-30T06:23:45.647
CVE-2025-39790,0.001560000,0.052480000,0.22523148148148148,2026-08-15,2026-08-15,CVE-2025-39790,7.8,2026-07-30T06:23:45.500
CVE-2025-39789,0.001340000,0.033690000,0.09722222222222222,2026-08-15,2026-08-15,CVE-2025-39789,5.5,2026-07-30T06:23:45.383
CVE-2025-39788,0.001670000,0.063350000,0.26296296296296295,2026-08-15,2026-08-15,CVE-2025-39788,7.8,2026-06-17T09:18:28.907
CVE-2025-39787,0.001670000,0.063360000,0.26296296296296295,2026-08-15,2026-08-15,CVE-2025-39787,5.5,2026-07-30T06:23:45.217
CVE-2025-39786,0.001430000,0.040660000,0.14027777777777778,2026-08-15,2026-08-15,CVE-2025-39786,7.1,2026-07-30T06:23:45.110
CVE-2025-39785,0.001340000,0.033690000,0.09722222222222222,2026-08-15,2026-08-15,CVE-2025-39785,5.5,2026-07-30T06:23:44.997
CVE-2025-39784,0.001270000,0.028000000,0.07546296296296297,2026-08-15,2026-08-15,CVE-2025-39784,5.5,2026-06-17T09:18:28.480
CVE-2025-39783,0.001620000,0.058760000,0.24421296296296297,2026-08-15,2026-08-15,CVE-2025-39783,7.8,2026-06-17T09:18:28.330
CVE-2025-39782,0.001240000,0.025640000,0.07060185185185185,2026-08-15,2026-08-15,CVE-2025-39782,5.5,2026-07-14T13:17:49.553
CVE-2025-39781,0.001460000,0.043700000,0.16620370370370371,2026-08-15,2026-08-15,CVE-2025-39781,5.5,2026-06-17T09:18:28.090
CVE-2025-39780,0.001510000,0.047940000,0.20416666666666666,2026-08-15,2026-08-15,CVE-2025-39780,5.5,2026-07-30T06:23:44.887
CVE-2025-39779,0.001510000,0.047950000,0.20416666666666666,2026-08-15,2026-08-15,CVE-2025-39779,5.5,2026-07-30T06:23:44.747
CVE-2025-39777,0.001270000,0.028010000,0.07546296296296297,2026-08-15,2026-08-15,CVE-2025-39777,5.5,2026-06-17T09:18:27.597
CVE-2025-39776,0.001460000,0.043870000,0.16620370370370371,2026-08-15,2026-08-15,CVE-2025-39776,7.8,2026-07-30T06:23:44.533
CVE-2025-39775,0.001280000,0.029050000,0.0824074074074074,2026-08-15,2026-08-15,CVE-2025-39775,5.5,2026-06-17T09:18:27.333
CVE-2025-39774,0.001270000,0.028010000,0.07546296296296297,2026-08-15,2026-08-15,CVE-2025-39774,5.5,2026-06-17T09:18:27.240
CVE-2025-39773,0.001200000,0.021210000,0.06481481481481481,2026-08-15,2026-08-15,CVE-2025-39773,5.5,2026-07-14T13:17:49.377
CVE-2025-39772,0.001450000,0.043000000,0.15416666666666667,2026-08-15,2026-08-15,CVE-2025-39772,5.5,2026-06-17T09:18:26.970
CVE-2025-39771,0.001270000,0.028000000,0.07546296296296297,2026-08-15,2026-08-15,CVE-2025-39771,5.5,2026-06-17T09:18:26.873
CVE-2025-39770,0.003570000,0.288710000,0.700462962962963,2026-08-15,2026-08-15,CVE-2025-39770,5.5,2026-07-30T06:23:44.323
CVE-2025-39769,0.001000000,0.009690000,0.035416666666666666,2026-08-15,2026-08-15,CVE-2025-39769,5.5,2026-06-17T09:18:26.613
CVE-2025-39768,0.001270000,0.027990000,0.07546296296296297,2026-08-15,2026-08-15,CVE-2025-39768,5.5,2026-06-17T09:18:26.520
CVE-2025-39767,0.001130000,0.016860000,0.05138888888888889,2026-08-15,2026-08-15,CVE-2025-39767,5.5,2026-06-17T09:18:26.393
CVE-2025-39766,0.001800000,0.078570000,0.3,2026-08-15,2026-08-15,CVE-2025-39766,7.8,2026-06-17T09:18:26.253
CVE-2025-39765,0.001540000,0.050540000,0.2196759259259259,2026-08-15,2026-08-15,CVE-2025-39765,5.5,2026-06-17T09:18:26.143
CVE-2025-39764,0.001650000,0.061640000,0.25300925925925927,2026-08-15,2026-08-15,CVE-2025-39764,5.5,2026-07-14T13:17:48.997
CVE-2025-39763,0.001570000,0.053990000,0.22939814814814816,2026-08-15,2026-08-15,CVE-2025-39763,5.5,2026-06-17T09:18:25.920
CVE-2025-39762,0.001540000,0.050540000,0.2196759259259259,2026-08-15,2026-08-15,CVE-2025-39762,5.5,2026-06-17T09:18:25.820
CVE-2025-39761,0.002330000,0.144520000,0.46828703703703706,2026-08-15,2026-08-15,CVE-2025-39761,7.1,2026-07-30T06:23:44.203
CVE-2025-39760,0.001750000,0.073000000,0.2881944444444444,2026-08-15,2026-08-15,CVE-2025-39760,7.1,2026-06-17T09:18:25.577
CVE-2025-39759,0.001150000,0.018320000,0.05324074074074074,2026-08-15,2026-08-15,CVE-2025-39759,7.0,2026-06-17T09:18:25.453
CVE-2025-39758,0.003800000,0.311770000,0.7342592592592593,2026-08-15,2026-08-15,CVE-2025-39758,5.5,2026-07-30T06:23:44.057
CVE-2025-39757,0.001750000,0.073000000,0.2881944444444444,2026-08-15,2026-08-15,CVE-2025-39757,7.1,2026-06-17T09:18:25.187
CVE-2025-39756,0.001770000,0.074830000,0.29189814814814813,2026-08-15,2026-08-15,CVE-2025-39756,5.5,2026-07-14T13:17:48.763
CVE-2025-39754,0.001110000,0.015350000,0.04814814814814815,2026-08-15,2026-08-15,CVE-2025-39754,4.7,2026-06-17T09:18:24.773
CVE-2025-39753,0.001570000,0.053350000,0.22939814814814816,2026-08-15,2026-08-15,CVE-2025-39753,5.5,2026-06-17T09:18:24.670
CVE-2025-39752,0.001700000,0.067390000,0.2712962962962963,2026-08-15,2026-08-15,CVE-2025-39752,5.5,2026-06-17T09:18:24.537
CVE-2025-39750,0.002310000,0.142160000,0.4583333333333333,2026-08-15,2026-08-15,CVE-2025-39750,7.1,2026-07-30T06:23:43.930
CVE-2025-39749,0.001690000,0.065660000,0.26805555555555555,2026-08-15,2026-08-15,CVE-2025-39749,7.0,2026-06-17T09:18:24.257
CVE-2025-39748,0.001690000,0.066500000,0.26805555555555555,2026-08-15,2026-08-15,CVE-2025-39748,5.5,2026-07-14T13:17:48.567
CVE-2025-39747,0.001550000,0.052090000,0.22268518518518518,2026-08-15,2026-08-15,CVE-2025-39747,5.5,2026-06-17T09:18:24.033
CVE-2025-39746,0.001550000,0.052120000,0.22268518518518518,2026-08-15,2026-08-15,CVE-2025-39746,5.5,2026-06-17T09:18:23.927
CVE-2025-39745,0.001540000,0.050550000,0.2196759259259259,2026-08-15,2026-08-15,CVE-2025-39745,5.5,2026-06-17T09:18:23.827
CVE-2025-39744,0.001590000,0.055990000,0.23287037037037037,2026-08-15,2026-08-15,CVE-2025-39744,7.1,2026-06-17T09:18:23.717
CVE-2025-39743,0.001790000,0.076580000,0.29791666666666666,2026-08-15,2026-08-15,CVE-2025-39743,7.8,2026-06-17T09:18:23.583
CVE-2025-39742,0.001700000,0.067360000,0.2712962962962963,2026-08-15,2026-08-15,CVE-2025-39742,5.5,2026-06-17T09:18:23.450
CVE-2025-39741,0.001370000,0.035570000,0.12268518518518519,2026-08-15,2026-08-15,CVE-2025-39741,5.5,2026-06-17T09:18:23.357
CVE-2025-39740,0.001530000,0.050210000,0.21319444444444444,2026-08-15,2026-08-15,CVE-2025-39740,7.8,2026-07-30T06:23:43.817
CVE-2025-39739,0.001550000,0.052120000,0.22268518518518518,2026-08-15,2026-08-15,CVE-2025-39739,5.5,2026-06-17T09:18:23.123
CVE-2025-39738,0.001690000,0.066470000,0.26805555555555555,2026-08-15,2026-08-15,CVE-2025-39738,7.8,2026-07-30T06:23:43.617
CVE-2025-39737,0.001700000,0.067360000,0.2712962962962963,2026-08-15,2026-08-15,CVE-2025-39737,5.5,2026-06-17T09:18:22.820
CVE-2025-39736,0.001290000,0.029970000,0.08541666666666667,2026-08-15,2026-08-15,CVE-2025-39736,5.5,2026-06-17T09:18:22.673
CVE-2025-36222,0.003730000,0.305090000,0.7238425925925925,2026-08-15,2026-08-15,CVE-2025-36222,9.8,2026-06-17T09:14:36.247
CVE-2025-27466,0.004670000,0.384580000,0.8331018518518518,2026-08-15,2026-08-15,CVE-2025-27466,9.8,2026-06-17T09:03:38.343
CVE-2025-26499,0.001350000,0.034000000,0.1037037037037037,2026-08-15,2026-08-15,CVE-2025-26499,6.0,2026-06-17T09:01:55.433
CVE-2025-10278,0.003220000,0.249810000,0.6412037037037037,2026-08-15,2026-08-15,CVE-2025-10278,8.8,2026-06-17T08:28:02.833
CVE-2025-10277,0.003220000,0.249810000,0.6412037037037037,2026-08-15,2026-08-15,CVE-2025-10277,8.8,2026-06-17T08:28:02.703
CVE-2025-10276,0.003220000,0.249800000,0.6412037037037037,2026-08-15,2026-08-15,CVE-2025-10276,8.8,2026-06-17T08:28:02.570
CVE-2025-10275,0.003220000,0.249800000,0.6412037037037037,2026-08-15,2026-08-15,CVE-2025-10275,8.8,2026-06-17T08:28:02.440
CVE-2025-10274,0.003610000,0.292050000,0.7055555555555556,2026-08-15,2026-08-15,CVE-2025-10274,6.1,2026-06-17T08:28:02.307
CVE-2025-10273,0.007130000,0.505930000,0.913425925925926,2026-08-15,2026-08-15,CVE-2025-10273,5.3,2026-06-17T08:28:02.180
CVE-2025-10272,0.003610000,0.292060000,0.7055555555555556,2026-08-15,2026-08-15,CVE-2025-10272,6.1,2026-06-17T08:28:02.043
CVE-2025-10271,0.003610000,0.292060000,0.7055555555555556,2026-08-15,2026-08-15,CVE-2025-10271,6.1,2026-06-17T08:28:01.910
CVE-2025-10269,0.005520000,0.435180000,0.8743055555555556,2026-08-15,2026-08-15,CVE-2025-10269,7.5,2026-06-17T08:28:01.807
CVE-2025-10255,0.003180000,0.245460000,0.6351851851851852,2026-08-15,2026-08-15,CVE-2025-10255,3.5,2026-06-17T08:28:00.380
CVE-2025-10254,0.002670000,0.189420000,0.5458333333333333,2026-08-15,2026-08-15,CVE-2025-10254,3.5,2026-06-17T08:28:00.253
CVE-2025-10253,0.002670000,0.189410000,0.5458333333333333,2026-08-15,2026-08-15,CVE-2025-10253,3.5,2026-06-17T08:28:00.133
CVE-2025-10252,0.002440000,0.158430000,0.4986111111111111,2026-08-15,2026-08-15,CVE-2025-10252,3.1,2026-06-17T08:28:00.010
CVE-2025-10251,0.003640000,0.295770000,0.7097222222222223,2026-08-15,2026-08-15,CVE-2025-10251,9.8,2026-06-17T08:27:59.863
CVE-2025-10193,0.002210000,0.128780000,0.4305555555555556,2026-08-15,2026-08-15,CVE-2025-10193,,2026-06-17T08:27:52.687
CVE-2025-10127,0.006300000,0.472440000,0.8956018518518518,2026-08-15,2026-08-15,CVE-2025-10127,9.8,2026-06-17T08:27:44.990
CVE-2025-9881,0.001510000,0.047760000,0.20416666666666666,2026-08-15,2026-08-15,CVE-2025-9881,6.1,2026-06-17T10:09:57.310
CVE-2025-9880,0.001590000,0.055720000,0.23287037037037037,2026-08-15,2026-08-15,CVE-2025-9880,6.1,2026-06-17T10:09:57.203
CVE-2025-9879,0.001930000,0.092680000,0.33912037037037035,2026-08-15,2026-08-15,CVE-2025-9879,6.4,2026-06-17T10:09:57.107
CVE-2025-9556,0.006680000,0.489120000,0.9043981481481481,2026-08-15,2026-08-15,CVE-2025-9556,9.8,2026-06-17T10:09:12.960
CVE-2025-9086,0.013950000,0.700550000,0.9571759259259259,2026-08-15,2026-08-15,CVE-2025-9086,7.5,2026-06-17T10:08:17.410
CVE-2025-8699,0.007400000,0.515730000,0.91875,2026-08-15,2026-08-15,CVE-2025-8699,9.1,2026-06-17T10:07:27.743
CVE-2025-8575,0.008000000,0.535050000,0.9266203703703704,2026-08-15,2026-08-15,CVE-2025-8575,7.2,2026-06-17T10:07:15.450
CVE-2025-8280,0.002020000,0.104090000,0.3678240740740741,2026-08-15,2026-08-15,CVE-2025-8280,5.8,2026-06-17T10:06:40.207
CVE-2025-7448,0.001760000,0.073170000,0.2898148148148148,2026-08-15,2026-08-15,CVE-2025-7448,,2026-06-17T10:04:58.627
CVE-2025-7337,0.004540000,0.376630000,0.8252314814814815,2026-08-15,2026-08-15,CVE-2025-7337,6.5,2026-06-17T10:04:44.967
CVE-2025-6769,0.003120000,0.239510000,0.6284722222222222,2026-08-15,2026-08-15,CVE-2025-6769,4.3,2026-06-17T10:02:32.273
CVE-2025-6638,0.005240000,0.420490000,0.8641203703703704,2026-08-15,2026-08-15,CVE-2025-6638,7.5,2026-06-17T10:02:17.713
CVE-2025-6454,0.006910000,0.498130000,0.9085648148148148,2026-08-15,2026-08-15,CVE-2025-6454,8.8,2026-06-17T10:01:55.720
CVE-2025-59139,0.004500000,0.373550000,0.8226851851851852,2026-08-15,2026-08-15,CVE-2025-59139,5.3,2026-06-17T09:45:36.547
CVE-2025-59058,0.002830000,0.207860000,0.5740740740740741,2026-08-15,2026-08-15,CVE-2025-59058,5.9,2026-06-17T09:45:31.167
CVE-2025-59054,0.001650000,0.061580000,0.25300925925925927,2026-08-15,2026-08-15,CVE-2025-59054,,2026-06-17T09:45:30.707
CVE-2025-58781,0.001430000,0.040770000,0.14027777777777778,2026-08-15,2026-08-15,CVE-2025-58781,4.8,2026-06-17T09:44:55.350
CVE-2025-58434,0.498940000,0.987990000,0.9983796296296297,2026-08-15,2026-08-15,CVE-2025-58434,9.8,2026-06-17T09:44:27.090
CVE-2025-57579,0.005940000,0.455850000,0.8854166666666666,2026-08-15,2026-08-15,CVE-2025-57579,8.0,2026-06-17T09:43:13.293
CVE-2025-57578,0.004540000,0.376540000,0.8252314814814815,2026-08-15,2026-08-15,CVE-2025-57578,8.0,2026-06-17T09:43:13.147
CVE-2025-57577,0.005760000,0.447180000,0.8800925925925925,2026-08-15,2026-08-15,CVE-2025-57577,8.0,2026-06-17T09:43:13.003
CVE-2025-56467,0.002940000,0.220350000,0.5967592592592592,2026-08-15,2026-08-15,CVE-2025-56467,6.5,2026-07-05T14:16:54.183
CVE-2025-55996,0.001910000,0.090190000,0.33541666666666664,2026-08-15,2026-08-15,CVE-2025-55996,6.3,2026-06-17T09:42:16.447
CVE-2025-55835,0.008840000,0.561910000,0.9347222222222222,2026-08-15,2026-08-15,CVE-2025-55835,9.8,2026-07-05T17:17:16.223
CVE-2025-52074,0.002280000,0.138890000,0.45046296296296295,2026-08-15,2026-08-15,CVE-2025-52074,6.1,2026-06-17T09:35:58.830
CVE-2025-45587,0.002650000,0.185400000,0.5421296296296296,2026-08-15,2026-08-15,CVE-2025-45587,7.0,2026-06-17T09:25:35.663
CVE-2025-45586,0.003190000,0.247020000,0.6368055555555555,2026-08-15,2026-08-15,CVE-2025-45586,7.5,2026-06-17T09:25:35.497
CVE-2025-45585,0.002040000,0.106700000,0.3747685185185185,2026-08-15,2026-08-15,CVE-2025-45585,5.4,2026-06-17T09:25:35.327
CVE-2025-45584,0.004190000,0.349190000,0.7868055555555555,2026-08-15,2026-08-15,CVE-2025-45584,7.5,2026-06-17T09:25:35.167
CVE-2025-45583,0.003590000,0.290710000,0.7030092592592593,2026-08-15,2026-08-15,CVE-2025-45583,9.1,2026-06-17T09:25:35.007
CVE-2025-43796,0.003710000,0.302690000,0.7217592592592592,2026-08-15,2026-08-15,CVE-2025-43796,7.5,2026-06-17T09:24:32.267
CVE-2025-43795,0.002390000,0.152310000,0.48564814814814816,2026-08-15,2026-08-15,CVE-2025-43795,6.1,2026-06-17T09:24:32.123
CVE-2025-43787,0.002120000,0.117310000,0.4041666666666667,2026-08-15,2026-08-15,CVE-2025-43787,5.4,2026-06-17T09:24:31.070
CVE-2025-4235,0.001760000,0.073460000,0.2898148148148148,2026-08-15,2026-08-15,CVE-2025-4235,,2026-06-17T09:32:50.293
CVE-2025-4234,0.001360000,0.034860000,0.1136574074074074,2026-08-15,2026-08-15,CVE-2025-4234,,2026-06-17T09:32:50.167
CVE-2025-39798,0.002690000,0.191940000,0.5481481481481482,2026-08-15,2026-08-15,CVE-2025-39798,5.5,2026-07-30T06:23:46.020
CVE-2025-39797,0.001560000,0.052440000,0.22523148148148148,2026-08-15,2026-08-15,CVE-2025-39797,7.8,2026-06-17T09:18:29.967
CVE-2025-39796,0.001510000,0.047930000,0.20416666666666666,2026-08-15,2026-08-15,CVE-2025-39796,7.8,2026-06-17T09:18:29.860
CVE-2025-39795,0.001650000,0.061470000,0.25300925925925927,2026-08-15,2026-08-15,CVE-2025-39795,5.5,2026-07-14T13:17:49.927
CVE-2025-39794,0.001590000,0.055330000,0.23287037037037037,2026-08-15,2026-08-15,CVE-2025-39794,5.5,2026-06-17T09:18:29.590
CVE-2025-39793,0.001510000,0.047940000,0.20416666666666666,2026-08-15,2026-08-15,CVE-2025-39793,7.8,2026-07-30T06:23:45.910
CVE-2025-39792,0.001560000,0.052440000,0.22523148148148148,2026-08-15,2026-08-15,CVE-2025-39792,5.5,2026-07-30T06:23:45.783
CVE-2025-3650,0.001810000,0.078820000,0.3025462962962963,2026-08-15,2026-08-15,CVE-2025-3650,3.5,2026-06-17T09:20:23.530
CVE-2025-27240,0.012730000,0.674120000,0.9541666666666667,2026-08-15,2026-08-15,CVE-2025-27240,7.2,2026-06-17T09:03:15.903
CVE-2025-27238,0.001800000,0.077490000,0.3,2026-08-15,2026-08-15,CVE-2025-27238,3.5,2026-06-17T09:03:15.790
CVE-2025-27234,0.003120000,0.239620000,0.6284722222222222,2026-08-15,2026-08-15,CVE-2025-27234,,2026-06-17T09:03:15.447
CVE-2025-27233,0.001700000,0.067040000,0.2712962962962963,2026-08-15,2026-08-15,CVE-2025-27233,,2026-06-17T09:03:15.333
CVE-2025-2256,0.005030000,0.407450000,0.8564814814814815,2026-08-15,2026-08-15,CVE-2025-2256,7.5,2026-06-17T09:06:38.377
CVE-2025-21043,0.018920000,0.778050000,0.9645833333333333,2026-08-15,2026-08-15,CVE-2025-21043,9.8,2026-06-17T08:42:30.067
CVE-2025-21042,0.331700000,0.982230000,0.9974537037037037,2026-08-15,2026-08-15,CVE-2025-21042,9.8,2026-06-17T08:42:29.943
CVE-2025-1250,0.004540000,0.376630000,0.8252314814814815,2026-08-15,2026-08-15,CVE-2025-1250,6.5,2026-06-17T08:38:40.827
CVE-2025-10389,0.003870000,0.319150000,0.7449074074074075,2026-08-15,2026-08-15,CVE-2025-10389,8.8,2026-06-17T08:28:13.263
CVE-2025-10388,0.002530000,0.169910000,0.5171296296296296,2026-08-15,2026-08-15,CVE-2025-10388,3.5,2026-06-17T08:28:13.140
CVE-2025-10387,0.004140000,0.345010000,0.7773148148148148,2026-08-15,2026-08-15,CVE-2025-10387,8.8,2026-06-17T08:28:13.007
CVE-2025-10386,0.003440000,0.274130000,0.6775462962962963,2026-08-15,2026-08-15,CVE-2025-10386,4.3,2026-06-17T08:28:12.887
CVE-2025-10385,0.038190000,0.891510000,0.9766203703703704,2026-08-15,2026-08-15,CVE-2025-10385,8.8,2026-06-17T08:28:12.767
CVE-2025-10384,0.003670000,0.297870000,0.7171296296296297,2026-08-15,2026-08-15,CVE-2025-10384,5.4,2026-06-17T08:28:12.640
CVE-2025-10374,0.003590000,0.290370000,0.7030092592592593,2026-08-15,2026-08-15,CVE-2025-10374,7.3,2026-06-17T08:28:12.027
CVE-2025-10373,0.002400000,0.153860000,0.4898148148148148,2026-08-15,2026-08-15,CVE-2025-10373,6.1,2026-06-17T08:28:11.890
CVE-2025-10372,0.002360000,0.148550000,0.4773148148148148,2026-08-15,2026-08-15,CVE-2025-10372,5.4,2026-06-17T08:28:11.747
CVE-2025-10371,0.003590000,0.290380000,0.7030092592592593,2026-08-15,2026-08-15,CVE-2025-10371,7.3,2026-06-17T08:28:11.590
CVE-2025-10370,0.006850000,0.496000000,0.9078703703703703,2026-08-15,2026-08-15,CVE-2025-10370,5.4,2026-06-17T08:28:11.453
CVE-2025-10369,0.002990000,0.225490000,0.6050925925925926,2026-08-15,2026-08-15,CVE-2025-10369,6.1,2026-06-17T08:28:11.317
CVE-2025-10368,0.002960000,0.222150000,0.600925925925926,2026-08-15,2026-08-15,CVE-2025-10368,6.1,2026-06-17T08:28:11.180
CVE-2025-10367,0.002960000,0.222150000,0.600925925925926,2026-08-15,2026-08-15,CVE-2025-10367,6.1,2026-06-17T08:28:11.040
CVE-2025-10366,0.002870000,0.212150000,0.5828703703703704,2026-08-15,2026-08-15,CVE-2025-10366,5.4,2026-06-17T08:28:10.907
CVE-2025-10365,0.056370000,0.922820000,0.9824074074074074,2026-08-15,2026-08-15,CVE-2025-10365,,2026-06-17T08:28:10.780
CVE-2025-10364,0.061680000,0.928590000,0.9835648148148148,2026-08-15,2026-08-15,CVE-2025-10364,,2026-06-17T08:28:10.650
CVE-2025-10359,0.060720000,0.927620000,0.9828703703703704,2026-08-15,2026-08-15,CVE-2025-10359,9.8,2026-06-17T08:28:10.283
CVE-2025-10358,0.060720000,0.927630000,0.9828703703703704,2026-08-15,2026-08-15,CVE-2025-10358,9.8,2026-06-17T08:28:10.150
CVE-2025-10340,0.002530000,0.169540000,0.5171296296296296,2026-08-15,2026-08-15,CVE-2025-10340,3.5,2026-06-17T08:28:08.430
CVE-2025-10332,0.002640000,0.184770000,0.5414351851851852,2026-08-15,2026-08-15,CVE-2025-10332,5.4,2026-06-17T08:28:08.297
CVE-2025-10331,0.002840000,0.209690000,0.5752314814814815,2026-08-15,2026-08-15,CVE-2025-10331,5.4,2026-06-17T08:28:08.163
CVE-2025-10330,0.004180000,0.348460000,0.7854166666666667,2026-08-15,2026-08-15,CVE-2025-10330,6.1,2026-06-17T08:28:08.030
CVE-2025-10329,0.004300000,0.358020000,0.7986111111111112,2026-08-15,2026-08-15,CVE-2025-10329,9.8,2026-06-17T08:28:07.897
CVE-2025-10328,0.094380000,0.949850000,0.9902777777777778,2026-08-15,2026-08-15,CVE-2025-10328,9.8,2026-06-17T08:28:07.753
CVE-2025-10327,0.101580000,0.952460000,0.9907407407407407,2026-08-15,2026-08-15,CVE-2025-10327,9.8,2026-06-17T08:28:07.617
CVE-2025-10326,0.070990000,0.936750000,0.986574074074074,2026-08-15,2026-08-15,CVE-2025-10326,9.8,2026-06-17T08:28:07.473
CVE-2025-10325,0.067890000,0.934130000,0.9851851851851852,2026-08-15,2026-08-15,CVE-2025-10325,8.8,2026-06-17T08:28:07.337
CVE-2025-10324,0.080820000,0.943040000,0.9881944444444445,2026-08-15,2026-08-15,CVE-2025-10324,9.8,2026-06-17T08:28:07.200
CVE-2025-10323,0.080820000,0.943040000,0.9881944444444445,2026-08-15,2026-08-15,CVE-2025-10323,9.8,2026-06-17T08:28:07.067
CVE-2025-10322,0.004760000,0.391090000,0.8388888888888889,2026-08-15,2026-08-15,CVE-2025-10322,5.3,2026-06-17T08:28:06.933
CVE-2025-10321,0.005310000,0.424280000,0.8673611111111111,2026-08-15,2026-08-15,CVE-2025-10321,5.3,2026-06-17T08:28:06.803
CVE-2025-10320,0.002390000,0.152860000,0.48564814814814816,2026-08-15,2026-08-15,CVE-2025-10320,3.1,2026-06-17T08:28:06.680
CVE-2025-10319,0.003240000,0.252380000,0.6467592592592593,2026-08-15,2026-08-15,CVE-2025-10319,6.5,2026-06-17T08:28:06.547
CVE-2025-10318,0.004310000,0.359270000,0.7988425925925926,2026-08-15,2026-08-15,CVE-2025-10318,8.8,2026-06-17T08:28:06.413
CVE-2025-10291,0.003400000,0.270320000,0.6706018518518518,2026-08-15,2026-08-15,CVE-2025-10291,8.8,2026-06-17T08:28:04.167
CVE-2025-10288,0.004420000,0.367490000,0.8159722222222222,2026-08-15,2026-08-15,CVE-2025-10288,5.3,2026-06-17T08:28:03.803
CVE-2025-10287,0.002460000,0.160980000,0.5025462962962963,2026-08-15,2026-08-15,CVE-2025-10287,3.1,2026-06-17T08:28:03.680
CVE-2025-10267,0.004090000,0.341120000,0.7726851851851851,2026-08-15,2026-08-15,CVE-2025-10267,5.3,2026-06-17T08:28:01.697
CVE-2025-10266,0.005740000,0.446490000,0.8791666666666667,2026-08-15,2026-08-15,CVE-2025-10266,9.8,2026-06-17T08:28:01.590
CVE-2025-10265,0.011150000,0.632660000,0.9467592592592593,2026-08-15,2026-08-15,CVE-2025-10265,8.8,2026-06-17T08:28:01.450
CVE-2025-10264,0.004830000,0.395110000,0.844212962962963,2026-08-15,2026-08-15,CVE-2025-10264,10.0,2026-06-17T08:28:01.310
CVE-2025-10176,0.007290000,0.511930000,0.9157407407407407,2026-08-15,2026-08-15,CVE-2025-10176,7.2,2026-06-17T08:27:49.607
CVE-2025-10148,0.004990000,0.405150000,0.8546296296296296,2026-08-15,2026-08-15,CVE-2025-10148,5.3,2026-06-17T08:27:47.000
CVE-2025-10094,0.004570000,0.378470000,0.8277777777777777,2026-08-15,2026-08-15,CVE-2025-10094,6.5,2026-06-17T08:27:40.647
CVE-2024-45434,0.064000000,0.930650000,0.9840277777777777,2026-08-15,2026-08-15,CVE-2024-45434,9.8,2026-06-17T07:54:12.397
CVE-2024-45433,0.005290000,0.422730000,0.8671296296296296,2026-08-15,2026-08-15,CVE-2024-45433,6.5,2026-06-17T07:54:12.247
CVE-2024-45432,0.007150000,0.506870000,0.9138888888888889,2026-08-15,2026-08-15,CVE-2024-45432,7.5,2026-06-17T07:54:12.093
CVE-2024-45431,0.047280000,0.910710000,0.9810185185185185,2026-08-15,2026-08-15,CVE-2024-45431,5.3,2026-06-17T07:54:11.943
CVE-2025-9826,0.002380000,0.150680000,0.4840277777777778,2026-08-15,2026-08-15,CVE-2025-9826,5.4,2026-06-17T10:09:51.010
CVE-2025-9084,0.001610000,0.057680000,0.24166666666666667,2026-08-15,2026-08-15,CVE-2025-9084,6.1,2026-06-17T10:08:17.203
CVE-2025-9078,0.001410000,0.038930000,0.13541666666666666,2026-08-15,2026-08-15,CVE-2025-9078,4.3,2026-06-17T10:08:16.527
CVE-2025-9076,0.002420000,0.156670000,0.4928240740740741,2026-08-15,2026-08-15,CVE-2025-9076,6.5,2026-06-17T10:08:16.310
CVE-2025-9072,0.001610000,0.057620000,0.24166666666666667,2026-08-15,2026-08-15,CVE-2025-9072,5.4,2026-06-17T10:08:15.863
CVE-2025-6051,0.003790000,0.310140000,0.7319444444444444,2026-08-15,2026-08-15,CVE-2025-6051,5.3,2026-06-17T10:01:03.590
CVE-2025-59378,0.001320000,0.032230000,0.09398148148148149,2026-08-15,2026-08-15,CVE-2025-59378,5.7,2026-06-17T09:46:03.110
CVE-2025-59375,0.012790000,0.675230000,0.9543981481481482,2026-08-15,2026-08-15,CVE-2025-59375,7.5,2026-06-17T09:46:02.697
CVE-2025-59364,0.004490000,0.373110000,0.8219907407407407,2026-08-15,2026-08-15,CVE-2025-59364,5.3,2026-06-17T09:46:01.287
CVE-2025-59363,0.003140000,0.242050000,0.6314814814814815,2026-08-15,2026-08-15,CVE-2025-59363,7.7,2026-06-17T09:46:00.507
CVE-2025-59361,0.032690000,0.873340000,0.9736111111111111,2026-08-15,2026-08-15,CVE-2025-59361,9.8,2026-06-17T09:45:58.673
CVE-2025-59360,0.028140000,0.853220000,0.9703703703703703,2026-08-15,2026-08-15,CVE-2025-59360,9.8,2026-06-17T09:45:58.567
CVE-2025-59359,0.029260000,0.858790000,0.9712962962962963,2026-08-15,2026-08-15,CVE-2025-59359,9.8,2026-06-17T09:45:58.460
CVE-2025-59358,0.009870000,0.594620000,0.9416666666666667,2026-08-15,2026-08-15,CVE-2025-59358,7.5,2026-06-17T09:45:58.300
CVE-2025-43794,0.002190000,0.126130000,0.4219907407407407,2026-08-15,2026-08-15,CVE-2025-43794,4.8,2026-06-17T09:24:31.983
CVE-2025-41713,0.003460000,0.276580000,0.6805555555555556,2026-08-15,2026-08-15,CVE-2025-41713,6.5,2026-06-17T09:23:01.320
CVE-2025-39804,0.002300000,0.140340000,0.4537037037037037,2026-08-15,2026-08-15,CVE-2025-39804,7.8,2026-07-30T06:23:46.430
CVE-2025-39803,0.001330000,0.032790000,0.09537037037037037,2026-08-15,2026-08-15,CVE-2025-39803,7.8,2026-06-17T09:18:30.710
CVE-2025-39802,0.002300000,0.140350000,0.4537037037037037,2026-08-15,2026-08-15,CVE-2025-39802,7.8,2026-07-30T06:23:46.320
CVE-2025-39801,0.001380000,0.036950000,0.12685185185185185,2026-08-15,2026-08-15,CVE-2025-39801,5.5,2026-06-17T09:18:30.480
CVE-2025-39800,0.001430000,0.040700000,0.14027777777777778,2026-08-15,2026-08-15,CVE-2025-39800,5.5,2026-07-30T06:23:46.187
CVE-2025-36035,0.001310000,0.031510000,0.08796296296296297,2026-08-15,2026-08-15,CVE-2025-36035,5.1,2026-06-17T09:14:24.130
CVE-2025-3025,0.001320000,0.032010000,0.09398148148148149,2026-08-15,2026-08-15,CVE-2025-3025,7.3,2026-06-17T09:19:02.550
CVE-2025-10453,0.002900000,0.215670000,0.5893518518518519,2026-08-15,2026-08-15,CVE-2025-10453,5.3,2026-06-17T08:28:21.700
CVE-2025-10452,0.006040000,0.460640000,0.8893518518518518,2026-08-15,2026-08-15,CVE-2025-10452,9.8,2026-06-17T08:28:21.583
CVE-2025-10446,0.004410000,0.366760000,0.80625,2026-08-15,2026-08-15,CVE-2025-10446,9.8,2026-06-17T08:28:20.830
CVE-2025-10445,0.004410000,0.366680000,0.80625,2026-08-15,2026-08-15,CVE-2025-10445,9.8,2026-06-17T08:28:20.693
CVE-2025-10444,0.004560000,0.377920000,0.8268518518518518,2026-08-15,2026-08-15,CVE-2025-10444,9.8,2026-06-17T08:28:20.550
CVE-2025-10443,0.037060000,0.887930000,0.9752314814814815,2026-08-15,2026-08-15,CVE-2025-10443,8.8,2026-06-17T08:28:20.417
CVE-2025-10442,0.083170000,0.944490000,0.9893518518518518,2026-08-15,2026-08-15,CVE-2025-10442,8.8,2026-06-17T08:28:20.280
CVE-2025-10441,0.121100000,0.957900000,0.9916666666666667,2026-08-15,2026-08-15,CVE-2025-10441,6.3,2026-06-17T08:28:20.153
CVE-2025-10440,0.121100000,0.957900000,0.9916666666666667,2026-08-15,2026-08-15,CVE-2025-10440,6.3,2026-06-17T08:28:20.017
CVE-2025-10436,0.003980000,0.329980000,0.762962962962963,2026-08-15,2026-08-15,CVE-2025-10436,9.8,2026-06-17T08:28:19.590
CVE-2025-10435,0.003870000,0.319540000,0.7449074074074075,2026-08-15,2026-08-15,CVE-2025-10435,9.8,2026-06-17T08:28:19.460
CVE-2025-10434,0.002460000,0.161630000,0.5025462962962963,2026-08-15,2026-08-15,CVE-2025-10434,2.4,2026-06-17T08:28:19.337
CVE-2025-10433,0.002880000,0.213380000,0.5856481481481481,2026-08-15,2026-08-15,CVE-2025-10433,6.3,2026-06-17T08:28:19.213
CVE-2025-10432,0.014550000,0.712110000,0.9585648148148148,2026-08-15,2026-08-15,CVE-2025-10432,9.8,2026-06-17T08:28:19.087
CVE-2025-10431,0.003510000,0.281680000,0.687962962962963,2026-08-15,2026-08-15,CVE-2025-10431,8.8,2026-06-17T08:28:18.943
CVE-2025-10430,0.003520000,0.283140000,0.6935185185185185,2026-08-15,2026-08-15,CVE-2025-10430,8.8,2026-06-17T08:28:18.810
CVE-2025-10429,0.003510000,0.281690000,0.687962962962963,2026-08-15,2026-08-15,CVE-2025-10429,8.8,2026-06-17T08:28:18.673
CVE-2025-10428,0.003790000,0.310350000,0.7319444444444444,2026-08-15,2026-08-15,CVE-2025-10428,8.8,2026-06-17T08:28:18.540
CVE-2025-10427,0.003790000,0.310360000,0.7319444444444444,2026-08-15,2026-08-15,CVE-2025-10427,8.8,2026-06-17T08:28:18.407
CVE-2025-10426,0.003870000,0.319530000,0.7449074074074075,2026-08-15,2026-08-15,CVE-2025-10426,9.8,2026-06-17T08:28:18.270
CVE-2025-10425,0.004550000,0.377140000,0.8261574074074074,2026-08-15,2026-08-15,CVE-2025-10425,9.8,2026-06-17T08:28:18.137
CVE-2025-10424,0.004240000,0.354140000,0.7949074074074074,2026-08-15,2026-08-15,CVE-2025-10424,9.8,2026-06-17T08:28:18.000
CVE-2025-10423,0.004170000,0.347390000,0.7819444444444444,2026-08-15,2026-08-15,CVE-2025-10423,3.7,2026-06-17T08:28:17.867
CVE-2025-10422,0.002680000,0.190240000,0.5469907407407407,2026-08-15,2026-08-15,CVE-2025-10422,4.3,2026-06-17T08:28:17.730
CVE-2025-10421,0.003510000,0.281680000,0.687962962962963,2026-08-15,2026-08-15,CVE-2025-10421,8.8,2026-06-17T08:28:17.597
CVE-2025-10420,0.003510000,0.281690000,0.687962962962963,2026-08-15,2026-08-15,CVE-2025-10420,8.8,2026-06-17T08:28:17.460
CVE-2025-10419,0.003510000,0.281720000,0.687962962962963,2026-08-15,2026-08-15,CVE-2025-10419,8.8,2026-06-17T08:28:17.327
CVE-2025-10418,0.003510000,0.281680000,0.687962962962963,2026-08-15,2026-08-15,CVE-2025-10418,8.8,2026-06-17T08:28:17.200
CVE-2025-10417,0.004410000,0.366790000,0.80625,2026-08-15,2026-08-15,CVE-2025-10417,9.8,2026-06-17T08:28:17.063
CVE-2025-10416,0.004210000,0.351020000,0.787962962962963,2026-08-15,2026-08-15,CVE-2025-10416,9.8,2026-06-17T08:28:16.930
CVE-2025-10415,0.004150000,0.346340000,0.7789351851851852,2026-08-15,2026-08-15,CVE-2025-10415,9.8,2026-06-17T08:28:16.797
CVE-2025-10414,0.004150000,0.346340000,0.7789351851851852,2026-08-15,2026-08-15,CVE-2025-10414,9.8,2026-06-17T08:28:16.667
CVE-2025-10413,0.004150000,0.346350000,0.7789351851851852,2026-08-15,2026-08-15,CVE-2025-10413,9.8,2026-06-17T08:28:16.530
CVE-2025-10411,0.003570000,0.288650000,0.700462962962963,2026-08-15,2026-08-15,CVE-2025-10411,6.1,2026-06-17T08:28:16.297
CVE-2025-10410,0.003910000,0.322390000,0.7537037037037037,2026-08-15,2026-08-15,CVE-2025-10410,9.8,2026-06-17T08:28:16.167
CVE-2025-10409,0.003350000,0.264680000,0.6643518518518519,2026-08-15,2026-08-15,CVE-2025-10409,8.8,2026-06-17T08:28:16.030
CVE-2025-10408,0.003350000,0.264690000,0.6643518518518519,2026-08-15,2026-08-15,CVE-2025-10408,8.8,2026-06-17T08:28:15.890
CVE-2025-10407,0.003350000,0.264690000,0.6643518518518519,2026-08-15,2026-08-15,CVE-2025-10407,8.8,2026-06-17T08:28:15.760
CVE-2025-10405,0.004150000,0.346400000,0.7789351851851852,2026-08-15,2026-08-15,CVE-2025-10405,9.8,2026-06-17T08:28:15.493
CVE-2025-10404,0.004260000,0.355610000,0.7965277777777777,2026-08-15,2026-08-15,CVE-2025-10404,9.8,2026-06-17T08:28:15.293
CVE-2025-10403,0.004450000,0.370280000,0.8185185185185185,2026-08-15,2026-08-15,CVE-2025-10403,9.8,2026-06-17T08:28:15.100
CVE-2025-10402,0.004150000,0.346390000,0.7789351851851852,2026-08-15,2026-08-15,CVE-2025-10402,9.8,2026-06-17T08:28:14.970
CVE-2025-10401,0.081500000,0.943520000,0.9888888888888889,2026-08-15,2026-08-15,CVE-2025-10401,8.8,2026-06-17T08:28:14.830
CVE-2025-10400,0.003350000,0.264690000,0.6643518518518519,2026-08-15,2026-08-15,CVE-2025-10400,8.8,2026-06-17T08:28:14.690
CVE-2025-10399,0.002400000,0.154270000,0.4898148148148148,2026-08-15,2026-08-15,CVE-2025-10399,6.3,2026-06-17T08:28:14.567
CVE-2025-10398,0.003280000,0.256740000,0.6518518518518519,2026-08-15,2026-08-15,CVE-2025-10398,8.8,2026-06-17T08:28:14.430
CVE-2025-10397,0.003450000,0.276120000,0.6787037037037037,2026-08-15,2026-08-15,CVE-2025-10397,7.2,2026-06-17T08:28:14.300
CVE-2025-10396,0.004720000,0.388000000,0.837037037037037,2026-08-15,2026-08-15,CVE-2025-10396,9.8,2026-06-17T08:28:14.167
CVE-2025-10395,0.003450000,0.276110000,0.6787037037037037,2026-08-15,2026-08-15,CVE-2025-10395,7.2,2026-06-17T08:28:14.037
CVE-2025-10394,0.004310000,0.359320000,0.7988425925925926,2026-08-15,2026-08-15,CVE-2025-10394,7.2,2026-06-17T08:28:13.900
CVE-2025-10393,0.002600000,0.178870000,0.5342592592592592,2026-08-15,2026-08-15,CVE-2025-10393,6.3,2026-06-17T08:28:13.780
CVE-2025-10392,0.007300000,0.512320000,0.9159722222222222,2026-08-15,2026-08-15,CVE-2025-10392,9.8,2026-06-17T08:28:13.657
CVE-2025-10391,0.003220000,0.250270000,0.6412037037037037,2026-08-15,2026-08-15,CVE-2025-10391,8.8,2026-06-17T08:28:13.523
CVE-2025-10390,0.003660000,0.297550000,0.7152777777777778,2026-08-15,2026-08-15,CVE-2025-10390,8.8,2026-06-17T08:28:13.393
CVE-2025-10204,0.004830000,0.395200000,0.844212962962963,2026-08-15,2026-08-15,CVE-2025-10204,,2026-06-17T08:27:53.930
CVE-2025-0164,0.001230000,0.024830000,0.06967592592592593,2026-08-15,2026-08-15,CVE-2025-0164,2.3,2026-06-17T08:25:59.670
CVE-2022-50256,0.001470000,0.044330000,0.18055555555555555,2026-08-15,2026-08-15,CVE-2022-50256,7.8,2026-08-15T13:17:31.143
CVE-2022-50255,0.001530000,0.049770000,0.21319444444444444,2026-08-15,2026-08-15,CVE-2022-50255,7.1,2026-08-04T10:18:09.263
CVE-2022-50254,0.001280000,0.028230000,0.0824074074074074,2026-08-15,2026-08-15,CVE-2022-50254,5.5,2026-06-17T05:23:05.063
CVE-2022-50253,0.001460000,0.043430000,0.16620370370370371,2026-08-15,2026-08-15,CVE-2022-50253,5.5,2026-06-17T05:23:04.913
CVE-2022-50252,0.001520000,0.048740000,0.20902777777777778,2026-08-15,2026-08-15,CVE-2022-50252,7.8,2026-08-04T10:18:09.110
CVE-2022-50251,0.001490000,0.046200000,0.1865740740740741,2026-08-15,2026-08-15,CVE-2022-50251,5.5,2026-06-17T05:23:04.633
CVE-2022-50250,0.001460000,0.043420000,0.16620370370370371,2026-08-15,2026-08-15,CVE-2022-50250,5.5,2026-06-17T05:23:04.503
CVE-2022-50249,0.001490000,0.046160000,0.1865740740740741,2026-08-15,2026-08-15,CVE-2022-50249,5.5,2026-06-17T05:23:04.370
CVE-2022-50248,0.001500000,0.047480000,0.20069444444444445,2026-08-15,2026-08-15,CVE-2022-50248,7.8,2026-08-04T10:18:08.940
CVE-2022-50247,0.001450000,0.042720000,0.15416666666666667,2026-08-15,2026-08-15,CVE-2022-50247,5.5,2026-06-17T05:23:04.097
CVE-2022-50246,0.001460000,0.043370000,0.16620370370370371,2026-08-15,2026-08-15,CVE-2022-50246,5.5,2026-06-17T05:23:03.973
CVE-2022-50245,0.001560000,0.052610000,0.22523148148148148,2026-08-15,2026-08-15,CVE-2022-50245,7.8,2026-06-17T05:23:03.843
CVE-2022-50244,0.001490000,0.046220000,0.1865740740740741,2026-08-15,2026-08-15,CVE-2022-50244,5.5,2026-06-17T05:23:03.703
CVE-2022-50243,0.001490000,0.046500000,0.1865740740740741,2026-08-15,2026-08-15,CVE-2022-50243,7.8,2026-08-04T10:18:08.787
CVE-2022-50242,0.001490000,0.046220000,0.1865740740740741,2026-08-15,2026-08-15,CVE-2022-50242,5.5,2026-06-17T05:23:03.430
CVE-2022-50241,0.003370000,0.266900000,0.6682870370370371,2026-08-15,2026-08-15,CVE-2022-50241,7.8,2026-08-04T10:18:08.650
CVE-2022-50240,0.001530000,0.050050000,0.21319444444444444,2026-08-15,2026-08-15,CVE-2022-50240,7.8,2026-08-04T10:18:08.510
CVE-2022-50239,0.001480000,0.045710000,0.1840277777777778,2026-08-15,2026-08-15,CVE-2022-50239,7.1,2026-06-17T05:23:03.057
CVE-2022-50236,0.001430000,0.041320000,0.14027777777777778,2026-08-15,2026-08-15,CVE-2022-50236,5.5,2026-06-17T05:23:02.553
CVE-2022-50235,0.003910000,0.323210000,0.7537037037037037,2026-08-15,2026-08-15,CVE-2022-50235,7.8,2026-08-04T10:18:08.387
CVE-2022-50234,0.001530000,0.050250000,0.21319444444444444,2026-08-15,2026-08-15,CVE-2022-50234,7.8,2026-08-04T10:18:08.240
CVE-2025-59377,0.012240000,0.662260000,0.9525462962962963,2026-08-15,2026-08-15,CVE-2025-59377,9.8,2026-06-17T09:46:02.987
CVE-2025-59376,0.002810000,0.206630000,0.5701388888888889,2026-08-15,2026-08-15,CVE-2025-59376,5.3,2026-06-17T09:46:02.860
CVE-2025-56710,0.001830000,0.080930000,0.3076388888888889,2026-08-15,2026-08-15,CVE-2025-56710,7.3,2026-06-17T09:42:44.380
CVE-2025-50944,0.002470000,0.163060000,0.5041666666666667,2026-08-15,2026-08-15,CVE-2025-50944,8.8,2026-06-17T09:35:26.947
CVE-2025-50110,0.002490000,0.165240000,0.5099537037037037,2026-08-15,2026-08-15,CVE-2025-50110,8.8,2026-06-17T09:34:40.240
CVE-2025-46408,0.006110000,0.463440000,0.8912037037037037,2026-08-15,2026-08-15,CVE-2025-46408,9.8,2026-06-17T09:26:21.370
CVE-2025-10448,0.004830000,0.395380000,0.844212962962963,2026-08-15,2026-08-15,CVE-2025-10448,9.8,2026-06-17T08:28:21.103
CVE-2025-10447,0.004240000,0.354130000,0.7949074074074074,2026-08-15,2026-08-15,CVE-2025-10447,9.8,2026-06-17T08:28:20.967
CVE-2023-53198,0.001430000,0.041320000,0.14027777777777778,2026-08-15,2026-08-15,CVE-2023-53198,5.5,2026-06-17T06:44:29.250
CVE-2023-53197,0.001510000,0.048320000,0.20416666666666666,2026-08-15,2026-08-15,CVE-2023-53197,5.5,2026-06-17T06:44:29.150
CVE-2023-53196,0.001460000,0.043270000,0.16620370370370371,2026-08-15,2026-08-15,CVE-2023-53196,5.5,2026-06-17T06:44:29.030
CVE-2023-53195,0.001430000,0.041010000,0.14027777777777778,2026-08-15,2026-08-15,CVE-2023-53195,5.5,2026-06-17T06:44:28.927
CVE-2023-53194,0.001520000,0.048700000,0.20902777777777778,2026-08-15,2026-08-15,CVE-2023-53194,7.8,2026-08-04T10:18:57.577
CVE-2023-53193,0.001450000,0.042740000,0.15416666666666667,2026-08-15,2026-08-15,CVE-2023-53193,5.5,2026-06-17T06:44:28.680
CVE-2023-53192,0.003540000,0.286010000,0.6972222222222222,2026-08-15,2026-08-15,CVE-2023-53192,7.8,2026-08-04T10:18:57.407
CVE-2023-53191,0.001460000,0.043360000,0.16620370370370371,2026-08-15,2026-08-15,CVE-2023-53191,5.5,2026-06-17T06:44:28.407
CVE-2023-53190,0.001620000,0.058610000,0.24421296296296297,2026-08-15,2026-08-15,CVE-2023-53190,5.5,2026-06-17T06:44:28.287
CVE-2023-53189,0.001530000,0.050260000,0.21319444444444444,2026-08-15,2026-08-15,CVE-2023-53189,5.5,2026-08-04T10:18:57.257
CVE-2023-53188,0.001050000,0.012170000,0.03981481481481482,2026-08-15,2026-08-15,CVE-2023-53188,4.7,2026-06-17T06:44:28.010
CVE-2023-53187,0.001480000,0.045420000,0.1840277777777778,2026-08-15,2026-08-15,CVE-2023-53187,7.8,2026-08-04T10:18:57.110
CVE-2023-53186,0.002430000,0.158290000,0.4949074074074074,2026-08-15,2026-08-15,CVE-2023-53186,4.7,2026-08-04T10:18:56.967
CVE-2023-53185,0.001490000,0.046190000,0.1865740740740741,2026-08-15,2026-08-15,CVE-2023-53185,5.5,2026-06-17T06:44:27.600
CVE-2023-53184,0.001510000,0.048080000,0.20416666666666666,2026-08-15,2026-08-15,CVE-2023-53184,7.8,2026-08-04T10:18:56.813
CVE-2023-53182,0.001460000,0.043230000,0.16620370370370371,2026-08-15,2026-08-15,CVE-2023-53182,5.5,2026-06-17T06:44:27.323
CVE-2023-53181,0.001430000,0.041290000,0.14027777777777778,2026-08-15,2026-08-15,CVE-2023-53181,5.5,2026-06-17T06:44:27.210
CVE-2023-53180,0.001280000,0.028250000,0.0824074074074074,2026-08-15,2026-08-15,CVE-2023-53180,5.5,2026-06-17T06:44:27.110
CVE-2023-53179,0.001560000,0.052920000,0.22523148148148148,2026-08-15,2026-08-15,CVE-2023-53179,7.8,2026-08-04T10:18:56.657
CVE-2023-53178,0.001100000,0.014740000,0.04652777777777778,2026-08-15,2026-08-15,CVE-2023-53178,4.7,2026-08-04T10:18:56.513
CVE-2023-53177,0.001430000,0.041300000,0.14027777777777778,2026-08-15,2026-08-15,CVE-2023-53177,5.5,2026-06-17T06:44:26.743
CVE-2023-53176,0.001530000,0.050270000,0.21319444444444444,2026-08-15,2026-08-15,CVE-2023-53176,5.5,2026-08-04T10:18:56.320
CVE-2023-53175,0.001450000,0.042650000,0.15416666666666667,2026-08-15,2026-08-15,CVE-2023-53175,5.5,2026-06-17T06:44:26.507
CVE-2023-53174,0.001460000,0.043360000,0.16620370370370371,2026-08-15,2026-08-15,CVE-2023-53174,5.5,2026-06-17T06:44:26.387
CVE-2023-53173,0.001450000,0.042740000,0.15416666666666667,2026-08-15,2026-08-15,CVE-2023-53173,5.5,2026-06-17T06:44:26.290
CVE-2023-53172,0.001280000,0.028220000,0.0824074074074074,2026-08-15,2026-08-15,CVE-2023-53172,5.5,2026-06-17T06:44:26.190
CVE-2023-53171,0.001450000,0.042720000,0.15416666666666667,2026-08-15,2026-08-15,CVE-2023-53171,5.5,2026-06-17T06:44:26.087
CVE-2023-53170,0.001340000,0.033770000,0.09722222222222222,2026-08-15,2026-08-15,CVE-2023-53170,5.5,2026-08-04T10:18:56.177
CVE-2023-53169,0.001450000,0.042460000,0.15416666666666667,2026-08-15,2026-08-15,CVE-2023-53169,5.5,2026-06-17T06:44:25.870
CVE-2023-53168,0.001430000,0.041310000,0.14027777777777778,2026-08-15,2026-08-15,CVE-2023-53168,5.5,2026-06-17T06:44:25.767
CVE-2023-53167,0.001460000,0.043300000,0.16620370370370371,2026-08-15,2026-08-15,CVE-2023-53167,5.5,2026-06-17T06:44:25.647
CVE-2023-53166,0.001030000,0.011080000,0.038657407407407404,2026-08-15,2026-08-15,CVE-2023-53166,4.7,2026-06-17T06:44:25.533
CVE-2023-53165,0.001460000,0.043300000,0.16620370370370371,2026-08-15,2026-08-15,CVE-2023-53165,5.5,2026-06-17T06:44:25.413
CVE-2023-53164,0.001460000,0.043300000,0.16620370370370371,2026-08-15,2026-08-15,CVE-2023-53164,5.5,2026-06-17T06:44:25.300
CVE-2023-53163,0.001450000,0.042650000,0.15416666666666667,2026-08-15,2026-08-15,CVE-2023-53163,5.5,2026-06-17T06:44:25.193
CVE-2023-53153,0.001490000,0.046480000,0.1865740740740741,2026-08-15,2026-08-15,CVE-2023-53153,7.8,2026-06-17T06:44:23.960
CVE-2023-53152,0.001430000,0.041000000,0.14027777777777778,2026-08-15,2026-08-15,CVE-2023-53152,5.5,2026-06-17T06:44:23.847
CVE-2023-53151,0.001110000,0.015130000,0.04814814814814815,2026-08-15,2026-08-15,CVE-2023-53151,5.5,2026-06-17T06:44:23.720
CVE-2023-53150,0.001460000,0.043850000,0.16620370370370371,2026-08-15,2026-08-15,CVE-2023-53150,5.5,2026-06-17T06:44:23.603
CVE-2023-53149,0.001090000,0.014120000,0.04583333333333333,2026-08-15,2026-08-15,CVE-2023-53149,5.5,2026-06-17T06:44:23.503
CVE-2023-53148,0.001540000,0.050770000,0.2196759259259259,2026-08-15,2026-08-15,CVE-2023-53148,7.8,2026-06-17T06:44:23.367
CVE-2023-53147,0.001460000,0.043290000,0.16620370370370371,2026-08-15,2026-08-15,CVE-2023-53147,5.5,2026-06-17T06:44:23.223
CVE-2022-50306,0.001440000,0.041710000,0.15208333333333332,2026-08-15,2026-08-15,CVE-2022-50306,7.1,2026-08-04T10:18:10.520
CVE-2022-50305,0.001470000,0.044460000,0.18055555555555555,2026-08-15,2026-08-15,CVE-2022-50305,7.8,2026-06-17T05:23:11.740
CVE-2022-50304,0.001430000,0.041290000,0.14027777777777778,2026-08-15,2026-08-15,CVE-2022-50304,5.5,2026-06-17T05:23:11.620
CVE-2022-50303,0.001510000,0.048090000,0.20416666666666666,2026-08-15,2026-08-15,CVE-2022-50303,7.8,2026-08-15T13:17:31.703
CVE-2022-50302,0.003370000,0.266130000,0.6682870370370371,2026-08-15,2026-08-15,CVE-2022-50302,5.5,2026-08-04T10:18:10.267
CVE-2022-50301,0.001720000,0.069320000,0.27824074074074073,2026-08-15,2026-08-15,CVE-2022-50301,7.8,2026-06-17T05:23:11.247
CVE-2022-50300,0.001510000,0.048330000,0.20416666666666666,2026-08-15,2026-08-15,CVE-2022-50300,7.8,2026-08-04T10:18:10.140
CVE-2022-50299,0.001470000,0.044370000,0.18055555555555555,2026-08-15,2026-08-15,CVE-2022-50299,5.5,2026-06-17T05:23:10.983
CVE-2022-50298,0.001450000,0.042620000,0.15416666666666667,2026-08-15,2026-08-15,CVE-2022-50298,5.5,2026-06-17T05:23:10.877
CVE-2022-50297,0.001490000,0.046170000,0.1865740740740741,2026-08-15,2026-08-15,CVE-2022-50297,5.5,2026-06-17T05:23:10.730
CVE-2022-50296,0.001490000,0.045890000,0.1865740740740741,2026-08-15,2026-08-15,CVE-2022-50296,5.5,2026-06-17T05:23:10.580
CVE-2022-50295,0.001270000,0.028050000,0.07546296296296297,2026-08-15,2026-08-15,CVE-2022-50295,5.5,2026-06-17T05:23:10.470
CVE-2022-50294,0.001450000,0.043030000,0.15416666666666667,2026-08-15,2026-08-15,CVE-2022-50294,5.5,2026-06-17T05:23:10.337
CVE-2022-50293,0.001450000,0.042620000,0.15416666666666667,2026-08-15,2026-08-15,CVE-2022-50293,5.5,2026-06-17T05:23:10.223
CVE-2022-50292,0.001270000,0.028050000,0.07546296296296297,2026-08-15,2026-08-15,CVE-2022-50292,5.5,2026-06-17T05:23:10.113
CVE-2022-50291,0.001460000,0.043410000,0.16620370370370371,2026-08-15,2026-08-15,CVE-2022-50291,5.5,2026-06-17T05:23:09.963
CVE-2022-50289,0.001490000,0.046230000,0.1865740740740741,2026-08-15,2026-08-15,CVE-2022-50289,5.5,2026-06-17T05:23:09.800
CVE-2022-50288,0.001480000,0.044970000,0.1840277777777778,2026-08-15,2026-08-15,CVE-2022-50288,5.5,2026-06-17T05:23:09.660
CVE-2022-50287,0.001430000,0.041250000,0.14027777777777778,2026-08-15,2026-08-15,CVE-2022-50287,5.5,2026-06-17T05:23:09.547
CVE-2022-50286,0.001530000,0.050250000,0.21319444444444444,2026-08-15,2026-08-15,CVE-2022-50286,5.5,2026-08-04T10:18:09.990
CVE-2022-50285,0.001460000,0.043390000,0.16620370370370371,2026-08-15,2026-08-15,CVE-2022-50285,5.5,2026-06-17T05:23:09.263
CVE-2022-50284,0.001430000,0.041320000,0.14027777777777778,2026-08-15,2026-08-15,CVE-2022-50284,5.5,2026-06-17T05:23:09.157
CVE-2022-50283,0.001530000,0.050170000,0.21319444444444444,2026-08-15,2026-08-15,CVE-2022-50283,7.8,2026-08-04T10:18:09.837
CVE-2022-50282,0.001680000,0.065070000,0.2662037037037037,2026-08-15,2026-08-15,CVE-2022-50282,5.5,2026-06-17T05:23:08.870
CVE-2022-50281,0.001450000,0.042450000,0.15416666666666667,2026-08-15,2026-08-15,CVE-2022-50281,5.5,2026-06-17T05:23:08.753
CVE-2022-50280,0.001490000,0.046200000,0.1865740740740741,2026-08-15,2026-08-15,CVE-2022-50280,5.5,2026-06-17T05:23:08.583
CVE-2022-50279,0.001490000,0.046580000,0.1865740740740741,2026-08-15,2026-08-15,CVE-2022-50279,7.1,2026-06-17T05:23:08.450
CVE-2022-50278,0.001490000,0.046200000,0.1865740740740741,2026-08-15,2026-08-15,CVE-2022-50278,5.5,2026-06-17T05:23:08.317
CVE-2022-50277,0.000930000,0.006730000,0.028935185185185185,2026-08-15,2026-08-15,CVE-2022-50277,5.5,2026-06-17T05:23:08.207
CVE-2022-50276,0.001470000,0.044220000,0.18055555555555555,2026-08-15,2026-08-15,CVE-2022-50276,5.5,2026-06-17T05:23:08.090
CVE-2022-50275,0.001450000,0.043030000,0.15416666666666667,2026-08-15,2026-08-15,CVE-2022-50275,5.5,2026-06-17T05:23:07.957
CVE-2022-50274,0.001490000,0.046480000,0.1865740740740741,2026-08-15,2026-08-15,CVE-2022-50274,7.8,2026-08-04T10:18:09.687
CVE-2022-50273,0.001450000,0.043040000,0.15416666666666667,2026-08-15,2026-08-15,CVE-2022-50273,5.5,2026-08-15T13:17:31.530
CVE-2022-50272,0.001500000,0.047290000,0.20069444444444445,2026-08-15,2026-08-15,CVE-2022-50272,5.5,2026-06-17T05:23:07.563
CVE-2022-50271,0.001460000,0.043410000,0.16620370370370371,2026-08-15,2026-08-15,CVE-2022-50271,5.5,2026-06-17T05:23:07.423
CVE-2022-50270,0.001470000,0.044430000,0.18055555555555555,2026-08-15,2026-08-15,CVE-2022-50270,7.1,2026-08-04T10:18:09.550
CVE-2022-50269,0.001450000,0.042600000,0.15416666666666667,2026-08-15,2026-08-15,CVE-2022-50269,5.5,2026-06-17T05:23:07.180
CVE-2022-50268,0.001490000,0.046170000,0.1865740740740741,2026-08-15,2026-08-15,CVE-2022-50268,5.5,2026-06-17T05:23:07.043
CVE-2022-50267,0.001450000,0.042610000,0.15416666666666667,2026-08-15,2026-08-15,CVE-2022-50267,5.5,2026-06-17T05:23:06.923
CVE-2022-50266,0.001430000,0.041280000,0.14027777777777778,2026-08-15,2026-08-15,CVE-2022-50266,5.5,2026-06-17T05:23:06.787
CVE-2022-50265,0.001450000,0.043040000,0.15416666666666667,2026-08-15,2026-08-15,CVE-2022-50265,5.5,2026-06-17T05:23:06.630
CVE-2022-50264,0.001460000,0.043420000,0.16620370370370371,2026-08-15,2026-08-15,CVE-2022-50264,5.5,2026-06-17T05:23:06.517
CVE-2022-50263,0.001430000,0.041280000,0.14027777777777778,2026-08-15,2026-08-15,CVE-2022-50263,5.5,2026-06-17T05:23:06.403
CVE-2022-50262,0.001450000,0.042460000,0.15416666666666667,2026-08-15,2026-08-15,CVE-2022-50262,5.5,2026-08-15T13:17:31.343
CVE-2022-50261,0.001490000,0.046160000,0.1865740740740741,2026-08-15,2026-08-15,CVE-2022-50261,5.5,2026-06-17T05:23:06.087
CVE-2022-50260,0.001430000,0.041290000,0.14027777777777778,2026-08-15,2026-08-15,CVE-2022-50260,5.5,2026-06-17T05:23:05.937
CVE-2022-50259,0.001080000,0.013710000,0.04259259259259259,2026-08-15,2026-08-15,CVE-2022-50259,4.7,2026-08-04T10:18:09.397
CVE-2022-50258,0.001530000,0.050280000,0.21319444444444444,2026-08-15,2026-08-15,CVE-2022-50258,7.8,2026-06-17T05:23:05.627
CVE-2022-50257,0.001490000,0.046180000,0.1865740740740741,2026-08-15,2026-08-15,CVE-2022-50257,5.5,2026-06-17T05:23:05.447
CVE-2025-8396,0.003620000,0.293180000,0.7081018518518518,2026-08-15,2026-08-15,CVE-2025-8396,,2026-06-17T10:06:53.130
CVE-2025-6202,0.002910000,0.216500000,0.5914351851851852,2026-08-15,2026-08-15,CVE-2025-6202,,2026-06-17T10:01:22.633
CVE-2025-52053,0.043740000,0.904450000,0.9796296296296296,2026-08-15,2026-08-15,CVE-2025-52053,9.8,2026-06-17T09:35:58.507
CVE-2025-36082,0.001200000,0.021330000,0.06481481481481481,2026-08-15,2026-08-15,CVE-2025-36082,3.3,2026-06-17T09:14:27.233
CVE-2025-10491,0.001110000,0.015210000,0.04814814814814815,2026-08-15,2026-08-15,CVE-2025-10491,7.8,2026-06-17T08:28:25.500
CVE-2025-10459,0.003870000,0.319540000,0.7449074074074075,2026-08-15,2026-08-15,CVE-2025-10459,9.8,2026-06-17T08:28:22.143
CVE-2023-53262,0.001420000,0.040200000,0.13842592592592592,2026-08-15,2026-08-15,CVE-2023-53262,7.8,2026-06-17T06:44:40.143
CVE-2023-53261,0.001190000,0.020640000,0.060648148148148145,2026-08-15,2026-08-15,CVE-2023-53261,5.5,2026-06-17T06:44:39.973
CVE-2023-53260,0.001330000,0.032890000,0.09537037037037037,2026-08-15,2026-08-15,CVE-2023-53260,5.5,2026-06-17T06:44:39.787
CVE-2023-53259,0.001390000,0.037450000,0.1287037037037037,2026-08-15,2026-08-15,CVE-2023-53259,7.1,2026-06-17T06:44:39.650
CVE-2023-53258,0.001340000,0.033080000,0.09722222222222222,2026-08-15,2026-08-15,CVE-2023-53258,5.5,2026-06-17T06:44:39.477
CVE-2023-53257,0.001950000,0.095180000,0.3456018518518518,2026-08-15,2026-08-15,CVE-2023-53257,7.8,2026-08-04T10:19:00.047
CVE-2023-53256,0.001360000,0.034630000,0.1136574074074074,2026-08-15,2026-08-15,CVE-2023-53256,5.5,2026-06-17T06:44:39.133
CVE-2023-53255,0.001360000,0.034670000,0.1136574074074074,2026-08-15,2026-08-15,CVE-2023-53255,5.5,2026-06-17T06:44:38.960
CVE-2023-53254,0.001410000,0.038970000,0.13541666666666666,2026-08-15,2026-08-15,CVE-2023-53254,7.1,2026-08-04T10:18:59.870
CVE-2023-53253,0.001770000,0.074720000,0.29189814814814813,2026-08-15,2026-08-15,CVE-2023-53253,7.8,2026-08-04T10:18:59.700
CVE-2023-53252,0.001370000,0.035490000,0.12268518518518519,2026-08-15,2026-08-15,CVE-2023-53252,7.8,2026-06-17T06:44:38.427
CVE-2023-53251,0.001350000,0.034060000,0.1037037037037037,2026-08-15,2026-08-15,CVE-2023-53251,5.5,2026-06-17T06:44:38.243
CVE-2023-53250,0.001350000,0.034270000,0.1037037037037037,2026-08-15,2026-08-15,CVE-2023-53250,5.5,2026-06-17T06:44:38.027
CVE-2023-53249,0.001350000,0.034500000,0.1037037037037037,2026-08-15,2026-08-15,CVE-2023-53249,5.5,2026-06-17T06:44:37.837
CVE-2023-53248,0.001340000,0.033010000,0.09722222222222222,2026-08-15,2026-08-15,CVE-2023-53248,5.5,2026-06-17T06:44:37.670
CVE-2023-53247,0.001340000,0.033080000,0.09722222222222222,2026-08-15,2026-08-15,CVE-2023-53247,5.5,2026-06-17T06:44:37.477
CVE-2023-53246,0.001360000,0.035200000,0.1136574074074074,2026-08-15,2026-08-15,CVE-2023-53246,5.5,2026-06-17T06:44:37.347
CVE-2023-53245,0.001360000,0.034710000,0.1136574074074074,2026-08-15,2026-08-15,CVE-2023-53245,5.5,2026-06-17T06:44:37.140
CVE-2023-53244,0.001350000,0.034290000,0.1037037037037037,2026-08-15,2026-08-15,CVE-2023-53244,5.5,2026-06-17T06:44:36.973
CVE-2023-53243,0.001450000,0.042730000,0.15416666666666667,2026-08-15,2026-08-15,CVE-2023-53243,5.5,2026-06-17T06:44:36.770
CVE-2023-53242,0.001500000,0.046850000,0.20069444444444445,2026-08-15,2026-08-15,CVE-2023-53242,5.5,2026-08-04T10:18:59.363
CVE-2023-53241,0.001450000,0.042730000,0.15416666666666667,2026-08-15,2026-08-15,CVE-2023-53241,5.5,2026-06-17T06:44:36.410
CVE-2023-53240,0.001430000,0.041330000,0.14027777777777778,2026-08-15,2026-08-15,CVE-2023-53240,5.5,2026-06-17T06:44:36.210
CVE-2023-53239,0.001460000,0.043370000,0.16620370370370371,2026-08-15,2026-08-15,CVE-2023-53239,5.5,2026-06-17T06:44:36.030
CVE-2023-53238,0.001490000,0.046580000,0.1865740740740741,2026-08-15,2026-08-15,CVE-2023-53238,7.1,2026-06-17T06:44:35.840
CVE-2023-53237,0.001450000,0.042720000,0.15416666666666667,2026-08-15,2026-08-15,CVE-2023-53237,5.5,2026-06-17T06:44:35.660
CVE-2023-53236,0.001340000,0.033770000,0.09722222222222222,2026-08-15,2026-08-15,CVE-2023-53236,5.5,2026-08-04T10:18:59.167
CVE-2023-53235,0.001530000,0.050180000,0.21319444444444444,2026-08-15,2026-08-15,CVE-2023-53235,7.8,2026-06-17T06:44:35.293
CVE-2023-53234,0.001460000,0.043260000,0.16620370370370371,2026-08-15,2026-08-15,CVE-2023-53234,5.5,2026-06-17T06:44:35.080
CVE-2023-53233,0.001100000,0.014660000,0.04652777777777778,2026-08-15,2026-08-15,CVE-2023-53233,5.5,2026-06-17T06:44:34.857
CVE-2023-53232,0.001490000,0.045830000,0.1865740740740741,2026-08-15,2026-08-15,CVE-2023-53232,7.1,2026-06-17T06:44:34.690
CVE-2023-53231,0.001270000,0.028050000,0.07546296296296297,2026-08-15,2026-08-15,CVE-2023-53231,5.5,2026-06-17T06:44:34.507
CVE-2023-53230,0.001450000,0.042460000,0.15416666666666667,2026-08-15,2026-08-15,CVE-2023-53230,5.5,2026-06-17T06:44:34.330
CVE-2023-53229,0.002130000,0.119320000,0.4060185185185185,2026-08-15,2026-08-15,CVE-2023-53229,5.5,2026-08-04T10:18:58.967
CVE-2023-53228,0.001460000,0.043900000,0.16620370370370371,2026-08-15,2026-08-15,CVE-2023-53228,5.5,2026-06-17T06:44:33.963
CVE-2023-53226,0.002190000,0.126960000,0.4219907407407407,2026-08-15,2026-08-15,CVE-2023-53226,5.5,2026-08-04T10:18:58.763
CVE-2023-53225,0.001520000,0.048770000,0.20902777777777778,2026-08-15,2026-08-15,CVE-2023-53225,5.5,2026-06-17T06:44:33.540
CVE-2023-53224,0.001460000,0.043360000,0.16620370370370371,2026-08-15,2026-08-15,CVE-2023-53224,5.5,2026-06-17T06:44:33.340
CVE-2023-53223,0.001460000,0.043350000,0.16620370370370371,2026-08-15,2026-08-15,CVE-2023-53223,5.5,2026-06-17T06:44:33.160
CVE-2023-53222,0.001530000,0.050250000,0.21319444444444444,2026-08-15,2026-08-15,CVE-2023-53222,7.1,2026-08-04T10:18:58.560
CVE-2023-53221,0.001450000,0.042630000,0.15416666666666667,2026-08-15,2026-08-15,CVE-2023-53221,5.5,2026-06-17T06:44:32.793
CVE-2023-53220,0.001460000,0.043430000,0.16620370370370371,2026-08-15,2026-08-15,CVE-2023-53220,5.5,2026-06-17T06:44:32.613
CVE-2023-53219,0.001490000,0.046510000,0.1865740740740741,2026-08-15,2026-08-15,CVE-2023-53219,7.8,2026-06-17T06:44:32.430
CVE-2023-53218,0.001510000,0.047980000,0.20416666666666666,2026-08-15,2026-08-15,CVE-2023-53218,7.8,2026-06-17T06:44:32.280
CVE-2023-53217,0.001530000,0.050270000,0.21319444444444444,2026-08-15,2026-08-15,CVE-2023-53217,7.8,2026-06-17T06:44:32.090
CVE-2023-53216,0.001530000,0.049760000,0.21319444444444444,2026-08-15,2026-08-15,CVE-2023-53216,7.8,2026-06-17T06:44:31.907
CVE-2023-53215,0.001530000,0.050270000,0.21319444444444444,2026-08-15,2026-08-15,CVE-2023-53215,7.8,2026-06-17T06:44:31.700
CVE-2023-53214,0.001610000,0.057690000,0.24166666666666667,2026-08-15,2026-08-15,CVE-2023-53214,7.8,2026-08-04T10:18:58.113
CVE-2023-53213,0.002230000,0.131610000,0.4363425925925926,2026-08-15,2026-08-15,CVE-2023-53213,7.1,2026-08-04T10:18:57.867
CVE-2023-53211,0.001430000,0.041230000,0.14027777777777778,2026-08-15,2026-08-15,CVE-2023-53211,5.5,2026-06-17T06:44:31.120
CVE-2023-53210,0.001450000,0.042740000,0.15416666666666667,2026-08-15,2026-08-15,CVE-2023-53210,5.5,2026-06-17T06:44:30.913
CVE-2023-53209,0.001430000,0.041000000,0.14027777777777778,2026-08-15,2026-08-15,CVE-2023-53209,5.5,2026-06-17T06:44:30.673
CVE-2023-53208,0.001430000,0.041250000,0.14027777777777778,2026-08-15,2026-08-15,CVE-2023-53208,5.5,2026-06-17T06:44:30.507
CVE-2023-53207,0.001430000,0.041260000,0.14027777777777778,2026-08-15,2026-08-15,CVE-2023-53207,5.5,2026-06-17T06:44:30.340
CVE-2023-53206,0.001330000,0.032760000,0.09537037037037037,2026-08-15,2026-08-15,CVE-2023-53206,5.5,2026-06-17T06:44:30.233
CVE-2023-53205,0.001550000,0.051450000,0.22268518518518518,2026-08-15,2026-08-15,CVE-2023-53205,7.8,2026-08-04T10:18:57.737
CVE-2023-53204,0.001090000,0.014100000,0.04583333333333333,2026-08-15,2026-08-15,CVE-2023-53204,4.7,2026-06-17T06:44:29.957
CVE-2023-53203,0.001330000,0.032760000,0.09537037037037037,2026-08-15,2026-08-15,CVE-2023-53203,5.5,2026-06-17T06:44:29.853
CVE-2023-53202,0.001510000,0.048310000,0.20416666666666666,2026-08-15,2026-08-15,CVE-2023-53202,5.5,2026-06-17T06:44:29.747
CVE-2023-53201,0.001520000,0.048960000,0.20902777777777778,2026-08-15,2026-08-15,CVE-2023-53201,5.5,2026-06-17T06:44:29.630
CVE-2023-53200,0.001450000,0.042710000,0.15416666666666667,2026-08-15,2026-08-15,CVE-2023-53200,5.5,2026-06-17T06:44:29.517
CVE-2023-53199,0.001460000,0.043250000,0.16620370370370371,2026-08-15,2026-08-15,CVE-2023-53199,5.5,2026-06-17T06:44:29.390
CVE-2022-50337,0.001450000,0.042620000,0.15416666666666667,2026-08-15,2026-08-15,CVE-2022-50337,5.5,2026-06-17T05:23:15.773
CVE-2022-50336,0.001450000,0.042610000,0.15416666666666667,2026-08-15,2026-08-15,CVE-2022-50336,5.5,2026-08-15T13:17:32.093
CVE-2022-50335,0.003490000,0.279940000,0.6849537037037037,2026-08-15,2026-08-15,CVE-2022-50335,5.5,2026-08-04T10:18:11.623
CVE-2022-50334,0.001460000,0.043400000,0.16620370370370371,2026-08-15,2026-08-15,CVE-2022-50334,5.5,2026-06-17T05:23:15.393
CVE-2022-50333,0.001590000,0.055140000,0.23287037037037037,2026-08-15,2026-08-15,CVE-2022-50333,7.1,2026-08-04T10:18:11.477
CVE-2022-50332,0.001250000,0.026250000,0.07268518518518519,2026-08-15,2026-08-15,CVE-2022-50332,5.5,2026-06-17T05:23:15.157
CVE-2022-50331,0.001430000,0.041010000,0.14027777777777778,2026-08-15,2026-08-15,CVE-2022-50331,5.5,2026-06-17T05:23:15.050
CVE-2022-50330,0.001490000,0.046580000,0.1865740740740741,2026-08-15,2026-08-15,CVE-2022-50330,5.5,2026-08-04T10:18:11.337
CVE-2022-50329,0.001540000,0.050860000,0.2196759259259259,2026-08-15,2026-08-15,CVE-2022-50329,7.8,2026-08-04T10:18:11.217
CVE-2022-50328,0.001490000,0.045750000,0.1865740740740741,2026-08-15,2026-08-15,CVE-2022-50328,7.8,2026-08-04T10:18:11.093
CVE-2022-50327,0.001460000,0.043400000,0.16620370370370371,2026-08-15,2026-08-15,CVE-2022-50327,5.5,2026-06-17T05:23:14.580
CVE-2022-50326,0.001280000,0.028240000,0.0824074074074074,2026-08-15,2026-08-15,CVE-2022-50326,5.5,2026-06-17T05:23:14.480
CVE-2022-50325,0.001670000,0.063620000,0.26296296296296295,2026-08-15,2026-08-15,CVE-2022-50325,7.8,2026-08-04T10:18:10.973
CVE-2022-50324,0.001490000,0.045900000,0.1865740740740741,2026-08-15,2026-08-15,CVE-2022-50324,5.5,2026-06-17T05:23:14.240
CVE-2022-50323,0.001430000,0.041270000,0.14027777777777778,2026-08-15,2026-08-15,CVE-2022-50323,5.5,2026-06-17T05:23:14.110
CVE-2022-50322,0.001430000,0.041290000,0.14027777777777778,2026-08-15,2026-08-15,CVE-2022-50322,5.5,2026-06-17T05:23:14.007
CVE-2022-50321,0.001460000,0.043320000,0.16620370370370371,2026-08-15,2026-08-15,CVE-2022-50321,5.5,2026-06-17T05:23:13.880
CVE-2022-50320,0.001530000,0.049570000,0.21319444444444444,2026-08-15,2026-08-15,CVE-2022-50320,7.8,2026-06-17T05:23:13.750
CVE-2022-50319,0.001450000,0.042470000,0.15416666666666667,2026-08-15,2026-08-15,CVE-2022-50319,5.5,2026-06-17T05:23:13.630
CVE-2022-50318,0.001460000,0.043320000,0.16620370370370371,2026-08-15,2026-08-15,CVE-2022-50318,5.5,2026-06-17T05:23:13.497
CVE-2022-50317,0.001460000,0.043390000,0.16620370370370371,2026-08-15,2026-08-15,CVE-2022-50317,5.5,2026-06-17T05:23:13.353
CVE-2022-50316,0.001430000,0.041270000,0.14027777777777778,2026-08-15,2026-08-15,CVE-2022-50316,5.5,2026-08-15T13:17:31.920
CVE-2022-50315,0.001530000,0.050240000,0.21319444444444444,2026-08-15,2026-08-15,CVE-2022-50315,7.8,2026-08-04T10:18:10.803
CVE-2022-50314,0.001460000,0.043410000,0.16620370370370371,2026-08-15,2026-08-15,CVE-2022-50314,5.5,2026-06-17T05:23:12.917
CVE-2022-50313,0.001460000,0.043420000,0.16620370370370371,2026-08-15,2026-08-15,CVE-2022-50313,5.5,2026-06-17T05:23:12.797
CVE-2022-50312,0.001490000,0.046170000,0.1865740740740741,2026-08-15,2026-08-15,CVE-2022-50312,5.5,2026-06-17T05:23:12.670
CVE-2022-50311,0.001460000,0.043420000,0.16620370370370371,2026-08-15,2026-08-15,CVE-2022-50311,5.5,2026-06-17T05:23:12.550
CVE-2022-50310,0.001430000,0.040680000,0.14027777777777778,2026-08-15,2026-08-15,CVE-2022-50310,7.8,2026-08-04T10:18:10.670
CVE-2022-50309,0.001490000,0.046200000,0.1865740740740741,2026-08-15,2026-08-15,CVE-2022-50309,5.5,2026-06-17T05:23:12.270
CVE-2022-50308,0.001450000,0.042450000,0.15416666666666667,2026-08-15,2026-08-15,CVE-2022-50308,5.5,2026-06-17T05:23:12.167
CVE-2022-50307,0.001470000,0.044440000,0.18055555555555555,2026-08-15,2026-08-15,CVE-2022-50307,7.1,2026-06-17T05:23:12.057
CVE-2025-6999,0.005400000,0.428780000,0.8701388888888889,2026-08-15,2026-08-15,CVE-2025-6999,,2026-08-10T16:19:28.600
CVE-2025-6947,0.004440000,0.369160000,0.8166666666666667,2026-08-15,2026-08-15,CVE-2025-6947,,2026-08-08T00:16:34.090
CVE-2025-59399,0.001630000,0.059490000,0.24837962962962962,2026-08-15,2026-08-15,CVE-2025-59399,3.1,2026-06-17T09:46:05.443
CVE-2025-59398,0.002240000,0.133020000,0.4398148148148148,2026-08-15,2026-08-15,CVE-2025-59398,3.1,2026-06-17T09:46:05.330
CVE-2025-59397,0.003850000,0.316870000,0.7418981481481481,2026-08-15,2026-08-15,CVE-2025-59397,5.0,2026-06-17T09:46:05.213
CVE-2025-59332,0.003530000,0.283700000,0.6949074074074074,2026-08-15,2026-08-15,CVE-2025-59332,8.6,2026-06-17T09:45:55.400
CVE-2025-59331,0.003780000,0.309820000,0.7293981481481482,2026-08-15,2026-08-15,CVE-2025-59331,,2026-06-17T09:45:55.283
CVE-2025-59330,0.003780000,0.309810000,0.7293981481481482,2026-08-15,2026-08-15,CVE-2025-59330,,2026-06-17T09:45:55.160
CVE-2025-59328,0.005900000,0.454320000,0.8849537037037037,2026-08-15,2026-08-15,CVE-2025-59328,6.5,2026-06-17T09:45:54.997
CVE-2025-59162,0.003780000,0.309810000,0.7293981481481482,2026-08-15,2026-08-15,CVE-2025-59162,,2026-06-17T09:45:39.213
CVE-2025-59155,0.003320000,0.261050000,0.6606481481481481,2026-08-15,2026-08-15,CVE-2025-59155,,2026-06-17T09:45:38.303
CVE-2025-59154,0.002200000,0.128190000,0.425,2026-08-15,2026-08-15,CVE-2025-59154,5.9,2026-06-17T09:45:38.193
CVE-2025-59145,0.004730000,0.388330000,0.8372685185185185,2026-08-15,2026-08-15,CVE-2025-59145,,2026-06-17T09:45:37.280
CVE-2025-59144,0.003820000,0.313250000,0.737037037037037,2026-08-15,2026-08-15,CVE-2025-59144,,2026-06-17T09:45:37.157
CVE-2025-59143,0.003780000,0.309800000,0.7293981481481482,2026-08-15,2026-08-15,CVE-2025-59143,,2026-06-17T09:45:37.030
CVE-2025-59142,0.003780000,0.309810000,0.7293981481481482,2026-08-15,2026-08-15,CVE-2025-59142,,2026-06-17T09:45:36.907
CVE-2025-59141,0.003780000,0.309810000,0.7293981481481482,2026-08-15,2026-08-15,CVE-2025-59141,,2026-06-17T09:45:36.787
CVE-2025-59140,0.003780000,0.309800000,0.7293981481481482,2026-08-15,2026-08-15,CVE-2025-59140,,2026-06-17T09:45:36.660
CVE-2025-59056,0.004340000,0.361530000,0.8004629629629629,2026-08-15,2026-08-15,CVE-2025-59056,7.5,2026-06-17T09:45:30.933
CVE-2025-58748,0.007580000,0.521700000,0.9208333333333333,2026-08-15,2026-08-15,CVE-2025-58748,9.8,2026-06-17T09:44:52.083
CVE-2025-58177,0.002220000,0.129980000,0.4335648148148148,2026-08-15,2026-08-15,CVE-2025-58177,5.4,2026-06-17T09:44:01.077
CVE-2025-58172,0.004290000,0.357960000,0.7979166666666667,2026-08-15,2026-08-15,CVE-2025-58172,,2026-06-17T09:44:00.627
CVE-2025-58046,0.013030000,0.680400000,0.9550925925925926,2026-08-15,2026-08-15,CVE-2025-58046,9.8,2026-06-17T09:43:49.797
CVE-2025-58045,0.006400000,0.476970000,0.8972222222222223,2026-08-15,2026-08-15,CVE-2025-58045,9.8,2026-06-17T09:43:49.677
CVE-2025-57248,0.002270000,0.137530000,0.449537037037037,2026-08-15,2026-08-15,CVE-2025-57248,7.3,2026-06-17T09:42:58.480
CVE-2025-57176,0.004130000,0.344500000,0.7770833333333333,2026-08-15,2026-08-15,CVE-2025-57176,6.5,2026-06-17T09:42:55.047
CVE-2025-57174,0.020610000,0.796990000,0.9659722222222222,2026-08-15,2026-08-15,CVE-2025-57174,9.8,2026-07-05T02:17:03.760
CVE-2025-57118,0.005270000,0.421750000,0.8664351851851851,2026-08-15,2026-08-15,CVE-2025-57118,9.8,2026-06-17T09:42:52.493
CVE-2025-57117,0.003220000,0.250230000,0.6412037037037037,2026-08-15,2026-08-15,CVE-2025-57117,5.4,2026-07-05T02:17:03.150
CVE-2025-57104,0.001850000,0.083910000,0.31203703703703706,2026-08-15,2026-08-15,CVE-2025-57104,5.4,2026-06-17T09:42:51.440
CVE-2025-56448,0.002660000,0.185960000,0.54375,2026-08-15,2026-08-15,CVE-2025-56448,6.8,2026-06-17T09:42:36.923
CVE-2025-56274,0.003930000,0.324560000,0.7550925925925925,2026-08-15,2026-08-15,CVE-2025-56274,8.1,2026-07-05T02:16:59.130
CVE-2025-56252,0.002180000,0.124690000,0.4201388888888889,2026-08-15,2026-08-15,CVE-2025-56252,6.1,2026-06-17T09:42:28.620
CVE-2025-55211,0.004000000,0.332400000,0.7659722222222223,2026-08-15,2026-08-15,CVE-2025-55211,8.8,2026-06-17T09:41:27.917
CVE-2025-52344,0.003050000,0.231950000,0.6143518518518518,2026-08-15,2026-08-15,CVE-2025-52344,6.1,2026-06-17T09:36:23.973
CVE-2025-52048,0.002440000,0.158350000,0.4986111111111111,2026-08-15,2026-08-15,CVE-2025-52048,6.5,2026-06-17T09:35:58.037
CVE-2025-49089,0.002930000,0.218430000,0.5944444444444444,2026-08-15,2026-08-15,CVE-2025-49089,6.3,2026-06-17T09:30:46.530
CVE-2025-45091,0.001920000,0.091480000,0.3375,2026-08-15,2026-08-15,CVE-2025-45091,5.4,2026-06-17T09:25:23.380
CVE-2025-43802,0.002430000,0.157250000,0.4949074074074074,2026-08-15,2026-08-15,CVE-2025-43802,6.1,2026-06-17T09:24:33.070
CVE-2025-43800,0.002070000,0.110680000,0.3861111111111111,2026-08-15,2026-08-15,CVE-2025-43800,6.1,2026-06-17T09:24:32.820
CVE-2025-43799,0.002440000,0.158470000,0.4986111111111111,2026-08-15,2026-08-15,CVE-2025-43799,6.5,2026-06-17T09:24:32.680
CVE-2025-43798,0.001650000,0.061700000,0.25300925925925927,2026-08-15,2026-08-15,CVE-2025-43798,6.5,2026-06-17T09:24:32.550
CVE-2025-43797,0.002310000,0.141540000,0.4583333333333333,2026-08-15,2026-08-15,CVE-2025-43797,5.4,2026-06-17T09:24:32.410
CVE-2025-43793,0.003750000,0.306730000,0.7263888888888889,2026-08-15,2026-08-15,CVE-2025-43793,7.5,2026-06-17T09:24:31.850
CVE-2025-43792,0.002900000,0.215640000,0.5893518518518519,2026-08-15,2026-08-15,CVE-2025-43792,5.3,2026-06-17T09:24:31.710
CVE-2025-43791,0.001990000,0.100680000,0.36157407407407405,2026-08-15,2026-08-15,CVE-2025-43791,6.1,2026-06-17T09:24:31.573
CVE-2025-43314,0.002330000,0.144530000,0.46828703703703706,2026-08-15,2026-08-15,CVE-2025-43314,5.5,2026-06-17T09:23:44.027
CVE-2025-43312,0.002390000,0.151840000,0.48564814814814816,2026-08-15,2026-08-15,CVE-2025-43312,5.5,2026-06-17T09:23:43.753
CVE-2025-43311,0.002130000,0.119080000,0.4060185185185185,2026-08-15,2026-08-15,CVE-2025-43311,5.1,2026-06-17T09:23:43.610
CVE-2025-43310,0.001920000,0.091830000,0.3375,2026-08-15,2026-08-15,CVE-2025-43310,4.4,2026-06-17T09:23:43.473
CVE-2025-43308,0.003640000,0.295800000,0.7097222222222223,2026-08-15,2026-08-15,CVE-2025-43308,5.3,2026-06-17T09:23:43.193
CVE-2025-43307,0.001770000,0.074930000,0.29189814814814813,2026-08-15,2026-08-15,CVE-2025-43307,4.0,2026-06-17T09:23:43.057
CVE-2025-43305,0.002090000,0.113620000,0.39143518518518516,2026-08-15,2026-08-15,CVE-2025-43305,5.5,2026-06-17T09:23:42.777
CVE-2025-43304,0.002350000,0.146870000,0.4740740740740741,2026-08-15,2026-08-15,CVE-2025-43304,7.0,2026-06-17T09:23:42.630
CVE-2025-43303,0.002110000,0.116610000,0.40069444444444446,2026-08-15,2026-08-15,CVE-2025-43303,5.5,2026-06-17T09:23:42.490
CVE-2025-43302,0.002440000,0.159330000,0.4986111111111111,2026-08-15,2026-08-15,CVE-2025-43302,5.5,2026-06-17T09:23:42.350
CVE-2025-43301,0.002130000,0.119190000,0.4060185185185185,2026-08-15,2026-08-15,CVE-2025-43301,3.3,2026-06-17T09:23:42.213
CVE-2025-43299,0.002160000,0.123220000,0.4125,2026-08-15,2026-08-15,CVE-2025-43299,5.5,2026-06-17T09:23:41.927
CVE-2025-43298,0.002250000,0.133960000,0.4444444444444444,2026-08-15,2026-08-15,CVE-2025-43298,7.8,2026-06-17T09:23:41.787
CVE-2025-43297,0.003420000,0.272690000,0.6733796296296296,2026-08-15,2026-08-15,CVE-2025-43297,6.2,2026-06-17T09:23:41.650
CVE-2025-43295,0.002160000,0.123230000,0.4125,2026-08-15,2026-08-15,CVE-2025-43295,5.5,2026-06-17T09:23:41.377
CVE-2025-43294,0.001690000,0.065940000,0.26805555555555555,2026-08-15,2026-08-15,CVE-2025-43294,3.3,2026-06-17T09:23:41.240
CVE-2025-43293,0.002190000,0.126350000,0.4219907407407407,2026-08-15,2026-08-15,CVE-2025-43293,5.5,2026-06-17T09:23:41.097
CVE-2025-43292,0.001590000,0.055900000,0.23287037037037037,2026-08-15,2026-08-15,CVE-2025-43292,5.5,2026-06-17T09:23:40.967
CVE-2025-43291,0.002020000,0.104600000,0.3678240740740741,2026-08-15,2026-08-15,CVE-2025-43291,5.5,2026-06-17T09:23:40.823
CVE-2025-43287,0.002110000,0.116700000,0.40069444444444446,2026-08-15,2026-08-15,CVE-2025-43287,7.1,2026-06-17T09:23:40.263
CVE-2025-43286,0.001780000,0.075610000,0.2962962962962963,2026-08-15,2026-08-15,CVE-2025-43286,7.8,2026-06-17T09:23:40.130
CVE-2025-43285,0.003230000,0.251080000,0.6444444444444445,2026-08-15,2026-08-15,CVE-2025-43285,5.5,2026-06-17T09:23:39.990
CVE-2025-43283,0.003640000,0.295630000,0.7097222222222223,2026-08-15,2026-08-15,CVE-2025-43283,3.3,2026-06-17T09:23:39.720
CVE-2025-43279,0.001970000,0.097900000,0.35648148148148145,2026-08-15,2026-08-15,CVE-2025-43279,6.2,2026-06-17T09:23:39.170
CVE-2025-43272,0.009520000,0.583350000,0.9400462962962963,2026-08-15,2026-08-15,CVE-2025-43272,6.5,2026-06-17T09:23:38.073
CVE-2025-43263,0.001970000,0.098060000,0.35648148148148145,2026-08-15,2026-08-15,CVE-2025-43263,7.1,2026-06-17T09:23:37.087
CVE-2025-43262,0.001830000,0.080850000,0.3076388888888889,2026-08-15,2026-08-15,CVE-2025-43262,5.1,2026-06-17T09:23:36.950
CVE-2025-43231,0.002110000,0.116810000,0.40069444444444446,2026-08-15,2026-08-15,CVE-2025-43231,5.5,2026-06-17T09:23:32.973
CVE-2025-43208,0.001830000,0.081470000,0.3076388888888889,2026-08-15,2026-08-15,CVE-2025-43208,5.5,2026-06-17T09:23:29.690
CVE-2025-43207,0.001830000,0.081460000,0.3076388888888889,2026-08-15,2026-08-15,CVE-2025-43207,5.5,2026-06-17T09:23:29.543
CVE-2025-43204,0.003210000,0.248790000,0.6388888888888888,2026-08-15,2026-08-15,CVE-2025-43204,7.8,2026-06-17T09:23:29.127
CVE-2025-43203,0.002110000,0.116510000,0.40069444444444446,2026-08-15,2026-08-15,CVE-2025-43203,4.0,2026-06-17T09:23:28.980
CVE-2025-43190,0.002530000,0.169500000,0.5171296296296296,2026-08-15,2026-08-15,CVE-2025-43190,5.5,2026-06-17T09:23:27.033
CVE-2025-31271,0.003760000,0.307920000,0.7282407407407407,2026-08-15,2026-08-15,CVE-2025-31271,7.5,2026-06-17T09:10:12.363
CVE-2025-31270,0.001830000,0.081470000,0.3076388888888889,2026-08-15,2026-08-15,CVE-2025-31270,5.5,2026-06-17T09:10:12.220
CVE-2025-31269,0.002070000,0.110250000,0.3861111111111111,2026-08-15,2026-08-15,CVE-2025-31269,5.5,2026-06-17T09:10:12.083
CVE-2025-31268,0.002000000,0.101700000,0.36319444444444443,2026-08-15,2026-08-15,CVE-2025-31268,5.5,2026-06-17T09:10:11.947
CVE-2025-31255,0.014660000,0.714470000,0.9590277777777778,2026-08-15,2026-08-15,CVE-2025-31255,9.8,2026-06-17T09:10:10.280
CVE-2025-31254,0.004840000,0.395600000,0.8458333333333333,2026-08-15,2026-08-15,CVE-2025-31254,5.4,2026-06-17T09:10:10.143
CVE-2025-30468,0.003510000,0.282510000,0.687962962962963,2026-08-15,2026-08-15,CVE-2025-30468,6.5,2026-06-17T09:08:48.297
CVE-2025-24197,0.002000000,0.101700000,0.36319444444444443,2026-08-15,2026-08-15,CVE-2025-24197,5.5,2026-06-17T08:58:17.370
CVE-2025-24088,0.004440000,0.369580000,0.8166666666666667,2026-08-15,2026-08-15,CVE-2025-24088,7.5,2026-06-17T08:58:02.977
CVE-2025-10485,0.004040000,0.336270000,0.7694444444444445,2026-08-15,2026-08-15,CVE-2025-10485,4.3,2026-06-17T08:28:24.843
CVE-2025-10483,0.003850000,0.316650000,0.7418981481481481,2026-08-15,2026-08-15,CVE-2025-10483,8.8,2026-06-17T08:28:24.597
CVE-2025-10482,0.004830000,0.395380000,0.844212962962963,2026-08-15,2026-08-15,CVE-2025-10482,9.8,2026-06-17T08:28:24.460
CVE-2025-10481,0.003850000,0.316650000,0.7418981481481481,2026-08-15,2026-08-15,CVE-2025-10481,8.8,2026-06-17T08:28:24.320
CVE-2025-10480,0.003130000,0.240650000,0.6305555555555555,2026-08-15,2026-08-15,CVE-2025-10480,9.8,2026-06-17T08:28:24.187
CVE-2025-10479,0.003980000,0.329980000,0.762962962962963,2026-08-15,2026-08-15,CVE-2025-10479,9.8,2026-06-17T08:28:24.047
CVE-2025-10477,0.003020000,0.228820000,0.6101851851851852,2026-08-15,2026-08-15,CVE-2025-10477,9.8,2026-06-17T08:28:23.913
CVE-2025-10475,0.001380000,0.036860000,0.12685185185185185,2026-08-15,2026-08-15,CVE-2025-10475,5.5,2026-06-17T08:28:23.680
CVE-2025-10473,0.003670000,0.298270000,0.7171296296296297,2026-08-15,2026-08-15,CVE-2025-10473,9.8,2026-06-17T08:28:23.543
CVE-2025-10472,0.007760000,0.527500000,0.9243055555555556,2026-08-15,2026-08-15,CVE-2025-10472,7.5,2026-06-17T08:28:23.407
CVE-2025-10471,0.002820000,0.207760000,0.5717592592592593,2026-08-15,2026-08-15,CVE-2025-10471,8.8,2026-06-17T08:28:23.270
CVE-2025-10203,0.001870000,0.086080000,0.3159722222222222,2026-08-15,2026-08-15,CVE-2025-10203,7.8,2026-06-17T08:27:53.813
CVE-2025-9808,0.007710000,0.526000000,0.9233796296296296,2026-08-15,2026-08-15,CVE-2025-9808,5.3,2026-06-17T10:09:48.890
CVE-2025-6575,0.002310000,0.142430000,0.4583333333333333,2026-08-15,2026-08-15,CVE-2025-6575,6.1,2026-06-17T10:02:10.817
CVE-2025-59453,0.001450000,0.042850000,0.15416666666666667,2026-08-15,2026-08-15,CVE-2025-59453,3.2,2026-06-17T09:46:11.193
CVE-2025-59437,0.001160000,0.019040000,0.05462962962962963,2026-08-15,2026-08-15,CVE-2025-59437,3.2,2026-06-17T09:46:09.917
CVE-2025-59436,0.001160000,0.019050000,0.05462962962962963,2026-08-15,2026-08-15,CVE-2025-59436,3.2,2026-06-17T09:46:09.797
CVE-2025-56706,0.018430000,0.771790000,0.9641203703703703,2026-08-15,2026-08-15,CVE-2025-56706,8.0,2026-06-17T09:42:44.220
CVE-2025-56697,0.002590000,0.177970000,0.5333333333333333,2026-08-15,2026-08-15,CVE-2025-56697,6.1,2026-06-17T09:42:43.617
CVE-2025-5519,0.003380000,0.267710000,0.6689814814814815,2026-08-15,2026-08-15,CVE-2025-5519,6.5,2026-06-17T09:48:05.167
CVE-2025-5518,0.003710000,0.302880000,0.7217592592592592,2026-08-15,2026-08-15,CVE-2025-5518,6.5,2026-06-17T09:48:05.070
CVE-2025-4688,0.004110000,0.342970000,0.774537037037037,2026-08-15,2026-08-15,CVE-2025-4688,9.8,2026-06-17T09:33:47.640
CVE-2025-43375,0.003180000,0.245970000,0.6351851851851852,2026-08-15,2026-08-15,CVE-2025-43375,5.5,2026-06-17T09:23:52.187
CVE-2025-43372,0.004830000,0.395420000,0.844212962962963,2026-08-15,2026-08-15,CVE-2025-43372,7.8,2026-06-17T09:23:51.767
CVE-2025-43371,0.001840000,0.082330000,0.30949074074074073,2026-08-15,2026-08-15,CVE-2025-43371,8.2,2026-06-17T09:23:51.633
CVE-2025-43370,0.003210000,0.249240000,0.6388888888888888,2026-08-15,2026-08-15,CVE-2025-43370,4.0,2026-06-17T09:23:51.500
CVE-2025-43369,0.001770000,0.074730000,0.29189814814814813,2026-08-15,2026-08-15,CVE-2025-43369,5.5,2026-06-17T09:23:51.363
CVE-2025-43368,0.007170000,0.507370000,0.9145833333333333,2026-08-15,2026-08-15,CVE-2025-43368,4.3,2026-06-17T09:23:51.223
CVE-2025-43367,0.002030000,0.105770000,0.3712962962962963,2026-08-15,2026-08-15,CVE-2025-43367,5.5,2026-06-17T09:23:51.087
CVE-2025-43366,0.001970000,0.098140000,0.35648148148148145,2026-08-15,2026-08-15,CVE-2025-43366,5.5,2026-06-17T09:23:50.953
CVE-2025-43362,0.010240000,0.606410000,0.9430555555555555,2026-08-15,2026-08-15,CVE-2025-43362,9.8,2026-06-17T09:23:50.547
CVE-2025-43359,0.008640000,0.555820000,0.9328703703703703,2026-08-15,2026-08-15,CVE-2025-43359,9.8,2026-06-17T09:23:50.130
CVE-2025-43358,0.002770000,0.201430000,0.5641203703703703,2026-08-15,2026-08-15,CVE-2025-43358,8.8,2026-06-17T09:23:49.987
CVE-2025-43357,0.002170000,0.123700000,0.4152777777777778,2026-08-15,2026-08-15,CVE-2025-43357,3.3,2026-06-17T09:23:49.823
CVE-2025-43356,0.006040000,0.460590000,0.8893518518518518,2026-08-15,2026-08-15,CVE-2025-43356,6.5,2026-06-17T09:23:49.683
CVE-2025-43355,0.002180000,0.125280000,0.4201388888888889,2026-08-15,2026-08-15,CVE-2025-43355,5.5,2026-06-17T09:23:49.537
CVE-2025-43354,0.002130000,0.119050000,0.4060185185185185,2026-08-15,2026-08-15,CVE-2025-43354,5.5,2026-06-17T09:23:49.397
CVE-2025-43353,0.001930000,0.092440000,0.33912037037037035,2026-08-15,2026-08-15,CVE-2025-43353,5.5,2026-06-17T09:23:49.243
CVE-2025-43349,0.004740000,0.389420000,0.8377314814814815,2026-08-15,2026-08-15,CVE-2025-43349,2.8,2026-06-17T09:23:48.737
CVE-2025-43347,0.008320000,0.545710000,0.930787037037037,2026-08-15,2026-08-15,CVE-2025-43347,9.8,2026-06-17T09:23:48.463
CVE-2025-43346,0.002210000,0.129290000,0.4305555555555556,2026-08-15,2026-08-15,CVE-2025-43346,5.5,2026-06-17T09:23:48.320
CVE-2025-43344,0.003010000,0.226790000,0.6087962962962963,2026-08-15,2026-08-15,CVE-2025-43344,3.3,2026-06-17T09:23:48.033
CVE-2025-43343,0.007180000,0.507760000,0.9148148148148149,2026-08-15,2026-08-15,CVE-2025-43343,9.8,2026-06-17T09:23:47.887
CVE-2025-43342,0.006910000,0.498150000,0.9085648148148148,2026-08-15,2026-08-15,CVE-2025-43342,9.8,2026-06-17T09:23:47.740
CVE-2025-43341,0.001710000,0.068090000,0.27685185185185185,2026-08-15,2026-08-15,CVE-2025-43341,7.8,2026-06-17T09:23:47.600
CVE-2025-43340,0.001810000,0.079630000,0.3025462962962963,2026-08-15,2026-08-15,CVE-2025-43340,7.8,2026-06-17T09:23:47.463
CVE-2025-43337,0.001770000,0.074800000,0.29189814814814813,2026-08-15,2026-08-15,CVE-2025-43337,5.5,2026-06-17T09:23:47.063
CVE-2025-43333,0.003210000,0.248790000,0.6388888888888888,2026-08-15,2026-08-15,CVE-2025-43333,7.8,2026-06-17T09:23:46.523
CVE-2025-43332,0.001740000,0.071480000,0.28055555555555556,2026-08-15,2026-08-15,CVE-2025-43332,5.2,2026-06-17T09:23:46.380
CVE-2025-43331,0.001770000,0.074930000,0.29189814814814813,2026-08-15,2026-08-15,CVE-2025-43331,4.0,2026-06-17T09:23:46.243
CVE-2025-43330,0.002180000,0.125400000,0.4201388888888889,2026-08-15,2026-08-15,CVE-2025-43330,8.2,2026-06-17T09:23:46.110
CVE-2025-43329,0.002880000,0.213660000,0.5856481481481481,2026-08-15,2026-08-15,CVE-2025-43329,8.8,2026-06-17T09:23:45.970
CVE-2025-43328,0.001540000,0.050990000,0.2196759259259259,2026-08-15,2026-08-15,CVE-2025-43328,3.3,2026-06-17T09:23:45.830
CVE-2025-43327,0.004410000,0.367450000,0.80625,2026-08-15,2026-08-15,CVE-2025-43327,6.5,2026-06-17T09:23:45.693
CVE-2025-43326,0.002110000,0.116610000,0.40069444444444446,2026-08-15,2026-08-15,CVE-2025-43326,5.5,2026-06-17T09:23:45.560
CVE-2025-43325,0.001830000,0.081470000,0.3076388888888889,2026-08-15,2026-08-15,CVE-2025-43325,5.5,2026-06-17T09:23:45.420
CVE-2025-43321,0.002090000,0.113620000,0.39143518518518516,2026-08-15,2026-08-15,CVE-2025-43321,5.5,2026-06-17T09:23:45.003
CVE-2025-43319,0.002090000,0.113610000,0.39143518518518516,2026-08-15,2026-08-15,CVE-2025-43319,5.5,2026-06-17T09:23:44.720
CVE-2025-43318,0.001870000,0.085730000,0.3159722222222222,2026-08-15,2026-08-15,CVE-2025-43318,6.2,2026-06-17T09:23:44.580
CVE-2025-43317,0.002090000,0.113610000,0.39143518518518516,2026-08-15,2026-08-15,CVE-2025-43317,5.5,2026-06-17T09:23:44.443
CVE-2025-43316,0.002960000,0.222620000,0.600925925925926,2026-08-15,2026-08-15,CVE-2025-43316,7.8,2026-06-17T09:23:44.303
CVE-2025-43315,0.002000000,0.101690000,0.36319444444444443,2026-08-15,2026-08-15,CVE-2025-43315,5.5,2026-06-17T09:23:44.167
CVE-2025-41249,0.004600000,0.380040000,0.8300925925925926,2026-08-15,2026-08-15,CVE-2025-41249,7.5,2026-06-17T09:22:40.307
CVE-2025-41248,0.004330000,0.360430000,0.8,2026-08-15,2026-08-15,CVE-2025-41248,7.5,2026-06-17T09:22:40.210
CVE-2025-26711,0.002490000,0.165640000,0.5099537037037037,2026-08-15,2026-08-15,CVE-2025-26711,5.7,2026-06-17T09:02:20.177
CVE-2025-26710,0.002180000,0.125530000,0.4201388888888889,2026-08-15,2026-08-15,CVE-2025-26710,3.5,2026-06-17T09:02:20.080
CVE-2025-2404,0.002030000,0.105580000,0.3712962962962963,2026-08-15,2026-08-15,CVE-2025-2404,4.3,2026-06-17T09:06:57.863
CVE-2025-10316,0.003110000,0.238750000,0.6273148148148148,2026-08-15,2026-08-15,CVE-2025-10316,,2026-06-17T08:28:06.200
CVE-2025-10016,0.002350000,0.146470000,0.4740740740740741,2026-08-15,2026-08-15,CVE-2025-10016,,2026-06-17T08:27:31.597
CVE-2025-10015,0.001560000,0.052640000,0.22523148148148148,2026-08-15,2026-08-15,CVE-2025-10015,,2026-06-17T08:27:31.483
CVE-2024-12913,0.001620000,0.059220000,0.24421296296296297,2026-08-15,2026-08-15,CVE-2024-12913,8.8,2026-06-17T07:00:45.177
CVE-2024-12367,0.002630000,0.183410000,0.5400462962962963,2026-08-15,2026-08-15,CVE-2024-12367,8.6,2026-06-17T06:59:35.200
CVE-2023-53303,0.001190000,0.020660000,0.060648148148148145,2026-08-15,2026-08-15,CVE-2023-53303,5.5,2026-06-17T06:44:47.617
CVE-2023-53302,0.001360000,0.034710000,0.1136574074074074,2026-08-15,2026-08-15,CVE-2023-53302,5.5,2026-06-17T06:44:47.427
CVE-2023-53301,0.001370000,0.035690000,0.12268518518518519,2026-08-15,2026-08-15,CVE-2023-53301,7.1,2026-06-17T06:44:47.310
CVE-2023-53300,0.001350000,0.034280000,0.1037037037037037,2026-08-15,2026-08-15,CVE-2023-53300,5.5,2026-06-17T06:44:47.143
CVE-2023-53299,0.001390000,0.037200000,0.1287037037037037,2026-08-15,2026-08-15,CVE-2023-53299,5.5,2026-06-17T06:44:46.933
CVE-2023-53298,0.001360000,0.034690000,0.1136574074074074,2026-08-15,2026-08-15,CVE-2023-53298,5.5,2026-06-17T06:44:46.733
CVE-2023-53297,0.002020000,0.104790000,0.3678240740740741,2026-08-15,2026-08-15,CVE-2023-53297,5.5,2026-08-04T10:19:00.817
CVE-2023-53296,0.001360000,0.034680000,0.1136574074074074,2026-08-15,2026-08-15,CVE-2023-53296,5.5,2026-06-17T06:44:46.340
CVE-2023-53295,0.001360000,0.034680000,0.1136574074074074,2026-08-15,2026-08-15,CVE-2023-53295,5.5,2026-06-17T06:44:46.157
CVE-2023-53294,0.001350000,0.034240000,0.1037037037037037,2026-08-15,2026-08-15,CVE-2023-53294,5.5,2026-06-17T06:44:45.970
CVE-2023-53292,0.001350000,0.033910000,0.1037037037037037,2026-08-15,2026-08-15,CVE-2023-53292,5.5,2026-06-17T06:44:45.783
CVE-2023-53291,0.001360000,0.034700000,0.1136574074074074,2026-08-15,2026-08-15,CVE-2023-53291,5.5,2026-06-17T06:44:45.593
CVE-2023-53290,0.001350000,0.034510000,0.1037037037037037,2026-08-15,2026-08-15,CVE-2023-53290,5.5,2026-06-17T06:44:45.417
CVE-2023-53289,0.001390000,0.037200000,0.1287037037037037,2026-08-15,2026-08-15,CVE-2023-53289,5.5,2026-06-17T06:44:45.220
CVE-2023-53288,0.001360000,0.034650000,0.1136574074074074,2026-08-15,2026-08-15,CVE-2023-53288,5.5,2026-06-17T06:44:45.030
CVE-2023-53287,0.001350000,0.034180000,0.1037037037037037,2026-08-15,2026-08-15,CVE-2023-53287,5.5,2026-06-17T06:44:44.850
CVE-2023-53286,0.001420000,0.040180000,0.13842592592592592,2026-08-15,2026-08-15,CVE-2023-53286,7.8,2026-06-17T06:44:44.650
CVE-2023-53285,0.001450000,0.043170000,0.15416666666666667,2026-08-15,2026-08-15,CVE-2023-53285,7.8,2026-08-04T10:19:00.460
CVE-2023-53284,0.001340000,0.033040000,0.09722222222222222,2026-08-15,2026-08-15,CVE-2023-53284,5.5,2026-06-17T06:44:44.303
CVE-2023-53282,0.001490000,0.045750000,0.1865740740740741,2026-08-15,2026-08-15,CVE-2023-53282,7.8,2026-06-17T06:44:44.110
CVE-2023-53281,0.001100000,0.014660000,0.04652777777777778,2026-08-15,2026-08-15,CVE-2023-53281,5.5,2026-06-17T06:44:43.917
CVE-2023-53280,0.001460000,0.043370000,0.16620370370370371,2026-08-15,2026-08-15,CVE-2023-53280,5.5,2026-06-17T06:44:43.710
CVE-2023-53279,0.001450000,0.042730000,0.15416666666666667,2026-08-15,2026-08-15,CVE-2023-53279,5.5,2026-06-17T06:44:43.537
CVE-2023-53278,0.001430000,0.041320000,0.14027777777777778,2026-08-15,2026-08-15,CVE-2023-53278,5.5,2026-06-17T06:44:43.360
CVE-2023-53277,0.001460000,0.043260000,0.16620370370370371,2026-08-15,2026-08-15,CVE-2023-53277,5.5,2026-06-17T06:44:43.180
CVE-2023-53276,0.001490000,0.046210000,0.1865740740740741,2026-08-15,2026-08-15,CVE-2023-53276,5.5,2026-06-17T06:44:42.973
CVE-2023-53275,0.001460000,0.043440000,0.16620370370370371,2026-08-15,2026-08-15,CVE-2023-53275,5.5,2026-06-17T06:44:42.780
CVE-2023-53274,0.001430000,0.040860000,0.14027777777777778,2026-08-15,2026-08-15,CVE-2023-53274,7.8,2026-06-17T06:44:42.567
CVE-2023-53273,0.001450000,0.042720000,0.15416666666666667,2026-08-15,2026-08-15,CVE-2023-53273,5.5,2026-06-17T06:44:42.377
CVE-2023-53272,0.001490000,0.045840000,0.1865740740740741,2026-08-15,2026-08-15,CVE-2023-53272,7.1,2026-06-17T06:44:42.177
CVE-2023-53271,0.001460000,0.043440000,0.16620370370370371,2026-08-15,2026-08-15,CVE-2023-53271,5.5,2026-06-17T06:44:41.960
CVE-2023-53270,0.001450000,0.042600000,0.15416666666666667,2026-08-15,2026-08-15,CVE-2023-53270,5.5,2026-06-17T06:44:41.770
CVE-2023-53269,0.001430000,0.041270000,0.14027777777777778,2026-08-15,2026-08-15,CVE-2023-53269,5.5,2026-06-17T06:44:41.600
CVE-2023-53268,0.001460000,0.043430000,0.16620370370370371,2026-08-15,2026-08-15,CVE-2023-53268,5.5,2026-06-17T06:44:41.407
CVE-2023-53267,0.001430000,0.041310000,0.14027777777777778,2026-08-15,2026-08-15,CVE-2023-53267,5.5,2026-06-17T06:44:41.177
CVE-2023-53266,0.001280000,0.028230000,0.0824074074074074,2026-08-15,2026-08-15,CVE-2023-53266,5.5,2026-06-17T06:44:40.930
CVE-2023-53265,0.001490000,0.046580000,0.1865740740740741,2026-08-15,2026-08-15,CVE-2023-53265,7.1,2026-06-17T06:44:40.700
CVE-2023-53264,0.001450000,0.042710000,0.15416666666666667,2026-08-15,2026-08-15,CVE-2023-53264,5.5,2026-06-17T06:44:40.517
CVE-2023-53263,0.001470000,0.044460000,0.18055555555555555,2026-08-15,2026-08-15,CVE-2023-53263,7.8,2026-06-17T06:44:40.337
CVE-2025-8894,0.001620000,0.058300000,0.24421296296296297,2026-08-15,2026-08-15,CVE-2025-8894,7.8,2026-06-17T10:07:52.063
CVE-2025-8893,0.001620000,0.058300000,0.24421296296296297,2026-08-15,2026-08-15,CVE-2025-8893,7.8,2026-06-17T10:07:51.873
CVE-2025-8446,0.002190000,0.126090000,0.4219907407407407,2026-08-15,2026-08-15,CVE-2025-8446,4.3,2026-06-17T10:07:00.253
CVE-2025-8276,0.003170000,0.244390000,0.6342592592592593,2026-08-15,2026-08-15,CVE-2025-8276,4.3,2026-06-17T10:06:39.837
CVE-2025-8057,0.002650000,0.185360000,0.5421296296296296,2026-08-15,2026-08-15,CVE-2025-8057,6.5,2026-06-17T10:06:13.823
CVE-2025-7744,0.003300000,0.259590000,0.65625,2026-08-15,2026-08-15,CVE-2025-7744,9.8,2026-06-17T10:05:34.223
CVE-2025-7743,0.001510000,0.048020000,0.20416666666666666,2026-08-15,2026-08-15,CVE-2025-7743,9.6,2026-06-17T10:05:34.117
CVE-2025-7355,0.003270000,0.256540000,0.6506944444444445,2026-08-15,2026-08-15,CVE-2025-7355,6.5,2026-06-17T10:04:46.540
CVE-2025-59333,0.003630000,0.293990000,0.7090277777777778,2026-08-15,2026-08-15,CVE-2025-59333,8.1,2026-06-17T09:45:55.497
CVE-2025-59270,0.002210000,0.129770000,0.4305555555555556,2026-08-15,2026-08-15,CVE-2025-59270,3.1,2026-06-17T09:45:50.580
CVE-2025-58749,0.003440000,0.274660000,0.6775462962962963,2026-08-15,2026-08-15,CVE-2025-58749,5.3,2026-06-17T09:44:52.203
CVE-2025-57145,0.001620000,0.058830000,0.24421296296296297,2026-08-15,2026-08-15,CVE-2025-57145,5.4,2026-07-05T17:17:17.840
CVE-2025-57119,0.005220000,0.418770000,0.8636574074074074,2026-08-15,2026-08-15,CVE-2025-57119,9.8,2026-07-05T02:17:03.310
CVE-2025-56295,0.002950000,0.220770000,0.5995370370370371,2026-08-15,2026-08-15,CVE-2025-56295,7.3,2026-07-05T02:16:59.640
CVE-2025-56293,0.001900000,0.089720000,0.3282407407407407,2026-08-15,2026-08-15,CVE-2025-56293,5.4,2026-07-05T02:16:59.487
CVE-2025-56289,0.001550000,0.051700000,0.22268518518518518,2026-08-15,2026-08-15,CVE-2025-56289,5.4,2026-07-05T02:16:59.310
CVE-2025-56280,0.002010000,0.102970000,0.3659722222222222,2026-08-15,2026-08-15,CVE-2025-56280,5.4,2026-06-17T09:42:29.980
CVE-2025-56276,0.002010000,0.102970000,0.3659722222222222,2026-08-15,2026-08-15,CVE-2025-56276,5.4,2026-06-17T09:42:29.827
CVE-2025-55834,0.003050000,0.231280000,0.6143518518518518,2026-08-15,2026-08-15,CVE-2025-55834,6.1,2026-06-17T09:42:12.593
CVE-2025-55118,0.003430000,0.273550000,0.6756944444444445,2026-08-15,2026-08-15,CVE-2025-55118,8.9,2026-06-17T09:41:18.243
CVE-2025-55117,0.003080000,0.234690000,0.6201388888888889,2026-08-15,2026-08-15,CVE-2025-55117,5.3,2026-06-17T09:41:18.110
CVE-2025-55116,0.001500000,0.046860000,0.20069444444444445,2026-08-15,2026-08-15,CVE-2025-55116,8.8,2026-06-17T09:41:17.983
CVE-2025-55115,0.001610000,0.057960000,0.24166666666666667,2026-08-15,2026-08-15,CVE-2025-55115,8.8,2026-06-17T09:41:17.850
CVE-2025-55114,0.003620000,0.293080000,0.7081018518518518,2026-08-15,2026-08-15,CVE-2025-55114,5.3,2026-06-17T09:41:17.730
CVE-2025-55113,0.002710000,0.195510000,0.5513888888888889,2026-08-15,2026-08-15,CVE-2025-55113,10.0,2026-06-17T09:41:17.600
CVE-2025-55112,0.002020000,0.104450000,0.3678240740740741,2026-08-15,2026-08-15,CVE-2025-55112,7.4,2026-06-17T09:41:17.473
CVE-2025-55111,0.001200000,0.021240000,0.06481481481481481,2026-08-15,2026-08-15,CVE-2025-55111,5.5,2026-06-17T09:41:17.347
CVE-2025-55110,0.001260000,0.026830000,0.07453703703703704,2026-08-15,2026-08-15,CVE-2025-55110,5.5,2026-06-17T09:41:17.237
CVE-2025-55109,0.003290000,0.258520000,0.6543981481481481,2026-08-15,2026-08-15,CVE-2025-55109,9.0,2026-06-17T09:41:17.100
CVE-2025-52044,0.003660000,0.297720000,0.7152777777777778,2026-08-15,2026-08-15,CVE-2025-52044,7.5,2026-06-17T09:35:57.560
CVE-2025-4953,0.005960000,0.456470000,0.8861111111111111,2026-08-15,2026-08-15,CVE-2025-4953,7.4,2026-08-21T13:16:30.260
CVE-2025-44034,0.004600000,0.380650000,0.8300925925925926,2026-08-15,2026-08-15,CVE-2025-44034,8.0,2026-06-17T09:24:56.680
CVE-2025-41243,0.033110000,0.875050000,0.9740740740740741,2026-08-15,2026-08-15,CVE-2025-41243,10.0,2026-06-17T09:22:39.780
CVE-2025-39836,0.001420000,0.039910000,0.13842592592592592,2026-08-15,2026-08-15,CVE-2025-39836,7.8,2026-06-17T09:18:35.387
CVE-2025-39835,0.001570000,0.053340000,0.22939814814814816,2026-08-15,2026-08-15,CVE-2025-39835,7.8,2026-06-17T09:18:35.250
CVE-2025-39834,0.001190000,0.020630000,0.060648148148148145,2026-08-15,2026-08-15,CVE-2025-39834,5.5,2026-06-17T09:18:35.110
CVE-2025-39833,0.001190000,0.020620000,0.060648148148148145,2026-08-15,2026-08-15,CVE-2025-39833,5.5,2026-06-17T09:18:34.943
CVE-2025-39832,0.001070000,0.012900000,0.041435185185185186,2026-08-15,2026-08-15,CVE-2025-39832,5.5,2026-06-17T09:18:34.790
CVE-2025-39831,0.001340000,0.033010000,0.09722222222222222,2026-08-15,2026-08-15,CVE-2025-39831,5.5,2026-06-17T09:18:34.613
CVE-2025-39830,0.001190000,0.020610000,0.060648148148148145,2026-08-15,2026-08-15,CVE-2025-39830,5.5,2026-06-17T09:18:34.470
CVE-2025-39829,0.001350000,0.033910000,0.1037037037037037,2026-08-15,2026-08-15,CVE-2025-39829,5.5,2026-06-17T09:18:34.320
CVE-2025-39828,0.001570000,0.053340000,0.22939814814814816,2026-08-15,2026-08-15,CVE-2025-39828,7.8,2026-06-17T09:18:34.160
CVE-2025-39827,0.001970000,0.097150000,0.35648148148148145,2026-08-15,2026-08-15,CVE-2025-39827,5.5,2026-07-30T06:23:49.200
CVE-2025-39826,0.001880000,0.086430000,0.3199074074074074,2026-08-15,2026-08-15,CVE-2025-39826,7.0,2026-07-30T06:23:49.050
CVE-2025-39825,0.001080000,0.013540000,0.04259259259259259,2026-08-15,2026-08-15,CVE-2025-39825,4.7,2026-07-30T06:23:48.670
CVE-2025-39824,0.001520000,0.049290000,0.20902777777777778,2026-08-15,2026-08-15,CVE-2025-39824,7.8,2026-06-17T09:18:33.630
CVE-2025-39823,0.001650000,0.061640000,0.25300925925925927,2026-08-15,2026-08-15,CVE-2025-39823,7.8,2026-06-17T09:18:33.503
CVE-2025-39822,0.001190000,0.020980000,0.060648148148148145,2026-08-15,2026-08-15,CVE-2025-39822,5.5,2026-06-17T09:18:33.360
CVE-2025-39821,0.001480000,0.045280000,0.1840277777777778,2026-08-15,2026-08-15,CVE-2025-39821,7.8,2026-06-17T09:18:33.207
CVE-2025-39820,0.001210000,0.022920000,0.06666666666666667,2026-08-15,2026-08-15,CVE-2025-39820,5.5,2026-06-17T09:18:33.063
CVE-2025-39819,0.001370000,0.035520000,0.12268518518518519,2026-08-15,2026-08-15,CVE-2025-39819,5.5,2026-06-17T09:18:32.940
CVE-2025-39818,0.001340000,0.033730000,0.09722222222222222,2026-08-15,2026-08-15,CVE-2025-39818,7.8,2026-06-17T09:18:32.787
CVE-2025-39817,0.001520000,0.049370000,0.20902777777777778,2026-08-15,2026-08-15,CVE-2025-39817,7.1,2026-07-30T06:23:47.987
CVE-2025-39816,0.001350000,0.034250000,0.1037037037037037,2026-08-15,2026-08-15,CVE-2025-39816,5.5,2026-06-17T09:18:32.490
CVE-2025-39815,0.001420000,0.039910000,0.13842592592592592,2026-08-15,2026-08-15,CVE-2025-39815,5.5,2026-07-30T06:23:47.573
CVE-2025-39814,0.001190000,0.020640000,0.060648148148148145,2026-08-15,2026-08-15,CVE-2025-39814,5.5,2026-06-17T09:18:32.193
CVE-2025-39813,0.001100000,0.014910000,0.04652777777777778,2026-08-15,2026-08-15,CVE-2025-39813,4.7,2026-06-17T09:18:32.050
CVE-2025-39812,0.001600000,0.057080000,0.24004629629629629,2026-08-15,2026-08-15,CVE-2025-39812,5.5,2026-06-17T09:18:31.907
CVE-2025-39811,0.001450000,0.042220000,0.15416666666666667,2026-08-15,2026-08-15,CVE-2025-39811,5.5,2026-06-17T09:18:31.763
CVE-2025-39810,0.001520000,0.049350000,0.20902777777777778,2026-08-15,2026-08-15,CVE-2025-39810,7.8,2026-06-17T09:18:31.613
CVE-2025-39809,0.001440000,0.042120000,0.15208333333333332,2026-08-15,2026-08-15,CVE-2025-39809,7.8,2026-07-30T06:23:47.057
CVE-2025-39808,0.001600000,0.057090000,0.24004629629629629,2026-08-15,2026-08-15,CVE-2025-39808,5.5,2026-06-17T09:18:31.320
CVE-2025-39807,0.001450000,0.042230000,0.15416666666666667,2026-08-15,2026-08-15,CVE-2025-39807,5.5,2026-06-17T09:18:31.163
CVE-2025-39806,0.002170000,0.124500000,0.4152777777777778,2026-08-15,2026-08-15,CVE-2025-39806,7.1,2026-07-30T06:23:46.540
CVE-2025-39805,0.001460000,0.043920000,0.16620370370370371,2026-08-15,2026-08-15,CVE-2025-39805,5.5,2026-06-17T09:18:30.897
CVE-2025-36244,0.001130000,0.016730000,0.05138888888888889,2026-08-15,2026-08-15,CVE-2025-36244,5.5,2026-06-17T09:14:37.573
CVE-2025-30075,0.001270000,0.028030000,0.07546296296296297,2026-08-15,2026-08-15,CVE-2025-30075,2.2,2026-06-17T09:08:07.590
CVE-2025-10546,0.004600000,0.380110000,0.8300925925925926,2026-08-15,2026-08-15,CVE-2025-10546,,2026-06-17T08:28:29.893
CVE-2025-10537,0.003060000,0.232180000,0.6164351851851851,2026-08-15,2026-08-15,CVE-2025-10537,8.8,2026-06-17T08:28:28.703
CVE-2025-10536,0.001540000,0.050670000,0.2196759259259259,2026-08-15,2026-08-15,CVE-2025-10536,6.2,2026-06-17T08:28:28.560
CVE-2025-10535,0.002930000,0.218850000,0.5944444444444444,2026-08-15,2026-08-15,CVE-2025-10535,7.5,2026-06-17T08:28:28.420
CVE-2025-10534,0.003280000,0.257050000,0.6518518518518519,2026-08-15,2026-08-15,CVE-2025-10534,8.1,2026-06-17T08:28:28.283
CVE-2025-10533,0.006870000,0.496690000,0.9083333333333333,2026-08-15,2026-08-15,CVE-2025-10533,8.8,2026-06-17T08:28:28.140
CVE-2025-10532,0.002910000,0.216790000,0.5914351851851852,2026-08-15,2026-08-15,CVE-2025-10532,6.5,2026-06-17T08:28:27.993
CVE-2025-10531,0.002550000,0.173050000,0.5210648148148148,2026-08-15,2026-08-15,CVE-2025-10531,5.4,2026-06-17T08:28:27.850
CVE-2025-10530,0.002750000,0.198890000,0.5571759259259259,2026-08-15,2026-08-15,CVE-2025-10530,6.5,2026-06-17T08:28:27.710
CVE-2025-10529,0.002810000,0.206640000,0.5701388888888889,2026-08-15,2026-08-15,CVE-2025-10529,6.5,2026-06-17T08:28:27.563
CVE-2025-10528,0.003290000,0.258320000,0.6543981481481481,2026-08-15,2026-08-15,CVE-2025-10528,7.3,2026-06-17T08:28:27.420
CVE-2025-10527,0.002580000,0.176810000,0.5273148148148148,2026-08-15,2026-08-15,CVE-2025-10527,7.1,2026-06-17T08:28:27.270
CVE-2025-10290,0.002360000,0.148540000,0.4773148148148148,2026-08-15,2026-08-15,CVE-2025-10290,6.5,2026-06-17T08:28:04.020
CVE-2024-13174,0.003090000,0.235820000,0.6247685185185186,2026-08-15,2026-08-15,CVE-2024-13174,8.6,2026-06-17T07:01:22.910
CVE-2024-13149,0.004070000,0.339590000,0.7708333333333334,2026-08-15,2026-08-15,CVE-2024-13149,9.8,2026-06-17T07:01:19.317
CVE-2024-12796,0.002420000,0.156020000,0.4928240740740741,2026-08-15,2026-08-15,CVE-2024-12796,5.3,2026-06-17T07:00:30.777
CVE-2023-53304,0.001460000,0.043270000,0.16620370370370371,2026-08-15,2026-08-15,CVE-2023-53304,5.5,2026-06-17T06:44:47.790
CVE-2022-50352,0.001460000,0.043310000,0.16620370370370371,2026-08-15,2026-08-15,CVE-2022-50352,5.5,2026-06-17T05:23:18.140
CVE-2022-50351,0.001430000,0.041220000,0.14027777777777778,2026-08-15,2026-08-15,CVE-2022-50351,5.5,2026-06-17T05:23:17.980
CVE-2022-50350,0.002500000,0.166550000,0.5113425925925926,2026-08-15,2026-08-15,CVE-2022-50350,4.7,2026-08-04T10:18:12.157
CVE-2022-50349,0.001490000,0.046160000,0.1865740740740741,2026-08-15,2026-08-15,CVE-2022-50349,5.5,2026-06-17T05:23:17.623
CVE-2022-50348,0.001460000,0.043390000,0.16620370370370371,2026-08-15,2026-08-15,CVE-2022-50348,5.5,2026-06-17T05:23:17.447
CVE-2022-50347,0.001490000,0.046150000,0.1865740740740741,2026-08-15,2026-08-15,CVE-2022-50347,5.5,2026-06-17T05:23:17.253
CVE-2022-50346,0.001490000,0.046150000,0.1865740740740741,2026-08-15,2026-08-15,CVE-2022-50346,5.5,2026-06-17T05:23:17.040
CVE-2022-50344,0.001490000,0.046150000,0.1865740740740741,2026-08-15,2026-08-15,CVE-2022-50344,5.5,2026-06-17T05:23:16.823
CVE-2022-50343,0.001490000,0.046150000,0.1865740740740741,2026-08-15,2026-08-15,CVE-2022-50343,5.5,2026-06-17T05:23:16.640
CVE-2022-50342,0.001450000,0.042460000,0.15416666666666667,2026-08-15,2026-08-15,CVE-2022-50342,5.5,2026-06-17T05:23:16.460
CVE-2022-50341,0.001000000,0.009720000,0.035416666666666666,2026-08-15,2026-08-15,CVE-2022-50341,5.5,2026-08-04T10:18:11.943
CVE-2022-50340,0.001450000,0.042620000,0.15416666666666667,2026-08-15,2026-08-15,CVE-2022-50340,5.5,2026-06-17T05:23:16.087
CVE-2022-50339,0.000980000,0.008950000,0.033796296296296297,2026-08-15,2026-08-15,CVE-2022-50339,7.0,2026-08-04T10:18:11.767
CVE-2009-20007,0.016950000,0.751630000,0.9625,2026-08-15,2026-08-15,CVE-2009-20007,,2026-06-16T23:08:32.363
CVE-2009-20006,0.011420000,0.639500000,0.9481481481481482,2026-08-15,2026-08-15,CVE-2009-20006,,2026-06-16T23:08:32.230
CVE-2009-20005,0.012690000,0.673080000,0.9539351851851852,2026-08-15,2026-08-15,CVE-2009-20005,,2026-06-16T23:08:32.100
CVE-2025-9971,0.007820000,0.529380000,0.9247685185185185,2026-08-15,2026-08-15,CVE-2025-9971,9.8,2026-06-17T10:10:10.760
CVE-2025-9891,0.001860000,0.084470000,0.3145833333333333,2026-08-15,2026-08-15,CVE-2025-9891,4.3,2026-06-17T10:09:58.310
CVE-2025-9851,0.001800000,0.078230000,0.3,2026-08-15,2026-08-15,CVE-2025-9851,6.4,2026-06-17T10:09:54.237
CVE-2025-9818,0.001390000,0.037260000,0.1287037037037037,2026-08-15,2026-08-15,CVE-2025-9818,6.7,2026-06-17T10:09:50.117
CVE-2025-9708,0.002880000,0.213390000,0.5856481481481481,2026-08-15,2026-08-15,CVE-2025-9708,6.8,2026-06-17T10:09:34.710
CVE-2025-9629,0.001560000,0.052550000,0.22523148148148148,2026-08-15,2026-08-15,CVE-2025-9629,4.3,2026-06-17T10:09:24.647
CVE-2025-9565,0.002310000,0.142650000,0.4583333333333333,2026-08-15,2026-08-15,CVE-2025-9565,6.4,2026-06-17T10:09:13.707
CVE-2025-9450,0.001590000,0.056030000,0.23287037037037037,2026-08-15,2026-08-15,CVE-2025-9450,7.8,2026-06-17T10:09:01.303
CVE-2025-9449,0.001590000,0.056030000,0.23287037037037037,2026-08-15,2026-08-15,CVE-2025-9449,7.8,2026-06-17T10:09:01.203
CVE-2025-9447,0.001590000,0.056030000,0.23287037037037037,2026-08-15,2026-08-15,CVE-2025-9447,7.8,2026-06-17T10:09:01.103
CVE-2025-9216,0.008190000,0.541500000,0.9291666666666667,2026-08-15,2026-08-15,CVE-2025-9216,8.8,2026-06-17T10:08:32.717
CVE-2025-9215,0.005580000,0.438480000,0.8756944444444444,2026-08-15,2026-08-15,CVE-2025-9215,6.5,2026-06-17T10:08:32.617
CVE-2025-9203,0.002310000,0.142650000,0.4583333333333333,2026-08-15,2026-08-15,CVE-2025-9203,6.4,2026-06-17T10:08:31.627
CVE-2025-8394,0.002230000,0.131800000,0.4363425925925926,2026-08-15,2026-08-15,CVE-2025-8394,6.4,2026-06-17T10:06:53.010
CVE-2025-8153,0.003110000,0.238750000,0.6273148148148148,2026-08-15,2026-08-15,CVE-2025-8153,,2026-06-17T10:06:24.310
CVE-2025-59518,0.011850000,0.651560000,0.9513888888888888,2026-08-15,2026-08-15,CVE-2025-59518,8.0,2026-06-17T09:46:20.023
CVE-2025-59336,0.004230000,0.353390000,0.794212962962963,2026-08-15,2026-08-15,CVE-2025-59336,,2026-06-17T09:45:55.827
CVE-2025-59334,0.003980000,0.330190000,0.762962962962963,2026-08-15,2026-08-15,CVE-2025-59334,8.8,2026-06-17T09:45:55.603
CVE-2025-59307,0.001660000,0.062940000,0.26064814814814813,2026-08-15,2026-08-15,CVE-2025-59307,6.7,2026-06-17T09:45:54.727
CVE-2025-59161,0.003800000,0.311770000,0.7342592592592593,2026-08-15,2026-08-15,CVE-2025-59161,,2026-06-17T09:45:39.103
CVE-2025-59160,0.002270000,0.136700000,0.449537037037037,2026-08-15,2026-08-15,CVE-2025-59160,,2026-06-17T09:45:38.993
CVE-2025-59050,0.002740000,0.198700000,0.55625,2026-08-15,2026-08-15,CVE-2025-59050,7.8,2026-06-17T09:45:30.250
CVE-2025-58174,0.001620000,0.059030000,0.24421296296296297,2026-08-15,2026-08-15,CVE-2025-58174,4.6,2026-06-17T09:44:00.863
CVE-2025-58116,0.011490000,0.641470000,0.9488425925925926,2026-08-15,2026-08-15,CVE-2025-58116,7.2,2026-06-17T09:43:56.127
CVE-2025-57631,0.007590000,0.521830000,0.9212962962962963,2026-08-15,2026-08-15,CVE-2025-57631,9.8,2026-08-04T17:16:44.267
CVE-2025-57625,0.005380000,0.427690000,0.8694444444444445,2026-08-15,2026-08-15,CVE-2025-57625,8.8,2026-06-17T09:43:15.420
CVE-2025-57624,0.001380000,0.036850000,0.12685185185185185,2026-08-15,2026-08-15,CVE-2025-57624,7.8,2026-06-17T09:43:15.270
CVE-2025-56562,0.003060000,0.232610000,0.6164351851851851,2026-08-15,2026-08-15,CVE-2025-56562,7.5,2026-07-05T17:17:17.680
CVE-2025-56557,0.002910000,0.216500000,0.5914351851851852,2026-08-15,2026-08-15,CVE-2025-56557,9.1,2026-07-05T02:17:01.510
CVE-2025-56264,0.003760000,0.307310000,0.7282407407407407,2026-08-15,2026-08-15,CVE-2025-56264,7.5,2026-06-17T09:42:29.070
CVE-2025-56263,0.003740000,0.305320000,0.7243055555555555,2026-08-15,2026-08-15,CVE-2025-56263,8.8,2026-06-17T09:42:28.920
CVE-2025-55075,0.003060000,0.232880000,0.6164351851851851,2026-08-15,2026-08-15,CVE-2025-55075,4.9,2026-06-17T09:41:13.180
CVE-2025-54391,0.005800000,0.449450000,0.8831018518518519,2026-08-15,2026-08-15,CVE-2025-54391,9.1,2026-06-17T09:40:00.457
CVE-2025-54262,0.002100000,0.114890000,0.39490740740740743,2026-08-15,2026-08-15,CVE-2025-54262,7.8,2026-06-17T09:39:44.287
CVE-2025-54237,0.002310000,0.142470000,0.4583333333333333,2026-08-15,2026-08-15,CVE-2025-54237,5.5,2026-06-17T09:39:41.447
CVE-2025-49728,0.002240000,0.133520000,0.4398148148148148,2026-08-15,2026-08-15,CVE-2025-49728,4.0,2026-06-17T09:31:50.240
CVE-2025-47967,0.003410000,0.271500000,0.6719907407407407,2026-08-15,2026-08-15,CVE-2025-47967,4.7,2026-06-17T09:28:54.853
CVE-2025-43805,0.002710000,0.193370000,0.5513888888888889,2026-08-15,2026-08-15,CVE-2025-43805,5.3,2026-06-17T09:24:33.453
CVE-2025-43804,0.002160000,0.123370000,0.4125,2026-08-15,2026-08-15,CVE-2025-43804,6.1,2026-06-17T09:24:33.333
CVE-2025-43801,0.003750000,0.307120000,0.7263888888888889,2026-08-15,2026-08-15,CVE-2025-43801,7.5,2026-06-17T09:24:32.937
CVE-2025-37131,0.003000000,0.226380000,0.606712962962963,2026-08-15,2026-08-15,CVE-2025-37131,4.9,2026-06-17T09:15:14.213
CVE-2025-37130,0.002960000,0.221900000,0.600925925925926,2026-08-15,2026-08-15,CVE-2025-37130,6.5,2026-06-17T09:15:14.110
CVE-2025-37129,0.002020000,0.104860000,0.3678240740740741,2026-08-15,2026-08-15,CVE-2025-37129,6.7,2026-06-17T09:15:14.010
CVE-2025-37128,0.002940000,0.219740000,0.5967592592592592,2026-08-15,2026-08-15,CVE-2025-37128,6.8,2026-06-17T09:15:13.910
CVE-2025-37127,0.001270000,0.027330000,0.07546296296296297,2026-08-15,2026-08-15,CVE-2025-37127,7.2,2026-06-17T09:15:13.813
CVE-2025-37126,0.005990000,0.458240000,0.8872685185185185,2026-08-15,2026-08-15,CVE-2025-37126,7.2,2026-06-17T09:15:13.713
CVE-2025-37125,0.003330000,0.262410000,0.6615740740740741,2026-08-15,2026-08-15,CVE-2025-37125,7.5,2026-06-17T09:15:13.613
CVE-2025-37124,0.003740000,0.305570000,0.7243055555555555,2026-08-15,2026-08-15,CVE-2025-37124,8.6,2026-06-17T09:15:13.513
CVE-2025-37123,0.004260000,0.355360000,0.7965277777777777,2026-08-15,2026-08-15,CVE-2025-37123,8.8,2026-06-17T09:15:13.413
CVE-2025-34187,0.031610000,0.868790000,0.9729166666666667,2026-08-15,2026-08-15,CVE-2025-34187,8.8,2026-06-17T09:13:36.917
CVE-2025-34186,0.008220000,0.542470000,0.9300925925925926,2026-08-15,2026-08-15,CVE-2025-34186,9.8,2026-06-17T09:13:36.793
CVE-2025-34185,0.007930000,0.533140000,0.9254629629629629,2026-08-15,2026-08-15,CVE-2025-34185,7.5,2026-06-17T09:13:36.670
CVE-2025-34184,0.027430000,0.849020000,0.9696759259259259,2026-08-15,2026-08-15,CVE-2025-34184,9.8,2026-06-17T09:13:36.557
CVE-2025-34183,0.006550000,0.483730000,0.9025462962962963,2026-08-15,2026-08-15,CVE-2025-34183,7.5,2026-06-17T09:13:36.433
CVE-2025-10589,0.009790000,0.592300000,0.9412037037037037,2026-08-15,2026-08-15,CVE-2025-10589,8.8,2026-06-17T08:28:34.330
CVE-2025-10584,0.002610000,0.180260000,0.5365740740740741,2026-08-15,2026-08-15,CVE-2025-10584,5.4,2026-06-17T08:28:33.747
CVE-2025-10566,0.003220000,0.250590000,0.6412037037037037,2026-08-15,2026-08-15,CVE-2025-10566,6.1,2026-06-17T08:28:31.970
CVE-2025-10565,0.003870000,0.319660000,0.7449074074074075,2026-08-15,2026-08-15,CVE-2025-10565,9.8,2026-06-17T08:28:31.837
CVE-2025-10564,0.003870000,0.319530000,0.7449074074074075,2026-08-15,2026-08-15,CVE-2025-10564,9.8,2026-06-17T08:28:31.700
CVE-2025-10563,0.004380000,0.364760000,0.8037037037037037,2026-08-15,2026-08-15,CVE-2025-10563,9.8,2026-06-17T08:28:31.563
CVE-2025-10562,0.003980000,0.329980000,0.762962962962963,2026-08-15,2026-08-15,CVE-2025-10562,9.8,2026-06-17T08:28:31.430
CVE-2025-10492,0.008760000,0.559820000,0.9335648148148148,2026-08-15,2026-08-15,CVE-2025-10492,9.8,2026-06-17T08:28:25.687
CVE-2025-10188,0.001210000,0.022550000,0.06666666666666667,2026-08-15,2026-08-15,CVE-2025-10188,5.4,2026-06-17T08:27:52.197
CVE-2025-10166,0.002230000,0.131820000,0.4363425925925926,2026-08-15,2026-08-15,CVE-2025-10166,6.4,2026-06-17T08:27:48.487
CVE-2025-10143,0.005780000,0.448430000,0.8805555555555555,2026-08-15,2026-08-15,CVE-2025-10143,7.5,2026-06-17T08:27:46.590
CVE-2025-10125,0.002540000,0.171650000,0.51875,2026-08-15,2026-08-15,CVE-2025-10125,6.4,2026-06-17T08:27:44.787
CVE-2025-10058,0.005780000,0.448060000,0.8805555555555555,2026-08-15,2026-08-15,CVE-2025-10058,8.1,2026-06-17T08:27:36.053
CVE-2025-10057,0.006800000,0.493750000,0.9071759259259259,2026-08-15,2026-08-15,CVE-2025-10057,8.8,2026-06-17T08:27:35.953
CVE-2025-10050,0.007570000,0.521190000,0.9206018518518518,2026-08-15,2026-08-15,CVE-2025-10050,6.6,2026-06-17T08:27:35.347
CVE-2025-10042,0.008800000,0.560770000,0.9342592592592592,2026-08-15,2026-08-15,CVE-2025-10042,7.5,2026-06-17T08:27:34.593
CVE-2023-53334,0.001350000,0.034230000,0.1037037037037037,2026-08-15,2026-08-15,CVE-2023-53334,5.5,2026-06-17T06:44:55.390
CVE-2023-53333,0.002590000,0.178070000,0.5333333333333333,2026-08-15,2026-08-15,CVE-2023-53333,7.1,2026-08-04T10:19:02.333
CVE-2023-53332,0.001340000,0.033030000,0.09722222222222222,2026-08-15,2026-08-15,CVE-2023-53332,5.5,2026-06-17T06:44:55.030
CVE-2023-53331,0.001470000,0.044300000,0.18055555555555555,2026-08-15,2026-08-15,CVE-2023-53331,7.8,2026-06-17T06:44:54.810
CVE-2023-53330,0.001360000,0.034670000,0.1136574074074074,2026-08-15,2026-08-15,CVE-2023-53330,5.5,2026-06-17T06:44:54.630
CVE-2023-53329,0.000860000,0.004030000,0.019212962962962963,2026-08-15,2026-08-15,CVE-2023-53329,4.7,2026-06-17T06:44:54.433
CVE-2023-53328,0.001350000,0.034230000,0.1037037037037037,2026-08-15,2026-08-15,CVE-2023-53328,5.5,2026-06-17T06:44:54.233
CVE-2023-53327,0.001340000,0.033060000,0.09722222222222222,2026-08-15,2026-08-15,CVE-2023-53327,5.5,2026-06-17T06:44:54.067
CVE-2023-53326,0.001350000,0.034290000,0.1037037037037037,2026-08-15,2026-08-15,CVE-2023-53326,5.5,2026-06-17T06:44:53.877
CVE-2023-53325,0.001340000,0.033020000,0.09722222222222222,2026-08-15,2026-08-15,CVE-2023-53325,5.5,2026-06-17T06:44:53.713
CVE-2023-53324,0.001360000,0.034690000,0.1136574074074074,2026-08-15,2026-08-15,CVE-2023-53324,5.5,2026-06-17T06:44:53.533
CVE-2023-53323,0.001340000,0.033040000,0.09722222222222222,2026-08-15,2026-08-15,CVE-2023-53323,5.5,2026-06-17T06:44:53.353
CVE-2023-53322,0.001970000,0.097160000,0.35648148148148145,2026-08-15,2026-08-15,CVE-2023-53322,7.8,2026-08-04T10:19:01.977
CVE-2023-53321,0.001390000,0.037450000,0.1287037037037037,2026-08-15,2026-08-15,CVE-2023-53321,7.1,2026-06-17T06:44:52.993
CVE-2023-53320,0.001410000,0.038970000,0.13541666666666666,2026-08-15,2026-08-15,CVE-2023-53320,7.8,2026-06-17T06:44:52.833
CVE-2023-53319,0.001280000,0.028210000,0.0824074074074074,2026-08-15,2026-08-15,CVE-2023-53319,5.5,2026-06-17T06:44:52.650
CVE-2023-53318,0.001460000,0.043260000,0.16620370370370371,2026-08-15,2026-08-15,CVE-2023-53318,5.5,2026-06-17T06:44:52.450
CVE-2023-53317,0.001460000,0.043250000,0.16620370370370371,2026-08-15,2026-08-15,CVE-2023-53317,5.5,2026-06-17T06:44:52.243
CVE-2023-53316,0.001490000,0.046480000,0.1865740740740741,2026-08-15,2026-08-15,CVE-2023-53316,7.8,2026-06-17T06:44:52.070
CVE-2023-53315,0.002150000,0.122400000,0.4097222222222222,2026-08-15,2026-08-15,CVE-2023-53315,5.5,2026-08-04T10:19:01.657
CVE-2023-53314,0.001530000,0.050260000,0.21319444444444444,2026-08-15,2026-08-15,CVE-2023-53314,5.5,2026-08-04T10:19:01.447
CVE-2023-53313,0.001490000,0.046250000,0.1865740740740741,2026-08-15,2026-08-15,CVE-2023-53313,5.5,2026-06-17T06:44:51.420
CVE-2023-53312,0.001430000,0.041310000,0.14027777777777778,2026-08-15,2026-08-15,CVE-2023-53312,5.5,2026-06-17T06:44:51.203
CVE-2023-53311,0.001490000,0.046490000,0.1865740740740741,2026-08-15,2026-08-15,CVE-2023-53311,7.8,2026-06-17T06:44:49.190
CVE-2023-53310,0.001030000,0.011080000,0.038657407407407404,2026-08-15,2026-08-15,CVE-2023-53310,4.7,2026-06-17T06:44:48.960
CVE-2023-53309,0.001460000,0.043270000,0.16620370370370371,2026-08-15,2026-08-15,CVE-2023-53309,5.5,2026-06-17T06:44:48.770
CVE-2023-53308,0.001530000,0.050290000,0.21319444444444444,2026-08-15,2026-08-15,CVE-2023-53308,7.8,2026-06-17T06:44:48.560
CVE-2023-53307,0.001490000,0.046490000,0.1865740740740741,2026-08-15,2026-08-15,CVE-2023-53307,7.8,2026-06-17T06:44:48.370
CVE-2023-53306,0.001280000,0.028210000,0.0824074074074074,2026-08-15,2026-08-15,CVE-2023-53306,5.5,2026-06-17T06:44:48.187
CVE-2023-53305,0.002110000,0.116710000,0.40069444444444446,2026-08-15,2026-08-15,CVE-2023-53305,7.8,2026-08-04T10:19:01.040
CVE-2025-9972,0.022440000,0.813580000,0.9668981481481481,2026-08-15,2026-08-15,CVE-2025-9972,9.8,2026-06-17T10:10:10.873
CVE-2025-9862,0.004830000,0.394970000,0.844212962962963,2026-08-15,2026-08-15,CVE-2025-9862,6.5,2026-06-17T10:09:55.353
CVE-2025-9242,0.912550000,0.998020000,0.9993055555555556,2026-08-15,2026-08-15,CVE-2025-9242,9.8,2026-08-10T19:59:12.133
CVE-2025-8999,0.002620000,0.181780000,0.5381944444444444,2026-08-15,2026-08-15,CVE-2025-8999,5.3,2026-06-17T10:08:07.410
CVE-2025-8463,0.002390000,0.151830000,0.48564814814814816,2026-08-15,2026-08-15,CVE-2025-8463,5.3,2026-06-17T10:07:01.980
CVE-2025-8411,0.001860000,0.085120000,0.3145833333333333,2026-08-15,2026-08-15,CVE-2025-8411,7.1,2026-06-17T10:06:56.000
CVE-2025-8077,0.005250000,0.420540000,0.8652777777777778,2026-08-15,2026-08-15,CVE-2025-8077,9.8,2026-06-17T10:06:16.230
CVE-2025-59476,0.003350000,0.264570000,0.6643518518518519,2026-08-15,2026-08-15,CVE-2025-59476,5.3,2026-06-17T09:46:15.280
CVE-2025-59475,0.004480000,0.372110000,0.8217592592592593,2026-08-15,2026-08-15,CVE-2025-59475,4.3,2026-06-17T09:46:15.127
CVE-2025-59474,0.047350000,0.910840000,0.98125,2026-08-15,2026-08-15,CVE-2025-59474,5.3,2026-06-17T09:46:14.790
CVE-2025-59458,0.004500000,0.373600000,0.8226851851851852,2026-08-15,2026-08-15,CVE-2025-59458,9.8,2026-06-17T09:46:11.770
CVE-2025-59457,0.007520000,0.519610000,0.919675925925926,2026-08-15,2026-08-15,CVE-2025-59457,7.7,2026-06-17T09:46:11.660
CVE-2025-59456,0.122060000,0.958110000,0.9921296296296296,2026-08-15,2026-08-15,CVE-2025-59456,5.5,2026-06-17T09:46:11.557
CVE-2025-59455,0.003830000,0.315380000,0.7377314814814815,2026-08-15,2026-08-15,CVE-2025-59455,4.2,2026-06-17T09:46:11.450
CVE-2025-57055,0.003810000,0.313100000,0.7351851851851852,2026-08-15,2026-08-15,CVE-2025-57055,6.5,2026-06-17T09:42:48.650
CVE-2025-55904,0.001910000,0.090560000,0.33541666666666664,2026-08-15,2026-08-15,CVE-2025-55904,4.0,2026-06-17T09:42:14.910
CVE-2025-54467,0.002310000,0.142040000,0.4583333333333333,2026-08-15,2026-08-15,CVE-2025-54467,5.3,2026-06-17T09:40:09.260
CVE-2025-54390,0.001700000,0.066940000,0.2712962962962963,2026-08-15,2026-08-15,CVE-2025-54390,6.3,2026-06-17T09:40:00.307
CVE-2025-53884,0.001620000,0.058420000,0.24421296296296297,2026-08-15,2026-08-15,CVE-2025-53884,5.3,2026-06-17T09:39:04.293
CVE-2025-50709,0.003230000,0.250820000,0.6444444444444445,2026-08-15,2026-08-15,CVE-2025-50709,4.3,2026-06-17T09:35:20.120
CVE-2025-40933,0.003830000,0.314580000,0.7377314814814815,2026-08-15,2026-08-15,CVE-2025-40933,7.5,2026-06-17T09:22:19.380
CVE-2025-10602,0.003080000,0.235150000,0.6201388888888889,2026-08-15,2026-08-15,CVE-2025-10602,8.8,2026-06-17T08:28:36.197
CVE-2025-10601,0.003870000,0.319590000,0.7449074074074075,2026-08-15,2026-08-15,CVE-2025-10601,9.8,2026-06-17T08:28:36.063
CVE-2025-10600,0.004240000,0.354130000,0.7949074074074074,2026-08-15,2026-08-15,CVE-2025-10600,9.8,2026-06-17T08:28:35.853
CVE-2025-10599,0.004410000,0.366760000,0.80625,2026-08-15,2026-08-15,CVE-2025-10599,9.8,2026-06-17T08:28:35.673
CVE-2025-10598,0.003870000,0.319500000,0.7449074074074075,2026-08-15,2026-08-15,CVE-2025-10598,9.8,2026-06-17T08:28:35.537
CVE-2025-10597,0.004410000,0.366700000,0.80625,2026-08-15,2026-08-15,CVE-2025-10597,9.8,2026-06-17T08:28:35.400
CVE-2025-10596,0.005050000,0.408350000,0.857175925925926,2026-08-15,2026-08-15,CVE-2025-10596,9.8,2026-06-17T08:28:35.263
CVE-2025-10595,0.004080000,0.340290000,0.7717592592592593,2026-08-15,2026-08-15,CVE-2025-10595,8.8,2026-06-17T08:28:35.120
CVE-2025-10594,0.003080000,0.235190000,0.6201388888888889,2026-08-15,2026-08-15,CVE-2025-10594,8.8,2026-06-17T08:28:34.987
CVE-2025-10593,0.002850000,0.210590000,0.5766203703703704,2026-08-15,2026-08-15,CVE-2025-10593,8.8,2026-06-17T08:28:34.850
CVE-2025-10592,0.003510000,0.281630000,0.687962962962963,2026-08-15,2026-08-15,CVE-2025-10592,8.8,2026-08-20T10:36:57.407
CVE-2025-10591,0.002170000,0.124250000,0.4152777777777778,2026-08-15,2026-08-15,CVE-2025-10591,5.4,2026-06-17T08:28:34.583
CVE-2025-10590,0.003080000,0.234920000,0.6201388888888889,2026-08-15,2026-08-15,CVE-2025-10590,6.1,2026-06-17T08:28:34.447
CVE-2025-10439,0.003300000,0.259590000,0.65625,2026-08-15,2026-08-15,CVE-2025-10439,9.8,2026-06-17T08:28:19.917
CVE-2025-10205,0.002010000,0.103250000,0.3659722222222222,2026-08-15,2026-08-15,CVE-2025-10205,8.8,2026-06-17T08:27:54.037
CVE-2025-10157,0.007610000,0.522730000,0.9217592592592593,2026-08-15,2026-08-15,CVE-2025-10157,7.8,2026-06-17T08:27:47.607
CVE-2025-10156,0.014280000,0.707120000,0.9576388888888889,2026-08-15,2026-08-15,CVE-2025-10156,9.8,2026-06-17T08:27:47.490
CVE-2025-10155,0.008160000,0.540770000,0.9287037037037037,2026-08-15,2026-08-15,CVE-2025-10155,7.8,2026-06-17T08:27:47.377
CVE-2025-0879,0.002280000,0.138060000,0.45046296296296295,2026-08-15,2026-08-15,CVE-2025-0879,4.7,2026-06-17T08:27:18.367
CVE-2025-0546,0.002350000,0.146850000,0.4740740740740741,2026-08-15,2026-08-15,CVE-2025-0546,4.7,2026-06-17T08:26:41.443
CVE-2025-0420,0.002280000,0.138050000,0.45046296296296295,2026-08-15,2026-08-15,CVE-2025-0420,4.7,2026-06-17T08:26:26.520
CVE-2025-0419,0.002280000,0.138060000,0.45046296296296295,2026-08-15,2026-08-15,CVE-2025-0419,4.7,2026-06-17T08:26:26.420
CVE-2024-48842,0.001640000,0.060780000,0.2513888888888889,2026-08-15,2026-08-15,CVE-2024-48842,7.0,2026-06-17T07:58:52.370
CVE-2023-53368,0.001230000,0.024580000,0.06967592592592593,2026-08-15,2026-08-15,CVE-2023-53368,4.7,2026-06-17T06:45:07.260
CVE-2023-53367,0.001560000,0.052880000,0.22523148148148148,2026-08-15,2026-08-15,CVE-2023-53367,5.5,2026-06-17T06:45:07.103
CVE-2023-53366,0.001740000,0.071430000,0.28055555555555556,2026-08-15,2026-08-15,CVE-2023-53366,5.5,2026-06-17T06:45:06.717
CVE-2023-53365,0.001780000,0.076310000,0.2962962962962963,2026-08-15,2026-08-15,CVE-2023-53365,5.5,2026-06-17T06:45:01.113
CVE-2023-53364,0.001520000,0.048900000,0.20902777777777778,2026-08-15,2026-08-15,CVE-2023-53364,5.5,2026-06-17T06:45:00.910
CVE-2023-53363,0.001760000,0.073470000,0.2898148148148148,2026-08-15,2026-08-15,CVE-2023-53363,7.8,2026-06-17T06:45:00.680
CVE-2023-53362,0.001700000,0.066730000,0.2712962962962963,2026-08-15,2026-08-15,CVE-2023-53362,5.5,2026-06-17T06:45:00.467
CVE-2023-53361,0.001720000,0.068400000,0.27824074074074073,2026-08-15,2026-08-15,CVE-2023-53361,5.5,2026-06-17T06:45:00.263
CVE-2023-53360,0.003740000,0.305270000,0.7243055555555555,2026-08-15,2026-08-15,CVE-2023-53360,5.5,2026-08-04T10:19:03.430
CVE-2023-53359,0.001760000,0.073900000,0.2898148148148148,2026-08-15,2026-08-15,CVE-2023-53359,5.5,2026-06-17T06:44:59.887
CVE-2023-53358,0.003490000,0.279560000,0.6849537037037037,2026-08-15,2026-08-15,CVE-2023-53358,7.0,2026-08-04T10:19:03.247
CVE-2023-53357,0.001810000,0.079680000,0.3025462962962963,2026-08-15,2026-08-15,CVE-2023-53357,7.1,2026-06-17T06:44:59.547
CVE-2023-53356,0.001720000,0.068410000,0.27824074074074073,2026-08-15,2026-08-15,CVE-2023-53356,5.5,2026-06-17T06:44:59.380
CVE-2023-53355,0.001740000,0.071430000,0.28055555555555556,2026-08-15,2026-08-15,CVE-2023-53355,5.5,2026-06-17T06:44:59.227
CVE-2023-53354,0.001870000,0.085370000,0.3159722222222222,2026-08-15,2026-08-15,CVE-2023-53354,5.5,2026-08-04T10:19:03.027
CVE-2023-53353,0.001560000,0.052880000,0.22523148148148148,2026-08-15,2026-08-15,CVE-2023-53353,5.5,2026-06-17T06:44:58.863
CVE-2023-53352,0.001840000,0.082650000,0.30949074074074073,2026-08-15,2026-08-15,CVE-2023-53352,5.5,2026-06-17T06:44:58.690
CVE-2023-53351,0.001630000,0.059850000,0.24837962962962962,2026-08-15,2026-08-15,CVE-2023-53351,5.5,2026-06-17T06:44:58.523
CVE-2023-53350,0.001680000,0.064260000,0.2662037037037037,2026-08-15,2026-08-15,CVE-2023-53350,5.5,2026-06-17T06:44:58.360
CVE-2023-53349,0.001840000,0.082640000,0.30949074074074073,2026-08-15,2026-08-15,CVE-2023-53349,5.5,2026-06-17T06:44:58.170
CVE-2023-53348,0.001420000,0.039870000,0.13842592592592592,2026-08-15,2026-08-15,CVE-2023-53348,5.5,2026-06-17T06:44:57.963
CVE-2023-53347,0.001870000,0.086000000,0.3159722222222222,2026-08-15,2026-08-15,CVE-2023-53347,5.5,2026-06-17T06:44:57.767
CVE-2023-53346,0.001850000,0.083410000,0.31203703703703706,2026-08-15,2026-08-15,CVE-2023-53346,5.5,2026-06-17T06:44:57.590
CVE-2023-53345,0.001260000,0.026480000,0.07453703703703704,2026-08-15,2026-08-15,CVE-2023-53345,4.7,2026-06-17T06:44:57.407
CVE-2023-53344,0.001850000,0.083400000,0.31203703703703706,2026-08-15,2026-08-15,CVE-2023-53344,5.5,2026-06-17T06:44:57.197
CVE-2023-53343,0.001900000,0.089350000,0.3282407407407407,2026-08-15,2026-08-15,CVE-2023-53343,5.5,2026-06-17T06:44:56.967
CVE-2023-53342,0.001820000,0.080450000,0.30416666666666664,2026-08-15,2026-08-15,CVE-2023-53342,5.5,2026-06-17T06:44:56.753
CVE-2023-53341,0.001870000,0.086000000,0.3159722222222222,2026-08-15,2026-08-15,CVE-2023-53341,5.5,2026-06-17T06:44:56.580
CVE-2023-53340,0.001970000,0.097920000,0.35648148148148145,2026-08-15,2026-08-15,CVE-2023-53340,7.8,2026-06-17T06:44:56.413
CVE-2023-53339,0.001870000,0.086010000,0.3159722222222222,2026-08-15,2026-08-15,CVE-2023-53339,5.5,2026-06-17T06:44:56.297
CVE-2023-53338,0.005030000,0.407230000,0.8564814814814815,2026-08-15,2026-08-15,CVE-2023-53338,7.8,2026-08-04T10:19:02.720
CVE-2023-53337,0.001890000,0.088170000,0.32222222222222224,2026-08-15,2026-08-15,CVE-2023-53337,5.5,2026-06-17T06:44:55.900
CVE-2023-53336,0.001870000,0.086000000,0.3159722222222222,2026-08-15,2026-08-15,CVE-2023-53336,5.5,2026-06-17T06:44:55.733
CVE-2023-53335,0.004460000,0.370930000,0.819675925925926,2026-08-15,2026-08-15,CVE-2023-53335,5.5,2026-08-04T10:19:02.537
CVE-2022-50374,0.001890000,0.088340000,0.32222222222222224,2026-08-15,2026-08-15,CVE-2022-50374,5.5,2026-06-17T05:23:22.140
CVE-2022-50373,0.003660000,0.297270000,0.7152777777777778,2026-08-15,2026-08-15,CVE-2022-50373,4.7,2026-08-04T10:18:13.600
CVE-2022-50372,0.001680000,0.064260000,0.2662037037037037,2026-08-15,2026-08-15,CVE-2022-50372,5.5,2026-06-17T05:23:21.740
CVE-2022-50371,0.001380000,0.036710000,0.12685185185185185,2026-08-15,2026-08-15,CVE-2022-50371,5.5,2026-06-17T05:23:21.563
CVE-2022-50370,0.001890000,0.088350000,0.32222222222222224,2026-08-15,2026-08-15,CVE-2022-50370,5.5,2026-06-17T05:23:21.373
CVE-2022-50369,0.001840000,0.082650000,0.30949074074074073,2026-08-15,2026-08-15,CVE-2022-50369,5.5,2026-06-17T05:23:21.190
CVE-2022-50368,0.002000000,0.102080000,0.36319444444444443,2026-08-15,2026-08-15,CVE-2022-50368,7.8,2026-06-17T05:23:21.023
CVE-2022-50367,0.002060000,0.108740000,0.38449074074074074,2026-08-15,2026-08-15,CVE-2022-50367,7.8,2026-06-17T05:23:20.840
CVE-2022-50366,0.001980000,0.099470000,0.3608796296296296,2026-08-15,2026-08-15,CVE-2022-50366,7.1,2026-06-17T05:23:20.647
CVE-2022-50365,0.005240000,0.420310000,0.8641203703703704,2026-08-15,2026-08-15,CVE-2022-50365,5.5,2026-08-04T10:18:13.153
CVE-2022-50364,0.001890000,0.088340000,0.32222222222222224,2026-08-15,2026-08-15,CVE-2022-50364,5.5,2026-06-17T05:23:20.280
CVE-2022-50363,0.003720000,0.303930000,0.7229166666666667,2026-08-15,2026-08-15,CVE-2022-50363,5.5,2026-08-04T10:18:12.970
CVE-2022-50362,0.001940000,0.094150000,0.34375,2026-08-15,2026-08-15,CVE-2022-50362,5.5,2026-08-04T10:18:12.747
CVE-2022-50361,0.002060000,0.108980000,0.38449074074074074,2026-08-15,2026-08-15,CVE-2022-50361,5.5,2026-06-17T05:23:19.780
CVE-2022-50360,0.001630000,0.059850000,0.24837962962962962,2026-08-15,2026-08-15,CVE-2022-50360,5.5,2026-06-17T05:23:19.630
CVE-2022-50359,0.001940000,0.094320000,0.34375,2026-08-15,2026-08-15,CVE-2022-50359,5.5,2026-06-17T05:23:19.433
CVE-2022-50358,0.002750000,0.199640000,0.5571759259259259,2026-08-15,2026-08-15,CVE-2022-50358,4.2,2026-06-17T05:23:19.247
CVE-2022-50357,0.001870000,0.086010000,0.3159722222222222,2026-08-15,2026-08-15,CVE-2022-50357,5.5,2026-06-17T05:23:19.083
CVE-2022-50356,0.001910000,0.090270000,0.33541666666666664,2026-08-15,2026-08-15,CVE-2022-50356,5.5,2026-06-17T05:23:18.910
CVE-2022-50355,0.002000000,0.102070000,0.36319444444444443,2026-08-15,2026-08-15,CVE-2022-50355,5.5,2026-08-04T10:18:12.540
CVE-2022-50354,0.001970000,0.097920000,0.35648148148148145,2026-08-15,2026-08-15,CVE-2022-50354,5.5,2026-08-04T10:18:12.347
CVE-2022-50353,0.001850000,0.083410000,0.31203703703703706,2026-08-15,2026-08-15,CVE-2022-50353,5.5,2026-06-17T05:23:18.323
CVE-2025-8942,0.002760000,0.200180000,0.5590277777777778,2026-08-15,2026-08-15,CVE-2025-8942,9.1,2026-06-17T10:07:59.740
CVE-2025-8006,0.001890000,0.088100000,0.32222222222222224,2026-08-15,2026-08-15,CVE-2025-8006,7.8,2026-06-17T10:06:07.813
CVE-2025-8005,0.001890000,0.088120000,0.32222222222222224,2026-08-15,2026-08-15,CVE-2025-8005,7.8,2026-06-17T10:06:07.707
CVE-2025-8004,0.001890000,0.088130000,0.32222222222222224,2026-08-15,2026-08-15,CVE-2025-8004,7.8,2026-06-17T10:06:07.603
CVE-2025-8003,0.001890000,0.088110000,0.32222222222222224,2026-08-15,2026-08-15,CVE-2025-8003,7.8,2026-06-17T10:06:07.503
CVE-2025-8002,0.001890000,0.088110000,0.32222222222222224,2026-08-15,2026-08-15,CVE-2025-8002,7.8,2026-06-17T10:06:07.397
CVE-2025-8001,0.001890000,0.088110000,0.32222222222222224,2026-08-15,2026-08-15,CVE-2025-8001,7.8,2026-06-17T10:06:07.290
CVE-2025-8000,0.001890000,0.088100000,0.32222222222222224,2026-08-15,2026-08-15,CVE-2025-8000,7.8,2026-06-17T10:06:07.187
CVE-2025-7999,0.001930000,0.092760000,0.33912037037037035,2026-08-15,2026-08-15,CVE-2025-7999,7.8,2026-06-17T10:06:07.080
CVE-2025-7998,0.001890000,0.088100000,0.32222222222222224,2026-08-15,2026-08-15,CVE-2025-7998,7.8,2026-06-17T10:06:06.977
CVE-2025-7997,0.001890000,0.088100000,0.32222222222222224,2026-08-15,2026-08-15,CVE-2025-7997,7.8,2026-06-17T10:06:06.870
CVE-2025-7996,0.001930000,0.092750000,0.33912037037037035,2026-08-15,2026-08-15,CVE-2025-7996,7.8,2026-06-17T10:06:06.767
CVE-2025-7995,0.001890000,0.088130000,0.32222222222222224,2026-08-15,2026-08-15,CVE-2025-7995,7.8,2026-06-17T10:06:06.663
CVE-2025-7994,0.001890000,0.088120000,0.32222222222222224,2026-08-15,2026-08-15,CVE-2025-7994,7.8,2026-06-17T10:06:06.560
CVE-2025-7993,0.002000000,0.102260000,0.36319444444444443,2026-08-15,2026-08-15,CVE-2025-7993,7.8,2026-06-17T10:06:06.450
CVE-2025-7992,0.001930000,0.092750000,0.33912037037037035,2026-08-15,2026-08-15,CVE-2025-7992,7.8,2026-06-17T10:06:06.347
CVE-2025-7991,0.001890000,0.088120000,0.32222222222222224,2026-08-15,2026-08-15,CVE-2025-7991,7.8,2026-06-17T10:06:06.240
CVE-2025-7990,0.001930000,0.092760000,0.33912037037037035,2026-08-15,2026-08-15,CVE-2025-7990,7.8,2026-06-17T10:06:06.140
CVE-2025-7989,0.001890000,0.088130000,0.32222222222222224,2026-08-15,2026-08-15,CVE-2025-7989,7.8,2026-06-17T10:06:06.030
CVE-2025-7988,0.001930000,0.092760000,0.33912037037037035,2026-08-15,2026-08-15,CVE-2025-7988,7.8,2026-06-17T10:06:05.927
CVE-2025-7987,0.001930000,0.092750000,0.33912037037037035,2026-08-15,2026-08-15,CVE-2025-7987,7.8,2026-06-17T10:06:05.820
CVE-2025-7986,0.001890000,0.088110000,0.32222222222222224,2026-08-15,2026-08-15,CVE-2025-7986,7.8,2026-06-17T10:06:05.717
CVE-2025-7985,0.001890000,0.088130000,0.32222222222222224,2026-08-15,2026-08-15,CVE-2025-7985,7.8,2026-06-17T10:06:05.613
CVE-2025-7984,0.002000000,0.102260000,0.36319444444444443,2026-08-15,2026-08-15,CVE-2025-7984,7.8,2026-06-17T10:06:05.507
CVE-2025-7983,0.002060000,0.109630000,0.38449074074074074,2026-08-15,2026-08-15,CVE-2025-7983,7.8,2026-06-17T10:06:05.400
CVE-2025-7982,0.002030000,0.105620000,0.3712962962962963,2026-08-15,2026-08-15,CVE-2025-7982,7.8,2026-06-17T10:06:05.293
CVE-2025-7981,0.002150000,0.122140000,0.4097222222222222,2026-08-15,2026-08-15,CVE-2025-7981,7.8,2026-06-17T10:06:05.187
CVE-2025-7980,0.002030000,0.105620000,0.3712962962962963,2026-08-15,2026-08-15,CVE-2025-7980,7.8,2026-06-17T10:06:05.083
CVE-2025-7979,0.002060000,0.109630000,0.38449074074074074,2026-08-15,2026-08-15,CVE-2025-7979,7.8,2026-06-17T10:06:04.977
CVE-2025-7978,0.002150000,0.122140000,0.4097222222222222,2026-08-15,2026-08-15,CVE-2025-7978,7.8,2026-06-17T10:06:04.870
CVE-2025-7977,0.002030000,0.105630000,0.3712962962962963,2026-08-15,2026-08-15,CVE-2025-7977,7.8,2026-06-17T10:06:04.760
CVE-2025-59416,0.002680000,0.189920000,0.5469907407407407,2026-08-15,2026-08-15,CVE-2025-59416,,2026-06-17T09:46:07.757
CVE-2025-59415,0.002280000,0.137990000,0.45046296296296295,2026-08-15,2026-08-15,CVE-2025-59415,5.4,2026-06-17T09:46:07.633
CVE-2025-59414,0.003470000,0.277910000,0.6814814814814815,2026-08-15,2026-08-15,CVE-2025-59414,3.1,2026-06-17T09:46:07.520
CVE-2025-59410,0.001300000,0.030470000,0.08726851851851852,2026-08-15,2026-08-15,CVE-2025-59410,3.7,2026-06-17T09:46:06.987
CVE-2025-59354,0.001520000,0.048930000,0.20902777777777778,2026-08-15,2026-08-15,CVE-2025-59354,5.3,2026-06-17T09:45:57.970
CVE-2025-59353,0.002190000,0.126150000,0.4219907407407407,2026-08-15,2026-08-15,CVE-2025-59353,7.5,2026-06-17T09:45:57.813
CVE-2025-59352,0.006800000,0.493790000,0.9071759259259259,2026-08-15,2026-08-15,CVE-2025-59352,9.8,2026-06-17T09:45:57.690
CVE-2025-59351,0.002930000,0.218920000,0.5944444444444444,2026-08-15,2026-08-15,CVE-2025-59351,5.3,2026-06-17T09:45:57.573
CVE-2025-59350,0.003150000,0.242510000,0.6324074074074074,2026-08-15,2026-08-15,CVE-2025-59350,5.3,2026-06-17T09:45:57.450
CVE-2025-59349,0.001060000,0.012510000,0.04027777777777778,2026-08-15,2026-08-15,CVE-2025-59349,3.3,2026-06-17T09:45:57.337
CVE-2025-59348,0.003310000,0.260530000,0.6583333333333333,2026-08-15,2026-08-15,CVE-2025-59348,7.5,2026-06-17T09:45:57.213
CVE-2025-59347,0.001590000,0.055370000,0.23287037037037037,2026-08-15,2026-08-15,CVE-2025-59347,6.5,2026-06-17T09:45:57.090
CVE-2025-59346,0.002310000,0.142030000,0.4583333333333333,2026-08-15,2026-08-15,CVE-2025-59346,5.3,2026-06-17T09:45:56.963
CVE-2025-59345,0.003610000,0.292250000,0.7055555555555556,2026-08-15,2026-08-15,CVE-2025-59345,9.1,2026-06-17T09:45:56.843
CVE-2025-59342,0.028290000,0.854050000,0.9706018518518519,2026-08-15,2026-08-15,CVE-2025-59342,,2026-06-17T09:45:56.447
CVE-2025-59341,0.015270000,0.725140000,0.9599537037037037,2026-08-15,2026-08-15,CVE-2025-59341,,2026-06-17T09:45:56.280
CVE-2025-59340,0.023150000,0.819530000,0.968287037037037,2026-08-15,2026-08-15,CVE-2025-59340,10.0,2026-06-17T09:45:56.163
CVE-2025-59339,0.000940000,0.007190000,0.02962962962962963,2026-08-15,2026-08-15,CVE-2025-59339,4.4,2026-06-17T09:45:56.060
CVE-2025-59304,0.032260000,0.871610000,0.9733796296296297,2026-08-15,2026-08-15,CVE-2025-59304,9.8,2026-06-17T09:45:54.420
CVE-2025-58767,0.002310000,0.142740000,0.4583333333333333,2026-08-15,2026-08-15,CVE-2025-58767,5.3,2026-06-17T09:44:54.203
CVE-2025-58766,0.004020000,0.334840000,0.7673611111111112,2026-08-15,2026-08-15,CVE-2025-58766,9.0,2026-06-17T09:44:54.103
CVE-2025-58432,0.001640000,0.060550000,0.2513888888888889,2026-08-15,2026-08-15,CVE-2025-58432,7.8,2026-06-17T09:44:26.977
CVE-2025-58431,0.001910000,0.090680000,0.33541666666666664,2026-08-15,2026-08-15,CVE-2025-58431,6.2,2026-06-17T09:44:26.860
CVE-2025-56648,0.002200000,0.128550000,0.425,2026-08-15,2026-08-15,CVE-2025-56648,6.5,2026-06-17T09:42:42.740
CVE-2025-5305,0.002190000,0.126940000,0.4219907407407407,2026-08-15,2026-08-15,CVE-2025-5305,9.8,2026-06-17T09:47:38.937
CVE-2025-37122,0.002350000,0.147830000,0.4740740740740741,2026-08-15,2026-08-15,CVE-2025-37122,6.1,2026-06-17T09:15:13.313
CVE-2025-35436,0.005360000,0.426570000,0.8692129629629629,2026-08-15,2026-08-15,CVE-2025-35436,7.5,2026-06-17T09:14:17.827
CVE-2025-35435,0.003960000,0.328690000,0.7592592592592593,2026-08-15,2026-08-15,CVE-2025-35435,4.3,2026-06-17T09:14:17.710
CVE-2025-35434,0.001870000,0.086320000,0.3159722222222222,2026-08-15,2026-08-15,CVE-2025-35434,9.8,2026-06-17T09:14:17.590
CVE-2025-35433,0.002580000,0.176570000,0.5273148148148148,2026-08-15,2026-08-15,CVE-2025-35433,8.8,2026-06-17T09:14:17.460
CVE-2025-35432,0.005240000,0.420130000,0.8641203703703704,2026-08-15,2026-08-15,CVE-2025-35432,7.5,2026-06-17T09:14:17.340
CVE-2025-35431,0.002820000,0.207710000,0.5717592592592593,2026-08-15,2026-08-15,CVE-2025-35431,5.4,2026-06-17T09:14:17.213
CVE-2025-35430,0.004570000,0.378300000,0.8277777777777777,2026-08-15,2026-08-15,CVE-2025-35430,6.5,2026-06-17T09:14:17.097
CVE-2025-23337,0.001430000,0.040500000,0.14027777777777778,2026-08-15,2026-08-15,CVE-2025-23337,6.7,2026-06-17T08:53:37.543
CVE-2025-23336,0.003220000,0.250750000,0.6412037037037037,2026-08-15,2026-08-15,CVE-2025-23336,7.5,2026-06-17T08:53:37.040
CVE-2025-23329,0.003280000,0.257580000,0.6518518518518519,2026-08-15,2026-08-15,CVE-2025-23329,7.5,2026-06-17T08:53:33.640
CVE-2025-23328,0.003550000,0.286670000,0.6981481481481482,2026-08-15,2026-08-15,CVE-2025-23328,7.5,2026-06-17T08:53:33.153
CVE-2025-23316,0.006630000,0.486930000,0.9039351851851852,2026-08-15,2026-08-15,CVE-2025-23316,9.8,2026-06-17T08:53:27.213
CVE-2025-23268,0.004170000,0.348050000,0.7819444444444444,2026-08-15,2026-08-15,CVE-2025-23268,9.8,2026-06-17T08:53:03.990
CVE-2025-10644,0.037060000,0.887920000,0.9752314814814815,2026-08-15,2026-08-15,CVE-2025-10644,9.4,2026-06-17T08:28:41.633
CVE-2025-10643,0.027950000,0.852140000,0.9701388888888889,2026-08-15,2026-08-15,CVE-2025-10643,9.1,2026-06-17T08:28:41.527
CVE-2025-10642,0.002470000,0.163050000,0.5041666666666667,2026-08-15,2026-08-15,CVE-2025-10642,3.5,2026-06-17T08:28:41.407
CVE-2025-10634,0.073590000,0.938640000,0.987037037037037,2026-08-15,2026-08-15,CVE-2025-10634,8.8,2026-06-17T08:28:40.320
CVE-2025-10632,0.002560000,0.174470000,0.5229166666666667,2026-08-15,2026-08-15,CVE-2025-10632,5.4,2026-06-17T08:28:40.180
CVE-2025-10631,0.002570000,0.174810000,0.524537037037037,2026-08-15,2026-08-15,CVE-2025-10631,5.4,2026-06-17T08:28:40.050
CVE-2025-10629,0.053630000,0.919510000,0.981712962962963,2026-08-15,2026-08-15,CVE-2025-10629,8.8,2026-06-17T08:28:39.807
CVE-2025-10628,0.088490000,0.947460000,0.9895833333333334,2026-08-15,2026-08-15,CVE-2025-10628,8.8,2026-06-17T08:28:39.670
CVE-2025-10627,0.003080000,0.235180000,0.6201388888888889,2026-08-15,2026-08-15,CVE-2025-10627,8.8,2026-06-17T08:28:39.537
CVE-2025-10626,0.003080000,0.235170000,0.6201388888888889,2026-08-15,2026-08-15,CVE-2025-10626,8.8,2026-06-17T08:28:39.407
CVE-2025-10625,0.003080000,0.235170000,0.6201388888888889,2026-08-15,2026-08-15,CVE-2025-10625,8.8,2026-06-17T08:28:39.270
CVE-2025-10624,0.004410000,0.366700000,0.80625,2026-08-15,2026-08-15,CVE-2025-10624,9.8,2026-06-17T08:28:39.133
CVE-2025-10623,0.004410000,0.366690000,0.80625,2026-08-15,2026-08-15,CVE-2025-10623,9.8,2026-06-17T08:28:38.997
CVE-2025-10621,0.004410000,0.366700000,0.80625,2026-08-15,2026-08-15,CVE-2025-10621,9.8,2026-06-17T08:28:38.727
CVE-2025-10620,0.003510000,0.281650000,0.687962962962963,2026-08-15,2026-08-15,CVE-2025-10620,8.8,2026-06-17T08:28:38.590
CVE-2025-10619,0.016280000,0.741180000,0.9611111111111111,2026-08-15,2026-08-15,CVE-2025-10619,6.3,2026-06-17T08:28:38.450
CVE-2025-10618,0.004370000,0.364350000,0.8023148148148148,2026-08-15,2026-08-15,CVE-2025-10618,8.8,2026-06-17T08:28:38.317
CVE-2025-10617,0.003650000,0.296310000,0.7122685185185185,2026-08-15,2026-08-15,CVE-2025-10617,8.8,2026-06-17T08:28:38.183
CVE-2025-10616,0.004230000,0.352910000,0.794212962962963,2026-08-15,2026-08-15,CVE-2025-10616,8.8,2026-06-17T08:28:38.047
CVE-2025-10615,0.003280000,0.257080000,0.6518518518518519,2026-08-15,2026-08-15,CVE-2025-10615,8.8,2026-06-17T08:28:37.917
CVE-2025-10614,0.003220000,0.250590000,0.6412037037037037,2026-08-15,2026-08-15,CVE-2025-10614,6.1,2026-06-17T08:28:37.783
CVE-2025-10613,0.003080000,0.235160000,0.6201388888888889,2026-08-15,2026-08-15,CVE-2025-10613,8.8,2026-06-17T08:28:37.647
CVE-2025-10608,0.003480000,0.279130000,0.6828703703703703,2026-08-15,2026-08-15,CVE-2025-10608,8.8,2026-06-17T08:28:37.017
CVE-2025-10607,0.003680000,0.299320000,0.71875,2026-08-15,2026-08-15,CVE-2025-10607,6.5,2026-06-17T08:28:36.880
CVE-2025-10606,0.003640000,0.295260000,0.7097222222222223,2026-08-15,2026-08-15,CVE-2025-10606,6.1,2026-06-17T08:28:36.740
CVE-2025-10605,0.003640000,0.295270000,0.7097222222222223,2026-08-15,2026-08-15,CVE-2025-10605,6.1,2026-06-17T08:28:36.600
CVE-2025-10604,0.003840000,0.316070000,0.7386574074074074,2026-08-15,2026-08-15,CVE-2025-10604,9.8,2026-06-17T08:28:36.467
CVE-2025-10603,0.003840000,0.316070000,0.7386574074074074,2026-08-15,2026-08-15,CVE-2025-10603,9.8,2026-06-17T08:28:36.330
CVE-2023-49565,0.007560000,0.520810000,0.9201388888888888,2026-08-15,2026-08-15,CVE-2023-49565,8.4,2026-06-17T06:36:09.933
CVE-2023-49564,0.004150000,0.345780000,0.7789351851851852,2026-08-15,2026-08-15,CVE-2023-49564,8.8,2026-06-17T06:36:09.767
CVE-2025-9992,0.001800000,0.078170000,0.3,2026-08-15,2026-08-15,CVE-2025-9992,6.4,2026-06-17T10:10:13.087
CVE-2025-9083,0.005050000,0.408290000,0.857175925925926,2026-08-15,2026-08-15,CVE-2025-9083,9.8,2026-06-17T10:08:17.060
CVE-2025-8565,0.002570000,0.175240000,0.524537037037037,2026-08-15,2026-08-15,CVE-2025-8565,8.1,2026-06-17T10:07:14.600
CVE-2025-6237,0.003530000,0.284230000,0.6949074074074074,2026-08-15,2026-08-15,CVE-2025-6237,9.8,2026-06-17T10:01:26.363
CVE-2025-4444,0.004370000,0.364230000,0.8023148148148148,2026-08-15,2026-08-15,CVE-2025-4444,3.7,2026-06-17T09:33:15.893
CVE-2025-40678,0.002680000,0.190580000,0.5469907407407407,2026-08-15,2026-08-15,CVE-2025-40678,,2026-06-17T09:21:56.780
CVE-2025-40677,0.005880000,0.453150000,0.8847222222222222,2026-08-15,2026-08-15,CVE-2025-40677,,2026-06-17T09:21:56.677
CVE-2025-30187,0.002710000,0.193310000,0.5513888888888889,2026-08-15,2026-08-15,CVE-2025-30187,3.7,2026-06-17T09:08:19.067
CVE-2025-10673,0.005430000,0.430420000,0.8706018518518519,2026-08-15,2026-08-15,CVE-2025-10673,9.8,2026-06-17T08:28:44.670
CVE-2025-10672,0.002230000,0.132460000,0.4363425925925926,2026-08-15,2026-08-15,CVE-2025-10672,7.8,2026-06-17T08:28:44.543
CVE-2025-10671,0.004010000,0.333320000,0.7666666666666667,2026-08-15,2026-08-15,CVE-2025-10671,3.7,2026-06-17T08:28:44.420
CVE-2025-10670,0.003870000,0.319500000,0.7449074074074075,2026-08-15,2026-08-15,CVE-2025-10670,9.8,2026-06-17T08:28:44.287
CVE-2025-10669,0.002390000,0.152800000,0.48564814814814816,2026-08-15,2026-08-15,CVE-2025-10669,6.3,2026-06-17T08:28:44.167
CVE-2025-10668,0.004010000,0.333410000,0.7666666666666667,2026-08-15,2026-08-15,CVE-2025-10668,9.8,2026-06-17T08:28:44.030
CVE-2025-10667,0.004830000,0.395380000,0.844212962962963,2026-08-15,2026-08-15,CVE-2025-10667,9.8,2026-06-17T08:28:43.897
CVE-2025-10666,0.030390000,0.863690000,0.9722222222222222,2026-08-15,2026-08-15,CVE-2025-10666,9.8,2026-06-17T08:28:43.750
CVE-2025-10665,0.003230000,0.251140000,0.6444444444444445,2026-08-15,2026-08-15,CVE-2025-10665,9.8,2026-06-17T08:28:43.617
CVE-2025-10664,0.003870000,0.319590000,0.7449074074074075,2026-08-15,2026-08-15,CVE-2025-10664,9.8,2026-06-17T08:28:43.480
CVE-2025-10663,0.003980000,0.329910000,0.762962962962963,2026-08-15,2026-08-15,CVE-2025-10663,9.8,2026-06-17T08:28:43.350
CVE-2025-10662,0.003810000,0.312900000,0.7351851851851852,2026-08-15,2026-08-15,CVE-2025-10662,9.8,2026-06-17T08:28:43.213
CVE-2025-10493,0.008550000,0.552790000,0.9326388888888889,2026-08-15,2026-08-15,CVE-2025-10493,5.3,2026-06-17T08:28:25.830
CVE-2025-10207,0.003300000,0.258940000,0.65625,2026-08-15,2026-08-15,CVE-2025-10207,7.2,2026-06-17T08:27:54.153
CVE-2025-0547,0.002280000,0.138060000,0.45046296296296295,2026-08-15,2026-08-15,CVE-2025-0547,4.7,2026-06-17T08:26:41.540
CVE-2024-48851,0.005020000,0.406970000,0.8557870370370371,2026-08-15,2026-08-15,CVE-2024-48851,7.2,2026-06-17T07:58:53.577
CVE-2024-25011,0.002580000,0.176690000,0.5273148148148148,2026-08-15,2026-08-15,CVE-2024-25011,5.3,2026-06-17T07:15:22.793
CVE-2024-13151,0.003430000,0.273540000,0.6756944444444445,2026-08-15,2026-08-15,CVE-2024-13151,9.8,2026-06-17T07:01:19.553
CVE-2023-53418,0.001360000,0.035180000,0.1136574074074074,2026-08-15,2026-08-15,CVE-2023-53418,5.5,2026-06-17T06:45:16.513
CVE-2023-53417,0.001360000,0.035190000,0.1136574074074074,2026-08-15,2026-08-15,CVE-2023-53417,5.5,2026-06-17T06:45:16.333
CVE-2023-53416,0.001350000,0.034190000,0.1037037037037037,2026-08-15,2026-08-15,CVE-2023-53416,5.5,2026-06-17T06:45:16.163
CVE-2023-53415,0.001350000,0.034200000,0.1037037037037037,2026-08-15,2026-08-15,CVE-2023-53415,5.5,2026-06-17T06:45:15.983
CVE-2023-53414,0.001350000,0.034210000,0.1037037037037037,2026-08-15,2026-08-15,CVE-2023-53414,5.5,2026-06-17T06:45:15.803
CVE-2023-53413,0.001350000,0.034210000,0.1037037037037037,2026-08-15,2026-08-15,CVE-2023-53413,5.5,2026-06-17T06:45:15.637
CVE-2023-53412,0.001360000,0.035190000,0.1136574074074074,2026-08-15,2026-08-15,CVE-2023-53412,5.5,2026-06-17T06:45:15.463
CVE-2023-53411,0.001350000,0.034220000,0.1037037037037037,2026-08-15,2026-08-15,CVE-2023-53411,5.5,2026-06-17T06:45:15.293
CVE-2023-53410,0.001340000,0.033060000,0.09722222222222222,2026-08-15,2026-08-15,CVE-2023-53410,5.5,2026-06-17T06:45:15.130
CVE-2023-53409,0.001350000,0.034200000,0.1037037037037037,2026-08-15,2026-08-15,CVE-2023-53409,5.5,2026-06-17T06:45:14.953
CVE-2023-53408,0.001350000,0.034190000,0.1037037037037037,2026-08-15,2026-08-15,CVE-2023-53408,5.5,2026-06-17T06:45:14.763
CVE-2023-53407,0.001360000,0.035170000,0.1136574074074074,2026-08-15,2026-08-15,CVE-2023-53407,5.5,2026-06-17T06:45:14.577
CVE-2023-53406,0.001350000,0.034190000,0.1037037037037037,2026-08-15,2026-08-15,CVE-2023-53406,5.5,2026-06-17T06:45:14.403
CVE-2023-53405,0.001350000,0.034220000,0.1037037037037037,2026-08-15,2026-08-15,CVE-2023-53405,5.5,2026-06-17T06:45:14.233
CVE-2023-53404,0.001350000,0.034180000,0.1037037037037037,2026-08-15,2026-08-15,CVE-2023-53404,5.5,2026-06-17T06:45:14.067
CVE-2023-53403,0.001350000,0.034210000,0.1037037037037037,2026-08-15,2026-08-15,CVE-2023-53403,5.5,2026-06-17T06:45:13.893
CVE-2023-53402,0.001350000,0.034210000,0.1037037037037037,2026-08-15,2026-08-15,CVE-2023-53402,5.5,2026-06-17T06:45:13.727
CVE-2023-53401,0.001260000,0.026790000,0.07453703703703704,2026-08-15,2026-08-15,CVE-2023-53401,4.7,2026-06-17T06:45:13.540
CVE-2023-53400,0.001360000,0.034660000,0.1136574074074074,2026-08-15,2026-08-15,CVE-2023-53400,5.5,2026-06-17T06:45:13.353
CVE-2023-53399,0.002610000,0.180060000,0.5365740740740741,2026-08-15,2026-08-15,CVE-2023-53399,5.5,2026-08-04T10:19:05.680
CVE-2023-53398,0.001370000,0.035630000,0.12268518518518519,2026-08-15,2026-08-15,CVE-2023-53398,7.8,2026-06-17T06:45:13.003
CVE-2023-53397,0.001360000,0.034700000,0.1136574074074074,2026-08-15,2026-08-15,CVE-2023-53397,5.5,2026-06-17T06:45:12.813
CVE-2023-53396,0.001380000,0.036370000,0.12685185185185185,2026-08-15,2026-08-15,CVE-2023-53396,5.5,2026-06-17T06:45:12.623
CVE-2023-53395,0.001430000,0.040710000,0.14027777777777778,2026-08-15,2026-08-15,CVE-2023-53395,7.8,2026-06-17T06:45:12.420
CVE-2023-53394,0.001250000,0.026310000,0.07268518518518519,2026-08-15,2026-08-15,CVE-2023-53394,5.5,2026-08-04T10:19:05.403
CVE-2023-53393,0.001350000,0.034250000,0.1037037037037037,2026-08-15,2026-08-15,CVE-2023-53393,5.5,2026-06-17T06:45:11.927
CVE-2023-53392,0.001370000,0.035690000,0.12268518518518519,2026-08-15,2026-08-15,CVE-2023-53392,7.1,2026-06-17T06:45:11.810
CVE-2023-53391,0.001350000,0.034240000,0.1037037037037037,2026-08-15,2026-08-15,CVE-2023-53391,5.5,2026-06-17T06:45:11.623
CVE-2023-53390,0.001350000,0.034240000,0.1037037037037037,2026-08-15,2026-08-15,CVE-2023-53390,5.5,2026-06-17T06:45:11.457
CVE-2023-53389,0.001350000,0.034240000,0.1037037037037037,2026-08-15,2026-08-15,CVE-2023-53389,5.5,2026-06-17T06:45:11.277
CVE-2023-53388,0.001430000,0.040690000,0.14027777777777778,2026-08-15,2026-08-15,CVE-2023-53388,7.8,2026-06-17T06:45:11.073
CVE-2023-53387,0.001410000,0.039000000,0.13541666666666666,2026-08-15,2026-08-15,CVE-2023-53387,5.5,2026-08-04T10:19:05.103
CVE-2023-53386,0.001390000,0.037380000,0.1287037037037037,2026-08-15,2026-08-15,CVE-2023-53386,7.8,2026-06-17T06:45:10.717
CVE-2023-53385,0.001340000,0.033030000,0.09722222222222222,2026-08-15,2026-08-15,CVE-2023-53385,5.5,2026-06-17T06:45:10.553
CVE-2023-53384,0.001390000,0.037200000,0.1287037037037037,2026-08-15,2026-08-15,CVE-2023-53384,5.5,2026-06-17T06:45:10.347
CVE-2023-53383,0.001340000,0.033080000,0.09722222222222222,2026-08-15,2026-08-15,CVE-2023-53383,5.5,2026-06-17T06:45:10.157
CVE-2023-53382,0.002690000,0.191770000,0.5481481481481482,2026-08-15,2026-08-15,CVE-2023-53382,5.5,2026-08-04T10:19:04.783
CVE-2023-53381,0.002610000,0.180060000,0.5365740740740741,2026-08-15,2026-08-15,CVE-2023-53381,5.5,2026-08-04T10:19:04.603
CVE-2023-53380,0.001360000,0.034690000,0.1136574074074074,2026-08-15,2026-08-15,CVE-2023-53380,5.5,2026-06-17T06:45:09.573
CVE-2023-53379,0.001360000,0.034680000,0.1136574074074074,2026-08-15,2026-08-15,CVE-2023-53379,5.5,2026-06-17T06:45:09.367
CVE-2023-53378,0.001410000,0.038990000,0.13541666666666666,2026-08-15,2026-08-15,CVE-2023-53378,5.5,2026-08-04T10:19:04.407
CVE-2023-53377,0.001380000,0.036880000,0.12685185185185185,2026-08-15,2026-08-15,CVE-2023-53377,7.8,2026-06-17T06:45:09.000
CVE-2023-53376,0.001510000,0.048090000,0.20416666666666666,2026-08-15,2026-08-15,CVE-2023-53376,7.1,2026-08-04T10:19:04.113
CVE-2023-53375,0.001460000,0.043350000,0.16620370370370371,2026-08-15,2026-08-15,CVE-2023-53375,5.5,2026-06-17T06:45:08.577
CVE-2023-53374,0.001970000,0.097780000,0.35648148148148145,2026-08-15,2026-08-15,CVE-2023-53374,7.8,2026-08-04T10:19:03.933
CVE-2023-53373,0.001500000,0.047480000,0.20069444444444445,2026-08-15,2026-08-15,CVE-2023-53373,7.8,2026-06-17T06:45:08.180
CVE-2023-53372,0.003510000,0.281840000,0.687962962962963,2026-08-15,2026-08-15,CVE-2023-53372,7.8,2026-08-04T10:19:03.607
CVE-2023-53371,0.001430000,0.041240000,0.14027777777777778,2026-08-15,2026-08-15,CVE-2023-53371,5.5,2026-06-17T06:45:07.817
CVE-2023-53370,0.001430000,0.041220000,0.14027777777777778,2026-08-15,2026-08-15,CVE-2023-53370,5.5,2026-06-17T06:45:07.660
CVE-2023-53369,0.001610000,0.057380000,0.24166666666666667,2026-08-15,2026-08-15,CVE-2023-53369,5.5,2026-06-17T06:45:07.470
CVE-2022-50400,0.001350000,0.034290000,0.1037037037037037,2026-08-15,2026-08-15,CVE-2022-50400,5.5,2026-06-17T05:23:27.497
CVE-2022-50399,0.001530000,0.049760000,0.21319444444444444,2026-08-15,2026-08-15,CVE-2022-50399,5.5,2026-08-04T10:18:14.550
CVE-2022-50398,0.001280000,0.028210000,0.0824074074074074,2026-08-15,2026-08-15,CVE-2022-50398,5.5,2026-06-17T05:23:27.137
CVE-2022-50396,0.001590000,0.055360000,0.23287037037037037,2026-08-15,2026-08-15,CVE-2022-50396,5.5,2026-06-17T05:23:26.860
CVE-2022-50395,0.001460000,0.043330000,0.16620370370370371,2026-08-15,2026-08-15,CVE-2022-50395,5.5,2026-06-17T05:23:26.687
CVE-2022-50394,0.001560000,0.052930000,0.22523148148148148,2026-08-15,2026-08-15,CVE-2022-50394,7.1,2026-08-04T10:18:14.340
CVE-2022-50393,0.001510000,0.048090000,0.20416666666666666,2026-08-15,2026-08-15,CVE-2022-50393,5.5,2026-08-15T13:17:34.180
CVE-2022-50392,0.001480000,0.045320000,0.1840277777777778,2026-08-15,2026-08-15,CVE-2022-50392,5.5,2026-06-17T05:23:26.167
CVE-2022-50391,0.001430000,0.041240000,0.14027777777777778,2026-08-15,2026-08-15,CVE-2022-50391,5.5,2026-06-17T05:23:25.980
CVE-2022-50390,0.001520000,0.048550000,0.20902777777777778,2026-08-15,2026-08-15,CVE-2022-50390,5.5,2026-06-17T05:23:24.983
CVE-2022-50389,0.001460000,0.043340000,0.16620370370370371,2026-08-15,2026-08-15,CVE-2022-50389,5.5,2026-06-17T05:23:24.793
CVE-2022-50388,0.001450000,0.042650000,0.15416666666666667,2026-08-15,2026-08-15,CVE-2022-50388,5.5,2026-06-17T05:23:24.610
CVE-2022-50387,0.001450000,0.042630000,0.15416666666666667,2026-08-15,2026-08-15,CVE-2022-50387,5.5,2026-06-17T05:23:24.440
CVE-2022-50386,0.003360000,0.265610000,0.6664351851851852,2026-08-15,2026-08-15,CVE-2022-50386,8.0,2026-08-04T10:18:13.947
CVE-2022-50385,0.001450000,0.042690000,0.15416666666666667,2026-08-15,2026-08-15,CVE-2022-50385,5.5,2026-06-17T05:23:24.090
CVE-2022-50384,0.001560000,0.052930000,0.22523148148148148,2026-08-15,2026-08-15,CVE-2022-50384,7.8,2026-06-17T05:23:23.900
CVE-2022-50383,0.001430000,0.041300000,0.14027777777777778,2026-08-15,2026-08-15,CVE-2022-50383,5.5,2026-06-17T05:23:23.737
CVE-2022-50382,0.001100000,0.014650000,0.04652777777777778,2026-08-15,2026-08-15,CVE-2022-50382,5.5,2026-06-17T05:23:23.567
CVE-2022-50381,0.001490000,0.046210000,0.1865740740740741,2026-08-15,2026-08-15,CVE-2022-50381,5.5,2026-06-17T05:23:23.350
CVE-2022-50380,0.001460000,0.043310000,0.16620370370370371,2026-08-15,2026-08-15,CVE-2022-50380,5.5,2026-06-17T05:23:23.173
CVE-2022-50379,0.001010000,0.010450000,0.03680555555555556,2026-08-15,2026-08-15,CVE-2022-50379,4.7,2026-06-17T05:23:22.983
CVE-2022-50378,0.001490000,0.045750000,0.1865740740740741,2026-08-15,2026-08-15,CVE-2022-50378,7.8,2026-08-15T13:17:33.227
CVE-2022-50376,0.001460000,0.043310000,0.16620370370370371,2026-08-15,2026-08-15,CVE-2022-50376,5.5,2026-08-15T13:17:32.267
CVE-2022-50375,0.001460000,0.043320000,0.16620370370370371,2026-08-15,2026-08-15,CVE-2022-50375,5.5,2026-06-17T05:23:22.370
CVE-2025-8487,0.002440000,0.158760000,0.4986111111111111,2026-08-15,2026-08-15,CVE-2025-8487,5.4,2026-06-17T10:07:04.470
CVE-2025-7937,0.003010000,0.226820000,0.6087962962962963,2026-08-15,2026-08-15,CVE-2025-7937,7.2,2026-06-17T10:06:00.380
CVE-2025-6198,0.003010000,0.226810000,0.6087962962962963,2026-08-15,2026-08-15,CVE-2025-6198,7.2,2026-06-17T10:01:22.143
CVE-2025-59717,0.003610000,0.292500000,0.7055555555555556,2026-08-15,2026-08-15,CVE-2025-59717,9.8,2026-06-17T09:46:35.680
CVE-2025-59715,0.001780000,0.076320000,0.2962962962962963,2026-08-15,2026-08-15,CVE-2025-59715,5.4,2026-06-17T09:46:35.403
CVE-2025-59714,0.002480000,0.164020000,0.506712962962963,2026-08-15,2026-08-15,CVE-2025-59714,4.9,2026-06-17T09:46:35.287
CVE-2025-59713,0.003490000,0.279450000,0.6849537037037037,2026-08-15,2026-08-15,CVE-2025-59713,8.1,2026-06-17T09:46:35.160
CVE-2025-59712,0.002380000,0.150940000,0.4840277777777778,2026-08-15,2026-08-15,CVE-2025-59712,5.4,2026-06-17T09:46:35.040
CVE-2025-59692,0.001930000,0.092740000,0.33912037037037035,2026-08-15,2026-08-15,CVE-2025-59692,3.7,2026-06-17T09:46:31.967
CVE-2025-59691,0.002030000,0.105970000,0.3712962962962963,2026-08-15,2026-08-15,CVE-2025-59691,3.7,2026-06-17T09:46:31.850
CVE-2025-5955,0.004070000,0.339110000,0.7708333333333334,2026-08-15,2026-08-15,CVE-2025-5955,8.1,2026-06-17T09:49:05.853
CVE-2025-59424,0.003210000,0.248790000,0.6388888888888888,2026-08-15,2026-08-15,CVE-2025-59424,7.3,2026-06-17T09:46:08.580
CVE-2025-59421,0.004100000,0.341900000,0.7738425925925926,2026-08-15,2026-08-15,CVE-2025-59421,,2026-06-17T09:46:08.337
CVE-2025-59417,0.003710000,0.302320000,0.7217592592592592,2026-08-15,2026-08-15,CVE-2025-59417,6.1,2026-06-17T09:46:07.870
CVE-2025-59220,0.002320000,0.143230000,0.4664351851851852,2026-08-15,2026-08-15,CVE-2025-59220,7.0,2026-06-17T09:45:44.937
CVE-2025-59216,0.002320000,0.143230000,0.4664351851851852,2026-08-15,2026-08-15,CVE-2025-59216,7.0,2026-06-17T09:45:44.717
CVE-2025-59215,0.002980000,0.224410000,0.6037037037037037,2026-08-15,2026-08-15,CVE-2025-59215,7.0,2026-06-17T09:45:44.603
CVE-2025-59040,0.003100000,0.236650000,0.6261574074074074,2026-08-15,2026-08-15,CVE-2025-59040,4.3,2026-06-17T09:45:29.110
CVE-2025-57452,0.002430000,0.157620000,0.4949074074074074,2026-08-15,2026-08-15,CVE-2025-57452,6.1,2026-06-17T09:43:09.103
CVE-2025-57295,0.003810000,0.312280000,0.7351851851851852,2026-08-15,2026-08-15,CVE-2025-57295,8.0,2026-06-17T09:43:00.153
CVE-2025-57293,0.016790000,0.748950000,0.9622685185185185,2026-08-15,2026-08-15,CVE-2025-57293,8.8,2026-06-17T09:42:59.997
CVE-2025-55912,0.014480000,0.710710000,0.9583333333333334,2026-08-15,2026-08-15,CVE-2025-55912,7.3,2026-06-17T09:42:15.373
CVE-2025-55911,0.009980000,0.598080000,0.9421296296296297,2026-08-15,2026-08-15,CVE-2025-55911,6.5,2026-06-17T09:42:15.220
CVE-2025-55068,0.003680000,0.299400000,0.71875,2026-08-15,2026-08-15,CVE-2025-55068,8.2,2026-06-17T09:41:12.317
CVE-2025-54860,0.001250000,0.026160000,0.07268518518518519,2026-08-15,2026-08-15,CVE-2025-54860,7.7,2026-06-17T09:40:49.060
CVE-2025-54818,0.001370000,0.035500000,0.12268518518518519,2026-08-15,2026-08-15,CVE-2025-54818,8.0,2026-06-17T09:40:45.913
CVE-2025-54810,0.001840000,0.082490000,0.30949074074074073,2026-08-15,2026-08-15,CVE-2025-54810,8.0,2026-06-17T09:40:44.907
CVE-2025-54807,0.006860000,0.496140000,0.9081018518518519,2026-08-15,2026-08-15,CVE-2025-54807,9.8,2026-06-17T09:40:44.500
CVE-2025-54754,0.002280000,0.138790000,0.45046296296296295,2026-08-15,2026-08-15,CVE-2025-54754,8.0,2026-06-17T09:40:38.903
CVE-2025-54497,0.002930000,0.218350000,0.5944444444444444,2026-08-15,2026-08-15,CVE-2025-54497,8.1,2026-06-17T09:40:12.750
CVE-2025-53969,0.003630000,0.294560000,0.7090277777777778,2026-08-15,2026-08-15,CVE-2025-53969,8.8,2026-06-17T09:39:12.573
CVE-2025-53947,0.001030000,0.011090000,0.038657407407407404,2026-08-15,2026-08-15,CVE-2025-53947,7.7,2026-06-17T09:39:10.680
CVE-2025-52873,0.002930000,0.218350000,0.5944444444444444,2026-08-15,2026-08-15,CVE-2025-52873,8.1,2026-06-17T09:37:11.473
CVE-2025-50255,0.001000000,0.009600000,0.035416666666666666,2026-08-15,2026-08-15,CVE-2025-50255,7.8,2026-06-17T09:34:59.433
CVE-2025-47906,0.004890000,0.398970000,0.8476851851851852,2026-08-15,2026-08-15,CVE-2025-47906,6.5,2026-06-17T09:28:49.373
CVE-2025-47698,0.001690000,0.065830000,0.26805555555555555,2026-08-15,2026-08-15,CVE-2025-47698,,2026-06-17T09:28:34.227
CVE-2025-36146,0.002140000,0.120470000,0.4081018518518518,2026-08-15,2026-08-15,CVE-2025-36146,4.3,2026-06-17T09:14:32.780
CVE-2025-36143,0.003150000,0.242910000,0.6324074074074074,2026-08-15,2026-08-15,CVE-2025-36143,7.2,2026-06-17T09:14:32.457
CVE-2025-36139,0.001730000,0.070490000,0.2796296296296296,2026-08-15,2026-08-15,CVE-2025-36139,4.8,2026-06-17T09:14:32.240
CVE-2025-30755,0.001890000,0.087750000,0.32222222222222224,2026-08-15,2026-08-15,CVE-2025-30755,6.1,2026-06-17T09:09:18.300
CVE-2025-30519,0.004060000,0.338760000,0.7703703703703704,2026-08-15,2026-08-15,CVE-2025-30519,9.8,2026-06-17T09:08:51.470
CVE-2025-26503,0.001390000,0.037750000,0.1287037037037037,2026-08-15,2026-08-15,CVE-2025-26503,6.7,2026-06-17T09:01:55.637
CVE-2025-10690,0.007030000,0.502460000,0.9115740740740741,2026-08-15,2026-08-15,CVE-2025-10690,9.8,2026-06-17T08:28:46.800
CVE-2025-10689,0.045580000,0.907910000,0.9803240740740741,2026-08-15,2026-08-15,CVE-2025-10689,9.8,2026-06-17T08:28:46.663
CVE-2025-10688,0.004410000,0.366730000,0.80625,2026-08-15,2026-08-15,CVE-2025-10688,9.8,2026-06-17T08:28:46.530
CVE-2025-10687,0.004410000,0.366740000,0.80625,2026-08-15,2026-08-15,CVE-2025-10687,9.8,2026-06-17T08:28:46.393
CVE-2025-10676,0.003250000,0.253360000,0.6474537037037037,2026-08-15,2026-08-15,CVE-2025-10676,4.3,2026-06-17T08:28:45.060
CVE-2025-10675,0.003250000,0.253360000,0.6474537037037037,2026-08-15,2026-08-15,CVE-2025-10675,4.3,2026-06-17T08:28:44.930
CVE-2025-10674,0.003250000,0.253350000,0.6474537037037037,2026-08-15,2026-08-15,CVE-2025-10674,4.3,2026-06-17T08:28:44.800
CVE-2025-10650,0.001140000,0.017710000,0.052314814814814814,2026-08-15,2026-08-15,CVE-2025-10650,,2026-06-17T08:28:42.243
CVE-2025-10146,0.002050000,0.108130000,0.38310185185185186,2026-08-15,2026-08-15,CVE-2025-10146,6.1,2026-06-17T08:27:46.803
CVE-2025-10035,0.996140000,0.999470000,0.9997685185185186,2026-08-15,2026-08-15,CVE-2025-10035,9.8,2026-08-04T05:16:33.317
CVE-2023-53447,0.000860000,0.004030000,0.019212962962962963,2026-08-15,2026-08-15,CVE-2023-53447,4.7,2026-06-17T06:45:21.877
CVE-2023-53446,0.001390000,0.037400000,0.1287037037037037,2026-08-15,2026-08-15,CVE-2023-53446,7.8,2026-06-17T06:45:21.683
CVE-2023-53445,0.001380000,0.036870000,0.12685185185185185,2026-08-15,2026-08-15,CVE-2023-53445,5.5,2026-08-04T10:19:06.947
CVE-2023-53444,0.001340000,0.033040000,0.09722222222222222,2026-08-15,2026-08-15,CVE-2023-53444,5.5,2026-06-17T06:45:21.330
CVE-2023-53443,0.001360000,0.034650000,0.1136574074074074,2026-08-15,2026-08-15,CVE-2023-53443,5.5,2026-06-17T06:45:21.153
CVE-2023-53442,0.001340000,0.033020000,0.09722222222222222,2026-08-15,2026-08-15,CVE-2023-53442,5.5,2026-06-17T06:45:20.983
CVE-2023-53441,0.001350000,0.034190000,0.1037037037037037,2026-08-15,2026-08-15,CVE-2023-53441,5.5,2026-06-17T06:45:20.777
CVE-2023-53440,0.001390000,0.037400000,0.1287037037037037,2026-08-15,2026-08-15,CVE-2023-53440,5.5,2026-08-04T10:19:06.723
CVE-2023-53439,0.001340000,0.033020000,0.09722222222222222,2026-08-15,2026-08-15,CVE-2023-53439,5.5,2026-06-17T06:45:20.353
CVE-2023-53438,0.001350000,0.034270000,0.1037037037037037,2026-08-15,2026-08-15,CVE-2023-53438,5.5,2026-06-17T06:45:20.177
CVE-2023-53437,0.001360000,0.034690000,0.1136574074074074,2026-08-15,2026-08-15,CVE-2023-53437,5.5,2026-06-17T06:45:19.977
CVE-2023-53436,0.001360000,0.034650000,0.1136574074074074,2026-08-15,2026-08-15,CVE-2023-53436,5.5,2026-06-17T06:45:19.787
CVE-2023-53435,0.001360000,0.034640000,0.1136574074074074,2026-08-15,2026-08-15,CVE-2023-53435,5.5,2026-06-17T06:45:19.597
CVE-2023-53434,0.001340000,0.033030000,0.09722222222222222,2026-08-15,2026-08-15,CVE-2023-53434,5.5,2026-06-17T06:45:19.433
CVE-2023-53433,0.001360000,0.034660000,0.1136574074074074,2026-08-15,2026-08-15,CVE-2023-53433,5.5,2026-06-17T06:45:19.210
CVE-2023-53432,0.001900000,0.088920000,0.3282407407407407,2026-08-15,2026-08-15,CVE-2023-53432,7.8,2026-08-04T10:19:06.497
CVE-2023-53431,0.002010000,0.102590000,0.3659722222222222,2026-08-15,2026-08-15,CVE-2023-53431,5.5,2026-08-04T10:19:06.280
CVE-2023-53430,0.001190000,0.020590000,0.060648148148148145,2026-08-15,2026-08-15,CVE-2023-53430,5.5,2026-06-17T06:45:18.670
CVE-2023-53429,0.001250000,0.026320000,0.07268518518518519,2026-08-15,2026-08-15,CVE-2023-53429,5.5,2026-08-04T10:19:06.100
CVE-2023-53428,0.001470000,0.044830000,0.18055555555555555,2026-08-15,2026-08-15,CVE-2023-53428,5.5,2026-06-17T06:45:18.350
CVE-2023-53427,0.001390000,0.037390000,0.1287037037037037,2026-08-15,2026-08-15,CVE-2023-53427,7.8,2026-06-17T06:45:18.133
CVE-2023-53426,0.001410000,0.039460000,0.13541666666666666,2026-08-15,2026-08-15,CVE-2023-53426,7.8,2026-06-17T06:45:17.957
CVE-2023-53425,0.001360000,0.034640000,0.1136574074074074,2026-08-15,2026-08-15,CVE-2023-53425,5.5,2026-06-17T06:45:17.780
CVE-2023-53424,0.001360000,0.035190000,0.1136574074074074,2026-08-15,2026-08-15,CVE-2023-53424,5.5,2026-06-17T06:45:17.593
CVE-2023-53423,0.001350000,0.034270000,0.1037037037037037,2026-08-15,2026-08-15,CVE-2023-53423,5.5,2026-06-17T06:45:17.417
CVE-2023-53422,0.001460000,0.043240000,0.16620370370370371,2026-08-15,2026-08-15,CVE-2023-53422,5.5,2026-06-17T06:45:17.237
CVE-2023-53421,0.001500000,0.047460000,0.20069444444444445,2026-08-15,2026-08-15,CVE-2023-53421,5.5,2026-06-17T06:45:17.053
CVE-2023-53420,0.001490000,0.045830000,0.1865740740740741,2026-08-15,2026-08-15,CVE-2023-53420,7.1,2026-06-17T06:45:16.877
CVE-2023-53419,0.001450000,0.042640000,0.15416666666666667,2026-08-15,2026-08-15,CVE-2023-53419,5.5,2026-06-17T06:45:16.690
CVE-2023-49367,0.002900000,0.214850000,0.5893518518518519,2026-08-15,2026-08-15,CVE-2023-49367,8.8,2026-07-05T02:16:46.210
CVE-2022-50419,0.002190000,0.126960000,0.4219907407407407,2026-08-15,2026-08-15,CVE-2022-50419,7.8,2026-08-04T10:18:16.147
CVE-2022-50418,0.001430000,0.041310000,0.14027777777777778,2026-08-15,2026-08-15,CVE-2022-50418,5.5,2026-08-15T13:17:36.037
CVE-2022-50417,0.001490000,0.045740000,0.1865740740740741,2026-08-15,2026-08-15,CVE-2022-50417,7.8,2026-06-17T05:23:30.363
CVE-2022-50416,0.001450000,0.042660000,0.15416666666666667,2026-08-15,2026-08-15,CVE-2022-50416,5.5,2026-06-17T05:23:30.203
CVE-2022-50415,0.001520000,0.048920000,0.20902777777777778,2026-08-15,2026-08-15,CVE-2022-50415,5.5,2026-06-17T05:23:30.020
CVE-2022-50414,0.001490000,0.046210000,0.1865740740740741,2026-08-15,2026-08-15,CVE-2022-50414,5.5,2026-06-17T05:23:29.833
CVE-2022-50413,0.001900000,0.089250000,0.3282407407407407,2026-08-15,2026-08-15,CVE-2022-50413,7.8,2026-08-04T10:18:15.870
CVE-2022-50412,0.001610000,0.057790000,0.24166666666666667,2026-08-15,2026-08-15,CVE-2022-50412,7.8,2026-06-17T05:23:29.510
CVE-2022-50411,0.001520000,0.048740000,0.20902777777777778,2026-08-15,2026-08-15,CVE-2022-50411,7.8,2026-06-17T05:23:29.320
CVE-2022-50410,0.003950000,0.327010000,0.7574074074074074,2026-08-15,2026-08-15,CVE-2022-50410,7.8,2026-08-04T10:18:15.530
CVE-2022-50409,0.001470000,0.044350000,0.18055555555555555,2026-08-15,2026-08-15,CVE-2022-50409,5.5,2026-06-17T05:23:29.013
CVE-2022-50408,0.001500000,0.047480000,0.20069444444444445,2026-08-15,2026-08-15,CVE-2022-50408,7.8,2026-06-17T05:23:28.803
CVE-2022-50407,0.001580000,0.054940000,0.23171296296296295,2026-08-15,2026-08-15,CVE-2022-50407,5.5,2026-08-15T13:17:35.100
CVE-2022-50406,0.001520000,0.049360000,0.20902777777777778,2026-08-15,2026-08-15,CVE-2022-50406,7.8,2026-06-17T05:23:28.460
CVE-2022-50405,0.001590000,0.056120000,0.23287037037037037,2026-08-15,2026-08-15,CVE-2022-50405,5.5,2026-08-04T10:18:14.967
CVE-2022-50404,0.001480000,0.045730000,0.1840277777777778,2026-08-15,2026-08-15,CVE-2022-50404,5.5,2026-06-17T05:23:28.093
CVE-2022-50402,0.001460000,0.043330000,0.16620370370370371,2026-08-15,2026-08-15,CVE-2022-50402,5.5,2026-06-17T05:23:27.893
CVE-2022-50401,0.003980000,0.330490000,0.762962962962963,2026-08-15,2026-08-15,CVE-2022-50401,7.8,2026-08-04T10:18:14.727
CVE-2025-9969,0.002360000,0.148410000,0.4773148148148148,2026-08-15,2026-08-15,CVE-2025-9969,7.1,2026-06-17T10:10:10.540
CVE-2025-9906,0.001860000,0.084580000,0.3145833333333333,2026-08-15,2026-08-15,CVE-2025-9906,7.3,2026-06-17T10:10:00.160
CVE-2025-9905,0.002030000,0.105670000,0.3712962962962963,2026-08-15,2026-08-15,CVE-2025-9905,7.3,2026-06-17T10:10:00.037
CVE-2025-8664,0.002300000,0.140650000,0.4537037037037037,2026-08-15,2026-08-15,CVE-2025-8664,6.3,2026-06-17T10:07:24.330
CVE-2025-8532,0.001180000,0.020080000,0.056712962962962965,2026-08-15,2026-08-15,CVE-2025-8532,6.4,2026-06-17T10:07:10.133
CVE-2025-8531,0.009520000,0.583380000,0.9400462962962963,2026-08-15,2026-08-15,CVE-2025-8531,6.8,2026-06-17T10:07:10.013
CVE-2025-7702,0.002110000,0.116930000,0.40069444444444446,2026-08-15,2026-08-15,CVE-2025-7702,4.7,2026-06-17T10:05:29.670
CVE-2025-7665,0.003450000,0.276120000,0.6787037037037037,2026-08-15,2026-08-15,CVE-2025-7665,8.1,2026-06-17T10:05:26.303
CVE-2025-7403,0.001940000,0.093600000,0.34375,2026-08-15,2026-08-15,CVE-2025-7403,6.5,2026-06-17T10:04:53.047
CVE-2025-5948,0.003960000,0.327960000,0.7592592592592593,2026-08-15,2026-08-15,CVE-2025-5948,9.8,2026-06-17T09:49:05.193
CVE-2025-59427,0.003580000,0.289270000,0.7018518518518518,2026-08-15,2026-08-15,CVE-2025-59427,,2026-06-17T09:46:08.917
CVE-2025-59344,0.002990000,0.225580000,0.6050925925925926,2026-08-15,2026-08-15,CVE-2025-59344,7.7,2026-06-17T09:45:56.733
CVE-2025-58114,0.001680000,0.064940000,0.2662037037037037,2026-08-15,2026-08-15,CVE-2025-58114,4.8,2026-06-17T09:43:55.903
CVE-2025-57880,0.001660000,0.062280000,0.26064814814814813,2026-08-15,2026-08-15,CVE-2025-57880,5.4,2026-06-17T09:43:33.900
CVE-2025-57644,0.006940000,0.498970000,0.9094907407407408,2026-08-15,2026-08-15,CVE-2025-57644,9.1,2026-06-17T09:43:16.790
CVE-2025-57528,0.004140000,0.345280000,0.7773148148148148,2026-08-15,2026-08-15,CVE-2025-57528,7.7,2026-06-17T09:43:10.607
CVE-2025-57296,0.032880000,0.874160000,0.9738425925925925,2026-08-15,2026-08-15,CVE-2025-57296,6.5,2026-06-17T09:43:00.313
CVE-2025-56869,0.006910000,0.498040000,0.9085648148148148,2026-08-15,2026-08-15,CVE-2025-56869,5.3,2026-06-17T09:42:48.333
CVE-2025-55910,0.002070000,0.110500000,0.3861111111111111,2026-08-15,2026-08-15,CVE-2025-55910,6.3,2026-06-17T09:42:15.067
CVE-2025-52159,0.003840000,0.316050000,0.7386574074074074,2026-08-15,2026-08-15,CVE-2025-52159,8.8,2026-06-17T09:36:01.723
CVE-2025-48703,0.996230000,0.999470000,1.0,2026-08-15,2026-08-15,CVE-2025-48703,9.0,2026-06-17T09:30:12.133
CVE-2025-48007,0.001790000,0.077190000,0.29791666666666666,2026-08-15,2026-08-15,CVE-2025-48007,6.4,2026-06-17T09:29:00.180
CVE-2025-46703,0.001790000,0.077190000,0.29791666666666666,2026-08-15,2026-08-15,CVE-2025-46703,6.4,2026-06-17T09:26:50.060
CVE-2025-43809,0.001690000,0.065780000,0.26805555555555555,2026-08-15,2026-08-15,CVE-2025-43809,4.3,2026-06-17T09:24:33.973
CVE-2025-43803,0.002570000,0.175430000,0.524537037037037,2026-08-15,2026-08-15,CVE-2025-43803,4.3,2026-06-17T09:24:33.200
CVE-2025-39866,0.002860000,0.211700000,0.580324074074074,2026-08-15,2026-08-15,CVE-2025-39866,7.8,2026-07-30T06:23:52.687
CVE-2025-39865,0.001490000,0.046610000,0.1865740740740741,2026-08-15,2026-08-15,CVE-2025-39865,5.5,2026-06-17T09:18:39.817
CVE-2025-39864,0.002140000,0.119960000,0.4081018518518518,2026-08-15,2026-08-15,CVE-2025-39864,7.8,2026-07-30T06:23:52.250
CVE-2025-39863,0.001480000,0.044960000,0.1840277777777778,2026-08-15,2026-08-15,CVE-2025-39863,7.8,2026-06-19T13:16:22.500
CVE-2025-39862,0.001770000,0.074720000,0.29189814814814813,2026-08-15,2026-08-15,CVE-2025-39862,7.8,2026-07-30T06:23:51.733
CVE-2025-39861,0.001420000,0.040310000,0.13842592592592592,2026-08-15,2026-08-15,CVE-2025-39861,7.8,2026-06-17T09:18:39.073
CVE-2025-39860,0.002110000,0.116350000,0.40069444444444446,2026-08-15,2026-08-15,CVE-2025-39860,7.8,2026-07-30T06:23:51.477
CVE-2025-39859,0.001360000,0.035120000,0.1136574074074074,2026-08-15,2026-08-15,CVE-2025-39859,7.8,2026-06-17T09:18:38.720
CVE-2025-39858,0.001190000,0.020660000,0.060648148148148145,2026-08-15,2026-08-15,CVE-2025-39858,5.5,2026-06-17T09:18:38.570
CVE-2025-39857,0.002860000,0.211220000,0.580324074074074,2026-08-15,2026-08-15,CVE-2025-39857,5.5,2026-07-30T06:23:51.340
CVE-2025-39856,0.001190000,0.020600000,0.060648148148148145,2026-08-15,2026-08-15,CVE-2025-39856,5.5,2026-06-17T09:18:38.300
CVE-2025-39855,0.001510000,0.048040000,0.20416666666666666,2026-08-15,2026-08-15,CVE-2025-39855,7.8,2026-06-17T09:18:38.160
CVE-2025-39854,0.001410000,0.039090000,0.13541666666666666,2026-08-15,2026-08-15,CVE-2025-39854,7.8,2026-06-17T09:18:38.010
CVE-2025-39853,0.001520000,0.049370000,0.20902777777777778,2026-08-15,2026-08-15,CVE-2025-39853,7.1,2026-06-17T09:18:37.847
CVE-2025-39852,0.001350000,0.033920000,0.1037037037037037,2026-08-15,2026-08-15,CVE-2025-39852,5.5,2026-06-17T09:18:37.690
CVE-2025-39851,0.002740000,0.197940000,0.55625,2026-08-15,2026-08-15,CVE-2025-39851,5.5,2026-07-30T06:23:50.827
CVE-2025-39850,0.001350000,0.033930000,0.1037037037037037,2026-08-15,2026-08-15,CVE-2025-39850,5.5,2026-06-17T09:18:37.360
CVE-2025-39849,0.002020000,0.104800000,0.3678240740740741,2026-08-15,2026-08-15,CVE-2025-39849,7.8,2026-07-30T06:23:50.490
CVE-2025-39848,0.002200000,0.128040000,0.425,2026-08-15,2026-08-15,CVE-2025-39848,5.5,2026-07-30T06:23:50.340
CVE-2025-39847,0.001490000,0.046620000,0.1865740740740741,2026-08-15,2026-08-15,CVE-2025-39847,5.5,2026-06-17T09:18:36.957
CVE-2025-39846,0.001490000,0.046610000,0.1865740740740741,2026-08-15,2026-08-15,CVE-2025-39846,5.5,2026-06-17T09:18:36.790
CVE-2025-39845,0.001400000,0.038180000,0.13217592592592592,2026-08-15,2026-08-15,CVE-2025-39845,5.5,2026-07-14T13:17:50.530
CVE-2025-39844,0.001370000,0.035530000,0.12268518518518519,2026-08-15,2026-08-15,CVE-2025-39844,5.5,2026-06-17T09:18:36.510
CVE-2025-39843,0.001070000,0.013110000,0.041435185185185186,2026-08-15,2026-08-15,CVE-2025-39843,5.5,2026-06-17T09:18:36.383
CVE-2025-39842,0.001560000,0.052430000,0.22523148148148148,2026-08-15,2026-08-15,CVE-2025-39842,5.5,2026-06-17T09:18:36.267
CVE-2025-39841,0.004380000,0.364760000,0.8037037037037037,2026-08-15,2026-08-15,CVE-2025-39841,7.8,2026-07-30T06:23:49.937
CVE-2025-39840,0.001390000,0.037570000,0.1287037037037037,2026-08-15,2026-08-15,CVE-2025-39840,7.1,2026-06-17T09:18:35.947
CVE-2025-39839,0.002360000,0.148930000,0.4773148148148148,2026-08-15,2026-08-15,CVE-2025-39839,7.1,2026-07-30T06:23:49.617
CVE-2025-39838,0.001460000,0.043920000,0.16620370370370371,2026-08-15,2026-08-15,CVE-2025-39838,5.5,2026-06-17T09:18:35.680
CVE-2025-39837,0.001430000,0.040840000,0.14027777777777778,2026-08-15,2026-08-15,CVE-2025-39837,7.8,2026-06-17T09:18:35.530
CVE-2025-36248,0.001970000,0.098150000,0.35648148148148145,2026-08-15,2026-08-15,CVE-2025-36248,6.1,2026-06-17T09:14:37.977
CVE-2025-34206,0.004750000,0.389920000,0.8381944444444445,2026-08-15,2026-08-15,CVE-2025-34206,9.8,2026-06-17T09:13:39.393
CVE-2025-34205,0.013220000,0.684310000,0.955324074074074,2026-08-15,2026-08-15,CVE-2025-34205,9.8,2026-06-17T09:13:39.277
CVE-2025-34204,0.006320000,0.473540000,0.8958333333333334,2026-08-15,2026-08-15,CVE-2025-34204,9.8,2026-06-17T09:13:39.157
CVE-2025-34203,0.008130000,0.539450000,0.9277777777777778,2026-08-15,2026-08-15,CVE-2025-34203,9.8,2026-06-17T09:13:39.023
CVE-2025-34202,0.009180000,0.572240000,0.9391203703703703,2026-08-15,2026-08-15,CVE-2025-34202,8.8,2026-06-17T09:13:38.890
CVE-2025-34201,0.002710000,0.195570000,0.5513888888888889,2026-08-15,2026-08-15,CVE-2025-34201,7.8,2026-06-17T09:13:38.770
CVE-2025-34200,0.003190000,0.246810000,0.6368055555555555,2026-08-15,2026-08-15,CVE-2025-34200,7.8,2026-06-17T09:13:38.650
CVE-2025-34199,0.005100000,0.411670000,0.8597222222222223,2026-08-15,2026-08-15,CVE-2025-34199,8.1,2026-06-17T09:13:38.503
CVE-2025-34198,0.007460000,0.517520000,0.9194444444444444,2026-08-15,2026-08-15,CVE-2025-34198,9.8,2026-06-17T09:13:38.380
CVE-2025-34197,0.002510000,0.168220000,0.5148148148148148,2026-08-15,2026-08-15,CVE-2025-34197,7.8,2026-06-17T09:13:38.260
CVE-2025-34195,0.009050000,0.568030000,0.9365740740740741,2026-08-15,2026-08-15,CVE-2025-34195,9.8,2026-06-17T09:13:37.997
CVE-2025-34194,0.002860000,0.211420000,0.580324074074074,2026-08-15,2026-08-15,CVE-2025-34194,7.8,2026-06-17T09:13:37.860
CVE-2025-34193,0.007260000,0.510570000,0.9155092592592593,2026-08-15,2026-08-15,CVE-2025-34193,9.8,2026-06-17T09:13:37.713
CVE-2025-34192,0.008980000,0.565930000,0.9358796296296297,2026-08-15,2026-08-15,CVE-2025-34192,9.8,2026-06-17T09:13:37.587
CVE-2025-34191,0.002800000,0.205020000,0.5689814814814815,2026-08-15,2026-08-15,CVE-2025-34191,8.4,2026-06-17T09:13:37.440
CVE-2025-34190,0.004030000,0.335050000,0.7685185185185185,2026-08-15,2026-08-15,CVE-2025-34190,7.8,2026-06-17T09:13:37.303
CVE-2025-34189,0.002310000,0.141680000,0.4583333333333333,2026-08-15,2026-08-15,CVE-2025-34189,7.8,2026-06-17T09:13:37.167
CVE-2025-34188,0.002870000,0.212460000,0.5828703703703704,2026-08-15,2026-08-15,CVE-2025-34188,7.8,2026-06-17T09:13:37.037
CVE-2025-26517,0.001780000,0.075790000,0.2962962962962963,2026-08-15,2026-08-15,CVE-2025-26517,5.4,2026-06-17T09:01:57.140
CVE-2025-26516,0.003630000,0.294930000,0.7090277777777778,2026-08-15,2026-08-15,CVE-2025-26516,5.3,2026-06-17T09:01:57.040
CVE-2025-26515,0.003170000,0.245180000,0.6342592592592593,2026-08-15,2026-08-15,CVE-2025-26515,7.5,2026-06-17T09:01:56.930
CVE-2025-26514,0.002240000,0.133680000,0.4398148148148148,2026-08-15,2026-08-15,CVE-2025-26514,6.4,2026-06-17T09:01:56.820
CVE-2025-10722,0.001220000,0.023130000,0.06805555555555555,2026-08-15,2026-08-15,CVE-2025-10722,5.3,2026-06-17T08:28:50.553
CVE-2025-10721,0.001320000,0.032210000,0.09398148148148149,2026-08-15,2026-08-15,CVE-2025-10721,5.3,2026-06-17T08:28:50.430
CVE-2025-10719,0.002570000,0.175440000,0.524537037037037,2026-08-15,2026-08-15,CVE-2025-10719,4.3,2026-06-17T08:28:50.180
CVE-2025-10718,0.001310000,0.031050000,0.08796296296296297,2026-08-15,2026-08-15,CVE-2025-10718,5.3,2026-06-17T08:28:50.057
CVE-2025-10717,0.001310000,0.031060000,0.08796296296296297,2026-08-15,2026-08-15,CVE-2025-10717,5.3,2026-06-17T08:28:49.933
CVE-2025-10716,0.001310000,0.031060000,0.08796296296296297,2026-08-15,2026-08-15,CVE-2025-10716,5.3,2026-06-17T08:28:49.810
CVE-2025-10715,0.001220000,0.023130000,0.06805555555555555,2026-08-15,2026-08-15,CVE-2025-10715,5.3,2026-06-17T08:28:49.687
CVE-2025-10712,0.003020000,0.228140000,0.6101851851851852,2026-08-15,2026-08-15,CVE-2025-10712,7.3,2026-06-17T08:28:49.257
CVE-2025-10711,0.003390000,0.269200000,0.6694444444444444,2026-08-15,2026-08-15,CVE-2025-10711,4.3,2026-06-17T08:28:49.133
CVE-2025-10710,0.003390000,0.269200000,0.6694444444444444,2026-08-15,2026-08-15,CVE-2025-10710,4.3,2026-06-17T08:28:49.010
CVE-2025-10709,0.008940000,0.564960000,0.9349537037037037,2026-08-15,2026-08-15,CVE-2025-10709,7.5,2026-06-17T08:28:48.873
CVE-2025-10708,0.008940000,0.564950000,0.9349537037037037,2026-08-15,2026-08-15,CVE-2025-10708,7.5,2026-06-17T08:28:48.737
CVE-2025-10707,0.003650000,0.296560000,0.7122685185185185,2026-08-15,2026-08-15,CVE-2025-10707,8.8,2026-06-17T08:28:48.600
CVE-2025-10647,0.008040000,0.536780000,0.9273148148148148,2026-08-15,2026-08-15,CVE-2025-10647,8.8,2026-06-17T08:28:41.940
CVE-2025-10630,0.003230000,0.251210000,0.6444444444444445,2026-08-15,2026-08-15,CVE-2025-10630,4.3,2026-06-17T08:28:39.950
CVE-2025-10568,0.003090000,0.235870000,0.6247685185185186,2026-08-15,2026-08-15,CVE-2025-10568,9.8,2026-06-17T08:28:32.240
CVE-2025-10468,0.004180000,0.348250000,0.7854166666666667,2026-08-15,2026-08-15,CVE-2025-10468,7.5,2026-06-17T08:28:23.043
CVE-2025-10458,0.001970000,0.097730000,0.35648148148148145,2026-08-15,2026-08-15,CVE-2025-10458,7.6,2026-06-17T08:28:22.037
CVE-2025-10457,0.003700000,0.301270000,0.7210648148148148,2026-08-15,2026-08-15,CVE-2025-10457,8.1,2026-06-17T08:28:21.927
CVE-2025-10456,0.001950000,0.095380000,0.3456018518518518,2026-08-15,2026-08-15,CVE-2025-10456,6.5,2026-06-17T08:28:21.813
CVE-2024-13990,0.005750000,0.446730000,0.8796296296296297,2026-08-15,2026-08-15,CVE-2024-13990,,2026-06-17T07:03:06.997
CVE-2022-4980,0.008130000,0.539520000,0.9277777777777778,2026-08-15,2026-08-15,CVE-2022-4980,,2026-06-17T05:22:29.493
CVE-2025-9983,0.006360000,0.475370000,0.8965277777777778,2026-08-15,2026-08-15,CVE-2025-9983,,2026-06-17T10:10:12.173
CVE-2025-9949,0.001510000,0.047890000,0.20416666666666666,2026-08-15,2026-08-15,CVE-2025-9949,4.3,2026-06-17T10:10:08.413
CVE-2025-9887,0.001240000,0.025720000,0.07060185185185185,2026-08-15,2026-08-15,CVE-2025-9887,4.3,2026-06-17T10:09:57.910
CVE-2025-9883,0.001410000,0.038900000,0.13541666666666666,2026-08-15,2026-08-15,CVE-2025-9883,6.1,2026-06-17T10:09:57.507
CVE-2025-9882,0.001410000,0.038890000,0.13541666666666666,2026-08-15,2026-08-15,CVE-2025-9882,6.1,2026-06-17T10:09:57.407
CVE-2025-9541,0.002150000,0.121370000,0.4097222222222222,2026-08-15,2026-08-15,CVE-2025-9541,4.7,2026-06-17T10:09:11.510
CVE-2025-9540,0.002150000,0.121370000,0.4097222222222222,2026-08-15,2026-08-15,CVE-2025-9540,4.7,2026-06-17T10:09:11.380
CVE-2025-9487,0.002170000,0.124600000,0.4152777777777778,2026-08-15,2026-08-15,CVE-2025-9487,4.7,2026-06-17T10:09:05.623
CVE-2025-9115,0.001870000,0.085440000,0.3159722222222222,2026-08-15,2026-08-15,CVE-2025-9115,5.6,2026-06-17T10:08:21.297
CVE-2025-9081,0.002500000,0.167150000,0.5113425925925926,2026-08-15,2026-08-15,CVE-2025-9081,6.5,2026-06-17T10:08:16.843
CVE-2025-9079,0.005990000,0.458190000,0.8872685185185185,2026-08-15,2026-08-15,CVE-2025-9079,7.2,2026-06-17T10:08:16.640
CVE-2025-9038,0.001110000,0.015530000,0.04814814814814815,2026-08-15,2026-08-15,CVE-2025-9038,,2026-06-17T10:08:12.180
CVE-2025-9035,0.002880000,0.213130000,0.5856481481481481,2026-08-15,2026-08-15,CVE-2025-9035,5.4,2026-06-17T10:08:11.963
CVE-2025-8079,0.002230000,0.132060000,0.4363425925925926,2026-08-15,2026-08-15,CVE-2025-8079,4.6,2026-06-17T10:06:16.447
CVE-2025-6544,0.008470000,0.549960000,0.9314814814814815,2026-08-15,2026-08-15,CVE-2025-6544,9.8,2026-06-17T10:02:07.133
CVE-2025-59801,0.001880000,0.086980000,0.3199074074074074,2026-08-15,2026-08-15,CVE-2025-59801,4.3,2026-06-17T09:46:44.430
CVE-2025-59800,0.001660000,0.062770000,0.26064814814814813,2026-08-15,2026-08-15,CVE-2025-59800,5.5,2026-06-17T09:46:44.310
CVE-2025-59799,0.001880000,0.086370000,0.3199074074074074,2026-08-15,2026-08-15,CVE-2025-59799,5.5,2026-06-17T09:46:44.183
CVE-2025-59798,0.001880000,0.086370000,0.3199074074074074,2026-08-15,2026-08-15,CVE-2025-59798,5.5,2026-06-17T09:46:44.060
CVE-2025-59797,0.002510000,0.167370000,0.5148148148148148,2026-08-15,2026-08-15,CVE-2025-59797,5.8,2026-06-17T09:46:43.950
CVE-2025-59689,0.019130000,0.780480000,0.9650462962962963,2026-08-15,2026-08-15,CVE-2025-59689,6.1,2026-06-17T09:46:31.727
CVE-2025-5962,0.002150000,0.121680000,0.4097222222222222,2026-08-15,2026-08-15,CVE-2025-5962,7.7,2026-06-30T11:16:26.053
CVE-2025-59431,0.003910000,0.322460000,0.7537037037037037,2026-08-15,2026-08-15,CVE-2025-59431,9.8,2026-06-17T09:46:09.363
CVE-2025-57396,0.002220000,0.131160000,0.4335648148148148,2026-08-15,2026-08-15,CVE-2025-57396,6.5,2026-06-17T09:43:04.597
CVE-2025-56762,0.002570000,0.174910000,0.524537037037037,2026-08-15,2026-08-15,CVE-2025-56762,6.1,2026-06-17T09:42:45.623
CVE-2025-56075,0.002430000,0.157170000,0.4949074074074074,2026-08-15,2026-08-15,CVE-2025-56075,5.4,2026-06-17T09:42:18.020
CVE-2025-56074,0.004450000,0.370120000,0.8185185185185185,2026-08-15,2026-08-15,CVE-2025-56074,9.8,2026-06-17T09:42:17.857
CVE-2025-54815,0.005560000,0.437470000,0.875462962962963,2026-08-15,2026-08-15,CVE-2025-54815,8.8,2026-06-17T09:40:45.527
CVE-2025-54761,0.002980000,0.224010000,0.6037037037037037,2026-08-15,2026-08-15,CVE-2025-54761,8.0,2026-06-17T09:40:39.673
CVE-2025-53692,0.003520000,0.282810000,0.6935185185185185,2026-08-15,2026-08-15,CVE-2025-53692,7.1,2026-06-17T09:38:43.363
CVE-2025-51006,0.001720000,0.069310000,0.27824074074074073,2026-08-15,2026-08-15,CVE-2025-51006,7.8,2026-06-17T09:35:30.247
CVE-2025-46711,0.001160000,0.018940000,0.05462962962962963,2026-08-15,2026-08-15,CVE-2025-46711,5.5,2026-06-17T09:26:51.093
CVE-2025-43808,0.003460000,0.276310000,0.6805555555555556,2026-08-15,2026-08-15,CVE-2025-43808,5.3,2026-06-17T09:24:33.840
CVE-2025-40925,0.003360000,0.265170000,0.6664351851851852,2026-08-15,2026-08-15,CVE-2025-40925,9.1,2026-06-17T09:22:18.230
CVE-2025-36202,0.003160000,0.243690000,0.6337962962962963,2026-08-15,2026-08-15,CVE-2025-36202,8.8,2026-06-17T09:14:35.927
CVE-2025-36037,0.001780000,0.075790000,0.2962962962962963,2026-08-15,2026-08-15,CVE-2025-36037,5.4,2026-06-17T09:14:24.270
CVE-2025-35042,0.004030000,0.335330000,0.7685185185185185,2026-08-15,2026-08-15,CVE-2025-35042,9.8,2026-06-17T09:14:14.927
CVE-2025-35041,0.003030000,0.229830000,0.6122685185185185,2026-08-15,2026-08-15,CVE-2025-35041,7.5,2026-06-17T09:14:14.810
CVE-2025-25177,0.001300000,0.030380000,0.08726851851851852,2026-08-15,2026-08-15,CVE-2025-25177,5.1,2026-06-17T09:00:25.650
CVE-2025-10854,0.004270000,0.356360000,0.7969907407407407,2026-08-15,2026-08-15,CVE-2025-10854,8.1,2026-06-17T08:29:09.760
CVE-2025-10805,0.003510000,0.281700000,0.687962962962963,2026-08-15,2026-08-15,CVE-2025-10805,8.8,2026-06-17T08:29:02.103
CVE-2025-10804,0.003510000,0.281690000,0.687962962962963,2026-08-15,2026-08-15,CVE-2025-10804,8.8,2026-06-17T08:29:01.967
CVE-2025-10803,0.007360000,0.514250000,0.9171296296296296,2026-08-15,2026-08-15,CVE-2025-10803,8.8,2026-06-17T08:29:01.810
CVE-2025-10802,0.005500000,0.433910000,0.8733796296296297,2026-08-15,2026-08-15,CVE-2025-10802,9.8,2026-06-17T08:29:01.677
CVE-2025-10801,0.005500000,0.433910000,0.8733796296296297,2026-08-15,2026-08-15,CVE-2025-10801,9.8,2026-06-17T08:29:01.540
CVE-2025-10800,0.004410000,0.366730000,0.80625,2026-08-15,2026-08-15,CVE-2025-10800,9.8,2026-06-17T08:29:01.403
CVE-2025-10799,0.003870000,0.319540000,0.7449074074074075,2026-08-15,2026-08-15,CVE-2025-10799,9.8,2026-06-17T08:29:01.273
CVE-2025-10798,0.003870000,0.319560000,0.7449074074074075,2026-08-15,2026-08-15,CVE-2025-10798,9.8,2026-06-17T08:29:01.130
CVE-2025-10797,0.003870000,0.319560000,0.7449074074074075,2026-08-15,2026-08-15,CVE-2025-10797,9.8,2026-06-17T08:29:00.997
CVE-2025-10796,0.003870000,0.319560000,0.7449074074074075,2026-08-15,2026-08-15,CVE-2025-10796,9.8,2026-06-17T08:29:00.860
CVE-2025-10795,0.005430000,0.430430000,0.8706018518518519,2026-08-15,2026-08-15,CVE-2025-10795,9.8,2026-06-17T08:29:00.730
CVE-2025-10794,0.004120000,0.343620000,0.7754629629629629,2026-08-15,2026-08-15,CVE-2025-10794,6.1,2026-06-17T08:29:00.580
CVE-2025-10793,0.005430000,0.430430000,0.8706018518518519,2026-08-15,2026-08-15,CVE-2025-10793,9.8,2026-06-17T08:29:00.437
CVE-2025-10792,0.029940000,0.861730000,0.9717592592592592,2026-08-15,2026-08-15,CVE-2025-10792,8.8,2026-06-17T08:29:00.283
CVE-2025-10791,0.005430000,0.430430000,0.8706018518518519,2026-08-15,2026-08-15,CVE-2025-10791,9.8,2026-06-17T08:29:00.140
CVE-2025-10790,0.003080000,0.235170000,0.6201388888888889,2026-08-15,2026-08-15,CVE-2025-10790,8.8,2026-06-17T08:29:00.003
CVE-2025-10789,0.004410000,0.366810000,0.80625,2026-08-15,2026-08-15,CVE-2025-10789,9.8,2026-06-17T08:28:59.870
CVE-2025-10788,0.004410000,0.366810000,0.80625,2026-08-15,2026-08-15,CVE-2025-10788,9.8,2026-06-17T08:28:59.733
CVE-2025-10787,0.002390000,0.152790000,0.48564814814814816,2026-08-15,2026-08-15,CVE-2025-10787,6.3,2026-06-17T08:28:59.587
CVE-2025-10786,0.005210000,0.417980000,0.8629629629629629,2026-08-15,2026-08-15,CVE-2025-10786,9.8,2026-06-17T08:28:59.417
CVE-2025-10785,0.005210000,0.417970000,0.8629629629629629,2026-08-15,2026-08-15,CVE-2025-10785,9.8,2026-06-17T08:28:59.253
CVE-2025-10784,0.005050000,0.408360000,0.857175925925926,2026-08-15,2026-08-15,CVE-2025-10784,9.8,2026-06-17T08:28:59.090
CVE-2025-10783,0.003870000,0.319640000,0.7449074074074075,2026-08-15,2026-08-15,CVE-2025-10783,9.8,2026-06-17T08:28:58.957
CVE-2025-10782,0.003870000,0.319640000,0.7449074074074075,2026-08-15,2026-08-15,CVE-2025-10782,9.8,2026-06-17T08:28:58.813
CVE-2025-10781,0.003870000,0.319650000,0.7449074074074075,2026-08-15,2026-08-15,CVE-2025-10781,9.8,2026-06-17T08:28:58.677
CVE-2025-10780,0.003080000,0.235160000,0.6201388888888889,2026-08-15,2026-08-15,CVE-2025-10780,8.8,2026-06-17T08:28:58.533
CVE-2025-10779,0.008150000,0.540310000,0.9282407407407407,2026-08-15,2026-08-15,CVE-2025-10779,9.8,2026-06-17T08:28:58.390
CVE-2025-10778,0.002230000,0.132410000,0.4363425925925926,2026-08-15,2026-08-15,CVE-2025-10778,3.1,2026-06-17T08:28:58.247
CVE-2025-10777,0.003870000,0.319220000,0.7449074074074075,2026-08-15,2026-08-15,CVE-2025-10777,6.3,2026-06-17T08:28:58.100
CVE-2025-10776,0.002310000,0.142670000,0.4583333333333333,2026-08-15,2026-08-15,CVE-2025-10776,3.7,2026-06-17T08:28:57.970
CVE-2025-10775,0.200230000,0.972100000,0.9953703703703703,2026-08-15,2026-08-15,CVE-2025-10775,7.2,2026-06-17T08:28:57.837
CVE-2025-10774,0.040850000,0.898420000,0.9775462962962963,2026-08-15,2026-08-15,CVE-2025-10774,4.7,2026-06-17T08:28:57.713
CVE-2025-10773,0.037170000,0.888290000,0.9756944444444444,2026-08-15,2026-08-15,CVE-2025-10773,8.8,2026-06-17T08:28:57.577
CVE-2025-10772,0.003000000,0.226540000,0.606712962962963,2026-08-15,2026-08-15,CVE-2025-10772,6.3,2026-06-17T08:28:57.450
CVE-2025-10771,0.005600000,0.439140000,0.8766203703703703,2026-08-15,2026-08-15,CVE-2025-10771,9.8,2026-06-17T08:28:57.313
CVE-2025-10770,0.003960000,0.328570000,0.7592592592592593,2026-08-15,2026-08-15,CVE-2025-10770,6.5,2026-06-17T08:28:57.180
CVE-2025-10769,0.004880000,0.398750000,0.8467592592592592,2026-08-15,2026-08-15,CVE-2025-10769,9.8,2026-06-17T08:28:57.040
CVE-2025-10768,0.003960000,0.328550000,0.7592592592592593,2026-08-15,2026-08-15,CVE-2025-10768,9.8,2026-06-17T08:28:56.907
CVE-2025-10767,0.011610000,0.644500000,0.950925925925926,2026-08-15,2026-08-15,CVE-2025-10767,4.5,2026-06-17T08:28:56.783
CVE-2025-10766,0.005070000,0.409830000,0.8592592592592593,2026-08-15,2026-08-15,CVE-2025-10766,4.3,2026-06-17T08:28:56.657
CVE-2025-10765,0.003560000,0.287770000,0.6993055555555555,2026-08-15,2026-08-15,CVE-2025-10765,7.2,2026-06-17T08:28:56.460
CVE-2025-10764,0.004110000,0.342400000,0.774537037037037,2026-08-15,2026-08-15,CVE-2025-10764,8.8,2026-06-17T08:28:56.270
CVE-2025-10763,0.003220000,0.249840000,0.6412037037037037,2026-08-15,2026-08-15,CVE-2025-10763,6.3,2026-06-17T08:28:56.147
CVE-2025-10762,0.002920000,0.217960000,0.5928240740740741,2026-08-15,2026-08-15,CVE-2025-10762,6.3,2026-06-17T08:28:56.003
CVE-2025-10761,0.005060000,0.409290000,0.8585648148148148,2026-08-15,2026-08-15,CVE-2025-10761,3.7,2026-06-17T08:28:55.883
CVE-2025-10760,0.003110000,0.237930000,0.6273148148148148,2026-08-15,2026-08-15,CVE-2025-10760,6.3,2026-06-17T08:28:55.763
CVE-2025-10759,0.003200000,0.248060000,0.6375,2026-08-15,2026-08-15,CVE-2025-10759,5.3,2026-06-17T08:28:55.633
CVE-2025-10758,0.002800000,0.205300000,0.5689814814814815,2026-08-15,2026-08-15,CVE-2025-10758,4.8,2026-06-17T08:28:55.497
CVE-2025-10757,0.009900000,0.595730000,0.9418981481481481,2026-08-15,2026-08-15,CVE-2025-10757,8.8,2026-06-17T08:28:55.363
CVE-2025-10756,0.007990000,0.534890000,0.9263888888888889,2026-08-15,2026-08-15,CVE-2025-10756,8.8,2026-06-17T08:28:55.233
CVE-2025-10755,0.002390000,0.152790000,0.48564814814814816,2026-08-15,2026-08-15,CVE-2025-10755,6.3,2026-06-17T08:28:55.110
CVE-2025-10741,0.002530000,0.170020000,0.5171296296296296,2026-08-15,2026-08-15,CVE-2025-10741,6.3,2026-06-17T08:28:52.267
CVE-2025-10658,0.003180000,0.245560000,0.6351851851851852,2026-08-15,2026-08-15,CVE-2025-10658,6.5,2026-06-17T08:28:42.887
CVE-2025-10652,0.002780000,0.202430000,0.5657407407407408,2026-08-15,2026-08-15,CVE-2025-10652,6.5,2026-06-17T08:28:42.453
CVE-2025-10489,0.001820000,0.080580000,0.30416666666666664,2026-08-15,2026-08-15,CVE-2025-10489,4.3,2026-06-17T08:28:25.280
CVE-2025-10305,0.002110000,0.116260000,0.40069444444444446,2026-08-15,2026-08-15,CVE-2025-10305,5.3,2026-06-17T08:28:05.317
CVE-2025-10181,0.002230000,0.131830000,0.4363425925925926,2026-08-15,2026-08-15,CVE-2025-10181,6.4,2026-06-17T08:27:50.007
CVE-2025-10009,0.004690000,0.385840000,0.8358796296296296,2026-08-15,2026-08-15,CVE-2025-10009,,2026-06-17T08:27:30.653
CVE-2025-10002,0.002760000,0.201230000,0.5590277777777778,2026-08-15,2026-08-15,CVE-2025-10002,4.9,2026-06-17T08:27:30.110
CVE-2025-0875,0.003760000,0.307360000,0.7282407407407407,2026-08-15,2026-08-15,CVE-2025-0875,6.5,2026-06-17T08:27:17.960
CVE-2025-59420,0.002440000,0.159190000,0.4986111111111111,2026-08-15,2026-08-15,CVE-2025-59420,7.5,2026-06-17T09:46:08.220
CVE-2025-59418,0.001590000,0.055180000,0.23287037037037037,2026-08-15,2026-08-15,CVE-2025-59418,5.5,2026-06-17T09:46:07.993
CVE-2025-59413,0.003740000,0.305210000,0.7243055555555555,2026-08-15,2026-08-15,CVE-2025-59413,6.5,2026-06-17T09:46:07.410
CVE-2025-59412,0.002600000,0.179400000,0.5342592592592592,2026-08-15,2026-08-15,CVE-2025-59412,5.4,2026-06-17T09:46:07.290
CVE-2025-59411,0.002780000,0.203440000,0.5657407407407408,2026-08-15,2026-08-15,CVE-2025-59411,5.4,2026-06-17T09:46:07.163
CVE-2025-59335,0.001900000,0.089720000,0.3282407407407407,2026-08-15,2026-08-15,CVE-2025-59335,7.1,2026-06-17T09:45:55.713
CVE-2025-57943,0.002360000,0.149290000,0.4773148148148148,2026-08-15,2026-08-15,CVE-2025-57943,4.4,2026-06-17T09:43:40.157
CVE-2025-57942,0.001630000,0.059510000,0.24837962962962962,2026-08-15,2026-08-15,CVE-2025-57942,4.3,2026-06-17T09:43:40.057
CVE-2025-57941,0.002760000,0.200760000,0.5590277777777778,2026-08-15,2026-08-15,CVE-2025-57941,5.9,2026-06-17T09:43:39.960
CVE-2025-57940,0.002760000,0.200770000,0.5590277777777778,2026-08-15,2026-08-15,CVE-2025-57940,5.9,2026-06-17T09:43:39.860
CVE-2025-57939,0.003340000,0.263950000,0.6622685185185185,2026-08-15,2026-08-15,CVE-2025-57939,5.3,2026-06-17T09:43:39.760
CVE-2025-57938,0.002030000,0.105420000,0.3712962962962963,2026-08-15,2026-08-15,CVE-2025-57938,6.5,2026-06-17T09:43:39.660
CVE-2025-57937,0.002750000,0.199670000,0.5571759259259259,2026-08-15,2026-08-15,CVE-2025-57937,4.3,2026-06-17T09:43:39.563
CVE-2025-57936,0.002590000,0.177070000,0.5333333333333333,2026-08-15,2026-08-15,CVE-2025-57936,4.3,2026-06-17T09:43:39.463
CVE-2025-57935,0.002240000,0.132950000,0.4398148148148148,2026-08-15,2026-08-15,CVE-2025-57935,5.9,2026-06-17T09:43:39.363
CVE-2025-57934,0.001490000,0.045850000,0.1865740740740741,2026-08-15,2026-08-15,CVE-2025-57934,4.3,2026-06-17T09:43:39.263
CVE-2025-57933,0.001490000,0.045850000,0.1865740740740741,2026-08-15,2026-08-15,CVE-2025-57933,4.3,2026-06-17T09:43:39.163
CVE-2025-57932,0.002090000,0.113520000,0.39143518518518516,2026-08-15,2026-08-15,CVE-2025-57932,6.5,2026-06-17T09:43:39.063
CVE-2025-57930,0.001490000,0.045860000,0.1865740740740741,2026-08-15,2026-08-15,CVE-2025-57930,4.3,2026-06-17T09:43:38.867
CVE-2025-57929,0.002240000,0.132940000,0.4398148148148148,2026-08-15,2026-08-15,CVE-2025-57929,5.9,2026-06-17T09:43:38.767
CVE-2025-57928,0.002940000,0.220360000,0.5967592592592592,2026-08-15,2026-08-15,CVE-2025-57928,5.3,2026-06-17T09:43:38.670
CVE-2025-57927,0.001490000,0.045850000,0.1865740740740741,2026-08-15,2026-08-15,CVE-2025-57927,4.3,2026-06-17T09:43:38.573
CVE-2025-57926,0.002090000,0.113530000,0.39143518518518516,2026-08-15,2026-08-15,CVE-2025-57926,6.5,2026-06-17T09:43:38.477
CVE-2025-57925,0.005040000,0.408060000,0.8569444444444444,2026-08-15,2026-08-15,CVE-2025-57925,7.5,2026-06-17T09:43:38.380
CVE-2025-57924,0.001500000,0.047120000,0.20069444444444445,2026-08-15,2026-08-15,CVE-2025-57924,4.3,2026-06-17T09:43:38.280
CVE-2025-57923,0.003080000,0.235090000,0.6201388888888889,2026-08-15,2026-08-15,CVE-2025-57923,5.3,2026-06-17T09:43:38.180
CVE-2025-57922,0.003360000,0.265130000,0.6664351851851852,2026-08-15,2026-08-15,CVE-2025-57922,5.3,2026-06-17T09:43:38.080
CVE-2025-57921,0.002990000,0.225310000,0.6050925925925926,2026-08-15,2026-08-15,CVE-2025-57921,5.3,2026-06-17T09:43:37.980
CVE-2025-57920,0.002170000,0.124570000,0.4152777777777778,2026-08-15,2026-08-15,CVE-2025-57920,5.9,2026-06-17T09:43:37.877
CVE-2025-57919,0.006230000,0.469460000,0.89375,2026-08-15,2026-08-15,CVE-2025-57919,7.2,2026-06-17T09:43:37.780
CVE-2025-57918,0.001350000,0.033950000,0.1037037037037037,2026-08-15,2026-08-15,CVE-2025-57918,7.1,2026-06-17T09:43:37.680
CVE-2025-57917,0.002730000,0.197360000,0.5537037037037037,2026-08-15,2026-08-15,CVE-2025-57917,4.3,2026-06-17T09:43:37.580
CVE-2025-57916,0.002750000,0.199670000,0.5571759259259259,2026-08-15,2026-08-15,CVE-2025-57916,4.3,2026-06-17T09:43:37.480
CVE-2025-57915,0.001490000,0.045860000,0.1865740740740741,2026-08-15,2026-08-15,CVE-2025-57915,4.3,2026-06-17T09:43:37.383
CVE-2025-57914,0.001490000,0.045860000,0.1865740740740741,2026-08-15,2026-08-15,CVE-2025-57914,4.3,2026-06-17T09:43:37.287
CVE-2025-57913,0.002030000,0.105430000,0.3712962962962963,2026-08-15,2026-08-15,CVE-2025-57913,6.5,2026-06-17T09:43:37.183
CVE-2025-57912,0.002760000,0.200780000,0.5590277777777778,2026-08-15,2026-08-15,CVE-2025-57912,5.9,2026-06-17T09:43:37.087
CVE-2025-57911,0.002500000,0.166770000,0.5113425925925926,2026-08-15,2026-08-15,CVE-2025-57911,6.5,2026-06-17T09:43:36.990
CVE-2025-57910,0.002500000,0.166770000,0.5113425925925926,2026-08-15,2026-08-15,CVE-2025-57910,6.5,2026-06-17T09:43:36.890
CVE-2025-57909,0.004210000,0.351940000,0.787962962962963,2026-08-15,2026-08-15,CVE-2025-57909,6.5,2026-06-17T09:43:36.790
CVE-2025-57908,0.002760000,0.200780000,0.5590277777777778,2026-08-15,2026-08-15,CVE-2025-57908,5.9,2026-06-17T09:43:36.693
CVE-2025-57907,0.003340000,0.263960000,0.6622685185185185,2026-08-15,2026-08-15,CVE-2025-57907,5.3,2026-06-17T09:43:36.597
CVE-2025-57906,0.002760000,0.200770000,0.5590277777777778,2026-08-15,2026-08-15,CVE-2025-57906,5.9,2026-06-17T09:43:36.497
CVE-2025-57905,0.001630000,0.059500000,0.24837962962962962,2026-08-15,2026-08-15,CVE-2025-57905,4.3,2026-06-17T09:43:36.400
CVE-2025-57904,0.002760000,0.200770000,0.5590277777777778,2026-08-15,2026-08-15,CVE-2025-57904,5.9,2026-06-17T09:43:36.297
CVE-2025-57903,0.002760000,0.200770000,0.5590277777777778,2026-08-15,2026-08-15,CVE-2025-57903,5.9,2026-06-17T09:43:36.197
CVE-2025-57902,0.001870000,0.085380000,0.3159722222222222,2026-08-15,2026-08-15,CVE-2025-57902,6.5,2026-06-17T09:43:36.097
CVE-2025-57900,0.002500000,0.166780000,0.5113425925925926,2026-08-15,2026-08-15,CVE-2025-57900,6.5,2026-06-17T09:43:35.977
CVE-2025-57899,0.004340000,0.361240000,0.8004629629629629,2026-08-15,2026-08-15,CVE-2025-57899,5.3,2026-06-17T09:43:35.880
CVE-2025-57898,0.002580000,0.176040000,0.5273148148148148,2026-08-15,2026-08-15,CVE-2025-57898,6.5,2026-06-17T09:43:35.783
CVE-2025-57685,0.012050000,0.656460000,0.9518518518518518,2026-08-15,2026-08-15,CVE-2025-57685,8.8,2026-07-05T02:17:06.400
CVE-2025-57682,0.006450000,0.479090000,0.8986111111111111,2026-08-15,2026-08-15,CVE-2025-57682,6.5,2026-06-17T09:43:17.257
CVE-2025-57605,0.002760000,0.199900000,0.5590277777777778,2026-08-15,2026-08-15,CVE-2025-57605,8.8,2026-06-17T09:43:13.737
CVE-2025-57602,0.004940000,0.402010000,0.8518518518518519,2026-08-15,2026-08-15,CVE-2025-57602,9.8,2026-06-17T09:43:13.593
CVE-2025-57601,0.003970000,0.329580000,0.7613425925925926,2026-08-15,2026-08-15,CVE-2025-57601,9.8,2026-06-17T09:43:13.447
CVE-2025-57441,0.005190000,0.417320000,0.8622685185185185,2026-08-15,2026-08-15,CVE-2025-57441,9.8,2026-06-17T09:43:08.510
CVE-2025-57440,0.002580000,0.176760000,0.5273148148148148,2026-08-15,2026-08-15,CVE-2025-57440,7.5,2026-06-17T09:43:08.363
CVE-2025-57439,0.007720000,0.526300000,0.9238425925925926,2026-08-15,2026-08-15,CVE-2025-57439,8.8,2026-06-17T09:43:08.207
CVE-2025-57438,0.003040000,0.230850000,0.6125,2026-08-15,2026-08-15,CVE-2025-57438,6.8,2026-06-17T09:43:08.053
CVE-2025-57437,0.004970000,0.404050000,0.8543981481481482,2026-08-15,2026-08-15,CVE-2025-57437,9.8,2026-06-17T09:43:07.897
CVE-2025-57434,0.004580000,0.379340000,0.8289351851851852,2026-08-15,2026-08-15,CVE-2025-57434,8.8,2026-06-17T09:43:07.740
CVE-2025-57433,0.003370000,0.267180000,0.6682870370370371,2026-08-15,2026-08-15,CVE-2025-57433,6.5,2026-06-17T09:43:07.590
CVE-2025-57432,0.006020000,0.459320000,0.8886574074074074,2026-08-15,2026-08-15,CVE-2025-57432,9.8,2026-06-17T09:43:07.430
CVE-2025-57431,0.003240000,0.252950000,0.6467592592592593,2026-08-15,2026-08-15,CVE-2025-57431,8.8,2026-06-17T09:43:07.273
CVE-2025-57430,0.003740000,0.305400000,0.7243055555555555,2026-08-15,2026-08-15,CVE-2025-57430,7.5,2026-06-17T09:43:07.070
CVE-2025-55888,0.004110000,0.342420000,0.774537037037037,2026-08-15,2026-08-15,CVE-2025-55888,7.3,2026-07-05T17:17:16.663
CVE-2025-55887,0.003280000,0.256850000,0.6518518518518519,2026-08-15,2026-08-15,CVE-2025-55887,6.1,2026-07-05T17:17:16.517
CVE-2025-55886,0.003340000,0.262970000,0.6622685185185185,2026-08-15,2026-08-15,CVE-2025-55886,6.5,2026-06-17T09:42:13.847
CVE-2025-55885,0.003330000,0.262640000,0.6615740740740741,2026-08-15,2026-08-15,CVE-2025-55885,6.3,2026-07-05T17:17:16.367
CVE-2025-53570,0.002500000,0.166760000,0.5113425925925926,2026-08-15,2026-08-15,CVE-2025-53570,6.5,2026-06-17T09:38:30.220
CVE-2025-53469,0.002760000,0.200750000,0.5590277777777778,2026-08-15,2026-08-15,CVE-2025-53469,5.9,2026-06-17T09:38:15.767
CVE-2025-53468,0.003480000,0.279410000,0.6828703703703703,2026-08-15,2026-08-15,CVE-2025-53468,8.5,2026-06-17T09:38:15.660
CVE-2025-53467,0.002760000,0.200750000,0.5590277777777778,2026-08-15,2026-08-15,CVE-2025-53467,5.9,2026-06-17T09:38:15.560
CVE-2025-53466,0.002760000,0.200750000,0.5590277777777778,2026-08-15,2026-08-15,CVE-2025-53466,5.9,2026-06-17T09:38:15.457
CVE-2025-53465,0.005930000,0.455370000,0.8851851851851852,2026-08-15,2026-08-15,CVE-2025-53465,7.2,2026-06-17T09:38:15.353
CVE-2025-53464,0.002760000,0.200740000,0.5590277777777778,2026-08-15,2026-08-15,CVE-2025-53464,5.9,2026-06-17T09:38:15.257
CVE-2025-53463,0.002500000,0.166760000,0.5113425925925926,2026-08-15,2026-08-15,CVE-2025-53463,6.5,2026-06-17T09:38:15.150
CVE-2025-53462,0.002760000,0.200740000,0.5590277777777778,2026-08-15,2026-08-15,CVE-2025-53462,5.9,2026-06-17T09:38:15.047
CVE-2025-53461,0.002360000,0.149290000,0.4773148148148148,2026-08-15,2026-08-15,CVE-2025-53461,4.4,2026-06-17T09:38:14.943
CVE-2025-53460,0.002760000,0.200750000,0.5590277777777778,2026-08-15,2026-08-15,CVE-2025-53460,5.9,2026-06-17T09:38:14.840
CVE-2025-53458,0.002760000,0.200740000,0.5590277777777778,2026-08-15,2026-08-15,CVE-2025-53458,5.9,2026-06-17T09:38:14.707
CVE-2025-53457,0.002570000,0.175650000,0.524537037037037,2026-08-15,2026-08-15,CVE-2025-53457,4.4,2026-06-17T09:38:14.607
CVE-2025-53456,0.001630000,0.059510000,0.24837962962962962,2026-08-15,2026-08-15,CVE-2025-53456,4.3,2026-06-17T09:38:14.503
CVE-2025-53455,0.002760000,0.200780000,0.5590277777777778,2026-08-15,2026-08-15,CVE-2025-53455,5.9,2026-06-17T09:38:14.403
CVE-2025-53454,0.002580000,0.176040000,0.5273148148148148,2026-08-15,2026-08-15,CVE-2025-53454,6.5,2026-06-17T09:38:14.310
CVE-2025-53452,0.002920000,0.217160000,0.5928240740740741,2026-08-15,2026-08-15,CVE-2025-53452,4.3,2026-06-17T09:38:14.093
CVE-2025-53451,0.001580000,0.054480000,0.23171296296296295,2026-08-15,2026-08-15,CVE-2025-53451,5.4,2026-06-17T09:38:13.990
CVE-2025-53450,0.006210000,0.468810000,0.892824074074074,2026-08-15,2026-08-15,CVE-2025-53450,7.5,2026-06-17T09:38:13.883
CVE-2025-52367,0.038350000,0.891930000,0.9768518518518519,2026-08-15,2026-08-15,CVE-2025-52367,5.4,2026-07-05T02:16:55.240
CVE-2025-43953,0.071190000,0.936900000,0.9868055555555556,2026-08-15,2026-08-15,CVE-2025-43953,8.8,2026-06-17T09:24:48.953
CVE-2025-43807,0.001990000,0.100370000,0.36157407407407405,2026-08-15,2026-08-15,CVE-2025-43807,5.4,2026-06-17T09:24:33.720
CVE-2025-36064,0.004750000,0.389940000,0.8381944444444445,2026-08-15,2026-08-15,CVE-2025-36064,5.9,2026-06-17T09:14:26.330
CVE-2025-10811,0.006290000,0.472280000,0.8949074074074074,2026-08-15,2026-08-15,CVE-2025-10811,9.8,2026-06-17T08:29:02.913
CVE-2025-10810,0.006290000,0.472280000,0.8949074074074074,2026-08-15,2026-08-15,CVE-2025-10810,9.8,2026-06-17T08:29:02.780
CVE-2025-10809,0.005180000,0.416620000,0.862037037037037,2026-08-15,2026-08-15,CVE-2025-10809,9.8,2026-06-17T08:29:02.643
CVE-2025-10808,0.003870000,0.319550000,0.7449074074074075,2026-08-15,2026-08-15,CVE-2025-10808,9.8,2026-06-17T08:29:02.510
CVE-2025-10807,0.003510000,0.281700000,0.687962962962963,2026-08-15,2026-08-15,CVE-2025-10807,8.8,2026-06-17T08:29:02.377
CVE-2025-10806,0.003510000,0.281700000,0.687962962962963,2026-08-15,2026-08-15,CVE-2025-10806,8.8,2026-06-17T08:29:02.240
CVE-2025-58228,0.002080000,0.112030000,0.38958333333333334,2026-08-15,2026-08-15,CVE-2025-58228,6.5,2026-06-17T09:44:06.487
CVE-2025-58227,0.001960000,0.095990000,0.34652777777777777,2026-08-15,2026-08-15,CVE-2025-58227,6.5,2026-06-17T09:44:06.390
CVE-2025-58226,0.007060000,0.503500000,0.9125,2026-08-15,2026-08-15,CVE-2025-58226,5.3,2026-06-17T09:44:06.283
CVE-2025-58224,0.001270000,0.027520000,0.07546296296296297,2026-08-15,2026-08-15,CVE-2025-58224,5.4,2026-06-17T09:44:06.073
CVE-2025-58223,0.002100000,0.114770000,0.39490740740740743,2026-08-15,2026-08-15,CVE-2025-58223,5.9,2026-06-17T09:44:05.973
CVE-2025-58222,0.002580000,0.176530000,0.5273148148148148,2026-08-15,2026-08-15,CVE-2025-58222,5.3,2026-06-17T09:44:05.873
CVE-2025-58221,0.002300000,0.140430000,0.4537037037037037,2026-08-15,2026-08-15,CVE-2025-58221,4.3,2026-06-17T09:44:05.773
CVE-2025-58220,0.001900000,0.089660000,0.3282407407407407,2026-08-15,2026-08-15,CVE-2025-58220,6.5,2026-06-17T09:44:05.673
CVE-2025-58219,0.001310000,0.031010000,0.08796296296296297,2026-08-15,2026-08-15,CVE-2025-58219,4.3,2026-06-17T09:44:05.573
CVE-2025-58200,0.001310000,0.031020000,0.08796296296296297,2026-08-15,2026-08-15,CVE-2025-58200,4.3,2026-06-17T09:44:03.650
CVE-2025-58199,0.001310000,0.031000000,0.08796296296296297,2026-08-15,2026-08-15,CVE-2025-58199,4.3,2026-06-17T09:44:03.550
CVE-2025-58033,0.002100000,0.114770000,0.39490740740740743,2026-08-15,2026-08-15,CVE-2025-58033,5.9,2026-06-17T09:43:49.203
CVE-2025-58032,0.001310000,0.031000000,0.08796296296296297,2026-08-15,2026-08-15,CVE-2025-58032,4.3,2026-06-17T09:43:49.100
CVE-2025-58031,0.001960000,0.096030000,0.34652777777777777,2026-08-15,2026-08-15,CVE-2025-58031,6.5,2026-06-17T09:43:49.003
CVE-2025-58030,0.001960000,0.095970000,0.34652777777777777,2026-08-15,2026-08-15,CVE-2025-58030,6.5,2026-06-17T09:43:48.903
CVE-2025-58029,0.002470000,0.162810000,0.5041666666666667,2026-08-15,2026-08-15,CVE-2025-58029,5.3,2026-06-17T09:43:48.807
CVE-2025-58028,0.001900000,0.089570000,0.3282407407407407,2026-08-15,2026-08-15,CVE-2025-58028,6.5,2026-06-17T09:43:48.707
CVE-2025-58027,0.001960000,0.095960000,0.34652777777777777,2026-08-15,2026-08-15,CVE-2025-58027,6.5,2026-06-17T09:43:48.610
CVE-2025-58026,0.001960000,0.095970000,0.34652777777777777,2026-08-15,2026-08-15,CVE-2025-58026,6.5,2026-06-17T09:43:48.513
CVE-2025-58025,0.001970000,0.097630000,0.35648148148148145,2026-08-15,2026-08-15,CVE-2025-58025,5.4,2026-06-17T09:43:48.407
CVE-2025-58023,0.001990000,0.100670000,0.36157407407407405,2026-08-15,2026-08-15,CVE-2025-58023,6.5,2026-06-17T09:43:48.210
CVE-2025-58022,0.002580000,0.176050000,0.5273148148148148,2026-08-15,2026-08-15,CVE-2025-58022,6.5,2026-06-17T09:43:48.110
CVE-2025-58021,0.002580000,0.176050000,0.5273148148148148,2026-08-15,2026-08-15,CVE-2025-58021,6.5,2026-06-17T09:43:48.010
CVE-2025-58020,0.002850000,0.210460000,0.5766203703703704,2026-08-15,2026-08-15,CVE-2025-58020,6.5,2026-06-17T09:43:47.907
CVE-2025-58019,0.002580000,0.176050000,0.5273148148148148,2026-08-15,2026-08-15,CVE-2025-58019,6.5,2026-06-17T09:43:47.807
CVE-2025-58018,0.002580000,0.176040000,0.5273148148148148,2026-08-15,2026-08-15,CVE-2025-58018,6.5,2026-06-17T09:43:47.710
CVE-2025-58017,0.001960000,0.096060000,0.34652777777777777,2026-08-15,2026-08-15,CVE-2025-58017,6.5,2026-06-17T09:43:47.610
CVE-2025-58016,0.002300000,0.140450000,0.4537037037037037,2026-08-15,2026-08-15,CVE-2025-58016,4.3,2026-06-17T09:43:47.510
CVE-2025-58015,0.003130000,0.240830000,0.6305555555555555,2026-08-15,2026-08-15,CVE-2025-58015,7.5,2026-06-17T09:43:47.400
CVE-2025-58014,0.001310000,0.031020000,0.08796296296296297,2026-08-15,2026-08-15,CVE-2025-58014,4.3,2026-06-17T09:43:47.293
CVE-2025-58013,0.001590000,0.055630000,0.23287037037037037,2026-08-15,2026-08-15,CVE-2025-58013,8.8,2026-06-17T09:43:47.197
CVE-2025-58012,0.003140000,0.241680000,0.6314814814814815,2026-08-15,2026-08-15,CVE-2025-58012,3.8,2026-06-17T09:43:47.100
CVE-2025-58011,0.001930000,0.093240000,0.33912037037037035,2026-08-15,2026-08-15,CVE-2025-58011,6.4,2026-06-17T09:43:47.003
CVE-2025-58010,0.001310000,0.031020000,0.08796296296296297,2026-08-15,2026-08-15,CVE-2025-58010,4.3,2026-06-17T09:43:46.903
CVE-2025-58009,0.002870000,0.212610000,0.5828703703703704,2026-08-15,2026-08-15,CVE-2025-58009,3.8,2026-06-17T09:43:46.803
CVE-2025-58008,0.001960000,0.096070000,0.34652777777777777,2026-08-15,2026-08-15,CVE-2025-58008,6.5,2026-06-17T09:43:46.703
CVE-2025-58007,0.002660000,0.186480000,0.54375,2026-08-15,2026-08-15,CVE-2025-58007,4.3,2026-06-17T09:43:46.603
CVE-2025-58006,0.002610000,0.180000000,0.5365740740740741,2026-08-15,2026-08-15,CVE-2025-58006,4.7,2026-06-17T09:43:46.503
CVE-2025-58005,0.001940000,0.093670000,0.34375,2026-08-15,2026-08-15,CVE-2025-58005,5.4,2026-06-17T09:43:46.403
CVE-2025-58004,0.002470000,0.162820000,0.5041666666666667,2026-08-15,2026-08-15,CVE-2025-58004,5.3,2026-06-17T09:43:46.303
CVE-2025-58003,0.002580000,0.176540000,0.5273148148148148,2026-08-15,2026-08-15,CVE-2025-58003,5.3,2026-06-17T09:43:46.207
CVE-2025-58002,0.001900000,0.089610000,0.3282407407407407,2026-08-15,2026-08-15,CVE-2025-58002,6.5,2026-06-17T09:43:46.103
CVE-2025-58001,0.001900000,0.089630000,0.3282407407407407,2026-08-15,2026-08-15,CVE-2025-58001,6.5,2026-06-17T09:43:46.003
CVE-2025-58000,0.002470000,0.162810000,0.5041666666666667,2026-08-15,2026-08-15,CVE-2025-58000,5.3,2026-06-17T09:43:45.907
CVE-2025-57999,0.001960000,0.096040000,0.34652777777777777,2026-08-15,2026-08-15,CVE-2025-57999,6.5,2026-06-17T09:43:45.800
CVE-2025-57998,0.002100000,0.114760000,0.39490740740740743,2026-08-15,2026-08-15,CVE-2025-57998,5.9,2026-06-17T09:43:45.700
CVE-2025-57997,0.002440000,0.159040000,0.4986111111111111,2026-08-15,2026-08-15,CVE-2025-57997,4.3,2026-06-17T09:43:45.603
CVE-2025-57996,0.001900000,0.089670000,0.3282407407407407,2026-08-15,2026-08-15,CVE-2025-57996,6.5,2026-06-17T09:43:45.503
CVE-2025-57995,0.002300000,0.140450000,0.4537037037037037,2026-08-15,2026-08-15,CVE-2025-57995,4.3,2026-06-17T09:43:45.403
CVE-2025-57994,0.002840000,0.209070000,0.5752314814814815,2026-08-15,2026-08-15,CVE-2025-57994,5.4,2026-06-17T09:43:45.303
CVE-2025-57993,0.001900000,0.089670000,0.3282407407407407,2026-08-15,2026-08-15,CVE-2025-57993,6.5,2026-06-17T09:43:45.203
CVE-2025-57992,0.001310000,0.030990000,0.08796296296296297,2026-08-15,2026-08-15,CVE-2025-57992,4.3,2026-06-17T09:43:45.107
CVE-2025-57991,0.002600000,0.178410000,0.5342592592592592,2026-08-15,2026-08-15,CVE-2025-57991,5.4,2026-06-17T09:43:45.003
CVE-2025-57990,0.002600000,0.178410000,0.5342592592592592,2026-08-15,2026-08-15,CVE-2025-57990,5.4,2026-06-17T09:43:44.900
CVE-2025-57989,0.002080000,0.112030000,0.38958333333333334,2026-08-15,2026-08-15,CVE-2025-57989,6.5,2026-06-17T09:43:44.803
CVE-2025-57988,0.001960000,0.096000000,0.34652777777777777,2026-08-15,2026-08-15,CVE-2025-57988,6.5,2026-06-17T09:43:44.700
CVE-2025-57987,0.002580000,0.176540000,0.5273148148148148,2026-08-15,2026-08-15,CVE-2025-57987,5.3,2026-06-17T09:43:44.600
CVE-2025-57986,0.001960000,0.096000000,0.34652777777777777,2026-08-15,2026-08-15,CVE-2025-57986,6.5,2026-06-17T09:43:44.500
CVE-2025-57985,0.002300000,0.140440000,0.4537037037037037,2026-08-15,2026-08-15,CVE-2025-57985,4.3,2026-06-17T09:43:44.400
CVE-2025-57984,0.002170000,0.124010000,0.4152777777777778,2026-08-15,2026-08-15,CVE-2025-57984,4.4,2026-06-17T09:43:44.300
CVE-2025-57983,0.001500000,0.047100000,0.20069444444444445,2026-08-15,2026-08-15,CVE-2025-57983,6.5,2026-06-17T09:43:44.197
CVE-2025-57982,0.002230000,0.131880000,0.4363425925925926,2026-08-15,2026-08-15,CVE-2025-57982,5.9,2026-06-17T09:43:44.100
CVE-2025-57981,0.001970000,0.097630000,0.35648148148148145,2026-08-15,2026-08-15,CVE-2025-57981,5.4,2026-06-17T09:43:43.990
CVE-2025-57980,0.002100000,0.114720000,0.39490740740740743,2026-08-15,2026-08-15,CVE-2025-57980,5.9,2026-06-17T09:43:43.890
CVE-2025-57979,0.002100000,0.114750000,0.39490740740740743,2026-08-15,2026-08-15,CVE-2025-57979,5.9,2026-06-17T09:43:43.797
CVE-2025-57978,0.001390000,0.037310000,0.1287037037037037,2026-08-15,2026-08-15,CVE-2025-57978,4.3,2026-06-17T09:43:43.693
CVE-2025-57977,0.001440000,0.041520000,0.15208333333333332,2026-08-15,2026-08-15,CVE-2025-57977,7.1,2026-06-17T09:43:43.597
CVE-2025-57976,0.002580000,0.176540000,0.5273148148148148,2026-08-15,2026-08-15,CVE-2025-57976,5.3,2026-06-17T09:43:43.500
CVE-2025-57975,0.002440000,0.159040000,0.4986111111111111,2026-08-15,2026-08-15,CVE-2025-57975,4.3,2026-06-17T09:43:43.387
CVE-2025-57974,0.002230000,0.131880000,0.4363425925925926,2026-08-15,2026-08-15,CVE-2025-57974,5.9,2026-06-17T09:43:43.290
CVE-2025-57973,0.001760000,0.074190000,0.2898148148148148,2026-08-15,2026-08-15,CVE-2025-57973,5.5,2026-06-17T09:43:43.190
CVE-2025-57972,0.002300000,0.140440000,0.4537037037037037,2026-08-15,2026-08-15,CVE-2025-57972,4.3,2026-06-17T09:43:43.090
CVE-2025-57971,0.002580000,0.176530000,0.5273148148148148,2026-08-15,2026-08-15,CVE-2025-57971,5.3,2026-06-17T09:43:42.990
CVE-2025-57970,0.001310000,0.030970000,0.08796296296296297,2026-08-15,2026-08-15,CVE-2025-57970,4.3,2026-06-17T09:43:42.893
CVE-2025-57969,0.002300000,0.140460000,0.4537037037037037,2026-08-15,2026-08-15,CVE-2025-57969,4.3,2026-06-17T09:43:42.797
CVE-2025-57968,0.003300000,0.259040000,0.65625,2026-08-15,2026-08-15,CVE-2025-57968,7.1,2026-06-17T09:43:42.627
CVE-2025-57967,0.002080000,0.112050000,0.38958333333333334,2026-08-15,2026-08-15,CVE-2025-57967,6.5,2026-06-17T09:43:42.470
CVE-2025-57966,0.002770000,0.201600000,0.5641203703703703,2026-08-15,2026-08-15,CVE-2025-57966,6.5,2026-06-17T09:43:42.377
CVE-2025-57965,0.002600000,0.178600000,0.5342592592592592,2026-08-15,2026-08-15,CVE-2025-57965,6.5,2026-06-17T09:43:42.273
CVE-2025-57964,0.002850000,0.210460000,0.5766203703703704,2026-08-15,2026-08-15,CVE-2025-57964,6.5,2026-06-17T09:43:42.170
CVE-2025-57963,0.002850000,0.210460000,0.5766203703703704,2026-08-15,2026-08-15,CVE-2025-57963,6.5,2026-06-17T09:43:42.070
CVE-2025-57962,0.003050000,0.231990000,0.6143518518518518,2026-08-15,2026-08-15,CVE-2025-57962,5.9,2026-06-17T09:43:41.970
CVE-2025-57961,0.004080000,0.339920000,0.7717592592592593,2026-08-15,2026-08-15,CVE-2025-57961,4.3,2026-06-17T09:43:41.867
CVE-2025-57960,0.001630000,0.059500000,0.24837962962962962,2026-08-15,2026-08-15,CVE-2025-57960,4.3,2026-06-17T09:43:41.767
CVE-2025-57959,0.003050000,0.231990000,0.6143518518518518,2026-08-15,2026-08-15,CVE-2025-57959,5.9,2026-06-17T09:43:41.667
CVE-2025-57957,0.003530000,0.284750000,0.6949074074074074,2026-08-15,2026-08-15,CVE-2025-57957,5.3,2026-06-17T09:43:41.553
CVE-2025-57956,0.002760000,0.200760000,0.5590277777777778,2026-08-15,2026-08-15,CVE-2025-57956,5.9,2026-06-17T09:43:41.453
CVE-2025-57955,0.004210000,0.351940000,0.787962962962963,2026-08-15,2026-08-15,CVE-2025-57955,6.5,2026-06-17T09:43:41.353
CVE-2025-57954,0.002850000,0.210460000,0.5766203703703704,2026-08-15,2026-08-15,CVE-2025-57954,6.5,2026-06-17T09:43:41.250
CVE-2025-57953,0.002850000,0.210450000,0.5766203703703704,2026-08-15,2026-08-15,CVE-2025-57953,6.5,2026-06-17T09:43:41.147
CVE-2025-57952,0.003050000,0.232000000,0.6143518518518518,2026-08-15,2026-08-15,CVE-2025-57952,5.9,2026-06-17T09:43:41.047
CVE-2025-57951,0.003050000,0.231990000,0.6143518518518518,2026-08-15,2026-08-15,CVE-2025-57951,5.9,2026-06-17T09:43:40.950
CVE-2025-57950,0.002760000,0.200730000,0.5590277777777778,2026-08-15,2026-08-15,CVE-2025-57950,5.9,2026-06-17T09:43:40.850
CVE-2025-57949,0.003270000,0.255720000,0.6506944444444445,2026-08-15,2026-08-15,CVE-2025-57949,5.4,2026-06-17T09:43:40.750
CVE-2025-57948,0.002500000,0.166770000,0.5113425925925926,2026-08-15,2026-08-15,CVE-2025-57948,6.5,2026-06-17T09:43:40.653
CVE-2025-57947,0.002580000,0.176040000,0.5273148148148148,2026-08-15,2026-08-15,CVE-2025-57947,6.5,2026-06-17T09:43:40.553
CVE-2025-57946,0.001580000,0.054480000,0.23171296296296295,2026-08-15,2026-08-15,CVE-2025-57946,5.4,2026-06-17T09:43:40.457
CVE-2025-57945,0.002760000,0.200760000,0.5590277777777778,2026-08-15,2026-08-15,CVE-2025-57945,5.9,2026-06-17T09:43:40.357
CVE-2025-57944,0.003250000,0.253440000,0.6474537037037037,2026-08-15,2026-08-15,CVE-2025-57944,5.3,2026-06-17T09:43:40.257
CVE-2025-58992,0.001960000,0.096030000,0.34652777777777777,2026-08-15,2026-08-15,CVE-2025-58992,6.5,2026-06-17T09:45:23.843
CVE-2025-58974,0.001960000,0.096030000,0.34652777777777777,2026-08-15,2026-08-15,CVE-2025-58974,6.5,2026-06-17T09:45:22.060
CVE-2025-58973,0.004770000,0.391500000,0.8395833333333333,2026-08-15,2026-08-15,CVE-2025-58973,7.5,2026-06-17T09:45:21.963
CVE-2025-58969,0.002660000,0.185870000,0.54375,2026-08-15,2026-08-15,CVE-2025-58969,5.3,2026-06-17T09:45:21.560
CVE-2025-58968,0.002440000,0.159040000,0.4986111111111111,2026-08-15,2026-08-15,CVE-2025-58968,5.0,2026-06-17T09:45:21.460
CVE-2025-58965,0.001900000,0.089560000,0.3282407407407407,2026-08-15,2026-08-15,CVE-2025-58965,6.5,2026-06-17T09:45:21.163
CVE-2025-58962,0.001990000,0.100410000,0.36157407407407405,2026-08-15,2026-08-15,CVE-2025-58962,6.4,2026-06-17T09:45:20.860
CVE-2025-58960,0.002100000,0.114760000,0.39490740740740743,2026-08-15,2026-08-15,CVE-2025-58960,5.9,2026-06-17T09:45:20.660
CVE-2025-58957,0.002300000,0.140440000,0.4537037037037037,2026-08-15,2026-08-15,CVE-2025-58957,4.3,2026-06-17T09:45:20.363
CVE-2025-58956,0.001180000,0.020220000,0.056712962962962965,2026-08-15,2026-08-15,CVE-2025-58956,7.1,2026-06-17T09:45:20.263
CVE-2025-58704,0.001960000,0.096020000,0.34652777777777777,2026-08-15,2026-08-15,CVE-2025-58704,6.5,2026-06-17T09:44:45.967
CVE-2025-58703,0.001960000,0.096010000,0.34652777777777777,2026-08-15,2026-08-15,CVE-2025-58703,6.5,2026-06-17T09:44:45.867
CVE-2025-58702,0.001960000,0.096060000,0.34652777777777777,2026-08-15,2026-08-15,CVE-2025-58702,6.5,2026-06-17T09:44:45.767
CVE-2025-58691,0.001900000,0.089560000,0.3282407407407407,2026-08-15,2026-08-15,CVE-2025-58691,6.5,2026-06-17T09:44:45.340
CVE-2025-58690,0.001180000,0.020260000,0.056712962962962965,2026-08-15,2026-08-15,CVE-2025-58690,7.1,2026-06-17T09:44:45.240
CVE-2025-58689,0.001960000,0.096100000,0.34652777777777777,2026-08-15,2026-08-15,CVE-2025-58689,6.5,2026-06-17T09:44:45.140
CVE-2025-58688,0.001180000,0.020210000,0.056712962962962965,2026-08-15,2026-08-15,CVE-2025-58688,7.1,2026-06-17T09:44:45.040
CVE-2025-58687,0.001180000,0.020240000,0.056712962962962965,2026-08-15,2026-08-15,CVE-2025-58687,7.1,2026-06-17T09:44:44.940
CVE-2025-58686,0.002430000,0.158310000,0.4949074074074074,2026-08-15,2026-08-15,CVE-2025-58686,8.5,2026-06-17T09:44:44.840
CVE-2025-58685,0.002470000,0.162820000,0.5041666666666667,2026-08-15,2026-08-15,CVE-2025-58685,5.3,2026-06-17T09:44:44.740
CVE-2025-58684,0.001960000,0.096030000,0.34652777777777777,2026-08-15,2026-08-15,CVE-2025-58684,6.5,2026-06-17T09:44:44.643
CVE-2025-58683,0.001960000,0.096010000,0.34652777777777777,2026-08-15,2026-08-15,CVE-2025-58683,6.5,2026-06-17T09:44:44.540
CVE-2025-58682,0.001960000,0.096020000,0.34652777777777777,2026-08-15,2026-08-15,CVE-2025-58682,6.5,2026-06-17T09:44:44.357
CVE-2025-58681,0.002630000,0.182140000,0.5400462962962963,2026-08-15,2026-08-15,CVE-2025-58681,5.3,2026-06-17T09:44:44.213
CVE-2025-58680,0.002940000,0.220310000,0.5967592592592592,2026-08-15,2026-08-15,CVE-2025-58680,6.5,2026-06-17T09:44:44.117
CVE-2025-58679,0.002630000,0.182140000,0.5400462962962963,2026-08-15,2026-08-15,CVE-2025-58679,5.3,2026-06-17T09:44:44.017
CVE-2025-58678,0.002940000,0.220300000,0.5967592592592592,2026-08-15,2026-08-15,CVE-2025-58678,6.5,2026-06-17T09:44:43.913
CVE-2025-58677,0.001180000,0.020220000,0.056712962962962965,2026-08-15,2026-08-15,CVE-2025-58677,7.1,2026-06-17T09:44:43.813
CVE-2025-58676,0.001180000,0.020240000,0.056712962962962965,2026-08-15,2026-08-15,CVE-2025-58676,7.1,2026-06-17T09:44:43.713
CVE-2025-58675,0.001310000,0.030970000,0.08796296296296297,2026-08-15,2026-08-15,CVE-2025-58675,4.3,2026-06-17T09:44:43.610
CVE-2025-58673,0.002170000,0.124200000,0.4152777777777778,2026-08-15,2026-08-15,CVE-2025-58673,5.4,2026-06-17T09:44:43.373
CVE-2025-58672,0.002480000,0.164730000,0.506712962962963,2026-08-15,2026-08-15,CVE-2025-58672,5.4,2026-06-17T09:44:43.270
CVE-2025-58671,0.002190000,0.126900000,0.4219907407407407,2026-08-15,2026-08-15,CVE-2025-58671,7.1,2026-06-17T09:44:43.170
CVE-2025-58670,0.001180000,0.020240000,0.056712962962962965,2026-08-15,2026-08-15,CVE-2025-58670,7.1,2026-06-17T09:44:43.070
CVE-2025-58669,0.002120000,0.117230000,0.4041666666666667,2026-08-15,2026-08-15,CVE-2025-58669,5.9,2026-06-17T09:44:42.970
CVE-2025-58668,0.002630000,0.182720000,0.5400462962962963,2026-08-15,2026-08-15,CVE-2025-58668,9.8,2026-06-17T09:44:42.860
CVE-2025-58667,0.002480000,0.164750000,0.506712962962963,2026-08-15,2026-08-15,CVE-2025-58667,5.4,2026-06-17T09:44:42.760
CVE-2025-58666,0.002390000,0.152650000,0.48564814814814816,2026-08-15,2026-08-15,CVE-2025-58666,4.3,2026-06-17T09:44:42.657
CVE-2025-58665,0.002100000,0.114780000,0.39490740740740743,2026-08-15,2026-08-15,CVE-2025-58665,5.9,2026-06-17T09:44:42.557
CVE-2025-58664,0.002200000,0.127800000,0.425,2026-08-15,2026-08-15,CVE-2025-58664,4.3,2026-06-17T09:44:42.457
CVE-2025-58663,0.002200000,0.127800000,0.425,2026-08-15,2026-08-15,CVE-2025-58663,4.3,2026-06-17T09:44:42.357
CVE-2025-58662,0.004360000,0.363360000,0.8018518518518518,2026-08-15,2026-08-15,CVE-2025-58662,7.2,2026-06-17T09:44:42.257
CVE-2025-58661,0.002100000,0.114740000,0.39490740740740743,2026-08-15,2026-08-15,CVE-2025-58661,5.9,2026-06-17T09:44:42.157
CVE-2025-58660,0.002480000,0.164750000,0.506712962962963,2026-08-15,2026-08-15,CVE-2025-58660,5.4,2026-06-17T09:44:42.057
CVE-2025-58659,0.002700000,0.193100000,0.5497685185185185,2026-08-15,2026-08-15,CVE-2025-58659,5.3,2026-06-17T09:44:41.960
CVE-2025-58658,0.002100000,0.114740000,0.39490740740740743,2026-08-15,2026-08-15,CVE-2025-58658,5.9,2026-06-17T09:44:41.857
CVE-2025-58657,0.001180000,0.020250000,0.056712962962962965,2026-08-15,2026-08-15,CVE-2025-58657,7.1,2026-06-17T09:44:41.757
CVE-2025-58656,0.002700000,0.193100000,0.5497685185185185,2026-08-15,2026-08-15,CVE-2025-58656,5.3,2026-06-17T09:44:41.660
CVE-2025-58655,0.002040000,0.106360000,0.3747685185185185,2026-08-15,2026-08-15,CVE-2025-58655,5.9,2026-06-17T09:44:41.560
CVE-2025-58654,0.001960000,0.096100000,0.34652777777777777,2026-08-15,2026-08-15,CVE-2025-58654,6.5,2026-06-17T09:44:41.460
CVE-2025-58653,0.001960000,0.096080000,0.34652777777777777,2026-08-15,2026-08-15,CVE-2025-58653,6.5,2026-06-17T09:44:41.360
CVE-2025-58652,0.001900000,0.089680000,0.3282407407407407,2026-08-15,2026-08-15,CVE-2025-58652,6.5,2026-06-17T09:44:41.260
CVE-2025-58651,0.001960000,0.096040000,0.34652777777777777,2026-08-15,2026-08-15,CVE-2025-58651,6.5,2026-06-17T09:44:41.160
CVE-2025-58650,0.002480000,0.164740000,0.506712962962963,2026-08-15,2026-08-15,CVE-2025-58650,5.4,2026-06-17T09:44:41.063
CVE-2025-58649,0.002550000,0.172510000,0.5210648148148148,2026-08-15,2026-08-15,CVE-2025-58649,4.3,2026-06-17T09:44:40.963
CVE-2025-58648,0.001960000,0.096070000,0.34652777777777777,2026-08-15,2026-08-15,CVE-2025-58648,6.5,2026-06-17T09:44:40.863
CVE-2025-58647,0.002100000,0.114740000,0.39490740740740743,2026-08-15,2026-08-15,CVE-2025-58647,5.9,2026-06-17T09:44:40.760
CVE-2025-58646,0.002100000,0.114710000,0.39490740740740743,2026-08-15,2026-08-15,CVE-2025-58646,5.9,2026-06-17T09:44:40.660
CVE-2025-58645,0.002100000,0.114720000,0.39490740740740743,2026-08-15,2026-08-15,CVE-2025-58645,5.9,2026-06-17T09:44:40.560
CVE-2025-58271,0.002100000,0.114770000,0.39490740740740743,2026-08-15,2026-08-15,CVE-2025-58271,5.9,2026-06-17T09:44:12.663
CVE-2025-58270,0.001180000,0.020210000,0.056712962962962965,2026-08-15,2026-08-15,CVE-2025-58270,7.1,2026-06-17T09:44:12.563
CVE-2025-58269,0.002700000,0.193090000,0.5497685185185185,2026-08-15,2026-08-15,CVE-2025-58269,5.3,2026-06-17T09:44:12.463
CVE-2025-58268,0.001180000,0.020210000,0.056712962962962965,2026-08-15,2026-08-15,CVE-2025-58268,7.1,2026-06-17T09:44:12.363
CVE-2025-58267,0.001180000,0.020250000,0.056712962962962965,2026-08-15,2026-08-15,CVE-2025-58267,7.1,2026-06-17T09:44:12.267
CVE-2025-58266,0.002050000,0.108550000,0.38310185185185186,2026-08-15,2026-08-15,CVE-2025-58266,5.9,2026-06-17T09:44:12.163
CVE-2025-58265,0.001900000,0.089680000,0.3282407407407407,2026-08-15,2026-08-15,CVE-2025-58265,6.5,2026-06-17T09:44:12.067
CVE-2025-58264,0.001960000,0.096080000,0.34652777777777777,2026-08-15,2026-08-15,CVE-2025-58264,6.5,2026-06-17T09:44:11.970
CVE-2025-58263,0.001990000,0.099660000,0.36157407407407405,2026-08-15,2026-08-15,CVE-2025-58263,6.5,2026-06-17T09:44:11.870
CVE-2025-58262,0.001180000,0.020240000,0.056712962962962965,2026-08-15,2026-08-15,CVE-2025-58262,7.1,2026-06-17T09:44:11.770
CVE-2025-58261,0.001180000,0.020260000,0.056712962962962965,2026-08-15,2026-08-15,CVE-2025-58261,7.1,2026-06-17T09:44:11.670
CVE-2025-58260,0.001900000,0.089560000,0.3282407407407407,2026-08-15,2026-08-15,CVE-2025-58260,6.5,2026-06-17T09:44:11.570
CVE-2025-58259,0.001350000,0.034420000,0.1037037037037037,2026-08-15,2026-08-15,CVE-2025-58259,7.1,2026-06-17T09:44:11.470
CVE-2025-58258,0.002340000,0.145530000,0.4710648148148148,2026-08-15,2026-08-15,CVE-2025-58258,4.3,2026-06-17T09:44:11.373
CVE-2025-58257,0.001960000,0.096060000,0.34652777777777777,2026-08-15,2026-08-15,CVE-2025-58257,6.5,2026-06-17T09:44:11.273
CVE-2025-58256,0.002100000,0.114750000,0.39490740740740743,2026-08-15,2026-08-15,CVE-2025-58256,5.9,2026-06-17T09:44:11.173
CVE-2025-58255,0.001590000,0.055640000,0.23287037037037037,2026-08-15,2026-08-15,CVE-2025-58255,9.6,2026-06-17T09:44:11.073
CVE-2025-58254,0.001960000,0.096050000,0.34652777777777777,2026-08-15,2026-08-15,CVE-2025-58254,6.5,2026-06-17T09:44:10.977
CVE-2025-58253,0.001960000,0.096100000,0.34652777777777777,2026-08-15,2026-08-15,CVE-2025-58253,6.5,2026-06-17T09:44:10.877
CVE-2025-58252,0.002550000,0.172510000,0.5210648148148148,2026-08-15,2026-08-15,CVE-2025-58252,4.3,2026-06-17T09:44:10.780
CVE-2025-58251,0.002200000,0.127820000,0.425,2026-08-15,2026-08-15,CVE-2025-58251,4.3,2026-06-17T09:44:10.680
CVE-2025-58250,0.001760000,0.074180000,0.2898148148148148,2026-08-15,2026-08-15,CVE-2025-58250,8.8,2026-06-17T09:44:10.583
CVE-2025-58249,0.002550000,0.172500000,0.5210648148148148,2026-08-15,2026-08-15,CVE-2025-58249,4.3,2026-06-17T09:44:10.483
CVE-2025-58248,0.001960000,0.096090000,0.34652777777777777,2026-08-15,2026-08-15,CVE-2025-58248,6.5,2026-06-17T09:44:10.383
CVE-2025-58247,0.002630000,0.182140000,0.5400462962962963,2026-08-15,2026-08-15,CVE-2025-58247,5.3,2026-06-17T09:44:10.283
CVE-2025-58245,0.002100000,0.114770000,0.39490740740740743,2026-08-15,2026-08-15,CVE-2025-58245,5.9,2026-06-17T09:44:10.040
CVE-2025-58244,0.001590000,0.055650000,0.23287037037037037,2026-08-15,2026-08-15,CVE-2025-58244,8.8,2026-06-17T09:44:09.937
CVE-2025-58242,0.001900000,0.089570000,0.3282407407407407,2026-08-15,2026-08-15,CVE-2025-58242,6.5,2026-06-17T09:44:09.740
CVE-2025-58241,0.001960000,0.096060000,0.34652777777777777,2026-08-15,2026-08-15,CVE-2025-58241,6.5,2026-06-17T09:44:09.637
CVE-2025-58240,0.002580000,0.176030000,0.5273148148148148,2026-08-15,2026-08-15,CVE-2025-58240,6.5,2026-06-17T09:44:09.373
CVE-2025-58239,0.002580000,0.176030000,0.5273148148148148,2026-08-15,2026-08-15,CVE-2025-58239,6.5,2026-06-17T09:44:09.177
CVE-2025-58238,0.002580000,0.176060000,0.5273148148148148,2026-08-15,2026-08-15,CVE-2025-58238,6.5,2026-06-17T09:44:09.067
CVE-2025-58237,0.001960000,0.095980000,0.34652777777777777,2026-08-15,2026-08-15,CVE-2025-58237,6.5,2026-06-17T09:44:07.410
CVE-2025-58236,0.001310000,0.031010000,0.08796296296296297,2026-08-15,2026-08-15,CVE-2025-58236,4.3,2026-06-17T09:44:07.303
CVE-2025-58235,0.001900000,0.089670000,0.3282407407407407,2026-08-15,2026-08-15,CVE-2025-58235,6.5,2026-06-17T09:44:07.193
CVE-2025-58234,0.001970000,0.097630000,0.35648148148148145,2026-08-15,2026-08-15,CVE-2025-58234,5.4,2026-06-17T09:44:07.083
CVE-2025-58233,0.001960000,0.095990000,0.34652777777777777,2026-08-15,2026-08-15,CVE-2025-58233,6.5,2026-06-17T09:44:06.987
CVE-2025-58232,0.001900000,0.089610000,0.3282407407407407,2026-08-15,2026-08-15,CVE-2025-58232,6.5,2026-06-17T09:44:06.890
CVE-2025-58231,0.001900000,0.089610000,0.3282407407407407,2026-08-15,2026-08-15,CVE-2025-58231,6.5,2026-06-17T09:44:06.790
CVE-2025-58230,0.001960000,0.096090000,0.34652777777777777,2026-08-15,2026-08-15,CVE-2025-58230,6.5,2026-06-17T09:44:06.687
CVE-2025-58229,0.001960000,0.096000000,0.34652777777777777,2026-08-15,2026-08-15,CVE-2025-58229,6.5,2026-06-17T09:44:06.587
CVE-2025-9960,0.003570000,0.288230000,0.700462962962963,2026-08-15,2026-08-15,CVE-2025-9960,,2026-06-17T10:10:09.563
CVE-2025-9495,0.002920000,0.217940000,0.5928240740740741,2026-08-15,2026-08-15,CVE-2025-9495,,2026-06-17T10:09:06.587
CVE-2025-9494,0.006930000,0.498710000,0.9092592592592592,2026-08-15,2026-08-15,CVE-2025-9494,,2026-06-17T10:09:06.477
CVE-2025-9321,0.007620000,0.522930000,0.9222222222222223,2026-08-15,2026-08-15,CVE-2025-9321,9.8,2026-06-17T10:08:45.040
CVE-2025-8902,0.001850000,0.083890000,0.31203703703703706,2026-08-15,2026-08-15,CVE-2025-8902,6.4,2026-06-17T10:07:53.113
CVE-2025-8892,0.001680000,0.064630000,0.2662037037037037,2026-08-15,2026-08-15,CVE-2025-8892,7.8,2026-06-17T10:07:51.760
CVE-2025-59592,0.001590000,0.055510000,0.23287037037037037,2026-08-15,2026-08-15,CVE-2025-59592,6.5,2026-06-17T09:46:26.893
CVE-2025-59591,0.001890000,0.087710000,0.32222222222222224,2026-08-15,2026-08-15,CVE-2025-59591,4.3,2026-06-17T09:46:26.797
CVE-2025-59590,0.001700000,0.067130000,0.2712962962962963,2026-08-15,2026-08-15,CVE-2025-59590,5.9,2026-06-17T09:46:26.700
CVE-2025-59589,0.001590000,0.055500000,0.23287037037037037,2026-08-15,2026-08-15,CVE-2025-59589,6.5,2026-06-17T09:46:26.603
CVE-2025-59588,0.003870000,0.318950000,0.7449074074074075,2026-08-15,2026-08-15,CVE-2025-59588,7.5,2026-06-17T09:46:26.503
CVE-2025-59587,0.001590000,0.055500000,0.23287037037037037,2026-08-15,2026-08-15,CVE-2025-59587,6.5,2026-06-17T09:46:26.407
CVE-2025-59586,0.001590000,0.055510000,0.23287037037037037,2026-08-15,2026-08-15,CVE-2025-59586,6.5,2026-06-17T09:46:26.310
CVE-2025-59585,0.001590000,0.055510000,0.23287037037037037,2026-08-15,2026-08-15,CVE-2025-59585,6.5,2026-06-17T09:46:26.210
CVE-2025-59584,0.001590000,0.055520000,0.23287037037037037,2026-08-15,2026-08-15,CVE-2025-59584,6.5,2026-06-17T09:46:26.113
CVE-2025-59583,0.001590000,0.055510000,0.23287037037037037,2026-08-15,2026-08-15,CVE-2025-59583,6.5,2026-06-17T09:46:26.013
CVE-2025-59582,0.006610000,0.486370000,0.9037037037037037,2026-08-15,2026-08-15,CVE-2025-59582,5.3,2026-06-17T09:46:25.913
CVE-2025-59581,0.002500000,0.166130000,0.5113425925925926,2026-08-15,2026-08-15,CVE-2025-59581,6.5,2026-06-17T09:46:25.817
CVE-2025-59577,0.001960000,0.095780000,0.34652777777777777,2026-08-15,2026-08-15,CVE-2025-59577,4.3,2026-06-17T09:46:25.343
CVE-2025-59576,0.002070000,0.110990000,0.3861111111111111,2026-08-15,2026-08-15,CVE-2025-59576,6.5,2026-06-17T09:46:25.243
CVE-2025-59574,0.001590000,0.055520000,0.23287037037037037,2026-08-15,2026-08-15,CVE-2025-59574,6.5,2026-06-17T09:46:25.010
CVE-2025-59573,0.002240000,0.133100000,0.4398148148148148,2026-08-15,2026-08-15,CVE-2025-59573,5.3,2026-06-17T09:46:24.910
CVE-2025-59572,0.001590000,0.055640000,0.23287037037037037,2026-08-15,2026-08-15,CVE-2025-59572,8.8,2026-06-17T09:46:24.807
CVE-2025-59570,0.003310000,0.260520000,0.6583333333333333,2026-08-15,2026-08-15,CVE-2025-59570,7.6,2026-06-17T09:46:24.610
CVE-2025-59569,0.001900000,0.089590000,0.3282407407407407,2026-08-15,2026-08-15,CVE-2025-59569,6.5,2026-06-17T09:46:24.513
CVE-2025-59568,0.001310000,0.031020000,0.08796296296296297,2026-08-15,2026-08-15,CVE-2025-59568,4.3,2026-06-17T09:46:24.413
CVE-2025-59567,0.002090000,0.112920000,0.39143518518518516,2026-08-15,2026-08-15,CVE-2025-59567,5.5,2026-06-17T09:46:24.317
CVE-2025-59565,0.001960000,0.095980000,0.34652777777777777,2026-08-15,2026-08-15,CVE-2025-59565,6.5,2026-06-17T09:46:24.120
CVE-2025-59562,0.003350000,0.264660000,0.6643518518518519,2026-08-15,2026-08-15,CVE-2025-59562,5.5,2026-06-17T09:46:23.913
CVE-2025-59561,0.002300000,0.140450000,0.4537037037037037,2026-08-15,2026-08-15,CVE-2025-59561,4.3,2026-06-17T09:46:23.817
CVE-2025-59559,0.002300000,0.140460000,0.4537037037037037,2026-08-15,2026-08-15,CVE-2025-59559,4.3,2026-06-17T09:46:23.717
CVE-2025-59553,0.001900000,0.089560000,0.3282407407407407,2026-08-15,2026-08-15,CVE-2025-59553,6.5,2026-06-17T09:46:23.207
CVE-2025-59552,0.001960000,0.095970000,0.34652777777777777,2026-08-15,2026-08-15,CVE-2025-59552,6.5,2026-06-17T09:46:23.107
CVE-2025-59551,0.002200000,0.127820000,0.425,2026-08-15,2026-08-15,CVE-2025-59551,4.3,2026-06-17T09:46:23.003
CVE-2025-59549,0.001900000,0.089650000,0.3282407407407407,2026-08-15,2026-08-15,CVE-2025-59549,6.5,2026-06-17T09:46:22.807
CVE-2025-59535,0.003220000,0.250760000,0.6412037037037037,2026-08-15,2026-08-15,CVE-2025-59535,6.5,2026-06-17T09:46:21.253
CVE-2025-59532,0.008150000,0.540450000,0.9282407407407407,2026-08-15,2026-08-15,CVE-2025-59532,,2026-06-17T09:46:21.040
CVE-2025-59528,0.901830000,0.997870000,0.9990740740740741,2026-08-15,2026-08-15,CVE-2025-59528,10.0,2026-06-17T09:46:20.590
CVE-2025-59527,0.046660000,0.909710000,0.9807870370370371,2026-08-15,2026-08-15,CVE-2025-59527,7.5,2026-06-17T09:46:20.483
CVE-2025-59526,0.004090000,0.340770000,0.7726851851851851,2026-08-15,2026-08-15,CVE-2025-59526,,2026-06-17T09:46:20.377
CVE-2025-59434,0.031460000,0.868070000,0.9726851851851852,2026-08-15,2026-08-15,CVE-2025-59434,9.6,2026-06-17T09:46:09.697
CVE-2025-59433,0.002020000,0.104030000,0.3678240740740741,2026-08-15,2026-08-15,CVE-2025-59433,5.3,2026-06-17T09:46:09.590
CVE-2025-59432,0.008520000,0.551860000,0.9321759259259259,2026-08-15,2026-08-15,CVE-2025-59432,,2026-06-17T09:46:09.483
CVE-2025-59430,0.004380000,0.364870000,0.8037037037037037,2026-08-15,2026-08-15,CVE-2025-59430,8.2,2026-06-17T09:46:09.260
CVE-2025-58915,0.001590000,0.055490000,0.23287037037037037,2026-08-15,2026-08-15,CVE-2025-58915,6.5,2026-06-17T09:45:16.453
CVE-2025-57205,0.002360000,0.148610000,0.4773148148148148,2026-08-15,2026-08-15,CVE-2025-57205,5.4,2026-06-17T09:42:56.457
CVE-2025-57204,0.002360000,0.148610000,0.4773148148148148,2026-08-15,2026-08-15,CVE-2025-57204,5.4,2026-06-17T09:42:56.300
CVE-2025-57203,0.002210000,0.129480000,0.4305555555555556,2026-08-15,2026-08-15,CVE-2025-57203,4.8,2026-06-17T09:42:56.143
CVE-2025-47910,0.003080000,0.234150000,0.6201388888888889,2026-08-15,2026-08-15,CVE-2025-47910,5.4,2026-06-17T09:28:49.937
CVE-2025-43814,0.003280000,0.257510000,0.6518518518518519,2026-08-15,2026-08-15,CVE-2025-43814,6.5,2026-06-17T09:24:34.623
CVE-2025-43810,0.002550000,0.172760000,0.5210648148148148,2026-08-15,2026-08-15,CVE-2025-43810,4.3,2026-06-17T09:24:34.093
CVE-2025-43806,0.002340000,0.145700000,0.4710648148148148,2026-08-15,2026-08-15,CVE-2025-43806,4.3,2026-06-17T09:24:33.587
CVE-2025-42907,0.002040000,0.107000000,0.3747685185185185,2026-08-15,2026-08-15,CVE-2025-42907,4.3,2026-06-17T09:23:13.137
CVE-2025-39880,0.003020000,0.227850000,0.6101851851851852,2026-08-15,2026-08-15,CVE-2025-39880,7.8,2026-07-30T06:23:53.403
CVE-2025-39879,0.001190000,0.020640000,0.060648148148148145,2026-08-15,2026-08-15,CVE-2025-39879,5.5,2026-06-17T09:18:43.930
CVE-2025-39878,0.001190000,0.020650000,0.060648148148148145,2026-08-15,2026-08-15,CVE-2025-39878,5.5,2026-06-17T09:18:43.790
CVE-2025-39877,0.001400000,0.038560000,0.13217592592592592,2026-08-15,2026-08-15,CVE-2025-39877,7.8,2026-06-17T09:18:43.673
CVE-2025-39876,0.001400000,0.038190000,0.13217592592592592,2026-08-15,2026-08-15,CVE-2025-39876,5.5,2026-06-17T09:18:43.540
CVE-2025-39875,0.001190000,0.020650000,0.060648148148148145,2026-08-15,2026-08-15,CVE-2025-39875,5.5,2026-06-17T09:18:43.377
CVE-2025-39874,0.001190000,0.020650000,0.060648148148148145,2026-08-15,2026-08-15,CVE-2025-39874,5.5,2026-06-17T09:18:43.210
CVE-2025-39873,0.001480000,0.044960000,0.1840277777777778,2026-08-15,2026-08-15,CVE-2025-39873,7.8,2026-07-30T06:23:53.267
CVE-2025-39872,0.001410000,0.039470000,0.13541666666666666,2026-08-15,2026-08-15,CVE-2025-39872,5.5,2026-07-30T06:23:53.157
CVE-2025-39871,0.001400000,0.038560000,0.13217592592592592,2026-08-15,2026-08-15,CVE-2025-39871,7.8,2026-07-14T13:17:50.923
CVE-2025-39870,0.001440000,0.041860000,0.15208333333333332,2026-08-15,2026-08-15,CVE-2025-39870,7.8,2026-06-17T09:18:40.510
CVE-2025-39869,0.001490000,0.046600000,0.1865740740740741,2026-08-15,2026-08-15,CVE-2025-39869,7.1,2026-07-30T06:23:53.003
CVE-2025-39868,0.001330000,0.032810000,0.09537037037037037,2026-08-15,2026-08-15,CVE-2025-39868,7.8,2026-06-17T09:18:40.173
CVE-2025-26399,0.883300000,0.997580000,0.9988425925925926,2026-08-15,2026-08-15,CVE-2025-26399,9.8,2026-06-17T09:01:42.407
CVE-2025-1131,0.002000000,0.101580000,0.36319444444444443,2026-08-15,2026-08-15,CVE-2025-1131,7.8,2026-06-17T08:38:26.193
CVE-2025-10843,0.003840000,0.316110000,0.7386574074074074,2026-08-15,2026-08-15,CVE-2025-10843,9.8,2026-06-17T08:29:07.173
CVE-2025-10842,0.004410000,0.366690000,0.80625,2026-08-15,2026-08-15,CVE-2025-10842,9.8,2026-06-17T08:29:07.040
CVE-2025-10841,0.005500000,0.433910000,0.8733796296296297,2026-08-15,2026-08-15,CVE-2025-10841,9.8,2026-06-17T08:29:06.907
CVE-2025-10840,0.004370000,0.364350000,0.8023148148148148,2026-08-15,2026-08-15,CVE-2025-10840,8.8,2026-06-17T08:29:06.680
CVE-2025-10839,0.004370000,0.364360000,0.8023148148148148,2026-08-15,2026-08-15,CVE-2025-10839,8.8,2026-06-17T08:29:06.517
CVE-2025-10838,0.009520000,0.583480000,0.9400462962962963,2026-08-15,2026-08-15,CVE-2025-10838,8.8,2026-06-17T08:29:06.387
CVE-2025-10837,0.002190000,0.126470000,0.4219907407407407,2026-08-15,2026-08-15,CVE-2025-10837,5.4,2026-06-17T08:29:06.253
CVE-2025-10836,0.004410000,0.366800000,0.80625,2026-08-15,2026-08-15,CVE-2025-10836,9.8,2026-06-17T08:29:06.120
CVE-2025-10835,0.003510000,0.281720000,0.687962962962963,2026-08-15,2026-08-15,CVE-2025-10835,8.8,2026-06-17T08:29:05.983
CVE-2025-10834,0.003870000,0.319520000,0.7449074074074075,2026-08-15,2026-08-15,CVE-2025-10834,9.8,2026-06-17T08:29:05.850
CVE-2025-10833,0.003870000,0.319520000,0.7449074074074075,2026-08-15,2026-08-15,CVE-2025-10833,9.8,2026-06-17T08:29:05.713
CVE-2025-10832,0.004410000,0.366820000,0.80625,2026-08-15,2026-08-15,CVE-2025-10832,9.8,2026-06-17T08:29:05.580
CVE-2025-10831,0.003870000,0.319510000,0.7449074074074075,2026-08-15,2026-08-15,CVE-2025-10831,9.8,2026-06-17T08:29:05.437
CVE-2025-10830,0.003870000,0.319520000,0.7449074074074075,2026-08-15,2026-08-15,CVE-2025-10830,9.8,2026-06-17T08:29:05.300
CVE-2025-10829,0.003870000,0.319510000,0.7449074074074075,2026-08-15,2026-08-15,CVE-2025-10829,9.8,2026-06-17T08:29:05.167
CVE-2025-10828,0.003510000,0.281710000,0.687962962962963,2026-08-15,2026-08-15,CVE-2025-10828,8.8,2026-06-17T08:29:05.037
CVE-2025-10827,0.003220000,0.250580000,0.6412037037037037,2026-08-15,2026-08-15,CVE-2025-10827,6.1,2026-06-17T08:29:04.900
CVE-2025-10826,0.003510000,0.281710000,0.687962962962963,2026-08-15,2026-08-15,CVE-2025-10826,8.8,2026-06-17T08:29:04.767
CVE-2025-10825,0.003510000,0.281690000,0.687962962962963,2026-08-15,2026-08-15,CVE-2025-10825,8.8,2026-06-17T08:29:04.633
CVE-2025-10824,0.001340000,0.033510000,0.09722222222222222,2026-08-15,2026-08-15,CVE-2025-10824,5.3,2026-06-17T08:29:04.500
CVE-2025-10823,0.001360000,0.034800000,0.1136574074074074,2026-08-15,2026-08-15,CVE-2025-10823,3.3,2026-06-17T08:29:04.363
CVE-2025-10822,0.003250000,0.253350000,0.6474537037037037,2026-08-15,2026-08-15,CVE-2025-10822,4.3,2026-06-17T08:29:04.227
CVE-2025-10821,0.003250000,0.253350000,0.6474537037037037,2026-08-15,2026-08-15,CVE-2025-10821,4.3,2026-06-17T08:29:04.100
CVE-2025-10820,0.003360000,0.265790000,0.6664351851851852,2026-08-15,2026-08-15,CVE-2025-10820,4.3,2026-06-17T08:29:03.970
CVE-2025-10819,0.003360000,0.265790000,0.6664351851851852,2026-08-15,2026-08-15,CVE-2025-10819,4.3,2026-06-17T08:29:03.840
CVE-2025-10817,0.003840000,0.316120000,0.7386574074074074,2026-08-15,2026-08-15,CVE-2025-10817,9.8,2026-06-17T08:29:03.707
CVE-2025-10816,0.005060000,0.408880000,0.8585648148148148,2026-08-15,2026-08-15,CVE-2025-10816,9.8,2026-06-17T08:29:03.573
CVE-2025-10815,0.007670000,0.524770000,0.9231481481481482,2026-08-15,2026-08-15,CVE-2025-10815,8.8,2026-06-17T08:29:03.440
CVE-2025-10814,0.061150000,0.928050000,0.9833333333333333,2026-08-15,2026-08-15,CVE-2025-10814,8.8,2026-06-17T08:29:03.307
CVE-2025-10813,0.003840000,0.316080000,0.7386574074074074,2026-08-15,2026-08-15,CVE-2025-10813,9.8,2026-06-17T08:29:03.177
CVE-2025-10812,0.004410000,0.366690000,0.80625,2026-08-15,2026-08-15,CVE-2025-10812,9.8,2026-06-17T08:29:03.043
CVE-2025-10380,0.004080000,0.339650000,0.7717592592592593,2026-08-15,2026-08-15,CVE-2025-10380,8.8,2026-06-17T08:28:12.430
CVE-2025-9966,0.003450000,0.275710000,0.6787037037037037,2026-08-15,2026-08-15,CVE-2025-9966,,2026-06-17T10:10:10.223
CVE-2025-9965,0.006630000,0.486940000,0.9039351851851852,2026-08-15,2026-08-15,CVE-2025-9965,,2026-06-17T10:10:10.110
CVE-2025-9964,0.002020000,0.104680000,0.3678240740740741,2026-08-15,2026-08-15,CVE-2025-9964,,2026-06-17T10:10:10.000
CVE-2025-9963,0.002070000,0.110960000,0.3861111111111111,2026-08-15,2026-08-15,CVE-2025-9963,,2026-06-17T10:10:09.890
CVE-2025-9962,0.013960000,0.700790000,0.9574074074074074,2026-08-15,2026-08-15,CVE-2025-9962,,2026-06-17T10:10:09.777
CVE-2025-9900,0.007390000,0.515160000,0.9180555555555555,2026-08-15,2026-08-15,CVE-2025-9900,8.8,2026-06-29T21:16:42.667
CVE-2025-9846,0.010500000,0.613730000,0.94375,2026-08-15,2026-08-15,CVE-2025-9846,10.0,2026-06-17T10:09:53.653
CVE-2025-9844,0.004410000,0.367460000,0.80625,2026-08-15,2026-08-15,CVE-2025-9844,8.8,2026-06-17T10:09:53.373
CVE-2025-9798,0.002540000,0.171770000,0.51875,2026-08-15,2026-08-15,CVE-2025-9798,8.9,2026-06-17T10:09:47.397
CVE-2025-9588,0.011350000,0.637620000,0.9479166666666666,2026-08-15,2026-08-15,CVE-2025-9588,9.8,2026-06-17T10:09:19.530
CVE-2025-9342,0.002650000,0.185360000,0.5421296296296296,2026-08-15,2026-08-15,CVE-2025-9342,6.5,2026-06-17T10:08:47.207
CVE-2025-9054,0.003490000,0.279710000,0.6849537037037037,2026-08-15,2026-08-15,CVE-2025-9054,9.8,2026-06-17T10:08:14.013
CVE-2025-9031,0.002190000,0.127040000,0.4219907407407407,2026-08-15,2026-08-15,CVE-2025-9031,4.3,2026-06-17T10:08:11.527
CVE-2025-8410,0.001980000,0.099560000,0.3608796296296296,2026-08-15,2026-08-15,CVE-2025-8410,7.4,2026-06-17T10:06:55.880
CVE-2025-8354,0.001680000,0.064280000,0.2662037037037037,2026-08-15,2026-08-15,CVE-2025-8354,7.8,2026-06-17T10:06:48.750
CVE-2025-8282,0.001800000,0.078350000,0.3,2026-08-15,2026-08-15,CVE-2025-8282,3.5,2026-06-17T10:06:40.593
CVE-2025-7106,0.002560000,0.173840000,0.5229166666666667,2026-08-15,2026-08-15,CVE-2025-7106,5.3,2026-06-17T10:04:16.940
CVE-2025-6921,0.004670000,0.384540000,0.8331018518518518,2026-08-15,2026-08-15,CVE-2025-6921,7.5,2026-06-17T10:02:52.510
CVE-2025-60020,0.002450000,0.160850000,0.5016203703703703,2026-08-15,2026-08-15,CVE-2025-60020,6.4,2026-06-17T09:49:13.570
CVE-2025-59826,0.002150000,0.121090000,0.4097222222222222,2026-08-15,2026-08-15,CVE-2025-59826,7.6,2026-06-17T09:46:46.563
CVE-2025-59825,0.002020000,0.104530000,0.3678240740740741,2026-08-15,2026-08-15,CVE-2025-59825,,2026-06-17T09:46:46.457
CVE-2025-59822,0.003460000,0.276510000,0.6805555555555556,2026-08-15,2026-08-15,CVE-2025-59822,7.5,2026-06-17T09:46:46.110
CVE-2025-59821,0.001960000,0.096540000,0.34652777777777777,2026-08-15,2026-08-15,CVE-2025-59821,6.1,2026-06-17T09:46:46.000
CVE-2025-59548,0.001750000,0.073060000,0.2881944444444444,2026-08-15,2026-08-15,CVE-2025-59548,6.1,2026-06-17T09:46:22.697
CVE-2025-59547,0.002460000,0.161180000,0.5025462962962963,2026-08-15,2026-08-15,CVE-2025-59547,5.3,2026-06-17T09:46:22.583
CVE-2025-59546,0.001710000,0.067540000,0.27685185185185185,2026-08-15,2026-08-15,CVE-2025-59546,4.8,2026-06-17T09:46:22.473
CVE-2025-59545,0.005060000,0.409220000,0.8585648148148148,2026-08-15,2026-08-15,CVE-2025-59545,9.0,2026-06-17T09:46:22.370
CVE-2025-59539,0.001660000,0.062470000,0.26064814814814813,2026-08-15,2026-08-15,CVE-2025-59539,5.4,2026-06-17T09:46:21.693
CVE-2025-59534,0.009060000,0.568440000,0.937037037037037,2026-08-15,2026-08-15,CVE-2025-59534,7.8,2026-06-17T09:46:21.143
CVE-2025-59484,0.001150000,0.018350000,0.05324074074074074,2026-08-15,2026-08-15,CVE-2025-59484,8.3,2026-06-17T09:46:16.183
CVE-2025-58674,0.002010000,0.103560000,0.3659722222222222,2026-08-15,2026-08-15,CVE-2025-58674,5.9,2026-06-17T09:44:43.470
CVE-2025-58473,0.003260000,0.255150000,0.6497685185185185,2026-08-15,2026-08-15,CVE-2025-58473,5.9,2026-06-17T09:44:31.483
CVE-2025-58457,0.002940000,0.219250000,0.5967592592592592,2026-08-15,2026-08-15,CVE-2025-58457,4.3,2026-06-17T09:44:29.593
CVE-2025-58354,0.003120000,0.239630000,0.6284722222222222,2026-08-15,2026-08-15,CVE-2025-58354,,2026-06-17T09:44:20.987
CVE-2025-58319,0.001500000,0.047330000,0.20069444444444445,2026-08-15,2026-08-15,CVE-2025-58319,7.8,2026-06-17T09:44:17.617
CVE-2025-58317,0.002840000,0.209840000,0.5752314814814815,2026-08-15,2026-08-15,CVE-2025-58317,7.8,2026-06-17T09:44:17.400
CVE-2025-58246,0.002480000,0.163750000,0.506712962962963,2026-08-15,2026-08-15,CVE-2025-58246,4.3,2026-06-17T09:44:10.140
CVE-2025-58069,0.002440000,0.158920000,0.4986111111111111,2026-08-15,2026-08-15,CVE-2025-58069,5.3,2026-06-17T09:43:52.347
CVE-2025-57882,0.003090000,0.235430000,0.6247685185185186,2026-08-15,2026-08-15,CVE-2025-57882,5.9,2026-06-17T09:43:34.130
CVE-2025-57639,0.009820000,0.593050000,0.9414351851851852,2026-08-15,2026-08-15,CVE-2025-57639,6.5,2026-06-17T09:43:16.483
CVE-2025-57638,0.003700000,0.301520000,0.7210648148148148,2026-08-15,2026-08-15,CVE-2025-57638,7.5,2026-06-17T09:43:16.327
CVE-2025-57637,0.006090000,0.462620000,0.8905092592592593,2026-08-15,2026-08-15,CVE-2025-57637,7.5,2026-06-17T09:43:16.173
CVE-2025-57636,0.011200000,0.634020000,0.9474537037037037,2026-08-15,2026-08-15,CVE-2025-57636,6.5,2026-06-17T09:43:16.020
CVE-2025-57407,0.002010000,0.102730000,0.3659722222222222,2026-08-15,2026-08-15,CVE-2025-57407,5.4,2026-06-17T09:43:04.900
CVE-2025-5717,0.006420000,0.478020000,0.8981481481481481,2026-08-15,2026-08-15,CVE-2025-5717,7.2,2026-06-17T09:48:37.097
CVE-2025-56394,0.003890000,0.321160000,0.7527777777777778,2026-08-15,2026-08-15,CVE-2025-56394,7.5,2026-06-17T09:42:33.293
CVE-2025-56311,0.001300000,0.030220000,0.08726851851851852,2026-08-15,2026-08-15,CVE-2025-56311,6.5,2026-06-17T09:42:31.040
CVE-2025-56304,0.001880000,0.087360000,0.3199074074074074,2026-08-15,2026-08-15,CVE-2025-56304,6.1,2026-07-05T02:16:59.803
CVE-2025-56146,0.001510000,0.048040000,0.20416666666666666,2026-08-15,2026-08-15,CVE-2025-56146,5.3,2026-06-17T09:42:24.657
CVE-2025-55780,0.003960000,0.328020000,0.7592592592592593,2026-08-15,2026-08-15,CVE-2025-55780,7.5,2026-06-17T09:42:11.480
CVE-2025-55069,0.002870000,0.212540000,0.5828703703703704,2026-08-15,2026-08-15,CVE-2025-55069,8.3,2026-06-17T09:41:12.457
CVE-2025-55038,0.002370000,0.149390000,0.4824074074074074,2026-08-15,2026-08-15,CVE-2025-55038,6.8,2026-06-17T09:41:08.870
CVE-2025-54855,0.000950000,0.007540000,0.03009259259259259,2026-08-15,2026-08-15,CVE-2025-54855,4.2,2026-06-17T09:40:48.440
CVE-2025-54081,0.002150000,0.122370000,0.4097222222222222,2026-08-15,2026-08-15,CVE-2025-54081,7.0,2026-06-17T09:39:23.190
CVE-2025-52905,0.077670000,0.941210000,0.9875,2026-08-15,2026-08-15,CVE-2025-52905,7.5,2026-06-17T09:37:15.127
CVE-2025-51005,0.003590000,0.290690000,0.7030092592592593,2026-08-15,2026-08-15,CVE-2025-51005,7.5,2026-06-17T09:35:30.093
CVE-2025-4993,0.003450000,0.275790000,0.6787037037037037,2026-08-15,2026-08-15,CVE-2025-4993,9.1,2026-06-17T09:34:27.343
CVE-2025-48459,0.004610000,0.381000000,0.830787037037037,2026-08-15,2026-08-15,CVE-2025-48459,5.3,2026-06-17T09:29:39.290
CVE-2025-48392,0.005620000,0.440930000,0.8773148148148148,2026-08-15,2026-08-15,CVE-2025-48392,7.5,2026-06-17T09:29:36.043
CVE-2025-4760,0.001730000,0.070490000,0.2796296296296296,2026-08-15,2026-08-15,CVE-2025-4760,4.8,2026-06-17T09:33:57.330
CVE-2025-4582,0.001270000,0.027490000,0.07546296296296297,2026-08-15,2026-08-15,CVE-2025-4582,7.1,2026-06-17T09:33:34.023
CVE-2025-45326,0.003200000,0.247560000,0.6375,2026-08-15,2026-08-15,CVE-2025-45326,6.5,2026-06-17T09:25:28.670
CVE-2025-43819,0.001650000,0.061920000,0.25300925925925927,2026-08-15,2026-08-15,CVE-2025-43819,6.5,2026-06-17T09:24:35.247
CVE-2025-43779,0.002160000,0.123380000,0.4125,2026-08-15,2026-08-15,CVE-2025-43779,6.1,2026-06-17T09:24:30.080
CVE-2025-41716,0.003610000,0.292950000,0.7055555555555556,2026-08-15,2026-08-15,CVE-2025-41716,5.3,2026-06-17T09:23:01.713
CVE-2025-41715,0.004630000,0.382170000,0.8317129629629629,2026-08-15,2026-08-15,CVE-2025-41715,9.8,2026-06-17T09:23:01.617
CVE-2025-39890,0.001370000,0.035440000,0.12268518518518519,2026-08-15,2026-08-15,CVE-2025-39890,5.5,2026-06-17T09:18:45.603
CVE-2025-39889,0.000900000,0.005290000,0.024074074074074074,2026-08-15,2026-08-15,CVE-2025-39889,5.5,2026-06-17T09:18:45.420
CVE-2025-39888,0.001360000,0.035120000,0.1136574074074074,2026-08-15,2026-08-15,CVE-2025-39888,7.8,2026-06-17T09:18:45.277
CVE-2025-39887,0.001190000,0.020660000,0.060648148148148145,2026-08-15,2026-08-15,CVE-2025-39887,5.5,2026-06-17T09:18:45.130
CVE-2025-39886,0.001390000,0.037440000,0.1287037037037037,2026-08-15,2026-08-15,CVE-2025-39886,5.5,2026-06-17T09:18:44.960
CVE-2025-39885,0.001100000,0.014510000,0.04652777777777778,2026-08-15,2026-08-15,CVE-2025-39885,5.5,2026-06-17T09:18:44.800
CVE-2025-39884,0.000990000,0.009130000,0.03449074074074074,2026-08-15,2026-08-15,CVE-2025-39884,4.7,2026-06-17T09:18:44.643
CVE-2025-39883,0.001430000,0.040530000,0.14027777777777778,2026-08-15,2026-08-15,CVE-2025-39883,7.1,2026-06-17T09:18:44.483
CVE-2025-39882,0.001410000,0.039520000,0.13541666666666666,2026-08-15,2026-08-15,CVE-2025-39882,7.8,2026-07-30T06:23:53.717
CVE-2025-39881,0.001400000,0.038570000,0.13217592592592592,2026-08-15,2026-08-15,CVE-2025-39881,7.8,2026-07-30T06:23:53.553
CVE-2025-29084,0.003530000,0.284160000,0.6949074074074074,2026-08-15,2026-08-15,CVE-2025-29084,6.5,2026-06-17T09:05:07.150
CVE-2025-29083,0.003530000,0.284650000,0.6949074074074074,2026-08-15,2026-08-15,CVE-2025-29083,6.5,2026-06-17T09:05:07.000
CVE-2025-1255,0.003450000,0.275290000,0.6787037037037037,2026-08-15,2026-08-15,CVE-2025-1255,9.1,2026-06-17T08:38:41.353
CVE-2025-10906,0.002240000,0.132830000,0.4398148148148148,2026-08-15,2026-08-15,CVE-2025-10906,8.4,2026-06-17T08:29:14.767
CVE-2025-10857,0.004560000,0.377930000,0.8268518518518518,2026-08-15,2026-08-15,CVE-2025-10857,9.8,2026-06-17T08:29:10.060
CVE-2025-10851,0.004410000,0.366770000,0.80625,2026-08-15,2026-08-15,CVE-2025-10851,9.8,2026-06-17T08:29:09.310
CVE-2025-10848,0.003510000,0.281650000,0.687962962962963,2026-08-15,2026-08-15,CVE-2025-10848,8.8,2026-06-17T08:29:07.830
CVE-2025-10846,0.003940000,0.326190000,0.7557870370370371,2026-08-15,2026-08-15,CVE-2025-10846,8.8,2026-06-17T08:29:07.580
CVE-2025-10845,0.003940000,0.326190000,0.7557870370370371,2026-08-15,2026-08-15,CVE-2025-10845,8.8,2026-06-17T08:29:07.447
CVE-2025-10844,0.003940000,0.326190000,0.7557870370370371,2026-08-15,2026-08-15,CVE-2025-10844,8.8,2026-06-17T08:29:07.313
CVE-2025-10548,0.003510000,0.282410000,0.687962962962963,2026-08-15,2026-08-15,CVE-2025-10548,6.5,2026-06-17T08:28:30.147
CVE-2025-10412,0.005790000,0.448680000,0.8810185185185185,2026-08-15,2026-08-15,CVE-2025-10412,9.8,2026-06-17T08:28:16.433
CVE-2025-10244,0.004180000,0.348630000,0.7854166666666667,2026-08-15,2026-08-15,CVE-2025-10244,8.7,2026-06-17T08:27:59.143
CVE-2025-10184,0.036700000,0.886920000,0.975,2026-08-15,2026-08-15,CVE-2025-10184,,2026-06-17T08:27:51.080
CVE-2025-10147,0.008750000,0.559270000,0.9333333333333333,2026-08-15,2026-08-15,CVE-2025-10147,9.8,2026-06-17T08:27:46.897
CVE-2025-0672,0.002020000,0.104270000,0.3678240740740741,2026-08-15,2026-08-15,CVE-2025-0672,3.8,2026-06-17T08:26:56.507
CVE-2025-0663,0.002260000,0.135690000,0.4476851851851852,2026-08-15,2026-08-15,CVE-2025-0663,6.8,2026-06-17T08:26:55.430
CVE-2025-0209,0.002180000,0.124690000,0.4201388888888889,2026-08-15,2026-08-15,CVE-2025-0209,6.1,2026-06-17T08:26:05.150
CVE-2024-6429,0.002000000,0.102190000,0.36319444444444443,2026-08-15,2026-08-15,CVE-2024-6429,4.3,2026-06-17T08:17:59.917
CVE-2024-58241,0.001250000,0.026310000,0.07268518518518519,2026-08-15,2026-08-15,CVE-2024-58241,5.5,2026-08-04T11:22:40.900
CVE-2024-4598,0.002990000,0.225110000,0.6050925925925926,2026-08-15,2026-08-15,CVE-2024-4598,6.5,2026-06-17T08:02:14.257
CVE-2024-21935,0.002000000,0.102060000,0.36319444444444443,2026-08-15,2026-08-15,CVE-2024-21935,5.0,2026-06-17T07:10:25.783
CVE-2024-21927,0.002570000,0.174860000,0.524537037037037,2026-08-15,2026-08-15,CVE-2024-21927,5.0,2026-06-17T07:10:25.613
CVE-2017-20200,0.002420000,0.157010000,0.4928240740740741,2026-08-15,2026-08-15,CVE-2017-20200,3.7,2026-06-17T01:15:23.687
CVE-2025-9353,0.003040000,0.230510000,0.6125,2026-08-15,2026-08-15,CVE-2025-9353,6.4,2026-06-17T10:08:47.803
CVE-2025-8869,0.004380000,0.364670000,0.8037037037037037,2026-08-15,2026-08-15,CVE-2025-8869,,2026-06-17T10:07:49.133
CVE-2025-59824,0.001820000,0.080670000,0.30416666666666664,2026-08-15,2026-08-15,CVE-2025-59824,5.4,2026-06-17T09:46:46.340
CVE-2025-59525,0.002710000,0.193580000,0.5513888888888889,2026-08-15,2026-08-15,CVE-2025-59525,6.1,2026-06-17T09:46:20.257
CVE-2025-59524,0.003260000,0.254720000,0.6497685185185185,2026-08-15,2026-08-15,CVE-2025-59524,6.1,2026-06-17T09:46:20.140
CVE-2025-59343,0.005160000,0.415220000,0.861574074074074,2026-08-15,2026-08-15,CVE-2025-59343,,2026-06-17T09:45:56.623
CVE-2025-59305,0.002560000,0.174620000,0.5229166666666667,2026-08-15,2026-08-15,CVE-2025-59305,7.6,2026-06-17T09:45:54.570
CVE-2025-59251,0.004590000,0.379660000,0.8296296296296296,2026-08-15,2026-08-15,CVE-2025-59251,7.6,2026-06-17T09:45:48.903
CVE-2025-57354,0.004520000,0.375370000,0.8245370370370371,2026-08-15,2026-08-15,CVE-2025-57354,6.5,2026-06-17T09:43:04.003
CVE-2025-57353,0.003230000,0.251630000,0.6444444444444445,2026-08-15,2026-08-15,CVE-2025-57353,5.3,2026-06-17T09:43:03.853
CVE-2025-57352,0.003290000,0.258500000,0.6543981481481481,2026-08-15,2026-08-15,CVE-2025-57352,5.3,2026-06-17T09:43:03.710
CVE-2025-57351,0.004000000,0.332660000,0.7659722222222223,2026-08-15,2026-08-15,CVE-2025-57351,6.5,2026-06-17T09:43:03.563
CVE-2025-57350,0.002920000,0.217160000,0.5928240740740741,2026-08-15,2026-08-15,CVE-2025-57350,8.6,2026-06-17T09:43:03.410
CVE-2025-57349,0.003720000,0.303920000,0.7229166666666667,2026-08-15,2026-08-15,CVE-2025-57349,7.5,2026-06-17T09:43:03.253
CVE-2025-57348,0.003820000,0.313370000,0.737037037037037,2026-08-15,2026-08-15,CVE-2025-57348,6.5,2026-06-17T09:43:03.100
CVE-2025-57347,0.005020000,0.406550000,0.8557870370370371,2026-08-15,2026-08-15,CVE-2025-57347,9.8,2026-06-17T09:43:02.943
CVE-2025-57330,0.003650000,0.296760000,0.7122685185185185,2026-08-15,2026-08-15,CVE-2025-57330,7.5,2026-06-17T09:43:02.783
CVE-2025-57329,0.003650000,0.296770000,0.7122685185185185,2026-08-15,2026-08-15,CVE-2025-57329,7.5,2026-06-17T09:43:02.627
CVE-2025-57328,0.003650000,0.296760000,0.7122685185185185,2026-08-15,2026-08-15,CVE-2025-57328,7.5,2026-06-17T09:43:02.470
CVE-2025-57327,0.003650000,0.296770000,0.7122685185185185,2026-08-15,2026-08-15,CVE-2025-57327,7.5,2026-06-17T09:43:02.313
CVE-2025-57326,0.003860000,0.318380000,0.7439814814814815,2026-08-15,2026-08-15,CVE-2025-57326,7.5,2026-06-17T09:43:02.147
CVE-2025-57325,0.003650000,0.296760000,0.7122685185185185,2026-08-15,2026-08-15,CVE-2025-57325,7.5,2026-06-17T09:43:01.990
CVE-2025-57323,0.003860000,0.318370000,0.7439814814814815,2026-08-15,2026-08-15,CVE-2025-57323,7.5,2026-06-17T09:43:01.680
CVE-2025-57321,0.004040000,0.336230000,0.7694444444444445,2026-08-15,2026-08-15,CVE-2025-57321,9.8,2026-06-17T09:43:01.447
CVE-2025-56819,0.029830000,0.861310000,0.9715277777777778,2026-08-15,2026-08-15,CVE-2025-56819,9.8,2026-06-17T09:42:48.183
CVE-2025-56816,0.012610000,0.670960000,0.9537037037037037,2026-08-15,2026-08-15,CVE-2025-56816,8.8,2026-06-17T09:42:48.027
CVE-2025-56815,0.005820000,0.450180000,0.8835648148148149,2026-08-15,2026-08-15,CVE-2025-56815,7.1,2026-06-17T09:42:47.863
CVE-2025-56241,0.062910000,0.929820000,0.9837962962962963,2026-08-15,2026-08-15,CVE-2025-56241,7.5,2026-06-17T09:42:28.327
CVE-2025-55322,0.003430000,0.273660000,0.6756944444444445,2026-08-15,2026-08-15,CVE-2025-55322,7.3,2026-06-17T09:41:39.520
CVE-2025-55178,0.004700000,0.386340000,0.8363425925925926,2026-08-15,2026-08-15,CVE-2025-55178,5.3,2026-06-17T09:41:24.550
CVE-2025-52907,0.008680000,0.557180000,0.9331018518518519,2026-08-15,2026-08-15,CVE-2025-52907,8.8,2026-06-17T09:37:15.370
CVE-2025-52906,0.131640000,0.960280000,0.9923611111111111,2026-08-15,2026-08-15,CVE-2025-52906,9.8,2026-06-17T09:37:15.257
CVE-2025-48869,0.004070000,0.339290000,0.7708333333333334,2026-08-15,2026-08-15,CVE-2025-48869,7.5,2026-06-17T09:30:24.767
CVE-2025-48868,0.023270000,0.820460000,0.96875,2026-08-15,2026-08-15,CVE-2025-48868,7.2,2026-06-17T09:30:24.657
CVE-2025-48867,0.002230000,0.132430000,0.4363425925925926,2026-08-15,2026-08-15,CVE-2025-48867,4.8,2026-06-17T09:30:24.550
CVE-2025-47329,0.000810000,0.002290000,0.009259259259259259,2026-08-15,2026-08-15,CVE-2025-47329,7.8,2026-06-17T09:27:44.907
CVE-2025-47328,0.002080000,0.111690000,0.38958333333333334,2026-08-15,2026-08-15,CVE-2025-47328,7.5,2026-06-17T09:27:44.730
CVE-2025-47327,0.000810000,0.002280000,0.009259259259259259,2026-08-15,2026-08-15,CVE-2025-47327,7.8,2026-06-17T09:27:44.573
CVE-2025-47326,0.002200000,0.127550000,0.425,2026-08-15,2026-08-15,CVE-2025-47326,7.5,2026-06-17T09:27:44.340
CVE-2025-47318,0.001930000,0.092920000,0.33912037037037035,2026-08-15,2026-08-15,CVE-2025-47318,7.5,2026-06-17T09:27:42.000
CVE-2025-47317,0.000820000,0.002620000,0.013425925925925926,2026-08-15,2026-08-15,CVE-2025-47317,7.8,2026-06-17T09:27:41.827
CVE-2025-47316,0.000810000,0.002300000,0.009259259259259259,2026-08-15,2026-08-15,CVE-2025-47316,7.8,2026-06-17T09:27:41.690
CVE-2025-47315,0.000810000,0.002260000,0.009259259259259259,2026-08-15,2026-08-15,CVE-2025-47315,7.8,2026-06-17T09:27:41.557
CVE-2025-47314,0.000810000,0.002250000,0.009259259259259259,2026-08-15,2026-08-15,CVE-2025-47314,7.8,2026-06-17T09:27:41.427
CVE-2025-27077,0.000810000,0.002250000,0.009259259259259259,2026-08-15,2026-08-15,CVE-2025-27077,7.8,2026-06-17T09:02:59.330
CVE-2025-27037,0.000810000,0.002280000,0.009259259259259259,2026-08-15,2026-08-15,CVE-2025-27037,7.8,2026-06-17T09:02:48.693
CVE-2025-27036,0.000780000,0.001640000,0.004166666666666667,2026-08-15,2026-08-15,CVE-2025-27036,6.1,2026-06-17T09:02:48.553
CVE-2025-27034,0.003980000,0.330450000,0.762962962962963,2026-08-15,2026-08-15,CVE-2025-27034,9.8,2026-06-17T09:02:48.320
CVE-2025-27033,0.000780000,0.001630000,0.004166666666666667,2026-08-15,2026-08-15,CVE-2025-27033,6.1,2026-06-17T09:02:48.180
CVE-2025-27032,0.000720000,0.000640000,0.0011574074074074073,2026-08-15,2026-08-15,CVE-2025-27032,7.8,2026-06-17T09:02:47.847
CVE-2025-27030,0.000780000,0.001630000,0.004166666666666667,2026-08-15,2026-08-15,CVE-2025-27030,6.1,2026-06-17T09:02:47.560
CVE-2025-23354,0.002200000,0.128140000,0.425,2026-08-15,2026-08-15,CVE-2025-23354,7.8,2026-06-17T08:53:44.413
CVE-2025-23353,0.002200000,0.128140000,0.425,2026-08-15,2026-08-15,CVE-2025-23353,7.8,2026-06-17T08:53:43.937
CVE-2025-23349,0.002200000,0.128140000,0.425,2026-08-15,2026-08-15,CVE-2025-23349,7.8,2026-06-17T08:53:42.987
CVE-2025-23348,0.002200000,0.128140000,0.425,2026-08-15,2026-08-15,CVE-2025-23348,7.8,2026-06-17T08:53:42.507
CVE-2025-23346,0.001460000,0.043190000,0.16620370370370371,2026-08-15,2026-08-15,CVE-2025-23346,3.3,2026-06-17T08:53:41.550
CVE-2025-23340,0.001670000,0.063470000,0.26296296296296295,2026-08-15,2026-08-15,CVE-2025-23340,3.3,2026-06-17T08:53:39.103
CVE-2025-23339,0.003060000,0.232380000,0.6164351851851851,2026-08-15,2026-08-15,CVE-2025-23339,7.8,2026-06-17T08:53:38.607
CVE-2025-23338,0.001710000,0.067980000,0.27685185185185185,2026-08-15,2026-08-15,CVE-2025-23338,5.5,2026-06-17T08:53:38.120
CVE-2025-23308,0.002070000,0.110390000,0.3861111111111111,2026-08-15,2026-08-15,CVE-2025-23308,7.8,2026-06-17T08:53:23.357
CVE-2025-23275,0.001270000,0.027660000,0.07546296296296297,2026-08-15,2026-08-15,CVE-2025-23275,7.1,2026-06-17T08:53:07.440
CVE-2025-23274,0.001220000,0.023100000,0.06805555555555555,2026-08-15,2026-08-15,CVE-2025-23274,4.5,2026-06-17T08:53:06.963
CVE-2025-23273,0.001200000,0.021620000,0.06481481481481481,2026-08-15,2026-08-15,CVE-2025-23273,4.7,2026-06-17T08:53:06.370
CVE-2025-23272,0.001410000,0.039560000,0.13541666666666666,2026-08-15,2026-08-15,CVE-2025-23272,5.7,2026-06-17T08:53:05.900
CVE-2025-23271,0.001670000,0.063470000,0.26296296296296295,2026-08-15,2026-08-15,CVE-2025-23271,3.3,2026-06-17T08:53:05.413
CVE-2025-23255,0.001460000,0.043190000,0.16620370370370371,2026-08-15,2026-08-15,CVE-2025-23255,3.3,2026-06-17T08:52:57.733
CVE-2025-23248,0.001460000,0.043190000,0.16620370370370371,2026-08-15,2026-08-15,CVE-2025-23248,3.3,2026-06-17T08:52:54.210
CVE-2025-21488,0.002470000,0.162740000,0.5041666666666667,2026-08-15,2026-08-15,CVE-2025-21488,8.2,2026-06-17T08:43:36.360
CVE-2025-21487,0.002420000,0.156270000,0.4928240740740741,2026-08-15,2026-08-15,CVE-2025-21487,8.2,2026-06-17T08:43:35.963
CVE-2025-21484,0.002420000,0.156280000,0.4928240740740741,2026-08-15,2026-08-15,CVE-2025-21484,8.2,2026-06-17T08:43:35.363
CVE-2025-21483,0.003980000,0.330450000,0.762962962962963,2026-08-15,2026-08-15,CVE-2025-21483,9.8,2026-06-17T08:43:34.963
CVE-2025-21482,0.000800000,0.001980000,0.008796296296296297,2026-08-15,2026-08-15,CVE-2025-21482,7.1,2026-06-17T08:43:34.480
CVE-2025-21481,0.000680000,0.000360000,0.000462962962962963,2026-08-15,2026-08-15,CVE-2025-21481,7.8,2026-06-17T08:43:34.057
CVE-2025-21476,0.000810000,0.002280000,0.009259259259259259,2026-08-15,2026-08-15,CVE-2025-21476,7.8,2026-06-17T08:43:33.307
CVE-2025-20365,0.001540000,0.050740000,0.2196759259259259,2026-08-15,2026-08-15,CVE-2025-20365,4.3,2026-06-17T08:41:37.197
CVE-2025-20364,0.001120000,0.015650000,0.05,2026-08-15,2026-08-15,CVE-2025-20364,4.3,2026-06-17T08:41:37.033
CVE-2025-20352,0.387540000,0.984570000,0.9976851851851852,2026-08-15,2026-08-15,CVE-2025-20352,7.7,2026-06-17T08:41:33.667
CVE-2025-20339,0.002940000,0.219770000,0.5967592592592592,2026-08-15,2026-08-15,CVE-2025-20339,5.8,2026-06-17T08:41:29.933
CVE-2025-20338,0.001500000,0.047200000,0.20069444444444445,2026-08-15,2026-08-15,CVE-2025-20338,6.7,2026-06-17T08:41:29.647
CVE-2025-20334,0.004680000,0.385310000,0.8354166666666667,2026-08-15,2026-08-15,CVE-2025-20334,8.8,2026-06-17T08:41:29.077
CVE-2025-20327,0.003540000,0.285020000,0.6972222222222222,2026-08-15,2026-08-15,CVE-2025-20327,7.7,2026-06-17T08:41:28.183
CVE-2025-20316,0.002940000,0.219770000,0.5967592592592592,2026-08-15,2026-08-15,CVE-2025-20316,5.3,2026-06-17T08:41:26.830
CVE-2025-20315,0.004140000,0.344990000,0.7773148148148148,2026-08-15,2026-08-15,CVE-2025-20315,8.6,2026-06-17T08:41:26.593
CVE-2025-20314,0.001460000,0.043600000,0.16620370370370371,2026-08-15,2026-08-15,CVE-2025-20314,6.7,2026-06-17T08:41:26.447
CVE-2025-20313,0.001800000,0.077720000,0.3,2026-08-15,2026-08-15,CVE-2025-20313,6.7,2026-06-17T08:41:26.307
CVE-2025-20312,0.003540000,0.285010000,0.6972222222222222,2026-08-15,2026-08-15,CVE-2025-20312,7.7,2026-06-17T08:41:26.160
CVE-2025-20311,0.001880000,0.086900000,0.3199074074074074,2026-08-15,2026-08-15,CVE-2025-20311,7.4,2026-06-17T08:41:26.023
CVE-2025-20293,0.001850000,0.083680000,0.31203703703703706,2026-08-15,2026-08-15,CVE-2025-20293,5.3,2026-06-17T08:41:22.227
CVE-2025-20240,0.002720000,0.196500000,0.5525462962962963,2026-08-15,2026-08-15,CVE-2025-20240,6.1,2026-06-17T08:41:10.190
CVE-2025-20160,0.004350000,0.362440000,0.8009259259259259,2026-08-15,2026-08-15,CVE-2025-20160,8.1,2026-06-17T08:40:49.253
CVE-2025-20149,0.001130000,0.016230000,0.05138888888888889,2026-08-15,2026-08-15,CVE-2025-20149,6.5,2026-06-17T08:40:47.290
CVE-2025-10909,0.002880000,0.213050000,0.5856481481481481,2026-08-15,2026-08-15,CVE-2025-10909,2.4,2026-06-17T08:29:15.450
CVE-2025-10892,0.002660000,0.186530000,0.54375,2026-08-15,2026-08-15,CVE-2025-10892,8.8,2026-06-17T08:29:13.610
CVE-2025-10891,0.066080000,0.932590000,0.9849537037037037,2026-08-15,2026-08-15,CVE-2025-10891,8.8,2026-06-17T08:29:13.457
CVE-2025-10890,0.002930000,0.218260000,0.5944444444444444,2026-08-15,2026-08-15,CVE-2025-10890,9.1,2026-06-17T08:29:13.307
CVE-2025-10585,0.054300000,0.920220000,0.9819444444444444,2026-08-15,2026-08-15,CVE-2025-10585,9.8,2026-07-14T15:21:36.793
CVE-2025-10502,0.002610000,0.179730000,0.5365740740740741,2026-08-15,2026-08-15,CVE-2025-10502,8.8,2026-06-17T08:28:26.897
CVE-2025-10501,0.002700000,0.193060000,0.5497685185185185,2026-08-15,2026-08-15,CVE-2025-10501,8.8,2026-06-17T08:28:26.750
CVE-2025-10500,0.002560000,0.173790000,0.5229166666666667,2026-08-15,2026-08-15,CVE-2025-10500,8.8,2026-06-17T08:28:26.607
CVE-2025-10360,0.001770000,0.074700000,0.29189814814814813,2026-08-15,2026-08-15,CVE-2025-10360,,2026-06-17T08:28:10.427
CVE-2025-60249,0.001850000,0.083960000,0.31203703703703706,2026-08-15,2026-08-15,CVE-2025-60249,6.4,2026-06-17T09:49:36.673
CVE-2025-60019,0.003280000,0.256970000,0.6518518518518519,2026-08-15,2026-08-15,CVE-2025-60019,3.7,2026-06-30T09:16:22.763
CVE-2025-60018,0.002860000,0.211340000,0.580324074074074,2026-08-15,2026-08-15,CVE-2025-60018,4.8,2026-06-30T09:16:21.793
CVE-2025-59841,0.003940000,0.326560000,0.7557870370370371,2026-08-15,2026-08-15,CVE-2025-59841,9.8,2026-06-17T09:46:48.357
CVE-2025-59839,0.002820000,0.207560000,0.5717592592592593,2026-08-15,2026-08-15,CVE-2025-59839,5.4,2026-06-17T09:46:48.137
CVE-2025-59838,0.002160000,0.122870000,0.4125,2026-08-15,2026-08-15,CVE-2025-59838,5.4,2026-06-17T09:46:47.967
CVE-2025-59834,0.022700000,0.815590000,0.9673611111111111,2026-08-15,2026-08-15,CVE-2025-59834,9.8,2026-06-17T09:46:47.450
CVE-2025-59833,0.003230000,0.251500000,0.6444444444444445,2026-08-15,2026-08-15,CVE-2025-59833,7.5,2026-06-17T09:46:47.340
CVE-2025-59832,0.003860000,0.317860000,0.7439814814814815,2026-08-15,2026-08-15,CVE-2025-59832,9.9,2026-06-17T09:46:47.233
CVE-2025-59831,0.022800000,0.816490000,0.9678240740740741,2026-08-15,2026-08-15,CVE-2025-59831,8.8,2026-06-17T09:46:47.120
CVE-2025-59830,0.005350000,0.426350000,0.8689814814814815,2026-08-15,2026-08-15,CVE-2025-59830,7.5,2026-06-17T09:46:47.010
CVE-2025-59828,0.003410000,0.271660000,0.6719907407407407,2026-08-15,2026-08-15,CVE-2025-59828,9.8,2026-06-17T09:46:46.780
CVE-2025-59827,0.003420000,0.272720000,0.6733796296296296,2026-08-15,2026-08-15,CVE-2025-59827,9.8,2026-06-17T09:46:46.670
CVE-2025-59823,0.004770000,0.391290000,0.8395833333333333,2026-08-15,2026-08-15,CVE-2025-59823,9.9,2026-06-17T09:46:46.233
CVE-2025-59814,0.002580000,0.176490000,0.5273148148148148,2026-08-15,2026-08-15,CVE-2025-59814,8.8,2026-06-17T09:46:45.267
CVE-2025-59426,0.003010000,0.227490000,0.6087962962962963,2026-08-15,2026-08-15,CVE-2025-59426,4.3,2026-06-17T09:46:08.800
CVE-2025-59422,0.002300000,0.140930000,0.4537037037037037,2026-08-15,2026-08-15,CVE-2025-59422,3.1,2026-06-17T09:46:08.460
CVE-2025-57632,0.005450000,0.431270000,0.8715277777777778,2026-08-15,2026-08-15,CVE-2025-57632,7.5,2026-06-17T09:43:15.723
CVE-2025-57623,0.003590000,0.290200000,0.7030092592592593,2026-08-15,2026-08-15,CVE-2025-57623,5.3,2026-06-17T09:43:15.113
CVE-2025-57446,0.003950000,0.326960000,0.7574074074074074,2026-08-15,2026-08-15,CVE-2025-57446,7.5,2026-06-17T09:43:08.957
CVE-2025-57324,0.003260000,0.255250000,0.6497685185185185,2026-08-15,2026-08-15,CVE-2025-57324,6.5,2026-06-17T09:43:01.837
CVE-2025-57320,0.003000000,0.226380000,0.606712962962963,2026-08-15,2026-08-15,CVE-2025-57320,6.5,2026-06-17T09:43:01.233
CVE-2025-57319,0.004030000,0.334970000,0.7685185185185185,2026-08-15,2026-08-15,CVE-2025-57319,7.5,2026-06-17T09:43:01.083
CVE-2025-57318,0.003650000,0.296760000,0.7122685185185185,2026-08-15,2026-08-15,CVE-2025-57318,7.5,2026-06-17T09:43:00.920
CVE-2025-57317,0.003310000,0.260090000,0.6583333333333333,2026-08-15,2026-08-15,CVE-2025-57317,7.5,2026-06-17T09:43:00.770
CVE-2025-55560,0.003840000,0.315610000,0.7386574074074074,2026-08-15,2026-08-15,CVE-2025-55560,7.5,2026-06-17T09:41:49.570
CVE-2025-55559,0.002040000,0.106460000,0.3747685185185185,2026-08-15,2026-08-15,CVE-2025-55559,7.5,2026-06-17T09:41:49.290
CVE-2025-55558,0.004240000,0.353700000,0.7949074074074074,2026-08-15,2026-08-15,CVE-2025-55558,7.5,2026-06-17T09:41:49.120
CVE-2025-55557,0.003810000,0.312300000,0.7351851851851852,2026-08-15,2026-08-15,CVE-2025-55557,7.5,2026-06-17T09:41:48.960
CVE-2025-55556,0.001610000,0.058210000,0.24166666666666667,2026-08-15,2026-08-15,CVE-2025-55556,6.5,2026-06-17T09:41:48.807
CVE-2025-55554,0.002940000,0.219240000,0.5967592592592592,2026-08-15,2026-08-15,CVE-2025-55554,5.3,2026-06-17T09:41:48.650
CVE-2025-55553,0.003810000,0.312300000,0.7351851851851852,2026-08-15,2026-08-15,CVE-2025-55553,7.5,2026-06-17T09:41:48.500
CVE-2025-55552,0.003900000,0.321820000,0.7534722222222222,2026-08-15,2026-08-15,CVE-2025-55552,7.5,2026-06-17T09:41:48.340
CVE-2025-55551,0.003940000,0.326440000,0.7557870370370371,2026-08-15,2026-08-15,CVE-2025-55551,7.5,2026-06-17T09:41:48.180
CVE-2025-5494,0.002500000,0.166980000,0.5113425925925926,2026-08-15,2026-08-15,CVE-2025-5494,7.8,2026-06-17T09:48:01.680
CVE-2025-54520,0.001830000,0.081800000,0.3076388888888889,2026-08-15,2026-08-15,CVE-2025-54520,,2026-06-17T09:40:14.417
CVE-2025-48707,0.003230000,0.251870000,0.6444444444444445,2026-08-15,2026-08-15,CVE-2025-48707,7.5,2026-06-17T09:30:12.690
CVE-2025-46153,0.003910000,0.322420000,0.7537037037037037,2026-08-15,2026-08-15,CVE-2025-46153,5.3,2026-06-17T09:25:58.960
CVE-2025-46152,0.004230000,0.352840000,0.794212962962963,2026-08-15,2026-08-15,CVE-2025-46152,5.3,2026-06-17T09:25:58.800
CVE-2025-46150,0.003600000,0.290840000,0.7046296296296296,2026-08-15,2026-08-15,CVE-2025-46150,5.3,2026-06-17T09:25:58.640
CVE-2025-46149,0.003380000,0.268100000,0.6689814814814815,2026-08-15,2026-08-15,CVE-2025-46149,5.3,2026-06-17T09:25:58.480
CVE-2025-46148,0.003770000,0.308640000,0.7291666666666666,2026-08-15,2026-08-15,CVE-2025-46148,5.3,2026-06-17T09:25:58.323
CVE-2025-43993,0.001540000,0.050740000,0.2196759259259259,2026-08-15,2026-08-15,CVE-2025-43993,7.8,2026-06-17T09:24:53.320
CVE-2025-43943,0.004760000,0.390750000,0.8388888888888889,2026-08-15,2026-08-15,CVE-2025-43943,6.7,2026-06-17T09:24:47.440
CVE-2025-43816,0.003150000,0.242410000,0.6324074074074074,2026-08-15,2026-08-15,CVE-2025-43816,7.5,2026-06-17T09:24:34.870
CVE-2025-40838,0.003530000,0.283740000,0.6949074074074074,2026-08-15,2026-08-15,CVE-2025-40838,7.5,2026-06-17T09:22:12.480
CVE-2025-40837,0.002760000,0.199900000,0.5590277777777778,2026-08-15,2026-08-15,CVE-2025-40837,8.8,2026-06-17T09:22:12.363
CVE-2025-40836,0.004180000,0.348280000,0.7854166666666667,2026-08-15,2026-08-15,CVE-2025-40836,9.8,2026-06-17T09:22:12.250
CVE-2025-40698,0.002420000,0.156010000,0.4928240740740741,2026-08-15,2026-08-15,CVE-2025-40698,,2026-06-17T09:21:58.883
CVE-2025-36857,0.001180000,0.020130000,0.056712962962962965,2026-08-15,2026-08-15,CVE-2025-36857,3.3,2026-06-17T09:14:56.027
CVE-2025-36601,0.003780000,0.309720000,0.7293981481481482,2026-08-15,2026-08-15,CVE-2025-36601,7.5,2026-06-17T09:14:51.003
CVE-2025-34227,0.242510000,0.976630000,0.9967592592592592,2026-08-15,2026-08-15,CVE-2025-34227,8.8,2026-06-17T09:13:41.760
CVE-2025-33116,0.001620000,0.059070000,0.24421296296296297,2026-08-15,2026-08-15,CVE-2025-33116,5.4,2026-06-17T09:13:08.997
CVE-2025-29157,0.004950000,0.402710000,0.8525462962962963,2026-08-15,2026-08-15,CVE-2025-29157,6.5,2026-06-17T09:05:10.087
CVE-2025-29156,0.003500000,0.280520000,0.6872685185185186,2026-08-15,2026-08-15,CVE-2025-29156,6.1,2026-06-17T09:05:09.937
CVE-2025-29155,0.004020000,0.334110000,0.7673611111111112,2026-08-15,2026-08-15,CVE-2025-29155,6.5,2026-06-17T09:05:09.787
CVE-2025-27262,0.007620000,0.523200000,0.9222222222222223,2026-08-15,2026-08-15,CVE-2025-27262,7.8,2026-06-17T09:03:18.023
CVE-2025-27261,0.002980000,0.224400000,0.6037037037037037,2026-08-15,2026-08-15,CVE-2025-27261,9.8,2026-06-17T09:03:17.913
CVE-2025-26333,0.003060000,0.232220000,0.6164351851851851,2026-08-15,2026-08-15,CVE-2025-26333,7.5,2026-06-17T09:01:35.797
CVE-2025-26278,0.003650000,0.296770000,0.7122685185185185,2026-08-15,2026-08-15,CVE-2025-26278,7.5,2026-06-17T09:01:33.260
CVE-2025-21056,0.001740000,0.071430000,0.28055555555555556,2026-08-15,2026-08-15,CVE-2025-21056,6.6,2026-06-17T08:42:31.630
CVE-2025-20363,0.075200000,0.939650000,0.9872685185185185,2026-08-15,2026-08-15,CVE-2025-20363,9.0,2026-08-11T19:33:44.513
CVE-2025-20362,0.869380000,0.997300000,0.9986111111111111,2026-08-15,2026-08-15,CVE-2025-20362,8.6,2026-08-11T19:33:44.513
CVE-2025-20333,0.403910000,0.985200000,0.9981481481481481,2026-08-15,2026-08-15,CVE-2025-20333,9.9,2026-08-11T19:33:44.513
CVE-2025-10967,0.003020000,0.228130000,0.6101851851851852,2026-08-15,2026-08-15,CVE-2025-10967,7.3,2026-06-17T08:29:22.183
CVE-2025-10965,0.002880000,0.213380000,0.5856481481481481,2026-08-15,2026-08-15,CVE-2025-10965,6.3,2026-06-17T08:29:21.873
CVE-2025-10964,0.068070000,0.934290000,0.9854166666666667,2026-08-15,2026-08-15,CVE-2025-10964,8.8,2026-06-17T08:29:21.733
CVE-2025-10963,0.068070000,0.934290000,0.9854166666666667,2026-08-15,2026-08-15,CVE-2025-10963,8.8,2026-06-17T08:29:21.593
CVE-2025-10962,0.068070000,0.934290000,0.9854166666666667,2026-08-15,2026-08-15,CVE-2025-10962,8.8,2026-06-17T08:29:21.457
CVE-2025-10961,0.081280000,0.943420000,0.9886574074074074,2026-08-15,2026-08-15,CVE-2025-10961,8.0,2026-06-17T08:29:21.323
CVE-2025-10960,0.068070000,0.934280000,0.9854166666666667,2026-08-15,2026-08-15,CVE-2025-10960,8.8,2026-06-17T08:29:21.190
CVE-2025-10959,0.065560000,0.932150000,0.9847222222222223,2026-08-15,2026-08-15,CVE-2025-10959,8.8,2026-06-17T08:29:21.057
CVE-2025-10958,0.068070000,0.934290000,0.9854166666666667,2026-08-15,2026-08-15,CVE-2025-10958,8.8,2026-06-17T08:29:20.920
CVE-2025-10957,0.003000000,0.225720000,0.606712962962963,2026-08-15,2026-08-15,CVE-2025-10957,,2026-06-17T08:29:20.813
CVE-2025-10953,0.044100000,0.904990000,0.9800925925925926,2026-08-15,2026-08-15,CVE-2025-10953,8.8,2026-06-17T08:29:20.443
CVE-2025-10952,0.003400000,0.270370000,0.6706018518518518,2026-08-15,2026-08-15,CVE-2025-10952,5.3,2026-06-17T08:29:20.313
CVE-2025-10951,0.005580000,0.438440000,0.8756944444444444,2026-08-15,2026-08-15,CVE-2025-10951,7.3,2026-06-17T08:29:20.193
CVE-2025-10950,0.002880000,0.213370000,0.5856481481481481,2026-08-15,2026-08-15,CVE-2025-10950,6.3,2026-06-17T08:29:20.067
CVE-2025-10949,0.002460000,0.161620000,0.5025462962962963,2026-08-15,2026-08-15,CVE-2025-10949,2.4,2026-06-17T08:29:19.947
CVE-2025-10948,0.007190000,0.508100000,0.9150462962962963,2026-08-15,2026-08-15,CVE-2025-10948,8.8,2026-06-17T08:29:19.820
CVE-2025-10947,0.003650000,0.296390000,0.7122685185185185,2026-08-15,2026-08-15,CVE-2025-10947,5.3,2026-06-17T08:29:19.690
CVE-2025-10946,0.002330000,0.144200000,0.46828703703703706,2026-08-15,2026-08-15,CVE-2025-10946,3.5,2026-06-17T08:29:19.567
CVE-2025-10945,0.002330000,0.144220000,0.46828703703703706,2026-08-15,2026-08-15,CVE-2025-10945,3.5,2026-06-17T08:29:19.440
CVE-2025-10944,0.002330000,0.144220000,0.46828703703703706,2026-08-15,2026-08-15,CVE-2025-10944,3.5,2026-06-17T08:29:19.320
CVE-2025-10943,0.002330000,0.144210000,0.46828703703703706,2026-08-15,2026-08-15,CVE-2025-10943,3.5,2026-06-17T08:29:19.197
CVE-2025-10942,0.007310000,0.512500000,0.9162037037037037,2026-08-15,2026-08-15,CVE-2025-10942,8.8,2026-06-17T08:29:19.070
CVE-2025-10941,0.001290000,0.030120000,0.08541666666666667,2026-08-15,2026-08-15,CVE-2025-10941,7.8,2026-06-17T08:29:18.943
CVE-2025-10940,0.002430000,0.157350000,0.4949074074074074,2026-08-15,2026-08-15,CVE-2025-10940,4.8,2026-06-17T08:29:18.807
CVE-2025-10911,0.001610000,0.057850000,0.24166666666666667,2026-08-15,2026-08-15,CVE-2025-10911,5.5,2026-08-21T13:16:25.997
CVE-2025-10894,0.005270000,0.422000000,0.8664351851851851,2026-08-15,2026-08-15,CVE-2025-10894,9.6,2026-06-17T08:29:13.757
CVE-2025-10880,0.002960000,0.221830000,0.600925925925926,2026-08-15,2026-08-15,CVE-2025-10880,7.5,2026-06-17T08:29:12.160
CVE-2025-10879,0.002820000,0.207550000,0.5717592592592593,2026-08-15,2026-08-15,CVE-2025-10879,5.3,2026-06-17T08:29:12.040
CVE-2025-10542,0.006700000,0.489830000,0.9048611111111111,2026-08-15,2026-08-15,CVE-2025-10542,9.8,2026-06-17T08:28:29.400
CVE-2025-10541,0.001540000,0.050770000,0.2196759259259259,2026-08-15,2026-08-15,CVE-2025-10541,7.8,2026-06-17T08:28:29.260
CVE-2025-10540,0.001180000,0.019900000,0.056712962962962965,2026-08-15,2026-08-15,CVE-2025-10540,6.5,2026-06-17T08:28:29.120
CVE-2025-10467,0.002540000,0.171780000,0.51875,2026-08-15,2026-08-15,CVE-2025-10467,8.9,2026-06-17T08:28:22.943
CVE-2025-10449,0.004190000,0.349410000,0.7868055555555555,2026-08-15,2026-08-15,CVE-2025-10449,8.6,2026-06-17T08:28:21.233
CVE-2025-10438,0.004180000,0.348250000,0.7854166666666667,2026-08-15,2026-08-15,CVE-2025-10438,8.6,2026-06-17T08:28:19.817
CVE-2024-48014,0.003410000,0.271510000,0.6719907407407407,2026-08-15,2026-08-15,CVE-2024-48014,7.5,2026-06-17T07:58:06.163
CVE-2020-36851,0.010050000,0.600450000,0.9423611111111111,2026-08-15,2026-08-15,CVE-2020-36851,,2026-06-17T03:16:19.813
CVE-2025-9985,0.110700000,0.955370000,0.9914351851851851,2026-08-15,2026-08-15,CVE-2025-9985,5.3,2026-06-17T10:10:12.380
CVE-2025-9984,0.002750000,0.198860000,0.5571759259259259,2026-08-15,2026-08-15,CVE-2025-9984,5.3,2026-06-17T10:10:12.277
CVE-2025-9490,0.002300000,0.140560000,0.4537037037037037,2026-08-15,2026-08-15,CVE-2025-9490,6.4,2026-06-17T10:09:05.953
CVE-2025-9044,0.002390000,0.152010000,0.48564814814814816,2026-08-15,2026-08-15,CVE-2025-9044,6.4,2026-06-17T10:08:12.743
CVE-2025-8906,0.001850000,0.083900000,0.31203703703703706,2026-08-15,2026-08-15,CVE-2025-8906,6.4,2026-06-17T10:07:53.453
CVE-2025-8200,0.002220000,0.130790000,0.4335648148148148,2026-08-15,2026-08-15,CVE-2025-8200,6.4,2026-06-17T10:06:30.393
CVE-2025-60251,0.001820000,0.080600000,0.30416666666666664,2026-08-15,2026-08-15,CVE-2025-60251,5.0,2026-06-17T09:49:36.900
CVE-2025-60250,0.001770000,0.075090000,0.29189814814814813,2026-08-15,2026-08-15,CVE-2025-60250,4.7,2026-06-17T09:49:36.787
CVE-2025-60119,0.002850000,0.210750000,0.5766203703703704,2026-08-15,2026-08-15,CVE-2025-60119,5.3,2026-06-17T09:49:24.093
CVE-2025-60118,0.003000000,0.226390000,0.606712962962963,2026-08-15,2026-08-15,CVE-2025-60118,8.5,2026-06-17T09:49:23.997
CVE-2025-60117,0.001310000,0.030990000,0.08796296296296297,2026-08-15,2026-08-15,CVE-2025-60117,4.3,2026-06-17T09:49:23.897
CVE-2025-60116,0.002780000,0.203360000,0.5657407407407408,2026-08-15,2026-08-15,CVE-2025-60116,8.8,2026-06-17T09:49:23.790
CVE-2025-60115,0.001310000,0.030990000,0.08796296296296297,2026-08-15,2026-08-15,CVE-2025-60115,4.3,2026-06-17T09:49:23.690
CVE-2025-60114,0.002650000,0.184890000,0.5421296296296296,2026-08-15,2026-08-15,CVE-2025-60114,6.6,2026-06-17T09:49:23.597
CVE-2025-60113,0.001310000,0.030980000,0.08796296296296297,2026-08-15,2026-08-15,CVE-2025-60113,4.3,2026-06-17T09:49:23.497
CVE-2025-60112,0.001900000,0.089590000,0.3282407407407407,2026-08-15,2026-08-15,CVE-2025-60112,6.5,2026-06-17T09:49:23.397
CVE-2025-60111,0.001760000,0.074180000,0.2898148148148148,2026-08-15,2026-08-15,CVE-2025-60111,8.8,2026-06-17T09:49:23.297
CVE-2025-60110,0.002430000,0.158300000,0.4949074074074074,2026-08-15,2026-08-15,CVE-2025-60110,8.5,2026-06-17T09:49:23.193
CVE-2025-60109,0.002430000,0.158320000,0.4949074074074074,2026-08-15,2026-08-15,CVE-2025-60109,8.5,2026-06-17T09:49:23.093
CVE-2025-60108,0.002430000,0.158310000,0.4949074074074074,2026-08-15,2026-08-15,CVE-2025-60108,8.5,2026-06-17T09:49:22.997
CVE-2025-60107,0.002430000,0.158310000,0.4949074074074074,2026-08-15,2026-08-15,CVE-2025-60107,8.5,2026-06-17T09:49:22.890
CVE-2025-60106,0.003410000,0.271040000,0.6719907407407407,2026-08-15,2026-08-15,CVE-2025-60106,4.9,2026-06-17T09:49:22.790
CVE-2025-60105,0.001900000,0.089590000,0.3282407407407407,2026-08-15,2026-08-15,CVE-2025-60105,6.5,2026-06-17T09:49:22.690
CVE-2025-60104,0.002040000,0.106370000,0.3747685185185185,2026-08-15,2026-08-15,CVE-2025-60104,5.9,2026-06-17T09:49:22.590
CVE-2025-60103,0.002480000,0.164750000,0.506712962962963,2026-08-15,2026-08-15,CVE-2025-60103,5.4,2026-06-17T09:49:22.490
CVE-2025-60102,0.001960000,0.096020000,0.34652777777777777,2026-08-15,2026-08-15,CVE-2025-60102,6.5,2026-06-17T09:49:22.390
CVE-2025-60101,0.002100000,0.114750000,0.39490740740740743,2026-08-15,2026-08-15,CVE-2025-60101,5.9,2026-06-17T09:49:22.283
CVE-2025-60100,0.002730000,0.196670000,0.5537037037037037,2026-08-15,2026-08-15,CVE-2025-60100,5.3,2026-06-17T09:49:21.780
CVE-2025-60099,0.001900000,0.089620000,0.3282407407407407,2026-08-15,2026-08-15,CVE-2025-60099,6.5,2026-06-17T09:49:21.680
CVE-2025-60098,0.002870000,0.212740000,0.5828703703703704,2026-08-15,2026-08-15,CVE-2025-60098,6.5,2026-06-17T09:49:20.650
CVE-2025-60097,0.002480000,0.164740000,0.506712962962963,2026-08-15,2026-08-15,CVE-2025-60097,5.4,2026-06-17T09:49:20.477
CVE-2025-60096,0.002480000,0.164740000,0.506712962962963,2026-08-15,2026-08-15,CVE-2025-60096,5.4,2026-06-17T09:49:20.363
CVE-2025-60095,0.002550000,0.172510000,0.5210648148148148,2026-08-15,2026-08-15,CVE-2025-60095,4.3,2026-06-17T09:49:20.267
CVE-2025-60094,0.002200000,0.127810000,0.425,2026-08-15,2026-08-15,CVE-2025-60094,4.3,2026-06-17T09:49:20.170
CVE-2025-60093,0.001310000,0.030970000,0.08796296296296297,2026-08-15,2026-08-15,CVE-2025-60093,4.3,2026-06-17T09:49:20.073
CVE-2025-60092,0.002850000,0.210740000,0.5766203703703704,2026-08-15,2026-08-15,CVE-2025-60092,5.3,2026-06-17T09:49:19.970
CVE-2025-60040,0.001960000,0.096070000,0.34652777777777777,2026-08-15,2026-08-15,CVE-2025-60040,6.5,2026-06-17T09:49:14.827
CVE-2025-60017,0.010960000,0.627770000,0.9462962962962963,2026-08-15,2026-08-15,CVE-2025-60017,8.2,2026-06-17T09:49:13.243
CVE-2025-59817,0.002310000,0.141520000,0.4583333333333333,2026-08-15,2026-08-15,CVE-2025-59817,8.4,2026-06-17T09:46:45.567
CVE-2025-59816,0.002260000,0.135250000,0.4476851851851852,2026-08-15,2026-08-15,CVE-2025-59816,7.3,2026-06-17T09:46:45.463
CVE-2025-59815,0.002510000,0.167870000,0.5148148148148148,2026-08-15,2026-08-15,CVE-2025-59815,8.4,2026-06-17T09:46:45.367
CVE-2025-59408,0.002340000,0.146000000,0.4710648148148148,2026-08-15,2026-08-15,CVE-2025-59408,7.3,2026-06-17T09:46:06.500
CVE-2025-59404,0.004020000,0.333740000,0.7673611111111112,2026-08-15,2026-08-15,CVE-2025-59404,7.5,2026-06-17T09:46:05.877
CVE-2025-59402,0.002170000,0.123780000,0.4152777777777778,2026-08-15,2026-08-15,CVE-2025-59402,5.4,2026-06-17T09:46:05.557
CVE-2025-59012,0.002190000,0.126910000,0.4219907407407407,2026-08-15,2026-08-15,CVE-2025-59012,7.1,2026-06-17T09:45:25.900
CVE-2025-59011,0.003560000,0.287250000,0.6993055555555555,2026-08-15,2026-08-15,CVE-2025-59011,7.5,2026-06-17T09:45:25.797
CVE-2025-59010,0.003590000,0.290740000,0.7030092592592593,2026-08-15,2026-08-15,CVE-2025-59010,7.5,2026-06-17T09:45:25.657
CVE-2025-59002,0.003890000,0.320650000,0.7527777777777778,2026-08-15,2026-08-15,CVE-2025-59002,7.7,2026-06-17T09:45:24.757
CVE-2025-58919,0.002470000,0.162810000,0.5041666666666667,2026-08-15,2026-08-15,CVE-2025-58919,5.3,2026-06-17T09:45:16.860
CVE-2025-58917,0.001900000,0.089600000,0.3282407407407407,2026-08-15,2026-08-15,CVE-2025-58917,6.5,2026-06-17T09:45:16.657
CVE-2025-58914,0.001310000,0.031000000,0.08796296296296297,2026-08-15,2026-08-15,CVE-2025-58914,4.3,2026-06-17T09:45:16.350
CVE-2025-56769,0.003150000,0.242640000,0.6324074074074074,2026-08-15,2026-08-15,CVE-2025-56769,6.5,2026-06-17T09:42:46.467
CVE-2025-54831,0.009100000,0.569930000,0.937962962962963,2026-08-15,2026-08-15,CVE-2025-54831,6.5,2026-06-17T09:40:46.720
CVE-2025-4957,0.002240000,0.133080000,0.4398148148148148,2026-08-15,2026-08-15,CVE-2025-4957,7.1,2026-06-17T09:34:23.710
CVE-2025-48326,0.002520000,0.169180000,0.5162037037037037,2026-08-15,2026-08-15,CVE-2025-48326,6.5,2026-06-17T09:29:28.067
CVE-2025-48107,0.002330000,0.144650000,0.46828703703703706,2026-08-15,2026-08-15,CVE-2025-48107,7.1,2026-06-17T09:29:10.060
CVE-2025-35027,0.022790000,0.816380000,0.9675925925925926,2026-08-15,2026-08-15,CVE-2025-35027,7.3,2026-06-17T09:14:13.713
CVE-2025-27006,0.002020000,0.104310000,0.3678240740740741,2026-08-15,2026-08-15,CVE-2025-27006,6.5,2026-06-17T09:02:44.950
CVE-2025-26482,0.002860000,0.210950000,0.580324074074074,2026-08-15,2026-08-15,CVE-2025-26482,4.9,2026-06-17T09:01:52.730
CVE-2025-1862,0.005020000,0.406970000,0.8557870370370371,2026-08-15,2026-08-15,CVE-2025-1862,7.2,2026-06-17T08:39:55.357
CVE-2025-1396,0.002340000,0.145480000,0.4710648148148148,2026-08-15,2026-08-15,CVE-2025-1396,5.3,2026-06-17T08:39:03.753
CVE-2025-11021,0.005940000,0.455570000,0.8854166666666666,2026-08-15,2026-08-15,CVE-2025-11021,7.5,2026-06-29T21:16:31.343
CVE-2025-11005,0.013310000,0.686540000,0.9555555555555556,2026-08-15,2026-08-15,CVE-2025-11005,9.8,2026-06-17T08:29:26.390
CVE-2025-11000,0.002210000,0.129830000,0.4305555555555556,2026-08-15,2026-08-15,CVE-2025-11000,5.5,2026-06-17T08:29:25.820
CVE-2025-10999,0.002270000,0.137180000,0.449537037037037,2026-08-15,2026-08-15,CVE-2025-10999,5.5,2026-06-17T08:29:25.687
CVE-2025-10998,0.001900000,0.088880000,0.3282407407407407,2026-08-15,2026-08-15,CVE-2025-10998,5.5,2026-06-17T08:29:25.557
CVE-2025-10997,0.002580000,0.176290000,0.5273148148148148,2026-08-15,2026-08-15,CVE-2025-10997,7.8,2026-06-17T08:29:25.420
CVE-2025-10996,0.002580000,0.176290000,0.5273148148148148,2026-08-15,2026-08-15,CVE-2025-10996,7.8,2026-06-17T08:29:25.290
CVE-2025-10995,0.002320000,0.143670000,0.4664351851851852,2026-08-15,2026-08-15,CVE-2025-10995,7.8,2026-06-17T08:29:25.157
CVE-2025-10994,0.002260000,0.135490000,0.4476851851851852,2026-08-15,2026-08-15,CVE-2025-10994,7.8,2026-06-17T08:29:25.023
CVE-2025-10993,0.003640000,0.295280000,0.7097222222222223,2026-08-15,2026-08-15,CVE-2025-10993,7.2,2026-06-17T08:29:24.887
CVE-2025-10992,0.003400000,0.270370000,0.6706018518518518,2026-08-15,2026-08-15,CVE-2025-10992,5.3,2026-06-17T08:29:24.767
CVE-2025-10989,0.003650000,0.296550000,0.7122685185185185,2026-08-15,2026-08-15,CVE-2025-10989,8.8,2026-06-17T08:29:24.383
CVE-2025-10988,0.002960000,0.222420000,0.600925925925926,2026-08-15,2026-08-15,CVE-2025-10988,8.8,2026-06-17T08:29:24.253
CVE-2025-10987,0.002960000,0.222410000,0.600925925925926,2026-08-15,2026-08-15,CVE-2025-10987,8.8,2026-06-17T08:29:24.127
CVE-2025-10981,0.003680000,0.299330000,0.71875,2026-08-15,2026-08-15,CVE-2025-10981,6.5,2026-06-17T08:29:23.787
CVE-2025-10980,0.003810000,0.313090000,0.7351851851851852,2026-08-15,2026-08-15,CVE-2025-10980,6.5,2026-06-17T08:29:23.653
CVE-2025-10979,0.003680000,0.299330000,0.71875,2026-08-15,2026-08-15,CVE-2025-10979,6.5,2026-06-17T08:29:23.517
CVE-2025-10978,0.003680000,0.299330000,0.71875,2026-08-15,2026-08-15,CVE-2025-10978,6.5,2026-06-17T08:29:23.383
CVE-2025-10977,0.003580000,0.289520000,0.7018518518518518,2026-08-15,2026-08-15,CVE-2025-10977,5.3,2026-06-17T08:29:23.250
CVE-2025-10976,0.003450000,0.275990000,0.6787037037037037,2026-08-15,2026-08-15,CVE-2025-10976,5.3,2026-06-17T08:29:23.120
CVE-2025-10975,0.002880000,0.213380000,0.5856481481481481,2026-08-15,2026-08-15,CVE-2025-10975,6.3,2026-06-17T08:29:22.987
CVE-2025-10974,0.002880000,0.213390000,0.5856481481481481,2026-08-15,2026-08-15,CVE-2025-10974,6.3,2026-06-17T08:29:22.857
CVE-2025-10973,0.003020000,0.228120000,0.6101851851851852,2026-08-15,2026-08-15,CVE-2025-10973,7.3,2026-06-17T08:29:22.733
CVE-2025-10871,0.003520000,0.282970000,0.6935185185185185,2026-08-15,2026-08-15,CVE-2025-10871,7.2,2026-06-17T08:29:11.270
CVE-2025-10867,0.003050000,0.231730000,0.6143518518518518,2026-08-15,2026-08-15,CVE-2025-10867,6.5,2026-06-17T08:29:10.813
CVE-2025-10858,0.005590000,0.438730000,0.8761574074074074,2026-08-15,2026-08-15,CVE-2025-10858,7.5,2026-06-17T08:29:10.190
CVE-2025-10752,0.001550000,0.052130000,0.22268518518518518,2026-08-15,2026-08-15,CVE-2025-10752,4.3,2026-06-17T08:28:54.807
CVE-2025-10747,0.006200000,0.468010000,0.8925925925925926,2026-08-15,2026-08-15,CVE-2025-10747,7.2,2026-06-17T08:28:54.297
CVE-2025-10745,0.003430000,0.273100000,0.6756944444444445,2026-08-15,2026-08-15,CVE-2025-10745,5.3,2026-06-17T08:28:54.100
CVE-2025-10490,0.001820000,0.080670000,0.30416666666666664,2026-08-15,2026-08-15,CVE-2025-10490,4.4,2026-06-17T08:28:25.377
CVE-2025-10377,0.001840000,0.082540000,0.30949074074074073,2026-08-15,2026-08-15,CVE-2025-10377,4.3,2026-06-17T08:28:12.337
CVE-2025-10307,0.006210000,0.468520000,0.892824074074074,2026-08-15,2026-08-15,CVE-2025-10307,6.5,2026-06-17T08:28:05.507
CVE-2025-10180,0.002890000,0.214830000,0.5886574074074075,2026-08-15,2026-08-15,CVE-2025-10180,6.4,2026-06-17T08:27:49.903
CVE-2025-10178,0.002230000,0.131810000,0.4363425925925926,2026-08-15,2026-08-15,CVE-2025-10178,6.4,2026-06-17T08:27:49.710
CVE-2025-10173,0.002080000,0.111640000,0.38958333333333334,2026-08-15,2026-08-15,CVE-2025-10173,2.7,2026-06-17T08:27:49.307
CVE-2025-10137,0.002570000,0.175930000,0.524537037037037,2026-08-15,2026-08-15,CVE-2025-10137,5.4,2026-06-17T08:27:46.000
CVE-2025-10136,0.001850000,0.083880000,0.31203703703703706,2026-08-15,2026-08-15,CVE-2025-10136,6.4,2026-06-17T08:27:45.900
CVE-2025-10037,0.003060000,0.232850000,0.6164351851851851,2026-08-15,2026-08-15,CVE-2025-10037,4.9,2026-06-17T08:27:33.970
CVE-2025-10036,0.003060000,0.232860000,0.6164351851851851,2026-08-15,2026-08-15,CVE-2025-10036,4.9,2026-06-17T08:27:33.853
CVE-2025-9958,0.004640000,0.382820000,0.8321759259259259,2026-08-15,2026-08-15,CVE-2025-9958,7.7,2026-06-17T10:10:09.347
CVE-2025-9642,0.005070000,0.410010000,0.8592592592592593,2026-08-15,2026-08-15,CVE-2025-9642,9.6,2026-06-17T10:09:26.043
CVE-2025-9267,0.002360000,0.148760000,0.4773148148148148,2026-08-15,2026-08-15,CVE-2025-9267,,2026-06-17T10:08:39.043
CVE-2025-7691,0.003470000,0.277300000,0.6814814814814815,2026-08-15,2026-08-15,CVE-2025-7691,8.8,2026-06-17T10:05:28.527
CVE-2025-6396,0.001900000,0.089330000,0.3282407407407407,2026-08-15,2026-08-15,CVE-2025-6396,6.1,2026-06-17T10:01:47.973
CVE-2025-60219,0.003640000,0.295790000,0.7097222222222223,2026-08-15,2026-08-15,CVE-2025-60219,10.0,2026-06-17T09:49:34.157
CVE-2025-60186,0.001700000,0.067150000,0.2712962962962963,2026-08-15,2026-08-15,CVE-2025-60186,5.9,2026-06-17T09:49:30.753
CVE-2025-60185,0.001700000,0.067150000,0.2712962962962963,2026-08-15,2026-08-15,CVE-2025-60185,5.9,2026-06-17T09:49:30.653
CVE-2025-60184,0.001700000,0.067150000,0.2712962962962963,2026-08-15,2026-08-15,CVE-2025-60184,5.9,2026-06-17T09:49:30.553
CVE-2025-60181,0.001590000,0.055800000,0.23287037037037037,2026-08-15,2026-08-15,CVE-2025-60181,5.4,2026-06-17T09:49:30.253
CVE-2025-60179,0.001700000,0.067140000,0.2712962962962963,2026-08-15,2026-08-15,CVE-2025-60179,5.9,2026-06-17T09:49:30.053
CVE-2025-60177,0.001700000,0.067150000,0.2712962962962963,2026-08-15,2026-08-15,CVE-2025-60177,5.9,2026-06-17T09:49:29.850
CVE-2025-60173,0.001080000,0.013870000,0.04259259259259259,2026-08-15,2026-08-15,CVE-2025-60173,7.1,2026-06-17T09:49:29.443
CVE-2025-60172,0.001080000,0.013880000,0.04259259259259259,2026-08-15,2026-08-15,CVE-2025-60172,7.1,2026-06-17T09:49:29.340
CVE-2025-60171,0.001080000,0.013870000,0.04259259259259259,2026-08-15,2026-08-15,CVE-2025-60171,7.1,2026-06-17T09:49:29.240
CVE-2025-60170,0.001080000,0.013870000,0.04259259259259259,2026-08-15,2026-08-15,CVE-2025-60170,7.1,2026-06-17T09:49:29.143
CVE-2025-60169,0.001080000,0.013870000,0.04259259259259259,2026-08-15,2026-08-15,CVE-2025-60169,7.1,2026-06-17T09:49:29.047
CVE-2025-60167,0.002090000,0.114050000,0.39143518518518516,2026-08-15,2026-08-15,CVE-2025-60167,4.3,2026-06-17T09:49:28.847
CVE-2025-60166,0.001810000,0.078870000,0.3025462962962963,2026-08-15,2026-08-15,CVE-2025-60166,4.3,2026-06-17T09:49:28.750
CVE-2025-60165,0.002380000,0.150580000,0.4840277777777778,2026-08-15,2026-08-15,CVE-2025-60165,4.3,2026-06-17T09:49:28.650
CVE-2025-60164,0.001350000,0.033940000,0.1037037037037037,2026-08-15,2026-08-15,CVE-2025-60164,7.1,2026-06-17T09:49:28.553
CVE-2025-60163,0.002030000,0.105430000,0.3712962962962963,2026-08-15,2026-08-15,CVE-2025-60163,6.5,2026-06-17T09:49:28.453
CVE-2025-60162,0.002030000,0.105420000,0.3712962962962963,2026-08-15,2026-08-15,CVE-2025-60162,6.5,2026-06-17T09:49:28.357
CVE-2025-60161,0.001970000,0.097860000,0.35648148148148145,2026-08-15,2026-08-15,CVE-2025-60161,5.4,2026-06-17T09:49:28.253
CVE-2025-60160,0.002240000,0.132950000,0.4398148148148148,2026-08-15,2026-08-15,CVE-2025-60160,5.9,2026-06-17T09:49:28.157
CVE-2025-60159,0.002580000,0.176940000,0.5273148148148148,2026-08-15,2026-08-15,CVE-2025-60159,4.3,2026-06-17T09:49:28.047
CVE-2025-60158,0.002240000,0.132940000,0.4398148148148148,2026-08-15,2026-08-15,CVE-2025-60158,5.9,2026-06-17T09:49:27.950
CVE-2025-60157,0.002090000,0.113530000,0.39143518518518516,2026-08-15,2026-08-15,CVE-2025-60157,6.5,2026-06-17T09:49:27.853
CVE-2025-60156,0.001590000,0.055640000,0.23287037037037037,2026-08-15,2026-08-15,CVE-2025-60156,9.6,2026-06-17T09:49:27.753
CVE-2025-60155,0.002540000,0.171950000,0.51875,2026-08-15,2026-08-15,CVE-2025-60155,5.3,2026-06-17T09:49:27.657
CVE-2025-60154,0.002100000,0.114780000,0.39490740740740743,2026-08-15,2026-08-15,CVE-2025-60154,5.9,2026-06-17T09:49:27.560
CVE-2025-60153,0.004450000,0.369810000,0.8185185185185185,2026-08-15,2026-08-15,CVE-2025-60153,7.5,2026-06-17T09:49:27.460
CVE-2025-60152,0.002200000,0.127820000,0.425,2026-08-15,2026-08-15,CVE-2025-60152,4.3,2026-06-17T09:49:27.360
CVE-2025-60150,0.004450000,0.369800000,0.8185185185185185,2026-08-15,2026-08-15,CVE-2025-60150,7.5,2026-06-17T09:49:27.167
CVE-2025-60149,0.002100000,0.114740000,0.39490740740740743,2026-08-15,2026-08-15,CVE-2025-60149,5.9,2026-06-17T09:49:27.063
CVE-2025-60148,0.002200000,0.127830000,0.425,2026-08-15,2026-08-15,CVE-2025-60148,4.3,2026-06-17T09:49:26.963
CVE-2025-60147,0.001900000,0.089630000,0.3282407407407407,2026-08-15,2026-08-15,CVE-2025-60147,6.5,2026-06-17T09:49:26.863
CVE-2025-60146,0.002100000,0.114730000,0.39490740740740743,2026-08-15,2026-08-15,CVE-2025-60146,5.9,2026-06-17T09:49:26.763
CVE-2025-60145,0.001310000,0.031000000,0.08796296296296297,2026-08-15,2026-08-15,CVE-2025-60145,4.3,2026-06-17T09:49:26.667
CVE-2025-60144,0.002140000,0.120620000,0.4081018518518518,2026-08-15,2026-08-15,CVE-2025-60144,5.9,2026-06-17T09:49:26.567
CVE-2025-60143,0.002200000,0.127820000,0.425,2026-08-15,2026-08-15,CVE-2025-60143,4.3,2026-06-17T09:49:26.470
CVE-2025-60142,0.001960000,0.096010000,0.34652777777777777,2026-08-15,2026-08-15,CVE-2025-60142,6.5,2026-06-17T09:49:26.370
CVE-2025-60141,0.002100000,0.114750000,0.39490740740740743,2026-08-15,2026-08-15,CVE-2025-60141,5.9,2026-06-17T09:49:26.277
CVE-2025-60140,0.002850000,0.210750000,0.5766203703703704,2026-08-15,2026-08-15,CVE-2025-60140,5.3,2026-06-17T09:49:26.173
CVE-2025-60139,0.001310000,0.030980000,0.08796296296296297,2026-08-15,2026-08-15,CVE-2025-60139,4.3,2026-06-17T09:49:26.073
CVE-2025-60138,0.001960000,0.096000000,0.34652777777777777,2026-08-15,2026-08-15,CVE-2025-60138,6.5,2026-06-17T09:49:25.977
CVE-2025-60137,0.001310000,0.030980000,0.08796296296296297,2026-08-15,2026-08-15,CVE-2025-60137,4.3,2026-06-17T09:49:25.877
CVE-2025-60136,0.002100000,0.114730000,0.39490740740740743,2026-08-15,2026-08-15,CVE-2025-60136,5.9,2026-06-17T09:49:25.780
CVE-2025-60133,0.002100000,0.114780000,0.39490740740740743,2026-08-15,2026-08-15,CVE-2025-60133,5.9,2026-06-17T09:49:25.480
CVE-2025-60130,0.002540000,0.171970000,0.51875,2026-08-15,2026-08-15,CVE-2025-60130,5.3,2026-06-17T09:49:25.187
CVE-2025-60129,0.002540000,0.171960000,0.51875,2026-08-15,2026-08-15,CVE-2025-60129,5.3,2026-06-17T09:49:25.090
CVE-2025-60128,0.002200000,0.127810000,0.425,2026-08-15,2026-08-15,CVE-2025-60128,4.3,2026-06-17T09:49:24.990
CVE-2025-60127,0.002700000,0.192890000,0.5497685185185185,2026-08-15,2026-08-15,CVE-2025-60127,5.4,2026-06-17T09:49:24.890
CVE-2025-60126,0.004460000,0.370840000,0.819675925925926,2026-08-15,2026-08-15,CVE-2025-60126,8.8,2026-06-17T09:49:24.793
CVE-2025-60125,0.002850000,0.210760000,0.5766203703703704,2026-08-15,2026-08-15,CVE-2025-60125,5.3,2026-06-17T09:49:24.697
CVE-2025-60124,0.001960000,0.096090000,0.34652777777777777,2026-08-15,2026-08-15,CVE-2025-60124,6.5,2026-06-17T09:49:24.593
CVE-2025-60123,0.002200000,0.127810000,0.425,2026-08-15,2026-08-15,CVE-2025-60123,4.3,2026-06-17T09:49:24.493
CVE-2025-60122,0.002200000,0.127800000,0.425,2026-08-15,2026-08-15,CVE-2025-60122,4.3,2026-06-17T09:49:24.393
CVE-2025-60121,0.002540000,0.171960000,0.51875,2026-08-15,2026-08-15,CVE-2025-60121,5.3,2026-06-17T09:49:24.297
CVE-2025-60120,0.002700000,0.193090000,0.5497685185185185,2026-08-15,2026-08-15,CVE-2025-60120,5.3,2026-06-17T09:49:24.190
CVE-2025-59844,0.015070000,0.721950000,0.9594907407407407,2026-08-15,2026-08-15,CVE-2025-59844,,2026-06-17T09:46:48.687
CVE-2025-59843,0.003860000,0.318110000,0.7439814814814815,2026-08-15,2026-08-15,CVE-2025-59843,5.3,2026-06-17T09:46:48.573
CVE-2025-59842,0.002220000,0.130420000,0.4335648148148148,2026-08-15,2026-08-15,CVE-2025-59842,4.3,2026-06-17T09:46:48.460
CVE-2025-59362,0.003620000,0.293700000,0.7081018518518518,2026-08-15,2026-08-15,CVE-2025-59362,4.0,2026-06-17T09:45:58.820
CVE-2025-58385,0.001360000,0.034740000,0.1136574074074074,2026-08-15,2026-08-15,CVE-2025-58385,7.1,2026-06-17T09:44:23.890
CVE-2025-57292,0.002250000,0.134770000,0.4444444444444444,2026-08-15,2026-08-15,CVE-2025-57292,6.1,2026-06-17T09:42:59.843
CVE-2025-56463,0.001850000,0.083470000,0.31203703703703706,2026-08-15,2026-08-15,CVE-2025-56463,6.8,2026-06-17T09:42:37.527
CVE-2025-56383,0.002860000,0.211780000,0.580324074074074,2026-08-15,2026-08-15,CVE-2025-56383,8.4,2026-06-17T09:42:32.840
CVE-2025-55848,0.003800000,0.311440000,0.7342592592592593,2026-08-15,2026-08-15,CVE-2025-55848,8.8,2026-06-17T09:42:13.083
CVE-2025-55847,0.019040000,0.779460000,0.9648148148148148,2026-08-15,2026-08-15,CVE-2025-55847,8.8,2026-06-17T09:42:12.920
CVE-2025-55187,0.004150000,0.345970000,0.7789351851851852,2026-08-15,2026-08-15,CVE-2025-55187,9.9,2026-06-17T09:41:25.310
CVE-2025-5069,0.002280000,0.138020000,0.45046296296296295,2026-08-15,2026-08-15,CVE-2025-5069,6.5,2026-06-17T09:47:08.253
CVE-2025-45994,0.003740000,0.305400000,0.7243055555555555,2026-08-15,2026-08-15,CVE-2025-45994,7.5,2026-06-17T09:25:52.017
CVE-2025-36326,0.002130000,0.118950000,0.4060185185185185,2026-08-15,2026-08-15,CVE-2025-36326,7.5,2026-06-17T09:14:38.943
CVE-2025-36274,0.001930000,0.092490000,0.33912037037037035,2026-08-15,2026-08-15,CVE-2025-36274,7.5,2026-06-17T09:14:38.740
CVE-2025-26258,0.001880000,0.087350000,0.3199074074074074,2026-08-15,2026-08-15,CVE-2025-26258,6.1,2026-06-17T09:01:32.103
CVE-2025-11060,0.002980000,0.224450000,0.6037037037037037,2026-08-15,2026-08-15,CVE-2025-11060,5.7,2026-06-17T08:29:33.263
CVE-2025-11042,0.002930000,0.218270000,0.5944444444444444,2026-08-15,2026-08-15,CVE-2025-11042,7.5,2026-06-17T08:29:31.180
CVE-2025-11034,0.003620000,0.293610000,0.7081018518518518,2026-08-15,2026-08-15,CVE-2025-11034,4.3,2026-06-17T08:29:30.127
CVE-2025-11033,0.004090000,0.340640000,0.7726851851851851,2026-08-15,2026-08-15,CVE-2025-11033,9.8,2026-06-17T08:29:29.993
CVE-2025-11032,0.004090000,0.340640000,0.7726851851851851,2026-08-15,2026-08-15,CVE-2025-11032,9.8,2026-06-17T08:29:29.853
CVE-2025-11031,0.007810000,0.529080000,0.924537037037037,2026-08-15,2026-08-15,CVE-2025-11031,5.3,2026-06-17T08:29:29.703
CVE-2025-11030,0.003590000,0.290720000,0.7030092592592593,2026-08-15,2026-08-15,CVE-2025-11030,7.3,2026-06-17T08:29:29.580
CVE-2025-11029,0.002620000,0.180980000,0.5381944444444444,2026-08-15,2026-08-15,CVE-2025-11029,8.8,2026-06-17T08:29:29.433
CVE-2025-11028,0.005490000,0.433380000,0.8722222222222222,2026-08-15,2026-08-15,CVE-2025-11028,7.5,2026-06-17T08:29:29.300
CVE-2025-11027,0.002570000,0.175810000,0.524537037037037,2026-08-15,2026-08-15,CVE-2025-11027,5.4,2026-06-17T08:29:29.160
CVE-2025-11026,0.003430000,0.273300000,0.6756944444444445,2026-08-15,2026-08-15,CVE-2025-11026,7.5,2026-06-17T08:29:29.023
CVE-2025-11025,0.002690000,0.191860000,0.5481481481481482,2026-08-15,2026-08-15,CVE-2025-11025,5.3,2026-06-17T08:29:28.920
CVE-2025-11019,0.002230000,0.131580000,0.4363425925925926,2026-08-15,2026-08-15,CVE-2025-11019,4.8,2026-06-17T08:29:28.173
CVE-2025-11018,0.008940000,0.564950000,0.9349537037037037,2026-08-15,2026-08-15,CVE-2025-11018,7.5,2026-06-17T08:29:28.040
CVE-2025-11017,0.001860000,0.085120000,0.3145833333333333,2026-08-15,2026-08-15,CVE-2025-11017,5.5,2026-06-17T08:29:27.910
CVE-2025-11016,0.004250000,0.354340000,0.7960648148148148,2026-08-15,2026-08-15,CVE-2025-11016,4.3,2026-06-17T08:29:27.787
CVE-2025-11015,0.001340000,0.033530000,0.09722222222222222,2026-08-15,2026-08-15,CVE-2025-11015,5.3,2026-06-17T08:29:27.667
CVE-2025-11014,0.002220000,0.130960000,0.4335648148148148,2026-08-15,2026-08-15,CVE-2025-11014,7.8,2026-06-17T08:29:27.513
CVE-2025-11013,0.001870000,0.085850000,0.3159722222222222,2026-08-15,2026-08-15,CVE-2025-11013,5.5,2026-06-17T08:29:27.267
CVE-2025-11012,0.002250000,0.134020000,0.4444444444444444,2026-08-15,2026-08-15,CVE-2025-11012,7.8,2026-06-17T08:29:27.073
CVE-2025-11011,0.001890000,0.087550000,0.32222222222222224,2026-08-15,2026-08-15,CVE-2025-11011,5.5,2026-06-17T08:29:26.940
CVE-2025-11010,0.001470000,0.044200000,0.18055555555555555,2026-08-15,2026-08-15,CVE-2025-11010,5.3,2026-06-17T08:29:26.817
CVE-2025-10868,0.002380000,0.150770000,0.4840277777777778,2026-08-15,2026-08-15,CVE-2025-10868,5.3,2026-06-17T08:29:10.927
CVE-2025-10544,0.002870000,0.212620000,0.5828703703703704,2026-08-15,2026-08-15,CVE-2025-10544,,2026-06-17T08:28:29.670
CVE-2025-9944,0.001240000,0.025690000,0.07060185185185185,2026-08-15,2026-08-15,CVE-2025-9944,4.3,2026-06-17T10:10:07.903
CVE-2025-9899,0.001160000,0.018910000,0.05462962962962963,2026-08-15,2026-08-15,CVE-2025-9899,6.1,2026-06-17T10:09:59.117
CVE-2025-9898,0.001240000,0.025710000,0.07060185185185185,2026-08-15,2026-08-15,CVE-2025-9898,4.3,2026-06-17T10:09:59.017
CVE-2025-9896,0.001240000,0.025690000,0.07060185185185185,2026-08-15,2026-08-15,CVE-2025-9896,4.3,2026-06-17T10:09:58.817
CVE-2025-9894,0.001250000,0.026420000,0.07268518518518519,2026-08-15,2026-08-15,CVE-2025-9894,4.3,2026-06-17T10:09:58.610
CVE-2025-9893,0.001240000,0.025700000,0.07060185185185185,2026-08-15,2026-08-15,CVE-2025-9893,4.3,2026-06-17T10:09:58.510
CVE-2025-9816,0.090510000,0.948340000,0.9900462962962963,2026-08-15,2026-08-15,CVE-2025-9816,7.2,2026-06-17T10:09:49.903
CVE-2025-8440,0.002220000,0.130790000,0.4335648148148148,2026-08-15,2026-08-15,CVE-2025-8440,6.4,2026-06-17T10:06:59.547
CVE-2025-8014,0.005730000,0.446010000,0.8789351851851852,2026-08-15,2026-08-15,CVE-2025-8014,7.5,2026-06-17T10:06:08.663
CVE-2025-7647,0.001340000,0.033590000,0.09722222222222222,2026-08-15,2026-08-15,CVE-2025-7647,7.3,2026-06-17T10:05:24.393
CVE-2025-59945,0.003060000,0.232600000,0.6164351851851851,2026-08-15,2026-08-15,CVE-2025-59945,8.1,2026-06-17T09:46:54.107
CVE-2025-59939,0.003480000,0.278570000,0.6828703703703703,2026-08-15,2026-08-15,CVE-2025-59939,8.8,2026-06-17T09:46:53.470
CVE-2025-59938,0.003420000,0.272930000,0.6733796296296296,2026-08-15,2026-08-15,CVE-2025-59938,6.5,2026-06-17T09:46:53.363
CVE-2025-59936,0.003720000,0.303750000,0.7229166666666667,2026-08-15,2026-08-15,CVE-2025-59936,9.4,2026-06-17T09:46:53.147
CVE-2025-59934,0.080370000,0.942820000,0.9879629629629629,2026-08-15,2026-08-15,CVE-2025-59934,9.4,2026-06-17T09:46:52.940
CVE-2025-59932,0.003460000,0.276250000,0.6805555555555556,2026-08-15,2026-08-15,CVE-2025-59932,8.2,2026-06-17T09:46:52.703
CVE-2025-59845,0.001490000,0.045760000,0.1865740740740741,2026-08-15,2026-08-15,CVE-2025-59845,8.2,2026-06-17T09:46:48.790
CVE-2025-58384,0.006780000,0.493000000,0.90625,2026-08-15,2026-08-15,CVE-2025-58384,10.0,2026-06-17T09:44:23.613
CVE-2025-57692,0.002980000,0.223890000,0.6037037037037037,2026-08-15,2026-08-15,CVE-2025-57692,6.8,2026-06-17T09:43:17.560
CVE-2025-36239,0.001970000,0.098160000,0.35648148148148145,2026-08-15,2026-08-15,CVE-2025-36239,6.1,2026-06-17T09:14:37.347
CVE-2025-36144,0.001160000,0.018460000,0.05462962962962963,2026-08-15,2026-08-15,CVE-2025-36144,5.5,2026-06-17T09:14:32.560
CVE-2025-3193,0.004820000,0.394400000,0.84375,2026-08-15,2026-08-15,CVE-2025-3193,7.5,2026-06-17T09:19:23.750
CVE-2025-11120,0.034000000,0.878140000,0.9745370370370371,2026-08-15,2026-08-15,CVE-2025-11120,8.8,2026-06-17T08:29:41.830
CVE-2025-11119,0.003640000,0.295250000,0.7097222222222223,2026-08-15,2026-08-15,CVE-2025-11119,6.1,2026-06-17T08:29:41.693
CVE-2025-11118,0.004410000,0.366720000,0.80625,2026-08-15,2026-08-15,CVE-2025-11118,9.8,2026-06-17T08:29:41.560
CVE-2025-11117,0.007360000,0.514260000,0.9171296296296296,2026-08-15,2026-08-15,CVE-2025-11117,8.8,2026-06-17T08:29:41.430
CVE-2025-11116,0.004410000,0.366710000,0.80625,2026-08-15,2026-08-15,CVE-2025-11116,9.8,2026-06-17T08:29:41.297
CVE-2025-11115,0.004410000,0.366670000,0.80625,2026-08-15,2026-08-15,CVE-2025-11115,9.8,2026-06-17T08:29:41.163
CVE-2025-11114,0.003510000,0.281640000,0.687962962962963,2026-08-15,2026-08-15,CVE-2025-11114,8.8,2026-06-17T08:29:41.027
CVE-2025-11113,0.003480000,0.278500000,0.6828703703703703,2026-08-15,2026-08-15,CVE-2025-11113,8.8,2026-06-17T08:29:40.890
CVE-2025-11112,0.003640000,0.295280000,0.7097222222222223,2026-08-15,2026-08-15,CVE-2025-11112,6.1,2026-06-17T08:29:40.757
CVE-2025-11111,0.004410000,0.366670000,0.80625,2026-08-15,2026-08-15,CVE-2025-11111,9.8,2026-06-17T08:29:40.613
CVE-2025-11110,0.004410000,0.366770000,0.80625,2026-08-15,2026-08-15,CVE-2025-11110,9.8,2026-06-17T08:29:40.483
CVE-2025-11109,0.004560000,0.377920000,0.8268518518518518,2026-08-15,2026-08-15,CVE-2025-11109,9.8,2026-06-17T08:29:40.350
CVE-2025-11108,0.003840000,0.316070000,0.7386574074074074,2026-08-15,2026-08-15,CVE-2025-11108,9.8,2026-06-17T08:29:40.210
CVE-2025-11107,0.003840000,0.316090000,0.7386574074074074,2026-08-15,2026-08-15,CVE-2025-11107,9.8,2026-06-17T08:29:40.070
CVE-2025-11106,0.003840000,0.316110000,0.7386574074074074,2026-08-15,2026-08-15,CVE-2025-11106,9.8,2026-06-17T08:29:39.940
CVE-2025-11105,0.003840000,0.316110000,0.7386574074074074,2026-08-15,2026-08-15,CVE-2025-11105,9.8,2026-06-17T08:29:39.807
CVE-2025-11104,0.003080000,0.235190000,0.6201388888888889,2026-08-15,2026-08-15,CVE-2025-11104,8.8,2026-06-17T08:29:39.670
CVE-2025-11103,0.003510000,0.282540000,0.687962962962963,2026-08-15,2026-08-15,CVE-2025-11103,7.2,2026-06-17T08:29:39.530
CVE-2025-11102,0.003840000,0.316080000,0.7386574074074074,2026-08-15,2026-08-15,CVE-2025-11102,9.8,2026-06-17T08:29:39.397
CVE-2025-11101,0.003840000,0.316120000,0.7386574074074074,2026-08-15,2026-08-15,CVE-2025-11101,9.8,2026-06-17T08:29:39.263
CVE-2025-11100,0.041250000,0.899350000,0.9777777777777777,2026-08-15,2026-08-15,CVE-2025-11100,8.8,2026-06-17T08:29:39.127
CVE-2025-11099,0.041250000,0.899340000,0.9777777777777777,2026-08-15,2026-08-15,CVE-2025-11099,8.8,2026-06-17T08:29:38.993
CVE-2025-11098,0.041250000,0.899340000,0.9777777777777777,2026-08-15,2026-08-15,CVE-2025-11098,8.8,2026-06-17T08:29:38.853
CVE-2025-11097,0.041250000,0.899340000,0.9777777777777777,2026-08-15,2026-08-15,CVE-2025-11097,8.8,2026-06-17T08:29:38.717
CVE-2025-11096,0.041250000,0.899340000,0.9777777777777777,2026-08-15,2026-08-15,CVE-2025-11096,8.8,2026-06-17T08:29:38.583
CVE-2025-11095,0.041250000,0.899330000,0.9777777777777777,2026-08-15,2026-08-15,CVE-2025-11095,8.8,2026-06-17T08:29:38.447
CVE-2025-11094,0.003740000,0.306110000,0.7243055555555555,2026-08-15,2026-08-15,CVE-2025-11094,9.8,2026-06-17T08:29:38.317
CVE-2025-11092,0.041250000,0.899350000,0.9777777777777777,2026-08-15,2026-08-15,CVE-2025-11092,8.8,2026-06-17T08:29:37.930
CVE-2025-11091,0.006780000,0.493110000,0.90625,2026-08-15,2026-08-15,CVE-2025-11091,8.8,2026-06-17T08:29:37.790
CVE-2025-11090,0.003100000,0.236750000,0.6261574074074074,2026-08-15,2026-08-15,CVE-2025-11090,8.8,2026-06-17T08:29:37.557
CVE-2025-11089,0.003870000,0.319520000,0.7449074074074075,2026-08-15,2026-08-15,CVE-2025-11089,9.8,2026-06-17T08:29:37.400
CVE-2025-11088,0.003220000,0.250280000,0.6412037037037037,2026-08-15,2026-08-15,CVE-2025-11088,8.8,2026-06-17T08:29:37.267
CVE-2025-11083,0.002350000,0.147040000,0.4740740740740741,2026-08-15,2026-08-15,CVE-2025-11083,7.8,2026-06-17T08:29:36.420
CVE-2025-11082,0.002340000,0.145980000,0.4710648148148148,2026-08-15,2026-08-15,CVE-2025-11082,7.8,2026-06-17T08:29:36.267
CVE-2025-11081,0.001890000,0.087760000,0.32222222222222224,2026-08-15,2026-08-15,CVE-2025-11081,5.5,2026-06-17T08:29:36.130
CVE-2025-11080,0.002410000,0.155690000,0.4914351851851852,2026-08-15,2026-08-15,CVE-2025-11080,4.3,2026-06-17T08:29:36.000
CVE-2025-11079,0.008350000,0.546460000,0.9310185185185185,2026-08-15,2026-08-15,CVE-2025-11079,9.8,2026-06-17T08:29:35.863
CVE-2025-11078,0.003020000,0.227970000,0.6101851851851852,2026-08-15,2026-08-15,CVE-2025-11078,8.8,2026-06-17T08:29:35.730
CVE-2025-11077,0.003870000,0.319550000,0.7449074074074075,2026-08-15,2026-08-15,CVE-2025-11077,9.8,2026-06-17T08:29:35.597
CVE-2025-11076,0.004410000,0.366770000,0.80625,2026-08-15,2026-08-15,CVE-2025-11076,9.8,2026-06-17T08:29:35.460
CVE-2025-11075,0.004410000,0.366800000,0.80625,2026-08-15,2026-08-15,CVE-2025-11075,9.8,2026-06-17T08:29:35.327
CVE-2025-11074,0.004410000,0.366720000,0.80625,2026-08-15,2026-08-15,CVE-2025-11074,9.8,2026-06-17T08:29:35.190
CVE-2025-11073,0.019500000,0.784920000,0.9655092592592592,2026-08-15,2026-08-15,CVE-2025-11073,4.7,2026-06-17T08:29:35.070
CVE-2025-11071,0.003180000,0.245430000,0.6351851851851852,2026-08-15,2026-08-15,CVE-2025-11071,7.2,2026-06-17T08:29:34.800
CVE-2025-11070,0.004410000,0.366710000,0.80625,2026-08-15,2026-08-15,CVE-2025-11070,9.8,2026-06-17T08:29:34.667
CVE-2025-11069,0.002720000,0.195890000,0.5525462962962963,2026-08-15,2026-08-15,CVE-2025-11069,4.8,2026-06-17T08:29:34.530
CVE-2025-11068,0.002720000,0.195890000,0.5525462962962963,2026-08-15,2026-08-15,CVE-2025-11068,4.8,2026-06-17T08:29:34.403
CVE-2025-11067,0.002810000,0.206570000,0.5701388888888889,2026-08-15,2026-08-15,CVE-2025-11067,4.8,2026-06-17T08:29:34.270
CVE-2025-11066,0.004410000,0.366820000,0.80625,2026-08-15,2026-08-15,CVE-2025-11066,9.8,2026-06-17T08:29:34.137
CVE-2025-11064,0.004410000,0.366760000,0.80625,2026-08-15,2026-08-15,CVE-2025-11064,9.8,2026-06-17T08:29:33.783
CVE-2025-11063,0.004410000,0.366800000,0.80625,2026-08-15,2026-08-15,CVE-2025-11063,9.8,2026-06-17T08:29:33.650
CVE-2025-11062,0.004410000,0.366760000,0.80625,2026-08-15,2026-08-15,CVE-2025-11062,9.8,2026-06-17T08:29:33.520
CVE-2025-11061,0.004410000,0.366660000,0.80625,2026-08-15,2026-08-15,CVE-2025-11061,9.8,2026-06-17T08:29:33.383
CVE-2025-11057,0.004410000,0.366660000,0.80625,2026-08-15,2026-08-15,CVE-2025-11057,9.8,2026-06-17T08:29:33.130
CVE-2025-11056,0.003670000,0.298280000,0.7171296296296297,2026-08-15,2026-08-15,CVE-2025-11056,9.8,2026-06-17T08:29:32.993
CVE-2025-11055,0.004410000,0.366830000,0.80625,2026-08-15,2026-08-15,CVE-2025-11055,9.8,2026-06-17T08:29:32.860
CVE-2025-11054,0.003510000,0.281630000,0.687962962962963,2026-08-15,2026-08-15,CVE-2025-11054,8.8,2026-06-17T08:29:32.730
CVE-2025-11053,0.003870000,0.319580000,0.7449074074074075,2026-08-15,2026-08-15,CVE-2025-11053,9.8,2026-06-17T08:29:32.593
CVE-2025-11052,0.003870000,0.319530000,0.7449074074074075,2026-08-15,2026-08-15,CVE-2025-11052,9.8,2026-06-17T08:29:32.460
CVE-2025-11051,0.002330000,0.144180000,0.46828703703703706,2026-08-15,2026-08-15,CVE-2025-11051,6.5,2026-06-17T08:29:32.323
CVE-2025-11050,0.003480000,0.279140000,0.6828703703703703,2026-08-15,2026-08-15,CVE-2025-11050,8.8,2026-06-17T08:29:32.190
CVE-2025-11049,0.003480000,0.279130000,0.6828703703703703,2026-08-15,2026-08-15,CVE-2025-11049,8.8,2026-06-17T08:29:32.057
CVE-2025-11048,0.003480000,0.279120000,0.6828703703703703,2026-08-15,2026-08-15,CVE-2025-11048,8.8,2026-06-17T08:29:31.920
CVE-2025-11047,0.003480000,0.279130000,0.6828703703703703,2026-08-15,2026-08-15,CVE-2025-11047,8.8,2026-06-17T08:29:31.783
CVE-2025-11046,0.004360000,0.362940000,0.8018518518518518,2026-08-15,2026-08-15,CVE-2025-11046,9.8,2026-06-17T08:29:31.653
CVE-2025-11045,0.020410000,0.794900000,0.9657407407407408,2026-08-15,2026-08-15,CVE-2025-11045,7.3,2026-06-17T08:29:31.520
CVE-2025-11041,0.003080000,0.235180000,0.6201388888888889,2026-08-15,2026-08-15,CVE-2025-11041,8.8,2026-06-17T08:29:31.050
CVE-2025-11040,0.003870000,0.319550000,0.7449074074074075,2026-08-15,2026-08-15,CVE-2025-11040,9.8,2026-06-17T08:29:30.920
CVE-2025-11039,0.004050000,0.337660000,0.7701388888888889,2026-08-15,2026-08-15,CVE-2025-11039,9.8,2026-06-17T08:29:30.787
CVE-2025-11038,0.003130000,0.240290000,0.6305555555555555,2026-08-15,2026-08-15,CVE-2025-11038,8.8,2026-06-17T08:29:30.653
CVE-2025-11037,0.004650000,0.383370000,0.8326388888888889,2026-08-15,2026-08-15,CVE-2025-11037,9.8,2026-06-17T08:29:30.517
CVE-2025-11036,0.004650000,0.383370000,0.8326388888888889,2026-08-15,2026-08-15,CVE-2025-11036,9.8,2026-06-17T08:29:30.383
CVE-2025-11035,0.003830000,0.315230000,0.7377314814814815,2026-08-15,2026-08-15,CVE-2025-11035,9.8,2026-06-17T08:29:30.250
CVE-2025-10954,0.004210000,0.351800000,0.787962962962963,2026-08-15,2026-08-15,CVE-2025-10954,7.5,2026-06-17T08:29:20.583
CVE-2025-10657,0.001350000,0.034110000,0.1037037037037037,2026-08-15,2026-08-15,CVE-2025-10657,,2026-06-17T08:28:42.780
CVE-2025-10499,0.001510000,0.047890000,0.20416666666666666,2026-08-15,2026-08-15,CVE-2025-10499,4.3,2026-06-17T08:28:26.500
CVE-2025-10498,0.001510000,0.047900000,0.20416666666666666,2026-08-15,2026-08-15,CVE-2025-10498,5.4,2026-06-17T08:28:26.387
CVE-2024-43192,0.001560000,0.052590000,0.22523148148148148,2026-08-15,2026-08-15,CVE-2024-43192,8.8,2026-06-17T07:50:35.420
CVE-2025-9904,0.003580000,0.289270000,0.7018518518518518,2026-08-15,2026-08-15,CVE-2025-9904,5.3,2026-06-17T10:09:59.900
CVE-2025-9903,0.003310000,0.260640000,0.6583333333333333,2026-08-15,2026-08-15,CVE-2025-9903,5.9,2026-06-17T10:09:59.767
CVE-2025-9648,0.007050000,0.503080000,0.9118055555555555,2026-08-15,2026-08-15,CVE-2025-9648,,2026-06-17T10:09:26.827
CVE-2025-8868,0.228270000,0.975350000,0.9965277777777778,2026-08-15,2026-08-15,CVE-2025-8868,8.8,2026-06-17T10:07:49.013
CVE-2025-7698,0.002850000,0.210450000,0.5766203703703704,2026-08-15,2026-08-15,CVE-2025-7698,5.9,2026-06-17T10:05:29.317
CVE-2025-7104,0.002770000,0.201390000,0.5641203703703703,2026-08-15,2026-08-15,CVE-2025-7104,7.5,2026-06-17T10:04:16.730
CVE-2025-6724,0.003420000,0.272630000,0.6733796296296296,2026-08-15,2026-08-15,CVE-2025-6724,8.8,2026-06-17T10:02:27.330
CVE-2025-61659,0.001320000,0.032040000,0.09398148148148149,2026-08-15,2026-08-15,CVE-2025-61659,6.8,2026-06-17T09:50:43.490
CVE-2025-57879,0.002300000,0.140950000,0.4537037037037037,2026-08-15,2026-08-15,CVE-2025-57879,6.1,2026-06-17T09:43:33.780
CVE-2025-57878,0.002300000,0.140940000,0.4537037037037037,2026-08-15,2026-08-15,CVE-2025-57878,6.1,2026-06-17T09:43:33.663
CVE-2025-57877,0.002090000,0.112800000,0.39143518518518516,2026-08-15,2026-08-15,CVE-2025-57877,4.8,2026-06-17T09:43:33.543
CVE-2025-57876,0.002070000,0.110560000,0.3861111111111111,2026-08-15,2026-08-15,CVE-2025-57876,4.8,2026-06-17T09:43:33.430
CVE-2025-57875,0.002090000,0.112790000,0.39143518518518516,2026-08-15,2026-08-15,CVE-2025-57875,4.8,2026-06-17T09:43:33.307
CVE-2025-57874,0.002090000,0.112790000,0.39143518518518516,2026-08-15,2026-08-15,CVE-2025-57874,4.8,2026-06-17T09:43:33.197
CVE-2025-57873,0.002090000,0.112800000,0.39143518518518516,2026-08-15,2026-08-15,CVE-2025-57873,4.8,2026-06-17T09:43:33.077
CVE-2025-57872,0.002320000,0.143340000,0.4664351851851852,2026-08-15,2026-08-15,CVE-2025-57872,6.1,2026-06-17T09:43:32.963
CVE-2025-57871,0.002090000,0.112790000,0.39143518518518516,2026-08-15,2026-08-15,CVE-2025-57871,4.8,2026-06-17T09:43:32.843
CVE-2025-57516,0.011470000,0.640570000,0.9486111111111111,2026-08-15,2026-08-15,CVE-2025-57516,8.2,2026-06-17T09:43:10.147
CVE-2025-57483,0.002750000,0.198740000,0.5571759259259259,2026-08-15,2026-08-15,CVE-2025-57483,8.1,2026-06-17T09:43:09.707
CVE-2025-57428,0.001970000,0.097100000,0.35648148148148145,2026-08-15,2026-08-15,CVE-2025-57428,6.5,2026-06-17T09:43:06.907
CVE-2025-57424,0.002490000,0.165230000,0.5099537037037037,2026-08-15,2026-08-15,CVE-2025-57424,7.3,2026-06-17T09:43:05.210
CVE-2025-57266,0.003490000,0.279710000,0.6849537037037037,2026-08-15,2026-08-15,CVE-2025-57266,9.8,2026-06-17T09:42:58.940
CVE-2025-57197,0.001590000,0.055550000,0.23287037037037037,2026-08-15,2026-08-15,CVE-2025-57197,6.0,2026-07-05T02:17:03.913
CVE-2025-56807,0.002130000,0.118870000,0.4060185185185185,2026-08-15,2026-08-15,CVE-2025-56807,6.1,2026-07-05T02:17:02.823
CVE-2025-56795,0.003400000,0.270300000,0.6706018518518518,2026-08-15,2026-08-15,CVE-2025-56795,9.0,2026-06-17T09:42:46.620
CVE-2025-56764,0.002440000,0.158450000,0.4986111111111111,2026-08-15,2026-08-15,CVE-2025-56764,5.3,2026-06-17T09:42:46.307
CVE-2025-56449,0.003540000,0.285070000,0.6972222222222222,2026-08-15,2026-08-15,CVE-2025-56449,8.2,2026-06-17T09:42:37.087
CVE-2025-56234,0.003120000,0.239740000,0.6284722222222222,2026-08-15,2026-08-15,CVE-2025-56234,7.5,2026-06-17T09:42:28.033
CVE-2025-56233,0.003120000,0.239750000,0.6284722222222222,2026-08-15,2026-08-15,CVE-2025-56233,7.5,2026-06-17T09:42:27.883
CVE-2025-55795,0.002810000,0.206280000,0.5701388888888889,2026-08-15,2026-08-15,CVE-2025-55795,3.5,2026-06-17T09:42:11.640
CVE-2025-54591,0.003980000,0.330050000,0.762962962962963,2026-08-15,2026-08-15,CVE-2025-54591,7.5,2026-06-17T09:40:21.480
CVE-2025-51495,0.003990000,0.330730000,0.7650462962962963,2026-08-15,2026-08-15,CVE-2025-51495,7.5,2026-06-17T09:35:38.577
CVE-2025-48006,0.004960000,0.403390000,0.8537037037037037,2026-08-15,2026-08-15,CVE-2025-48006,9.1,2026-06-17T09:29:00.057
CVE-2025-45376,0.000950000,0.007680000,0.03009259259259259,2026-08-15,2026-08-15,CVE-2025-45376,7.8,2026-06-17T09:25:29.757
CVE-2025-43400,0.064160000,0.930880000,0.9842592592592593,2026-08-15,2026-08-15,CVE-2025-43400,6.3,2026-06-17T09:23:55.557
CVE-2025-41252,0.008780000,0.560200000,0.9337962962962963,2026-08-15,2026-08-15,CVE-2025-41252,7.5,2026-06-17T09:22:40.600
CVE-2025-41251,0.010220000,0.605550000,0.9428240740740741,2026-08-15,2026-08-15,CVE-2025-41251,8.1,2026-06-17T09:22:40.500
CVE-2025-41250,0.006380000,0.475970000,0.8967592592592593,2026-08-15,2026-08-15,CVE-2025-41250,8.5,2026-06-17T09:22:40.403
CVE-2025-41246,0.002660000,0.186430000,0.54375,2026-08-15,2026-08-15,CVE-2025-41246,7.6,2026-06-17T09:22:40.110
CVE-2025-41245,0.005840000,0.451400000,0.8842592592592593,2026-08-15,2026-08-15,CVE-2025-41245,4.9,2026-06-17T09:22:40.013
CVE-2025-41244,0.078800000,0.941980000,0.9877314814814815,2026-08-15,2026-08-15,CVE-2025-41244,7.8,2026-06-17T09:22:39.880
CVE-2025-36352,0.001660000,0.062270000,0.26064814814814813,2026-08-15,2026-08-15,CVE-2025-36352,5.4,2026-06-17T09:14:39.417
CVE-2025-36351,0.002220000,0.130740000,0.4335648148148148,2026-08-15,2026-08-15,CVE-2025-36351,4.3,2026-06-17T09:14:39.313
CVE-2025-36099,0.002990000,0.225250000,0.6050925925925926,2026-08-15,2026-08-15,CVE-2025-36099,4.9,2026-06-17T09:14:28.683
CVE-2025-35034,0.002400000,0.154220000,0.4898148148148148,2026-08-15,2026-08-15,CVE-2025-35034,6.1,2026-06-17T09:14:14.553
CVE-2025-35033,0.002220000,0.129960000,0.4335648148148148,2026-08-15,2026-08-15,CVE-2025-35033,4.3,2026-06-17T09:14:14.427
CVE-2025-35032,0.002360000,0.148920000,0.4773148148148148,2026-08-15,2026-08-15,CVE-2025-35032,9.9,2026-06-17T09:14:14.307
CVE-2025-35031,0.001330000,0.032270000,0.09537037037037037,2026-08-15,2026-08-15,CVE-2025-35031,5.5,2026-06-17T09:14:14.183
CVE-2025-35030,0.001840000,0.082840000,0.30949074074074073,2026-08-15,2026-08-15,CVE-2025-35030,8.8,2026-06-17T09:14:14.060
CVE-2025-34235,0.004410000,0.367490000,0.80625,2026-08-15,2026-08-15,CVE-2025-34235,7.8,2026-06-17T09:13:42.960
CVE-2025-34234,0.003820000,0.314350000,0.737037037037037,2026-08-15,2026-08-15,CVE-2025-34234,7.5,2026-06-17T09:13:42.820
CVE-2025-34233,0.005540000,0.436300000,0.875,2026-08-15,2026-08-15,CVE-2025-34233,6.8,2026-06-17T09:13:42.683
CVE-2025-34232,0.005140000,0.414140000,0.8604166666666667,2026-08-15,2026-08-15,CVE-2025-34232,5.3,2026-06-17T09:13:42.543
CVE-2025-34231,0.006990000,0.500730000,0.9111111111111111,2026-08-15,2026-08-15,CVE-2025-34231,8.6,2026-06-17T09:13:42.383
CVE-2025-34230,0.004950000,0.402740000,0.8525462962962963,2026-08-15,2026-08-15,CVE-2025-34230,5.8,2026-06-17T09:13:42.150
CVE-2025-34229,0.004950000,0.402750000,0.8525462962962963,2026-08-15,2026-08-15,CVE-2025-34229,5.8,2026-06-17T09:13:42.007
CVE-2025-34228,0.007360000,0.514210000,0.9171296296296296,2026-08-15,2026-08-15,CVE-2025-34228,8.6,2026-06-17T09:13:41.873
CVE-2025-34225,0.007640000,0.523640000,0.9229166666666667,2026-08-15,2026-08-15,CVE-2025-34225,8.6,2026-06-17T09:13:41.510
CVE-2025-34224,0.009140000,0.570960000,0.9384259259259259,2026-08-15,2026-08-15,CVE-2025-34224,9.1,2026-06-17T09:13:41.373
CVE-2025-34223,0.011520000,0.642380000,0.9490740740740741,2026-08-15,2026-08-15,CVE-2025-34223,9.8,2026-06-17T09:13:41.250
CVE-2025-34222,0.004880000,0.398540000,0.8467592592592592,2026-08-15,2026-08-15,CVE-2025-34222,9.1,2026-06-17T09:13:41.113
CVE-2025-34221,0.013640000,0.694430000,0.9564814814814815,2026-08-15,2026-08-15,CVE-2025-34221,9.8,2026-06-17T09:13:40.987
CVE-2025-34220,0.006500000,0.481530000,0.9013888888888889,2026-08-15,2026-08-15,CVE-2025-34220,5.3,2026-06-17T09:13:40.857
CVE-2025-34218,0.009360000,0.578290000,0.9395833333333333,2026-08-15,2026-08-15,CVE-2025-34218,9.8,2026-06-17T09:13:40.703
CVE-2025-34216,0.007600000,0.522400000,0.9215277777777777,2026-08-15,2026-08-15,CVE-2025-34216,9.8,2026-06-17T09:13:40.470
CVE-2025-34215,0.010600000,0.616990000,0.944212962962963,2026-08-15,2026-08-15,CVE-2025-34215,9.8,2026-06-17T09:13:40.330
CVE-2025-34212,0.006270000,0.471230000,0.8944444444444445,2026-08-15,2026-08-15,CVE-2025-34212,9.8,2026-06-17T09:13:40.170
CVE-2025-34211,0.003670000,0.298230000,0.7171296296296297,2026-08-15,2026-08-15,CVE-2025-34211,4.9,2026-06-17T09:13:40.033
CVE-2025-34209,0.006560000,0.484120000,0.9027777777777778,2026-08-15,2026-08-15,CVE-2025-34209,7.2,2026-06-17T09:13:39.777
CVE-2025-34207,0.006210000,0.468420000,0.892824074074074,2026-08-15,2026-08-15,CVE-2025-34207,9.8,2026-06-17T09:13:39.520
CVE-2025-34196,0.004450000,0.370500000,0.8185185185185185,2026-08-15,2026-08-15,CVE-2025-34196,9.8,2026-06-17T09:13:38.133
CVE-2025-30247,0.011170000,0.633220000,0.9469907407407407,2026-08-15,2026-08-15,CVE-2025-30247,,2026-06-17T09:08:24.110
CVE-2025-11155,0.001790000,0.076690000,0.29791666666666666,2026-08-15,2026-08-15,CVE-2025-11155,,2026-06-17T08:29:45.950
CVE-2025-11147,0.001640000,0.060360000,0.2513888888888889,2026-08-15,2026-08-15,CVE-2025-11147,5.4,2026-06-17T08:29:45.070
CVE-2025-11146,0.001640000,0.060350000,0.2513888888888889,2026-08-15,2026-08-15,CVE-2025-11146,5.4,2026-06-17T08:29:44.953
CVE-2025-11141,0.038610000,0.892690000,0.9770833333333333,2026-08-15,2026-08-15,CVE-2025-11141,4.7,2026-06-17T08:29:44.480
CVE-2025-11140,0.005750000,0.446710000,0.8796296296296297,2026-08-15,2026-08-15,CVE-2025-11140,9.8,2026-06-17T08:29:44.347
CVE-2025-11139,0.006760000,0.492090000,0.9055555555555556,2026-08-15,2026-08-15,CVE-2025-11139,9.8,2026-06-17T08:29:44.210
CVE-2025-11138,0.042010000,0.900910000,0.9793981481481482,2026-08-15,2026-08-15,CVE-2025-11138,8.8,2026-06-17T08:29:44.070
CVE-2025-11137,0.002330000,0.144210000,0.46828703703703706,2026-08-15,2026-08-15,CVE-2025-11137,3.5,2026-06-17T08:29:43.943
CVE-2025-11136,0.003660000,0.297380000,0.7152777777777778,2026-08-15,2026-08-15,CVE-2025-11136,7.2,2026-06-17T08:29:43.807
CVE-2025-11135,0.003850000,0.317170000,0.7418981481481481,2026-08-15,2026-08-15,CVE-2025-11135,7.3,2026-06-17T08:29:43.680
CVE-2025-11134,0.002460000,0.161620000,0.5025462962962963,2026-08-15,2026-08-15,CVE-2025-11134,2.4,2026-06-17T08:29:43.553
CVE-2025-11130,0.002280000,0.137760000,0.45046296296296295,2026-08-15,2026-08-15,CVE-2025-11130,8.4,2026-06-17T08:29:43.100
CVE-2025-11126,0.005950000,0.456080000,0.8858796296296296,2026-08-15,2026-08-15,CVE-2025-11126,9.8,2026-06-17T08:29:42.637
CVE-2025-11125,0.003210000,0.249060000,0.6388888888888888,2026-08-15,2026-08-15,CVE-2025-11125,4.3,2026-06-17T08:29:42.507
CVE-2025-11124,0.002640000,0.183890000,0.5414351851851852,2026-08-15,2026-08-15,CVE-2025-11124,5.4,2026-06-17T08:29:42.370
CVE-2025-11123,0.007390000,0.515340000,0.9180555555555555,2026-08-15,2026-08-15,CVE-2025-11123,8.8,2026-06-17T08:29:42.237
CVE-2025-11122,0.007390000,0.515360000,0.9180555555555555,2026-08-15,2026-08-15,CVE-2025-11122,8.8,2026-06-17T08:29:42.107
CVE-2025-11121,0.037410000,0.889060000,0.9761574074074074,2026-08-15,2026-08-15,CVE-2025-11121,8.8,2026-06-17T08:29:41.970
CVE-2025-10504,0.002020000,0.103950000,0.3678240740740741,2026-08-15,2026-08-15,CVE-2025-10504,6.1,2026-06-17T08:28:27.160
CVE-2025-10346,0.001810000,0.079450000,0.3025462962962963,2026-08-15,2026-08-15,CVE-2025-10346,6.1,2026-06-17T08:28:09.130
CVE-2025-10345,0.002210000,0.128970000,0.4305555555555556,2026-08-15,2026-08-15,CVE-2025-10345,6.1,2026-06-17T08:28:09.017
CVE-2025-10344,0.002210000,0.128960000,0.4305555555555556,2026-08-15,2026-08-15,CVE-2025-10344,6.1,2026-06-17T08:28:08.903
CVE-2025-10343,0.002210000,0.128950000,0.4305555555555556,2026-08-15,2026-08-15,CVE-2025-10343,6.1,2026-06-17T08:28:08.790
CVE-2025-10342,0.002210000,0.128970000,0.4305555555555556,2026-08-15,2026-08-15,CVE-2025-10342,6.1,2026-06-17T08:28:08.673
CVE-2025-10341,0.002210000,0.128970000,0.4305555555555556,2026-08-15,2026-08-15,CVE-2025-10341,6.1,2026-06-17T08:28:08.560
CVE-2024-57412,0.002860000,0.210890000,0.580324074074074,2026-08-15,2026-08-15,CVE-2024-57412,7.5,2026-06-17T08:13:33.380
CVE-2024-5200,0.001680000,0.065550000,0.2662037037037037,2026-08-15,2026-08-15,CVE-2024-5200,4.8,2026-06-17T08:15:23.993
CVE-2024-13150,0.003300000,0.259590000,0.65625,2026-08-15,2026-08-15,CVE-2024-13150,9.8,2026-06-17T07:01:19.433
CVE-2025-9993,0.006560000,0.484180000,0.9027777777777778,2026-08-15,2026-08-15,CVE-2025-9993,8.1,2026-06-17T10:10:13.190
CVE-2025-9991,0.006450000,0.479080000,0.8986111111111111,2026-08-15,2026-08-15,CVE-2025-9991,8.1,2026-06-17T10:10:12.987
CVE-2025-9948,0.001510000,0.047890000,0.20416666666666666,2026-08-15,2026-08-15,CVE-2025-9948,4.3,2026-06-17T10:10:08.313
CVE-2025-9946,0.001460000,0.043830000,0.16620370370370371,2026-08-15,2026-08-15,CVE-2025-9946,6.1,2026-06-17T10:10:08.107
CVE-2025-9852,0.002240000,0.132970000,0.4398148148148148,2026-08-15,2026-08-15,CVE-2025-9852,6.4,2026-06-17T10:09:54.337
CVE-2025-9762,0.006780000,0.493110000,0.90625,2026-08-15,2026-08-15,CVE-2025-9762,9.8,2026-06-17T10:09:42.403
CVE-2025-9232,0.022510000,0.814070000,0.9671296296296297,2026-08-15,2026-08-15,CVE-2025-9232,5.9,2026-07-14T13:18:07.783
CVE-2025-9231,0.022340000,0.812780000,0.9666666666666667,2026-08-15,2026-08-15,CVE-2025-9231,6.5,2026-07-14T13:18:07.550
CVE-2025-9230,0.017440000,0.758350000,0.9631944444444445,2026-08-15,2026-08-15,CVE-2025-9230,7.5,2026-07-14T13:18:07.327
CVE-2025-8877,0.003360000,0.265870000,0.6664351851851852,2026-08-15,2026-08-15,CVE-2025-8877,7.5,2026-06-17T10:07:50.183
CVE-2025-8777,0.002160000,0.122700000,0.4125,2026-08-15,2026-08-15,CVE-2025-8777,6.4,2026-06-17T10:07:36.477
CVE-2025-8625,0.005610000,0.439730000,0.8768518518518519,2026-08-15,2026-08-15,CVE-2025-8625,9.8,2026-06-17T10:07:20.353
CVE-2025-8624,0.002240000,0.132970000,0.4398148148148148,2026-08-15,2026-08-15,CVE-2025-8624,6.4,2026-06-17T10:07:20.250
CVE-2025-8623,0.002160000,0.122590000,0.4125,2026-08-15,2026-08-15,CVE-2025-8623,6.4,2026-06-17T10:07:20.150
CVE-2025-8608,0.002240000,0.132980000,0.4398148148148148,2026-08-15,2026-08-15,CVE-2025-8608,6.4,2026-06-17T10:07:18.567
CVE-2025-8566,0.002260000,0.135480000,0.4476851851851852,2026-08-15,2026-08-15,CVE-2025-8566,6.4,2026-06-17T10:07:14.697
CVE-2025-8560,0.002160000,0.122690000,0.4125,2026-08-15,2026-08-15,CVE-2025-8560,6.4,2026-06-17T10:07:14.210
CVE-2025-8559,0.003790000,0.310920000,0.7319444444444444,2026-08-15,2026-08-15,CVE-2025-8559,6.5,2026-06-17T10:07:14.110
CVE-2025-8214,0.002240000,0.132980000,0.4398148148148148,2026-08-15,2026-08-15,CVE-2025-8214,6.4,2026-06-17T10:06:31.740
CVE-2025-8122,0.003020000,0.227990000,0.6101851851851852,2026-08-15,2026-08-15,CVE-2025-8122,8.8,2026-06-17T10:06:20.740
CVE-2025-8121,0.002840000,0.209170000,0.5752314814814815,2026-08-15,2026-08-15,CVE-2025-8121,8.8,2026-06-17T10:06:20.623
CVE-2025-8120,0.005490000,0.433400000,0.8722222222222222,2026-08-15,2026-08-15,CVE-2025-8120,9.8,2026-06-17T10:06:20.503
CVE-2025-8119,0.001190000,0.021130000,0.060648148148148145,2026-08-15,2026-08-15,CVE-2025-8119,4.3,2026-06-17T10:06:20.390
CVE-2025-8118,0.002050000,0.108490000,0.38310185185185186,2026-08-15,2026-08-15,CVE-2025-8118,6.5,2026-06-17T10:06:20.270
CVE-2025-8117,0.002530000,0.170050000,0.5171296296296296,2026-08-15,2026-08-15,CVE-2025-8117,7.5,2026-06-17T10:06:20.153
CVE-2025-8116,0.002310000,0.142320000,0.4583333333333333,2026-08-15,2026-08-15,CVE-2025-8116,6.1,2026-06-17T10:06:20.037
CVE-2025-7779,0.001150000,0.017830000,0.05324074074074074,2026-08-15,2026-08-15,CVE-2025-7779,8.8,2026-06-17T10:05:38.520
CVE-2025-7493,0.005230000,0.419390000,0.8638888888888889,2026-08-15,2026-08-15,CVE-2025-7493,9.1,2026-06-17T10:05:04.610
CVE-2025-7065,0.005830000,0.450810000,0.8837962962962963,2026-08-15,2026-08-15,CVE-2025-7065,9.8,2026-06-17T10:04:11.393
CVE-2025-7063,0.005830000,0.450820000,0.8837962962962963,2026-08-15,2026-08-15,CVE-2025-7063,9.8,2026-06-17T10:04:11.167
CVE-2025-7052,0.002040000,0.106360000,0.3747685185185185,2026-08-15,2026-08-15,CVE-2025-7052,8.8,2026-06-17T10:04:10.037
CVE-2025-7038,0.003850000,0.317570000,0.7418981481481481,2026-08-15,2026-08-15,CVE-2025-7038,8.2,2026-06-17T10:04:08.697
CVE-2025-6941,0.002310000,0.142650000,0.4583333333333333,2026-08-15,2026-08-15,CVE-2025-6941,6.4,2026-06-17T10:02:54.773
CVE-2025-6815,0.002400000,0.153680000,0.4898148148148148,2026-08-15,2026-08-15,CVE-2025-6815,5.5,2026-06-17T10:02:36.920
CVE-2025-61586,0.004250000,0.354590000,0.7960648148148148,2026-08-15,2026-08-15,CVE-2025-61586,5.3,2026-06-17T09:50:36.313
CVE-2025-61584,0.003420000,0.272500000,0.6733796296296296,2026-08-15,2026-08-15,CVE-2025-61584,,2026-06-17T09:50:36.190
CVE-2025-59956,0.003970000,0.329150000,0.7613425925925926,2026-08-15,2026-08-15,CVE-2025-59956,6.5,2026-06-17T09:46:55.230
CVE-2025-59954,0.005120000,0.412750000,0.8601851851851852,2026-08-15,2026-08-15,CVE-2025-59954,9.8,2026-06-17T09:46:55.000
CVE-2025-59952,0.004580000,0.379300000,0.8289351851851852,2026-08-15,2026-08-15,CVE-2025-59952,,2026-06-17T09:46:54.890
CVE-2025-59950,0.002620000,0.181660000,0.5381944444444444,2026-08-15,2026-08-15,CVE-2025-59950,5.4,2026-06-17T09:46:54.657
CVE-2025-59948,0.003070000,0.233170000,0.6194444444444445,2026-08-15,2026-08-15,CVE-2025-59948,5.4,2026-06-17T09:46:54.433
CVE-2025-59942,0.003120000,0.239760000,0.6284722222222222,2026-08-15,2026-08-15,CVE-2025-59942,7.5,2026-06-17T09:46:53.783
CVE-2025-59941,0.002230000,0.131950000,0.4363425925925926,2026-08-15,2026-08-15,CVE-2025-59941,6.5,2026-06-17T09:46:53.677
CVE-2025-59940,0.003180000,0.246330000,0.6351851851851852,2026-08-15,2026-08-15,CVE-2025-59940,6.5,2026-06-17T09:46:53.573
CVE-2025-59937,0.005050000,0.408660000,0.857175925925926,2026-08-15,2026-08-15,CVE-2025-59937,9.1,2026-06-17T09:46:53.247
CVE-2025-59933,0.001760000,0.074260000,0.2898148148148148,2026-08-15,2026-08-15,CVE-2025-59933,7.8,2026-06-17T09:46:52.820
CVE-2025-59668,0.004390000,0.365140000,0.8046296296296296,2026-08-15,2026-08-15,CVE-2025-59668,7.5,2026-06-17T09:46:30.370
CVE-2025-59163,0.003800000,0.311490000,0.7342592592592593,2026-08-15,2026-08-15,CVE-2025-59163,,2026-06-17T09:45:39.343
CVE-2025-57852,0.001460000,0.043820000,0.16620370370370371,2026-08-15,2026-08-15,CVE-2025-57852,6.4,2026-06-17T09:43:32.343
CVE-2025-57769,0.002570000,0.175480000,0.524537037037037,2026-08-15,2026-08-15,CVE-2025-57769,6.1,2026-06-17T09:43:23.993
CVE-2025-56301,0.005980000,0.457750000,0.8865740740740741,2026-08-15,2026-08-15,CVE-2025-56301,7.5,2026-06-17T09:42:30.723
CVE-2025-56018,0.002150000,0.121580000,0.4097222222222222,2026-08-15,2026-08-15,CVE-2025-56018,6.1,2026-06-17T09:42:17.540
CVE-2025-55797,0.003060000,0.232940000,0.6164351851851851,2026-08-15,2026-08-15,CVE-2025-55797,6.5,2026-06-17T09:42:11.957
CVE-2025-54875,0.004950000,0.402380000,0.8525462962962963,2026-08-15,2026-08-15,CVE-2025-54875,9.8,2026-06-17T09:40:50.870
CVE-2025-54592,0.004950000,0.402380000,0.8525462962962963,2026-08-15,2026-08-15,CVE-2025-54592,9.8,2026-06-17T09:40:21.600
CVE-2025-54477,0.002580000,0.176960000,0.5273148148148148,2026-08-15,2026-08-15,CVE-2025-54477,5.3,2026-06-17T09:40:10.423
CVE-2025-54476,0.002930000,0.218970000,0.5944444444444444,2026-08-15,2026-08-15,CVE-2025-54476,,2026-06-17T09:40:10.317
CVE-2025-52050,0.002500000,0.166230000,0.5113425925925926,2026-08-15,2026-08-15,CVE-2025-52050,6.5,2026-06-17T09:35:58.347
CVE-2025-52049,0.002500000,0.166230000,0.5113425925925926,2026-08-15,2026-08-15,CVE-2025-52049,6.5,2026-06-17T09:35:58.193
CVE-2025-52047,0.002430000,0.157730000,0.4949074074074074,2026-08-15,2026-08-15,CVE-2025-52047,6.5,2026-06-17T09:35:57.877
CVE-2025-52043,0.002430000,0.157730000,0.4949074074074074,2026-08-15,2026-08-15,CVE-2025-52043,6.5,2026-06-17T09:35:57.400
CVE-2025-43820,0.001970000,0.098220000,0.35648148148148145,2026-08-15,2026-08-15,CVE-2025-43820,5.4,2026-06-17T09:24:35.363
CVE-2025-43818,0.002070000,0.110680000,0.3861111111111111,2026-08-15,2026-08-15,CVE-2025-43818,6.1,2026-06-17T09:24:35.120
CVE-2025-43817,0.001990000,0.100680000,0.36157407407407405,2026-08-15,2026-08-15,CVE-2025-43817,6.1,2026-06-17T09:24:35.003
CVE-2025-43815,0.002240000,0.133700000,0.4398148148148148,2026-08-15,2026-08-15,CVE-2025-43815,6.1,2026-06-17T09:24:34.753
CVE-2025-43813,0.004640000,0.383120000,0.8321759259259259,2026-08-15,2026-08-15,CVE-2025-43813,8.2,2026-06-17T09:24:34.487
CVE-2025-43812,0.001970000,0.098210000,0.35648148148148145,2026-08-15,2026-08-15,CVE-2025-43812,5.4,2026-06-17T09:24:34.353
CVE-2025-43811,0.002050000,0.107820000,0.38310185185185186,2026-08-15,2026-08-15,CVE-2025-43811,5.4,2026-06-17T09:24:34.227
CVE-2025-41099,0.002940000,0.220310000,0.5967592592592592,2026-08-15,2026-08-15,CVE-2025-41099,6.5,2026-06-17T09:22:34.857
CVE-2025-41098,0.003230000,0.251930000,0.6444444444444445,2026-08-15,2026-08-15,CVE-2025-41098,7.5,2026-06-17T09:22:34.747
CVE-2025-41097,0.002340000,0.145520000,0.4710648148148148,2026-08-15,2026-08-15,CVE-2025-41097,4.3,2026-06-17T09:22:34.637
CVE-2025-41096,0.002340000,0.145530000,0.4710648148148148,2026-08-15,2026-08-15,CVE-2025-41096,4.3,2026-06-17T09:22:34.523
CVE-2025-41095,0.002340000,0.145520000,0.4710648148148148,2026-08-15,2026-08-15,CVE-2025-41095,4.3,2026-06-17T09:22:34.413
CVE-2025-41094,0.002340000,0.145530000,0.4710648148148148,2026-08-15,2026-08-15,CVE-2025-41094,4.3,2026-06-17T09:22:34.300
CVE-2025-41093,0.002340000,0.145540000,0.4710648148148148,2026-08-15,2026-08-15,CVE-2025-41093,4.3,2026-06-17T09:22:34.190
CVE-2025-41092,0.002340000,0.145520000,0.4710648148148148,2026-08-15,2026-08-15,CVE-2025-41092,4.3,2026-06-17T09:22:34.073
CVE-2025-41091,0.002340000,0.145540000,0.4710648148148148,2026-08-15,2026-08-15,CVE-2025-41091,4.3,2026-06-17T09:22:33.957
CVE-2025-36245,0.004170000,0.347790000,0.7819444444444444,2026-08-15,2026-08-15,CVE-2025-36245,8.8,2026-06-17T09:14:37.743
CVE-2025-34217,0.006970000,0.500140000,0.9106481481481481,2026-08-15,2026-08-15,CVE-2025-34217,9.8,2026-06-17T09:13:40.587
CVE-2025-28016,0.002400000,0.153140000,0.4898148148148148,2026-08-15,2026-08-15,CVE-2025-28016,4.8,2026-06-17T09:04:27.550
CVE-2025-11178,0.001630000,0.060150000,0.24837962962962962,2026-08-15,2026-08-15,CVE-2025-11178,7.3,2026-06-17T08:29:48.423
CVE-2025-11163,0.002190000,0.126100000,0.4219907407407407,2026-08-15,2026-08-15,CVE-2025-11163,4.3,2026-06-17T08:29:46.850
CVE-2025-11153,0.002170000,0.124040000,0.4152777777777778,2026-08-15,2026-08-15,CVE-2025-11153,7.5,2026-06-17T08:29:45.653
CVE-2025-11152,0.002520000,0.169040000,0.5162037037037037,2026-08-15,2026-08-15,CVE-2025-11152,8.6,2026-06-17T08:29:45.510
CVE-2025-11149,0.004890000,0.398790000,0.8476851851851852,2026-08-15,2026-08-15,CVE-2025-11149,7.5,2026-06-17T08:29:45.290
CVE-2025-11148,0.013900000,0.699690000,0.9567129629629629,2026-08-15,2026-08-15,CVE-2025-11148,9.8,2026-06-17T08:29:45.187
CVE-2025-10991,0.001620000,0.058850000,0.24421296296296297,2026-08-15,2026-08-15,CVE-2025-10991,,2026-06-17T08:29:24.657
CVE-2025-10859,0.001120000,0.015720000,0.05,2026-08-15,2026-08-15,CVE-2025-10859,4.0,2026-06-17T08:29:10.303
CVE-2025-10217,0.002770000,0.201820000,0.5641203703703703,2026-08-15,2026-08-15,CVE-2025-10217,,2026-06-17T08:27:55.337
CVE-2025-10196,0.002160000,0.122600000,0.4125,2026-08-15,2026-08-15,CVE-2025-10196,6.4,2026-06-17T08:27:53.027
CVE-2025-10191,0.002310000,0.142650000,0.4583333333333333,2026-08-15,2026-08-15,CVE-2025-10191,6.4,2026-06-17T08:27:52.490
CVE-2025-10189,0.001800000,0.078210000,0.3,2026-08-15,2026-08-15,CVE-2025-10189,6.4,2026-06-17T08:27:52.297
CVE-2025-10182,0.002190000,0.126520000,0.4219907407407407,2026-08-15,2026-08-15,CVE-2025-10182,6.4,2026-06-17T08:27:50.110
CVE-2025-10179,0.001870000,0.085600000,0.3159722222222222,2026-08-15,2026-08-15,CVE-2025-10179,6.4,2026-06-17T08:27:49.807
CVE-2025-10168,0.002810000,0.206660000,0.5701388888888889,2026-08-15,2026-08-15,CVE-2025-10168,6.4,2026-06-17T08:27:48.683
CVE-2025-10131,0.001800000,0.078120000,0.3,2026-08-15,2026-08-15,CVE-2025-10131,6.4,2026-06-17T08:27:45.407
CVE-2025-10130,0.002230000,0.131820000,0.4363425925925926,2026-08-15,2026-08-15,CVE-2025-10130,6.4,2026-06-17T08:27:45.303
CVE-2025-10128,0.001800000,0.078140000,0.3,2026-08-15,2026-08-15,CVE-2025-10128,6.4,2026-06-17T08:27:45.107
CVE-2025-10000,0.003610000,0.292040000,0.7055555555555556,2026-08-15,2026-08-15,CVE-2025-10000,6.4,2026-06-17T08:27:29.913
CVE-2024-58040,0.002210000,0.129220000,0.4305555555555556,2026-08-15,2026-08-15,CVE-2024-58040,9.1,2026-06-17T08:14:29.507
CVE-2025-61792,0.001230000,0.025080000,0.06967592592592593,2026-08-15,2026-08-15,CVE-2025-61792,6.4,2026-06-17T09:50:54.540
CVE-2025-6034,0.001670000,0.064090000,0.26296296296296295,2026-08-15,2026-08-15,CVE-2025-6034,7.8,2026-06-17T10:01:02.313
CVE-2025-6033,0.001710000,0.067820000,0.27685185185185185,2026-08-15,2026-08-15,CVE-2025-6033,7.8,2026-06-17T10:01:02.190
CVE-2025-57254,0.002490000,0.165050000,0.5099537037037037,2026-08-15,2026-08-15,CVE-2025-57254,6.5,2026-06-17T09:42:58.633
CVE-2025-56676,0.003080000,0.234470000,0.6201388888888889,2026-08-15,2026-08-15,CVE-2025-56676,5.4,2026-06-17T09:42:43.007
CVE-2025-56675,0.001810000,0.079580000,0.3025462962962963,2026-08-15,2026-08-15,CVE-2025-56675,3.5,2026-06-17T09:42:42.897
CVE-2025-56572,0.004960000,0.403290000,0.8537037037037037,2026-08-15,2026-08-15,CVE-2025-56572,7.5,2026-07-05T02:17:02.017
CVE-2025-56571,0.004030000,0.334980000,0.7685185185185185,2026-08-15,2026-08-15,CVE-2025-56571,7.5,2026-07-05T02:17:01.853
CVE-2025-56520,0.006490000,0.481190000,0.9,2026-08-15,2026-08-15,CVE-2025-56520,5.3,2026-06-17T09:42:38.900
CVE-2025-56513,0.004180000,0.348890000,0.7854166666666667,2026-08-15,2026-08-15,CVE-2025-56513,9.8,2026-06-17T09:42:38.433
CVE-2025-56392,0.003060000,0.232850000,0.6164351851851851,2026-08-15,2026-08-15,CVE-2025-56392,8.1,2026-06-17T09:42:33.143
CVE-2025-56207,0.003060000,0.232230000,0.6164351851851851,2026-08-15,2026-08-15,CVE-2025-56207,6.5,2026-06-17T09:42:25.580
CVE-2025-56200,0.003020000,0.228930000,0.6101851851851852,2026-08-15,2026-08-15,CVE-2025-56200,6.1,2026-07-05T02:16:58.160
CVE-2025-56132,0.006480000,0.480830000,0.8997685185185185,2026-08-15,2026-08-15,CVE-2025-56132,7.3,2026-06-17T09:42:24.350
CVE-2025-55191,0.004410000,0.366860000,0.80625,2026-08-15,2026-08-15,CVE-2025-55191,5.3,2026-06-17T09:41:25.717
CVE-2025-43827,0.002690000,0.191550000,0.5481481481481482,2026-08-15,2026-08-15,CVE-2025-43827,4.3,2026-06-17T09:24:36.230
CVE-2025-43826,0.002070000,0.110290000,0.3861111111111111,2026-08-15,2026-08-15,CVE-2025-43826,5.4,2026-06-17T09:24:36.113
CVE-2025-36262,0.002810000,0.205900000,0.5701388888888889,2026-08-15,2026-08-15,CVE-2025-36262,4.9,2026-06-17T09:14:38.623
CVE-2025-36132,0.001750000,0.072570000,0.2881944444444444,2026-08-15,2026-08-15,CVE-2025-36132,5.4,2026-06-17T09:14:31.413
CVE-2025-24525,0.002420000,0.156950000,0.4928240740740741,2026-08-15,2026-08-15,CVE-2025-24525,7.5,2026-06-17T08:59:10.180
CVE-2025-23293,0.002130000,0.119350000,0.4060185185185185,2026-08-15,2026-08-15,CVE-2025-23293,8.7,2026-06-17T08:53:16.040
CVE-2025-23292,0.002010000,0.102550000,0.3659722222222222,2026-08-15,2026-08-15,CVE-2025-23292,4.6,2026-06-17T08:53:15.570
CVE-2025-23291,0.001190000,0.020430000,0.060648148148148145,2026-08-15,2026-08-15,CVE-2025-23291,2.4,2026-06-17T08:53:15.093
CVE-2025-11195,0.000840000,0.003200000,0.016203703703703703,2026-08-15,2026-08-15,CVE-2025-11195,3.3,2026-06-17T08:29:50.177
CVE-2025-10725,0.006970000,0.500040000,0.9106481481481481,2026-08-15,2026-08-15,CVE-2025-10725,9.9,2026-06-17T08:28:50.817
CVE-2025-10659,0.011610000,0.644910000,0.950925925925926,2026-08-15,2026-08-15,CVE-2025-10659,9.8,2026-06-17T08:28:42.990
CVE-2024-55017,0.002870000,0.211920000,0.5828703703703704,2026-08-15,2026-08-15,CVE-2024-55017,7.5,2026-06-17T08:10:53.147
