cve,epss,percentile,percentile_subset,timestamp,date
CVE-2025-9815,0.000670000,0.210260000,0.8184971098265896,2025-10-25,2025-10-25
CVE-2025-9814,0.000360000,0.096270000,0.48485549132947975,2025-10-25,2025-10-25
CVE-2025-9813,0.000940000,0.271290000,0.8732947976878612,2025-10-25,2025-10-25
CVE-2025-9812,0.000940000,0.271290000,0.8732947976878612,2025-10-25,2025-10-25
CVE-2025-9811,0.000360000,0.096270000,0.48485549132947975,2025-10-25,2025-10-25
CVE-2025-9810,0.000180000,0.030960000,0.13202312138728323,2025-10-25,2025-10-25
CVE-2025-9809,0.000900000,0.264900000,0.8691329479768786,2025-10-25,2025-10-25
CVE-2025-9806,0.000140000,0.016650000,0.06127167630057803,2025-10-25,2025-10-25
CVE-2025-9805,0.000550000,0.173010000,0.7657803468208092,2025-10-25,2025-10-25
CVE-2025-9802,0.000370000,0.103100000,0.5188439306358381,2025-10-25,2025-10-25
CVE-2025-9801,0.000890000,0.262890000,0.8670520231213873,2025-10-25,2025-10-25
CVE-2025-9800,0.000550000,0.173010000,0.7657803468208092,2025-10-25,2025-10-25
CVE-2025-9799,0.000460000,0.140650000,0.6763005780346821,2025-10-25,2025-10-25
CVE-2025-9797,0.000350000,0.093800000,0.4268208092485549,2025-10-25,2025-10-25
CVE-2025-9796,0.000390000,0.110580000,0.5563005780346821,2025-10-25,2025-10-25
CVE-2025-9795,0.000260000,0.058180000,0.23653179190751444,2025-10-25,2025-10-25
CVE-2025-9794,0.000530000,0.165120000,0.7479768786127168,2025-10-25,2025-10-25
CVE-2025-9793,0.000360000,0.096270000,0.48485549132947975,2025-10-25,2025-10-25
CVE-2025-9792,0.000360000,0.096270000,0.48485549132947975,2025-10-25,2025-10-25
CVE-2025-9791,0.000960000,0.275800000,0.8749132947976879,2025-10-25,2025-10-25
CVE-2025-9790,0.000370000,0.104530000,0.5188439306358381,2025-10-25,2025-10-25
CVE-2025-9789,0.000480000,0.148310000,0.7149132947976878,2025-10-25,2025-10-25
CVE-2025-9788,0.000360000,0.096270000,0.48485549132947975,2025-10-25,2025-10-25
CVE-2025-9786,0.000360000,0.096270000,0.48485549132947975,2025-10-25,2025-10-25
CVE-2025-9783,0.001430000,0.352940000,0.9079768786127168,2025-10-25,2025-10-25
CVE-2025-9782,0.001430000,0.352940000,0.9079768786127168,2025-10-25,2025-10-25
CVE-2025-9781,0.001430000,0.352940000,0.9079768786127168,2025-10-25,2025-10-25
CVE-2025-9780,0.001430000,0.352940000,0.9079768786127168,2025-10-25,2025-10-25
CVE-2025-9779,0.001430000,0.352940000,0.9079768786127168,2025-10-25,2025-10-25
CVE-2025-9778,0.000120000,0.012820000,0.0446242774566474,2025-10-25,2025-10-25
CVE-2025-9775,0.000600000,0.188410000,0.7951445086705202,2025-10-25,2025-10-25
CVE-2025-9774,0.000290000,0.071730000,0.2945664739884393,2025-10-25,2025-10-25
CVE-2025-9773,0.000410000,0.120100000,0.6263583815028901,2025-10-25,2025-10-25
CVE-2025-9772,0.000600000,0.188410000,0.7951445086705202,2025-10-25,2025-10-25
CVE-2025-9771,0.000360000,0.096270000,0.48485549132947975,2025-10-25,2025-10-25
CVE-2025-9770,0.000380000,0.109170000,0.5440462427745665,2025-10-25,2025-10-25
CVE-2025-9769,0.000590000,0.185740000,0.7900578034682081,2025-10-25,2025-10-25
CVE-2025-9768,0.000320000,0.083300000,0.3382658959537572,2025-10-25,2025-10-25
CVE-2025-9767,0.000370000,0.104530000,0.5188439306358381,2025-10-25,2025-10-25
CVE-2025-9766,0.000370000,0.104530000,0.5188439306358381,2025-10-25,2025-10-25
CVE-2025-9765,0.000370000,0.104530000,0.5188439306358381,2025-10-25,2025-10-25
CVE-2025-9764,0.000370000,0.104530000,0.5188439306358381,2025-10-25,2025-10-25
CVE-2025-9763,0.000370000,0.104530000,0.5188439306358381,2025-10-25,2025-10-25
CVE-2025-9761,0.000370000,0.104530000,0.5188439306358381,2025-10-25,2025-10-25
CVE-2025-9760,0.000550000,0.172650000,0.7657803468208092,2025-10-25,2025-10-25
CVE-2025-9759,0.000370000,0.104530000,0.5188439306358381,2025-10-25,2025-10-25
CVE-2025-9758,0.000320000,0.083300000,0.3382658959537572,2025-10-25,2025-10-25
CVE-2025-9757,0.000370000,0.104530000,0.5188439306358381,2025-10-25,2025-10-25
CVE-2025-9756,0.000320000,0.083300000,0.3382658959537572,2025-10-25,2025-10-25
CVE-2025-9755,0.000410000,0.120100000,0.6263583815028901,2025-10-25,2025-10-25
CVE-2025-9754,0.000320000,0.080650000,0.3382658959537572,2025-10-25,2025-10-25
CVE-2025-9753,0.000380000,0.107960000,0.5440462427745665,2025-10-25,2025-10-25
CVE-2025-9752,0.003840000,0.589620000,0.9657803468208093,2025-10-25,2025-10-25
CVE-2025-9751,0.000370000,0.104530000,0.5188439306358381,2025-10-25,2025-10-25
CVE-2025-9570,0.000670000,0.211650000,0.8184971098265896,2025-10-25,2025-10-25
CVE-2025-9569,0.000510000,0.157220000,0.7384971098265896,2025-10-25,2025-10-25
CVE-2025-9568,0.000510000,0.157220000,0.7384971098265896,2025-10-25,2025-10-25
CVE-2025-9567,0.000510000,0.157220000,0.7384971098265896,2025-10-25,2025-10-25
CVE-2025-9375,0.000810000,0.246250000,0.8566473988439306,2025-10-25,2025-10-25
CVE-2025-8662,0.000800000,0.244530000,0.8543352601156069,2025-10-25,2025-10-25
CVE-2025-7731,0.000170000,0.029680000,0.10150289017341041,2025-10-25,2025-10-25
CVE-2025-7405,0.002390000,0.469230000,0.9442774566473988,2025-10-25,2025-10-25
CVE-2025-6507,0.001040000,0.291270000,0.8836994219653179,2025-10-25,2025-10-25
CVE-2025-58318,0.000220000,0.045370000,0.16208092485549133,2025-10-25,2025-10-25
CVE-2025-58178,0.000560000,0.175110000,0.7738728323699422,2025-10-25,2025-10-25
CVE-2025-58162,0.001080000,0.298530000,0.8878612716763006,2025-10-25,2025-10-25
CVE-2025-58161,0.001360000,0.341610000,0.904971098265896,2025-10-25,2025-10-25
CVE-2025-57808,0.048110000,0.889820000,0.9935260115606936,2025-10-25,2025-10-25
CVE-2025-57799,0.016620000,0.814270000,0.9898265895953757,2025-10-25,2025-10-25
CVE-2025-55007,0.000330000,0.084810000,0.3796531791907514,2025-10-25,2025-10-25
CVE-2025-54857,0.008000000,0.732850000,0.9819653179190752,2025-10-25,2025-10-25
CVE-2025-44017,0.000350000,0.094480000,0.4268208092485549,2025-10-25,2025-10-25
CVE-2025-41690,0.000360000,0.096750000,0.48485549132947975,2025-10-25,2025-10-25
CVE-2025-41030,0.000950000,0.273020000,0.8739884393063584,2025-10-25,2025-10-25
CVE-2025-36133,0.000160000,0.024960000,0.08971098265895953,2025-10-25,2025-10-25
CVE-2025-3586,0.004850000,0.644630000,0.9727167630057804,2025-10-25,2025-10-25
CVE-2025-33102,0.000180000,0.031390000,0.13202312138728323,2025-10-25,2025-10-25
CVE-2025-33099,0.000270000,0.061790000,0.2846242774566474,2025-10-25,2025-10-25
CVE-2025-33084,0.000190000,0.037140000,0.14358381502890175,2025-10-25,2025-10-25
CVE-2025-33083,0.000310000,0.080020000,0.32439306358381503,2025-10-25,2025-10-25
CVE-2025-33082,0.000310000,0.080020000,0.32439306358381503,2025-10-25,2025-10-25
CVE-2025-2412,0.000740000,0.229470000,0.8430057803468208,2025-10-25,2025-10-25
CVE-2025-20708,0.003250000,0.549660000,0.9567630057803468,2025-10-25,2025-10-25
CVE-2025-20707,0.000060000,0.002620000,0.007861271676300578,2025-10-25,2025-10-25
CVE-2025-20706,0.000060000,0.002490000,0.007861271676300578,2025-10-25,2025-10-25
CVE-2025-20705,0.000060000,0.002490000,0.007861271676300578,2025-10-25,2025-10-25
CVE-2025-20704,0.002150000,0.441470000,0.9387283236994219,2025-10-25,2025-10-25
CVE-2025-20703,0.003640000,0.577600000,0.9632369942196531,2025-10-25,2025-10-25
CVE-2025-0656,0.000840000,0.254080000,0.8610404624277457,2025-10-25,2025-10-25
CVE-2025-0610,0.000250000,0.052950000,0.2069364161849711,2025-10-25,2025-10-25
CVE-2024-28988,0.001790000,0.399210000,0.9257803468208092,2025-10-25,2025-10-25
CVE-2024-12925,0.000290000,0.072400000,0.2945664739884393,2025-10-25,2025-10-25
CVE-2024-12924,0.000360000,0.098590000,0.48485549132947975,2025-10-25,2025-10-25
CVE-2024-12914,0.000360000,0.098250000,0.48485549132947975,2025-10-25,2025-10-25
CVE-2022-38696,0.000870000,0.259210000,0.8645086705202312,2025-10-25,2025-10-25
CVE-2022-38695,0.000170000,0.030790000,0.10150289017341041,2025-10-25,2025-10-25
CVE-2022-38694,0.003370000,0.559850000,0.9588439306358382,2025-10-25,2025-10-25
CVE-2022-38693,0.000870000,0.259210000,0.8645086705202312,2025-10-25,2025-10-25
CVE-2022-38692,0.000670000,0.210670000,0.8184971098265896,2025-10-25,2025-10-25
CVE-2022-38691,0.001620000,0.377440000,0.9167630057803469,2025-10-25,2025-10-25
CVE-2025-9837,0.000370000,0.104530000,0.5188439306358381,2025-10-25,2025-10-25
CVE-2025-9836,0.000350000,0.091630000,0.4268208092485549,2025-10-25,2025-10-25
CVE-2025-9835,0.000420000,0.123570000,0.6372254335260116,2025-10-25,2025-10-25
CVE-2025-9834,0.000320000,0.080650000,0.3382658959537572,2025-10-25,2025-10-25
CVE-2025-9833,0.000370000,0.104530000,0.5188439306358381,2025-10-25,2025-10-25
CVE-2025-9832,0.000530000,0.165120000,0.7479768786127168,2025-10-25,2025-10-25
CVE-2025-9831,0.000370000,0.104530000,0.5188439306358381,2025-10-25,2025-10-25
CVE-2025-9830,0.000370000,0.104530000,0.5188439306358381,2025-10-25,2025-10-25
CVE-2025-9829,0.000480000,0.148310000,0.7149132947976878,2025-10-25,2025-10-25
CVE-2025-9828,0.000630000,0.199210000,0.8067052023121387,2025-10-25,2025-10-25
CVE-2025-9784,0.002240000,0.450250000,0.9415028901734104,2025-10-25,2025-10-25
CVE-2025-9696,0.000120000,0.012110000,0.0446242774566474,2025-10-25,2025-10-25
CVE-2025-9573,0.004060000,0.603640000,0.9685549132947977,2025-10-25,2025-10-25
CVE-2025-9330,0.000180000,0.033040000,0.13202312138728323,2025-10-25,2025-10-25
CVE-2025-9329,0.000740000,0.230960000,0.8430057803468208,2025-10-25,2025-10-25
CVE-2025-9328,0.000740000,0.230960000,0.8430057803468208,2025-10-25,2025-10-25
CVE-2025-9327,0.000310000,0.077490000,0.32439306358381503,2025-10-25,2025-10-25
CVE-2025-9326,0.000740000,0.230960000,0.8430057803468208,2025-10-25,2025-10-25
CVE-2025-9325,0.000310000,0.077490000,0.32439306358381503,2025-10-25,2025-10-25
CVE-2025-9324,0.000310000,0.077490000,0.32439306358381503,2025-10-25,2025-10-25
CVE-2025-9323,0.000310000,0.077490000,0.32439306358381503,2025-10-25,2025-10-25
CVE-2025-9276,0.005140000,0.656740000,0.9752601156069364,2025-10-25,2025-10-25
CVE-2025-9275,0.000690000,0.215320000,0.829364161849711,2025-10-25,2025-10-25
CVE-2025-9274,0.000550000,0.171570000,0.7657803468208092,2025-10-25,2025-10-25
CVE-2025-9273,0.002000000,0.424090000,0.9345664739884393,2025-10-25,2025-10-25
CVE-2025-9189,0.000370000,0.103380000,0.5188439306358381,2025-10-25,2025-10-25
CVE-2025-9188,0.001230000,0.322150000,0.8991907514450868,2025-10-25,2025-10-25
CVE-2025-8614,0.000180000,0.033040000,0.13202312138728323,2025-10-25,2025-10-25
CVE-2025-8613,0.007010000,0.712050000,0.9803468208092485,2025-10-25,2025-10-25
CVE-2025-8302,0.000190000,0.035660000,0.14358381502890175,2025-10-25,2025-10-25
CVE-2025-8301,0.000190000,0.035660000,0.14358381502890175,2025-10-25,2025-10-25
CVE-2025-8300,0.000190000,0.035660000,0.14358381502890175,2025-10-25,2025-10-25
CVE-2025-8299,0.000190000,0.035660000,0.14358381502890175,2025-10-25,2025-10-25
CVE-2025-8298,0.000160000,0.024800000,0.08971098265895953,2025-10-25,2025-10-25
CVE-2025-7976,0.002400000,0.472860000,0.9445086705202312,2025-10-25,2025-10-25
CVE-2025-7975,0.003370000,0.559750000,0.9588439306358382,2025-10-25,2025-10-25
CVE-2025-7974,0.000960000,0.275120000,0.8749132947976879,2025-10-25,2025-10-25
CVE-2025-6685,0.011290000,0.775970000,0.9861271676300578,2025-10-25,2025-10-25
CVE-2025-6519,0.000590000,0.187420000,0.7900578034682081,2025-10-25,2025-10-25
CVE-2025-57778,0.000370000,0.103380000,0.5188439306358381,2025-10-25,2025-10-25
CVE-2025-57777,0.000370000,0.103380000,0.5188439306358381,2025-10-25,2025-10-25
CVE-2025-57776,0.000370000,0.103380000,0.5188439306358381,2025-10-25,2025-10-25
CVE-2025-57775,0.000370000,0.103380000,0.5188439306358381,2025-10-25,2025-10-25
CVE-2025-57774,0.000370000,0.103380000,0.5188439306358381,2025-10-25,2025-10-25
CVE-2025-57616,0.000720000,0.224250000,0.8353757225433526,2025-10-25,2025-10-25
CVE-2025-57615,0.000720000,0.224790000,0.8353757225433526,2025-10-25,2025-10-25
CVE-2025-57614,0.001170000,0.312330000,0.8966473988439306,2025-10-25,2025-10-25
CVE-2025-57613,0.000720000,0.224790000,0.8353757225433526,2025-10-25,2025-10-25
CVE-2025-57612,0.000720000,0.224790000,0.8353757225433526,2025-10-25,2025-10-25
CVE-2025-57611,0.000510000,0.158650000,0.7384971098265896,2025-10-25,2025-10-25
CVE-2025-57140,0.000440000,0.131710000,0.6564161849710982,2025-10-25,2025-10-25
CVE-2025-5662,0.007980000,0.732470000,0.9817341040462427,2025-10-25,2025-10-25
CVE-2025-56254,0.000320000,0.083380000,0.3382658959537572,2025-10-25,2025-10-25
CVE-2025-55824,0.000530000,0.166400000,0.7479768786127168,2025-10-25,2025-10-25
CVE-2025-55476,0.000330000,0.085390000,0.3796531791907514,2025-10-25,2025-10-25
CVE-2025-55474,0.000440000,0.130410000,0.6564161849710982,2025-10-25,2025-10-25
CVE-2025-55473,0.000340000,0.089580000,0.3965317919075145,2025-10-25,2025-10-25
CVE-2025-55472,0.000360000,0.098860000,0.48485549132947975,2025-10-25,2025-10-25
CVE-2025-55373,0.001040000,0.290670000,0.8836994219653179,2025-10-25,2025-10-25
CVE-2025-55372,0.000720000,0.224790000,0.8353757225433526,2025-10-25,2025-10-25
CVE-2025-54599,0.000550000,0.172750000,0.7657803468208092,2025-10-25,2025-10-25
CVE-2025-52551,0.000590000,0.184800000,0.7900578034682081,2025-10-25,2025-10-25
CVE-2025-52550,0.000250000,0.053930000,0.2069364161849711,2025-10-25,2025-10-25
CVE-2025-52549,0.000630000,0.197150000,0.8067052023121387,2025-10-25,2025-10-25
CVE-2025-52548,0.000370000,0.103110000,0.5188439306358381,2025-10-25,2025-10-25
CVE-2025-52547,0.000760000,0.233660000,0.8471676300578035,2025-10-25,2025-10-25
CVE-2025-52546,0.000730000,0.226870000,0.8416184971098266,2025-10-25,2025-10-25
CVE-2025-52545,0.000430000,0.126080000,0.6448554913294797,2025-10-25,2025-10-25
CVE-2025-52544,0.000870000,0.259780000,0.8645086705202312,2025-10-25,2025-10-25
CVE-2025-52543,0.000510000,0.158340000,0.7384971098265896,2025-10-25,2025-10-25
CVE-2025-51966,0.000440000,0.131550000,0.6564161849710982,2025-10-25,2025-10-25
CVE-2025-50757,0.138420000,0.939820000,0.9965317919075144,2025-10-25,2025-10-25
CVE-2025-50755,0.138420000,0.939820000,0.9965317919075144,2025-10-25,2025-10-25
CVE-2025-50565,0.000330000,0.086400000,0.3796531791907514,2025-10-25,2025-10-25
CVE-2025-46810,0.000180000,0.033640000,0.13202312138728323,2025-10-25,2025-10-25
CVE-2025-46047,0.000190000,0.035580000,0.14358381502890175,2025-10-25,2025-10-25
CVE-2025-43726,0.000140000,0.017240000,0.06127167630057803,2025-10-25,2025-10-25
CVE-2025-41031,0.000950000,0.273020000,0.8739884393063584,2025-10-25,2025-10-25
CVE-2025-36162,0.000320000,0.080240000,0.3382658959537572,2025-10-25,2025-10-25
CVE-2025-32100,0.000430000,0.129300000,0.6448554913294797,2025-10-25,2025-10-25
CVE-2025-32098,0.000440000,0.132880000,0.6564161849710982,2025-10-25,2025-10-25
CVE-2025-2414,0.000740000,0.229470000,0.8430057803468208,2025-10-25,2025-10-25
CVE-2025-2413,0.000740000,0.229470000,0.8430057803468208,2025-10-25,2025-10-25
CVE-2025-22418,0.000040000,0.001630000,0.0020809248554913293,2025-10-25,2025-10-25
CVE-2025-22417,0.000030000,0.001170000,0.0011560693641618498,2025-10-25,2025-10-25
CVE-2025-22416,0.000040000,0.001630000,0.0020809248554913293,2025-10-25,2025-10-25
CVE-2025-0670,0.000450000,0.134820000,0.6695953757225434,2025-10-25,2025-10-25
CVE-2025-0640,0.000450000,0.134820000,0.6695953757225434,2025-10-25,2025-10-25
CVE-2024-58259,0.000180000,0.033650000,0.13202312138728323,2025-10-25,2025-10-25
CVE-2024-52284,0.000140000,0.016260000,0.06127167630057803,2025-10-25,2025-10-25
CVE-2024-51423,0.000830000,0.249930000,0.8596531791907515,2025-10-25,2025-10-25
CVE-2024-49730,0.000050000,0.001770000,0.003468208092485549,2025-10-25,2025-10-25
CVE-2024-49728,0.000040000,0.001580000,0.0020809248554913293,2025-10-25,2025-10-25
CVE-2024-49722,0.000060000,0.002330000,0.007861271676300578,2025-10-25,2025-10-25
CVE-2024-49720,0.000080000,0.004990000,0.027052023121387284,2025-10-25,2025-10-25
CVE-2024-48705,0.195510000,0.951360000,0.9974566473988439,2025-10-25,2025-10-25
CVE-2024-40653,0.000150000,0.020240000,0.07514450867052024,2025-10-25,2025-10-25
CVE-2024-12974,0.000360000,0.098250000,0.48485549132947975,2025-10-25,2025-10-25
CVE-2024-12973,0.000220000,0.044410000,0.16208092485549133,2025-10-25,2025-10-25
CVE-2024-12972,0.000360000,0.098250000,0.48485549132947975,2025-10-25,2025-10-25
CVE-2025-9901,0.000650000,0.203660000,0.8157225433526012,2025-10-25,2025-10-25
CVE-2025-9848,0.000770000,0.236840000,0.8499421965317919,2025-10-25,2025-10-25
CVE-2025-9847,0.000440000,0.130950000,0.6564161849710982,2025-10-25,2025-10-25
CVE-2025-9845,0.000320000,0.080650000,0.3382658959537572,2025-10-25,2025-10-25
CVE-2025-9843,0.000410000,0.120270000,0.6263583815028901,2025-10-25,2025-10-25
CVE-2025-9842,0.000410000,0.120270000,0.6263583815028901,2025-10-25,2025-10-25
CVE-2025-9841,0.000400000,0.116810000,0.610635838150289,2025-10-25,2025-10-25
CVE-2025-9840,0.000320000,0.083300000,0.3382658959537572,2025-10-25,2025-10-25
CVE-2025-9839,0.000370000,0.104530000,0.5188439306358381,2025-10-25,2025-10-25
CVE-2025-9838,0.000370000,0.104530000,0.5188439306358381,2025-10-25,2025-10-25
CVE-2025-9822,0.000370000,0.105320000,0.5188439306358381,2025-10-25,2025-10-25
CVE-2025-9821,0.000270000,0.062360000,0.2846242774566474,2025-10-25,2025-10-25
CVE-2025-9817,0.000240000,0.050010000,0.1722543352601156,2025-10-25,2025-10-25
CVE-2025-9785,0.000470000,0.141960000,0.686242774566474,2025-10-25,2025-10-25
CVE-2025-9378,0.000370000,0.103340000,0.5188439306358381,2025-10-25,2025-10-25
CVE-2025-9260,0.001670000,0.383870000,0.9193063583815029,2025-10-25,2025-10-25
CVE-2025-9219,0.000320000,0.082150000,0.3382658959537572,2025-10-25,2025-10-25
CVE-2025-8663,0.000540000,0.168300000,0.7553757225433526,2025-10-25,2025-10-25
CVE-2025-7039,0.000890000,0.263880000,0.8670520231213873,2025-10-25,2025-10-25
CVE-2025-58351,0.000390000,0.113640000,0.5563005780346821,2025-10-25,2025-10-25
CVE-2025-58272,0.000080000,0.004830000,0.027052023121387284,2025-10-25,2025-10-25
CVE-2025-58210,0.000400000,0.117800000,0.610635838150289,2025-10-25,2025-10-25
CVE-2025-58176,0.002060000,0.429010000,0.936878612716763,2025-10-25,2025-10-25
CVE-2025-58163,0.002900000,0.521050000,0.9519075144508671,2025-10-25,2025-10-25
CVE-2025-57806,0.000050000,0.001820000,0.003468208092485549,2025-10-25,2025-10-25
CVE-2025-54588,0.000080000,0.004560000,0.027052023121387284,2025-10-25,2025-10-25
CVE-2025-53694,0.000600000,0.190860000,0.7951445086705202,2025-10-25,2025-10-25
CVE-2025-53693,0.001490000,0.360930000,0.9132947976878613,2025-10-25,2025-10-25
CVE-2025-53691,0.010070000,0.763140000,0.9845086705202312,2025-10-25,2025-10-25
CVE-2025-47421,0.000580000,0.184170000,0.7847398843930636,2025-10-25,2025-10-25
CVE-2025-41000,0.000590000,0.184800000,0.7900578034682081,2025-10-25,2025-10-25
CVE-2025-38678,0.000260000,0.059300000,0.23653179190751444,2025-10-25,2025-10-25
CVE-2025-3701,0.000340000,0.089430000,0.3965317919075145,2025-10-25,2025-10-25
CVE-2025-26416,0.001110000,0.303000000,0.8917919075144509,2025-10-25,2025-10-25
CVE-2025-26210,0.000670000,0.211250000,0.8184971098265896,2025-10-25,2025-10-25
CVE-2025-2416,0.000740000,0.229470000,0.8430057803468208,2025-10-25,2025-10-25
CVE-2025-2415,0.000740000,0.229470000,0.8430057803468208,2025-10-25,2025-10-25
CVE-2025-22442,0.000030000,0.001150000,0.0011560693641618498,2025-10-25,2025-10-25
CVE-2025-22439,0.000030000,0.001170000,0.0011560693641618498,2025-10-25,2025-10-25
CVE-2025-22438,0.000050000,0.001770000,0.003468208092485549,2025-10-25,2025-10-25
CVE-2025-22437,0.000090000,0.005900000,0.03421965317919075,2025-10-25,2025-10-25
CVE-2025-22435,0.000260000,0.059840000,0.23653179190751444,2025-10-25,2025-10-25
CVE-2025-22434,0.000090000,0.005900000,0.03421965317919075,2025-10-25,2025-10-25
CVE-2025-22433,0.000120000,0.012110000,0.0446242774566474,2025-10-25,2025-10-25
CVE-2025-22431,0.000090000,0.005770000,0.03421965317919075,2025-10-25,2025-10-25
CVE-2025-22430,0.000040000,0.001580000,0.0020809248554913293,2025-10-25,2025-10-25
CVE-2025-22429,0.000530000,0.165640000,0.7479768786127168,2025-10-25,2025-10-25
CVE-2025-22428,0.000060000,0.002620000,0.007861271676300578,2025-10-25,2025-10-25
CVE-2025-22427,0.000070000,0.003310000,0.019653179190751446,2025-10-25,2025-10-25
CVE-2025-22423,0.001450000,0.354440000,0.9095953757225433,2025-10-25,2025-10-25
CVE-2025-22422,0.000120000,0.012130000,0.0446242774566474,2025-10-25,2025-10-25
CVE-2025-22421,0.000060000,0.002800000,0.007861271676300578,2025-10-25,2025-10-25
CVE-2025-22419,0.000030000,0.001170000,0.0011560693641618498,2025-10-25,2025-10-25
CVE-2025-21041,0.000160000,0.024550000,0.08971098265895953,2025-10-25,2025-10-25
CVE-2025-21040,0.000180000,0.033740000,0.13202312138728323,2025-10-25,2025-10-25
CVE-2025-21039,0.000180000,0.033740000,0.13202312138728323,2025-10-25,2025-10-25
CVE-2025-21038,0.000180000,0.033740000,0.13202312138728323,2025-10-25,2025-10-25
CVE-2025-21037,0.000180000,0.034210000,0.13202312138728323,2025-10-25,2025-10-25
CVE-2025-21036,0.000130000,0.015540000,0.04947976878612717,2025-10-25,2025-10-25
CVE-2025-21035,0.000230000,0.046130000,0.16716763005780347,2025-10-25,2025-10-25
CVE-2025-21034,0.000150000,0.021890000,0.07514450867052024,2025-10-25,2025-10-25
CVE-2025-21033,0.000160000,0.023130000,0.08971098265895953,2025-10-25,2025-10-25
CVE-2025-21032,0.000210000,0.042370000,0.1553757225433526,2025-10-25,2025-10-25
CVE-2025-21031,0.000190000,0.037120000,0.14358381502890175,2025-10-25,2025-10-25
CVE-2025-21030,0.000220000,0.045770000,0.16208092485549133,2025-10-25,2025-10-25
CVE-2025-21029,0.000180000,0.033740000,0.13202312138728323,2025-10-25,2025-10-25
CVE-2025-21028,0.000170000,0.030580000,0.10150289017341041,2025-10-25,2025-10-25
CVE-2025-21027,0.000200000,0.037440000,0.14959537572254336,2025-10-25,2025-10-25
CVE-2025-21026,0.000180000,0.034350000,0.13202312138728323,2025-10-25,2025-10-25
CVE-2025-21025,0.000190000,0.034670000,0.14358381502890175,2025-10-25,2025-10-25
CVE-2025-1740,0.000760000,0.233470000,0.8471676300578035,2025-10-25,2025-10-25
CVE-2025-0878,0.000540000,0.170290000,0.7553757225433526,2025-10-25,2025-10-25
CVE-2024-43166,0.000900000,0.264170000,0.8691329479768786,2025-10-25,2025-10-25
CVE-2024-43115,0.000580000,0.183860000,0.7847398843930636,2025-10-25,2025-10-25
CVE-2024-32444,0.000760000,0.233750000,0.8471676300578035,2025-10-25,2025-10-25
CVE-2024-13068,0.000240000,0.050700000,0.1722543352601156,2025-10-25,2025-10-25
CVE-2024-13066,0.000310000,0.079800000,0.32439306358381503,2025-10-25,2025-10-25
CVE-2024-13065,0.000370000,0.105400000,0.5188439306358381,2025-10-25,2025-10-25
CVE-2024-13064,0.000360000,0.098250000,0.48485549132947975,2025-10-25,2025-10-25
CVE-2024-13063,0.000410000,0.120350000,0.6263583815028901,2025-10-25,2025-10-25
CVE-2023-3666,0.000380000,0.108350000,0.5440462427745665,2025-10-25,2025-10-25
CVE-2023-21483,0.000150000,0.019760000,0.07514450867052024,2025-10-25,2025-10-25
CVE-2023-21482,0.000210000,0.042800000,0.1553757225433526,2025-10-25,2025-10-25
CVE-2023-21481,0.000680000,0.214280000,0.8224277456647399,2025-10-25,2025-10-25
CVE-2023-21480,0.000330000,0.086810000,0.3796531791907514,2025-10-25,2025-10-25
CVE-2023-21479,0.000840000,0.254250000,0.8610404624277457,2025-10-25,2025-10-25
CVE-2023-21478,0.000220000,0.044790000,0.16208092485549133,2025-10-25,2025-10-25
CVE-2023-21477,0.000160000,0.025920000,0.08971098265895953,2025-10-25,2025-10-25
CVE-2023-21476,0.000170000,0.030790000,0.10150289017341041,2025-10-25,2025-10-25
CVE-2023-21475,0.000170000,0.030790000,0.10150289017341041,2025-10-25,2025-10-25
CVE-2023-21474,0.000140000,0.017660000,0.06127167630057803,2025-10-25,2025-10-25
CVE-2023-21473,0.000800000,0.244490000,0.8543352601156069,2025-10-25,2025-10-25
CVE-2023-21472,0.000800000,0.244490000,0.8543352601156069,2025-10-25,2025-10-25
CVE-2023-21471,0.000180000,0.034350000,0.13202312138728323,2025-10-25,2025-10-25
CVE-2023-21470,0.000180000,0.034350000,0.13202312138728323,2025-10-25,2025-10-25
CVE-2023-21469,0.000180000,0.034350000,0.13202312138728323,2025-10-25,2025-10-25
CVE-2023-21468,0.000150000,0.022900000,0.07514450867052024,2025-10-25,2025-10-25
CVE-2023-21467,0.001300000,0.333460000,0.9038150289017342,2025-10-25,2025-10-25
CVE-2023-21466,0.000100000,0.008290000,0.0376878612716763,2025-10-25,2025-10-25
CVE-2014-125127,0.000540000,0.168080000,0.7553757225433526,2025-10-25,2025-10-25
CVE-2025-9959,0.000490000,0.150710000,0.7211560693641619,2025-10-25,2025-10-25
CVE-2025-9926,0.000360000,0.096270000,0.48485549132947975,2025-10-25,2025-10-25
CVE-2025-9925,0.000370000,0.104530000,0.5188439306358381,2025-10-25,2025-10-25
CVE-2025-9924,0.000370000,0.104530000,0.5188439306358381,2025-10-25,2025-10-25
CVE-2025-9923,0.000490000,0.150490000,0.7211560693641619,2025-10-25,2025-10-25
CVE-2025-9922,0.000410000,0.122500000,0.6263583815028901,2025-10-25,2025-10-25
CVE-2025-9921,0.000310000,0.077320000,0.32439306358381503,2025-10-25,2025-10-25
CVE-2025-9920,0.000540000,0.169300000,0.7553757225433526,2025-10-25,2025-10-25
CVE-2025-9919,0.000370000,0.104530000,0.5188439306358381,2025-10-25,2025-10-25
CVE-2025-9867,0.000330000,0.086170000,0.3796531791907514,2025-10-25,2025-10-25
CVE-2025-9866,0.000500000,0.153840000,0.7278612716763005,2025-10-25,2025-10-25
CVE-2025-9865,0.000330000,0.086170000,0.3796531791907514,2025-10-25,2025-10-25
CVE-2025-9864,0.001190000,0.316140000,0.8975722543352601,2025-10-25,2025-10-25
CVE-2025-9824,0.000570000,0.179470000,0.778728323699422,2025-10-25,2025-10-25
CVE-2025-9823,0.000600000,0.189980000,0.7951445086705202,2025-10-25,2025-10-25
CVE-2025-9365,0.000660000,0.206430000,0.8175722543352602,2025-10-25,2025-10-25
CVE-2025-58644,0.000630000,0.197720000,0.8067052023121387,2025-10-25,2025-10-25
CVE-2025-58643,0.000630000,0.197720000,0.8067052023121387,2025-10-25,2025-10-25
CVE-2025-58642,0.000630000,0.197720000,0.8067052023121387,2025-10-25,2025-10-25
CVE-2025-58641,0.000380000,0.108780000,0.5440462427745665,2025-10-25,2025-10-25
CVE-2025-58640,0.000390000,0.112390000,0.5563005780346821,2025-10-25,2025-10-25
CVE-2025-58639,0.000460000,0.138120000,0.6763005780346821,2025-10-25,2025-10-25
CVE-2025-58637,0.001470000,0.357490000,0.9107514450867052,2025-10-25,2025-10-25
CVE-2025-58635,0.000400000,0.117800000,0.610635838150289,2025-10-25,2025-10-25
CVE-2025-58634,0.000400000,0.117800000,0.610635838150289,2025-10-25,2025-10-25
CVE-2025-58633,0.000390000,0.112390000,0.5563005780346821,2025-10-25,2025-10-25
CVE-2025-58632,0.000390000,0.112390000,0.5563005780346821,2025-10-25,2025-10-25
CVE-2025-58631,0.000360000,0.098250000,0.48485549132947975,2025-10-25,2025-10-25
CVE-2025-58630,0.000360000,0.098250000,0.48485549132947975,2025-10-25,2025-10-25
CVE-2025-58626,0.000390000,0.112390000,0.5563005780346821,2025-10-25,2025-10-25
CVE-2025-58625,0.000360000,0.098250000,0.48485549132947975,2025-10-25,2025-10-25
CVE-2025-58624,0.000390000,0.112390000,0.5563005780346821,2025-10-25,2025-10-25
CVE-2025-58623,0.000390000,0.112390000,0.5563005780346821,2025-10-25,2025-10-25
CVE-2025-58622,0.000340000,0.089430000,0.3965317919075145,2025-10-25,2025-10-25
CVE-2025-58621,0.000390000,0.112390000,0.5563005780346821,2025-10-25,2025-10-25
CVE-2025-58620,0.000390000,0.112390000,0.5563005780346821,2025-10-25,2025-10-25
CVE-2025-58618,0.000390000,0.112390000,0.5563005780346821,2025-10-25,2025-10-25
CVE-2025-58617,0.000340000,0.089430000,0.3965317919075145,2025-10-25,2025-10-25
CVE-2025-58616,0.000470000,0.142170000,0.686242774566474,2025-10-25,2025-10-25
CVE-2025-58615,0.000330000,0.086490000,0.3796531791907514,2025-10-25,2025-10-25
CVE-2025-58614,0.000390000,0.112390000,0.5563005780346821,2025-10-25,2025-10-25
CVE-2025-58613,0.000400000,0.118930000,0.610635838150289,2025-10-25,2025-10-25
CVE-2025-58612,0.000390000,0.112390000,0.5563005780346821,2025-10-25,2025-10-25
CVE-2025-58611,0.000170000,0.029500000,0.10150289017341041,2025-10-25,2025-10-25
CVE-2025-58610,0.000390000,0.112390000,0.5563005780346821,2025-10-25,2025-10-25
CVE-2025-58609,0.000390000,0.112390000,0.5563005780346821,2025-10-25,2025-10-25
CVE-2025-58608,0.001470000,0.357490000,0.9107514450867052,2025-10-25,2025-10-25
CVE-2025-58607,0.000390000,0.112390000,0.5563005780346821,2025-10-25,2025-10-25
CVE-2025-58606,0.000340000,0.089430000,0.3965317919075145,2025-10-25,2025-10-25
CVE-2025-58605,0.000390000,0.112390000,0.5563005780346821,2025-10-25,2025-10-25
CVE-2025-58604,0.000390000,0.113420000,0.5563005780346821,2025-10-25,2025-10-25
CVE-2025-58603,0.000400000,0.117800000,0.610635838150289,2025-10-25,2025-10-25
CVE-2025-58602,0.000390000,0.112390000,0.5563005780346821,2025-10-25,2025-10-25
CVE-2025-58601,0.000340000,0.089430000,0.3965317919075145,2025-10-25,2025-10-25
CVE-2025-58600,0.000570000,0.179290000,0.778728323699422,2025-10-25,2025-10-25
CVE-2025-58599,0.000340000,0.089430000,0.3965317919075145,2025-10-25,2025-10-25
CVE-2025-58598,0.000400000,0.119270000,0.610635838150289,2025-10-25,2025-10-25
CVE-2025-58597,0.000460000,0.138120000,0.6763005780346821,2025-10-25,2025-10-25
CVE-2025-58596,0.000360000,0.098250000,0.48485549132947975,2025-10-25,2025-10-25
CVE-2025-58594,0.000340000,0.089430000,0.3965317919075145,2025-10-25,2025-10-25
CVE-2025-58593,0.000390000,0.112390000,0.5563005780346821,2025-10-25,2025-10-25
CVE-2025-58460,0.000500000,0.152760000,0.7278612716763005,2025-10-25,2025-10-25
CVE-2025-58459,0.001260000,0.327570000,0.900578034682081,2025-10-25,2025-10-25
CVE-2025-58458,0.001690000,0.387150000,0.921849710982659,2025-10-25,2025-10-25
CVE-2025-57833,0.000140000,0.016150000,0.06127167630057803,2025-10-25,2025-10-25
CVE-2025-57151,0.000610000,0.192290000,0.8002312138728324,2025-10-25,2025-10-25
CVE-2025-57150,0.000800000,0.245450000,0.8543352601156069,2025-10-25,2025-10-25
CVE-2025-57149,0.000330000,0.086670000,0.3796531791907514,2025-10-25,2025-10-25
CVE-2025-57148,0.000720000,0.224570000,0.8353757225433526,2025-10-25,2025-10-25
CVE-2025-57147,0.000410000,0.121090000,0.6263583815028901,2025-10-25,2025-10-25
CVE-2025-57146,0.000330000,0.086040000,0.3796531791907514,2025-10-25,2025-10-25
CVE-2025-57052,0.001290000,0.332020000,0.903121387283237,2025-10-25,2025-10-25
CVE-2025-56803,0.001470000,0.357980000,0.9107514450867052,2025-10-25,2025-10-25
CVE-2025-56761,0.000450000,0.135360000,0.6695953757225434,2025-10-25,2025-10-25
CVE-2025-56760,0.000670000,0.209800000,0.8184971098265896,2025-10-25,2025-10-25
CVE-2025-56752,0.002890000,0.520370000,0.9514450867052023,2025-10-25,2025-10-25
CVE-2025-56689,0.000500000,0.154410000,0.7278612716763005,2025-10-25,2025-10-25
CVE-2025-56608,0.000610000,0.193550000,0.8002312138728324,2025-10-25,2025-10-25
CVE-2025-56498,0.033310000,0.867410000,0.9926011560693642,2025-10-25,2025-10-25
CVE-2025-56435,0.001290000,0.331890000,0.903121387283237,2025-10-25,2025-10-25
CVE-2025-56139,0.000480000,0.146110000,0.7149132947976878,2025-10-25,2025-10-25
CVE-2025-55944,0.000790000,0.243660000,0.8527167630057804,2025-10-25,2025-10-25
CVE-2025-55852,0.000730000,0.228050000,0.8416184971098266,2025-10-25,2025-10-25
CVE-2025-55748,0.034870000,0.870430000,0.9928323699421965,2025-10-25,2025-10-25
CVE-2025-55747,0.060310000,0.902720000,0.9942196531791907,2025-10-25,2025-10-25
CVE-2025-55162,0.000060000,0.003070000,0.007861271676300578,2025-10-25,2025-10-25
CVE-2025-53690,0.207250000,0.953320000,0.9976878612716763,2025-10-25,2025-10-25
CVE-2025-52494,0.000600000,0.190550000,0.7951445086705202,2025-10-25,2025-10-25
CVE-2025-45805,0.000470000,0.145050000,0.686242774566474,2025-10-25,2025-10-25
CVE-2025-36193,0.000170000,0.027450000,0.10150289017341041,2025-10-25,2025-10-25
CVE-2025-20336,0.000210000,0.040350000,0.1553757225433526,2025-10-25,2025-10-25
CVE-2025-20335,0.000390000,0.112500000,0.5563005780346821,2025-10-25,2025-10-25
CVE-2025-20330,0.000470000,0.143310000,0.686242774566474,2025-10-25,2025-10-25
CVE-2025-20328,0.000430000,0.129520000,0.6448554913294797,2025-10-25,2025-10-25
CVE-2025-20326,0.000260000,0.056640000,0.23653179190751444,2025-10-25,2025-10-25
CVE-2025-20291,0.000270000,0.060830000,0.2846242774566474,2025-10-25,2025-10-25
CVE-2025-20287,0.000530000,0.163740000,0.7479768786127168,2025-10-25,2025-10-25
CVE-2025-20280,0.000390000,0.115010000,0.5563005780346821,2025-10-25,2025-10-25
CVE-2025-20270,0.000480000,0.147520000,0.7149132947976878,2025-10-25,2025-10-25
CVE-2025-0280,0.000140000,0.017250000,0.06127167630057803,2025-10-25,2025-10-25
CVE-2025-9942,0.000420000,0.122850000,0.6372254335260116,2025-10-25,2025-10-25
CVE-2025-9941,0.000420000,0.122850000,0.6372254335260116,2025-10-25,2025-10-25
CVE-2025-9940,0.000320000,0.080650000,0.3382658959537572,2025-10-25,2025-10-25
CVE-2025-9939,0.000320000,0.080650000,0.3382658959537572,2025-10-25,2025-10-25
CVE-2025-9938,0.001060000,0.293720000,0.8855491329479769,2025-10-25,2025-10-25
CVE-2025-9937,0.000440000,0.130420000,0.6564161849710982,2025-10-25,2025-10-25
CVE-2025-9936,0.000300000,0.074680000,0.30890173410404625,2025-10-25,2025-10-25
CVE-2025-9935,0.025530000,0.849190000,0.9905202312138728,2025-10-25,2025-10-25
CVE-2025-9934,0.028090000,0.855710000,0.9916763005780347,2025-10-25,2025-10-25
CVE-2025-9933,0.000370000,0.104530000,0.5188439306358381,2025-10-25,2025-10-25
CVE-2025-9932,0.000360000,0.096270000,0.48485549132947975,2025-10-25,2025-10-25
CVE-2025-9931,0.000410000,0.120100000,0.6263583815028901,2025-10-25,2025-10-25
CVE-2025-9930,0.000360000,0.096270000,0.48485549132947975,2025-10-25,2025-10-25
CVE-2025-9929,0.000380000,0.107960000,0.5440462427745665,2025-10-25,2025-10-25
CVE-2025-9928,0.000360000,0.096270000,0.48485549132947975,2025-10-25,2025-10-25
CVE-2025-9927,0.000370000,0.104530000,0.5188439306358381,2025-10-25,2025-10-25
CVE-2025-9616,0.000180000,0.034200000,0.13202312138728323,2025-10-25,2025-10-25
CVE-2025-9519,0.003230000,0.549040000,0.955606936416185,2025-10-25,2025-10-25
CVE-2025-9518,0.008980000,0.748880000,0.9840462427745664,2025-10-25,2025-10-25
CVE-2025-9517,0.003770000,0.585690000,0.9648554913294798,2025-10-25,2025-10-25
CVE-2025-9516,0.000500000,0.155020000,0.7278612716763005,2025-10-25,2025-10-25
CVE-2025-9467,0.001090000,0.298680000,0.8894797687861272,2025-10-25,2025-10-25
CVE-2025-8268,0.001100000,0.301350000,0.8904046242774567,2025-10-25,2025-10-25
CVE-2025-7388,0.002960000,0.526060000,0.9530635838150289,2025-10-25,2025-10-25
CVE-2025-7385,0.001770000,0.396780000,0.9248554913294798,2025-10-25,2025-10-25
CVE-2025-6984,0.000570000,0.178530000,0.778728323699422,2025-10-25,2025-10-25
CVE-2025-6085,0.004000000,0.599970000,0.9673988439306358,2025-10-25,2025-10-25
CVE-2025-58358,0.001270000,0.328500000,0.9010404624277457,2025-10-25,2025-10-25
CVE-2025-58357,0.000490000,0.149620000,0.7211560693641619,2025-10-25,2025-10-25
CVE-2025-58355,0.000640000,0.201630000,0.8110982658959538,2025-10-25,2025-10-25
CVE-2025-58064,0.001100000,0.301250000,0.8904046242774567,2025-10-25,2025-10-25
CVE-2025-58057,0.000330000,0.084560000,0.3796531791907514,2025-10-25,2025-10-25
CVE-2025-58056,0.000260000,0.059530000,0.23653179190751444,2025-10-25,2025-10-25
CVE-2025-57263,0.000430000,0.129430000,0.6448554913294797,2025-10-25,2025-10-25
CVE-2025-43772,0.005460000,0.669160000,0.9761849710982659,2025-10-25,2025-10-25
CVE-2025-41063,0.000340000,0.088720000,0.3965317919075145,2025-10-25,2025-10-25
CVE-2025-41062,0.000340000,0.088720000,0.3965317919075145,2025-10-25,2025-10-25
CVE-2025-41061,0.000340000,0.088720000,0.3965317919075145,2025-10-25,2025-10-25
CVE-2025-41060,0.000340000,0.088720000,0.3965317919075145,2025-10-25,2025-10-25
CVE-2025-41059,0.000340000,0.088720000,0.3965317919075145,2025-10-25,2025-10-25
CVE-2025-41058,0.000340000,0.088720000,0.3965317919075145,2025-10-25,2025-10-25
CVE-2025-41057,0.000340000,0.088720000,0.3965317919075145,2025-10-25,2025-10-25
CVE-2025-41056,0.000340000,0.088720000,0.3965317919075145,2025-10-25,2025-10-25
CVE-2025-41055,0.000340000,0.088720000,0.3965317919075145,2025-10-25,2025-10-25
CVE-2025-41054,0.000340000,0.088720000,0.3965317919075145,2025-10-25,2025-10-25
CVE-2025-41053,0.000340000,0.088720000,0.3965317919075145,2025-10-25,2025-10-25
CVE-2025-41052,0.000340000,0.088720000,0.3965317919075145,2025-10-25,2025-10-25
CVE-2025-41051,0.000340000,0.088720000,0.3965317919075145,2025-10-25,2025-10-25
CVE-2025-41050,0.000340000,0.088720000,0.3965317919075145,2025-10-25,2025-10-25
CVE-2025-41049,0.000340000,0.088720000,0.3965317919075145,2025-10-25,2025-10-25
CVE-2025-41048,0.000340000,0.088720000,0.3965317919075145,2025-10-25,2025-10-25
CVE-2025-41047,0.000340000,0.088720000,0.3965317919075145,2025-10-25,2025-10-25
CVE-2025-41046,0.000340000,0.088720000,0.3965317919075145,2025-10-25,2025-10-25
CVE-2025-41045,0.000340000,0.088720000,0.3965317919075145,2025-10-25,2025-10-25
CVE-2025-41044,0.000340000,0.088720000,0.3965317919075145,2025-10-25,2025-10-25
CVE-2025-41043,0.000340000,0.088720000,0.3965317919075145,2025-10-25,2025-10-25
CVE-2025-41042,0.000340000,0.088720000,0.3965317919075145,2025-10-25,2025-10-25
CVE-2025-41041,0.000340000,0.088720000,0.3965317919075145,2025-10-25,2025-10-25
CVE-2025-41040,0.000340000,0.088720000,0.3965317919075145,2025-10-25,2025-10-25
CVE-2025-41039,0.000340000,0.088720000,0.3965317919075145,2025-10-25,2025-10-25
CVE-2025-41038,0.000340000,0.088720000,0.3965317919075145,2025-10-25,2025-10-25
CVE-2025-41037,0.000340000,0.088720000,0.3965317919075145,2025-10-25,2025-10-25
CVE-2025-41036,0.000340000,0.088720000,0.3965317919075145,2025-10-25,2025-10-25
CVE-2025-41035,0.000390000,0.112750000,0.5563005780346821,2025-10-25,2025-10-25
CVE-2025-41034,0.000390000,0.113450000,0.5563005780346821,2025-10-25,2025-10-25
CVE-2025-41033,0.000390000,0.113450000,0.5563005780346821,2025-10-25,2025-10-25
CVE-2025-41032,0.000390000,0.113450000,0.5563005780346821,2025-10-25,2025-10-25
CVE-2025-36909,0.000190000,0.035090000,0.14358381502890175,2025-10-25,2025-10-25
CVE-2025-36908,0.000070000,0.004030000,0.019653179190751446,2025-10-25,2025-10-25
CVE-2025-36907,0.000070000,0.004160000,0.019653179190751446,2025-10-25,2025-10-25
CVE-2025-36906,0.000070000,0.003180000,0.019653179190751446,2025-10-25,2025-10-25
CVE-2025-36905,0.000080000,0.005410000,0.027052023121387284,2025-10-25,2025-10-25
CVE-2025-36904,0.000270000,0.063590000,0.2846242774566474,2025-10-25,2025-10-25
CVE-2025-36903,0.000070000,0.003180000,0.019653179190751446,2025-10-25,2025-10-25
CVE-2025-36902,0.000070000,0.004030000,0.019653179190751446,2025-10-25,2025-10-25
CVE-2025-36901,0.000170000,0.028560000,0.10150289017341041,2025-10-25,2025-10-25
CVE-2025-36900,0.000070000,0.004030000,0.019653179190751446,2025-10-25,2025-10-25
CVE-2025-36899,0.000080000,0.004720000,0.027052023121387284,2025-10-25,2025-10-25
CVE-2025-36898,0.000080000,0.005410000,0.027052023121387284,2025-10-25,2025-10-25
CVE-2025-36897,0.001790000,0.398460000,0.9257803468208092,2025-10-25,2025-10-25
CVE-2025-36896,0.000270000,0.063590000,0.2846242774566474,2025-10-25,2025-10-25
CVE-2025-36895,0.000200000,0.040210000,0.14959537572254336,2025-10-25,2025-10-25
CVE-2025-36894,0.001940000,0.416780000,0.9310982658959538,2025-10-25,2025-10-25
CVE-2025-36893,0.000060000,0.002610000,0.007861271676300578,2025-10-25,2025-10-25
CVE-2025-36892,0.000260000,0.059460000,0.23653179190751444,2025-10-25,2025-10-25
CVE-2025-36891,0.000230000,0.048230000,0.16716763005780347,2025-10-25,2025-10-25
CVE-2025-36890,0.000270000,0.063590000,0.2846242774566474,2025-10-25,2025-10-25
CVE-2025-36887,0.000070000,0.003180000,0.019653179190751446,2025-10-25,2025-10-25
CVE-2025-2694,0.000290000,0.071860000,0.2945664739884393,2025-10-25,2025-10-25
CVE-2025-2667,0.000370000,0.102580000,0.5188439306358381,2025-10-25,2025-10-25
CVE-2025-25048,0.000400000,0.118060000,0.610635838150289,2025-10-25,2025-10-25
CVE-2025-2417,0.000740000,0.229470000,0.8430057803468208,2025-10-25,2025-10-25
CVE-2025-2411,0.000740000,0.229470000,0.8430057803468208,2025-10-25,2025-10-25
CVE-2024-56190,0.000070000,0.003350000,0.019653179190751446,2025-10-25,2025-10-25
CVE-2024-56189,0.000470000,0.140850000,0.686242774566474,2025-10-25,2025-10-25
CVE-2024-43184,0.001040000,0.291630000,0.8836994219653179,2025-10-25,2025-10-25
CVE-2024-34598,0.000180000,0.032740000,0.13202312138728323,2025-10-25,2025-10-25
CVE-2024-13073,0.000540000,0.170290000,0.7553757225433526,2025-10-25,2025-10-25
CVE-2024-13071,0.000360000,0.098250000,0.48485549132947975,2025-10-25,2025-10-25
CVE-2022-39888,0.000490000,0.149970000,0.7211560693641619,2025-10-25,2025-10-25
CVE-2025-9636,0.000190000,0.034680000,0.14358381502890175,2025-10-25,2025-10-25
CVE-2025-8311,0.013580000,0.794870000,0.9884393063583815,2025-10-25,2025-10-25
CVE-2025-6785,0.000400000,0.116570000,0.610635838150289,2025-10-25,2025-10-25
CVE-2025-57576,0.000340000,0.088720000,0.3965317919075145,2025-10-25,2025-10-25
CVE-2025-38730,0.000260000,0.058230000,0.23653179190751444,2025-10-25,2025-10-25
CVE-2025-38729,0.000470000,0.143230000,0.686242774566474,2025-10-25,2025-10-25
CVE-2025-38728,0.000350000,0.093520000,0.4268208092485549,2025-10-25,2025-10-25
CVE-2025-38727,0.000470000,0.143230000,0.686242774566474,2025-10-25,2025-10-25
CVE-2025-38726,0.000250000,0.055780000,0.2069364161849711,2025-10-25,2025-10-25
CVE-2025-38725,0.000350000,0.093520000,0.4268208092485549,2025-10-25,2025-10-25
CVE-2025-38724,0.000820000,0.248730000,0.8582658959537572,2025-10-25,2025-10-25
CVE-2025-38723,0.000350000,0.093520000,0.4268208092485549,2025-10-25,2025-10-25
CVE-2025-38722,0.000250000,0.055780000,0.2069364161849711,2025-10-25,2025-10-25
CVE-2025-38721,0.000470000,0.143230000,0.686242774566474,2025-10-25,2025-10-25
CVE-2025-38720,0.000240000,0.050560000,0.1722543352601156,2025-10-25,2025-10-25
CVE-2025-38719,0.000240000,0.050560000,0.1722543352601156,2025-10-25,2025-10-25
CVE-2025-38718,0.000350000,0.093520000,0.4268208092485549,2025-10-25,2025-10-25
CVE-2025-38717,0.000250000,0.055780000,0.2069364161849711,2025-10-25,2025-10-25
CVE-2025-38716,0.000260000,0.057250000,0.23653179190751444,2025-10-25,2025-10-25
CVE-2025-38715,0.000470000,0.143230000,0.686242774566474,2025-10-25,2025-10-25
CVE-2025-38714,0.000470000,0.143230000,0.686242774566474,2025-10-25,2025-10-25
CVE-2025-38713,0.000470000,0.143230000,0.686242774566474,2025-10-25,2025-10-25
CVE-2025-38712,0.000470000,0.143230000,0.686242774566474,2025-10-25,2025-10-25
CVE-2025-38711,0.000350000,0.093520000,0.4268208092485549,2025-10-25,2025-10-25
CVE-2025-38710,0.000250000,0.055780000,0.2069364161849711,2025-10-25,2025-10-25
CVE-2025-38709,0.000260000,0.057250000,0.23653179190751444,2025-10-25,2025-10-25
CVE-2025-38708,0.000820000,0.248730000,0.8582658959537572,2025-10-25,2025-10-25
CVE-2025-38707,0.000350000,0.093520000,0.4268208092485549,2025-10-25,2025-10-25
CVE-2025-38706,0.000350000,0.093520000,0.4268208092485549,2025-10-25,2025-10-25
CVE-2025-38705,0.000250000,0.055780000,0.2069364161849711,2025-10-25,2025-10-25
CVE-2025-38704,0.000250000,0.055780000,0.2069364161849711,2025-10-25,2025-10-25
CVE-2025-38703,0.000250000,0.055780000,0.2069364161849711,2025-10-25,2025-10-25
CVE-2025-38702,0.000430000,0.129110000,0.6448554913294797,2025-10-25,2025-10-25
CVE-2025-38701,0.000470000,0.143230000,0.686242774566474,2025-10-25,2025-10-25
CVE-2025-38700,0.000470000,0.143230000,0.686242774566474,2025-10-25,2025-10-25
CVE-2025-38699,0.000470000,0.143230000,0.686242774566474,2025-10-25,2025-10-25
CVE-2025-38698,0.000470000,0.143230000,0.686242774566474,2025-10-25,2025-10-25
CVE-2025-38697,0.000470000,0.143230000,0.686242774566474,2025-10-25,2025-10-25
CVE-2025-38696,0.000470000,0.143230000,0.686242774566474,2025-10-25,2025-10-25
CVE-2025-38695,0.000470000,0.143230000,0.686242774566474,2025-10-25,2025-10-25
CVE-2025-38694,0.000470000,0.143230000,0.686242774566474,2025-10-25,2025-10-25
CVE-2025-38693,0.000470000,0.143230000,0.686242774566474,2025-10-25,2025-10-25
CVE-2025-38692,0.000260000,0.057250000,0.23653179190751444,2025-10-25,2025-10-25
CVE-2025-38691,0.000470000,0.143230000,0.686242774566474,2025-10-25,2025-10-25
CVE-2025-38690,0.000260000,0.059300000,0.23653179190751444,2025-10-25,2025-10-25
CVE-2025-38689,0.000260000,0.059300000,0.23653179190751444,2025-10-25,2025-10-25
CVE-2025-38688,0.000260000,0.057250000,0.23653179190751444,2025-10-25,2025-10-25
CVE-2025-38687,0.000820000,0.248730000,0.8582658959537572,2025-10-25,2025-10-25
CVE-2025-38686,0.000250000,0.055780000,0.2069364161849711,2025-10-25,2025-10-25
CVE-2025-38685,0.000610000,0.191540000,0.8002312138728324,2025-10-25,2025-10-25
CVE-2025-38684,0.000350000,0.093520000,0.4268208092485549,2025-10-25,2025-10-25
CVE-2025-38683,0.000350000,0.093520000,0.4268208092485549,2025-10-25,2025-10-25
CVE-2025-38682,0.000260000,0.059300000,0.23653179190751444,2025-10-25,2025-10-25
CVE-2025-38681,0.000350000,0.093520000,0.4268208092485549,2025-10-25,2025-10-25
CVE-2025-38680,0.000470000,0.143230000,0.686242774566474,2025-10-25,2025-10-25
CVE-2025-38679,0.000400000,0.117700000,0.610635838150289,2025-10-25,2025-10-25
CVE-2025-26462,0.000060000,0.002780000,0.007861271676300578,2025-10-25,2025-10-25
CVE-2025-26458,0.000080000,0.005410000,0.027052023121387284,2025-10-25,2025-10-25
CVE-2025-26456,0.000150000,0.021960000,0.07514450867052024,2025-10-25,2025-10-25
CVE-2025-26455,0.000070000,0.003180000,0.019653179190751446,2025-10-25,2025-10-25
CVE-2025-26453,0.000060000,0.002610000,0.007861271676300578,2025-10-25,2025-10-25
CVE-2025-26452,0.000060000,0.002780000,0.007861271676300578,2025-10-25,2025-10-25
CVE-2025-26450,0.000060000,0.002780000,0.007861271676300578,2025-10-25,2025-10-25
CVE-2025-26449,0.000060000,0.003110000,0.007861271676300578,2025-10-25,2025-10-25
CVE-2025-26448,0.000060000,0.002610000,0.007861271676300578,2025-10-25,2025-10-25
CVE-2025-26445,0.000050000,0.002240000,0.003468208092485549,2025-10-25,2025-10-25
CVE-2025-26444,0.000090000,0.005900000,0.03421965317919075,2025-10-25,2025-10-25
CVE-2025-26443,0.000080000,0.004510000,0.027052023121387284,2025-10-25,2025-10-25
CVE-2025-26442,0.000060000,0.002430000,0.007861271676300578,2025-10-25,2025-10-25
CVE-2025-26441,0.000690000,0.215660000,0.829364161849711,2025-10-25,2025-10-25
CVE-2025-26440,0.000050000,0.002170000,0.003468208092485549,2025-10-25,2025-10-25
CVE-2025-26438,0.000680000,0.212250000,0.8224277456647399,2025-10-25,2025-10-25
CVE-2025-26437,0.000050000,0.002240000,0.003468208092485549,2025-10-25,2025-10-25
CVE-2025-26436,0.000060000,0.002510000,0.007861271676300578,2025-10-25,2025-10-25
CVE-2025-26435,0.000060000,0.002930000,0.007861271676300578,2025-10-25,2025-10-25
CVE-2025-26432,0.000060000,0.003110000,0.007861271676300578,2025-10-25,2025-10-25
CVE-2025-26430,0.000060000,0.002930000,0.007861271676300578,2025-10-25,2025-10-25
CVE-2025-26429,0.000050000,0.002100000,0.003468208092485549,2025-10-25,2025-10-25
CVE-2025-26428,0.000060000,0.003100000,0.007861271676300578,2025-10-25,2025-10-25
CVE-2025-26427,0.000040000,0.001520000,0.0020809248554913293,2025-10-25,2025-10-25
CVE-2025-26426,0.000120000,0.012790000,0.0446242774566474,2025-10-25,2025-10-25
CVE-2025-26425,0.000070000,0.003810000,0.019653179190751446,2025-10-25,2025-10-25
CVE-2025-26424,0.000070000,0.003810000,0.019653179190751446,2025-10-25,2025-10-25
CVE-2025-26423,0.000060000,0.002310000,0.007861271676300578,2025-10-25,2025-10-25
CVE-2025-26422,0.000050000,0.001940000,0.003468208092485549,2025-10-25,2025-10-25
CVE-2025-26421,0.000100000,0.008200000,0.0376878612716763,2025-10-25,2025-10-25
CVE-2025-26420,0.000040000,0.001350000,0.0020809248554913293,2025-10-25,2025-10-25
CVE-2025-23302,0.000140000,0.017290000,0.06127167630057803,2025-10-25,2025-10-25
CVE-2025-23301,0.000140000,0.017290000,0.06127167630057803,2025-10-25,2025-10-25
CVE-2025-23262,0.000140000,0.017920000,0.06127167630057803,2025-10-25,2025-10-25
CVE-2025-23261,0.000140000,0.018540000,0.06127167630057803,2025-10-25,2025-10-25
CVE-2025-23259,0.000490000,0.149440000,0.7211560693641619,2025-10-25,2025-10-25
CVE-2025-23258,0.000130000,0.013840000,0.04947976878612717,2025-10-25,2025-10-25
CVE-2025-23257,0.000130000,0.013840000,0.04947976878612717,2025-10-25,2025-10-25
CVE-2025-23256,0.000140000,0.016730000,0.06127167630057803,2025-10-25,2025-10-25
CVE-2025-22425,0.000070000,0.003940000,0.019653179190751446,2025-10-25,2025-10-25
CVE-2025-0087,0.000090000,0.007010000,0.03421965317919075,2025-10-25,2025-10-25
CVE-2025-0077,0.000090000,0.005830000,0.03421965317919075,2025-10-25,2025-10-25
CVE-2024-49739,0.000050000,0.001870000,0.003468208092485549,2025-10-25,2025-10-25
CVE-2023-35657,0.000050000,0.001870000,0.003468208092485549,2025-10-25,2025-10-25
CVE-2025-9990,0.003240000,0.549320000,0.9560693641618497,2025-10-25,2025-10-25
CVE-2025-8944,0.000340000,0.089430000,0.3965317919075145,2025-10-25,2025-10-25
CVE-2025-8684,0.000370000,0.104680000,0.5188439306358381,2025-10-25,2025-10-25
CVE-2025-7445,0.000050000,0.002250000,0.003468208092485549,2025-10-25,2025-10-25
CVE-2025-58401,0.000080000,0.005180000,0.027052023121387284,2025-10-25,2025-10-25
CVE-2025-58400,0.000190000,0.034740000,0.14358381502890175,2025-10-25,2025-10-25
CVE-2025-58362,0.000440000,0.131950000,0.6564161849710982,2025-10-25,2025-10-25
CVE-2025-58361,0.000570000,0.179860000,0.778728323699422,2025-10-25,2025-10-25
CVE-2025-58359,0.000210000,0.041460000,0.1553757225433526,2025-10-25,2025-10-25
CVE-2025-58353,0.000570000,0.179860000,0.778728323699422,2025-10-25,2025-10-25
CVE-2025-58352,0.000450000,0.134820000,0.6695953757225434,2025-10-25,2025-10-25
CVE-2025-58313,0.000070000,0.003960000,0.019653179190751446,2025-10-25,2025-10-25
CVE-2025-58296,0.000070000,0.003310000,0.019653179190751446,2025-10-25,2025-10-25
CVE-2025-58281,0.000080000,0.004780000,0.027052023121387284,2025-10-25,2025-10-25
CVE-2025-58280,0.000150000,0.022590000,0.07514450867052024,2025-10-25,2025-10-25
CVE-2025-58276,0.000080000,0.004400000,0.027052023121387284,2025-10-25,2025-10-25
CVE-2025-58179,0.012390000,0.785600000,0.9870520231213873,2025-10-25,2025-10-25
CVE-2025-55739,0.001060000,0.294340000,0.8855491329479769,2025-10-25,2025-10-25
CVE-2025-55671,0.000160000,0.024650000,0.08971098265895953,2025-10-25,2025-10-25
CVE-2025-55305,0.000060000,0.002820000,0.007861271676300578,2025-10-25,2025-10-25
CVE-2025-55244,0.000950000,0.273190000,0.8739884393063584,2025-10-25,2025-10-25
CVE-2025-55242,0.000760000,0.235820000,0.8471676300578035,2025-10-25,2025-10-25
CVE-2025-55241,0.000770000,0.236090000,0.8499421965317919,2025-10-25,2025-10-25
CVE-2025-55238,0.001070000,0.296940000,0.8869364161849711,2025-10-25,2025-10-25
CVE-2025-55209,0.000600000,0.189980000,0.7951445086705202,2025-10-25,2025-10-25
CVE-2025-55190,0.000470000,0.143400000,0.686242774566474,2025-10-25,2025-10-25
CVE-2025-55037,0.007470000,0.722760000,0.9810404624277457,2025-10-25,2025-10-25
CVE-2025-54914,0.001790000,0.399000000,0.9257803468208092,2025-10-25,2025-10-25
CVE-2025-48581,0.000390000,0.114650000,0.5563005780346821,2025-10-25,2025-10-25
CVE-2025-48563,0.000070000,0.003180000,0.019653179190751446,2025-10-25,2025-10-25
CVE-2025-48562,0.000050000,0.002190000,0.003468208092485549,2025-10-25,2025-10-25
CVE-2025-48561,0.000100000,0.008390000,0.0376878612716763,2025-10-25,2025-10-25
CVE-2025-48560,0.000050000,0.002240000,0.003468208092485549,2025-10-25,2025-10-25
CVE-2025-48559,0.000070000,0.004080000,0.019653179190751446,2025-10-25,2025-10-25
CVE-2025-48558,0.000060000,0.002780000,0.007861271676300578,2025-10-25,2025-10-25
CVE-2025-48556,0.000090000,0.005970000,0.03421965317919075,2025-10-25,2025-10-25
CVE-2025-48554,0.000070000,0.004070000,0.019653179190751446,2025-10-25,2025-10-25
CVE-2025-48553,0.000070000,0.003180000,0.019653179190751446,2025-10-25,2025-10-25
CVE-2025-48552,0.000070000,0.003180000,0.019653179190751446,2025-10-25,2025-10-25
CVE-2025-48551,0.000050000,0.001990000,0.003468208092485549,2025-10-25,2025-10-25
CVE-2025-48550,0.000100000,0.007400000,0.0376878612716763,2025-10-25,2025-10-25
CVE-2025-48549,0.000080000,0.004950000,0.027052023121387284,2025-10-25,2025-10-25
CVE-2025-48548,0.000070000,0.004100000,0.019653179190751446,2025-10-25,2025-10-25
CVE-2025-48547,0.000060000,0.002370000,0.007861271676300578,2025-10-25,2025-10-25
CVE-2025-48546,0.000080000,0.004620000,0.027052023121387284,2025-10-25,2025-10-25
CVE-2025-48545,0.000050000,0.002240000,0.003468208092485549,2025-10-25,2025-10-25
CVE-2025-48544,0.000080000,0.004370000,0.027052023121387284,2025-10-25,2025-10-25
CVE-2025-48543,0.001750000,0.394370000,0.924393063583815,2025-10-25,2025-10-25
CVE-2025-48542,0.000060000,0.003110000,0.007861271676300578,2025-10-25,2025-10-25
CVE-2025-48541,0.000100000,0.007440000,0.0376878612716763,2025-10-25,2025-10-25
CVE-2025-48540,0.000090000,0.005860000,0.03421965317919075,2025-10-25,2025-10-25
CVE-2025-48539,0.000170000,0.029540000,0.10150289017341041,2025-10-25,2025-10-25
CVE-2025-48538,0.000060000,0.002900000,0.007861271676300578,2025-10-25,2025-10-25
CVE-2025-48537,0.000100000,0.007440000,0.0376878612716763,2025-10-25,2025-10-25
CVE-2025-48535,0.000310000,0.078510000,0.32439306358381503,2025-10-25,2025-10-25
CVE-2025-48534,0.000390000,0.112390000,0.5563005780346821,2025-10-25,2025-10-25
CVE-2025-48533,0.000060000,0.002680000,0.007861271676300578,2025-10-25,2025-10-25
CVE-2025-48532,0.000060000,0.002370000,0.007861271676300578,2025-10-25,2025-10-25
CVE-2025-48531,0.000080000,0.005410000,0.027052023121387284,2025-10-25,2025-10-25
CVE-2025-48530,0.001790000,0.398460000,0.9257803468208092,2025-10-25,2025-10-25
CVE-2025-48529,0.000050000,0.002240000,0.003468208092485549,2025-10-25,2025-10-25
CVE-2025-48528,0.000070000,0.003510000,0.019653179190751446,2025-10-25,2025-10-25
CVE-2025-48527,0.000070000,0.003710000,0.019653179190751446,2025-10-25,2025-10-25
CVE-2025-48526,0.000070000,0.003510000,0.019653179190751446,2025-10-25,2025-10-25
CVE-2025-48524,0.000060000,0.002400000,0.007861271676300578,2025-10-25,2025-10-25
CVE-2025-48523,0.000060000,0.002780000,0.007861271676300578,2025-10-25,2025-10-25
CVE-2025-48522,0.000080000,0.005410000,0.027052023121387284,2025-10-25,2025-10-25
CVE-2025-48395,0.000500000,0.153860000,0.7278612716763005,2025-10-25,2025-10-25
CVE-2025-41408,0.000370000,0.105460000,0.5188439306358381,2025-10-25,2025-10-25
CVE-2025-32350,0.000060000,0.002780000,0.007861271676300578,2025-10-25,2025-10-25
CVE-2025-32349,0.000080000,0.005020000,0.027052023121387284,2025-10-25,2025-10-25
CVE-2025-32347,0.000060000,0.002780000,0.007861271676300578,2025-10-25,2025-10-25
CVE-2025-32346,0.000060000,0.002780000,0.007861271676300578,2025-10-25,2025-10-25
CVE-2025-32345,0.000060000,0.002780000,0.007861271676300578,2025-10-25,2025-10-25
CVE-2025-32333,0.000060000,0.002780000,0.007861271676300578,2025-10-25,2025-10-25
CVE-2025-32332,0.000070000,0.003180000,0.019653179190751446,2025-10-25,2025-10-25
CVE-2025-32331,0.000080000,0.005410000,0.027052023121387284,2025-10-25,2025-10-25
CVE-2025-32330,0.000200000,0.038190000,0.14959537572254336,2025-10-25,2025-10-25
CVE-2025-32327,0.000080000,0.004370000,0.027052023121387284,2025-10-25,2025-10-25
CVE-2025-32326,0.000060000,0.002780000,0.007861271676300578,2025-10-25,2025-10-25
CVE-2025-32325,0.000070000,0.003180000,0.019653179190751446,2025-10-25,2025-10-25
CVE-2025-32324,0.000060000,0.002780000,0.007861271676300578,2025-10-25,2025-10-25
CVE-2025-32323,0.000100000,0.007440000,0.0376878612716763,2025-10-25,2025-10-25
CVE-2025-32322,0.000090000,0.007040000,0.03421965317919075,2025-10-25,2025-10-25
CVE-2025-32321,0.000060000,0.002780000,0.007861271676300578,2025-10-25,2025-10-25
CVE-2025-32312,0.000310000,0.078510000,0.32439306358381503,2025-10-25,2025-10-25
CVE-2025-26464,0.000080000,0.005410000,0.027052023121387284,2025-10-25,2025-10-25
CVE-2025-26463,0.000060000,0.003110000,0.007861271676300578,2025-10-25,2025-10-25
CVE-2025-26454,0.000080000,0.005020000,0.027052023121387284,2025-10-25,2025-10-25
CVE-2025-26439,0.000080000,0.005410000,0.027052023121387284,2025-10-25,2025-10-25
CVE-2025-26431,0.000080000,0.005410000,0.027052023121387284,2025-10-25,2025-10-25
CVE-2025-26419,0.000060000,0.002540000,0.007861271676300578,2025-10-25,2025-10-25
CVE-2025-22441,0.000060000,0.002370000,0.007861271676300578,2025-10-25,2025-10-25
CVE-2025-22415,0.000070000,0.003510000,0.019653179190751446,2025-10-25,2025-10-25
CVE-2025-22414,0.000060000,0.002780000,0.007861271676300578,2025-10-25,2025-10-25
CVE-2025-0089,0.000210000,0.041250000,0.1553757225433526,2025-10-25,2025-10-25
CVE-2025-0076,0.000050000,0.002110000,0.003468208092485549,2025-10-25,2025-10-25
CVE-2024-49731,0.000070000,0.003810000,0.019653179190751446,2025-10-25,2025-10-25
CVE-2024-49714,0.000070000,0.003180000,0.019653179190751446,2025-10-25,2025-10-25
CVE-2024-40664,0.001410000,0.350140000,0.9072832369942196,2025-10-25,2025-10-25
CVE-2025-58883,0.000360000,0.098250000,0.48485549132947975,2025-10-25,2025-10-25
CVE-2025-58882,0.000390000,0.112390000,0.5563005780346821,2025-10-25,2025-10-25
CVE-2025-58881,0.000380000,0.108490000,0.5440462427745665,2025-10-25,2025-10-25
CVE-2025-58880,0.000390000,0.112390000,0.5563005780346821,2025-10-25,2025-10-25
CVE-2025-58878,0.000170000,0.029500000,0.10150289017341041,2025-10-25,2025-10-25
CVE-2025-58876,0.000390000,0.112390000,0.5563005780346821,2025-10-25,2025-10-25
CVE-2025-58875,0.000390000,0.112390000,0.5563005780346821,2025-10-25,2025-10-25
CVE-2025-58874,0.000390000,0.112390000,0.5563005780346821,2025-10-25,2025-10-25
CVE-2025-58873,0.000360000,0.098250000,0.48485549132947975,2025-10-25,2025-10-25
CVE-2025-58872,0.000390000,0.114760000,0.5563005780346821,2025-10-25,2025-10-25
CVE-2025-58871,0.000390000,0.112390000,0.5563005780346821,2025-10-25,2025-10-25
CVE-2025-58870,0.000390000,0.112390000,0.5563005780346821,2025-10-25,2025-10-25
CVE-2025-58869,0.000170000,0.027490000,0.10150289017341041,2025-10-25,2025-10-25
CVE-2025-58868,0.000390000,0.112390000,0.5563005780346821,2025-10-25,2025-10-25
CVE-2025-58867,0.000390000,0.112390000,0.5563005780346821,2025-10-25,2025-10-25
CVE-2025-58866,0.000360000,0.097880000,0.48485549132947975,2025-10-25,2025-10-25
CVE-2025-58865,0.000170000,0.029500000,0.10150289017341041,2025-10-25,2025-10-25
CVE-2025-58864,0.000390000,0.112390000,0.5563005780346821,2025-10-25,2025-10-25
CVE-2025-58863,0.000390000,0.112390000,0.5563005780346821,2025-10-25,2025-10-25
CVE-2025-58862,0.000390000,0.112390000,0.5563005780346821,2025-10-25,2025-10-25
CVE-2025-58861,0.000170000,0.028350000,0.10150289017341041,2025-10-25,2025-10-25
CVE-2025-58860,0.000170000,0.028350000,0.10150289017341041,2025-10-25,2025-10-25
CVE-2025-58859,0.000170000,0.028350000,0.10150289017341041,2025-10-25,2025-10-25
CVE-2025-58858,0.000390000,0.112390000,0.5563005780346821,2025-10-25,2025-10-25
CVE-2025-58857,0.000390000,0.114620000,0.5563005780346821,2025-10-25,2025-10-25
CVE-2025-58856,0.000250000,0.054670000,0.2069364161849711,2025-10-25,2025-10-25
CVE-2025-58855,0.000390000,0.114620000,0.5563005780346821,2025-10-25,2025-10-25
CVE-2025-58854,0.000170000,0.028350000,0.10150289017341041,2025-10-25,2025-10-25
CVE-2025-58853,0.000170000,0.028350000,0.10150289017341041,2025-10-25,2025-10-25
CVE-2025-58852,0.000170000,0.028350000,0.10150289017341041,2025-10-25,2025-10-25
CVE-2025-58851,0.000390000,0.112390000,0.5563005780346821,2025-10-25,2025-10-25
CVE-2025-58850,0.000390000,0.112390000,0.5563005780346821,2025-10-25,2025-10-25
CVE-2025-58849,0.000170000,0.028350000,0.10150289017341041,2025-10-25,2025-10-25
CVE-2025-58848,0.000170000,0.028350000,0.10150289017341041,2025-10-25,2025-10-25
CVE-2025-58847,0.000170000,0.028350000,0.10150289017341041,2025-10-25,2025-10-25
CVE-2025-58846,0.000170000,0.028350000,0.10150289017341041,2025-10-25,2025-10-25
CVE-2025-58845,0.000170000,0.028350000,0.10150289017341041,2025-10-25,2025-10-25
CVE-2025-58844,0.000170000,0.028350000,0.10150289017341041,2025-10-25,2025-10-25
CVE-2025-58843,0.000170000,0.028350000,0.10150289017341041,2025-10-25,2025-10-25
CVE-2025-58842,0.000390000,0.112390000,0.5563005780346821,2025-10-25,2025-10-25
CVE-2025-58841,0.000480000,0.147700000,0.7149132947976878,2025-10-25,2025-10-25
CVE-2025-58840,0.000390000,0.112390000,0.5563005780346821,2025-10-25,2025-10-25
CVE-2025-58839,0.000630000,0.197720000,0.8067052023121387,2025-10-25,2025-10-25
CVE-2025-58838,0.000390000,0.112390000,0.5563005780346821,2025-10-25,2025-10-25
CVE-2025-58837,0.000390000,0.112390000,0.5563005780346821,2025-10-25,2025-10-25
CVE-2025-58836,0.000390000,0.112390000,0.5563005780346821,2025-10-25,2025-10-25
CVE-2025-58835,0.000550000,0.171610000,0.7657803468208092,2025-10-25,2025-10-25
CVE-2025-58834,0.000390000,0.112390000,0.5563005780346821,2025-10-25,2025-10-25
CVE-2025-58833,0.000210000,0.041110000,0.1553757225433526,2025-10-25,2025-10-25
CVE-2025-58832,0.000360000,0.098250000,0.48485549132947975,2025-10-25,2025-10-25
CVE-2025-58831,0.000170000,0.029500000,0.10150289017341041,2025-10-25,2025-10-25
CVE-2025-58830,0.000390000,0.112390000,0.5563005780346821,2025-10-25,2025-10-25
CVE-2025-58829,0.000320000,0.083380000,0.3382658959537572,2025-10-25,2025-10-25
CVE-2025-58828,0.000390000,0.112390000,0.5563005780346821,2025-10-25,2025-10-25
CVE-2025-58827,0.000380000,0.106630000,0.5440462427745665,2025-10-25,2025-10-25
CVE-2025-58826,0.000390000,0.112390000,0.5563005780346821,2025-10-25,2025-10-25
CVE-2025-58825,0.000360000,0.098250000,0.48485549132947975,2025-10-25,2025-10-25
CVE-2025-58824,0.000340000,0.089430000,0.3965317919075145,2025-10-25,2025-10-25
CVE-2025-58823,0.000390000,0.112390000,0.5563005780346821,2025-10-25,2025-10-25
CVE-2025-58822,0.000390000,0.112390000,0.5563005780346821,2025-10-25,2025-10-25
CVE-2025-58821,0.000360000,0.098250000,0.48485549132947975,2025-10-25,2025-10-25
CVE-2025-58820,0.000360000,0.098250000,0.48485549132947975,2025-10-25,2025-10-25
CVE-2025-58819,0.000560000,0.176330000,0.7738728323699422,2025-10-25,2025-10-25
CVE-2025-58818,0.000180000,0.031310000,0.13202312138728323,2025-10-25,2025-10-25
CVE-2025-58817,0.000340000,0.089430000,0.3965317919075145,2025-10-25,2025-10-25
CVE-2025-58816,0.000350000,0.095510000,0.4268208092485549,2025-10-25,2025-10-25
CVE-2025-58815,0.000630000,0.197720000,0.8067052023121387,2025-10-25,2025-10-25
CVE-2025-58814,0.000390000,0.112390000,0.5563005780346821,2025-10-25,2025-10-25
CVE-2025-58813,0.000340000,0.089430000,0.3965317919075145,2025-10-25,2025-10-25
CVE-2025-58812,0.000390000,0.112390000,0.5563005780346821,2025-10-25,2025-10-25
CVE-2025-58811,0.000360000,0.098250000,0.48485549132947975,2025-10-25,2025-10-25
CVE-2025-58810,0.000360000,0.098250000,0.48485549132947975,2025-10-25,2025-10-25
CVE-2025-58809,0.000170000,0.028350000,0.10150289017341041,2025-10-25,2025-10-25
CVE-2025-58808,0.000390000,0.112390000,0.5563005780346821,2025-10-25,2025-10-25
CVE-2025-58807,0.000170000,0.028350000,0.10150289017341041,2025-10-25,2025-10-25
CVE-2025-58806,0.000170000,0.028350000,0.10150289017341041,2025-10-25,2025-10-25
CVE-2025-58805,0.000360000,0.098250000,0.48485549132947975,2025-10-25,2025-10-25
CVE-2025-58804,0.000170000,0.029500000,0.10150289017341041,2025-10-25,2025-10-25
CVE-2025-58802,0.000170000,0.029500000,0.10150289017341041,2025-10-25,2025-10-25
CVE-2025-58801,0.000180000,0.031310000,0.13202312138728323,2025-10-25,2025-10-25
CVE-2025-58800,0.000170000,0.029500000,0.10150289017341041,2025-10-25,2025-10-25
CVE-2025-58799,0.000170000,0.029500000,0.10150289017341041,2025-10-25,2025-10-25
CVE-2025-58798,0.000170000,0.029500000,0.10150289017341041,2025-10-25,2025-10-25
CVE-2025-58797,0.000390000,0.114320000,0.5563005780346821,2025-10-25,2025-10-25
CVE-2025-58796,0.000390000,0.112390000,0.5563005780346821,2025-10-25,2025-10-25
CVE-2025-58795,0.000330000,0.085810000,0.3796531791907514,2025-10-25,2025-10-25
CVE-2025-58794,0.000170000,0.029500000,0.10150289017341041,2025-10-25,2025-10-25
CVE-2025-58793,0.000390000,0.112390000,0.5563005780346821,2025-10-25,2025-10-25
CVE-2025-58792,0.000170000,0.029500000,0.10150289017341041,2025-10-25,2025-10-25
CVE-2025-58791,0.000360000,0.098250000,0.48485549132947975,2025-10-25,2025-10-25
CVE-2025-58790,0.000390000,0.112390000,0.5563005780346821,2025-10-25,2025-10-25
CVE-2025-58789,0.000390000,0.113420000,0.5563005780346821,2025-10-25,2025-10-25
CVE-2025-58788,0.000390000,0.113420000,0.5563005780346821,2025-10-25,2025-10-25
CVE-2025-58787,0.000390000,0.112390000,0.5563005780346821,2025-10-25,2025-10-25
CVE-2025-58786,0.000390000,0.112390000,0.5563005780346821,2025-10-25,2025-10-25
CVE-2025-58785,0.000460000,0.138120000,0.6763005780346821,2025-10-25,2025-10-25
CVE-2025-58784,0.000390000,0.112390000,0.5563005780346821,2025-10-25,2025-10-25
CVE-2025-58783,0.000340000,0.089430000,0.3965317919075145,2025-10-25,2025-10-25
CVE-2025-10011,0.000320000,0.083300000,0.3382658959537572,2025-10-25,2025-10-25
CVE-2024-21977,0.000150000,0.019920000,0.07514450867052024,2025-10-25,2025-10-25
CVE-2025-9999,0.000370000,0.105810000,0.5188439306358381,2025-10-25,2025-10-25
CVE-2025-9998,0.000210000,0.042840000,0.1553757225433526,2025-10-25,2025-10-25
CVE-2025-9709,0.000430000,0.127260000,0.6448554913294797,2025-10-25,2025-10-25
CVE-2025-9057,0.000300000,0.075790000,0.30890173410404625,2025-10-25,2025-10-25
CVE-2025-8695,0.000410000,0.121850000,0.6263583815028901,2025-10-25,2025-10-25
CVE-2025-58887,0.000390000,0.112390000,0.5563005780346821,2025-10-25,2025-10-25
CVE-2025-58886,0.000360000,0.098250000,0.48485549132947975,2025-10-25,2025-10-25
CVE-2025-58884,0.000360000,0.098250000,0.48485549132947975,2025-10-25,2025-10-25
CVE-2025-58780,0.000450000,0.135300000,0.6695953757225434,2025-10-25,2025-10-25
CVE-2025-58628,0.000430000,0.126460000,0.6448554913294797,2025-10-25,2025-10-25
CVE-2025-58214,0.001650000,0.380740000,0.9176878612716763,2025-10-25,2025-10-25
CVE-2025-58206,0.001650000,0.380740000,0.9176878612716763,2025-10-25,2025-10-25
CVE-2025-57889,0.001470000,0.357490000,0.9107514450867052,2025-10-25,2025-10-25
CVE-2025-54744,0.000340000,0.089430000,0.3965317919075145,2025-10-25,2025-10-25
CVE-2025-53571,0.000340000,0.089430000,0.3965317919075145,2025-10-25,2025-10-25
CVE-2025-53307,0.000390000,0.114620000,0.5563005780346821,2025-10-25,2025-10-25
CVE-2025-49401,0.000580000,0.183520000,0.7847398843930636,2025-10-25,2025-10-25
CVE-2025-48317,0.000620000,0.195730000,0.8048554913294798,2025-10-25,2025-10-25
CVE-2025-48105,0.000390000,0.112390000,0.5563005780346821,2025-10-25,2025-10-25
CVE-2025-48104,0.000170000,0.028350000,0.10150289017341041,2025-10-25,2025-10-25
CVE-2025-48103,0.000390000,0.112390000,0.5563005780346821,2025-10-25,2025-10-25
CVE-2025-48102,0.000360000,0.098250000,0.48485549132947975,2025-10-25,2025-10-25
CVE-2025-39726,0.000250000,0.055780000,0.2069364161849711,2025-10-25,2025-10-25
CVE-2025-39725,0.000240000,0.050560000,0.1722543352601156,2025-10-25,2025-10-25
CVE-2025-39724,0.000340000,0.088740000,0.3965317919075145,2025-10-25,2025-10-25
CVE-2025-39723,0.000240000,0.050560000,0.1722543352601156,2025-10-25,2025-10-25
CVE-2025-39722,0.000240000,0.050560000,0.1722543352601156,2025-10-25,2025-10-25
CVE-2025-39721,0.000380000,0.107020000,0.5440462427745665,2025-10-25,2025-10-25
CVE-2025-39720,0.000250000,0.055780000,0.2069364161849711,2025-10-25,2025-10-25
CVE-2025-39719,0.000260000,0.057250000,0.23653179190751444,2025-10-25,2025-10-25
CVE-2025-39718,0.000260000,0.057250000,0.23653179190751444,2025-10-25,2025-10-25
CVE-2025-39717,0.000260000,0.059300000,0.23653179190751444,2025-10-25,2025-10-25
CVE-2025-39716,0.000260000,0.057250000,0.23653179190751444,2025-10-25,2025-10-25
CVE-2025-39715,0.000260000,0.057250000,0.23653179190751444,2025-10-25,2025-10-25
CVE-2025-39714,0.000350000,0.093520000,0.4268208092485549,2025-10-25,2025-10-25
CVE-2025-39713,0.000430000,0.129110000,0.6448554913294797,2025-10-25,2025-10-25
CVE-2025-39712,0.000350000,0.095620000,0.4268208092485549,2025-10-25,2025-10-25
CVE-2025-39711,0.000250000,0.055780000,0.2069364161849711,2025-10-25,2025-10-25
CVE-2025-39710,0.000350000,0.093520000,0.4268208092485549,2025-10-25,2025-10-25
CVE-2025-39709,0.000350000,0.093520000,0.4268208092485549,2025-10-25,2025-10-25
CVE-2025-39708,0.000260000,0.059300000,0.23653179190751444,2025-10-25,2025-10-25
CVE-2025-39707,0.000240000,0.050560000,0.1722543352601156,2025-10-25,2025-10-25
CVE-2025-39706,0.000260000,0.057250000,0.23653179190751444,2025-10-25,2025-10-25
CVE-2025-39705,0.000240000,0.050560000,0.1722543352601156,2025-10-25,2025-10-25
CVE-2025-39704,0.000260000,0.059300000,0.23653179190751444,2025-10-25,2025-10-25
CVE-2025-39703,0.000350000,0.093520000,0.4268208092485549,2025-10-25,2025-10-25
CVE-2025-39702,0.000350000,0.093520000,0.4268208092485549,2025-10-25,2025-10-25
CVE-2025-39701,0.000260000,0.057250000,0.23653179190751444,2025-10-25,2025-10-25
CVE-2025-39700,0.000240000,0.050560000,0.1722543352601156,2025-10-25,2025-10-25
CVE-2025-39699,0.000260000,0.059300000,0.23653179190751444,2025-10-25,2025-10-25
CVE-2025-39698,0.000190000,0.036150000,0.14358381502890175,2025-10-25,2025-10-25
CVE-2025-39697,0.000350000,0.093520000,0.4268208092485549,2025-10-25,2025-10-25
CVE-2025-39696,0.000260000,0.059300000,0.23653179190751444,2025-10-25,2025-10-25
CVE-2025-39695,0.000240000,0.050560000,0.1722543352601156,2025-10-25,2025-10-25
CVE-2025-39694,0.000260000,0.057250000,0.23653179190751444,2025-10-25,2025-10-25
CVE-2025-39693,0.000350000,0.093520000,0.4268208092485549,2025-10-25,2025-10-25
CVE-2025-39692,0.000260000,0.057250000,0.23653179190751444,2025-10-25,2025-10-25
CVE-2025-39691,0.000350000,0.093520000,0.4268208092485549,2025-10-25,2025-10-25
CVE-2025-39690,0.000260000,0.059300000,0.23653179190751444,2025-10-25,2025-10-25
CVE-2025-39689,0.000350000,0.093520000,0.4268208092485549,2025-10-25,2025-10-25
CVE-2025-39687,0.000350000,0.093520000,0.4268208092485549,2025-10-25,2025-10-25
CVE-2025-39686,0.000350000,0.093520000,0.4268208092485549,2025-10-25,2025-10-25
CVE-2025-39685,0.000350000,0.093520000,0.4268208092485549,2025-10-25,2025-10-25
CVE-2025-39684,0.000350000,0.093520000,0.4268208092485549,2025-10-25,2025-10-25
CVE-2025-39683,0.000350000,0.093520000,0.4268208092485549,2025-10-25,2025-10-25
CVE-2025-39682,0.000260000,0.057250000,0.23653179190751444,2025-10-25,2025-10-25
CVE-2025-39681,0.000350000,0.093520000,0.4268208092485549,2025-10-25,2025-10-25
CVE-2025-39680,0.000390000,0.114080000,0.5563005780346821,2025-10-25,2025-10-25
CVE-2025-39679,0.000250000,0.055780000,0.2069364161849711,2025-10-25,2025-10-25
CVE-2025-39678,0.000260000,0.059300000,0.23653179190751444,2025-10-25,2025-10-25
CVE-2025-39677,0.000260000,0.059300000,0.23653179190751444,2025-10-25,2025-10-25
CVE-2025-39676,0.000350000,0.093520000,0.4268208092485549,2025-10-25,2025-10-25
CVE-2025-39675,0.000350000,0.093520000,0.4268208092485549,2025-10-25,2025-10-25
CVE-2025-39674,0.000260000,0.059300000,0.23653179190751444,2025-10-25,2025-10-25
CVE-2025-39673,0.000350000,0.093520000,0.4268208092485549,2025-10-25,2025-10-25
CVE-2025-38737,0.000240000,0.050560000,0.1722543352601156,2025-10-25,2025-10-25
CVE-2025-38736,0.000350000,0.093520000,0.4268208092485549,2025-10-25,2025-10-25
CVE-2025-38735,0.000260000,0.057250000,0.23653179190751444,2025-10-25,2025-10-25
CVE-2025-38734,0.000260000,0.056730000,0.23653179190751444,2025-10-25,2025-10-25
CVE-2025-38733,0.000240000,0.050560000,0.1722543352601156,2025-10-25,2025-10-25
CVE-2025-38732,0.000350000,0.093520000,0.4268208092485549,2025-10-25,2025-10-25
CVE-2025-38731,0.000260000,0.059300000,0.23653179190751444,2025-10-25,2025-10-25
CVE-2025-35452,0.000640000,0.201600000,0.8110982658959538,2025-10-25,2025-10-25
CVE-2025-35451,0.000640000,0.201600000,0.8110982658959538,2025-10-25,2025-10-25
CVE-2025-32320,0.000060000,0.002780000,0.007861271676300578,2025-10-25,2025-10-25
CVE-2025-32318,0.000720000,0.225280000,0.8353757225433526,2025-10-25,2025-10-25
CVE-2025-32317,0.000050000,0.002240000,0.003468208092485549,2025-10-25,2025-10-25
CVE-2025-32316,0.000060000,0.002610000,0.007861271676300578,2025-10-25,2025-10-25
CVE-2025-30200,0.000090000,0.005580000,0.03421965317919075,2025-10-25,2025-10-25
CVE-2025-30199,0.000170000,0.027240000,0.10150289017341041,2025-10-25,2025-10-25
CVE-2025-30198,0.000130000,0.015140000,0.04947976878612717,2025-10-25,2025-10-25
CVE-2025-27003,0.000170000,0.029500000,0.10150289017341041,2025-10-25,2025-10-25
CVE-2025-26461,0.000060000,0.002390000,0.007861271676300578,2025-10-25,2025-10-25
CVE-2025-26434,0.000060000,0.002610000,0.007861271676300578,2025-10-25,2025-10-25
CVE-2025-10026,0.000320000,0.080650000,0.3382658959537572,2025-10-25,2025-10-25
CVE-2025-10025,0.000370000,0.104530000,0.5188439306358381,2025-10-25,2025-10-25
CVE-2025-10014,0.000320000,0.082970000,0.3382658959537572,2025-10-25,2025-10-25
CVE-2025-10013,0.000410000,0.121000000,0.6263583815028901,2025-10-25,2025-10-25
CVE-2025-10012,0.000320000,0.083300000,0.3382658959537572,2025-10-25,2025-10-25
CVE-2024-0028,0.000050000,0.002240000,0.003468208092485549,2025-10-25,2025-10-25
CVE-2025-9961,0.001100000,0.300940000,0.8904046242774567,2025-10-25,2025-10-25
CVE-2025-9853,0.000370000,0.103340000,0.5188439306358381,2025-10-25,2025-10-25
CVE-2025-9849,0.000440000,0.131020000,0.6564161849710982,2025-10-25,2025-10-25
CVE-2025-9566,0.001110000,0.303740000,0.8917919075144509,2025-10-25,2025-10-25
CVE-2025-9515,0.002940000,0.524040000,0.9526011560693641,2025-10-25,2025-10-25
CVE-2025-9493,0.000390000,0.113310000,0.5563005780346821,2025-10-25,2025-10-25
CVE-2025-9442,0.000390000,0.113310000,0.5563005780346821,2025-10-25,2025-10-25
CVE-2025-9126,0.000420000,0.123800000,0.6372254335260116,2025-10-25,2025-10-25
CVE-2025-9085,0.000340000,0.088570000,0.3965317919075145,2025-10-25,2025-10-25
CVE-2025-8722,0.000390000,0.113310000,0.5563005780346821,2025-10-25,2025-10-25
CVE-2025-8564,0.000370000,0.103340000,0.5188439306358381,2025-10-25,2025-10-25
CVE-2025-8360,0.000370000,0.103340000,0.5188439306358381,2025-10-25,2025-10-25
CVE-2025-8359,0.004220000,0.613430000,0.9692485549132948,2025-10-25,2025-10-25
CVE-2025-8149,0.000370000,0.103340000,0.5188439306358381,2025-10-25,2025-10-25
CVE-2025-7368,0.000550000,0.171300000,0.7657803468208092,2025-10-25,2025-10-25
CVE-2025-7366,0.002760000,0.507350000,0.9498265895953757,2025-10-25,2025-10-25
CVE-2025-7045,0.003630000,0.576900000,0.9625433526011561,2025-10-25,2025-10-25
CVE-2025-7040,0.000750000,0.232260000,0.846242774566474,2025-10-25,2025-10-25
CVE-2025-6757,0.000390000,0.113310000,0.5563005780346821,2025-10-25,2025-10-25
CVE-2025-6067,0.000370000,0.103340000,0.5188439306358381,2025-10-25,2025-10-25
CVE-2025-58446,0.000770000,0.238580000,0.8499421965317919,2025-10-25,2025-10-25
CVE-2025-58445,0.000600000,0.188690000,0.7951445086705202,2025-10-25,2025-10-25
CVE-2025-58443,0.000730000,0.228220000,0.8416184971098266,2025-10-25,2025-10-25
CVE-2025-58439,0.000320000,0.082610000,0.3382658959537572,2025-10-25,2025-10-25
CVE-2025-58438,0.029390000,0.858920000,0.9921387283236994,2025-10-25,2025-10-25
CVE-2025-58437,0.000390000,0.111660000,0.5563005780346821,2025-10-25,2025-10-25
CVE-2025-58374,0.000350000,0.094770000,0.4268208092485549,2025-10-25,2025-10-25
CVE-2025-58373,0.000300000,0.075090000,0.30890173410404625,2025-10-25,2025-10-25
CVE-2025-58372,0.000980000,0.279420000,0.8779190751445086,2025-10-25,2025-10-25
CVE-2025-58371,0.002930000,0.523440000,0.9523699421965318,2025-10-25,2025-10-25
CVE-2025-58370,0.001510000,0.364400000,0.9146820809248555,2025-10-25,2025-10-25
CVE-2025-58369,0.000820000,0.249390000,0.8582658959537572,2025-10-25,2025-10-25
CVE-2025-58367,0.004680000,0.636500000,0.9717919075144509,2025-10-25,2025-10-25
CVE-2025-58366,0.000550000,0.174250000,0.7657803468208092,2025-10-25,2025-10-25
CVE-2025-57807,0.000450000,0.136200000,0.6695953757225434,2025-10-25,2025-10-25
CVE-2025-53791,0.000450000,0.137320000,0.6695953757225434,2025-10-25,2025-10-25
CVE-2025-48042,0.000500000,0.152340000,0.7278612716763005,2025-10-25,2025-10-25
CVE-2025-39734,0.000350000,0.093520000,0.4268208092485549,2025-10-25,2025-10-25
CVE-2025-39733,0.000240000,0.050560000,0.1722543352601156,2025-10-25,2025-10-25
CVE-2025-39732,0.000250000,0.055780000,0.2069364161849711,2025-10-25,2025-10-25
CVE-2025-39731,0.000350000,0.093520000,0.4268208092485549,2025-10-25,2025-10-25
CVE-2025-39730,0.000820000,0.248730000,0.8582658959537572,2025-10-25,2025-10-25
CVE-2025-39729,0.000260000,0.059300000,0.23653179190751444,2025-10-25,2025-10-25
CVE-2025-39727,0.000250000,0.055780000,0.2069364161849711,2025-10-25,2025-10-25
CVE-2025-36100,0.000160000,0.026430000,0.08971098265895953,2025-10-25,2025-10-25
CVE-2025-10079,0.000360000,0.096270000,0.48485549132947975,2025-10-25,2025-10-25
CVE-2025-10078,0.000370000,0.104530000,0.5188439306358381,2025-10-25,2025-10-25
CVE-2025-10077,0.000360000,0.096270000,0.48485549132947975,2025-10-25,2025-10-25
CVE-2025-10076,0.000360000,0.096270000,0.48485549132947975,2025-10-25,2025-10-25
CVE-2025-10075,0.000290000,0.070340000,0.2945664739884393,2025-10-25,2025-10-25
CVE-2025-10074,0.000320000,0.080650000,0.3382658959537572,2025-10-25,2025-10-25
CVE-2025-10073,0.000300000,0.075920000,0.30890173410404625,2025-10-25,2025-10-25
CVE-2025-10072,0.000410000,0.121000000,0.6263583815028901,2025-10-25,2025-10-25
CVE-2025-10071,0.000410000,0.121000000,0.6263583815028901,2025-10-25,2025-10-25
CVE-2025-10070,0.000410000,0.121000000,0.6263583815028901,2025-10-25,2025-10-25
CVE-2025-10068,0.000370000,0.104530000,0.5188439306358381,2025-10-25,2025-10-25
CVE-2025-10067,0.000410000,0.122500000,0.6263583815028901,2025-10-25,2025-10-25
CVE-2025-10066,0.000410000,0.122500000,0.6263583815028901,2025-10-25,2025-10-25
CVE-2025-10065,0.000410000,0.122500000,0.6263583815028901,2025-10-25,2025-10-25
CVE-2025-10064,0.000410000,0.122500000,0.6263583815028901,2025-10-25,2025-10-25
CVE-2025-10063,0.000410000,0.122500000,0.6263583815028901,2025-10-25,2025-10-25
CVE-2025-10062,0.000360000,0.096270000,0.48485549132947975,2025-10-25,2025-10-25
CVE-2025-10061,0.000520000,0.161110000,0.7438150289017341,2025-10-25,2025-10-25
CVE-2025-10060,0.001500000,0.361900000,0.9142196531791907,2025-10-25,2025-10-25
CVE-2025-10059,0.000430000,0.126340000,0.6448554913294797,2025-10-25,2025-10-25
CVE-2025-10046,0.001270000,0.329770000,0.9010404624277457,2025-10-25,2025-10-25
CVE-2025-10044,0.000360000,0.098410000,0.48485549132947975,2025-10-25,2025-10-25
CVE-2025-10034,0.000790000,0.243280000,0.8527167630057804,2025-10-25,2025-10-25
CVE-2025-10033,0.000370000,0.104530000,0.5188439306358381,2025-10-25,2025-10-25
CVE-2025-10032,0.000510000,0.157910000,0.7384971098265896,2025-10-25,2025-10-25
CVE-2025-10031,0.000370000,0.104530000,0.5188439306358381,2025-10-25,2025-10-25
CVE-2025-10030,0.000370000,0.104530000,0.5188439306358381,2025-10-25,2025-10-25
CVE-2025-10029,0.000320000,0.080650000,0.3382658959537572,2025-10-25,2025-10-25
CVE-2025-10028,0.000320000,0.080650000,0.3382658959537572,2025-10-25,2025-10-25
CVE-2025-10027,0.000320000,0.080650000,0.3382658959537572,2025-10-25,2025-10-25
CVE-2025-10003,0.000640000,0.201610000,0.8110982658959538,2025-10-25,2025-10-25
CVE-2025-0034,0.000170000,0.028840000,0.10150289017341041,2025-10-25,2025-10-25
CVE-2025-0032,0.000150000,0.021910000,0.07514450867052024,2025-10-25,2025-10-25
CVE-2025-0011,0.000150000,0.021230000,0.07514450867052024,2025-10-25,2025-10-25
CVE-2025-0010,0.000180000,0.033030000,0.13202312138728323,2025-10-25,2025-10-25
CVE-2025-0009,0.000170000,0.027470000,0.10150289017341041,2025-10-25,2025-10-25
CVE-2024-36354,0.000140000,0.018600000,0.06127167630057803,2025-10-25,2025-10-25
CVE-2024-36352,0.000170000,0.027320000,0.10150289017341041,2025-10-25,2025-10-25
CVE-2024-36346,0.000230000,0.045800000,0.16716763005780347,2025-10-25,2025-10-25
CVE-2024-36342,0.000260000,0.057260000,0.23653179190751444,2025-10-25,2025-10-25
CVE-2024-36331,0.000200000,0.039410000,0.14959537572254336,2025-10-25,2025-10-25
CVE-2024-36326,0.000150000,0.019760000,0.07514450867052024,2025-10-25,2025-10-25
CVE-2024-21970,0.000160000,0.025760000,0.08971098265895953,2025-10-25,2025-10-25
CVE-2024-21947,0.000160000,0.026790000,0.08971098265895953,2025-10-25,2025-10-25
CVE-2023-31365,0.000170000,0.030100000,0.10150289017341041,2025-10-25,2025-10-25
CVE-2023-31351,0.000160000,0.025760000,0.08971098265895953,2025-10-25,2025-10-25
CVE-2023-31330,0.000160000,0.023050000,0.08971098265895953,2025-10-25,2025-10-25
CVE-2023-31326,0.000140000,0.015970000,0.06127167630057803,2025-10-25,2025-10-25
CVE-2023-31325,0.000160000,0.025920000,0.08971098265895953,2025-10-25,2025-10-25
CVE-2023-31322,0.000170000,0.028590000,0.10150289017341041,2025-10-25,2025-10-25
CVE-2023-31306,0.000170000,0.028410000,0.10150289017341041,2025-10-25,2025-10-25
CVE-2023-20516,0.000330000,0.086490000,0.3796531791907514,2025-10-25,2025-10-25
CVE-2021-46750,0.000150000,0.021640000,0.07514450867052024,2025-10-25,2025-10-25
CVE-2021-26383,0.000170000,0.029720000,0.10150289017341041,2025-10-25,2025-10-25
CVE-2021-26377,0.000150000,0.022480000,0.07514450867052024,2025-10-25,2025-10-25
CVE-2025-9114,0.002110000,0.437600000,0.9378034682080925,2025-10-25,2025-10-25
CVE-2025-9113,0.002150000,0.440490000,0.9387283236994219,2025-10-25,2025-10-25
CVE-2025-9112,0.002610000,0.493690000,0.9477456647398844,2025-10-25,2025-10-25
CVE-2025-8085,0.103800000,0.928560000,0.9953757225433526,2025-10-25,2025-10-25
CVE-2025-7709,0.000540000,0.168300000,0.7553757225433526,2025-10-25,2025-10-25
CVE-2025-5993,0.002940000,0.524050000,0.9526011560693641,2025-10-25,2025-10-25
CVE-2025-59033,0.000610000,0.192990000,0.8002312138728324,2025-10-25,2025-10-25
CVE-2025-58782,0.003340000,0.556540000,0.958150289017341,2025-10-25,2025-10-25
CVE-2025-58757,0.002630000,0.496380000,0.9484393063583815,2025-10-25,2025-10-25
CVE-2025-58756,0.004350000,0.620880000,0.9704046242774567,2025-10-25,2025-10-25
CVE-2025-58755,0.000630000,0.199600000,0.8067052023121387,2025-10-25,2025-10-25
CVE-2025-58752,0.000240000,0.052240000,0.1722543352601156,2025-10-25,2025-10-25
CVE-2025-58751,0.015300000,0.806640000,0.989364161849711,2025-10-25,2025-10-25
CVE-2025-58746,0.000480000,0.147070000,0.7149132947976878,2025-10-25,2025-10-25
CVE-2025-58745,0.001940000,0.416650000,0.9310982658959538,2025-10-25,2025-10-25
CVE-2025-58454,0.000460000,0.138930000,0.6763005780346821,2025-10-25,2025-10-25
CVE-2025-58453,0.000460000,0.138930000,0.6763005780346821,2025-10-25,2025-10-25
CVE-2025-58452,0.000440000,0.131550000,0.6564161849710982,2025-10-25,2025-10-25
CVE-2025-58451,0.000600000,0.189880000,0.7951445086705202,2025-10-25,2025-10-25
CVE-2025-58450,0.000430000,0.129390000,0.6448554913294797,2025-10-25,2025-10-25
CVE-2025-58449,0.001240000,0.324280000,0.8994219653179191,2025-10-25,2025-10-25
CVE-2025-58444,0.000320000,0.080460000,0.3382658959537572,2025-10-25,2025-10-25
CVE-2025-58422,0.000230000,0.047570000,0.16716763005780347,2025-10-25,2025-10-25
CVE-2025-58365,0.003830000,0.589180000,0.9655491329479768,2025-10-25,2025-10-25
CVE-2025-57817,0.000520000,0.159750000,0.7438150289017341,2025-10-25,2025-10-25
CVE-2025-57816,0.000570000,0.178410000,0.778728323699422,2025-10-25,2025-10-25
CVE-2025-57815,0.000850000,0.255380000,0.8638150289017341,2025-10-25,2025-10-25
CVE-2025-57766,0.000510000,0.158380000,0.7384971098265896,2025-10-25,2025-10-25
CVE-2025-57285,0.010670000,0.769720000,0.9854335260115606,2025-10-25,2025-10-25
CVE-2025-57141,0.005590000,0.673110000,0.976878612716763,2025-10-25,2025-10-25
CVE-2025-56630,0.000380000,0.108260000,0.5440462427745665,2025-10-25,2025-10-25
CVE-2025-56267,0.001030000,0.290380000,0.8832369942196532,2025-10-25,2025-10-25
CVE-2025-56266,0.001030000,0.290380000,0.8832369942196532,2025-10-25,2025-10-25
CVE-2025-56265,0.000770000,0.236310000,0.8499421965317919,2025-10-25,2025-10-25
CVE-2025-55998,0.000500000,0.154360000,0.7278612716763005,2025-10-25,2025-10-25
CVE-2025-55849,0.000240000,0.048790000,0.1722543352601156,2025-10-25,2025-10-25
CVE-2025-54994,0.006010000,0.685790000,0.9778034682080925,2025-10-25,2025-10-25
CVE-2025-53838,0.000430000,0.127920000,0.6448554913294797,2025-10-25,2025-10-25
CVE-2025-52389,0.000630000,0.197800000,0.8067052023121387,2025-10-25,2025-10-25
CVE-2025-52288,0.000780000,0.241120000,0.8515606936416185,2025-10-25,2025-10-25
CVE-2025-52161,0.000650000,0.203690000,0.8157225433526012,2025-10-25,2025-10-25
CVE-2025-51586,0.000120000,0.012320000,0.0446242774566474,2025-10-25,2025-10-25
CVE-2025-43763,0.000510000,0.157290000,0.7384971098265896,2025-10-25,2025-10-25
CVE-2025-43722,0.000160000,0.023950000,0.08971098265895953,2025-10-25,2025-10-25
CVE-2025-42912,0.000340000,0.089430000,0.3965317919075145,2025-10-25,2025-10-25
CVE-2025-42911,0.000320000,0.083380000,0.3382658959537572,2025-10-25,2025-10-25
CVE-2025-41708,0.000360000,0.096420000,0.48485549132947975,2025-10-25,2025-10-25
CVE-2025-41682,0.000500000,0.154590000,0.7278612716763005,2025-10-25,2025-10-25
CVE-2025-41664,0.000930000,0.270780000,0.8726011560693642,2025-10-25,2025-10-25
CVE-2025-40930,0.000700000,0.217720000,0.8330635838150289,2025-10-25,2025-10-25
CVE-2025-40929,0.000600000,0.190750000,0.7951445086705202,2025-10-25,2025-10-25
CVE-2025-40928,0.001100000,0.301720000,0.8904046242774567,2025-10-25,2025-10-25
CVE-2025-40642,0.004190000,0.611190000,0.9690173410404624,2025-10-25,2025-10-25
CVE-2025-40641,0.002110000,0.436890000,0.9378034682080925,2025-10-25,2025-10-25
CVE-2025-36855,0.000930000,0.269440000,0.8726011560693642,2025-10-25,2025-10-25
CVE-2025-36854,0.001240000,0.323560000,0.8994219653179191,2025-10-25,2025-10-25
CVE-2025-36853,0.000950000,0.274330000,0.8739884393063584,2025-10-25,2025-10-25
CVE-2025-3212,0.000560000,0.175160000,0.7738728323699422,2025-10-25,2025-10-25
CVE-2025-22956,0.000610000,0.193140000,0.8002312138728324,2025-10-25,2025-10-25
CVE-2025-1761,0.000540000,0.169670000,0.7553757225433526,2025-10-25,2025-10-25
CVE-2025-10121,0.000340000,0.088840000,0.3965317919075145,2025-10-25,2025-10-25
CVE-2025-10120,0.000960000,0.275800000,0.8749132947976879,2025-10-25,2025-10-25
CVE-2025-10118,0.000500000,0.154500000,0.7278612716763005,2025-10-25,2025-10-25
CVE-2025-10117,0.000320000,0.080650000,0.3382658959537572,2025-10-25,2025-10-25
CVE-2025-10116,0.000540000,0.170180000,0.7553757225433526,2025-10-25,2025-10-25
CVE-2025-10115,0.000400000,0.118040000,0.610635838150289,2025-10-25,2025-10-25
CVE-2025-10114,0.000360000,0.096270000,0.48485549132947975,2025-10-25,2025-10-25
CVE-2025-10113,0.000500000,0.154500000,0.7278612716763005,2025-10-25,2025-10-25
CVE-2025-10112,0.000160000,0.025630000,0.08971098265895953,2025-10-25,2025-10-25
CVE-2025-10111,0.000370000,0.104530000,0.5188439306358381,2025-10-25,2025-10-25
CVE-2025-10110,0.000310000,0.078460000,0.32439306358381503,2025-10-25,2025-10-25
CVE-2025-10109,0.000370000,0.104530000,0.5188439306358381,2025-10-25,2025-10-25
CVE-2025-10108,0.000370000,0.104530000,0.5188439306358381,2025-10-25,2025-10-25
CVE-2025-10106,0.000320000,0.083300000,0.3382658959537572,2025-10-25,2025-10-25
CVE-2025-10105,0.000320000,0.083300000,0.3382658959537572,2025-10-25,2025-10-25
CVE-2025-10104,0.000370000,0.104530000,0.5188439306358381,2025-10-25,2025-10-25
CVE-2025-10103,0.000370000,0.104530000,0.5188439306358381,2025-10-25,2025-10-25
CVE-2025-10102,0.000370000,0.104530000,0.5188439306358381,2025-10-25,2025-10-25
CVE-2025-10100,0.000370000,0.104530000,0.5188439306358381,2025-10-25,2025-10-25
CVE-2025-10099,0.000380000,0.107960000,0.5440462427745665,2025-10-25,2025-10-25
CVE-2025-10098,0.000320000,0.083300000,0.3382658959537572,2025-10-25,2025-10-25
CVE-2025-10097,0.000460000,0.138000000,0.6763005780346821,2025-10-25,2025-10-25
CVE-2025-10096,0.000550000,0.173010000,0.7657803468208092,2025-10-25,2025-10-25
CVE-2025-10093,0.000690000,0.216600000,0.829364161849711,2025-10-25,2025-10-25
CVE-2025-10092,0.000600000,0.190330000,0.7951445086705202,2025-10-25,2025-10-25
CVE-2025-10091,0.000600000,0.190330000,0.7951445086705202,2025-10-25,2025-10-25
CVE-2025-10090,0.000430000,0.130290000,0.6448554913294797,2025-10-25,2025-10-25
CVE-2025-10088,0.000320000,0.080650000,0.3382658959537572,2025-10-25,2025-10-25
CVE-2025-10087,0.000340000,0.089510000,0.3965317919075145,2025-10-25,2025-10-25
CVE-2025-10086,0.000400000,0.118670000,0.610635838150289,2025-10-25,2025-10-25
CVE-2025-10085,0.000490000,0.149600000,0.7211560693641619,2025-10-25,2025-10-25
CVE-2025-10084,0.000320000,0.082650000,0.3382658959537572,2025-10-25,2025-10-25
CVE-2025-10083,0.000550000,0.172650000,0.7657803468208092,2025-10-25,2025-10-25
CVE-2025-10082,0.000370000,0.104530000,0.5188439306358381,2025-10-25,2025-10-25
CVE-2025-10081,0.000610000,0.192210000,0.8002312138728324,2025-10-25,2025-10-25
CVE-2025-10080,0.000320000,0.082650000,0.3382658959537572,2025-10-25,2025-10-25
CVE-2024-48341,0.000260000,0.057620000,0.23653179190751444,2025-10-25,2025-10-25
CVE-2022-50238,0.000570000,0.179620000,0.778728323699422,2025-10-25,2025-10-25
CVE-2019-25225,0.000450000,0.134200000,0.6695953757225434,2025-10-25,2025-10-25
CVE-2014-125128,0.000450000,0.134200000,0.6695953757225434,2025-10-25,2025-10-25
CVE-2025-9994,0.000690000,0.215780000,0.829364161849711,2025-10-25,2025-10-25
CVE-2025-9951,0.003440000,0.564320000,0.96,2025-10-25,2025-10-25
CVE-2025-9872,0.002400000,0.472580000,0.9445086705202312,2025-10-25,2025-10-25
CVE-2025-9712,0.002070000,0.431630000,0.9373410404624277,2025-10-25,2025-10-25
CVE-2025-9542,0.000390000,0.110510000,0.5563005780346821,2025-10-25,2025-10-25
CVE-2025-9539,0.001850000,0.405620000,0.9292485549132948,2025-10-25,2025-10-25
CVE-2025-9489,0.000720000,0.225150000,0.8353757225433526,2025-10-25,2025-10-25
CVE-2025-9364,0.000080000,0.004350000,0.027052023121387284,2025-10-25,2025-10-25
CVE-2025-9166,0.000990000,0.283740000,0.8795375722543353,2025-10-25,2025-10-25
CVE-2025-9161,0.000260000,0.058870000,0.23653179190751444,2025-10-25,2025-10-25
CVE-2025-9160,0.000270000,0.061100000,0.2846242774566474,2025-10-25,2025-10-25
CVE-2025-9111,0.000440000,0.131550000,0.6564161849710982,2025-10-25,2025-10-25
CVE-2025-9065,0.000090000,0.006340000,0.03421965317919075,2025-10-25,2025-10-25
CVE-2025-9061,0.000300000,0.075790000,0.30890173410404625,2025-10-25,2025-10-25
CVE-2025-9058,0.000300000,0.075790000,0.30890173410404625,2025-10-25,2025-10-25
CVE-2025-8889,0.000390000,0.114320000,0.5563005780346821,2025-10-25,2025-10-25
CVE-2025-8712,0.002020000,0.425370000,0.9354913294797688,2025-10-25,2025-10-25
CVE-2025-8711,0.000630000,0.198350000,0.8067052023121387,2025-10-25,2025-10-25
CVE-2025-8277,0.000500000,0.152560000,0.7278612716763005,2025-10-25,2025-10-25
CVE-2025-8008,0.000310000,0.079570000,0.32439306358381503,2025-10-25,2025-10-25
CVE-2025-8007,0.000600000,0.188220000,0.7951445086705202,2025-10-25,2025-10-25
CVE-2025-7970,0.000470000,0.144680000,0.686242774566474,2025-10-25,2025-10-25
CVE-2025-7350,0.004980000,0.649830000,0.9731791907514451,2025-10-25,2025-10-25
CVE-2025-59019,0.000370000,0.104560000,0.5188439306358381,2025-10-25,2025-10-25
CVE-2025-59018,0.000420000,0.123010000,0.6372254335260116,2025-10-25,2025-10-25
CVE-2025-59017,0.000530000,0.165530000,0.7479768786127168,2025-10-25,2025-10-25
CVE-2025-59016,0.000370000,0.104560000,0.5188439306358381,2025-10-25,2025-10-25
CVE-2025-59015,0.000410000,0.122780000,0.6263583815028901,2025-10-25,2025-10-25
CVE-2025-59014,0.000540000,0.168100000,0.7553757225433526,2025-10-25,2025-10-25
CVE-2025-59013,0.000330000,0.086700000,0.3796531791907514,2025-10-25,2025-10-25
CVE-2025-55148,0.005090000,0.654620000,0.9738728323699422,2025-10-25,2025-10-25
CVE-2025-55147,0.001250000,0.324850000,0.9003468208092485,2025-10-25,2025-10-25
CVE-2025-55146,0.003700000,0.581320000,0.9641618497109826,2025-10-25,2025-10-25
CVE-2025-55145,0.003650000,0.578020000,0.9634682080924856,2025-10-25,2025-10-25
CVE-2025-55144,0.004460000,0.626560000,0.9708670520231214,2025-10-25,2025-10-25
CVE-2025-55143,0.000540000,0.170810000,0.7553757225433526,2025-10-25,2025-10-25
CVE-2025-55142,0.005110000,0.655660000,0.9743352601156069,2025-10-25,2025-10-25
CVE-2025-55141,0.005110000,0.655660000,0.9743352601156069,2025-10-25,2025-10-25
CVE-2025-55139,0.002360000,0.464810000,0.943121387283237,2025-10-25,2025-10-25
CVE-2025-54236,0.385130000,0.970530000,0.9986127167630058,2025-10-25,2025-10-25
CVE-2025-53609,0.000790000,0.242130000,0.8527167630057804,2025-10-25,2025-10-25
CVE-2025-52915,0.000480000,0.147430000,0.7149132947976878,2025-10-25,2025-10-25
CVE-2025-52322,0.002120000,0.438540000,0.9384971098265896,2025-10-25,2025-10-25
CVE-2025-52277,0.000830000,0.249930000,0.8596531791907515,2025-10-25,2025-10-25
CVE-2025-48208,0.000610000,0.192260000,0.8002312138728324,2025-10-25,2025-10-25
CVE-2025-47695,0.001470000,0.357490000,0.9107514450867052,2025-10-25,2025-10-25
CVE-2025-47694,0.000390000,0.114620000,0.5563005780346821,2025-10-25,2025-10-25
CVE-2025-47579,0.000580000,0.183520000,0.7847398843930636,2025-10-25,2025-10-25
CVE-2025-47571,0.001240000,0.324000000,0.8994219653179191,2025-10-25,2025-10-25
CVE-2025-47570,0.000390000,0.114620000,0.5563005780346821,2025-10-25,2025-10-25
CVE-2025-47569,0.000430000,0.126460000,0.6448554913294797,2025-10-25,2025-10-25
CVE-2025-47437,0.000220000,0.044760000,0.16208092485549133,2025-10-25,2025-10-25
CVE-2025-47416,0.000900000,0.265220000,0.8691329479768786,2025-10-25,2025-10-25
CVE-2025-43778,0.002160000,0.442380000,0.9396531791907514,2025-10-25,2025-10-25
CVE-2025-43777,0.000540000,0.168300000,0.7553757225433526,2025-10-25,2025-10-25
CVE-2025-43776,0.001940000,0.416040000,0.9310982658959538,2025-10-25,2025-10-25
CVE-2025-42958,0.000990000,0.282720000,0.8795375722543353,2025-10-25,2025-10-25
CVE-2025-42944,0.000470000,0.143420000,0.686242774566474,2025-10-25,2025-10-25
CVE-2025-42938,0.001160000,0.311550000,0.8952601156069364,2025-10-25,2025-10-25
CVE-2025-42933,0.000290000,0.072700000,0.2945664739884393,2025-10-25,2025-10-25
CVE-2025-42930,0.000760000,0.233170000,0.8471676300578035,2025-10-25,2025-10-25
CVE-2025-42929,0.000440000,0.133280000,0.6564161849710982,2025-10-25,2025-10-25
CVE-2025-42927,0.000160000,0.023050000,0.08971098265895953,2025-10-25,2025-10-25
CVE-2025-42926,0.000980000,0.279660000,0.8779190751445086,2025-10-25,2025-10-25
CVE-2025-42925,0.000350000,0.094340000,0.4268208092485549,2025-10-25,2025-10-25
CVE-2025-42923,0.000180000,0.034120000,0.13202312138728323,2025-10-25,2025-10-25
CVE-2025-42922,0.000610000,0.192290000,0.8002312138728324,2025-10-25,2025-10-25
CVE-2025-42920,0.001450000,0.355290000,0.9095953757225433,2025-10-25,2025-10-25
CVE-2025-42918,0.000320000,0.083380000,0.3382658959537572,2025-10-25,2025-10-25
CVE-2025-42917,0.000340000,0.089430000,0.3965317919075145,2025-10-25,2025-10-25
CVE-2025-42916,0.000440000,0.133280000,0.6564161849710982,2025-10-25,2025-10-25
CVE-2025-42915,0.000320000,0.083380000,0.3382658959537572,2025-10-25,2025-10-25
CVE-2025-42914,0.000340000,0.089430000,0.3965317919075145,2025-10-25,2025-10-25
CVE-2025-42913,0.000340000,0.089430000,0.3965317919075145,2025-10-25,2025-10-25
CVE-2025-41701,0.000330000,0.084270000,0.3796531791907514,2025-10-25,2025-10-25
CVE-2025-40804,0.000520000,0.159710000,0.7438150289017341,2025-10-25,2025-10-25
CVE-2025-40803,0.000200000,0.039450000,0.14959537572254336,2025-10-25,2025-10-25
CVE-2025-40802,0.000200000,0.038080000,0.14959537572254336,2025-10-25,2025-10-25
CVE-2025-40798,0.001160000,0.311960000,0.8952601156069364,2025-10-25,2025-10-25
CVE-2025-40797,0.001160000,0.311960000,0.8952601156069364,2025-10-25,2025-10-25
CVE-2025-40796,0.001160000,0.311960000,0.8952601156069364,2025-10-25,2025-10-25
CVE-2025-40795,0.001680000,0.385000000,0.9195375722543353,2025-10-25,2025-10-25
CVE-2025-40757,0.000390000,0.114320000,0.5563005780346821,2025-10-25,2025-10-25
CVE-2025-40594,0.000330000,0.086110000,0.3796531791907514,2025-10-25,2025-10-25
CVE-2025-39553,0.000220000,0.044760000,0.16208092485549133,2025-10-25,2025-10-25
CVE-2025-39541,0.000250000,0.053600000,0.2069364161849711,2025-10-25,2025-10-25
CVE-2025-39523,0.000190000,0.035050000,0.14358381502890175,2025-10-25,2025-10-25
CVE-2025-33045,0.000170000,0.029610000,0.10150289017341041,2025-10-25,2025-10-25
CVE-2025-32689,0.000550000,0.171610000,0.7657803468208092,2025-10-25,2025-10-25
CVE-2025-32688,0.000220000,0.044760000,0.16208092485549133,2025-10-25,2025-10-25
CVE-2025-32486,0.000400000,0.119020000,0.610635838150289,2025-10-25,2025-10-25
CVE-2025-30875,0.000170000,0.027350000,0.10150289017341041,2025-10-25,2025-10-25
CVE-2025-24404,0.000700000,0.220130000,0.8330635838150289,2025-10-25,2025-10-25
CVE-2025-10183,0.000790000,0.243180000,0.8527167630057804,2025-10-25,2025-10-25
CVE-2025-10134,0.003680000,0.580440000,0.9636994219653179,2025-10-25,2025-10-25
CVE-2025-10123,0.005460000,0.669000000,0.9761849710982659,2025-10-25,2025-10-25
CVE-2025-10122,0.000320000,0.083670000,0.3382658959537572,2025-10-25,2025-10-25
CVE-2025-10107,0.003160000,0.541840000,0.9544508670520231,2025-10-25,2025-10-25
CVE-2025-10095,0.000260000,0.058030000,0.23653179190751444,2025-10-25,2025-10-25
CVE-2024-45325,0.000230000,0.045880000,0.16716763005780347,2025-10-25,2025-10-25
CVE-2025-57061,0.000720000,0.223300000,0.8353757225433526,2025-10-25,2025-10-25
CVE-2025-57059,0.000720000,0.223300000,0.8353757225433526,2025-10-25,2025-10-25
CVE-2025-57058,0.000720000,0.223300000,0.8353757225433526,2025-10-25,2025-10-25
CVE-2025-57057,0.000720000,0.223300000,0.8353757225433526,2025-10-25,2025-10-25
CVE-2025-55317,0.000640000,0.200330000,0.8110982658959538,2025-10-25,2025-10-25
CVE-2025-55316,0.001140000,0.308610000,0.8936416184971099,2025-10-25,2025-10-25
CVE-2025-55245,0.000640000,0.200330000,0.8110982658959538,2025-10-25,2025-10-25
CVE-2025-55243,0.001050000,0.292120000,0.8850867052023121,2025-10-25,2025-10-25
CVE-2025-55236,0.001150000,0.310000000,0.8941040462427746,2025-10-25,2025-10-25
CVE-2025-55234,0.006690000,0.705160000,0.9796531791907515,2025-10-25,2025-10-25
CVE-2025-55232,0.003940000,0.595900000,0.9664739884393063,2025-10-25,2025-10-25
CVE-2025-55228,0.000470000,0.142340000,0.686242774566474,2025-10-25,2025-10-25
CVE-2025-55227,0.000980000,0.278250000,0.8779190751445086,2025-10-25,2025-10-25
CVE-2025-55226,0.000460000,0.138450000,0.6763005780346821,2025-10-25,2025-10-25
CVE-2025-55225,0.000640000,0.203190000,0.8110982658959538,2025-10-25,2025-10-25
CVE-2025-55224,0.000470000,0.142340000,0.686242774566474,2025-10-25,2025-10-25
CVE-2025-55223,0.000470000,0.142340000,0.686242774566474,2025-10-25,2025-10-25
CVE-2025-54919,0.000460000,0.138450000,0.6763005780346821,2025-10-25,2025-10-25
CVE-2025-54918,0.001490000,0.360910000,0.9132947976878613,2025-10-25,2025-10-25
CVE-2025-54917,0.000750000,0.232570000,0.846242774566474,2025-10-25,2025-10-25
CVE-2025-54916,0.000760000,0.235190000,0.8471676300578035,2025-10-25,2025-10-25
CVE-2025-54915,0.001850000,0.405790000,0.9292485549132948,2025-10-25,2025-10-25
CVE-2025-54913,0.000470000,0.142340000,0.686242774566474,2025-10-25,2025-10-25
CVE-2025-54912,0.000570000,0.177920000,0.778728323699422,2025-10-25,2025-10-25
CVE-2025-54911,0.000670000,0.211500000,0.8184971098265896,2025-10-25,2025-10-25
CVE-2025-54910,0.000630000,0.199990000,0.8067052023121387,2025-10-25,2025-10-25
CVE-2025-54908,0.000680000,0.214260000,0.8224277456647399,2025-10-25,2025-10-25
CVE-2025-54907,0.000680000,0.214260000,0.8224277456647399,2025-10-25,2025-10-25
CVE-2025-54906,0.000680000,0.214260000,0.8224277456647399,2025-10-25,2025-10-25
CVE-2025-54905,0.000610000,0.191420000,0.8002312138728324,2025-10-25,2025-10-25
CVE-2025-54904,0.000680000,0.214260000,0.8224277456647399,2025-10-25,2025-10-25
CVE-2025-54903,0.000680000,0.214260000,0.8224277456647399,2025-10-25,2025-10-25
CVE-2025-54902,0.000680000,0.214260000,0.8224277456647399,2025-10-25,2025-10-25
CVE-2025-54901,0.000510000,0.155940000,0.7384971098265896,2025-10-25,2025-10-25
CVE-2025-54900,0.000680000,0.214260000,0.8224277456647399,2025-10-25,2025-10-25
CVE-2025-54899,0.000680000,0.214260000,0.8224277456647399,2025-10-25,2025-10-25
CVE-2025-54898,0.000680000,0.214260000,0.8224277456647399,2025-10-25,2025-10-25
CVE-2025-54897,0.016290000,0.812340000,0.9895953757225433,2025-10-25,2025-10-25
CVE-2025-54896,0.000680000,0.214260000,0.8224277456647399,2025-10-25,2025-10-25
CVE-2025-54895,0.000640000,0.203460000,0.8110982658959538,2025-10-25,2025-10-25
CVE-2025-54894,0.000570000,0.177920000,0.778728323699422,2025-10-25,2025-10-25
CVE-2025-54709,0.001650000,0.380740000,0.9176878612716763,2025-10-25,2025-10-25
CVE-2025-54261,0.012870000,0.789610000,0.9879768786127168,2025-10-25,2025-10-25
CVE-2025-54252,0.000450000,0.137240000,0.6695953757225434,2025-10-25,2025-10-25
CVE-2025-54251,0.127870000,0.936890000,0.9963005780346821,2025-10-25,2025-10-25
CVE-2025-54250,0.002440000,0.476180000,0.9458959537572255,2025-10-25,2025-10-25
CVE-2025-54249,0.104360000,0.928730000,0.9956069364161849,2025-10-25,2025-10-25
CVE-2025-54248,0.001100000,0.301760000,0.8904046242774567,2025-10-25,2025-10-25
CVE-2025-54247,0.001080000,0.297910000,0.8878612716763006,2025-10-25,2025-10-25
CVE-2025-54246,0.000500000,0.152910000,0.7278612716763005,2025-10-25,2025-10-25
CVE-2025-54116,0.000510000,0.156940000,0.7384971098265896,2025-10-25,2025-10-25
CVE-2025-54115,0.000470000,0.142340000,0.686242774566474,2025-10-25,2025-10-25
CVE-2025-54114,0.000470000,0.142340000,0.686242774566474,2025-10-25,2025-10-25
CVE-2025-54113,0.000720000,0.224700000,0.8353757225433526,2025-10-25,2025-10-25
CVE-2025-54112,0.000520000,0.161190000,0.7438150289017341,2025-10-25,2025-10-25
CVE-2025-54111,0.000520000,0.161190000,0.7438150289017341,2025-10-25,2025-10-25
CVE-2025-54110,0.001050000,0.291860000,0.8850867052023121,2025-10-25,2025-10-25
CVE-2025-54109,0.001800000,0.399800000,0.9269364161849711,2025-10-25,2025-10-25
CVE-2025-54108,0.000470000,0.142340000,0.686242774566474,2025-10-25,2025-10-25
CVE-2025-54107,0.000760000,0.232970000,0.8471676300578035,2025-10-25,2025-10-25
CVE-2025-54106,0.000790000,0.241720000,0.8527167630057804,2025-10-25,2025-10-25
CVE-2025-54105,0.000470000,0.142340000,0.686242774566474,2025-10-25,2025-10-25
CVE-2025-54104,0.001800000,0.399800000,0.9269364161849711,2025-10-25,2025-10-25
CVE-2025-54103,0.000580000,0.183710000,0.7847398843930636,2025-10-25,2025-10-25
CVE-2025-54102,0.000570000,0.177920000,0.778728323699422,2025-10-25,2025-10-25
CVE-2025-54101,0.001020000,0.287130000,0.8823121387283237,2025-10-25,2025-10-25
CVE-2025-54099,0.000520000,0.161190000,0.7438150289017341,2025-10-25,2025-10-25
CVE-2025-54098,0.000700000,0.218660000,0.8330635838150289,2025-10-25,2025-10-25
CVE-2025-54097,0.000640000,0.203190000,0.8110982658959538,2025-10-25,2025-10-25
CVE-2025-54096,0.000640000,0.203190000,0.8110982658959538,2025-10-25,2025-10-25
CVE-2025-54095,0.000640000,0.203190000,0.8110982658959538,2025-10-25,2025-10-25
CVE-2025-54094,0.001800000,0.399800000,0.9269364161849711,2025-10-25,2025-10-25
CVE-2025-54093,0.000470000,0.142340000,0.686242774566474,2025-10-25,2025-10-25
CVE-2025-54092,0.000510000,0.158360000,0.7384971098265896,2025-10-25,2025-10-25
CVE-2025-54091,0.000780000,0.239290000,0.8515606936416185,2025-10-25,2025-10-25
CVE-2025-53810,0.001800000,0.399800000,0.9269364161849711,2025-10-25,2025-10-25
CVE-2025-53809,0.001990000,0.423070000,0.9336416184971098,2025-10-25,2025-10-25
CVE-2025-53808,0.001800000,0.399800000,0.9269364161849711,2025-10-25,2025-10-25
CVE-2025-53807,0.000470000,0.142340000,0.686242774566474,2025-10-25,2025-10-25
CVE-2025-53806,0.000640000,0.203190000,0.8110982658959538,2025-10-25,2025-10-25
CVE-2025-53805,0.001170000,0.312260000,0.8966473988439306,2025-10-25,2025-10-25
CVE-2025-53804,0.000500000,0.155140000,0.7278612716763005,2025-10-25,2025-10-25
CVE-2025-53803,0.000500000,0.155140000,0.7278612716763005,2025-10-25,2025-10-25
CVE-2025-53802,0.000520000,0.161190000,0.7438150289017341,2025-10-25,2025-10-25
CVE-2025-53801,0.000570000,0.177920000,0.778728323699422,2025-10-25,2025-10-25
CVE-2025-53800,0.001410000,0.349810000,0.9072832369942196,2025-10-25,2025-10-25
CVE-2025-53799,0.000960000,0.274620000,0.8749132947976879,2025-10-25,2025-10-25
CVE-2025-53798,0.000640000,0.203190000,0.8110982658959538,2025-10-25,2025-10-25
CVE-2025-53797,0.000640000,0.203190000,0.8110982658959538,2025-10-25,2025-10-25
CVE-2025-53796,0.000640000,0.203190000,0.8110982658959538,2025-10-25,2025-10-25
CVE-2025-53348,0.000400000,0.117800000,0.610635838150289,2025-10-25,2025-10-25
CVE-2025-53340,0.000400000,0.118930000,0.610635838150289,2025-10-25,2025-10-25
CVE-2025-53303,0.000610000,0.193150000,0.8002312138728324,2025-10-25,2025-10-25
CVE-2025-53291,0.000460000,0.138120000,0.6763005780346821,2025-10-25,2025-10-25
CVE-2025-49860,0.000400000,0.118930000,0.610635838150289,2025-10-25,2025-10-25
CVE-2025-49734,0.000480000,0.146360000,0.7149132947976878,2025-10-25,2025-10-25
CVE-2025-49692,0.000520000,0.161630000,0.7438150289017341,2025-10-25,2025-10-25
CVE-2025-49430,0.000380000,0.108780000,0.5440462427745665,2025-10-25,2025-10-25
CVE-2025-48101,0.000520000,0.160940000,0.7438150289017341,2025-10-25,2025-10-25
CVE-2025-47997,0.000880000,0.261990000,0.8665895953757226,2025-10-25,2025-10-25
CVE-2025-9269,0.000590000,0.184800000,0.7900578034682081,2025-10-25,2025-10-25
CVE-2025-7635,0.000200000,0.038910000,0.14959537572254336,2025-10-25,2025-10-25
CVE-2025-59008,0.000390000,0.113420000,0.5563005780346821,2025-10-25,2025-10-25
CVE-2025-59005,0.000340000,0.089430000,0.3965317919075145,2025-10-25,2025-10-25
CVE-2025-58997,0.000210000,0.041110000,0.1553757225433526,2025-10-25,2025-10-25
CVE-2025-58993,0.000390000,0.113420000,0.5563005780346821,2025-10-25,2025-10-25
CVE-2025-58991,0.000170000,0.028350000,0.10150289017341041,2025-10-25,2025-10-25
CVE-2025-58990,0.000390000,0.112390000,0.5563005780346821,2025-10-25,2025-10-25
CVE-2025-58989,0.000390000,0.112390000,0.5563005780346821,2025-10-25,2025-10-25
CVE-2025-58988,0.000390000,0.112390000,0.5563005780346821,2025-10-25,2025-10-25
CVE-2025-58987,0.000390000,0.112390000,0.5563005780346821,2025-10-25,2025-10-25
CVE-2025-58985,0.000390000,0.112390000,0.5563005780346821,2025-10-25,2025-10-25
CVE-2025-58984,0.000360000,0.098250000,0.48485549132947975,2025-10-25,2025-10-25
CVE-2025-58983,0.000360000,0.098250000,0.48485549132947975,2025-10-25,2025-10-25
CVE-2025-58982,0.000360000,0.098250000,0.48485549132947975,2025-10-25,2025-10-25
CVE-2025-58981,0.000320000,0.083380000,0.3382658959537572,2025-10-25,2025-10-25
CVE-2025-58980,0.000400000,0.118930000,0.610635838150289,2025-10-25,2025-10-25
CVE-2025-58979,0.000400000,0.117800000,0.610635838150289,2025-10-25,2025-10-25
CVE-2025-58978,0.000400000,0.118930000,0.610635838150289,2025-10-25,2025-10-25
CVE-2025-58977,0.000320000,0.083380000,0.3382658959537572,2025-10-25,2025-10-25
CVE-2025-58976,0.000320000,0.083380000,0.3382658959537572,2025-10-25,2025-10-25
CVE-2025-58975,0.000170000,0.029500000,0.10150289017341041,2025-10-25,2025-10-25
CVE-2025-58762,0.004930000,0.648000000,0.9729479768786127,2025-10-25,2025-10-25
CVE-2025-58761,0.001360000,0.341630000,0.904971098265896,2025-10-25,2025-10-25
CVE-2025-58760,0.001760000,0.394780000,0.9246242774566474,2025-10-25,2025-10-25
CVE-2025-58759,0.000980000,0.280130000,0.8779190751445086,2025-10-25,2025-10-25
CVE-2025-58758,0.000350000,0.095110000,0.4268208092485549,2025-10-25,2025-10-25
CVE-2025-58753,0.000400000,0.118810000,0.610635838150289,2025-10-25,2025-10-25
CVE-2025-58442,0.000410000,0.122460000,0.6263583815028901,2025-10-25,2025-10-25
CVE-2025-58435,0.000500000,0.152340000,0.7278612716763005,2025-10-25,2025-10-25
CVE-2025-58430,0.000230000,0.045960000,0.16716763005780347,2025-10-25,2025-10-25
CVE-2025-58215,0.001650000,0.380740000,0.9176878612716763,2025-10-25,2025-10-25
CVE-2025-58180,0.001400000,0.348480000,0.9068208092485549,2025-10-25,2025-10-25
CVE-2025-58063,0.000510000,0.157610000,0.7384971098265896,2025-10-25,2025-10-25
CVE-2025-57665,0.000370000,0.104570000,0.5188439306358381,2025-10-25,2025-10-25
CVE-2025-57540,0.000320000,0.083050000,0.3382658959537572,2025-10-25,2025-10-25
CVE-2025-57539,0.000320000,0.083050000,0.3382658959537572,2025-10-25,2025-10-25
CVE-2025-57538,0.000370000,0.103080000,0.5188439306358381,2025-10-25,2025-10-25
CVE-2025-57278,0.000900000,0.263980000,0.8691329479768786,2025-10-25,2025-10-25
CVE-2025-57087,0.000720000,0.223300000,0.8353757225433526,2025-10-25,2025-10-25
CVE-2025-57086,0.000720000,0.223300000,0.8353757225433526,2025-10-25,2025-10-25
CVE-2025-57085,0.000730000,0.226880000,0.8416184971098266,2025-10-25,2025-10-25
CVE-2025-57078,0.000720000,0.223300000,0.8353757225433526,2025-10-25,2025-10-25
CVE-2025-57072,0.000720000,0.223300000,0.8353757225433526,2025-10-25,2025-10-25
CVE-2025-57071,0.000720000,0.223300000,0.8353757225433526,2025-10-25,2025-10-25
CVE-2025-57070,0.000720000,0.223300000,0.8353757225433526,2025-10-25,2025-10-25
CVE-2025-57069,0.000720000,0.223300000,0.8353757225433526,2025-10-25,2025-10-25
CVE-2025-57064,0.000720000,0.223300000,0.8353757225433526,2025-10-25,2025-10-25
CVE-2025-57063,0.000720000,0.223300000,0.8353757225433526,2025-10-25,2025-10-25
CVE-2025-57062,0.000720000,0.223300000,0.8353757225433526,2025-10-25,2025-10-25
CVE-2025-57060,0.000720000,0.223300000,0.8353757225433526,2025-10-25,2025-10-25
CVE-2025-55730,0.004030000,0.601400000,0.9676300578034682,2025-10-25,2025-10-25
CVE-2025-55729,0.004030000,0.601400000,0.9676300578034682,2025-10-25,2025-10-25
CVE-2025-55728,0.087130000,0.920960000,0.9951445086705202,2025-10-25,2025-10-25
CVE-2025-55727,0.082240000,0.918110000,0.9946820809248554,2025-10-25,2025-10-25
CVE-2025-55054,0.000340000,0.090630000,0.3965317919075145,2025-10-25,2025-10-25
CVE-2025-55053,0.000170000,0.027610000,0.10150289017341041,2025-10-25,2025-10-25
CVE-2025-55052,0.000350000,0.094340000,0.4268208092485549,2025-10-25,2025-10-25
CVE-2025-55051,0.000590000,0.187420000,0.7900578034682081,2025-10-25,2025-10-25
CVE-2025-55050,0.000590000,0.187420000,0.7900578034682081,2025-10-25,2025-10-25
CVE-2025-55049,0.000430000,0.127340000,0.6448554913294797,2025-10-25,2025-10-25
CVE-2025-55048,0.000680000,0.214130000,0.8224277456647399,2025-10-25,2025-10-25
CVE-2025-55047,0.000180000,0.033050000,0.13202312138728323,2025-10-25,2025-10-25
CVE-2025-5500,0.000150000,0.021540000,0.07514450867052024,2025-10-25,2025-10-25
CVE-2025-54257,0.000390000,0.110690000,0.5563005780346821,2025-10-25,2025-10-25
CVE-2025-54256,0.000140000,0.015960000,0.06127167630057803,2025-10-25,2025-10-25
CVE-2025-54255,0.000540000,0.167310000,0.7553757225433526,2025-10-25,2025-10-25
CVE-2025-54242,0.000390000,0.110690000,0.5563005780346821,2025-10-25,2025-10-25
CVE-2025-54084,0.007440000,0.722230000,0.9808092485549132,2025-10-25,2025-10-25
CVE-2025-54083,0.000240000,0.050560000,0.1722543352601156,2025-10-25,2025-10-25
CVE-2025-53914,0.000230000,0.047580000,0.16716763005780347,2025-10-25,2025-10-25
CVE-2025-53913,0.000230000,0.047580000,0.16716763005780347,2025-10-25,2025-10-25
CVE-2025-5005,0.000600000,0.189900000,0.7951445086705202,2025-10-25,2025-10-25
CVE-2025-47415,0.000610000,0.191790000,0.8002312138728324,2025-10-25,2025-10-25
CVE-2025-44595,0.000340000,0.090630000,0.3965317919075145,2025-10-25,2025-10-25
CVE-2025-44594,0.000430000,0.127340000,0.6448554913294797,2025-10-25,2025-10-25
CVE-2025-44593,0.000340000,0.090630000,0.3965317919075145,2025-10-25,2025-10-25
CVE-2025-43786,0.000670000,0.211640000,0.8184971098265896,2025-10-25,2025-10-25
CVE-2025-43781,0.002180000,0.444060000,0.9403468208092486,2025-10-25,2025-10-25
CVE-2025-43775,0.001990000,0.423040000,0.9336416184971098,2025-10-25,2025-10-25
CVE-2025-43491,0.000280000,0.067410000,0.2894797687861272,2025-10-25,2025-10-25
CVE-2025-36125,0.000330000,0.086990000,0.3796531791907514,2025-10-25,2025-10-25
CVE-2025-36011,0.000130000,0.014790000,0.04947976878612717,2025-10-25,2025-10-25
CVE-2025-34178,0.000170000,0.029850000,0.10150289017341041,2025-10-25,2025-10-25
CVE-2025-34177,0.000170000,0.029850000,0.10150289017341041,2025-10-25,2025-10-25
CVE-2025-34176,0.000360000,0.102320000,0.48485549132947975,2025-10-25,2025-10-25
CVE-2025-34175,0.000220000,0.043960000,0.16208092485549133,2025-10-25,2025-10-25
CVE-2025-34174,0.000170000,0.029850000,0.10150289017341041,2025-10-25,2025-10-25
CVE-2025-34173,0.000360000,0.102320000,0.48485549132947975,2025-10-25,2025-10-25
CVE-2025-34172,0.000220000,0.043050000,0.16208092485549133,2025-10-25,2025-10-25
CVE-2025-29089,0.000600000,0.190130000,0.7951445086705202,2025-10-25,2025-10-25
CVE-2025-23344,0.000330000,0.084010000,0.3796531791907514,2025-10-25,2025-10-25
CVE-2025-23343,0.000660000,0.207950000,0.8175722543352602,2025-10-25,2025-10-25
CVE-2025-23342,0.000410000,0.120930000,0.6263583815028901,2025-10-25,2025-10-25
CVE-2025-10199,0.000170000,0.027660000,0.10150289017341041,2025-10-25,2025-10-25
CVE-2025-10198,0.000140000,0.018380000,0.06127167630057803,2025-10-25,2025-10-25
CVE-2025-10170,0.000530000,0.165520000,0.7479768786127168,2025-10-25,2025-10-25
CVE-2025-10169,0.000530000,0.165520000,0.7479768786127168,2025-10-25,2025-10-25
CVE-2025-10164,0.000440000,0.131600000,0.6564161849710982,2025-10-25,2025-10-25
CVE-2025-10159,0.001380000,0.344560000,0.9058959537572254,2025-10-25,2025-10-25
CVE-2025-9997,0.002090000,0.434820000,0.9375722543352601,2025-10-25,2025-10-25
CVE-2025-9996,0.002060000,0.431240000,0.936878612716763,2025-10-25,2025-10-25
CVE-2025-9979,0.000320000,0.082120000,0.3382658959537572,2025-10-25,2025-10-25
CVE-2025-9943,0.001240000,0.323890000,0.8994219653179191,2025-10-25,2025-10-25
CVE-2025-9888,0.000140000,0.018630000,0.06127167630057803,2025-10-25,2025-10-25
CVE-2025-9857,0.000370000,0.103340000,0.5188439306358381,2025-10-25,2025-10-25
CVE-2025-9622,0.000170000,0.029700000,0.10150289017341041,2025-10-25,2025-10-25
CVE-2025-9463,0.000330000,0.085060000,0.3796531791907514,2025-10-25,2025-10-25
CVE-2025-9367,0.000310000,0.077600000,0.32439306358381503,2025-10-25,2025-10-25
CVE-2025-8778,0.000340000,0.089930000,0.3965317919075145,2025-10-25,2025-10-25
CVE-2025-8388,0.000370000,0.103340000,0.5188439306358381,2025-10-25,2025-10-25
CVE-2025-7843,0.000320000,0.083380000,0.3382658959537572,2025-10-25,2025-10-25
CVE-2025-7826,0.000330000,0.086760000,0.3796531791907514,2025-10-25,2025-10-25
CVE-2025-7746,0.000670000,0.211640000,0.8184971098265896,2025-10-25,2025-10-25
CVE-2025-7718,0.000500000,0.154590000,0.7278612716763005,2025-10-25,2025-10-25
CVE-2025-7049,0.000500000,0.154590000,0.7278612716763005,2025-10-25,2025-10-25
CVE-2025-6189,0.000310000,0.079820000,0.32439306358381503,2025-10-25,2025-10-25
CVE-2025-59046,0.003940000,0.595800000,0.9664739884393063,2025-10-25,2025-10-25
CVE-2025-59044,0.000140000,0.018390000,0.06127167630057803,2025-10-25,2025-10-25
CVE-2025-59042,0.000170000,0.028470000,0.10150289017341041,2025-10-25,2025-10-25
CVE-2025-59039,0.000630000,0.197750000,0.8067052023121387,2025-10-25,2025-10-25
CVE-2025-59038,0.000630000,0.197750000,0.8067052023121387,2025-10-25,2025-10-25
CVE-2025-59037,0.000590000,0.187620000,0.7900578034682081,2025-10-25,2025-10-25
CVE-2025-59036,0.000450000,0.137220000,0.6695953757225434,2025-10-25,2025-10-25
CVE-2025-58768,0.000760000,0.233880000,0.8471676300578035,2025-10-25,2025-10-25
CVE-2025-58765,0.000390000,0.113150000,0.5563005780346821,2025-10-25,2025-10-25
CVE-2025-58764,0.001510000,0.364400000,0.9146820809248555,2025-10-25,2025-10-25
CVE-2025-58763,0.003970000,0.598490000,0.9669364161849711,2025-10-25,2025-10-25
CVE-2025-58750,0.000480000,0.146240000,0.7149132947976878,2025-10-25,2025-10-25
CVE-2025-58462,0.001070000,0.297010000,0.8869364161849711,2025-10-25,2025-10-25
CVE-2025-58448,0.000490000,0.150320000,0.7211560693641619,2025-10-25,2025-10-25
CVE-2025-58447,0.002790000,0.509660000,0.9502890173410404,2025-10-25,2025-10-25
CVE-2025-58135,0.000660000,0.206790000,0.8175722543352602,2025-10-25,2025-10-25
CVE-2025-58134,0.000350000,0.092620000,0.4268208092485549,2025-10-25,2025-10-25
CVE-2025-58131,0.000130000,0.014950000,0.04947976878612717,2025-10-25,2025-10-25
CVE-2025-57633,0.006050000,0.687090000,0.9780346820809248,2025-10-25,2025-10-25
CVE-2025-57573,0.000530000,0.165680000,0.7479768786127168,2025-10-25,2025-10-25
CVE-2025-57572,0.000530000,0.165680000,0.7479768786127168,2025-10-25,2025-10-25
CVE-2025-57571,0.000530000,0.165680000,0.7479768786127168,2025-10-25,2025-10-25
CVE-2025-57570,0.000530000,0.165680000,0.7479768786127168,2025-10-25,2025-10-25
CVE-2025-57569,0.000530000,0.165680000,0.7479768786127168,2025-10-25,2025-10-25
CVE-2025-56578,0.000570000,0.179810000,0.778728323699422,2025-10-25,2025-10-25
CVE-2025-56466,0.000450000,0.136420000,0.6695953757225434,2025-10-25,2025-10-25
CVE-2025-56413,0.003320000,0.555530000,0.9579190751445087,2025-10-25,2025-10-25
CVE-2025-56407,0.000360000,0.099480000,0.48485549132947975,2025-10-25,2025-10-25
CVE-2025-56406,0.001560000,0.369670000,0.9160693641618497,2025-10-25,2025-10-25
CVE-2025-56405,0.000540000,0.168680000,0.7553757225433526,2025-10-25,2025-10-25
CVE-2025-56404,0.000700000,0.217910000,0.8330635838150289,2025-10-25,2025-10-25
CVE-2025-54260,0.000290000,0.071800000,0.2945664739884393,2025-10-25,2025-10-25
CVE-2025-54259,0.000290000,0.071800000,0.2945664739884393,2025-10-25,2025-10-25
CVE-2025-54258,0.000390000,0.110690000,0.5563005780346821,2025-10-25,2025-10-25
CVE-2025-54245,0.000370000,0.102950000,0.5188439306358381,2025-10-25,2025-10-25
CVE-2025-54244,0.000290000,0.071800000,0.2945664739884393,2025-10-25,2025-10-25
CVE-2025-54243,0.000370000,0.102950000,0.5188439306358381,2025-10-25,2025-10-25
CVE-2025-54241,0.000250000,0.054460000,0.2069364161849711,2025-10-25,2025-10-25
CVE-2025-54240,0.000250000,0.054460000,0.2069364161849711,2025-10-25,2025-10-25
CVE-2025-54239,0.000250000,0.054460000,0.2069364161849711,2025-10-25,2025-10-25
CVE-2025-49461,0.000720000,0.224370000,0.8353757225433526,2025-10-25,2025-10-25
CVE-2025-49460,0.000600000,0.190120000,0.7951445086705202,2025-10-25,2025-10-25
CVE-2025-49459,0.000150000,0.022470000,0.07514450867052024,2025-10-25,2025-10-25
CVE-2025-49458,0.000550000,0.171270000,0.7657803468208092,2025-10-25,2025-10-25
CVE-2025-43938,0.000150000,0.020010000,0.07514450867052024,2025-10-25,2025-10-25
CVE-2025-43888,0.000200000,0.038300000,0.14959537572254336,2025-10-25,2025-10-25
CVE-2025-43887,0.000130000,0.013690000,0.04947976878612717,2025-10-25,2025-10-25
CVE-2025-43886,0.000210000,0.040870000,0.1553757225433526,2025-10-25,2025-10-25
CVE-2025-43885,0.000410000,0.122550000,0.6263583815028901,2025-10-25,2025-10-25
CVE-2025-43884,0.000330000,0.086990000,0.3796531791907514,2025-10-25,2025-10-25
CVE-2025-43725,0.000140000,0.015950000,0.06127167630057803,2025-10-25,2025-10-25
CVE-2025-41714,0.003470000,0.566580000,0.9604624277456647,2025-10-25,2025-10-25
CVE-2025-40979,0.000190000,0.036290000,0.14358381502890175,2025-10-25,2025-10-25
CVE-2025-40725,0.000670000,0.211640000,0.8184971098265896,2025-10-25,2025-10-25
CVE-2025-36759,0.000600000,0.190680000,0.7951445086705202,2025-10-25,2025-10-25
CVE-2025-36758,0.001190000,0.315670000,0.8975722543352601,2025-10-25,2025-10-25
CVE-2025-36757,0.000590000,0.184800000,0.7900578034682081,2025-10-25,2025-10-25
CVE-2025-36756,0.000500000,0.152340000,0.7278612716763005,2025-10-25,2025-10-25
CVE-2025-29592,0.001490000,0.360730000,0.9132947976878613,2025-10-25,2025-10-25
CVE-2025-20340,0.000460000,0.140670000,0.6763005780346821,2025-10-25,2025-10-25
CVE-2025-20248,0.000070000,0.004230000,0.019653179190751446,2025-10-25,2025-10-25
CVE-2025-20159,0.000320000,0.083430000,0.3382658959537572,2025-10-25,2025-10-25
CVE-2025-10231,0.000130000,0.014170000,0.04947976878612717,2025-10-25,2025-10-25
CVE-2025-10227,0.000060000,0.002390000,0.007861271676300578,2025-10-25,2025-10-25
CVE-2025-10226,0.003690000,0.580610000,0.9639306358381503,2025-10-25,2025-10-25
CVE-2025-10225,0.001510000,0.364380000,0.9146820809248555,2025-10-25,2025-10-25
CVE-2025-10224,0.001500000,0.362500000,0.9142196531791907,2025-10-25,2025-10-25
CVE-2025-10223,0.000430000,0.130190000,0.6448554913294797,2025-10-25,2025-10-25
CVE-2025-10222,0.000150000,0.021230000,0.07514450867052024,2025-10-25,2025-10-25
CVE-2025-10221,0.000150000,0.019160000,0.07514450867052024,2025-10-25,2025-10-25
CVE-2025-10220,0.001910000,0.412990000,0.930635838150289,2025-10-25,2025-10-25
CVE-2025-10215,0.000180000,0.033590000,0.13202312138728323,2025-10-25,2025-10-25
CVE-2025-10214,0.000180000,0.033590000,0.13202312138728323,2025-10-25,2025-10-25
CVE-2025-10213,0.000180000,0.033590000,0.13202312138728323,2025-10-25,2025-10-25
CVE-2025-10197,0.000340000,0.088840000,0.3965317919075145,2025-10-25,2025-10-25
CVE-2025-10195,0.000150000,0.021540000,0.07514450867052024,2025-10-25,2025-10-25
CVE-2025-10172,0.000530000,0.165520000,0.7479768786127168,2025-10-25,2025-10-25
CVE-2025-10171,0.000530000,0.165520000,0.7479768786127168,2025-10-25,2025-10-25
CVE-2025-10142,0.000340000,0.088570000,0.3965317919075145,2025-10-25,2025-10-25
CVE-2025-10126,0.000370000,0.103340000,0.5188439306358381,2025-10-25,2025-10-25
CVE-2025-10049,0.003430000,0.563380000,0.9595375722543352,2025-10-25,2025-10-25
CVE-2025-10040,0.000340000,0.090910000,0.3965317919075145,2025-10-25,2025-10-25
CVE-2025-10001,0.003430000,0.563380000,0.9595375722543352,2025-10-25,2025-10-25
CVE-2025-9918,0.003900000,0.593860000,0.9660115606936416,2025-10-25,2025-10-25
CVE-2025-9910,0.000400000,0.116840000,0.610635838150289,2025-10-25,2025-10-25
CVE-2025-9874,0.001010000,0.285520000,0.8804624277456647,2025-10-25,2025-10-25
CVE-2025-9861,0.000370000,0.104680000,0.5188439306358381,2025-10-25,2025-10-25
CVE-2025-9860,0.000370000,0.104680000,0.5188439306358381,2025-10-25,2025-10-25
CVE-2025-9855,0.000370000,0.104680000,0.5188439306358381,2025-10-25,2025-10-25
CVE-2025-9850,0.000370000,0.104680000,0.5188439306358381,2025-10-25,2025-10-25
CVE-2025-9776,0.000310000,0.079820000,0.32439306358381503,2025-10-25,2025-10-25
CVE-2025-9714,0.000250000,0.053480000,0.2069364161849711,2025-10-25,2025-10-25
CVE-2025-9693,0.001310000,0.334770000,0.9040462427745665,2025-10-25,2025-10-25
CVE-2025-9635,0.000140000,0.016110000,0.06127167630057803,2025-10-25,2025-10-25
CVE-2025-9634,0.000150000,0.021700000,0.07514450867052024,2025-10-25,2025-10-25
CVE-2025-9633,0.000140000,0.018630000,0.06127167630057803,2025-10-25,2025-10-25
CVE-2025-9632,0.000140000,0.016110000,0.06127167630057803,2025-10-25,2025-10-25
CVE-2025-9631,0.000140000,0.016110000,0.06127167630057803,2025-10-25,2025-10-25
CVE-2025-9628,0.000140000,0.016110000,0.06127167630057803,2025-10-25,2025-10-25
CVE-2025-9627,0.000150000,0.021700000,0.07514450867052024,2025-10-25,2025-10-25
CVE-2025-9623,0.000140000,0.016110000,0.06127167630057803,2025-10-25,2025-10-25
CVE-2025-9620,0.000140000,0.016070000,0.06127167630057803,2025-10-25,2025-10-25
CVE-2025-9617,0.000180000,0.034200000,0.13202312138728323,2025-10-25,2025-10-25
CVE-2025-9451,0.000310000,0.079820000,0.32439306358381503,2025-10-25,2025-10-25
CVE-2025-9128,0.000370000,0.103340000,0.5188439306358381,2025-10-25,2025-10-25
CVE-2025-9123,0.000370000,0.104680000,0.5188439306358381,2025-10-25,2025-10-25
CVE-2025-9073,0.000920000,0.268410000,0.87121387283237,2025-10-25,2025-10-25
CVE-2025-9059,0.000170000,0.028120000,0.10150289017341041,2025-10-25,2025-10-25
CVE-2025-9034,0.000310000,0.080080000,0.32439306358381503,2025-10-25,2025-10-25
CVE-2025-8721,0.000370000,0.103340000,0.5188439306358381,2025-10-25,2025-10-25
CVE-2025-8696,0.000680000,0.213410000,0.8224277456647399,2025-10-25,2025-10-25
CVE-2025-8692,0.000340000,0.088570000,0.3965317919075145,2025-10-25,2025-10-25
CVE-2025-8691,0.000370000,0.103340000,0.5188439306358381,2025-10-25,2025-10-25
CVE-2025-8689,0.000370000,0.104680000,0.5188439306358381,2025-10-25,2025-10-25
CVE-2025-8686,0.000390000,0.113310000,0.5563005780346821,2025-10-25,2025-10-25
CVE-2025-8681,0.000430000,0.126580000,0.6448554913294797,2025-10-25,2025-10-25
CVE-2025-8570,0.000530000,0.163780000,0.7479768786127168,2025-10-25,2025-10-25
CVE-2025-8492,0.000960000,0.275570000,0.8749132947976879,2025-10-25,2025-10-25
CVE-2025-8481,0.000150000,0.021700000,0.07514450867052024,2025-10-25,2025-10-25
CVE-2025-8479,0.000140000,0.018630000,0.06127167630057803,2025-10-25,2025-10-25
CVE-2025-8445,0.000370000,0.104680000,0.5188439306358381,2025-10-25,2025-10-25
CVE-2025-8425,0.000500000,0.154590000,0.7278612716763005,2025-10-25,2025-10-25
CVE-2025-8423,0.000490000,0.150380000,0.7211560693641619,2025-10-25,2025-10-25
CVE-2025-8422,0.000830000,0.251910000,0.8596531791907515,2025-10-25,2025-10-25
CVE-2025-8417,0.002350000,0.464220000,0.9428901734104046,2025-10-25,2025-10-25
CVE-2025-8398,0.000370000,0.103340000,0.5188439306358381,2025-10-25,2025-10-25
CVE-2025-8392,0.000370000,0.103340000,0.5188439306358381,2025-10-25,2025-10-25
CVE-2025-8318,0.000370000,0.103340000,0.5188439306358381,2025-10-25,2025-10-25
CVE-2025-8316,0.000370000,0.103340000,0.5188439306358381,2025-10-25,2025-10-25
CVE-2025-8215,0.000370000,0.104680000,0.5188439306358381,2025-10-25,2025-10-25
CVE-2025-6088,0.000390000,0.110510000,0.5563005780346821,2025-10-25,2025-10-25
CVE-2025-59052,0.000520000,0.159680000,0.7438150289017341,2025-10-25,2025-10-25
CVE-2025-59049,0.079010000,0.916180000,0.9944508670520231,2025-10-25,2025-10-25
CVE-2025-59045,0.000580000,0.182530000,0.7847398843930636,2025-10-25,2025-10-25
CVE-2025-59041,0.001170000,0.313220000,0.8966473988439306,2025-10-25,2025-10-25
CVE-2025-59035,0.000750000,0.232410000,0.846242774566474,2025-10-25,2025-10-25
CVE-2025-59034,0.000500000,0.155530000,0.7278612716763005,2025-10-25,2025-10-25
CVE-2025-58321,0.003910000,0.594150000,0.966242774566474,2025-10-25,2025-10-25
CVE-2025-58320,0.000590000,0.185440000,0.7900578034682081,2025-10-25,2025-10-25
CVE-2025-5801,0.000370000,0.103340000,0.5188439306358381,2025-10-25,2025-10-25
CVE-2025-57642,0.026410000,0.851590000,0.9909826589595375,2025-10-25,2025-10-25
CVE-2025-57520,0.000140000,0.017630000,0.06127167630057803,2025-10-25,2025-10-25
CVE-2025-57392,0.000190000,0.035090000,0.14358381502890175,2025-10-25,2025-10-25
CVE-2025-55976,0.000260000,0.058820000,0.23653179190751444,2025-10-25,2025-10-25
CVE-2025-54376,0.001680000,0.385120000,0.9195375722543353,2025-10-25,2025-10-25
CVE-2025-54123,0.323810000,0.966160000,0.9983815028901734,2025-10-25,2025-10-25
CVE-2025-50892,0.000140000,0.018370000,0.06127167630057803,2025-10-25,2025-10-25
CVE-2025-48041,0.000580000,0.182530000,0.7847398843930636,2025-10-25,2025-10-25
CVE-2025-48040,0.000650000,0.204610000,0.8157225433526012,2025-10-25,2025-10-25
CVE-2025-48039,0.000580000,0.182530000,0.7847398843930636,2025-10-25,2025-10-25
CVE-2025-48038,0.000580000,0.182530000,0.7847398843930636,2025-10-25,2025-10-25
CVE-2025-43785,0.001990000,0.423040000,0.9336416184971098,2025-10-25,2025-10-25
CVE-2025-43784,0.000500000,0.152340000,0.7278612716763005,2025-10-25,2025-10-25
CVE-2025-43783,0.002180000,0.444060000,0.9403468208092486,2025-10-25,2025-10-25
CVE-2025-40695,0.000460000,0.139010000,0.6763005780346821,2025-10-25,2025-10-25
CVE-2025-40694,0.000460000,0.139010000,0.6763005780346821,2025-10-25,2025-10-25
CVE-2025-40693,0.000460000,0.139010000,0.6763005780346821,2025-10-25,2025-10-25
CVE-2025-40692,0.000440000,0.131230000,0.6564161849710982,2025-10-25,2025-10-25
CVE-2025-40691,0.000440000,0.131230000,0.6564161849710982,2025-10-25,2025-10-25
CVE-2025-40690,0.000440000,0.131230000,0.6564161849710982,2025-10-25,2025-10-25
CVE-2025-40689,0.000440000,0.131230000,0.6564161849710982,2025-10-25,2025-10-25
CVE-2025-40687,0.000440000,0.131230000,0.6564161849710982,2025-10-25,2025-10-25
CVE-2025-10250,0.000200000,0.037650000,0.14959537572254336,2025-10-25,2025-10-25
CVE-2025-10247,0.000430000,0.130070000,0.6448554913294797,2025-10-25,2025-10-25
CVE-2025-10246,0.000320000,0.080570000,0.3382658959537572,2025-10-25,2025-10-25
CVE-2025-10245,0.000420000,0.124900000,0.6372254335260116,2025-10-25,2025-10-25
CVE-2025-10236,0.000500000,0.154510000,0.7278612716763005,2025-10-25,2025-10-25
CVE-2025-10235,0.000370000,0.105600000,0.5188439306358381,2025-10-25,2025-10-25
CVE-2025-10234,0.000370000,0.105600000,0.5188439306358381,2025-10-25,2025-10-25
CVE-2025-10233,0.000920000,0.267510000,0.87121387283237,2025-10-25,2025-10-25
CVE-2025-10232,0.000580000,0.183870000,0.7847398843930636,2025-10-25,2025-10-25
CVE-2025-10229,0.000330000,0.086440000,0.3796531791907514,2025-10-25,2025-10-25
CVE-2025-10218,0.000330000,0.086960000,0.3796531791907514,2025-10-25,2025-10-25
CVE-2025-10216,0.000270000,0.062380000,0.2846242774566474,2025-10-25,2025-10-25
CVE-2025-10211,0.000400000,0.118460000,0.610635838150289,2025-10-25,2025-10-25
CVE-2025-10210,0.000330000,0.086960000,0.3796531791907514,2025-10-25,2025-10-25
CVE-2025-10209,0.000470000,0.141020000,0.686242774566474,2025-10-25,2025-10-25
CVE-2025-10201,0.000170000,0.029790000,0.10150289017341041,2025-10-25,2025-10-25
CVE-2025-10200,0.000560000,0.176940000,0.7738728323699422,2025-10-25,2025-10-25
CVE-2025-0763,0.000340000,0.089430000,0.3965317919075145,2025-10-25,2025-10-25
CVE-2024-47120,0.000200000,0.038190000,0.14959537572254336,2025-10-25,2025-10-25
CVE-2024-45671,0.000180000,0.031390000,0.13202312138728323,2025-10-25,2025-10-25
CVE-2024-45669,0.001220000,0.320800000,0.8984971098265896,2025-10-25,2025-10-25
CVE-2025-9877,0.000370000,0.104680000,0.5188439306358381,2025-10-25,2025-10-25
CVE-2025-9807,0.000920000,0.268410000,0.87121387283237,2025-10-25,2025-10-25
CVE-2025-9319,0.000260000,0.057690000,0.23653179190751444,2025-10-25,2025-10-25
CVE-2025-9214,0.000210000,0.040430000,0.1553757225433526,2025-10-25,2025-10-25
CVE-2025-9201,0.000170000,0.030790000,0.10150289017341041,2025-10-25,2025-10-25
CVE-2025-9018,0.000510000,0.159230000,0.7384971098265896,2025-10-25,2025-10-25
CVE-2025-8716,0.000540000,0.168300000,0.7553757225433526,2025-10-25,2025-10-25
CVE-2025-8557,0.000250000,0.054570000,0.2069364161849711,2025-10-25,2025-10-25
CVE-2025-8061,0.000170000,0.030790000,0.10150289017341041,2025-10-25,2025-10-25
CVE-2025-59055,0.001780000,0.397660000,0.9253179190751445,2025-10-25,2025-10-25
CVE-2025-59053,0.000510000,0.158920000,0.7384971098265896,2025-10-25,2025-10-25
CVE-2025-59047,0.000610000,0.191520000,0.8002312138728324,2025-10-25,2025-10-25
CVE-2025-58754,0.000250000,0.054380000,0.2069364161849711,2025-10-25,2025-10-25
CVE-2025-58364,0.000810000,0.247130000,0.8566473988439306,2025-10-25,2025-10-25
CVE-2025-58145,0.000550000,0.171160000,0.7657803468208092,2025-10-25,2025-10-25
CVE-2025-58144,0.000610000,0.191150000,0.8002312138728324,2025-10-25,2025-10-25
CVE-2025-58143,0.000580000,0.184160000,0.7847398843930636,2025-10-25,2025-10-25
CVE-2025-58142,0.000650000,0.203680000,0.8157225433526012,2025-10-25,2025-10-25
CVE-2025-58065,0.000260000,0.058320000,0.23653179190751444,2025-10-25,2025-10-25
CVE-2025-58060,0.000330000,0.084210000,0.3796531791907514,2025-10-25,2025-10-25
CVE-2025-56556,0.000460000,0.137460000,0.6763005780346821,2025-10-25,2025-10-25
CVE-2025-55319,0.000800000,0.244540000,0.8543352601156069,2025-10-25,2025-10-25
CVE-2025-43790,0.001740000,0.392360000,0.9227745664739885,2025-10-25,2025-10-25
CVE-2025-43789,0.000280000,0.063980000,0.2894797687861272,2025-10-25,2025-10-25
CVE-2025-43788,0.001740000,0.392360000,0.9227745664739885,2025-10-25,2025-10-25
CVE-2025-43782,0.001740000,0.392360000,0.9227745664739885,2025-10-25,2025-10-25
CVE-2025-40696,0.000460000,0.139010000,0.6763005780346821,2025-10-25,2025-10-25
CVE-2025-40300,0.000770000,0.238410000,0.8499421965317919,2025-10-25,2025-10-25
CVE-2025-39791,0.000240000,0.052050000,0.1722543352601156,2025-10-25,2025-10-25
CVE-2025-39790,0.000350000,0.093520000,0.4268208092485549,2025-10-25,2025-10-25
CVE-2025-39789,0.000260000,0.059300000,0.23653179190751444,2025-10-25,2025-10-25
CVE-2025-39788,0.000350000,0.093520000,0.4268208092485549,2025-10-25,2025-10-25
CVE-2025-39787,0.000350000,0.093520000,0.4268208092485549,2025-10-25,2025-10-25
CVE-2025-39786,0.000260000,0.059300000,0.23653179190751444,2025-10-25,2025-10-25
CVE-2025-39785,0.000260000,0.059300000,0.23653179190751444,2025-10-25,2025-10-25
CVE-2025-39784,0.000260000,0.059300000,0.23653179190751444,2025-10-25,2025-10-25
CVE-2025-39783,0.000350000,0.093520000,0.4268208092485549,2025-10-25,2025-10-25
CVE-2025-39782,0.000350000,0.093520000,0.4268208092485549,2025-10-25,2025-10-25
CVE-2025-39781,0.000250000,0.055780000,0.2069364161849711,2025-10-25,2025-10-25
CVE-2025-39780,0.000240000,0.050560000,0.1722543352601156,2025-10-25,2025-10-25
CVE-2025-39779,0.000240000,0.050560000,0.1722543352601156,2025-10-25,2025-10-25
CVE-2025-39777,0.000260000,0.059300000,0.23653179190751444,2025-10-25,2025-10-25
CVE-2025-39776,0.000350000,0.093520000,0.4268208092485549,2025-10-25,2025-10-25
CVE-2025-39775,0.000260000,0.059300000,0.23653179190751444,2025-10-25,2025-10-25
CVE-2025-39774,0.000260000,0.059300000,0.23653179190751444,2025-10-25,2025-10-25
CVE-2025-39773,0.000350000,0.093520000,0.4268208092485549,2025-10-25,2025-10-25
CVE-2025-39772,0.000350000,0.093520000,0.4268208092485549,2025-10-25,2025-10-25
CVE-2025-39771,0.000260000,0.059300000,0.23653179190751444,2025-10-25,2025-10-25
CVE-2025-39770,0.000260000,0.057250000,0.23653179190751444,2025-10-25,2025-10-25
CVE-2025-39769,0.000260000,0.059300000,0.23653179190751444,2025-10-25,2025-10-25
CVE-2025-39768,0.000260000,0.059300000,0.23653179190751444,2025-10-25,2025-10-25
CVE-2025-39767,0.000250000,0.055780000,0.2069364161849711,2025-10-25,2025-10-25
CVE-2025-39766,0.000350000,0.093520000,0.4268208092485549,2025-10-25,2025-10-25
CVE-2025-39765,0.000240000,0.050560000,0.1722543352601156,2025-10-25,2025-10-25
CVE-2025-39764,0.000260000,0.059300000,0.23653179190751444,2025-10-25,2025-10-25
CVE-2025-39763,0.000260000,0.057250000,0.23653179190751444,2025-10-25,2025-10-25
CVE-2025-39762,0.000240000,0.050560000,0.1722543352601156,2025-10-25,2025-10-25
CVE-2025-39761,0.000260000,0.057250000,0.23653179190751444,2025-10-25,2025-10-25
CVE-2025-39760,0.000700000,0.217430000,0.8330635838150289,2025-10-25,2025-10-25
CVE-2025-39759,0.000350000,0.093520000,0.4268208092485549,2025-10-25,2025-10-25
CVE-2025-39758,0.000260000,0.057250000,0.23653179190751444,2025-10-25,2025-10-25
CVE-2025-39757,0.000470000,0.143230000,0.686242774566474,2025-10-25,2025-10-25
CVE-2025-39756,0.000820000,0.248730000,0.8582658959537572,2025-10-25,2025-10-25
CVE-2025-39754,0.000250000,0.055780000,0.2069364161849711,2025-10-25,2025-10-25
CVE-2025-39753,0.000260000,0.057250000,0.23653179190751444,2025-10-25,2025-10-25
CVE-2025-39752,0.000470000,0.143230000,0.686242774566474,2025-10-25,2025-10-25
CVE-2025-39750,0.000260000,0.057250000,0.23653179190751444,2025-10-25,2025-10-25
CVE-2025-39749,0.000470000,0.143230000,0.686242774566474,2025-10-25,2025-10-25
CVE-2025-39748,0.000250000,0.055780000,0.2069364161849711,2025-10-25,2025-10-25
CVE-2025-39747,0.000250000,0.055780000,0.2069364161849711,2025-10-25,2025-10-25
CVE-2025-39746,0.000250000,0.055780000,0.2069364161849711,2025-10-25,2025-10-25
CVE-2025-39745,0.000240000,0.050560000,0.1722543352601156,2025-10-25,2025-10-25
CVE-2025-39744,0.000260000,0.057250000,0.23653179190751444,2025-10-25,2025-10-25
CVE-2025-39743,0.000470000,0.143230000,0.686242774566474,2025-10-25,2025-10-25
CVE-2025-39742,0.000470000,0.143230000,0.686242774566474,2025-10-25,2025-10-25
CVE-2025-39741,0.000260000,0.059300000,0.23653179190751444,2025-10-25,2025-10-25
CVE-2025-39740,0.000260000,0.059300000,0.23653179190751444,2025-10-25,2025-10-25
CVE-2025-39739,0.000260000,0.057250000,0.23653179190751444,2025-10-25,2025-10-25
CVE-2025-39738,0.000350000,0.093520000,0.4268208092485549,2025-10-25,2025-10-25
CVE-2025-39737,0.000470000,0.143230000,0.686242774566474,2025-10-25,2025-10-25
CVE-2025-39736,0.000470000,0.143230000,0.686242774566474,2025-10-25,2025-10-25
CVE-2025-36222,0.000500000,0.154680000,0.7278612716763005,2025-10-25,2025-10-25
CVE-2025-27466,0.000650000,0.203680000,0.8157225433526012,2025-10-25,2025-10-25
CVE-2025-26499,0.000180000,0.033180000,0.13202312138728323,2025-10-25,2025-10-25
CVE-2025-10278,0.000430000,0.130070000,0.6448554913294797,2025-10-25,2025-10-25
CVE-2025-10277,0.000430000,0.130070000,0.6448554913294797,2025-10-25,2025-10-25
CVE-2025-10276,0.000430000,0.130070000,0.6448554913294797,2025-10-25,2025-10-25
CVE-2025-10275,0.000430000,0.130070000,0.6448554913294797,2025-10-25,2025-10-25
CVE-2025-10274,0.000410000,0.120100000,0.6263583815028901,2025-10-25,2025-10-25
CVE-2025-10273,0.000990000,0.283130000,0.8795375722543353,2025-10-25,2025-10-25
CVE-2025-10272,0.000410000,0.120100000,0.6263583815028901,2025-10-25,2025-10-25
CVE-2025-10271,0.000410000,0.120100000,0.6263583815028901,2025-10-25,2025-10-25
CVE-2025-10269,0.001010000,0.285520000,0.8804624277456647,2025-10-25,2025-10-25
CVE-2025-10255,0.000340000,0.088310000,0.3965317919075145,2025-10-25,2025-10-25
CVE-2025-10254,0.000340000,0.088310000,0.3965317919075145,2025-10-25,2025-10-25
CVE-2025-10253,0.000340000,0.088310000,0.3965317919075145,2025-10-25,2025-10-25
CVE-2025-10252,0.000170000,0.026940000,0.10150289017341041,2025-10-25,2025-10-25
CVE-2025-10251,0.000310000,0.078460000,0.32439306358381503,2025-10-25,2025-10-25
CVE-2025-10193,0.000260000,0.056650000,0.23653179190751444,2025-10-25,2025-10-25
CVE-2025-10127,0.001190000,0.315270000,0.8975722543352601,2025-10-25,2025-10-25
CVE-2025-9881,0.000140000,0.016070000,0.06127167630057803,2025-10-25,2025-10-25
CVE-2025-9880,0.000140000,0.018610000,0.06127167630057803,2025-10-25,2025-10-25
CVE-2025-9879,0.000370000,0.104680000,0.5188439306358381,2025-10-25,2025-10-25
CVE-2025-9556,0.000790000,0.242670000,0.8527167630057804,2025-10-25,2025-10-25
CVE-2025-9086,0.000770000,0.236860000,0.8499421965317919,2025-10-25,2025-10-25
CVE-2025-8699,0.000440000,0.132220000,0.6564161849710982,2025-10-25,2025-10-25
CVE-2025-8575,0.006650000,0.704260000,0.979421965317919,2025-10-25,2025-10-25
CVE-2025-8280,0.000390000,0.114620000,0.5563005780346821,2025-10-25,2025-10-25
CVE-2025-7448,0.000220000,0.044860000,0.16208092485549133,2025-10-25,2025-10-25
CVE-2025-7337,0.000470000,0.141870000,0.686242774566474,2025-10-25,2025-10-25
CVE-2025-6769,0.000160000,0.023880000,0.08971098265895953,2025-10-25,2025-10-25
CVE-2025-6638,0.000730000,0.227380000,0.8416184971098266,2025-10-25,2025-10-25
CVE-2025-6454,0.000200000,0.038790000,0.14959537572254336,2025-10-25,2025-10-25
CVE-2025-59139,0.000590000,0.184640000,0.7900578034682081,2025-10-25,2025-10-25
CVE-2025-59058,0.000410000,0.121800000,0.6263583815028901,2025-10-25,2025-10-25
CVE-2025-59054,0.000130000,0.014730000,0.04947976878612717,2025-10-25,2025-10-25
CVE-2025-58781,0.000230000,0.048570000,0.16716763005780347,2025-10-25,2025-10-25
CVE-2025-58434,0.150470000,0.942570000,0.9969942196531791,2025-10-25,2025-10-25
CVE-2025-57579,0.003800000,0.588130000,0.9653179190751445,2025-10-25,2025-10-25
CVE-2025-57578,0.001420000,0.350550000,0.9077456647398844,2025-10-25,2025-10-25
CVE-2025-57577,0.001650000,0.381430000,0.9176878612716763,2025-10-25,2025-10-25
CVE-2025-56467,0.000370000,0.105390000,0.5188439306358381,2025-10-25,2025-10-25
CVE-2025-55996,0.000390000,0.114620000,0.5563005780346821,2025-10-25,2025-10-25
CVE-2025-55835,0.004690000,0.636780000,0.9720231213872832,2025-10-25,2025-10-25
CVE-2025-52074,0.000440000,0.131550000,0.6564161849710982,2025-10-25,2025-10-25
CVE-2025-45587,0.000700000,0.217370000,0.8330635838150289,2025-10-25,2025-10-25
CVE-2025-45586,0.000530000,0.165160000,0.7479768786127168,2025-10-25,2025-10-25
CVE-2025-45585,0.000340000,0.088720000,0.3965317919075145,2025-10-25,2025-10-25
CVE-2025-45584,0.000670000,0.209730000,0.8184971098265896,2025-10-25,2025-10-25
CVE-2025-45583,0.000550000,0.172860000,0.7657803468208092,2025-10-25,2025-10-25
CVE-2025-43796,0.001890000,0.410290000,0.9297109826589596,2025-10-25,2025-10-25
CVE-2025-43795,0.001890000,0.410620000,0.9297109826589596,2025-10-25,2025-10-25
CVE-2025-43787,0.002110000,0.436890000,0.9378034682080925,2025-10-25,2025-10-25
CVE-2025-4235,0.000150000,0.020640000,0.07514450867052024,2025-10-25,2025-10-25
CVE-2025-4234,0.000180000,0.033500000,0.13202312138728323,2025-10-25,2025-10-25
CVE-2025-39798,0.000470000,0.143230000,0.686242774566474,2025-10-25,2025-10-25
CVE-2025-39797,0.000450000,0.134530000,0.6695953757225434,2025-10-25,2025-10-25
CVE-2025-39796,0.000240000,0.050560000,0.1722543352601156,2025-10-25,2025-10-25
CVE-2025-39795,0.000350000,0.093520000,0.4268208092485549,2025-10-25,2025-10-25
CVE-2025-39794,0.000470000,0.143230000,0.686242774566474,2025-10-25,2025-10-25
CVE-2025-39793,0.000240000,0.050560000,0.1722543352601156,2025-10-25,2025-10-25
CVE-2025-39792,0.000250000,0.055780000,0.2069364161849711,2025-10-25,2025-10-25
CVE-2025-3650,0.000310000,0.079620000,0.32439306358381503,2025-10-25,2025-10-25
CVE-2025-27240,0.000650000,0.204440000,0.8157225433526012,2025-10-25,2025-10-25
CVE-2025-27238,0.000210000,0.040510000,0.1553757225433526,2025-10-25,2025-10-25
CVE-2025-27234,0.000960000,0.275100000,0.8749132947976879,2025-10-25,2025-10-25
CVE-2025-27233,0.000300000,0.076270000,0.30890173410404625,2025-10-25,2025-10-25
CVE-2025-2256,0.000620000,0.195490000,0.8048554913294798,2025-10-25,2025-10-25
CVE-2025-21043,0.105710000,0.929120000,0.9958381502890173,2025-10-25,2025-10-25
CVE-2025-21042,0.002150000,0.441470000,0.9387283236994219,2025-10-25,2025-10-25
CVE-2025-1250,0.000470000,0.143380000,0.686242774566474,2025-10-25,2025-10-25
CVE-2025-10389,0.000870000,0.259160000,0.8645086705202312,2025-10-25,2025-10-25
CVE-2025-10388,0.000340000,0.088310000,0.3965317919075145,2025-10-25,2025-10-25
CVE-2025-10387,0.000340000,0.088840000,0.3965317919075145,2025-10-25,2025-10-25
CVE-2025-10386,0.000360000,0.098410000,0.48485549132947975,2025-10-25,2025-10-25
CVE-2025-10385,0.000530000,0.165520000,0.7479768786127168,2025-10-25,2025-10-25
CVE-2025-10384,0.000270000,0.060280000,0.2846242774566474,2025-10-25,2025-10-25
CVE-2025-10374,0.000540000,0.170180000,0.7553757225433526,2025-10-25,2025-10-25
CVE-2025-10373,0.000310000,0.078840000,0.32439306358381503,2025-10-25,2025-10-25
CVE-2025-10372,0.000310000,0.078840000,0.32439306358381503,2025-10-25,2025-10-25
CVE-2025-10371,0.000580000,0.183080000,0.7847398843930636,2025-10-25,2025-10-25
CVE-2025-10370,0.000320000,0.080650000,0.3382658959537572,2025-10-25,2025-10-25
CVE-2025-10369,0.000370000,0.104730000,0.5188439306358381,2025-10-25,2025-10-25
CVE-2025-10368,0.000320000,0.080650000,0.3382658959537572,2025-10-25,2025-10-25
CVE-2025-10367,0.000320000,0.080650000,0.3382658959537572,2025-10-25,2025-10-25
CVE-2025-10366,0.000330000,0.084850000,0.3796531791907514,2025-10-25,2025-10-25
CVE-2025-10365,0.001280000,0.330510000,0.9024277456647399,2025-10-25,2025-10-25
CVE-2025-10364,0.001830000,0.403610000,0.9285549132947977,2025-10-25,2025-10-25
CVE-2025-10359,0.004290000,0.617200000,0.9697109826589595,2025-10-25,2025-10-25
CVE-2025-10358,0.004290000,0.617200000,0.9697109826589595,2025-10-25,2025-10-25
CVE-2025-10340,0.000360000,0.098270000,0.48485549132947975,2025-10-25,2025-10-25
CVE-2025-10332,0.000270000,0.060970000,0.2846242774566474,2025-10-25,2025-10-25
CVE-2025-10331,0.000310000,0.076750000,0.32439306358381503,2025-10-25,2025-10-25
CVE-2025-10330,0.000420000,0.124470000,0.6372254335260116,2025-10-25,2025-10-25
CVE-2025-10329,0.000590000,0.187590000,0.7900578034682081,2025-10-25,2025-10-25
CVE-2025-10328,0.004760000,0.640360000,0.9722543352601156,2025-10-25,2025-10-25
CVE-2025-10327,0.004760000,0.640360000,0.9722543352601156,2025-10-25,2025-10-25
CVE-2025-10326,0.006450000,0.698540000,0.9789595375722543,2025-10-25,2025-10-25
CVE-2025-10325,0.004350000,0.621090000,0.9704046242774567,2025-10-25,2025-10-25
CVE-2025-10324,0.003160000,0.541700000,0.9544508670520231,2025-10-25,2025-10-25
CVE-2025-10323,0.003160000,0.541700000,0.9544508670520231,2025-10-25,2025-10-25
CVE-2025-10322,0.001480000,0.359570000,0.913063583815029,2025-10-25,2025-10-25
CVE-2025-10321,0.000480000,0.146690000,0.7149132947976878,2025-10-25,2025-10-25
CVE-2025-10320,0.000320000,0.082970000,0.3382658959537572,2025-10-25,2025-10-25
CVE-2025-10319,0.000340000,0.091420000,0.3965317919075145,2025-10-25,2025-10-25
CVE-2025-10318,0.000490000,0.149600000,0.7211560693641619,2025-10-25,2025-10-25
CVE-2025-10291,0.000430000,0.130070000,0.6448554913294797,2025-10-25,2025-10-25
CVE-2025-10288,0.000810000,0.246490000,0.8566473988439306,2025-10-25,2025-10-25
CVE-2025-10287,0.000320000,0.082650000,0.3382658959537572,2025-10-25,2025-10-25
CVE-2025-10267,0.001140000,0.308190000,0.8936416184971099,2025-10-25,2025-10-25
CVE-2025-10266,0.001160000,0.311170000,0.8952601156069364,2025-10-25,2025-10-25
CVE-2025-10265,0.003630000,0.577050000,0.9625433526011561,2025-10-25,2025-10-25
CVE-2025-10264,0.000610000,0.193140000,0.8002312138728324,2025-10-25,2025-10-25
CVE-2025-10176,0.007920000,0.731400000,0.9815028901734104,2025-10-25,2025-10-25
CVE-2025-10148,0.000360000,0.097270000,0.48485549132947975,2025-10-25,2025-10-25
CVE-2025-10094,0.000340000,0.088950000,0.3965317919075145,2025-10-25,2025-10-25
CVE-2024-45434,0.008280000,0.737630000,0.9821965317919075,2025-10-25,2025-10-25
CVE-2024-45433,0.000500000,0.155220000,0.7278612716763005,2025-10-25,2025-10-25
CVE-2024-45432,0.000580000,0.182780000,0.7847398843930636,2025-10-25,2025-10-25
CVE-2024-45431,0.000920000,0.268210000,0.87121387283237,2025-10-25,2025-10-25
CVE-2025-9826,0.000400000,0.116820000,0.610635838150289,2025-10-25,2025-10-25
CVE-2025-9084,0.000330000,0.086700000,0.3796531791907514,2025-10-25,2025-10-25
CVE-2025-9078,0.000160000,0.023490000,0.08971098265895953,2025-10-25,2025-10-25
CVE-2025-9076,0.000350000,0.094210000,0.4268208092485549,2025-10-25,2025-10-25
CVE-2025-9072,0.000330000,0.086720000,0.3796531791907514,2025-10-25,2025-10-25
CVE-2025-6051,0.000530000,0.165080000,0.7479768786127168,2025-10-25,2025-10-25
CVE-2025-59378,0.000170000,0.028590000,0.10150289017341041,2025-10-25,2025-10-25
CVE-2025-59375,0.000750000,0.231590000,0.846242774566474,2025-10-25,2025-10-25
CVE-2025-59364,0.000170000,0.028840000,0.10150289017341041,2025-10-25,2025-10-25
CVE-2025-59363,0.000390000,0.114760000,0.5563005780346821,2025-10-25,2025-10-25
CVE-2025-59361,0.005050000,0.653440000,0.9734104046242774,2025-10-25,2025-10-25
CVE-2025-59360,0.005050000,0.653440000,0.9734104046242774,2025-10-25,2025-10-25
CVE-2025-59359,0.006900000,0.709700000,0.9801156069364162,2025-10-25,2025-10-25
CVE-2025-59358,0.001490000,0.360710000,0.9132947976878613,2025-10-25,2025-10-25
CVE-2025-43794,0.001990000,0.423040000,0.9336416184971098,2025-10-25,2025-10-25
CVE-2025-41713,0.001010000,0.285650000,0.8804624277456647,2025-10-25,2025-10-25
CVE-2025-39804,0.000260000,0.059300000,0.23653179190751444,2025-10-25,2025-10-25
CVE-2025-39803,0.000260000,0.059300000,0.23653179190751444,2025-10-25,2025-10-25
CVE-2025-39802,0.000260000,0.059300000,0.23653179190751444,2025-10-25,2025-10-25
CVE-2025-39801,0.000350000,0.093520000,0.4268208092485549,2025-10-25,2025-10-25
CVE-2025-39800,0.000260000,0.057250000,0.23653179190751444,2025-10-25,2025-10-25
CVE-2025-36035,0.000160000,0.025430000,0.08971098265895953,2025-10-25,2025-10-25
CVE-2025-3025,0.000150000,0.021500000,0.07514450867052024,2025-10-25,2025-10-25
CVE-2025-10453,0.000430000,0.126370000,0.6448554913294797,2025-10-25,2025-10-25
CVE-2025-10452,0.002170000,0.443010000,0.9401156069364162,2025-10-25,2025-10-25
CVE-2025-10446,0.000440000,0.131980000,0.6564161849710982,2025-10-25,2025-10-25
CVE-2025-10445,0.000440000,0.131980000,0.6564161849710982,2025-10-25,2025-10-25
CVE-2025-10444,0.000440000,0.131980000,0.6564161849710982,2025-10-25,2025-10-25
CVE-2025-10443,0.000960000,0.275800000,0.8749132947976879,2025-10-25,2025-10-25
CVE-2025-10442,0.006050000,0.687020000,0.9780346820809248,2025-10-25,2025-10-25
CVE-2025-10441,0.008880000,0.747400000,0.9835838150289017,2025-10-25,2025-10-25
CVE-2025-10440,0.008880000,0.747400000,0.9835838150289017,2025-10-25,2025-10-25
CVE-2025-10436,0.000290000,0.072680000,0.2945664739884393,2025-10-25,2025-10-25
CVE-2025-10435,0.000320000,0.083900000,0.3382658959537572,2025-10-25,2025-10-25
CVE-2025-10434,0.000330000,0.086100000,0.3796531791907514,2025-10-25,2025-10-25
CVE-2025-10433,0.000550000,0.174240000,0.7657803468208092,2025-10-25,2025-10-25
CVE-2025-10432,0.001680000,0.385140000,0.9195375722543353,2025-10-25,2025-10-25
CVE-2025-10431,0.000320000,0.083300000,0.3382658959537572,2025-10-25,2025-10-25
CVE-2025-10430,0.000470000,0.140980000,0.686242774566474,2025-10-25,2025-10-25
CVE-2025-10429,0.000320000,0.083300000,0.3382658959537572,2025-10-25,2025-10-25
CVE-2025-10428,0.000490000,0.149600000,0.7211560693641619,2025-10-25,2025-10-25
CVE-2025-10427,0.000490000,0.149600000,0.7211560693641619,2025-10-25,2025-10-25
CVE-2025-10426,0.000320000,0.083900000,0.3382658959537572,2025-10-25,2025-10-25
CVE-2025-10425,0.000440000,0.131810000,0.6564161849710982,2025-10-25,2025-10-25
CVE-2025-10424,0.000440000,0.131810000,0.6564161849710982,2025-10-25,2025-10-25
CVE-2025-10423,0.000360000,0.097240000,0.48485549132947975,2025-10-25,2025-10-25
CVE-2025-10422,0.000400000,0.118420000,0.610635838150289,2025-10-25,2025-10-25
CVE-2025-10421,0.000320000,0.083300000,0.3382658959537572,2025-10-25,2025-10-25
CVE-2025-10420,0.000320000,0.083300000,0.3382658959537572,2025-10-25,2025-10-25
CVE-2025-10419,0.000440000,0.131270000,0.6564161849710982,2025-10-25,2025-10-25
CVE-2025-10418,0.000440000,0.131270000,0.6564161849710982,2025-10-25,2025-10-25
CVE-2025-10417,0.000440000,0.131980000,0.6564161849710982,2025-10-25,2025-10-25
CVE-2025-10416,0.000320000,0.083900000,0.3382658959537572,2025-10-25,2025-10-25
CVE-2025-10415,0.000320000,0.083900000,0.3382658959537572,2025-10-25,2025-10-25
CVE-2025-10414,0.000320000,0.083900000,0.3382658959537572,2025-10-25,2025-10-25
CVE-2025-10413,0.000320000,0.083900000,0.3382658959537572,2025-10-25,2025-10-25
CVE-2025-10411,0.000310000,0.076710000,0.32439306358381503,2025-10-25,2025-10-25
CVE-2025-10410,0.000440000,0.130950000,0.6564161849710982,2025-10-25,2025-10-25
CVE-2025-10409,0.000320000,0.083300000,0.3382658959537572,2025-10-25,2025-10-25
CVE-2025-10408,0.000320000,0.083300000,0.3382658959537572,2025-10-25,2025-10-25
CVE-2025-10407,0.000320000,0.083300000,0.3382658959537572,2025-10-25,2025-10-25
CVE-2025-10405,0.000320000,0.083900000,0.3382658959537572,2025-10-25,2025-10-25
CVE-2025-10404,0.000290000,0.072680000,0.2945664739884393,2025-10-25,2025-10-25
CVE-2025-10403,0.000320000,0.083900000,0.3382658959537572,2025-10-25,2025-10-25
CVE-2025-10402,0.000320000,0.083900000,0.3382658959537572,2025-10-25,2025-10-25
CVE-2025-10401,0.001150000,0.309510000,0.8941040462427746,2025-10-25,2025-10-25
CVE-2025-10400,0.000320000,0.083300000,0.3382658959537572,2025-10-25,2025-10-25
CVE-2025-10399,0.000320000,0.080910000,0.3382658959537572,2025-10-25,2025-10-25
CVE-2025-10398,0.000420000,0.122850000,0.6372254335260116,2025-10-25,2025-10-25
CVE-2025-10397,0.000420000,0.123510000,0.6372254335260116,2025-10-25,2025-10-25
CVE-2025-10396,0.000320000,0.083900000,0.3382658959537572,2025-10-25,2025-10-25
CVE-2025-10395,0.000420000,0.123510000,0.6372254335260116,2025-10-25,2025-10-25
CVE-2025-10394,0.000460000,0.140150000,0.6763005780346821,2025-10-25,2025-10-25
CVE-2025-10393,0.000430000,0.130070000,0.6448554913294797,2025-10-25,2025-10-25
CVE-2025-10392,0.000590000,0.187170000,0.7900578034682081,2025-10-25,2025-10-25
CVE-2025-10391,0.000430000,0.127220000,0.6448554913294797,2025-10-25,2025-10-25
CVE-2025-10390,0.000870000,0.259160000,0.8645086705202312,2025-10-25,2025-10-25
CVE-2025-10204,0.000300000,0.076390000,0.30890173410404625,2025-10-25,2025-10-25
CVE-2025-0164,0.000130000,0.014440000,0.04947976878612717,2025-10-25,2025-10-25
CVE-2022-50256,0.000240000,0.050560000,0.1722543352601156,2025-10-25,2025-10-25
CVE-2022-50255,0.000250000,0.055780000,0.2069364161849711,2025-10-25,2025-10-25
CVE-2022-50254,0.000260000,0.059300000,0.23653179190751444,2025-10-25,2025-10-25
CVE-2022-50253,0.000350000,0.093520000,0.4268208092485549,2025-10-25,2025-10-25
CVE-2022-50252,0.000470000,0.143230000,0.686242774566474,2025-10-25,2025-10-25
CVE-2022-50251,0.000470000,0.143230000,0.686242774566474,2025-10-25,2025-10-25
CVE-2022-50250,0.000350000,0.093520000,0.4268208092485549,2025-10-25,2025-10-25
CVE-2022-50249,0.000470000,0.143230000,0.686242774566474,2025-10-25,2025-10-25
CVE-2022-50248,0.000350000,0.093520000,0.4268208092485549,2025-10-25,2025-10-25
CVE-2022-50247,0.000250000,0.055780000,0.2069364161849711,2025-10-25,2025-10-25
CVE-2022-50246,0.000350000,0.093520000,0.4268208092485549,2025-10-25,2025-10-25
CVE-2022-50245,0.000470000,0.143230000,0.686242774566474,2025-10-25,2025-10-25
CVE-2022-50244,0.000470000,0.143230000,0.686242774566474,2025-10-25,2025-10-25
CVE-2022-50243,0.000350000,0.093520000,0.4268208092485549,2025-10-25,2025-10-25
CVE-2022-50242,0.000470000,0.143230000,0.686242774566474,2025-10-25,2025-10-25
CVE-2022-50241,0.000260000,0.057250000,0.23653179190751444,2025-10-25,2025-10-25
CVE-2022-50240,0.000350000,0.093520000,0.4268208092485549,2025-10-25,2025-10-25
CVE-2022-50239,0.000250000,0.055780000,0.2069364161849711,2025-10-25,2025-10-25
CVE-2022-50236,0.000240000,0.050560000,0.1722543352601156,2025-10-25,2025-10-25
CVE-2022-50235,0.000260000,0.057250000,0.23653179190751444,2025-10-25,2025-10-25
CVE-2022-50234,0.000350000,0.093520000,0.4268208092485549,2025-10-25,2025-10-25
CVE-2025-59377,0.000510000,0.158280000,0.7384971098265896,2025-10-25,2025-10-25
CVE-2025-59376,0.000140000,0.016340000,0.06127167630057803,2025-10-25,2025-10-25
CVE-2025-56710,0.000090000,0.006320000,0.03421965317919075,2025-10-25,2025-10-25
CVE-2025-50944,0.000240000,0.052040000,0.1722543352601156,2025-10-25,2025-10-25
CVE-2025-50110,0.000190000,0.037300000,0.14358381502890175,2025-10-25,2025-10-25
CVE-2025-46408,0.000200000,0.038760000,0.14959537572254336,2025-10-25,2025-10-25
CVE-2025-10448,0.000320000,0.083900000,0.3382658959537572,2025-10-25,2025-10-25
CVE-2025-10447,0.000440000,0.131810000,0.6564161849710982,2025-10-25,2025-10-25
CVE-2023-53198,0.000240000,0.050560000,0.1722543352601156,2025-10-25,2025-10-25
CVE-2023-53197,0.000250000,0.055780000,0.2069364161849711,2025-10-25,2025-10-25
CVE-2023-53196,0.000350000,0.093520000,0.4268208092485549,2025-10-25,2025-10-25
CVE-2023-53195,0.000240000,0.050560000,0.1722543352601156,2025-10-25,2025-10-25
CVE-2023-53194,0.000250000,0.055780000,0.2069364161849711,2025-10-25,2025-10-25
CVE-2023-53193,0.000250000,0.055780000,0.2069364161849711,2025-10-25,2025-10-25
CVE-2023-53192,0.000260000,0.057250000,0.23653179190751444,2025-10-25,2025-10-25
CVE-2023-53191,0.000350000,0.093520000,0.4268208092485549,2025-10-25,2025-10-25
CVE-2023-53190,0.000240000,0.050560000,0.1722543352601156,2025-10-25,2025-10-25
CVE-2023-53189,0.000350000,0.093520000,0.4268208092485549,2025-10-25,2025-10-25
CVE-2023-53188,0.000350000,0.093520000,0.4268208092485549,2025-10-25,2025-10-25
CVE-2023-53187,0.000240000,0.050560000,0.1722543352601156,2025-10-25,2025-10-25
CVE-2023-53186,0.000250000,0.055780000,0.2069364161849711,2025-10-25,2025-10-25
CVE-2023-53185,0.000470000,0.143230000,0.686242774566474,2025-10-25,2025-10-25
CVE-2023-53184,0.000240000,0.050560000,0.1722543352601156,2025-10-25,2025-10-25
CVE-2023-53183,0.000250000,0.055780000,0.2069364161849711,2025-10-25,2025-10-25
CVE-2023-53182,0.000350000,0.093520000,0.4268208092485549,2025-10-25,2025-10-25
CVE-2023-53181,0.000240000,0.050560000,0.1722543352601156,2025-10-25,2025-10-25
CVE-2023-53180,0.000260000,0.059300000,0.23653179190751444,2025-10-25,2025-10-25
CVE-2023-53179,0.000470000,0.143230000,0.686242774566474,2025-10-25,2025-10-25
CVE-2023-53178,0.000240000,0.050560000,0.1722543352601156,2025-10-25,2025-10-25
CVE-2023-53177,0.000240000,0.050560000,0.1722543352601156,2025-10-25,2025-10-25
CVE-2023-53176,0.000350000,0.093520000,0.4268208092485549,2025-10-25,2025-10-25
CVE-2023-53175,0.000250000,0.055780000,0.2069364161849711,2025-10-25,2025-10-25
CVE-2023-53174,0.000350000,0.093520000,0.4268208092485549,2025-10-25,2025-10-25
CVE-2023-53173,0.000250000,0.055780000,0.2069364161849711,2025-10-25,2025-10-25
CVE-2023-53172,0.000260000,0.059300000,0.23653179190751444,2025-10-25,2025-10-25
CVE-2023-53171,0.000260000,0.057250000,0.23653179190751444,2025-10-25,2025-10-25
CVE-2023-53170,0.000260000,0.059300000,0.23653179190751444,2025-10-25,2025-10-25
CVE-2023-53169,0.000250000,0.055780000,0.2069364161849711,2025-10-25,2025-10-25
CVE-2023-53168,0.000240000,0.050560000,0.1722543352601156,2025-10-25,2025-10-25
CVE-2023-53167,0.000260000,0.059850000,0.23653179190751444,2025-10-25,2025-10-25
CVE-2023-53166,0.000240000,0.050560000,0.1722543352601156,2025-10-25,2025-10-25
CVE-2023-53165,0.000350000,0.093520000,0.4268208092485549,2025-10-25,2025-10-25
CVE-2023-53164,0.000350000,0.093520000,0.4268208092485549,2025-10-25,2025-10-25
CVE-2023-53163,0.000250000,0.055780000,0.2069364161849711,2025-10-25,2025-10-25
CVE-2023-53153,0.000350000,0.093520000,0.4268208092485549,2025-10-25,2025-10-25
CVE-2023-53152,0.000240000,0.050560000,0.1722543352601156,2025-10-25,2025-10-25
CVE-2023-53151,0.000350000,0.093520000,0.4268208092485549,2025-10-25,2025-10-25
CVE-2023-53150,0.000350000,0.093520000,0.4268208092485549,2025-10-25,2025-10-25
CVE-2023-53149,0.000350000,0.095620000,0.4268208092485549,2025-10-25,2025-10-25
CVE-2023-53148,0.000350000,0.093520000,0.4268208092485549,2025-10-25,2025-10-25
CVE-2023-53147,0.000350000,0.093520000,0.4268208092485549,2025-10-25,2025-10-25
CVE-2022-50306,0.000240000,0.050560000,0.1722543352601156,2025-10-25,2025-10-25
CVE-2022-50305,0.000240000,0.050560000,0.1722543352601156,2025-10-25,2025-10-25
CVE-2022-50304,0.000240000,0.050560000,0.1722543352601156,2025-10-25,2025-10-25
CVE-2022-50303,0.000240000,0.050560000,0.1722543352601156,2025-10-25,2025-10-25
CVE-2022-50302,0.000260000,0.057250000,0.23653179190751444,2025-10-25,2025-10-25
CVE-2022-50301,0.001110000,0.303300000,0.8917919075144509,2025-10-25,2025-10-25
CVE-2022-50300,0.000250000,0.055780000,0.2069364161849711,2025-10-25,2025-10-25
CVE-2022-50299,0.000350000,0.093520000,0.4268208092485549,2025-10-25,2025-10-25
CVE-2022-50298,0.000250000,0.055780000,0.2069364161849711,2025-10-25,2025-10-25
CVE-2022-50297,0.000470000,0.143230000,0.686242774566474,2025-10-25,2025-10-25
CVE-2022-50296,0.000470000,0.143230000,0.686242774566474,2025-10-25,2025-10-25
CVE-2022-50295,0.000260000,0.059300000,0.23653179190751444,2025-10-25,2025-10-25
CVE-2022-50294,0.000350000,0.093520000,0.4268208092485549,2025-10-25,2025-10-25
CVE-2022-50293,0.000250000,0.055780000,0.2069364161849711,2025-10-25,2025-10-25
CVE-2022-50292,0.000260000,0.059300000,0.23653179190751444,2025-10-25,2025-10-25
CVE-2022-50291,0.000350000,0.093520000,0.4268208092485549,2025-10-25,2025-10-25
CVE-2022-50289,0.000470000,0.143230000,0.686242774566474,2025-10-25,2025-10-25
CVE-2022-50288,0.000350000,0.093520000,0.4268208092485549,2025-10-25,2025-10-25
CVE-2022-50287,0.000240000,0.050560000,0.1722543352601156,2025-10-25,2025-10-25
CVE-2022-50286,0.000350000,0.093520000,0.4268208092485549,2025-10-25,2025-10-25
CVE-2022-50285,0.000350000,0.093520000,0.4268208092485549,2025-10-25,2025-10-25
CVE-2022-50284,0.000240000,0.050560000,0.1722543352601156,2025-10-25,2025-10-25
CVE-2022-50283,0.000260000,0.059300000,0.23653179190751444,2025-10-25,2025-10-25
CVE-2022-50282,0.000470000,0.143230000,0.686242774566474,2025-10-25,2025-10-25
CVE-2022-50281,0.000260000,0.057250000,0.23653179190751444,2025-10-25,2025-10-25
CVE-2022-50280,0.000470000,0.143230000,0.686242774566474,2025-10-25,2025-10-25
CVE-2022-50279,0.000430000,0.129110000,0.6448554913294797,2025-10-25,2025-10-25
CVE-2022-50278,0.000470000,0.143230000,0.686242774566474,2025-10-25,2025-10-25
CVE-2022-50277,0.000140000,0.016390000,0.06127167630057803,2025-10-25,2025-10-25
CVE-2022-50276,0.000470000,0.141190000,0.686242774566474,2025-10-25,2025-10-25
CVE-2022-50275,0.000350000,0.093520000,0.4268208092485549,2025-10-25,2025-10-25
CVE-2022-50274,0.000350000,0.093520000,0.4268208092485549,2025-10-25,2025-10-25
CVE-2022-50273,0.000350000,0.093520000,0.4268208092485549,2025-10-25,2025-10-25
CVE-2022-50272,0.000470000,0.143230000,0.686242774566474,2025-10-25,2025-10-25
CVE-2022-50271,0.000350000,0.093520000,0.4268208092485549,2025-10-25,2025-10-25
CVE-2022-50270,0.000240000,0.050560000,0.1722543352601156,2025-10-25,2025-10-25
CVE-2022-50269,0.000250000,0.055780000,0.2069364161849711,2025-10-25,2025-10-25
CVE-2022-50268,0.000470000,0.143230000,0.686242774566474,2025-10-25,2025-10-25
CVE-2022-50267,0.000250000,0.055780000,0.2069364161849711,2025-10-25,2025-10-25
CVE-2022-50266,0.000240000,0.050560000,0.1722543352601156,2025-10-25,2025-10-25
CVE-2022-50265,0.000350000,0.093520000,0.4268208092485549,2025-10-25,2025-10-25
CVE-2022-50264,0.000350000,0.093520000,0.4268208092485549,2025-10-25,2025-10-25
CVE-2022-50263,0.000240000,0.050560000,0.1722543352601156,2025-10-25,2025-10-25
CVE-2022-50262,0.000380000,0.107020000,0.5440462427745665,2025-10-25,2025-10-25
CVE-2022-50261,0.000470000,0.143230000,0.686242774566474,2025-10-25,2025-10-25
CVE-2022-50260,0.000350000,0.095620000,0.4268208092485549,2025-10-25,2025-10-25
CVE-2022-50259,0.000350000,0.093520000,0.4268208092485549,2025-10-25,2025-10-25
CVE-2022-50258,0.000350000,0.093520000,0.4268208092485549,2025-10-25,2025-10-25
CVE-2022-50257,0.000470000,0.143230000,0.686242774566474,2025-10-25,2025-10-25
CVE-2025-8396,0.000570000,0.178470000,0.778728323699422,2025-10-25,2025-10-25
CVE-2025-6202,0.000180000,0.033500000,0.13202312138728323,2025-10-25,2025-10-25
CVE-2025-52053,0.524560000,0.977780000,0.9990751445086705,2025-10-25,2025-10-25
CVE-2025-36082,0.000140000,0.016130000,0.06127167630057803,2025-10-25,2025-10-25
CVE-2025-10491,0.000150000,0.022470000,0.07514450867052024,2025-10-25,2025-10-25
CVE-2025-10459,0.000320000,0.083900000,0.3382658959537572,2025-10-25,2025-10-25
CVE-2023-53262,0.000250000,0.055780000,0.2069364161849711,2025-10-25,2025-10-25
CVE-2023-53261,0.000390000,0.114080000,0.5563005780346821,2025-10-25,2025-10-25
CVE-2023-53260,0.000240000,0.050560000,0.1722543352601156,2025-10-25,2025-10-25
CVE-2023-53259,0.000510000,0.155660000,0.7384971098265896,2025-10-25,2025-10-25
CVE-2023-53258,0.000240000,0.050560000,0.1722543352601156,2025-10-25,2025-10-25
CVE-2023-53257,0.000250000,0.055780000,0.2069364161849711,2025-10-25,2025-10-25
CVE-2023-53256,0.000250000,0.055780000,0.2069364161849711,2025-10-25,2025-10-25
CVE-2023-53255,0.000350000,0.093520000,0.4268208092485549,2025-10-25,2025-10-25
CVE-2023-53254,0.000240000,0.050560000,0.1722543352601156,2025-10-25,2025-10-25
CVE-2023-53253,0.000260000,0.059300000,0.23653179190751444,2025-10-25,2025-10-25
CVE-2023-53252,0.000240000,0.050560000,0.1722543352601156,2025-10-25,2025-10-25
CVE-2023-53251,0.000260000,0.057250000,0.23653179190751444,2025-10-25,2025-10-25
CVE-2023-53250,0.000250000,0.055780000,0.2069364161849711,2025-10-25,2025-10-25
CVE-2023-53249,0.000350000,0.093520000,0.4268208092485549,2025-10-25,2025-10-25
CVE-2023-53248,0.000240000,0.050560000,0.1722543352601156,2025-10-25,2025-10-25
CVE-2023-53247,0.000240000,0.050560000,0.1722543352601156,2025-10-25,2025-10-25
CVE-2023-53246,0.000350000,0.093520000,0.4268208092485549,2025-10-25,2025-10-25
CVE-2023-53245,0.000470000,0.141190000,0.686242774566474,2025-10-25,2025-10-25
CVE-2023-53244,0.000250000,0.055780000,0.2069364161849711,2025-10-25,2025-10-25
CVE-2023-53243,0.000260000,0.057250000,0.23653179190751444,2025-10-25,2025-10-25
CVE-2023-53242,0.000350000,0.093520000,0.4268208092485549,2025-10-25,2025-10-25
CVE-2023-53241,0.000260000,0.057250000,0.23653179190751444,2025-10-25,2025-10-25
CVE-2023-53240,0.000240000,0.050560000,0.1722543352601156,2025-10-25,2025-10-25
CVE-2023-53239,0.000350000,0.093520000,0.4268208092485549,2025-10-25,2025-10-25
CVE-2023-53238,0.000350000,0.093520000,0.4268208092485549,2025-10-25,2025-10-25
CVE-2023-53237,0.000250000,0.055780000,0.2069364161849711,2025-10-25,2025-10-25
CVE-2023-53236,0.000260000,0.059300000,0.23653179190751444,2025-10-25,2025-10-25
CVE-2023-53235,0.000260000,0.059300000,0.23653179190751444,2025-10-25,2025-10-25
CVE-2023-53234,0.000470000,0.141190000,0.686242774566474,2025-10-25,2025-10-25
CVE-2023-53233,0.000260000,0.057250000,0.23653179190751444,2025-10-25,2025-10-25
CVE-2023-53232,0.000250000,0.055780000,0.2069364161849711,2025-10-25,2025-10-25
CVE-2023-53231,0.000260000,0.059300000,0.23653179190751444,2025-10-25,2025-10-25
CVE-2023-53230,0.000250000,0.055780000,0.2069364161849711,2025-10-25,2025-10-25
CVE-2023-53229,0.000350000,0.093520000,0.4268208092485549,2025-10-25,2025-10-25
CVE-2023-53228,0.000240000,0.050560000,0.1722543352601156,2025-10-25,2025-10-25
CVE-2023-53226,0.000470000,0.143230000,0.686242774566474,2025-10-25,2025-10-25
CVE-2023-53225,0.000350000,0.093520000,0.4268208092485549,2025-10-25,2025-10-25
CVE-2023-53224,0.000350000,0.093520000,0.4268208092485549,2025-10-25,2025-10-25
CVE-2023-53223,0.000350000,0.093520000,0.4268208092485549,2025-10-25,2025-10-25
CVE-2023-53222,0.000350000,0.093520000,0.4268208092485549,2025-10-25,2025-10-25
CVE-2023-53221,0.000250000,0.055780000,0.2069364161849711,2025-10-25,2025-10-25
CVE-2023-53220,0.000350000,0.093520000,0.4268208092485549,2025-10-25,2025-10-25
CVE-2023-53219,0.000350000,0.093520000,0.4268208092485549,2025-10-25,2025-10-25
CVE-2023-53218,0.000240000,0.050560000,0.1722543352601156,2025-10-25,2025-10-25
CVE-2023-53217,0.000350000,0.093520000,0.4268208092485549,2025-10-25,2025-10-25
CVE-2023-53216,0.000260000,0.057250000,0.23653179190751444,2025-10-25,2025-10-25
CVE-2023-53215,0.000350000,0.093520000,0.4268208092485549,2025-10-25,2025-10-25
CVE-2023-53214,0.000250000,0.055780000,0.2069364161849711,2025-10-25,2025-10-25
CVE-2023-53213,0.000470000,0.143230000,0.686242774566474,2025-10-25,2025-10-25
CVE-2023-53211,0.000240000,0.050560000,0.1722543352601156,2025-10-25,2025-10-25
CVE-2023-53210,0.000250000,0.055780000,0.2069364161849711,2025-10-25,2025-10-25
CVE-2023-53209,0.000240000,0.050560000,0.1722543352601156,2025-10-25,2025-10-25
CVE-2023-53208,0.000240000,0.050560000,0.1722543352601156,2025-10-25,2025-10-25
CVE-2023-53207,0.000240000,0.050560000,0.1722543352601156,2025-10-25,2025-10-25
CVE-2023-53206,0.000260000,0.059300000,0.23653179190751444,2025-10-25,2025-10-25
CVE-2023-53205,0.000250000,0.055780000,0.2069364161849711,2025-10-25,2025-10-25
CVE-2023-53204,0.000350000,0.093520000,0.4268208092485549,2025-10-25,2025-10-25
CVE-2023-53203,0.000260000,0.059300000,0.23653179190751444,2025-10-25,2025-10-25
CVE-2023-53202,0.000250000,0.055780000,0.2069364161849711,2025-10-25,2025-10-25
CVE-2023-53201,0.000350000,0.093520000,0.4268208092485549,2025-10-25,2025-10-25
CVE-2023-53200,0.000250000,0.055780000,0.2069364161849711,2025-10-25,2025-10-25
CVE-2023-53199,0.000350000,0.093520000,0.4268208092485549,2025-10-25,2025-10-25
CVE-2022-50337,0.000260000,0.057250000,0.23653179190751444,2025-10-25,2025-10-25
CVE-2022-50336,0.000250000,0.055780000,0.2069364161849711,2025-10-25,2025-10-25
CVE-2022-50335,0.000250000,0.055780000,0.2069364161849711,2025-10-25,2025-10-25
CVE-2022-50334,0.000350000,0.093520000,0.4268208092485549,2025-10-25,2025-10-25
CVE-2022-50333,0.000470000,0.143230000,0.686242774566474,2025-10-25,2025-10-25
CVE-2022-50332,0.000260000,0.059300000,0.23653179190751444,2025-10-25,2025-10-25
CVE-2022-50331,0.000240000,0.050560000,0.1722543352601156,2025-10-25,2025-10-25
CVE-2022-50330,0.000350000,0.093520000,0.4268208092485549,2025-10-25,2025-10-25
CVE-2022-50329,0.000260000,0.057250000,0.23653179190751444,2025-10-25,2025-10-25
CVE-2022-50328,0.000260000,0.057250000,0.23653179190751444,2025-10-25,2025-10-25
CVE-2022-50327,0.000610000,0.191540000,0.8002312138728324,2025-10-25,2025-10-25
CVE-2022-50326,0.000260000,0.059300000,0.23653179190751444,2025-10-25,2025-10-25
CVE-2022-50325,0.000240000,0.050560000,0.1722543352601156,2025-10-25,2025-10-25
CVE-2022-50324,0.000470000,0.143230000,0.686242774566474,2025-10-25,2025-10-25
CVE-2022-50323,0.000240000,0.050560000,0.1722543352601156,2025-10-25,2025-10-25
CVE-2022-50322,0.000240000,0.050560000,0.1722543352601156,2025-10-25,2025-10-25
CVE-2022-50321,0.000350000,0.093520000,0.4268208092485549,2025-10-25,2025-10-25
CVE-2022-50320,0.000250000,0.055780000,0.2069364161849711,2025-10-25,2025-10-25
CVE-2022-50319,0.000250000,0.055780000,0.2069364161849711,2025-10-25,2025-10-25
CVE-2022-50318,0.000350000,0.093520000,0.4268208092485549,2025-10-25,2025-10-25
CVE-2022-50317,0.000350000,0.093520000,0.4268208092485549,2025-10-25,2025-10-25
CVE-2022-50316,0.000240000,0.050560000,0.1722543352601156,2025-10-25,2025-10-25
CVE-2022-50315,0.000350000,0.093520000,0.4268208092485549,2025-10-25,2025-10-25
CVE-2022-50314,0.000350000,0.093520000,0.4268208092485549,2025-10-25,2025-10-25
CVE-2022-50313,0.000350000,0.093520000,0.4268208092485549,2025-10-25,2025-10-25
CVE-2022-50312,0.000470000,0.143230000,0.686242774566474,2025-10-25,2025-10-25
CVE-2022-50311,0.000350000,0.093520000,0.4268208092485549,2025-10-25,2025-10-25
CVE-2022-50310,0.000260000,0.059300000,0.23653179190751444,2025-10-25,2025-10-25
CVE-2022-50309,0.000470000,0.143230000,0.686242774566474,2025-10-25,2025-10-25
CVE-2022-50308,0.000260000,0.057250000,0.23653179190751444,2025-10-25,2025-10-25
CVE-2022-50307,0.000240000,0.050560000,0.1722543352601156,2025-10-25,2025-10-25
CVE-2025-6999,0.001940000,0.416790000,0.9310982658959538,2025-10-25,2025-10-25
CVE-2025-6947,0.000800000,0.245650000,0.8543352601156069,2025-10-25,2025-10-25
CVE-2025-59399,0.000280000,0.067100000,0.2894797687861272,2025-10-25,2025-10-25
CVE-2025-59398,0.000240000,0.049400000,0.1722543352601156,2025-10-25,2025-10-25
CVE-2025-59397,0.000370000,0.105080000,0.5188439306358381,2025-10-25,2025-10-25
CVE-2025-59332,0.000670000,0.209360000,0.8184971098265896,2025-10-25,2025-10-25
CVE-2025-59331,0.000680000,0.212050000,0.8224277456647399,2025-10-25,2025-10-25
CVE-2025-59330,0.000680000,0.212050000,0.8224277456647399,2025-10-25,2025-10-25
CVE-2025-59328,0.010130000,0.763960000,0.9847398843930636,2025-10-25,2025-10-25
CVE-2025-59162,0.000680000,0.212050000,0.8224277456647399,2025-10-25,2025-10-25
CVE-2025-59155,0.000590000,0.184800000,0.7900578034682081,2025-10-25,2025-10-25
CVE-2025-59154,0.000360000,0.098540000,0.48485549132947975,2025-10-25,2025-10-25
CVE-2025-59145,0.000680000,0.212050000,0.8224277456647399,2025-10-25,2025-10-25
CVE-2025-59144,0.000680000,0.212050000,0.8224277456647399,2025-10-25,2025-10-25
CVE-2025-59143,0.000680000,0.212050000,0.8224277456647399,2025-10-25,2025-10-25
CVE-2025-59142,0.000680000,0.212050000,0.8224277456647399,2025-10-25,2025-10-25
CVE-2025-59141,0.000680000,0.212050000,0.8224277456647399,2025-10-25,2025-10-25
CVE-2025-59140,0.000680000,0.212050000,0.8224277456647399,2025-10-25,2025-10-25
CVE-2025-59056,0.001060000,0.293590000,0.8855491329479769,2025-10-25,2025-10-25
CVE-2025-58748,0.005300000,0.663390000,0.9757225433526011,2025-10-25,2025-10-25
CVE-2025-58177,0.000320000,0.083050000,0.3382658959537572,2025-10-25,2025-10-25
CVE-2025-58172,0.001100000,0.301250000,0.8904046242774567,2025-10-25,2025-10-25
CVE-2025-58046,0.002710000,0.503580000,0.9489017341040462,2025-10-25,2025-10-25
CVE-2025-58045,0.006530000,0.700810000,0.9791907514450867,2025-10-25,2025-10-25
CVE-2025-57248,0.000490000,0.149020000,0.7211560693641619,2025-10-25,2025-10-25
CVE-2025-57176,0.000430000,0.126710000,0.6448554913294797,2025-10-25,2025-10-25
CVE-2025-57174,0.000980000,0.280000000,0.8779190751445086,2025-10-25,2025-10-25
CVE-2025-57118,0.000560000,0.176510000,0.7738728323699422,2025-10-25,2025-10-25
CVE-2025-57117,0.000440000,0.130970000,0.6564161849710982,2025-10-25,2025-10-25
CVE-2025-57104,0.000270000,0.063230000,0.2846242774566474,2025-10-25,2025-10-25
CVE-2025-56448,0.000240000,0.052530000,0.1722543352601156,2025-10-25,2025-10-25
CVE-2025-56274,0.000360000,0.099020000,0.48485549132947975,2025-10-25,2025-10-25
CVE-2025-56252,0.000430000,0.126870000,0.6448554913294797,2025-10-25,2025-10-25
CVE-2025-55211,0.000640000,0.202970000,0.8110982658959538,2025-10-25,2025-10-25
CVE-2025-52344,0.000380000,0.110290000,0.5440462427745665,2025-10-25,2025-10-25
CVE-2025-52048,0.000300000,0.073510000,0.30890173410404625,2025-10-25,2025-10-25
CVE-2025-49089,0.000490000,0.151510000,0.7211560693641619,2025-10-25,2025-10-25
CVE-2025-45091,0.000340000,0.090630000,0.3965317919075145,2025-10-25,2025-10-25
CVE-2025-43802,0.001940000,0.416430000,0.9310982658959538,2025-10-25,2025-10-25
CVE-2025-43800,0.001940000,0.416430000,0.9310982658959538,2025-10-25,2025-10-25
CVE-2025-43799,0.002050000,0.428580000,0.9361849710982659,2025-10-25,2025-10-25
CVE-2025-43798,0.000590000,0.184800000,0.7900578034682081,2025-10-25,2025-10-25
CVE-2025-43797,0.001890000,0.410290000,0.9297109826589596,2025-10-25,2025-10-25
CVE-2025-43793,0.002410000,0.473910000,0.9452023121387283,2025-10-25,2025-10-25
CVE-2025-43792,0.001740000,0.392450000,0.9227745664739885,2025-10-25,2025-10-25
CVE-2025-43791,0.001940000,0.416430000,0.9310982658959538,2025-10-25,2025-10-25
CVE-2025-43314,0.000150000,0.020260000,0.07514450867052024,2025-10-25,2025-10-25
CVE-2025-43312,0.000130000,0.013730000,0.04947976878612717,2025-10-25,2025-10-25
CVE-2025-43311,0.000140000,0.017780000,0.06127167630057803,2025-10-25,2025-10-25
CVE-2025-43310,0.000130000,0.014740000,0.04947976878612717,2025-10-25,2025-10-25
CVE-2025-43308,0.000290000,0.071550000,0.2945664739884393,2025-10-25,2025-10-25
CVE-2025-43307,0.000180000,0.031040000,0.13202312138728323,2025-10-25,2025-10-25
CVE-2025-43305,0.000120000,0.013120000,0.0446242774566474,2025-10-25,2025-10-25
CVE-2025-43304,0.000120000,0.013150000,0.0446242774566474,2025-10-25,2025-10-25
CVE-2025-43303,0.000130000,0.015210000,0.04947976878612717,2025-10-25,2025-10-25
CVE-2025-43302,0.000160000,0.024790000,0.08971098265895953,2025-10-25,2025-10-25
CVE-2025-43301,0.000120000,0.012260000,0.0446242774566474,2025-10-25,2025-10-25
CVE-2025-43299,0.000260000,0.057550000,0.23653179190751444,2025-10-25,2025-10-25
CVE-2025-43298,0.000220000,0.045080000,0.16208092485549133,2025-10-25,2025-10-25
CVE-2025-43297,0.000190000,0.035350000,0.14358381502890175,2025-10-25,2025-10-25
CVE-2025-43295,0.000130000,0.013340000,0.04947976878612717,2025-10-25,2025-10-25
CVE-2025-43294,0.000140000,0.017760000,0.06127167630057803,2025-10-25,2025-10-25
CVE-2025-43293,0.000250000,0.054660000,0.2069364161849711,2025-10-25,2025-10-25
CVE-2025-43292,0.000110000,0.008990000,0.04138728323699422,2025-10-25,2025-10-25
CVE-2025-43291,0.000120000,0.012150000,0.0446242774566474,2025-10-25,2025-10-25
CVE-2025-43287,0.000160000,0.023320000,0.08971098265895953,2025-10-25,2025-10-25
CVE-2025-43286,0.000110000,0.010610000,0.04138728323699422,2025-10-25,2025-10-25
CVE-2025-43285,0.000130000,0.014010000,0.04947976878612717,2025-10-25,2025-10-25
CVE-2025-43283,0.000170000,0.028410000,0.10150289017341041,2025-10-25,2025-10-25
CVE-2025-43279,0.000180000,0.032900000,0.13202312138728323,2025-10-25,2025-10-25
CVE-2025-43272,0.000440000,0.133060000,0.6564161849710982,2025-10-25,2025-10-25
CVE-2025-43263,0.000140000,0.018780000,0.06127167630057803,2025-10-25,2025-10-25
CVE-2025-43262,0.000180000,0.031150000,0.13202312138728323,2025-10-25,2025-10-25
CVE-2025-43231,0.000150000,0.021880000,0.07514450867052024,2025-10-25,2025-10-25
CVE-2025-43208,0.000160000,0.023560000,0.08971098265895953,2025-10-25,2025-10-25
CVE-2025-43207,0.000150000,0.021880000,0.07514450867052024,2025-10-25,2025-10-25
CVE-2025-43204,0.000150000,0.021390000,0.07514450867052024,2025-10-25,2025-10-25
CVE-2025-43203,0.000130000,0.015600000,0.04947976878612717,2025-10-25,2025-10-25
CVE-2025-43190,0.000160000,0.026030000,0.08971098265895953,2025-10-25,2025-10-25
CVE-2025-31271,0.000420000,0.125050000,0.6372254335260116,2025-10-25,2025-10-25
CVE-2025-31270,0.000160000,0.023560000,0.08971098265895953,2025-10-25,2025-10-25
CVE-2025-31269,0.000120000,0.012720000,0.0446242774566474,2025-10-25,2025-10-25
CVE-2025-31268,0.000130000,0.014010000,0.04947976878612717,2025-10-25,2025-10-25
CVE-2025-31255,0.000690000,0.215350000,0.829364161849711,2025-10-25,2025-10-25
CVE-2025-31254,0.000300000,0.073940000,0.30890173410404625,2025-10-25,2025-10-25
CVE-2025-30468,0.000490000,0.149020000,0.7211560693641619,2025-10-25,2025-10-25
CVE-2025-24197,0.000120000,0.013120000,0.0446242774566474,2025-10-25,2025-10-25
CVE-2025-24088,0.000480000,0.145960000,0.7149132947976878,2025-10-25,2025-10-25
CVE-2025-10485,0.000360000,0.098410000,0.48485549132947975,2025-10-25,2025-10-25
CVE-2025-10483,0.000320000,0.083300000,0.3382658959537572,2025-10-25,2025-10-25
CVE-2025-10482,0.000320000,0.083900000,0.3382658959537572,2025-10-25,2025-10-25
CVE-2025-10481,0.000320000,0.083300000,0.3382658959537572,2025-10-25,2025-10-25
CVE-2025-10480,0.000420000,0.124230000,0.6372254335260116,2025-10-25,2025-10-25
CVE-2025-10479,0.000290000,0.072680000,0.2945664739884393,2025-10-25,2025-10-25
CVE-2025-10477,0.000330000,0.086960000,0.3796531791907514,2025-10-25,2025-10-25
CVE-2025-10475,0.000140000,0.017870000,0.06127167630057803,2025-10-25,2025-10-25
CVE-2025-10473,0.000320000,0.083300000,0.3382658959537572,2025-10-25,2025-10-25
CVE-2025-10472,0.000620000,0.196430000,0.8048554913294798,2025-10-25,2025-10-25
CVE-2025-10471,0.000430000,0.127220000,0.6448554913294797,2025-10-25,2025-10-25
CVE-2025-10203,0.000170000,0.028420000,0.10150289017341041,2025-10-25,2025-10-25
CVE-2025-9808,0.000550000,0.171300000,0.7657803468208092,2025-10-25,2025-10-25
CVE-2025-6575,0.000350000,0.094050000,0.4268208092485549,2025-10-25,2025-10-25
CVE-2025-59453,0.000220000,0.045060000,0.16208092485549133,2025-10-25,2025-10-25
CVE-2025-59437,0.000170000,0.029900000,0.10150289017341041,2025-10-25,2025-10-25
CVE-2025-59436,0.000170000,0.029900000,0.10150289017341041,2025-10-25,2025-10-25
CVE-2025-56706,0.002450000,0.477350000,0.9461271676300578,2025-10-25,2025-10-25
CVE-2025-56697,0.000320000,0.083490000,0.3382658959537572,2025-10-25,2025-10-25
CVE-2025-5519,0.000530000,0.165680000,0.7479768786127168,2025-10-25,2025-10-25
CVE-2025-5518,0.000360000,0.099020000,0.48485549132947975,2025-10-25,2025-10-25
CVE-2025-4688,0.000440000,0.131230000,0.6564161849710982,2025-10-25,2025-10-25
CVE-2025-43375,0.000860000,0.257340000,0.8642774566473989,2025-10-25,2025-10-25
CVE-2025-43372,0.000840000,0.254220000,0.8610404624277457,2025-10-25,2025-10-25
CVE-2025-43371,0.000140000,0.018780000,0.06127167630057803,2025-10-25,2025-10-25
CVE-2025-43370,0.000190000,0.036220000,0.14358381502890175,2025-10-25,2025-10-25
CVE-2025-43369,0.000150000,0.021880000,0.07514450867052024,2025-10-25,2025-10-25
CVE-2025-43368,0.000390000,0.113040000,0.5563005780346821,2025-10-25,2025-10-25
CVE-2025-43367,0.000120000,0.011170000,0.0446242774566474,2025-10-25,2025-10-25
CVE-2025-43366,0.000150000,0.020340000,0.07514450867052024,2025-10-25,2025-10-25
CVE-2025-43362,0.000560000,0.176860000,0.7738728323699422,2025-10-25,2025-10-25
CVE-2025-43359,0.000690000,0.216560000,0.829364161849711,2025-10-25,2025-10-25
CVE-2025-43358,0.000100000,0.007630000,0.0376878612716763,2025-10-25,2025-10-25
CVE-2025-43357,0.000110000,0.010060000,0.04138728323699422,2025-10-25,2025-10-25
CVE-2025-43356,0.000440000,0.132560000,0.6564161849710982,2025-10-25,2025-10-25
CVE-2025-43355,0.000130000,0.014080000,0.04947976878612717,2025-10-25,2025-10-25
CVE-2025-43354,0.000130000,0.015210000,0.04947976878612717,2025-10-25,2025-10-25
CVE-2025-43353,0.000130000,0.013730000,0.04947976878612717,2025-10-25,2025-10-25
CVE-2025-43349,0.000170000,0.029730000,0.10150289017341041,2025-10-25,2025-10-25
CVE-2025-43347,0.001710000,0.388430000,0.9223121387283237,2025-10-25,2025-10-25
CVE-2025-43346,0.000130000,0.014080000,0.04947976878612717,2025-10-25,2025-10-25
CVE-2025-43344,0.000150000,0.020630000,0.07514450867052024,2025-10-25,2025-10-25
CVE-2025-43343,0.000710000,0.222170000,0.8349132947976878,2025-10-25,2025-10-25
CVE-2025-43342,0.002360000,0.465070000,0.943121387283237,2025-10-25,2025-10-25
CVE-2025-43341,0.000100000,0.007910000,0.0376878612716763,2025-10-25,2025-10-25
CVE-2025-43340,0.000160000,0.023150000,0.08971098265895953,2025-10-25,2025-10-25
CVE-2025-43337,0.000150000,0.021880000,0.07514450867052024,2025-10-25,2025-10-25
CVE-2025-43333,0.000160000,0.023150000,0.08971098265895953,2025-10-25,2025-10-25
CVE-2025-43332,0.000120000,0.012160000,0.0446242774566474,2025-10-25,2025-10-25
CVE-2025-43331,0.000180000,0.031040000,0.13202312138728323,2025-10-25,2025-10-25
CVE-2025-43330,0.000150000,0.021060000,0.07514450867052024,2025-10-25,2025-10-25
CVE-2025-43329,0.000100000,0.007630000,0.0376878612716763,2025-10-25,2025-10-25
CVE-2025-43328,0.000120000,0.011000000,0.0446242774566474,2025-10-25,2025-10-25
CVE-2025-43327,0.000380000,0.106700000,0.5440462427745665,2025-10-25,2025-10-25
CVE-2025-43326,0.000120000,0.012360000,0.0446242774566474,2025-10-25,2025-10-25
CVE-2025-43325,0.000150000,0.021880000,0.07514450867052024,2025-10-25,2025-10-25
CVE-2025-43321,0.000120000,0.013120000,0.0446242774566474,2025-10-25,2025-10-25
CVE-2025-43319,0.000120000,0.013120000,0.0446242774566474,2025-10-25,2025-10-25
CVE-2025-43318,0.000180000,0.034360000,0.13202312138728323,2025-10-25,2025-10-25
CVE-2025-43317,0.000100000,0.008440000,0.0376878612716763,2025-10-25,2025-10-25
CVE-2025-43316,0.000100000,0.007910000,0.0376878612716763,2025-10-25,2025-10-25
CVE-2025-43315,0.000120000,0.013120000,0.0446242774566474,2025-10-25,2025-10-25
CVE-2025-41249,0.000560000,0.176440000,0.7738728323699422,2025-10-25,2025-10-25
CVE-2025-41248,0.000560000,0.176440000,0.7738728323699422,2025-10-25,2025-10-25
CVE-2025-26711,0.000540000,0.170190000,0.7553757225433526,2025-10-25,2025-10-25
CVE-2025-26710,0.000410000,0.120210000,0.6263583815028901,2025-10-25,2025-10-25
CVE-2025-2404,0.000390000,0.112710000,0.5563005780346821,2025-10-25,2025-10-25
CVE-2025-10316,0.000670000,0.211640000,0.8184971098265896,2025-10-25,2025-10-25
CVE-2025-10016,0.000470000,0.141350000,0.686242774566474,2025-10-25,2025-10-25
CVE-2025-10015,0.000130000,0.013350000,0.04947976878612717,2025-10-25,2025-10-25
CVE-2024-12913,0.000210000,0.041580000,0.1553757225433526,2025-10-25,2025-10-25
CVE-2024-12367,0.000540000,0.170970000,0.7553757225433526,2025-10-25,2025-10-25
CVE-2023-53303,0.000260000,0.059300000,0.23653179190751444,2025-10-25,2025-10-25
CVE-2023-53302,0.000350000,0.093520000,0.4268208092485549,2025-10-25,2025-10-25
CVE-2023-53301,0.000240000,0.050560000,0.1722543352601156,2025-10-25,2025-10-25
CVE-2023-53300,0.000250000,0.055780000,0.2069364161849711,2025-10-25,2025-10-25
CVE-2023-53299,0.000470000,0.143230000,0.686242774566474,2025-10-25,2025-10-25
CVE-2023-53298,0.000350000,0.093520000,0.4268208092485549,2025-10-25,2025-10-25
CVE-2023-53297,0.000350000,0.093520000,0.4268208092485549,2025-10-25,2025-10-25
CVE-2023-53296,0.000350000,0.093520000,0.4268208092485549,2025-10-25,2025-10-25
CVE-2023-53295,0.000350000,0.093520000,0.4268208092485549,2025-10-25,2025-10-25
CVE-2023-53294,0.000260000,0.057250000,0.23653179190751444,2025-10-25,2025-10-25
CVE-2023-53293,0.000240000,0.050560000,0.1722543352601156,2025-10-25,2025-10-25
CVE-2023-53292,0.000260000,0.059300000,0.23653179190751444,2025-10-25,2025-10-25
CVE-2023-53291,0.000350000,0.093520000,0.4268208092485549,2025-10-25,2025-10-25
CVE-2023-53290,0.000350000,0.093520000,0.4268208092485549,2025-10-25,2025-10-25
CVE-2023-53289,0.000470000,0.143230000,0.686242774566474,2025-10-25,2025-10-25
CVE-2023-53288,0.000350000,0.093520000,0.4268208092485549,2025-10-25,2025-10-25
CVE-2023-53287,0.000250000,0.055780000,0.2069364161849711,2025-10-25,2025-10-25
CVE-2023-53286,0.000260000,0.057250000,0.23653179190751444,2025-10-25,2025-10-25
CVE-2023-53285,0.000470000,0.143230000,0.686242774566474,2025-10-25,2025-10-25
CVE-2023-53284,0.000240000,0.050560000,0.1722543352601156,2025-10-25,2025-10-25
CVE-2023-53282,0.000250000,0.055780000,0.2069364161849711,2025-10-25,2025-10-25
CVE-2023-53281,0.000260000,0.057250000,0.23653179190751444,2025-10-25,2025-10-25
CVE-2023-53280,0.000350000,0.093520000,0.4268208092485549,2025-10-25,2025-10-25
CVE-2023-53279,0.000250000,0.055780000,0.2069364161849711,2025-10-25,2025-10-25
CVE-2023-53278,0.000240000,0.050560000,0.1722543352601156,2025-10-25,2025-10-25
CVE-2023-53277,0.000350000,0.093520000,0.4268208092485549,2025-10-25,2025-10-25
CVE-2023-53276,0.000470000,0.143230000,0.686242774566474,2025-10-25,2025-10-25
CVE-2023-53275,0.000350000,0.093520000,0.4268208092485549,2025-10-25,2025-10-25
CVE-2023-53274,0.000260000,0.059300000,0.23653179190751444,2025-10-25,2025-10-25
CVE-2023-53273,0.000260000,0.057250000,0.23653179190751444,2025-10-25,2025-10-25
CVE-2023-53272,0.000260000,0.057250000,0.23653179190751444,2025-10-25,2025-10-25
CVE-2023-53271,0.000350000,0.093520000,0.4268208092485549,2025-10-25,2025-10-25
CVE-2023-53270,0.000260000,0.057250000,0.23653179190751444,2025-10-25,2025-10-25
CVE-2023-53269,0.000240000,0.050560000,0.1722543352601156,2025-10-25,2025-10-25
CVE-2023-53268,0.000350000,0.093520000,0.4268208092485549,2025-10-25,2025-10-25
CVE-2023-53267,0.000240000,0.050560000,0.1722543352601156,2025-10-25,2025-10-25
CVE-2023-53266,0.000260000,0.059300000,0.23653179190751444,2025-10-25,2025-10-25
CVE-2023-53265,0.000350000,0.093520000,0.4268208092485549,2025-10-25,2025-10-25
CVE-2023-53264,0.000250000,0.055780000,0.2069364161849711,2025-10-25,2025-10-25
CVE-2023-53263,0.000240000,0.050560000,0.1722543352601156,2025-10-25,2025-10-25
CVE-2025-8894,0.000250000,0.054630000,0.2069364161849711,2025-10-25,2025-10-25
CVE-2025-8893,0.000310000,0.079740000,0.32439306358381503,2025-10-25,2025-10-25
CVE-2025-8446,0.000320000,0.082150000,0.3382658959537572,2025-10-25,2025-10-25
CVE-2025-8276,0.000390000,0.112760000,0.5563005780346821,2025-10-25,2025-10-25
CVE-2025-8057,0.000360000,0.099020000,0.48485549132947975,2025-10-25,2025-10-25
CVE-2025-7744,0.000390000,0.114710000,0.5563005780346821,2025-10-25,2025-10-25
CVE-2025-7743,0.000210000,0.042390000,0.1553757225433526,2025-10-25,2025-10-25
CVE-2025-7355,0.000360000,0.099020000,0.48485549132947975,2025-10-25,2025-10-25
CVE-2025-59333,0.000490000,0.151940000,0.7211560693641619,2025-10-25,2025-10-25
CVE-2025-59270,0.000490000,0.149990000,0.7211560693641619,2025-10-25,2025-10-25
CVE-2025-58749,0.000410000,0.120020000,0.6263583815028901,2025-10-25,2025-10-25
CVE-2025-57145,0.000330000,0.087490000,0.3796531791907514,2025-10-25,2025-10-25
CVE-2025-57119,0.000590000,0.186880000,0.7900578034682081,2025-10-25,2025-10-25
CVE-2025-56295,0.000290000,0.072220000,0.2945664739884393,2025-10-25,2025-10-25
CVE-2025-56293,0.000340000,0.088720000,0.3965317919075145,2025-10-25,2025-10-25
CVE-2025-56289,0.000310000,0.079760000,0.32439306358381503,2025-10-25,2025-10-25
CVE-2025-56280,0.000340000,0.088720000,0.3965317919075145,2025-10-25,2025-10-25
CVE-2025-56276,0.000340000,0.088720000,0.3965317919075145,2025-10-25,2025-10-25
CVE-2025-55834,0.000440000,0.132190000,0.6564161849710982,2025-10-25,2025-10-25
CVE-2025-55118,0.000540000,0.170970000,0.7553757225433526,2025-10-25,2025-10-25
CVE-2025-55117,0.000450000,0.135270000,0.6695953757225434,2025-10-25,2025-10-25
CVE-2025-55116,0.000150000,0.019000000,0.07514450867052024,2025-10-25,2025-10-25
CVE-2025-55115,0.000200000,0.037970000,0.14959537572254336,2025-10-25,2025-10-25
CVE-2025-55114,0.000560000,0.175160000,0.7738728323699422,2025-10-25,2025-10-25
CVE-2025-55113,0.000530000,0.165620000,0.7479768786127168,2025-10-25,2025-10-25
CVE-2025-55112,0.000170000,0.027600000,0.10150289017341041,2025-10-25,2025-10-25
CVE-2025-55111,0.000110000,0.008800000,0.04138728323699422,2025-10-25,2025-10-25
CVE-2025-55110,0.000150000,0.019760000,0.07514450867052024,2025-10-25,2025-10-25
CVE-2025-55109,0.000630000,0.198900000,0.8067052023121387,2025-10-25,2025-10-25
CVE-2025-52044,0.000350000,0.094490000,0.4268208092485549,2025-10-25,2025-10-25
CVE-2025-4953,0.000460000,0.138580000,0.6763005780346821,2025-10-25,2025-10-25
CVE-2025-44034,0.002050000,0.428170000,0.9361849710982659,2025-10-25,2025-10-25
CVE-2025-41243,0.000680000,0.214130000,0.8224277456647399,2025-10-25,2025-10-25
CVE-2025-39836,0.000240000,0.050560000,0.1722543352601156,2025-10-25,2025-10-25
CVE-2025-39835,0.000350000,0.093520000,0.4268208092485549,2025-10-25,2025-10-25
CVE-2025-39834,0.000260000,0.059300000,0.23653179190751444,2025-10-25,2025-10-25
CVE-2025-39833,0.000260000,0.059300000,0.23653179190751444,2025-10-25,2025-10-25
CVE-2025-39832,0.000250000,0.055780000,0.2069364161849711,2025-10-25,2025-10-25
CVE-2025-39831,0.000240000,0.050560000,0.1722543352601156,2025-10-25,2025-10-25
CVE-2025-39830,0.000260000,0.059300000,0.23653179190751444,2025-10-25,2025-10-25
CVE-2025-39829,0.000240000,0.050560000,0.1722543352601156,2025-10-25,2025-10-25
CVE-2025-39828,0.000350000,0.093520000,0.4268208092485549,2025-10-25,2025-10-25
CVE-2025-39827,0.000450000,0.134530000,0.6695953757225434,2025-10-25,2025-10-25
CVE-2025-39826,0.000260000,0.057250000,0.23653179190751444,2025-10-25,2025-10-25
CVE-2025-39825,0.000260000,0.057250000,0.23653179190751444,2025-10-25,2025-10-25
CVE-2025-39824,0.000350000,0.093520000,0.4268208092485549,2025-10-25,2025-10-25
CVE-2025-39823,0.000340000,0.088740000,0.3965317919075145,2025-10-25,2025-10-25
CVE-2025-39822,0.000260000,0.059300000,0.23653179190751444,2025-10-25,2025-10-25
CVE-2025-39821,0.000260000,0.059300000,0.23653179190751444,2025-10-25,2025-10-25
CVE-2025-39820,0.000260000,0.059300000,0.23653179190751444,2025-10-25,2025-10-25
CVE-2025-39819,0.000450000,0.134530000,0.6695953757225434,2025-10-25,2025-10-25
CVE-2025-39818,0.000260000,0.059300000,0.23653179190751444,2025-10-25,2025-10-25
CVE-2025-39817,0.000350000,0.093520000,0.4268208092485549,2025-10-25,2025-10-25
CVE-2025-39816,0.000240000,0.050560000,0.1722543352601156,2025-10-25,2025-10-25
CVE-2025-39815,0.000240000,0.050560000,0.1722543352601156,2025-10-25,2025-10-25
CVE-2025-39814,0.000260000,0.059300000,0.23653179190751444,2025-10-25,2025-10-25
CVE-2025-39813,0.000350000,0.093520000,0.4268208092485549,2025-10-25,2025-10-25
CVE-2025-39812,0.000350000,0.093520000,0.4268208092485549,2025-10-25,2025-10-25
CVE-2025-39811,0.000240000,0.050560000,0.1722543352601156,2025-10-25,2025-10-25
CVE-2025-39810,0.000240000,0.050560000,0.1722543352601156,2025-10-25,2025-10-25
CVE-2025-39809,0.000260000,0.059300000,0.23653179190751444,2025-10-25,2025-10-25
CVE-2025-39808,0.000350000,0.093520000,0.4268208092485549,2025-10-25,2025-10-25
CVE-2025-39807,0.000240000,0.050560000,0.1722543352601156,2025-10-25,2025-10-25
CVE-2025-39806,0.000350000,0.093520000,0.4268208092485549,2025-10-25,2025-10-25
CVE-2025-39805,0.000240000,0.050560000,0.1722543352601156,2025-10-25,2025-10-25
CVE-2025-36244,0.000160000,0.025230000,0.08971098265895953,2025-10-25,2025-10-25
CVE-2025-30075,0.000140000,0.017110000,0.06127167630057803,2025-10-25,2025-10-25
CVE-2025-10546,0.002180000,0.444060000,0.9403468208092486,2025-10-25,2025-10-25
CVE-2025-10537,0.000460000,0.138720000,0.6763005780346821,2025-10-25,2025-10-25
CVE-2025-10536,0.000160000,0.023560000,0.08971098265895953,2025-10-25,2025-10-25
CVE-2025-10535,0.000440000,0.130420000,0.6564161849710982,2025-10-25,2025-10-25
CVE-2025-10534,0.000380000,0.106900000,0.5440462427745665,2025-10-25,2025-10-25
CVE-2025-10533,0.000630000,0.199270000,0.8067052023121387,2025-10-25,2025-10-25
CVE-2025-10532,0.000470000,0.141650000,0.686242774566474,2025-10-25,2025-10-25
CVE-2025-10531,0.000330000,0.085310000,0.3796531791907514,2025-10-25,2025-10-25
CVE-2025-10530,0.000400000,0.117170000,0.610635838150289,2025-10-25,2025-10-25
CVE-2025-10529,0.000450000,0.137130000,0.6695953757225434,2025-10-25,2025-10-25
CVE-2025-10528,0.000830000,0.251780000,0.8596531791907515,2025-10-25,2025-10-25
CVE-2025-10527,0.000440000,0.132970000,0.6564161849710982,2025-10-25,2025-10-25
CVE-2025-10290,0.000290000,0.068810000,0.2945664739884393,2025-10-25,2025-10-25
CVE-2024-13174,0.000430000,0.126460000,0.6448554913294797,2025-10-25,2025-10-25
CVE-2024-13149,0.000440000,0.131230000,0.6564161849710982,2025-10-25,2025-10-25
CVE-2024-12796,0.000420000,0.122880000,0.6372254335260116,2025-10-25,2025-10-25
CVE-2023-53304,0.000350000,0.093520000,0.4268208092485549,2025-10-25,2025-10-25
CVE-2022-50352,0.000470000,0.141190000,0.686242774566474,2025-10-25,2025-10-25
CVE-2022-50351,0.000240000,0.050560000,0.1722543352601156,2025-10-25,2025-10-25
CVE-2022-50350,0.000240000,0.050560000,0.1722543352601156,2025-10-25,2025-10-25
CVE-2022-50349,0.000470000,0.143230000,0.686242774566474,2025-10-25,2025-10-25
CVE-2022-50348,0.000350000,0.093520000,0.4268208092485549,2025-10-25,2025-10-25
CVE-2022-50347,0.000470000,0.143230000,0.686242774566474,2025-10-25,2025-10-25
CVE-2022-50346,0.000470000,0.143230000,0.686242774566474,2025-10-25,2025-10-25
CVE-2022-50344,0.000470000,0.143230000,0.686242774566474,2025-10-25,2025-10-25
CVE-2022-50343,0.000470000,0.143230000,0.686242774566474,2025-10-25,2025-10-25
CVE-2022-50342,0.000250000,0.055780000,0.2069364161849711,2025-10-25,2025-10-25
CVE-2022-50341,0.000200000,0.038810000,0.14959537572254336,2025-10-25,2025-10-25
CVE-2022-50340,0.000260000,0.057250000,0.23653179190751444,2025-10-25,2025-10-25
CVE-2022-50339,0.000260000,0.059300000,0.23653179190751444,2025-10-25,2025-10-25
CVE-2009-20007,0.651750000,0.983850000,0.9995375722543353,2025-10-25,2025-10-25
CVE-2009-20006,0.647480000,0.983680000,0.9993063583815028,2025-10-25,2025-10-25
CVE-2009-20005,0.687730000,0.985460000,0.9997687861271676,2025-10-25,2025-10-25
CVE-2025-9971,0.002270000,0.454170000,0.9421965317919075,2025-10-25,2025-10-25
CVE-2025-9891,0.000140000,0.018740000,0.06127167630057803,2025-10-25,2025-10-25
CVE-2025-9851,0.000370000,0.104680000,0.5188439306358381,2025-10-25,2025-10-25
CVE-2025-9818,0.000170000,0.029610000,0.10150289017341041,2025-10-25,2025-10-25
CVE-2025-9708,0.000080000,0.005180000,0.027052023121387284,2025-10-25,2025-10-25
CVE-2025-9629,0.000140000,0.018630000,0.06127167630057803,2025-10-25,2025-10-25
CVE-2025-9565,0.000420000,0.123800000,0.6372254335260116,2025-10-25,2025-10-25
CVE-2025-9450,0.000180000,0.031470000,0.13202312138728323,2025-10-25,2025-10-25
CVE-2025-9449,0.000180000,0.031470000,0.13202312138728323,2025-10-25,2025-10-25
CVE-2025-9447,0.000180000,0.031470000,0.13202312138728323,2025-10-25,2025-10-25
CVE-2025-9216,0.002830000,0.513980000,0.9505202312138729,2025-10-25,2025-10-25
CVE-2025-9215,0.000540000,0.168390000,0.7553757225433526,2025-10-25,2025-10-25
CVE-2025-9203,0.000390000,0.113310000,0.5563005780346821,2025-10-25,2025-10-25
CVE-2025-8394,0.000390000,0.113310000,0.5563005780346821,2025-10-25,2025-10-25
CVE-2025-8153,0.000670000,0.211640000,0.8184971098265896,2025-10-25,2025-10-25
CVE-2025-59518,0.001910000,0.412700000,0.930635838150289,2025-10-25,2025-10-25
CVE-2025-59336,0.000620000,0.196590000,0.8048554913294798,2025-10-25,2025-10-25
CVE-2025-59334,0.000600000,0.189200000,0.7951445086705202,2025-10-25,2025-10-25
CVE-2025-59307,0.000210000,0.042260000,0.1553757225433526,2025-10-25,2025-10-25
CVE-2025-59161,0.002320000,0.459850000,0.9426589595375723,2025-10-25,2025-10-25
CVE-2025-59160,0.000700000,0.217320000,0.8330635838150289,2025-10-25,2025-10-25
CVE-2025-59050,0.001020000,0.287730000,0.8823121387283237,2025-10-25,2025-10-25
CVE-2025-58174,0.000340000,0.088720000,0.3965317919075145,2025-10-25,2025-10-25
CVE-2025-58116,0.003700000,0.581500000,0.9641618497109826,2025-10-25,2025-10-25
CVE-2025-57631,0.002630000,0.496400000,0.9484393063583815,2025-10-25,2025-10-25
CVE-2025-57625,0.000690000,0.215860000,0.829364161849711,2025-10-25,2025-10-25
CVE-2025-57624,0.000170000,0.030790000,0.10150289017341041,2025-10-25,2025-10-25
CVE-2025-56562,0.000630000,0.198610000,0.8067052023121387,2025-10-25,2025-10-25
CVE-2025-56557,0.000440000,0.132220000,0.6564161849710982,2025-10-25,2025-10-25
CVE-2025-56264,0.000540000,0.169270000,0.7553757225433526,2025-10-25,2025-10-25
CVE-2025-56263,0.000510000,0.156450000,0.7384971098265896,2025-10-25,2025-10-25
CVE-2025-55075,0.000440000,0.132570000,0.6564161849710982,2025-10-25,2025-10-25
CVE-2025-54391,0.001090000,0.299990000,0.8894797687861272,2025-10-25,2025-10-25
CVE-2025-54262,0.000290000,0.071800000,0.2945664739884393,2025-10-25,2025-10-25
CVE-2025-54237,0.000250000,0.054460000,0.2069364161849711,2025-10-25,2025-10-25
CVE-2025-49728,0.000210000,0.040550000,0.1553757225433526,2025-10-25,2025-10-25
CVE-2025-47967,0.000690000,0.216110000,0.829364161849711,2025-10-25,2025-10-25
CVE-2025-43805,0.002050000,0.428580000,0.9361849710982659,2025-10-25,2025-10-25
CVE-2025-43804,0.002180000,0.444060000,0.9403468208092486,2025-10-25,2025-10-25
CVE-2025-43801,0.002520000,0.484570000,0.9468208092485549,2025-10-25,2025-10-25
CVE-2025-37131,0.000370000,0.105320000,0.5188439306358381,2025-10-25,2025-10-25
CVE-2025-37130,0.000390000,0.114760000,0.5563005780346821,2025-10-25,2025-10-25
CVE-2025-37129,0.000250000,0.053750000,0.2069364161849711,2025-10-25,2025-10-25
CVE-2025-37128,0.000960000,0.275700000,0.8749132947976879,2025-10-25,2025-10-25
CVE-2025-37127,0.000140000,0.016800000,0.06127167630057803,2025-10-25,2025-10-25
CVE-2025-37126,0.001770000,0.396470000,0.9248554913294798,2025-10-25,2025-10-25
CVE-2025-37125,0.000450000,0.136420000,0.6695953757225434,2025-10-25,2025-10-25
CVE-2025-37124,0.000840000,0.252700000,0.8610404624277457,2025-10-25,2025-10-25
CVE-2025-37123,0.002040000,0.427650000,0.9357225433526012,2025-10-25,2025-10-25
CVE-2025-34187,0.012790000,0.788860000,0.987514450867052,2025-10-25,2025-10-25
CVE-2025-34186,0.008840000,0.746730000,0.9833526011560694,2025-10-25,2025-10-25
CVE-2025-34185,0.003360000,0.558900000,0.9586127167630057,2025-10-25,2025-10-25
CVE-2025-34184,0.011710000,0.779810000,0.9863583815028901,2025-10-25,2025-10-25
CVE-2025-34183,0.003440000,0.563720000,0.96,2025-10-25,2025-10-25
CVE-2025-10589,0.003630000,0.577050000,0.9625433526011561,2025-10-25,2025-10-25
CVE-2025-10584,0.000310000,0.078840000,0.32439306358381503,2025-10-25,2025-10-25
CVE-2025-10566,0.000310000,0.076710000,0.32439306358381503,2025-10-25,2025-10-25
CVE-2025-10565,0.000320000,0.083900000,0.3382658959537572,2025-10-25,2025-10-25
CVE-2025-10564,0.000320000,0.083900000,0.3382658959537572,2025-10-25,2025-10-25
CVE-2025-10563,0.000290000,0.072680000,0.2945664739884393,2025-10-25,2025-10-25
CVE-2025-10562,0.000290000,0.072680000,0.2945664739884393,2025-10-25,2025-10-25
CVE-2025-10492,0.002850000,0.516920000,0.9507514450867052,2025-10-25,2025-10-25
CVE-2025-10188,0.000160000,0.024050000,0.08971098265895953,2025-10-25,2025-10-25
CVE-2025-10166,0.000390000,0.113310000,0.5563005780346821,2025-10-25,2025-10-25
CVE-2025-10143,0.001080000,0.297360000,0.8878612716763006,2025-10-25,2025-10-25
CVE-2025-10125,0.000370000,0.103340000,0.5188439306358381,2025-10-25,2025-10-25
CVE-2025-10058,0.002870000,0.518680000,0.9512138728323699,2025-10-25,2025-10-25
CVE-2025-10057,0.003110000,0.538770000,0.9539884393063583,2025-10-25,2025-10-25
CVE-2025-10050,0.001820000,0.402700000,0.9283236994219654,2025-10-25,2025-10-25
CVE-2025-10042,0.001020000,0.287190000,0.8823121387283237,2025-10-25,2025-10-25
CVE-2023-53334,0.000250000,0.055780000,0.2069364161849711,2025-10-25,2025-10-25
CVE-2023-53333,0.000350000,0.093520000,0.4268208092485549,2025-10-25,2025-10-25
CVE-2023-53332,0.000240000,0.050560000,0.1722543352601156,2025-10-25,2025-10-25
CVE-2023-53331,0.000470000,0.143230000,0.686242774566474,2025-10-25,2025-10-25
CVE-2023-53330,0.000350000,0.093520000,0.4268208092485549,2025-10-25,2025-10-25
CVE-2023-53329,0.000260000,0.059300000,0.23653179190751444,2025-10-25,2025-10-25
CVE-2023-53328,0.000380000,0.107020000,0.5440462427745665,2025-10-25,2025-10-25
CVE-2023-53327,0.000240000,0.050560000,0.1722543352601156,2025-10-25,2025-10-25
CVE-2023-53326,0.000260000,0.057250000,0.23653179190751444,2025-10-25,2025-10-25
CVE-2023-53325,0.000240000,0.050560000,0.1722543352601156,2025-10-25,2025-10-25
CVE-2023-53324,0.000350000,0.093520000,0.4268208092485549,2025-10-25,2025-10-25
CVE-2023-53323,0.000240000,0.050560000,0.1722543352601156,2025-10-25,2025-10-25
CVE-2023-53322,0.000350000,0.093520000,0.4268208092485549,2025-10-25,2025-10-25
CVE-2023-53321,0.000350000,0.093520000,0.4268208092485549,2025-10-25,2025-10-25
CVE-2023-53320,0.000240000,0.050560000,0.1722543352601156,2025-10-25,2025-10-25
CVE-2023-53319,0.000260000,0.059300000,0.23653179190751444,2025-10-25,2025-10-25
CVE-2023-53318,0.000350000,0.093520000,0.4268208092485549,2025-10-25,2025-10-25
CVE-2023-53317,0.000350000,0.093520000,0.4268208092485549,2025-10-25,2025-10-25
CVE-2023-53316,0.000350000,0.093520000,0.4268208092485549,2025-10-25,2025-10-25
CVE-2023-53315,0.000260000,0.057250000,0.23653179190751444,2025-10-25,2025-10-25
CVE-2023-53314,0.000350000,0.093520000,0.4268208092485549,2025-10-25,2025-10-25
CVE-2023-53313,0.000470000,0.143230000,0.686242774566474,2025-10-25,2025-10-25
CVE-2023-53312,0.000240000,0.050560000,0.1722543352601156,2025-10-25,2025-10-25
CVE-2023-53311,0.000350000,0.093520000,0.4268208092485549,2025-10-25,2025-10-25
CVE-2023-53310,0.000240000,0.050560000,0.1722543352601156,2025-10-25,2025-10-25
CVE-2023-53309,0.000350000,0.093520000,0.4268208092485549,2025-10-25,2025-10-25
CVE-2023-53308,0.000350000,0.093520000,0.4268208092485549,2025-10-25,2025-10-25
CVE-2023-53307,0.000350000,0.093520000,0.4268208092485549,2025-10-25,2025-10-25
CVE-2023-53306,0.000260000,0.059300000,0.23653179190751444,2025-10-25,2025-10-25
CVE-2023-53305,0.000350000,0.093520000,0.4268208092485549,2025-10-25,2025-10-25
CVE-2025-9972,0.005190000,0.659190000,0.9754913294797688,2025-10-25,2025-10-25
CVE-2025-9862,0.000510000,0.158270000,0.7384971098265896,2025-10-25,2025-10-25
CVE-2025-9242,0.055000000,0.897560000,0.9939884393063584,2025-10-25,2025-10-25
CVE-2025-8999,0.000400000,0.118520000,0.610635838150289,2025-10-25,2025-10-25
CVE-2025-8463,0.000360000,0.099020000,0.48485549132947975,2025-10-25,2025-10-25
CVE-2025-8411,0.000390000,0.114620000,0.5563005780346821,2025-10-25,2025-10-25
CVE-2025-8077,0.001080000,0.297610000,0.8878612716763006,2025-10-25,2025-10-25
CVE-2025-59476,0.001040000,0.291730000,0.8836994219653179,2025-10-25,2025-10-25
CVE-2025-59475,0.000340000,0.091480000,0.3965317919075145,2025-10-25,2025-10-25
CVE-2025-59474,0.005110000,0.655550000,0.9743352601156069,2025-10-25,2025-10-25
CVE-2025-59458,0.000020000,0.000400000,0.00023121387283236994,2025-10-25,2025-10-25
CVE-2025-59457,0.000020000,0.000540000,0.00023121387283236994,2025-10-25,2025-10-25
CVE-2025-59456,0.000020000,0.000360000,0.00023121387283236994,2025-10-25,2025-10-25
CVE-2025-59455,0.000020000,0.000210000,0.00023121387283236994,2025-10-25,2025-10-25
CVE-2025-57055,0.000370000,0.104950000,0.5188439306358381,2025-10-25,2025-10-25
CVE-2025-55904,0.000240000,0.048870000,0.1722543352601156,2025-10-25,2025-10-25
CVE-2025-54467,0.000400000,0.118930000,0.610635838150289,2025-10-25,2025-10-25
CVE-2025-54390,0.000170000,0.027750000,0.10150289017341041,2025-10-25,2025-10-25
CVE-2025-53884,0.000170000,0.027530000,0.10150289017341041,2025-10-25,2025-10-25
CVE-2025-50709,0.000480000,0.146350000,0.7149132947976878,2025-10-25,2025-10-25
CVE-2025-40933,0.000440000,0.132220000,0.6564161849710982,2025-10-25,2025-10-25
CVE-2025-10602,0.000320000,0.083300000,0.3382658959537572,2025-10-25,2025-10-25
CVE-2025-10601,0.000320000,0.083900000,0.3382658959537572,2025-10-25,2025-10-25
CVE-2025-10600,0.000440000,0.131810000,0.6564161849710982,2025-10-25,2025-10-25
CVE-2025-10599,0.000380000,0.108740000,0.5440462427745665,2025-10-25,2025-10-25
CVE-2025-10598,0.000320000,0.083900000,0.3382658959537572,2025-10-25,2025-10-25
CVE-2025-10597,0.000320000,0.083900000,0.3382658959537572,2025-10-25,2025-10-25
CVE-2025-10596,0.000320000,0.083900000,0.3382658959537572,2025-10-25,2025-10-25
CVE-2025-10595,0.000320000,0.083300000,0.3382658959537572,2025-10-25,2025-10-25
CVE-2025-10594,0.000320000,0.083300000,0.3382658959537572,2025-10-25,2025-10-25
CVE-2025-10593,0.000320000,0.083300000,0.3382658959537572,2025-10-25,2025-10-25
CVE-2025-10592,0.000320000,0.083300000,0.3382658959537572,2025-10-25,2025-10-25
CVE-2025-10591,0.000310000,0.076750000,0.32439306358381503,2025-10-25,2025-10-25
CVE-2025-10590,0.000310000,0.079020000,0.32439306358381503,2025-10-25,2025-10-25
CVE-2025-10439,0.000440000,0.131230000,0.6564161849710982,2025-10-25,2025-10-25
CVE-2025-10205,0.000130000,0.014850000,0.04947976878612717,2025-10-25,2025-10-25
CVE-2025-10157,0.001450000,0.355750000,0.9095953757225433,2025-10-25,2025-10-25
CVE-2025-10156,0.001940000,0.416000000,0.9310982658959538,2025-10-25,2025-10-25
CVE-2025-10155,0.001180000,0.314610000,0.8973410404624278,2025-10-25,2025-10-25
CVE-2025-0879,0.000540000,0.170290000,0.7553757225433526,2025-10-25,2025-10-25
CVE-2025-0546,0.000500000,0.153850000,0.7278612716763005,2025-10-25,2025-10-25
CVE-2025-0420,0.000540000,0.170290000,0.7553757225433526,2025-10-25,2025-10-25
CVE-2025-0419,0.000540000,0.170290000,0.7553757225433526,2025-10-25,2025-10-25
CVE-2024-48842,0.000220000,0.044040000,0.16208092485549133,2025-10-25,2025-10-25
CVE-2023-53368,0.000350000,0.093520000,0.4268208092485549,2025-10-25,2025-10-25
CVE-2023-53367,0.000260000,0.059300000,0.23653179190751444,2025-10-25,2025-10-25
CVE-2023-53366,0.000240000,0.050560000,0.1722543352601156,2025-10-25,2025-10-25
CVE-2023-53365,0.000350000,0.093520000,0.4268208092485549,2025-10-25,2025-10-25
CVE-2023-53364,0.000260000,0.059300000,0.23653179190751444,2025-10-25,2025-10-25
CVE-2023-53363,0.000260000,0.057250000,0.23653179190751444,2025-10-25,2025-10-25
CVE-2023-53362,0.000240000,0.050560000,0.1722543352601156,2025-10-25,2025-10-25
CVE-2023-53361,0.000250000,0.055780000,0.2069364161849711,2025-10-25,2025-10-25
CVE-2023-53360,0.000250000,0.055780000,0.2069364161849711,2025-10-25,2025-10-25
CVE-2023-53359,0.000250000,0.055780000,0.2069364161849711,2025-10-25,2025-10-25
CVE-2023-53358,0.000450000,0.134530000,0.6695953757225434,2025-10-25,2025-10-25
CVE-2023-53357,0.000350000,0.093520000,0.4268208092485549,2025-10-25,2025-10-25
CVE-2023-53356,0.000260000,0.057250000,0.23653179190751444,2025-10-25,2025-10-25
CVE-2023-53355,0.000240000,0.050560000,0.1722543352601156,2025-10-25,2025-10-25
CVE-2023-53354,0.000350000,0.093520000,0.4268208092485549,2025-10-25,2025-10-25
CVE-2023-53353,0.000260000,0.059300000,0.23653179190751444,2025-10-25,2025-10-25
CVE-2023-53352,0.000260000,0.057250000,0.23653179190751444,2025-10-25,2025-10-25
CVE-2023-53351,0.000260000,0.059300000,0.23653179190751444,2025-10-25,2025-10-25
CVE-2023-53350,0.000260000,0.059300000,0.23653179190751444,2025-10-25,2025-10-25
CVE-2023-53349,0.000260000,0.057250000,0.23653179190751444,2025-10-25,2025-10-25
CVE-2023-53348,0.000240000,0.050560000,0.1722543352601156,2025-10-25,2025-10-25
CVE-2023-53347,0.000350000,0.095620000,0.4268208092485549,2025-10-25,2025-10-25
CVE-2023-53346,0.000350000,0.093520000,0.4268208092485549,2025-10-25,2025-10-25
CVE-2023-53345,0.000240000,0.050560000,0.1722543352601156,2025-10-25,2025-10-25
CVE-2023-53344,0.000350000,0.093520000,0.4268208092485549,2025-10-25,2025-10-25
CVE-2023-53343,0.000350000,0.093520000,0.4268208092485549,2025-10-25,2025-10-25
CVE-2023-53342,0.000240000,0.050560000,0.1722543352601156,2025-10-25,2025-10-25
CVE-2023-53341,0.000240000,0.050560000,0.1722543352601156,2025-10-25,2025-10-25
CVE-2023-53340,0.000240000,0.050560000,0.1722543352601156,2025-10-25,2025-10-25
CVE-2023-53339,0.000350000,0.093520000,0.4268208092485549,2025-10-25,2025-10-25
CVE-2023-53338,0.000350000,0.093520000,0.4268208092485549,2025-10-25,2025-10-25
CVE-2023-53337,0.000470000,0.143230000,0.686242774566474,2025-10-25,2025-10-25
CVE-2023-53336,0.000270000,0.063090000,0.2846242774566474,2025-10-25,2025-10-25
CVE-2023-53335,0.000250000,0.055780000,0.2069364161849711,2025-10-25,2025-10-25
CVE-2022-50374,0.000260000,0.057250000,0.23653179190751444,2025-10-25,2025-10-25
CVE-2022-50373,0.000250000,0.055780000,0.2069364161849711,2025-10-25,2025-10-25
CVE-2022-50372,0.000260000,0.059300000,0.23653179190751444,2025-10-25,2025-10-25
CVE-2022-50371,0.000240000,0.050560000,0.1722543352601156,2025-10-25,2025-10-25
CVE-2022-50370,0.000250000,0.055780000,0.2069364161849711,2025-10-25,2025-10-25
CVE-2022-50369,0.000260000,0.057250000,0.23653179190751444,2025-10-25,2025-10-25
CVE-2022-50368,0.000350000,0.093520000,0.4268208092485549,2025-10-25,2025-10-25
CVE-2022-50367,0.000470000,0.143230000,0.686242774566474,2025-10-25,2025-10-25
CVE-2022-50366,0.000470000,0.143230000,0.686242774566474,2025-10-25,2025-10-25
CVE-2022-50365,0.000470000,0.143230000,0.686242774566474,2025-10-25,2025-10-25
CVE-2022-50364,0.000260000,0.057250000,0.23653179190751444,2025-10-25,2025-10-25
CVE-2022-50363,0.000260000,0.059300000,0.23653179190751444,2025-10-25,2025-10-25
CVE-2022-50362,0.000260000,0.057250000,0.23653179190751444,2025-10-25,2025-10-25
CVE-2022-50361,0.000240000,0.050560000,0.1722543352601156,2025-10-25,2025-10-25
CVE-2022-50360,0.000260000,0.059300000,0.23653179190751444,2025-10-25,2025-10-25
CVE-2022-50359,0.000470000,0.143230000,0.686242774566474,2025-10-25,2025-10-25
CVE-2022-50358,0.000350000,0.093520000,0.4268208092485549,2025-10-25,2025-10-25
CVE-2022-50357,0.000240000,0.050560000,0.1722543352601156,2025-10-25,2025-10-25
CVE-2022-50356,0.000250000,0.055780000,0.2069364161849711,2025-10-25,2025-10-25
CVE-2022-50355,0.000350000,0.093520000,0.4268208092485549,2025-10-25,2025-10-25
CVE-2022-50354,0.000240000,0.050560000,0.1722543352601156,2025-10-25,2025-10-25
CVE-2022-50353,0.000350000,0.093520000,0.4268208092485549,2025-10-25,2025-10-25
CVE-2025-8942,0.000430000,0.127340000,0.6448554913294797,2025-10-25,2025-10-25
CVE-2025-8006,0.000380000,0.107890000,0.5440462427745665,2025-10-25,2025-10-25
CVE-2025-8005,0.000380000,0.107890000,0.5440462427745665,2025-10-25,2025-10-25
CVE-2025-8004,0.000380000,0.107890000,0.5440462427745665,2025-10-25,2025-10-25
CVE-2025-8003,0.000380000,0.107890000,0.5440462427745665,2025-10-25,2025-10-25
CVE-2025-8002,0.000380000,0.107890000,0.5440462427745665,2025-10-25,2025-10-25
CVE-2025-8001,0.000380000,0.107890000,0.5440462427745665,2025-10-25,2025-10-25
CVE-2025-8000,0.000380000,0.107890000,0.5440462427745665,2025-10-25,2025-10-25
CVE-2025-7999,0.000380000,0.107890000,0.5440462427745665,2025-10-25,2025-10-25
CVE-2025-7998,0.000480000,0.145710000,0.7149132947976878,2025-10-25,2025-10-25
CVE-2025-7997,0.000380000,0.107890000,0.5440462427745665,2025-10-25,2025-10-25
CVE-2025-7996,0.000480000,0.145710000,0.7149132947976878,2025-10-25,2025-10-25
CVE-2025-7995,0.000380000,0.107890000,0.5440462427745665,2025-10-25,2025-10-25
CVE-2025-7994,0.000380000,0.107890000,0.5440462427745665,2025-10-25,2025-10-25
CVE-2025-7993,0.000380000,0.107890000,0.5440462427745665,2025-10-25,2025-10-25
CVE-2025-7992,0.000550000,0.171570000,0.7657803468208092,2025-10-25,2025-10-25
CVE-2025-7991,0.000550000,0.171570000,0.7657803468208092,2025-10-25,2025-10-25
CVE-2025-7990,0.000690000,0.215320000,0.829364161849711,2025-10-25,2025-10-25
CVE-2025-7989,0.000550000,0.171570000,0.7657803468208092,2025-10-25,2025-10-25
CVE-2025-7988,0.000690000,0.215320000,0.829364161849711,2025-10-25,2025-10-25
CVE-2025-7987,0.000690000,0.215320000,0.829364161849711,2025-10-25,2025-10-25
CVE-2025-7986,0.000690000,0.215320000,0.829364161849711,2025-10-25,2025-10-25
CVE-2025-7985,0.000550000,0.171570000,0.7657803468208092,2025-10-25,2025-10-25
CVE-2025-7984,0.000550000,0.171570000,0.7657803468208092,2025-10-25,2025-10-25
CVE-2025-7983,0.000500000,0.153960000,0.7278612716763005,2025-10-25,2025-10-25
CVE-2025-7982,0.000550000,0.171570000,0.7657803468208092,2025-10-25,2025-10-25
CVE-2025-7981,0.000550000,0.171570000,0.7657803468208092,2025-10-25,2025-10-25
CVE-2025-7980,0.000690000,0.215320000,0.829364161849711,2025-10-25,2025-10-25
CVE-2025-7979,0.000500000,0.153960000,0.7278612716763005,2025-10-25,2025-10-25
CVE-2025-7978,0.000550000,0.171570000,0.7657803468208092,2025-10-25,2025-10-25
CVE-2025-7977,0.000550000,0.171570000,0.7657803468208092,2025-10-25,2025-10-25
CVE-2025-59416,0.000500000,0.152340000,0.7278612716763005,2025-10-25,2025-10-25
CVE-2025-59415,0.000400000,0.116820000,0.610635838150289,2025-10-25,2025-10-25
CVE-2025-59414,0.000330000,0.085190000,0.3796531791907514,2025-10-25,2025-10-25
CVE-2025-59410,0.000170000,0.030570000,0.10150289017341041,2025-10-25,2025-10-25
CVE-2025-59354,0.000170000,0.030570000,0.10150289017341041,2025-10-25,2025-10-25
CVE-2025-59353,0.000350000,0.095590000,0.4268208092485549,2025-10-25,2025-10-25
CVE-2025-59352,0.006130000,0.689770000,0.978728323699422,2025-10-25,2025-10-25
CVE-2025-59351,0.000480000,0.146110000,0.7149132947976878,2025-10-25,2025-10-25
CVE-2025-59350,0.000640000,0.201800000,0.8110982658959538,2025-10-25,2025-10-25
CVE-2025-59349,0.000160000,0.024030000,0.08971098265895953,2025-10-25,2025-10-25
CVE-2025-59348,0.000570000,0.179470000,0.778728323699422,2025-10-25,2025-10-25
CVE-2025-59347,0.000420000,0.124470000,0.6372254335260116,2025-10-25,2025-10-25
CVE-2025-59346,0.000400000,0.118930000,0.610635838150289,2025-10-25,2025-10-25
CVE-2025-59345,0.000840000,0.254620000,0.8610404624277457,2025-10-25,2025-10-25
CVE-2025-59342,0.000240000,0.052280000,0.1722543352601156,2025-10-25,2025-10-25
CVE-2025-59341,0.000900000,0.264260000,0.8691329479768786,2025-10-25,2025-10-25
CVE-2025-59340,0.004260000,0.615000000,0.9694797687861272,2025-10-25,2025-10-25
CVE-2025-59339,0.000100000,0.007680000,0.0376878612716763,2025-10-25,2025-10-25
CVE-2025-59304,0.039410000,0.878090000,0.9930635838150289,2025-10-25,2025-10-25
CVE-2025-58767,0.000190000,0.037110000,0.14358381502890175,2025-10-25,2025-10-25
CVE-2025-58766,0.000480000,0.146530000,0.7149132947976878,2025-10-25,2025-10-25
CVE-2025-58432,0.000160000,0.025420000,0.08971098265895953,2025-10-25,2025-10-25
CVE-2025-58431,0.000170000,0.028190000,0.10150289017341041,2025-10-25,2025-10-25
CVE-2025-56648,0.000160000,0.023350000,0.08971098265895953,2025-10-25,2025-10-25
CVE-2025-5305,0.000260000,0.056850000,0.23653179190751444,2025-10-25,2025-10-25
CVE-2025-37122,0.000470000,0.143310000,0.686242774566474,2025-10-25,2025-10-25
CVE-2025-35436,0.000910000,0.266170000,0.8707514450867052,2025-10-25,2025-10-25
CVE-2025-35435,0.001220000,0.320660000,0.8984971098265896,2025-10-25,2025-10-25
CVE-2025-35434,0.000410000,0.122050000,0.6263583815028901,2025-10-25,2025-10-25
CVE-2025-35433,0.000540000,0.170370000,0.7553757225433526,2025-10-25,2025-10-25
CVE-2025-35432,0.001450000,0.355980000,0.9095953757225433,2025-10-25,2025-10-25
CVE-2025-35431,0.000550000,0.174190000,0.7657803468208092,2025-10-25,2025-10-25
CVE-2025-35430,0.000470000,0.143760000,0.686242774566474,2025-10-25,2025-10-25
CVE-2025-23337,0.000150000,0.022510000,0.07514450867052024,2025-10-25,2025-10-25
CVE-2025-23336,0.001010000,0.286330000,0.8804624277456647,2025-10-25,2025-10-25
CVE-2025-23329,0.000620000,0.194470000,0.8048554913294798,2025-10-25,2025-10-25
CVE-2025-23328,0.000600000,0.189680000,0.7951445086705202,2025-10-25,2025-10-25
CVE-2025-23316,0.003400000,0.561100000,0.9593063583815029,2025-10-25,2025-10-25
CVE-2025-23268,0.002400000,0.470310000,0.9445086705202312,2025-10-25,2025-10-25
CVE-2025-10644,0.011010000,0.773280000,0.9858959537572254,2025-10-25,2025-10-25
CVE-2025-10643,0.002430000,0.474750000,0.945664739884393,2025-10-25,2025-10-25
CVE-2025-10642,0.000340000,0.088310000,0.3965317919075145,2025-10-25,2025-10-25
CVE-2025-10634,0.001000000,0.285230000,0.8802312138728323,2025-10-25,2025-10-25
CVE-2025-10632,0.000320000,0.080650000,0.3382658959537572,2025-10-25,2025-10-25
CVE-2025-10631,0.000320000,0.080650000,0.3382658959537572,2025-10-25,2025-10-25
CVE-2025-10629,0.001150000,0.309510000,0.8941040462427746,2025-10-25,2025-10-25
CVE-2025-10628,0.001700000,0.387810000,0.9220809248554913,2025-10-25,2025-10-25
CVE-2025-10627,0.000320000,0.083300000,0.3382658959537572,2025-10-25,2025-10-25
CVE-2025-10626,0.000320000,0.083300000,0.3382658959537572,2025-10-25,2025-10-25
CVE-2025-10625,0.000320000,0.083300000,0.3382658959537572,2025-10-25,2025-10-25
CVE-2025-10624,0.000320000,0.083900000,0.3382658959537572,2025-10-25,2025-10-25
CVE-2025-10623,0.000320000,0.083900000,0.3382658959537572,2025-10-25,2025-10-25
CVE-2025-10621,0.000320000,0.083900000,0.3382658959537572,2025-10-25,2025-10-25
CVE-2025-10620,0.000320000,0.083300000,0.3382658959537572,2025-10-25,2025-10-25
CVE-2025-10619,0.015210000,0.806150000,0.9889017341040462,2025-10-25,2025-10-25
CVE-2025-10618,0.000320000,0.083300000,0.3382658959537572,2025-10-25,2025-10-25
CVE-2025-10617,0.000470000,0.140980000,0.686242774566474,2025-10-25,2025-10-25
CVE-2025-10616,0.000490000,0.149600000,0.7211560693641619,2025-10-25,2025-10-25
CVE-2025-10615,0.000490000,0.149600000,0.7211560693641619,2025-10-25,2025-10-25
CVE-2025-10614,0.000310000,0.076710000,0.32439306358381503,2025-10-25,2025-10-25
CVE-2025-10613,0.000320000,0.083300000,0.3382658959537572,2025-10-25,2025-10-25
CVE-2025-10608,0.000420000,0.122850000,0.6372254335260116,2025-10-25,2025-10-25
CVE-2025-10607,0.000330000,0.087380000,0.3796531791907514,2025-10-25,2025-10-25
CVE-2025-10606,0.000310000,0.076710000,0.32439306358381503,2025-10-25,2025-10-25
CVE-2025-10605,0.000310000,0.076710000,0.32439306358381503,2025-10-25,2025-10-25
CVE-2025-10604,0.000310000,0.078950000,0.32439306358381503,2025-10-25,2025-10-25
CVE-2025-10603,0.000310000,0.078950000,0.32439306358381503,2025-10-25,2025-10-25
CVE-2023-49565,0.003260000,0.550770000,0.9569942196531792,2025-10-25,2025-10-25
CVE-2023-49564,0.003490000,0.567750000,0.9606936416184971,2025-10-25,2025-10-25
CVE-2025-9992,0.000370000,0.104680000,0.5188439306358381,2025-10-25,2025-10-25
CVE-2025-9083,0.001150000,0.309080000,0.8941040462427746,2025-10-25,2025-10-25
CVE-2025-8565,0.000560000,0.176290000,0.7738728323699422,2025-10-25,2025-10-25
CVE-2025-6237,0.001010000,0.286230000,0.8804624277456647,2025-10-25,2025-10-25
CVE-2025-4444,0.000670000,0.209690000,0.8184971098265896,2025-10-25,2025-10-25
CVE-2025-40678,0.000540000,0.168300000,0.7553757225433526,2025-10-25,2025-10-25
CVE-2025-40677,0.000390000,0.110710000,0.5563005780346821,2025-10-25,2025-10-25
CVE-2025-30187,0.000080000,0.005300000,0.027052023121387284,2025-10-25,2025-10-25
CVE-2025-10673,0.000320000,0.083900000,0.3382658959537572,2025-10-25,2025-10-25
CVE-2025-10672,0.000250000,0.054560000,0.2069364161849711,2025-10-25,2025-10-25
CVE-2025-10671,0.000410000,0.122460000,0.6263583815028901,2025-10-25,2025-10-25
CVE-2025-10670,0.000320000,0.083900000,0.3382658959537572,2025-10-25,2025-10-25
CVE-2025-10669,0.000430000,0.130070000,0.6448554913294797,2025-10-25,2025-10-25
CVE-2025-10668,0.000320000,0.083900000,0.3382658959537572,2025-10-25,2025-10-25
CVE-2025-10667,0.000320000,0.083900000,0.3382658959537572,2025-10-25,2025-10-25
CVE-2025-10666,0.001060000,0.293720000,0.8855491329479769,2025-10-25,2025-10-25
CVE-2025-10665,0.000320000,0.083300000,0.3382658959537572,2025-10-25,2025-10-25
CVE-2025-10664,0.000320000,0.083900000,0.3382658959537572,2025-10-25,2025-10-25
CVE-2025-10663,0.000310000,0.078950000,0.32439306358381503,2025-10-25,2025-10-25
CVE-2025-10662,0.000300000,0.074180000,0.30890173410404625,2025-10-25,2025-10-25
CVE-2025-10493,0.000590000,0.187650000,0.7900578034682081,2025-10-25,2025-10-25
CVE-2025-10207,0.000740000,0.230850000,0.8430057803468208,2025-10-25,2025-10-25
CVE-2025-0547,0.000540000,0.170290000,0.7553757225433526,2025-10-25,2025-10-25
CVE-2024-48851,0.002610000,0.493490000,0.9477456647398844,2025-10-25,2025-10-25
CVE-2024-25011,0.000460000,0.138950000,0.6763005780346821,2025-10-25,2025-10-25
CVE-2024-13151,0.000410000,0.122640000,0.6263583815028901,2025-10-25,2025-10-25
CVE-2023-53418,0.000250000,0.055780000,0.2069364161849711,2025-10-25,2025-10-25
CVE-2023-53417,0.000250000,0.055780000,0.2069364161849711,2025-10-25,2025-10-25
CVE-2023-53416,0.000250000,0.055780000,0.2069364161849711,2025-10-25,2025-10-25
CVE-2023-53415,0.000250000,0.055780000,0.2069364161849711,2025-10-25,2025-10-25
CVE-2023-53414,0.000250000,0.055780000,0.2069364161849711,2025-10-25,2025-10-25
CVE-2023-53413,0.000250000,0.055780000,0.2069364161849711,2025-10-25,2025-10-25
CVE-2023-53412,0.000250000,0.055780000,0.2069364161849711,2025-10-25,2025-10-25
CVE-2023-53411,0.000260000,0.057250000,0.23653179190751444,2025-10-25,2025-10-25
CVE-2023-53410,0.000240000,0.050560000,0.1722543352601156,2025-10-25,2025-10-25
CVE-2023-53409,0.000250000,0.055780000,0.2069364161849711,2025-10-25,2025-10-25
CVE-2023-53408,0.000250000,0.055780000,0.2069364161849711,2025-10-25,2025-10-25
CVE-2023-53407,0.000250000,0.055780000,0.2069364161849711,2025-10-25,2025-10-25
CVE-2023-53406,0.000250000,0.055780000,0.2069364161849711,2025-10-25,2025-10-25
CVE-2023-53405,0.000250000,0.055780000,0.2069364161849711,2025-10-25,2025-10-25
CVE-2023-53404,0.000250000,0.055780000,0.2069364161849711,2025-10-25,2025-10-25
CVE-2023-53403,0.000250000,0.055780000,0.2069364161849711,2025-10-25,2025-10-25
CVE-2023-53402,0.000250000,0.055780000,0.2069364161849711,2025-10-25,2025-10-25
CVE-2023-53401,0.000240000,0.050560000,0.1722543352601156,2025-10-25,2025-10-25
CVE-2023-53400,0.000350000,0.093520000,0.4268208092485549,2025-10-25,2025-10-25
CVE-2023-53399,0.000260000,0.057250000,0.23653179190751444,2025-10-25,2025-10-25
CVE-2023-53398,0.000240000,0.050560000,0.1722543352601156,2025-10-25,2025-10-25
CVE-2023-53397,0.000350000,0.093520000,0.4268208092485549,2025-10-25,2025-10-25
CVE-2023-53396,0.000260000,0.057250000,0.23653179190751444,2025-10-25,2025-10-25
CVE-2023-53395,0.000350000,0.093520000,0.4268208092485549,2025-10-25,2025-10-25
CVE-2023-53394,0.000260000,0.059300000,0.23653179190751444,2025-10-25,2025-10-25
CVE-2023-53393,0.000250000,0.055780000,0.2069364161849711,2025-10-25,2025-10-25
CVE-2023-53392,0.000240000,0.050560000,0.1722543352601156,2025-10-25,2025-10-25
CVE-2023-53391,0.000260000,0.057250000,0.23653179190751444,2025-10-25,2025-10-25
CVE-2023-53390,0.000250000,0.055780000,0.2069364161849711,2025-10-25,2025-10-25
CVE-2023-53389,0.000250000,0.055780000,0.2069364161849711,2025-10-25,2025-10-25
CVE-2023-53388,0.000350000,0.093520000,0.4268208092485549,2025-10-25,2025-10-25
CVE-2023-53387,0.000240000,0.050560000,0.1722543352601156,2025-10-25,2025-10-25
CVE-2023-53386,0.000350000,0.093520000,0.4268208092485549,2025-10-25,2025-10-25
CVE-2023-53385,0.000240000,0.050560000,0.1722543352601156,2025-10-25,2025-10-25
CVE-2023-53384,0.000470000,0.143230000,0.686242774566474,2025-10-25,2025-10-25
CVE-2023-53383,0.000240000,0.050560000,0.1722543352601156,2025-10-25,2025-10-25
CVE-2023-53382,0.000240000,0.050560000,0.1722543352601156,2025-10-25,2025-10-25
CVE-2023-53381,0.000260000,0.057250000,0.23653179190751444,2025-10-25,2025-10-25
CVE-2023-53380,0.000350000,0.093520000,0.4268208092485549,2025-10-25,2025-10-25
CVE-2023-53379,0.000350000,0.093520000,0.4268208092485549,2025-10-25,2025-10-25
CVE-2023-53378,0.000240000,0.050560000,0.1722543352601156,2025-10-25,2025-10-25
CVE-2023-53377,0.000250000,0.055780000,0.2069364161849711,2025-10-25,2025-10-25
CVE-2023-53376,0.000240000,0.050560000,0.1722543352601156,2025-10-25,2025-10-25
CVE-2023-53375,0.000350000,0.093520000,0.4268208092485549,2025-10-25,2025-10-25
CVE-2023-53374,0.000240000,0.050560000,0.1722543352601156,2025-10-25,2025-10-25
CVE-2023-53373,0.000350000,0.093520000,0.4268208092485549,2025-10-25,2025-10-25
CVE-2023-53372,0.000350000,0.093520000,0.4268208092485549,2025-10-25,2025-10-25
CVE-2023-53371,0.000240000,0.050560000,0.1722543352601156,2025-10-25,2025-10-25
CVE-2023-53370,0.000240000,0.050560000,0.1722543352601156,2025-10-25,2025-10-25
CVE-2023-53369,0.000430000,0.129110000,0.6448554913294797,2025-10-25,2025-10-25
CVE-2022-50400,0.000260000,0.057250000,0.23653179190751444,2025-10-25,2025-10-25
CVE-2022-50399,0.000250000,0.055780000,0.2069364161849711,2025-10-25,2025-10-25
CVE-2022-50398,0.000260000,0.059300000,0.23653179190751444,2025-10-25,2025-10-25
CVE-2022-50396,0.000450000,0.135000000,0.6695953757225434,2025-10-25,2025-10-25
CVE-2022-50395,0.000350000,0.093520000,0.4268208092485549,2025-10-25,2025-10-25
CVE-2022-50394,0.000470000,0.143230000,0.686242774566474,2025-10-25,2025-10-25
CVE-2022-50393,0.000240000,0.050560000,0.1722543352601156,2025-10-25,2025-10-25
CVE-2022-50392,0.000250000,0.055780000,0.2069364161849711,2025-10-25,2025-10-25
CVE-2022-50391,0.000240000,0.050560000,0.1722543352601156,2025-10-25,2025-10-25
CVE-2022-50390,0.000240000,0.050560000,0.1722543352601156,2025-10-25,2025-10-25
CVE-2022-50389,0.000350000,0.093520000,0.4268208092485549,2025-10-25,2025-10-25
CVE-2022-50388,0.000260000,0.057250000,0.23653179190751444,2025-10-25,2025-10-25
CVE-2022-50387,0.000250000,0.055780000,0.2069364161849711,2025-10-25,2025-10-25
CVE-2022-50386,0.000470000,0.143230000,0.686242774566474,2025-10-25,2025-10-25
CVE-2022-50385,0.000260000,0.057250000,0.23653179190751444,2025-10-25,2025-10-25
CVE-2022-50384,0.000470000,0.143230000,0.686242774566474,2025-10-25,2025-10-25
CVE-2022-50383,0.000240000,0.050560000,0.1722543352601156,2025-10-25,2025-10-25
CVE-2022-50382,0.000260000,0.057250000,0.23653179190751444,2025-10-25,2025-10-25
CVE-2022-50381,0.000470000,0.143230000,0.686242774566474,2025-10-25,2025-10-25
CVE-2022-50380,0.000350000,0.093520000,0.4268208092485549,2025-10-25,2025-10-25
CVE-2022-50379,0.000350000,0.093520000,0.4268208092485549,2025-10-25,2025-10-25
CVE-2022-50378,0.000250000,0.055780000,0.2069364161849711,2025-10-25,2025-10-25
CVE-2022-50376,0.000350000,0.093520000,0.4268208092485549,2025-10-25,2025-10-25
CVE-2022-50375,0.000350000,0.093520000,0.4268208092485549,2025-10-25,2025-10-25
CVE-2025-8487,0.000430000,0.129430000,0.6448554913294797,2025-10-25,2025-10-25
CVE-2025-7937,0.000240000,0.048860000,0.1722543352601156,2025-10-25,2025-10-25
CVE-2025-6198,0.000240000,0.048860000,0.1722543352601156,2025-10-25,2025-10-25
CVE-2025-59717,0.000420000,0.124040000,0.6372254335260116,2025-10-25,2025-10-25
CVE-2025-59715,0.000320000,0.082080000,0.3382658959537572,2025-10-25,2025-10-25
CVE-2025-59714,0.000390000,0.114220000,0.5563005780346821,2025-10-25,2025-10-25
CVE-2025-59713,0.000190000,0.036180000,0.14358381502890175,2025-10-25,2025-10-25
CVE-2025-59712,0.000110000,0.010340000,0.04138728323699422,2025-10-25,2025-10-25
CVE-2025-59692,0.000410000,0.121800000,0.6263583815028901,2025-10-25,2025-10-25
CVE-2025-59691,0.000390000,0.114320000,0.5563005780346821,2025-10-25,2025-10-25
CVE-2025-5955,0.002510000,0.484170000,0.9465895953757225,2025-10-25,2025-10-25
CVE-2025-59424,0.000390000,0.114160000,0.5563005780346821,2025-10-25,2025-10-25
CVE-2025-59421,0.000600000,0.190680000,0.7951445086705202,2025-10-25,2025-10-25
CVE-2025-59417,0.000830000,0.249940000,0.8596531791907515,2025-10-25,2025-10-25
CVE-2025-59220,0.000470000,0.142340000,0.686242774566474,2025-10-25,2025-10-25
CVE-2025-59216,0.000470000,0.142340000,0.686242774566474,2025-10-25,2025-10-25
CVE-2025-59215,0.000520000,0.161190000,0.7438150289017341,2025-10-25,2025-10-25
CVE-2025-59040,0.000260000,0.057420000,0.23653179190751444,2025-10-25,2025-10-25
CVE-2025-57452,0.000340000,0.090630000,0.3965317919075145,2025-10-25,2025-10-25
CVE-2025-57295,0.000610000,0.193670000,0.8002312138728324,2025-10-25,2025-10-25
CVE-2025-57293,0.000960000,0.274840000,0.8749132947976879,2025-10-25,2025-10-25
CVE-2025-55912,0.049460000,0.891310000,0.993757225433526,2025-10-25,2025-10-25
CVE-2025-55911,0.014430000,0.800590000,0.9886705202312138,2025-10-25,2025-10-25
CVE-2025-55068,0.001010000,0.285700000,0.8804624277456647,2025-10-25,2025-10-25
CVE-2025-54860,0.000180000,0.033490000,0.13202312138728323,2025-10-25,2025-10-25
CVE-2025-54818,0.000080000,0.005200000,0.027052023121387284,2025-10-25,2025-10-25
CVE-2025-54810,0.000190000,0.035790000,0.14358381502890175,2025-10-25,2025-10-25
CVE-2025-54807,0.001190000,0.315270000,0.8975722543352601,2025-10-25,2025-10-25
CVE-2025-54754,0.000240000,0.050830000,0.1722543352601156,2025-10-25,2025-10-25
CVE-2025-54497,0.000570000,0.180240000,0.778728323699422,2025-10-25,2025-10-25
CVE-2025-53969,0.001740000,0.393090000,0.9227745664739885,2025-10-25,2025-10-25
CVE-2025-53947,0.000160000,0.025270000,0.08971098265895953,2025-10-25,2025-10-25
CVE-2025-52873,0.000570000,0.180240000,0.778728323699422,2025-10-25,2025-10-25
CVE-2025-50255,0.000080000,0.004580000,0.027052023121387284,2025-10-25,2025-10-25
CVE-2025-47906,0.000240000,0.050010000,0.1722543352601156,2025-10-25,2025-10-25
CVE-2025-47698,0.000160000,0.024180000,0.08971098265895953,2025-10-25,2025-10-25
CVE-2025-36146,0.000330000,0.086910000,0.3796531791907514,2025-10-25,2025-10-25
CVE-2025-36143,0.000530000,0.165700000,0.7479768786127168,2025-10-25,2025-10-25
CVE-2025-36139,0.000290000,0.071860000,0.2945664739884393,2025-10-25,2025-10-25
CVE-2025-30755,0.000380000,0.108710000,0.5440462427745665,2025-10-25,2025-10-25
CVE-2025-30519,0.000590000,0.187420000,0.7900578034682081,2025-10-25,2025-10-25
CVE-2025-26503,0.000200000,0.039140000,0.14959537572254336,2025-10-25,2025-10-25
CVE-2025-10690,0.002250000,0.451590000,0.9419653179190751,2025-10-25,2025-10-25
CVE-2025-10689,0.001260000,0.326440000,0.900578034682081,2025-10-25,2025-10-25
CVE-2025-10688,0.000320000,0.083900000,0.3382658959537572,2025-10-25,2025-10-25
CVE-2025-10687,0.000320000,0.083900000,0.3382658959537572,2025-10-25,2025-10-25
CVE-2025-10676,0.000300000,0.074680000,0.30890173410404625,2025-10-25,2025-10-25
CVE-2025-10675,0.000300000,0.074680000,0.30890173410404625,2025-10-25,2025-10-25
CVE-2025-10674,0.000300000,0.074680000,0.30890173410404625,2025-10-25,2025-10-25
CVE-2025-10650,0.000500000,0.152340000,0.7278612716763005,2025-10-25,2025-10-25
CVE-2025-10146,0.001160000,0.311550000,0.8952601156069364,2025-10-25,2025-10-25
CVE-2025-10035,0.475550000,0.975490000,0.9988439306358381,2025-10-25,2025-10-25
CVE-2023-53447,0.000260000,0.059300000,0.23653179190751444,2025-10-25,2025-10-25
CVE-2023-53446,0.000470000,0.141190000,0.686242774566474,2025-10-25,2025-10-25
CVE-2023-53445,0.000260000,0.057250000,0.23653179190751444,2025-10-25,2025-10-25
CVE-2023-53444,0.000240000,0.050560000,0.1722543352601156,2025-10-25,2025-10-25
CVE-2023-53443,0.000350000,0.093520000,0.4268208092485549,2025-10-25,2025-10-25
CVE-2023-53442,0.000240000,0.050560000,0.1722543352601156,2025-10-25,2025-10-25
CVE-2023-53441,0.000250000,0.055780000,0.2069364161849711,2025-10-25,2025-10-25
CVE-2023-53440,0.000350000,0.093520000,0.4268208092485549,2025-10-25,2025-10-25
CVE-2023-53439,0.000240000,0.050560000,0.1722543352601156,2025-10-25,2025-10-25
CVE-2023-53438,0.000250000,0.055780000,0.2069364161849711,2025-10-25,2025-10-25
CVE-2023-53437,0.000350000,0.093520000,0.4268208092485549,2025-10-25,2025-10-25
CVE-2023-53436,0.000350000,0.093520000,0.4268208092485549,2025-10-25,2025-10-25
CVE-2023-53435,0.000350000,0.093520000,0.4268208092485549,2025-10-25,2025-10-25
CVE-2023-53434,0.000240000,0.050560000,0.1722543352601156,2025-10-25,2025-10-25
CVE-2023-53433,0.000350000,0.093520000,0.4268208092485549,2025-10-25,2025-10-25
CVE-2023-53432,0.000250000,0.055780000,0.2069364161849711,2025-10-25,2025-10-25
CVE-2023-53431,0.000350000,0.093520000,0.4268208092485549,2025-10-25,2025-10-25
CVE-2023-53430,0.000260000,0.059300000,0.23653179190751444,2025-10-25,2025-10-25
CVE-2023-53429,0.000260000,0.059300000,0.23653179190751444,2025-10-25,2025-10-25
CVE-2023-53428,0.000270000,0.063090000,0.2846242774566474,2025-10-25,2025-10-25
CVE-2023-53427,0.000350000,0.093520000,0.4268208092485549,2025-10-25,2025-10-25
CVE-2023-53426,0.000250000,0.055780000,0.2069364161849711,2025-10-25,2025-10-25
CVE-2023-53425,0.000350000,0.093520000,0.4268208092485549,2025-10-25,2025-10-25
CVE-2023-53424,0.000240000,0.050560000,0.1722543352601156,2025-10-25,2025-10-25
CVE-2023-53423,0.000260000,0.057250000,0.23653179190751444,2025-10-25,2025-10-25
CVE-2023-53422,0.000350000,0.093520000,0.4268208092485549,2025-10-25,2025-10-25
CVE-2023-53421,0.000240000,0.050560000,0.1722543352601156,2025-10-25,2025-10-25
CVE-2023-53420,0.000250000,0.055780000,0.2069364161849711,2025-10-25,2025-10-25
CVE-2023-53419,0.000260000,0.057250000,0.23653179190751444,2025-10-25,2025-10-25
CVE-2023-49367,0.000460000,0.139350000,0.6763005780346821,2025-10-25,2025-10-25
CVE-2022-50419,0.000470000,0.143230000,0.686242774566474,2025-10-25,2025-10-25
CVE-2022-50418,0.000240000,0.050560000,0.1722543352601156,2025-10-25,2025-10-25
CVE-2022-50417,0.000260000,0.057250000,0.23653179190751444,2025-10-25,2025-10-25
CVE-2022-50416,0.000250000,0.055780000,0.2069364161849711,2025-10-25,2025-10-25
CVE-2022-50415,0.000470000,0.143230000,0.686242774566474,2025-10-25,2025-10-25
CVE-2022-50414,0.000470000,0.143230000,0.686242774566474,2025-10-25,2025-10-25
CVE-2022-50413,0.000260000,0.059300000,0.23653179190751444,2025-10-25,2025-10-25
CVE-2022-50412,0.000260000,0.058230000,0.23653179190751444,2025-10-25,2025-10-25
CVE-2022-50411,0.000470000,0.143230000,0.686242774566474,2025-10-25,2025-10-25
CVE-2022-50410,0.000260000,0.057250000,0.23653179190751444,2025-10-25,2025-10-25
CVE-2022-50409,0.000350000,0.093520000,0.4268208092485549,2025-10-25,2025-10-25
CVE-2022-50408,0.000350000,0.093520000,0.4268208092485549,2025-10-25,2025-10-25
CVE-2022-50407,0.000240000,0.050560000,0.1722543352601156,2025-10-25,2025-10-25
CVE-2022-50406,0.000240000,0.050560000,0.1722543352601156,2025-10-25,2025-10-25
CVE-2022-50405,0.000470000,0.143230000,0.686242774566474,2025-10-25,2025-10-25
CVE-2022-50404,0.000250000,0.055780000,0.2069364161849711,2025-10-25,2025-10-25
CVE-2022-50402,0.000350000,0.093520000,0.4268208092485549,2025-10-25,2025-10-25
CVE-2022-50401,0.000470000,0.143230000,0.686242774566474,2025-10-25,2025-10-25
CVE-2025-9969,0.000380000,0.110290000,0.5440462427745665,2025-10-25,2025-10-25
CVE-2025-9906,0.000270000,0.063550000,0.2846242774566474,2025-10-25,2025-10-25
CVE-2025-9905,0.000060000,0.002540000,0.007861271676300578,2025-10-25,2025-10-25
CVE-2025-8664,0.000390000,0.114620000,0.5563005780346821,2025-10-25,2025-10-25
CVE-2025-8532,0.000140000,0.017080000,0.06127167630057803,2025-10-25,2025-10-25
CVE-2025-8531,0.002380000,0.469010000,0.9435838150289018,2025-10-25,2025-10-25
CVE-2025-7702,0.000330000,0.086790000,0.3796531791907514,2025-10-25,2025-10-25
CVE-2025-7665,0.001040000,0.291740000,0.8836994219653179,2025-10-25,2025-10-25
CVE-2025-7403,0.000190000,0.036720000,0.14358381502890175,2025-10-25,2025-10-25
CVE-2025-5948,0.001400000,0.348540000,0.9068208092485549,2025-10-25,2025-10-25
CVE-2025-59427,0.000610000,0.191520000,0.8002312138728324,2025-10-25,2025-10-25
CVE-2025-59344,0.000360000,0.097250000,0.48485549132947975,2025-10-25,2025-10-25
CVE-2025-58114,0.000490000,0.148910000,0.7211560693641619,2025-10-25,2025-10-25
CVE-2025-57880,0.000350000,0.093920000,0.4268208092485549,2025-10-25,2025-10-25
CVE-2025-57644,0.005690000,0.676420000,0.9771098265895953,2025-10-25,2025-10-25
CVE-2025-57528,0.000520000,0.162170000,0.7438150289017341,2025-10-25,2025-10-25
CVE-2025-57296,0.031330000,0.863160000,0.9923699421965317,2025-10-25,2025-10-25
CVE-2025-56869,0.001120000,0.303920000,0.8927167630057804,2025-10-25,2025-10-25
CVE-2025-55910,0.000420000,0.124420000,0.6372254335260116,2025-10-25,2025-10-25
CVE-2025-52159,0.000500000,0.154590000,0.7278612716763005,2025-10-25,2025-10-25
CVE-2025-48703,0.223920000,0.955560000,0.998150289017341,2025-10-25,2025-10-25
CVE-2025-48007,0.000380000,0.110260000,0.5440462427745665,2025-10-25,2025-10-25
CVE-2025-46703,0.000380000,0.110260000,0.5440462427745665,2025-10-25,2025-10-25
CVE-2025-43809,0.000220000,0.043710000,0.16208092485549133,2025-10-25,2025-10-25
CVE-2025-43803,0.001890000,0.410620000,0.9297109826589596,2025-10-25,2025-10-25
CVE-2025-39866,0.000350000,0.093520000,0.4268208092485549,2025-10-25,2025-10-25
CVE-2025-39865,0.000350000,0.093520000,0.4268208092485549,2025-10-25,2025-10-25
CVE-2025-39864,0.000350000,0.093520000,0.4268208092485549,2025-10-25,2025-10-25
CVE-2025-39863,0.000260000,0.056730000,0.23653179190751444,2025-10-25,2025-10-25
CVE-2025-39862,0.000260000,0.059300000,0.23653179190751444,2025-10-25,2025-10-25
CVE-2025-39861,0.000250000,0.055780000,0.2069364161849711,2025-10-25,2025-10-25
CVE-2025-39860,0.000350000,0.093520000,0.4268208092485549,2025-10-25,2025-10-25
CVE-2025-39859,0.000260000,0.059300000,0.23653179190751444,2025-10-25,2025-10-25
CVE-2025-39858,0.000260000,0.059300000,0.23653179190751444,2025-10-25,2025-10-25
CVE-2025-39857,0.000260000,0.057250000,0.23653179190751444,2025-10-25,2025-10-25
CVE-2025-39856,0.000260000,0.059300000,0.23653179190751444,2025-10-25,2025-10-25
CVE-2025-39855,0.000260000,0.059300000,0.23653179190751444,2025-10-25,2025-10-25
CVE-2025-39854,0.000240000,0.050560000,0.1722543352601156,2025-10-25,2025-10-25
CVE-2025-39853,0.000350000,0.093520000,0.4268208092485549,2025-10-25,2025-10-25
CVE-2025-39852,0.000240000,0.050560000,0.1722543352601156,2025-10-25,2025-10-25
CVE-2025-39851,0.000240000,0.050560000,0.1722543352601156,2025-10-25,2025-10-25
CVE-2025-39850,0.000240000,0.050560000,0.1722543352601156,2025-10-25,2025-10-25
CVE-2025-39849,0.000260000,0.057250000,0.23653179190751444,2025-10-25,2025-10-25
CVE-2025-39848,0.000350000,0.093520000,0.4268208092485549,2025-10-25,2025-10-25
CVE-2025-39847,0.000350000,0.093520000,0.4268208092485549,2025-10-25,2025-10-25
CVE-2025-39846,0.000350000,0.093520000,0.4268208092485549,2025-10-25,2025-10-25
CVE-2025-39845,0.000350000,0.093520000,0.4268208092485549,2025-10-25,2025-10-25
CVE-2025-39844,0.000350000,0.093520000,0.4268208092485549,2025-10-25,2025-10-25
CVE-2025-39843,0.000260000,0.057250000,0.23653179190751444,2025-10-25,2025-10-25
CVE-2025-39842,0.000260000,0.058230000,0.23653179190751444,2025-10-25,2025-10-25
CVE-2025-39841,0.000350000,0.093520000,0.4268208092485549,2025-10-25,2025-10-25
CVE-2025-39840,0.000260000,0.059300000,0.23653179190751444,2025-10-25,2025-10-25
CVE-2025-39839,0.000350000,0.093520000,0.4268208092485549,2025-10-25,2025-10-25
CVE-2025-39838,0.000260000,0.057250000,0.23653179190751444,2025-10-25,2025-10-25
CVE-2025-39837,0.000260000,0.059300000,0.23653179190751444,2025-10-25,2025-10-25
CVE-2025-36248,0.000310000,0.080020000,0.32439306358381503,2025-10-25,2025-10-25
CVE-2025-34206,0.000260000,0.056220000,0.23653179190751444,2025-10-25,2025-10-25
CVE-2025-34205,0.028560000,0.857000000,0.991907514450867,2025-10-25,2025-10-25
CVE-2025-34204,0.000570000,0.179670000,0.778728323699422,2025-10-25,2025-10-25
CVE-2025-34203,0.000620000,0.196700000,0.8048554913294798,2025-10-25,2025-10-25
CVE-2025-34202,0.005980000,0.684950000,0.9775722543352601,2025-10-25,2025-10-25
CVE-2025-34201,0.000150000,0.022840000,0.07514450867052024,2025-10-25,2025-10-25
CVE-2025-34200,0.000060000,0.002950000,0.007861271676300578,2025-10-25,2025-10-25
CVE-2025-34199,0.000260000,0.058180000,0.23653179190751444,2025-10-25,2025-10-25
CVE-2025-34198,0.000520000,0.159580000,0.7438150289017341,2025-10-25,2025-10-25
CVE-2025-34197,0.000150000,0.020540000,0.07514450867052024,2025-10-25,2025-10-25
CVE-2025-34195,0.003050000,0.533040000,0.9535260115606936,2025-10-25,2025-10-25
CVE-2025-34194,0.000250000,0.054440000,0.2069364161849711,2025-10-25,2025-10-25
CVE-2025-34193,0.000780000,0.240010000,0.8515606936416185,2025-10-25,2025-10-25
CVE-2025-34192,0.001110000,0.302830000,0.8917919075144509,2025-10-25,2025-10-25
CVE-2025-34191,0.000210000,0.040790000,0.1553757225433526,2025-10-25,2025-10-25
CVE-2025-34190,0.000530000,0.163880000,0.7479768786127168,2025-10-25,2025-10-25
CVE-2025-34189,0.000150000,0.019090000,0.07514450867052024,2025-10-25,2025-10-25
CVE-2025-34188,0.000490000,0.149140000,0.7211560693641619,2025-10-25,2025-10-25
CVE-2025-26517,0.000340000,0.090270000,0.3965317919075145,2025-10-25,2025-10-25
CVE-2025-26516,0.000720000,0.224230000,0.8353757225433526,2025-10-25,2025-10-25
CVE-2025-26515,0.000420000,0.125050000,0.6372254335260116,2025-10-25,2025-10-25
CVE-2025-26514,0.000410000,0.120260000,0.6263583815028901,2025-10-25,2025-10-25
CVE-2025-10722,0.000150000,0.021540000,0.07514450867052024,2025-10-25,2025-10-25
CVE-2025-10721,0.000150000,0.021540000,0.07514450867052024,2025-10-25,2025-10-25
CVE-2025-10719,0.000440000,0.132010000,0.6564161849710982,2025-10-25,2025-10-25
CVE-2025-10718,0.000150000,0.020460000,0.07514450867052024,2025-10-25,2025-10-25
CVE-2025-10717,0.000150000,0.021540000,0.07514450867052024,2025-10-25,2025-10-25
CVE-2025-10716,0.000150000,0.020460000,0.07514450867052024,2025-10-25,2025-10-25
CVE-2025-10715,0.000150000,0.021540000,0.07514450867052024,2025-10-25,2025-10-25
CVE-2025-10712,0.000400000,0.118040000,0.610635838150289,2025-10-25,2025-10-25
CVE-2025-10711,0.000360000,0.098410000,0.48485549132947975,2025-10-25,2025-10-25
CVE-2025-10710,0.000360000,0.098410000,0.48485549132947975,2025-10-25,2025-10-25
CVE-2025-10709,0.002380000,0.468770000,0.9435838150289018,2025-10-25,2025-10-25
CVE-2025-10708,0.002380000,0.468770000,0.9435838150289018,2025-10-25,2025-10-25
CVE-2025-10707,0.000420000,0.122850000,0.6372254335260116,2025-10-25,2025-10-25
CVE-2025-10647,0.002610000,0.493910000,0.9477456647398844,2025-10-25,2025-10-25
CVE-2025-10630,0.000740000,0.229160000,0.8430057803468208,2025-10-25,2025-10-25
CVE-2025-10568,0.000300000,0.073850000,0.30890173410404625,2025-10-25,2025-10-25
CVE-2025-10468,0.000620000,0.195730000,0.8048554913294798,2025-10-25,2025-10-25
CVE-2025-10458,0.000350000,0.095000000,0.4268208092485549,2025-10-25,2025-10-25
CVE-2025-10457,0.000310000,0.078390000,0.32439306358381503,2025-10-25,2025-10-25
CVE-2025-10456,0.000370000,0.104560000,0.5188439306358381,2025-10-25,2025-10-25
CVE-2024-13990,0.001650000,0.381990000,0.9176878612716763,2025-10-25,2025-10-25
CVE-2022-4980,0.012030000,0.782530000,0.9865895953757226,2025-10-25,2025-10-25
CVE-2025-9983,0.000310000,0.080080000,0.32439306358381503,2025-10-25,2025-10-25
CVE-2025-9949,0.000140000,0.016110000,0.06127167630057803,2025-10-25,2025-10-25
CVE-2025-9887,0.000150000,0.021700000,0.07514450867052024,2025-10-25,2025-10-25
CVE-2025-9883,0.000140000,0.016070000,0.06127167630057803,2025-10-25,2025-10-25
CVE-2025-9882,0.000140000,0.016070000,0.06127167630057803,2025-10-25,2025-10-25
CVE-2025-9541,0.000540000,0.170290000,0.7553757225433526,2025-10-25,2025-10-25
CVE-2025-9540,0.000540000,0.170290000,0.7553757225433526,2025-10-25,2025-10-25
CVE-2025-9487,0.000540000,0.170290000,0.7553757225433526,2025-10-25,2025-10-25
CVE-2025-9115,0.000590000,0.187150000,0.7900578034682081,2025-10-25,2025-10-25
CVE-2025-9081,0.000130000,0.015670000,0.04947976878612717,2025-10-25,2025-10-25
CVE-2025-9079,0.000450000,0.137310000,0.6695953757225434,2025-10-25,2025-10-25
CVE-2025-9038,0.000200000,0.038320000,0.14959537572254336,2025-10-25,2025-10-25
CVE-2025-9035,0.000390000,0.114620000,0.5563005780346821,2025-10-25,2025-10-25
CVE-2025-8079,0.000340000,0.088720000,0.3965317919075145,2025-10-25,2025-10-25
CVE-2025-6544,0.001440000,0.354290000,0.9091329479768786,2025-10-25,2025-10-25
CVE-2025-59801,0.000180000,0.031560000,0.13202312138728323,2025-10-25,2025-10-25
CVE-2025-59800,0.000150000,0.019020000,0.07514450867052024,2025-10-25,2025-10-25
CVE-2025-59799,0.000150000,0.019020000,0.07514450867052024,2025-10-25,2025-10-25
CVE-2025-59798,0.000150000,0.019020000,0.07514450867052024,2025-10-25,2025-10-25
CVE-2025-59797,0.000400000,0.118930000,0.610635838150289,2025-10-25,2025-10-25
CVE-2025-59689,0.208650000,0.953560000,0.9979190751445086,2025-10-25,2025-10-25
CVE-2025-5962,0.000200000,0.039400000,0.14959537572254336,2025-10-25,2025-10-25
CVE-2025-59431,0.000390000,0.113670000,0.5563005780346821,2025-10-25,2025-10-25
CVE-2025-57396,0.000360000,0.098350000,0.48485549132947975,2025-10-25,2025-10-25
CVE-2025-56762,0.000110000,0.008810000,0.04138728323699422,2025-10-25,2025-10-25
CVE-2025-56075,0.000350000,0.094690000,0.4268208092485549,2025-10-25,2025-10-25
CVE-2025-56074,0.001270000,0.327960000,0.9010404624277457,2025-10-25,2025-10-25
CVE-2025-54815,0.000980000,0.278720000,0.8779190751445086,2025-10-25,2025-10-25
CVE-2025-54761,0.000420000,0.124090000,0.6372254335260116,2025-10-25,2025-10-25
CVE-2025-53692,0.000360000,0.099270000,0.48485549132947975,2025-10-25,2025-10-25
CVE-2025-51006,0.000310000,0.079540000,0.32439306358381503,2025-10-25,2025-10-25
CVE-2025-46711,0.000170000,0.027470000,0.10150289017341041,2025-10-25,2025-10-25
CVE-2025-43808,0.000640000,0.200300000,0.8110982658959538,2025-10-25,2025-10-25
CVE-2025-40925,0.000420000,0.123600000,0.6372254335260116,2025-10-25,2025-10-25
CVE-2025-36202,0.000520000,0.161350000,0.7438150289017341,2025-10-25,2025-10-25
CVE-2025-36037,0.000310000,0.076980000,0.32439306358381503,2025-10-25,2025-10-25
CVE-2025-35042,0.001570000,0.371620000,0.9163005780346821,2025-10-25,2025-10-25
CVE-2025-35041,0.001330000,0.337590000,0.9042774566473989,2025-10-25,2025-10-25
CVE-2025-25177,0.000170000,0.028590000,0.10150289017341041,2025-10-25,2025-10-25
CVE-2025-10854,0.000670000,0.211160000,0.8184971098265896,2025-10-25,2025-10-25
CVE-2025-10805,0.000320000,0.083300000,0.3382658959537572,2025-10-25,2025-10-25
CVE-2025-10804,0.000320000,0.083300000,0.3382658959537572,2025-10-25,2025-10-25
CVE-2025-10803,0.000920000,0.267710000,0.87121387283237,2025-10-25,2025-10-25
CVE-2025-10802,0.000320000,0.083900000,0.3382658959537572,2025-10-25,2025-10-25
CVE-2025-10801,0.000460000,0.140170000,0.6763005780346821,2025-10-25,2025-10-25
CVE-2025-10800,0.000420000,0.125640000,0.6372254335260116,2025-10-25,2025-10-25
CVE-2025-10799,0.000400000,0.119430000,0.610635838150289,2025-10-25,2025-10-25
CVE-2025-10798,0.000320000,0.083900000,0.3382658959537572,2025-10-25,2025-10-25
CVE-2025-10797,0.000320000,0.083900000,0.3382658959537572,2025-10-25,2025-10-25
CVE-2025-10796,0.000320000,0.083900000,0.3382658959537572,2025-10-25,2025-10-25
CVE-2025-10795,0.000320000,0.083900000,0.3382658959537572,2025-10-25,2025-10-25
CVE-2025-10794,0.000310000,0.076710000,0.32439306358381503,2025-10-25,2025-10-25
CVE-2025-10793,0.000380000,0.108740000,0.5440462427745665,2025-10-25,2025-10-25
CVE-2025-10792,0.004490000,0.627870000,0.9715606936416185,2025-10-25,2025-10-25
CVE-2025-10791,0.000320000,0.083900000,0.3382658959537572,2025-10-25,2025-10-25
CVE-2025-10790,0.000320000,0.083300000,0.3382658959537572,2025-10-25,2025-10-25
CVE-2025-10789,0.000320000,0.083900000,0.3382658959537572,2025-10-25,2025-10-25
CVE-2025-10788,0.000320000,0.083900000,0.3382658959537572,2025-10-25,2025-10-25
CVE-2025-10787,0.000430000,0.130070000,0.6448554913294797,2025-10-25,2025-10-25
CVE-2025-10786,0.000400000,0.119430000,0.610635838150289,2025-10-25,2025-10-25
CVE-2025-10785,0.000420000,0.125640000,0.6372254335260116,2025-10-25,2025-10-25
CVE-2025-10784,0.000320000,0.083900000,0.3382658959537572,2025-10-25,2025-10-25
CVE-2025-10783,0.000320000,0.083900000,0.3382658959537572,2025-10-25,2025-10-25
CVE-2025-10782,0.000320000,0.083900000,0.3382658959537572,2025-10-25,2025-10-25
CVE-2025-10781,0.000320000,0.083900000,0.3382658959537572,2025-10-25,2025-10-25
CVE-2025-10780,0.000320000,0.083300000,0.3382658959537572,2025-10-25,2025-10-25
CVE-2025-10779,0.001060000,0.293720000,0.8855491329479769,2025-10-25,2025-10-25
CVE-2025-10778,0.000300000,0.074360000,0.30890173410404625,2025-10-25,2025-10-25
CVE-2025-10777,0.000490000,0.149530000,0.7211560693641619,2025-10-25,2025-10-25
CVE-2025-10776,0.000180000,0.033510000,0.13202312138728323,2025-10-25,2025-10-25
CVE-2025-10775,0.002040000,0.427600000,0.9357225433526012,2025-10-25,2025-10-25
CVE-2025-10774,0.003160000,0.541840000,0.9544508670520231,2025-10-25,2025-10-25
CVE-2025-10773,0.001080000,0.297370000,0.8878612716763006,2025-10-25,2025-10-25
CVE-2025-10772,0.000520000,0.161740000,0.7438150289017341,2025-10-25,2025-10-25
CVE-2025-10771,0.000420000,0.124350000,0.6372254335260116,2025-10-25,2025-10-25
CVE-2025-10770,0.000470000,0.143260000,0.686242774566474,2025-10-25,2025-10-25
CVE-2025-10769,0.000570000,0.178680000,0.778728323699422,2025-10-25,2025-10-25
CVE-2025-10768,0.000430000,0.129840000,0.6448554913294797,2025-10-25,2025-10-25
CVE-2025-10767,0.005490000,0.670200000,0.9766473988439306,2025-10-25,2025-10-25
CVE-2025-10766,0.000840000,0.254210000,0.8610404624277457,2025-10-25,2025-10-25
CVE-2025-10765,0.000380000,0.109340000,0.5440462427745665,2025-10-25,2025-10-25
CVE-2025-10764,0.000430000,0.127220000,0.6448554913294797,2025-10-25,2025-10-25
CVE-2025-10763,0.000430000,0.130070000,0.6448554913294797,2025-10-25,2025-10-25
CVE-2025-10762,0.000360000,0.098600000,0.48485549132947975,2025-10-25,2025-10-25
CVE-2025-10761,0.000870000,0.258780000,0.8645086705202312,2025-10-25,2025-10-25
CVE-2025-10760,0.000460000,0.140650000,0.6763005780346821,2025-10-25,2025-10-25
CVE-2025-10759,0.000430000,0.128590000,0.6448554913294797,2025-10-25,2025-10-25
CVE-2025-10758,0.000280000,0.064040000,0.2894797687861272,2025-10-25,2025-10-25
CVE-2025-10757,0.000560000,0.175640000,0.7738728323699422,2025-10-25,2025-10-25
CVE-2025-10756,0.000560000,0.175640000,0.7738728323699422,2025-10-25,2025-10-25
CVE-2025-10755,0.000430000,0.130070000,0.6448554913294797,2025-10-25,2025-10-25
CVE-2025-10741,0.000460000,0.140650000,0.6763005780346821,2025-10-25,2025-10-25
CVE-2025-10658,0.004290000,0.617390000,0.9697109826589595,2025-10-25,2025-10-25
CVE-2025-10652,0.000310000,0.079820000,0.32439306358381503,2025-10-25,2025-10-25
CVE-2025-10489,0.000340000,0.089430000,0.3965317919075145,2025-10-25,2025-10-25
CVE-2025-10305,0.000480000,0.145830000,0.7149132947976878,2025-10-25,2025-10-25
CVE-2025-10181,0.000420000,0.123800000,0.6372254335260116,2025-10-25,2025-10-25
CVE-2025-10009,0.000910000,0.267340000,0.8707514450867052,2025-10-25,2025-10-25
CVE-2025-10002,0.000340000,0.090280000,0.3965317919075145,2025-10-25,2025-10-25
CVE-2025-0875,0.000300000,0.075740000,0.30890173410404625,2025-10-25,2025-10-25
CVE-2025-59420,0.000210000,0.040430000,0.1553757225433526,2025-10-25,2025-10-25
CVE-2025-59418,0.000150000,0.022440000,0.07514450867052024,2025-10-25,2025-10-25
CVE-2025-59413,0.000480000,0.148860000,0.7149132947976878,2025-10-25,2025-10-25
CVE-2025-59412,0.000350000,0.092180000,0.4268208092485549,2025-10-25,2025-10-25
CVE-2025-59411,0.000330000,0.084900000,0.3796531791907514,2025-10-25,2025-10-25
CVE-2025-59335,0.000130000,0.015400000,0.04947976878612717,2025-10-25,2025-10-25
CVE-2025-57943,0.000330000,0.086490000,0.3796531791907514,2025-10-25,2025-10-25
CVE-2025-57942,0.000170000,0.029500000,0.10150289017341041,2025-10-25,2025-10-25
CVE-2025-57941,0.000360000,0.098250000,0.48485549132947975,2025-10-25,2025-10-25
CVE-2025-57940,0.000360000,0.098250000,0.48485549132947975,2025-10-25,2025-10-25
CVE-2025-57939,0.000400000,0.117800000,0.610635838150289,2025-10-25,2025-10-25
CVE-2025-57938,0.000390000,0.112390000,0.5563005780346821,2025-10-25,2025-10-25
CVE-2025-57937,0.000350000,0.094340000,0.4268208092485549,2025-10-25,2025-10-25
CVE-2025-57936,0.000340000,0.089430000,0.3965317919075145,2025-10-25,2025-10-25
CVE-2025-57935,0.000360000,0.098250000,0.48485549132947975,2025-10-25,2025-10-25
CVE-2025-57934,0.000170000,0.029500000,0.10150289017341041,2025-10-25,2025-10-25
CVE-2025-57933,0.000170000,0.029500000,0.10150289017341041,2025-10-25,2025-10-25
CVE-2025-57932,0.000390000,0.112390000,0.5563005780346821,2025-10-25,2025-10-25
CVE-2025-57930,0.000170000,0.029500000,0.10150289017341041,2025-10-25,2025-10-25
CVE-2025-57929,0.000360000,0.098250000,0.48485549132947975,2025-10-25,2025-10-25
CVE-2025-57928,0.000560000,0.174780000,0.7738728323699422,2025-10-25,2025-10-25
CVE-2025-57927,0.000170000,0.029500000,0.10150289017341041,2025-10-25,2025-10-25
CVE-2025-57926,0.000390000,0.112390000,0.5563005780346821,2025-10-25,2025-10-25
CVE-2025-57925,0.001470000,0.357490000,0.9107514450867052,2025-10-25,2025-10-25
CVE-2025-57924,0.000170000,0.029500000,0.10150289017341041,2025-10-25,2025-10-25
CVE-2025-57923,0.000390000,0.114320000,0.5563005780346821,2025-10-25,2025-10-25
CVE-2025-57922,0.000390000,0.114320000,0.5563005780346821,2025-10-25,2025-10-25
CVE-2025-57921,0.000400000,0.117800000,0.610635838150289,2025-10-25,2025-10-25
CVE-2025-57920,0.000360000,0.098250000,0.48485549132947975,2025-10-25,2025-10-25
CVE-2025-57919,0.000630000,0.197720000,0.8067052023121387,2025-10-25,2025-10-25
CVE-2025-57918,0.000170000,0.028350000,0.10150289017341041,2025-10-25,2025-10-25
CVE-2025-57917,0.000340000,0.089430000,0.3965317919075145,2025-10-25,2025-10-25
CVE-2025-57916,0.000350000,0.094340000,0.4268208092485549,2025-10-25,2025-10-25
CVE-2025-57915,0.000170000,0.029500000,0.10150289017341041,2025-10-25,2025-10-25
CVE-2025-57914,0.000170000,0.029500000,0.10150289017341041,2025-10-25,2025-10-25
CVE-2025-57913,0.000390000,0.112390000,0.5563005780346821,2025-10-25,2025-10-25
CVE-2025-57912,0.000360000,0.098250000,0.48485549132947975,2025-10-25,2025-10-25
CVE-2025-57911,0.000390000,0.112390000,0.5563005780346821,2025-10-25,2025-10-25
CVE-2025-57910,0.000390000,0.112390000,0.5563005780346821,2025-10-25,2025-10-25
CVE-2025-57909,0.000360000,0.099020000,0.48485549132947975,2025-10-25,2025-10-25
CVE-2025-57908,0.000360000,0.098250000,0.48485549132947975,2025-10-25,2025-10-25
CVE-2025-57907,0.000400000,0.117800000,0.610635838150289,2025-10-25,2025-10-25
CVE-2025-57906,0.000360000,0.098250000,0.48485549132947975,2025-10-25,2025-10-25
CVE-2025-57905,0.000170000,0.029500000,0.10150289017341041,2025-10-25,2025-10-25
CVE-2025-57904,0.000360000,0.098250000,0.48485549132947975,2025-10-25,2025-10-25
CVE-2025-57903,0.000360000,0.098250000,0.48485549132947975,2025-10-25,2025-10-25
CVE-2025-57902,0.000170000,0.029500000,0.10150289017341041,2025-10-25,2025-10-25
CVE-2025-57901,0.000390000,0.112390000,0.5563005780346821,2025-10-25,2025-10-25
CVE-2025-57900,0.000390000,0.112390000,0.5563005780346821,2025-10-25,2025-10-25
CVE-2025-57899,0.000570000,0.179290000,0.778728323699422,2025-10-25,2025-10-25
CVE-2025-57898,0.000390000,0.112390000,0.5563005780346821,2025-10-25,2025-10-25
CVE-2025-57685,0.002290000,0.456840000,0.9424277456647399,2025-10-25,2025-10-25
CVE-2025-57682,0.003280000,0.551570000,0.957456647398844,2025-10-25,2025-10-25
CVE-2025-57605,0.000500000,0.154590000,0.7278612716763005,2025-10-25,2025-10-25
CVE-2025-57602,0.003150000,0.541280000,0.9542196531791908,2025-10-25,2025-10-25
CVE-2025-57601,0.000690000,0.215780000,0.829364161849711,2025-10-25,2025-10-25
CVE-2025-57441,0.000580000,0.182170000,0.7847398843930636,2025-10-25,2025-10-25
CVE-2025-57440,0.000150000,0.021220000,0.07514450867052024,2025-10-25,2025-10-25
CVE-2025-57439,0.001330000,0.337380000,0.9042774566473989,2025-10-25,2025-10-25
CVE-2025-57438,0.000410000,0.120350000,0.6263583815028901,2025-10-25,2025-10-25
CVE-2025-57437,0.000580000,0.182170000,0.7847398843930636,2025-10-25,2025-10-25
CVE-2025-57434,0.000930000,0.270760000,0.8726011560693642,2025-10-25,2025-10-25
CVE-2025-57433,0.000390000,0.114760000,0.5563005780346821,2025-10-25,2025-10-25
CVE-2025-57432,0.003970000,0.597650000,0.9669364161849711,2025-10-25,2025-10-25
CVE-2025-57431,0.000690000,0.214990000,0.829364161849711,2025-10-25,2025-10-25
CVE-2025-57430,0.000420000,0.123560000,0.6372254335260116,2025-10-25,2025-10-25
CVE-2025-55888,0.000880000,0.260700000,0.8665895953757226,2025-10-25,2025-10-25
CVE-2025-55887,0.000340000,0.090240000,0.3965317919075145,2025-10-25,2025-10-25
CVE-2025-55886,0.000260000,0.059300000,0.23653179190751444,2025-10-25,2025-10-25
CVE-2025-55885,0.001070000,0.296250000,0.8869364161849711,2025-10-25,2025-10-25
CVE-2025-53570,0.000390000,0.112390000,0.5563005780346821,2025-10-25,2025-10-25
CVE-2025-53469,0.000360000,0.098250000,0.48485549132947975,2025-10-25,2025-10-25
CVE-2025-53468,0.000380000,0.108490000,0.5440462427745665,2025-10-25,2025-10-25
CVE-2025-53467,0.000360000,0.098250000,0.48485549132947975,2025-10-25,2025-10-25
CVE-2025-53466,0.000360000,0.098250000,0.48485549132947975,2025-10-25,2025-10-25
CVE-2025-53465,0.000630000,0.197720000,0.8067052023121387,2025-10-25,2025-10-25
CVE-2025-53464,0.000360000,0.098250000,0.48485549132947975,2025-10-25,2025-10-25
CVE-2025-53463,0.000390000,0.112390000,0.5563005780346821,2025-10-25,2025-10-25
CVE-2025-53462,0.000360000,0.098250000,0.48485549132947975,2025-10-25,2025-10-25
CVE-2025-53461,0.000330000,0.086490000,0.3796531791907514,2025-10-25,2025-10-25
CVE-2025-53460,0.000360000,0.098250000,0.48485549132947975,2025-10-25,2025-10-25
CVE-2025-53458,0.000360000,0.098250000,0.48485549132947975,2025-10-25,2025-10-25
CVE-2025-53457,0.000330000,0.086490000,0.3796531791907514,2025-10-25,2025-10-25
CVE-2025-53456,0.000170000,0.029500000,0.10150289017341041,2025-10-25,2025-10-25
CVE-2025-53455,0.000360000,0.098250000,0.48485549132947975,2025-10-25,2025-10-25
CVE-2025-53454,0.000390000,0.112390000,0.5563005780346821,2025-10-25,2025-10-25
CVE-2025-53452,0.000340000,0.089430000,0.3965317919075145,2025-10-25,2025-10-25
CVE-2025-53451,0.000180000,0.031310000,0.13202312138728323,2025-10-25,2025-10-25
CVE-2025-53450,0.001470000,0.357490000,0.9107514450867052,2025-10-25,2025-10-25
CVE-2025-52367,0.746500000,0.987920000,1.0,2025-10-25,2025-10-25
CVE-2025-43953,0.000610000,0.192130000,0.8002312138728324,2025-10-25,2025-10-25
CVE-2025-43807,0.001940000,0.416430000,0.9310982658959538,2025-10-25,2025-10-25
CVE-2025-36064,0.000550000,0.174560000,0.7657803468208092,2025-10-25,2025-10-25
CVE-2025-10811,0.000320000,0.083900000,0.3382658959537572,2025-10-25,2025-10-25
CVE-2025-10810,0.000320000,0.083900000,0.3382658959537572,2025-10-25,2025-10-25
CVE-2025-10809,0.000460000,0.140170000,0.6763005780346821,2025-10-25,2025-10-25
CVE-2025-10808,0.000320000,0.083900000,0.3382658959537572,2025-10-25,2025-10-25
CVE-2025-10807,0.000320000,0.083300000,0.3382658959537572,2025-10-25,2025-10-25
CVE-2025-10806,0.000320000,0.083300000,0.3382658959537572,2025-10-25,2025-10-25
CVE-2025-58228,0.000390000,0.112390000,0.5563005780346821,2025-10-25,2025-10-25
CVE-2025-58227,0.000390000,0.112390000,0.5563005780346821,2025-10-25,2025-10-25
CVE-2025-58226,0.000390000,0.114320000,0.5563005780346821,2025-10-25,2025-10-25
CVE-2025-58224,0.000180000,0.031310000,0.13202312138728323,2025-10-25,2025-10-25
CVE-2025-58223,0.000360000,0.098250000,0.48485549132947975,2025-10-25,2025-10-25
CVE-2025-58222,0.000400000,0.117800000,0.610635838150289,2025-10-25,2025-10-25
CVE-2025-58221,0.000340000,0.089430000,0.3965317919075145,2025-10-25,2025-10-25
CVE-2025-58220,0.000390000,0.112390000,0.5563005780346821,2025-10-25,2025-10-25
CVE-2025-58219,0.000170000,0.029500000,0.10150289017341041,2025-10-25,2025-10-25
CVE-2025-58200,0.000170000,0.029500000,0.10150289017341041,2025-10-25,2025-10-25
CVE-2025-58199,0.000170000,0.029500000,0.10150289017341041,2025-10-25,2025-10-25
CVE-2025-58033,0.000360000,0.098250000,0.48485549132947975,2025-10-25,2025-10-25
CVE-2025-58032,0.000170000,0.029500000,0.10150289017341041,2025-10-25,2025-10-25
CVE-2025-58031,0.000390000,0.112390000,0.5563005780346821,2025-10-25,2025-10-25
CVE-2025-58030,0.000390000,0.112390000,0.5563005780346821,2025-10-25,2025-10-25
CVE-2025-58029,0.000400000,0.117800000,0.610635838150289,2025-10-25,2025-10-25
CVE-2025-58028,0.000390000,0.112390000,0.5563005780346821,2025-10-25,2025-10-25
CVE-2025-58027,0.000390000,0.112390000,0.5563005780346821,2025-10-25,2025-10-25
CVE-2025-58026,0.000390000,0.112390000,0.5563005780346821,2025-10-25,2025-10-25
CVE-2025-58025,0.000390000,0.112390000,0.5563005780346821,2025-10-25,2025-10-25
CVE-2025-58023,0.000390000,0.112390000,0.5563005780346821,2025-10-25,2025-10-25
CVE-2025-58022,0.000390000,0.112390000,0.5563005780346821,2025-10-25,2025-10-25
CVE-2025-58021,0.000390000,0.112390000,0.5563005780346821,2025-10-25,2025-10-25
CVE-2025-58020,0.000390000,0.112390000,0.5563005780346821,2025-10-25,2025-10-25
CVE-2025-58019,0.000390000,0.112390000,0.5563005780346821,2025-10-25,2025-10-25
CVE-2025-58018,0.000390000,0.112390000,0.5563005780346821,2025-10-25,2025-10-25
CVE-2025-58017,0.000390000,0.112390000,0.5563005780346821,2025-10-25,2025-10-25
CVE-2025-58016,0.000340000,0.089430000,0.3965317919075145,2025-10-25,2025-10-25
CVE-2025-58015,0.000390000,0.114320000,0.5563005780346821,2025-10-25,2025-10-25
CVE-2025-58014,0.000170000,0.029500000,0.10150289017341041,2025-10-25,2025-10-25
CVE-2025-58013,0.000210000,0.041110000,0.1553757225433526,2025-10-25,2025-10-25
CVE-2025-58012,0.000470000,0.142030000,0.686242774566474,2025-10-25,2025-10-25
CVE-2025-58011,0.000320000,0.083380000,0.3382658959537572,2025-10-25,2025-10-25
CVE-2025-58010,0.000170000,0.029500000,0.10150289017341041,2025-10-25,2025-10-25
CVE-2025-58009,0.000470000,0.142030000,0.686242774566474,2025-10-25,2025-10-25
CVE-2025-58008,0.000390000,0.112390000,0.5563005780346821,2025-10-25,2025-10-25
CVE-2025-58007,0.000350000,0.094340000,0.4268208092485549,2025-10-25,2025-10-25
CVE-2025-58006,0.000330000,0.086790000,0.3796531791907514,2025-10-25,2025-10-25
CVE-2025-58005,0.000380000,0.108780000,0.5440462427745665,2025-10-25,2025-10-25
CVE-2025-58004,0.000400000,0.117800000,0.610635838150289,2025-10-25,2025-10-25
CVE-2025-58003,0.000400000,0.117800000,0.610635838150289,2025-10-25,2025-10-25
CVE-2025-58002,0.000390000,0.112390000,0.5563005780346821,2025-10-25,2025-10-25
CVE-2025-58001,0.000390000,0.112390000,0.5563005780346821,2025-10-25,2025-10-25
CVE-2025-58000,0.000400000,0.117800000,0.610635838150289,2025-10-25,2025-10-25
CVE-2025-57999,0.000390000,0.112390000,0.5563005780346821,2025-10-25,2025-10-25
CVE-2025-57998,0.000360000,0.098250000,0.48485549132947975,2025-10-25,2025-10-25
CVE-2025-57997,0.000320000,0.083380000,0.3382658959537572,2025-10-25,2025-10-25
CVE-2025-57996,0.000390000,0.112390000,0.5563005780346821,2025-10-25,2025-10-25
CVE-2025-57995,0.000340000,0.089430000,0.3965317919075145,2025-10-25,2025-10-25
CVE-2025-57994,0.000460000,0.138120000,0.6763005780346821,2025-10-25,2025-10-25
CVE-2025-57993,0.000390000,0.112390000,0.5563005780346821,2025-10-25,2025-10-25
CVE-2025-57992,0.000170000,0.029500000,0.10150289017341041,2025-10-25,2025-10-25
CVE-2025-57991,0.000460000,0.138120000,0.6763005780346821,2025-10-25,2025-10-25
CVE-2025-57990,0.000460000,0.138120000,0.6763005780346821,2025-10-25,2025-10-25
CVE-2025-57989,0.000390000,0.112390000,0.5563005780346821,2025-10-25,2025-10-25
CVE-2025-57988,0.000390000,0.112390000,0.5563005780346821,2025-10-25,2025-10-25
CVE-2025-57987,0.000400000,0.117800000,0.610635838150289,2025-10-25,2025-10-25
CVE-2025-57986,0.000390000,0.112390000,0.5563005780346821,2025-10-25,2025-10-25
CVE-2025-57985,0.000340000,0.089430000,0.3965317919075145,2025-10-25,2025-10-25
CVE-2025-57984,0.000330000,0.086490000,0.3796531791907514,2025-10-25,2025-10-25
CVE-2025-57983,0.000170000,0.029500000,0.10150289017341041,2025-10-25,2025-10-25
CVE-2025-57982,0.000360000,0.098250000,0.48485549132947975,2025-10-25,2025-10-25
CVE-2025-57981,0.000390000,0.112390000,0.5563005780346821,2025-10-25,2025-10-25
CVE-2025-57980,0.000360000,0.098250000,0.48485549132947975,2025-10-25,2025-10-25
CVE-2025-57979,0.000360000,0.098250000,0.48485549132947975,2025-10-25,2025-10-25
CVE-2025-57978,0.000170000,0.029500000,0.10150289017341041,2025-10-25,2025-10-25
CVE-2025-57977,0.000180000,0.033150000,0.13202312138728323,2025-10-25,2025-10-25
CVE-2025-57976,0.000400000,0.117800000,0.610635838150289,2025-10-25,2025-10-25
CVE-2025-57975,0.000320000,0.083380000,0.3382658959537572,2025-10-25,2025-10-25
CVE-2025-57974,0.000360000,0.098250000,0.48485549132947975,2025-10-25,2025-10-25
CVE-2025-57973,0.000390000,0.112390000,0.5563005780346821,2025-10-25,2025-10-25
CVE-2025-57972,0.000340000,0.089430000,0.3965317919075145,2025-10-25,2025-10-25
CVE-2025-57971,0.000400000,0.117800000,0.610635838150289,2025-10-25,2025-10-25
CVE-2025-57970,0.000170000,0.029500000,0.10150289017341041,2025-10-25,2025-10-25
CVE-2025-57969,0.000340000,0.089430000,0.3965317919075145,2025-10-25,2025-10-25
CVE-2025-57968,0.000180000,0.032890000,0.13202312138728323,2025-10-25,2025-10-25
CVE-2025-57967,0.000390000,0.112390000,0.5563005780346821,2025-10-25,2025-10-25
CVE-2025-57966,0.000390000,0.112390000,0.5563005780346821,2025-10-25,2025-10-25
CVE-2025-57965,0.000390000,0.112390000,0.5563005780346821,2025-10-25,2025-10-25
CVE-2025-57964,0.000390000,0.112390000,0.5563005780346821,2025-10-25,2025-10-25
CVE-2025-57963,0.000390000,0.112390000,0.5563005780346821,2025-10-25,2025-10-25
CVE-2025-57962,0.000360000,0.098250000,0.48485549132947975,2025-10-25,2025-10-25
CVE-2025-57961,0.000460000,0.138120000,0.6763005780346821,2025-10-25,2025-10-25
CVE-2025-57960,0.000170000,0.029500000,0.10150289017341041,2025-10-25,2025-10-25
CVE-2025-57959,0.000360000,0.098250000,0.48485549132947975,2025-10-25,2025-10-25
CVE-2025-57958,0.000400000,0.117800000,0.610635838150289,2025-10-25,2025-10-25
CVE-2025-57957,0.000400000,0.117800000,0.610635838150289,2025-10-25,2025-10-25
CVE-2025-57956,0.000360000,0.098250000,0.48485549132947975,2025-10-25,2025-10-25
CVE-2025-57955,0.000360000,0.099020000,0.48485549132947975,2025-10-25,2025-10-25
CVE-2025-57954,0.000390000,0.112390000,0.5563005780346821,2025-10-25,2025-10-25
CVE-2025-57953,0.000390000,0.112390000,0.5563005780346821,2025-10-25,2025-10-25
CVE-2025-57952,0.000360000,0.098250000,0.48485549132947975,2025-10-25,2025-10-25
CVE-2025-57951,0.000360000,0.098250000,0.48485549132947975,2025-10-25,2025-10-25
CVE-2025-57950,0.000360000,0.098250000,0.48485549132947975,2025-10-25,2025-10-25
CVE-2025-57949,0.000460000,0.138120000,0.6763005780346821,2025-10-25,2025-10-25
CVE-2025-57948,0.000390000,0.112390000,0.5563005780346821,2025-10-25,2025-10-25
CVE-2025-57947,0.000390000,0.112390000,0.5563005780346821,2025-10-25,2025-10-25
CVE-2025-57946,0.000180000,0.031310000,0.13202312138728323,2025-10-25,2025-10-25
CVE-2025-57945,0.000360000,0.098250000,0.48485549132947975,2025-10-25,2025-10-25
CVE-2025-57944,0.000400000,0.117800000,0.610635838150289,2025-10-25,2025-10-25
CVE-2025-58992,0.000390000,0.112390000,0.5563005780346821,2025-10-25,2025-10-25
CVE-2025-58974,0.000390000,0.112390000,0.5563005780346821,2025-10-25,2025-10-25
CVE-2025-58973,0.001470000,0.357490000,0.9107514450867052,2025-10-25,2025-10-25
CVE-2025-58969,0.000400000,0.117800000,0.610635838150289,2025-10-25,2025-10-25
CVE-2025-58968,0.000320000,0.083380000,0.3382658959537572,2025-10-25,2025-10-25
CVE-2025-58965,0.000390000,0.112390000,0.5563005780346821,2025-10-25,2025-10-25
CVE-2025-58962,0.000320000,0.083380000,0.3382658959537572,2025-10-25,2025-10-25
CVE-2025-58960,0.000360000,0.098250000,0.48485549132947975,2025-10-25,2025-10-25
CVE-2025-58957,0.000340000,0.089430000,0.3965317919075145,2025-10-25,2025-10-25
CVE-2025-58956,0.000170000,0.028350000,0.10150289017341041,2025-10-25,2025-10-25
CVE-2025-58704,0.000390000,0.112390000,0.5563005780346821,2025-10-25,2025-10-25
CVE-2025-58703,0.000390000,0.112390000,0.5563005780346821,2025-10-25,2025-10-25
CVE-2025-58702,0.000390000,0.112390000,0.5563005780346821,2025-10-25,2025-10-25
CVE-2025-58691,0.000390000,0.112390000,0.5563005780346821,2025-10-25,2025-10-25
CVE-2025-58690,0.000170000,0.028350000,0.10150289017341041,2025-10-25,2025-10-25
CVE-2025-58689,0.000390000,0.112390000,0.5563005780346821,2025-10-25,2025-10-25
CVE-2025-58688,0.000170000,0.028350000,0.10150289017341041,2025-10-25,2025-10-25
CVE-2025-58687,0.000170000,0.028350000,0.10150289017341041,2025-10-25,2025-10-25
CVE-2025-58686,0.000380000,0.108490000,0.5440462427745665,2025-10-25,2025-10-25
CVE-2025-58685,0.000400000,0.117800000,0.610635838150289,2025-10-25,2025-10-25
CVE-2025-58684,0.000390000,0.112390000,0.5563005780346821,2025-10-25,2025-10-25
CVE-2025-58683,0.000390000,0.112390000,0.5563005780346821,2025-10-25,2025-10-25
CVE-2025-58682,0.000390000,0.112390000,0.5563005780346821,2025-10-25,2025-10-25
CVE-2025-58681,0.000400000,0.118930000,0.610635838150289,2025-10-25,2025-10-25
CVE-2025-58680,0.000360000,0.099020000,0.48485549132947975,2025-10-25,2025-10-25
CVE-2025-58679,0.000400000,0.118930000,0.610635838150289,2025-10-25,2025-10-25
CVE-2025-58678,0.000360000,0.099020000,0.48485549132947975,2025-10-25,2025-10-25
CVE-2025-58677,0.000170000,0.028350000,0.10150289017341041,2025-10-25,2025-10-25
CVE-2025-58676,0.000170000,0.028350000,0.10150289017341041,2025-10-25,2025-10-25
CVE-2025-58675,0.000170000,0.029500000,0.10150289017341041,2025-10-25,2025-10-25
CVE-2025-58673,0.000370000,0.102710000,0.5188439306358381,2025-10-25,2025-10-25
CVE-2025-58672,0.000460000,0.138120000,0.6763005780346821,2025-10-25,2025-10-25
CVE-2025-58671,0.000390000,0.114620000,0.5563005780346821,2025-10-25,2025-10-25
CVE-2025-58670,0.000170000,0.028350000,0.10150289017341041,2025-10-25,2025-10-25
CVE-2025-58669,0.000360000,0.098250000,0.48485549132947975,2025-10-25,2025-10-25
CVE-2025-58668,0.000340000,0.089430000,0.3965317919075145,2025-10-25,2025-10-25
CVE-2025-58667,0.000460000,0.138120000,0.6763005780346821,2025-10-25,2025-10-25
CVE-2025-58666,0.000340000,0.089430000,0.3965317919075145,2025-10-25,2025-10-25
CVE-2025-58665,0.000360000,0.098250000,0.48485549132947975,2025-10-25,2025-10-25
CVE-2025-58664,0.000340000,0.089430000,0.3965317919075145,2025-10-25,2025-10-25
CVE-2025-58663,0.000340000,0.089430000,0.3965317919075145,2025-10-25,2025-10-25
CVE-2025-58662,0.000630000,0.197720000,0.8067052023121387,2025-10-25,2025-10-25
CVE-2025-58661,0.000360000,0.098250000,0.48485549132947975,2025-10-25,2025-10-25
CVE-2025-58660,0.000460000,0.138120000,0.6763005780346821,2025-10-25,2025-10-25
CVE-2025-58659,0.000400000,0.118930000,0.610635838150289,2025-10-25,2025-10-25
CVE-2025-58658,0.000360000,0.098250000,0.48485549132947975,2025-10-25,2025-10-25
CVE-2025-58657,0.000170000,0.028350000,0.10150289017341041,2025-10-25,2025-10-25
CVE-2025-58656,0.000400000,0.118930000,0.610635838150289,2025-10-25,2025-10-25
CVE-2025-58655,0.000360000,0.098250000,0.48485549132947975,2025-10-25,2025-10-25
CVE-2025-58654,0.000390000,0.112390000,0.5563005780346821,2025-10-25,2025-10-25
CVE-2025-58653,0.000390000,0.112390000,0.5563005780346821,2025-10-25,2025-10-25
CVE-2025-58652,0.000390000,0.112390000,0.5563005780346821,2025-10-25,2025-10-25
CVE-2025-58651,0.000390000,0.112390000,0.5563005780346821,2025-10-25,2025-10-25
CVE-2025-58650,0.000460000,0.138120000,0.6763005780346821,2025-10-25,2025-10-25
CVE-2025-58649,0.000350000,0.094340000,0.4268208092485549,2025-10-25,2025-10-25
CVE-2025-58648,0.000390000,0.112390000,0.5563005780346821,2025-10-25,2025-10-25
CVE-2025-58647,0.000360000,0.098250000,0.48485549132947975,2025-10-25,2025-10-25
CVE-2025-58646,0.000360000,0.098250000,0.48485549132947975,2025-10-25,2025-10-25
CVE-2025-58645,0.000360000,0.098250000,0.48485549132947975,2025-10-25,2025-10-25
CVE-2025-58271,0.000360000,0.098250000,0.48485549132947975,2025-10-25,2025-10-25
CVE-2025-58270,0.000170000,0.028350000,0.10150289017341041,2025-10-25,2025-10-25
CVE-2025-58269,0.000400000,0.118930000,0.610635838150289,2025-10-25,2025-10-25
CVE-2025-58268,0.000170000,0.028350000,0.10150289017341041,2025-10-25,2025-10-25
CVE-2025-58267,0.000170000,0.028350000,0.10150289017341041,2025-10-25,2025-10-25
CVE-2025-58266,0.000360000,0.098250000,0.48485549132947975,2025-10-25,2025-10-25
CVE-2025-58265,0.000390000,0.112390000,0.5563005780346821,2025-10-25,2025-10-25
CVE-2025-58264,0.000390000,0.112390000,0.5563005780346821,2025-10-25,2025-10-25
CVE-2025-58263,0.000390000,0.112390000,0.5563005780346821,2025-10-25,2025-10-25
CVE-2025-58262,0.000170000,0.028350000,0.10150289017341041,2025-10-25,2025-10-25
CVE-2025-58261,0.000170000,0.028350000,0.10150289017341041,2025-10-25,2025-10-25
CVE-2025-58260,0.000390000,0.112390000,0.5563005780346821,2025-10-25,2025-10-25
CVE-2025-58259,0.000180000,0.033150000,0.13202312138728323,2025-10-25,2025-10-25
CVE-2025-58258,0.000320000,0.083380000,0.3382658959537572,2025-10-25,2025-10-25
CVE-2025-58257,0.000390000,0.112390000,0.5563005780346821,2025-10-25,2025-10-25
CVE-2025-58256,0.000360000,0.098250000,0.48485549132947975,2025-10-25,2025-10-25
CVE-2025-58255,0.000210000,0.041110000,0.1553757225433526,2025-10-25,2025-10-25
CVE-2025-58254,0.000390000,0.112390000,0.5563005780346821,2025-10-25,2025-10-25
CVE-2025-58253,0.000390000,0.112390000,0.5563005780346821,2025-10-25,2025-10-25
CVE-2025-58252,0.000350000,0.094340000,0.4268208092485549,2025-10-25,2025-10-25
CVE-2025-58251,0.000340000,0.089430000,0.3965317919075145,2025-10-25,2025-10-25
CVE-2025-58250,0.000220000,0.043900000,0.16208092485549133,2025-10-25,2025-10-25
CVE-2025-58249,0.000350000,0.094340000,0.4268208092485549,2025-10-25,2025-10-25
CVE-2025-58248,0.000390000,0.112390000,0.5563005780346821,2025-10-25,2025-10-25
CVE-2025-58247,0.000400000,0.118930000,0.610635838150289,2025-10-25,2025-10-25
CVE-2025-58245,0.000360000,0.098250000,0.48485549132947975,2025-10-25,2025-10-25
CVE-2025-58244,0.000210000,0.041110000,0.1553757225433526,2025-10-25,2025-10-25
CVE-2025-58242,0.000390000,0.112390000,0.5563005780346821,2025-10-25,2025-10-25
CVE-2025-58241,0.000390000,0.112390000,0.5563005780346821,2025-10-25,2025-10-25
CVE-2025-58240,0.000390000,0.112390000,0.5563005780346821,2025-10-25,2025-10-25
CVE-2025-58239,0.000390000,0.112390000,0.5563005780346821,2025-10-25,2025-10-25
CVE-2025-58238,0.000390000,0.112390000,0.5563005780346821,2025-10-25,2025-10-25
CVE-2025-58237,0.000390000,0.112390000,0.5563005780346821,2025-10-25,2025-10-25
CVE-2025-58236,0.000170000,0.029500000,0.10150289017341041,2025-10-25,2025-10-25
CVE-2025-58235,0.000390000,0.112390000,0.5563005780346821,2025-10-25,2025-10-25
CVE-2025-58234,0.000390000,0.112390000,0.5563005780346821,2025-10-25,2025-10-25
CVE-2025-58233,0.000390000,0.112390000,0.5563005780346821,2025-10-25,2025-10-25
CVE-2025-58232,0.000390000,0.112390000,0.5563005780346821,2025-10-25,2025-10-25
CVE-2025-58231,0.000390000,0.112390000,0.5563005780346821,2025-10-25,2025-10-25
CVE-2025-58230,0.000390000,0.112390000,0.5563005780346821,2025-10-25,2025-10-25
CVE-2025-58229,0.000390000,0.112390000,0.5563005780346821,2025-10-25,2025-10-25
CVE-2025-9960,0.000590000,0.184800000,0.7900578034682081,2025-10-25,2025-10-25
CVE-2025-9495,0.000410000,0.121590000,0.6263583815028901,2025-10-25,2025-10-25
CVE-2025-9494,0.007810000,0.729280000,0.981271676300578,2025-10-25,2025-10-25
CVE-2025-9321,0.001070000,0.296160000,0.8869364161849711,2025-10-25,2025-10-25
CVE-2025-8902,0.000370000,0.104680000,0.5188439306358381,2025-10-25,2025-10-25
CVE-2025-8892,0.000250000,0.054630000,0.2069364161849711,2025-10-25,2025-10-25
CVE-2025-59592,0.000390000,0.112390000,0.5563005780346821,2025-10-25,2025-10-25
CVE-2025-59591,0.000340000,0.089430000,0.3965317919075145,2025-10-25,2025-10-25
CVE-2025-59590,0.000360000,0.098250000,0.48485549132947975,2025-10-25,2025-10-25
CVE-2025-59589,0.000390000,0.112390000,0.5563005780346821,2025-10-25,2025-10-25
CVE-2025-59588,0.001470000,0.357490000,0.9107514450867052,2025-10-25,2025-10-25
CVE-2025-59587,0.000390000,0.112390000,0.5563005780346821,2025-10-25,2025-10-25
CVE-2025-59586,0.000390000,0.112390000,0.5563005780346821,2025-10-25,2025-10-25
CVE-2025-59585,0.000390000,0.112390000,0.5563005780346821,2025-10-25,2025-10-25
CVE-2025-59584,0.000390000,0.112390000,0.5563005780346821,2025-10-25,2025-10-25
CVE-2025-59583,0.000390000,0.112390000,0.5563005780346821,2025-10-25,2025-10-25
CVE-2025-59582,0.000390000,0.114320000,0.5563005780346821,2025-10-25,2025-10-25
CVE-2025-59581,0.000470000,0.142170000,0.686242774566474,2025-10-25,2025-10-25
CVE-2025-59577,0.000500000,0.154180000,0.7278612716763005,2025-10-25,2025-10-25
CVE-2025-59576,0.000340000,0.089430000,0.3965317919075145,2025-10-25,2025-10-25
CVE-2025-59574,0.000390000,0.112390000,0.5563005780346821,2025-10-25,2025-10-25
CVE-2025-59573,0.000560000,0.174780000,0.7738728323699422,2025-10-25,2025-10-25
CVE-2025-59572,0.000210000,0.041110000,0.1553757225433526,2025-10-25,2025-10-25
CVE-2025-59570,0.000390000,0.113420000,0.5563005780346821,2025-10-25,2025-10-25
CVE-2025-59569,0.000390000,0.112390000,0.5563005780346821,2025-10-25,2025-10-25
CVE-2025-59568,0.000170000,0.029500000,0.10150289017341041,2025-10-25,2025-10-25
CVE-2025-59567,0.000450000,0.134820000,0.6695953757225434,2025-10-25,2025-10-25
CVE-2025-59565,0.000390000,0.112390000,0.5563005780346821,2025-10-25,2025-10-25
CVE-2025-59562,0.000460000,0.138820000,0.6763005780346821,2025-10-25,2025-10-25
CVE-2025-59561,0.000340000,0.089430000,0.3965317919075145,2025-10-25,2025-10-25
CVE-2025-59559,0.000340000,0.089430000,0.3965317919075145,2025-10-25,2025-10-25
CVE-2025-59553,0.000390000,0.112390000,0.5563005780346821,2025-10-25,2025-10-25
CVE-2025-59552,0.000390000,0.112390000,0.5563005780346821,2025-10-25,2025-10-25
CVE-2025-59551,0.000340000,0.089430000,0.3965317919075145,2025-10-25,2025-10-25
CVE-2025-59549,0.000390000,0.112390000,0.5563005780346821,2025-10-25,2025-10-25
CVE-2025-59535,0.001360000,0.342260000,0.904971098265896,2025-10-25,2025-10-25
CVE-2025-59532,0.001530000,0.367070000,0.915606936416185,2025-10-25,2025-10-25
CVE-2025-59528,0.005330000,0.664600000,0.9759537572254335,2025-10-25,2025-10-25
CVE-2025-59527,0.000490000,0.148960000,0.7211560693641619,2025-10-25,2025-10-25
CVE-2025-59526,0.000670000,0.211640000,0.8184971098265896,2025-10-25,2025-10-25
CVE-2025-59434,0.000360000,0.099020000,0.48485549132947975,2025-10-25,2025-10-25
CVE-2025-59433,0.000370000,0.104180000,0.5188439306358381,2025-10-25,2025-10-25
CVE-2025-59432,0.003340000,0.556560000,0.958150289017341,2025-10-25,2025-10-25
CVE-2025-59430,0.000420000,0.123520000,0.6372254335260116,2025-10-25,2025-10-25
CVE-2025-58915,0.000390000,0.112390000,0.5563005780346821,2025-10-25,2025-10-25
CVE-2025-57205,0.000410000,0.122500000,0.6263583815028901,2025-10-25,2025-10-25
CVE-2025-57204,0.000410000,0.122500000,0.6263583815028901,2025-10-25,2025-10-25
CVE-2025-57203,0.000390000,0.113680000,0.5563005780346821,2025-10-25,2025-10-25
CVE-2025-47910,0.000110000,0.009500000,0.04138728323699422,2025-10-25,2025-10-25
CVE-2025-43814,0.001940000,0.416040000,0.9310982658959538,2025-10-25,2025-10-25
CVE-2025-43810,0.001600000,0.374990000,0.9165317919075144,2025-10-25,2025-10-25
CVE-2025-43806,0.001740000,0.392360000,0.9227745664739885,2025-10-25,2025-10-25
CVE-2025-42907,0.000340000,0.089430000,0.3965317919075145,2025-10-25,2025-10-25
CVE-2025-39880,0.000350000,0.093520000,0.4268208092485549,2025-10-25,2025-10-25
CVE-2025-39879,0.000260000,0.059300000,0.23653179190751444,2025-10-25,2025-10-25
CVE-2025-39878,0.000260000,0.059300000,0.23653179190751444,2025-10-25,2025-10-25
CVE-2025-39877,0.000260000,0.057250000,0.23653179190751444,2025-10-25,2025-10-25
CVE-2025-39876,0.000350000,0.093520000,0.4268208092485549,2025-10-25,2025-10-25
CVE-2025-39875,0.000260000,0.059300000,0.23653179190751444,2025-10-25,2025-10-25
CVE-2025-39874,0.000260000,0.059300000,0.23653179190751444,2025-10-25,2025-10-25
CVE-2025-39873,0.000340000,0.088740000,0.3965317919075145,2025-10-25,2025-10-25
CVE-2025-39872,0.000260000,0.059300000,0.23653179190751444,2025-10-25,2025-10-25
CVE-2025-39871,0.000250000,0.055780000,0.2069364161849711,2025-10-25,2025-10-25
CVE-2025-39870,0.000260000,0.057250000,0.23653179190751444,2025-10-25,2025-10-25
CVE-2025-39869,0.000350000,0.093520000,0.4268208092485549,2025-10-25,2025-10-25
CVE-2025-39868,0.000260000,0.059300000,0.23653179190751444,2025-10-25,2025-10-25
CVE-2025-26399,0.002000000,0.423680000,0.9345664739884393,2025-10-25,2025-10-25
CVE-2025-1131,0.000380000,0.106640000,0.5440462427745665,2025-10-25,2025-10-25
CVE-2025-10843,0.000310000,0.078950000,0.32439306358381503,2025-10-25,2025-10-25
CVE-2025-10842,0.000320000,0.083900000,0.3382658959537572,2025-10-25,2025-10-25
CVE-2025-10841,0.000320000,0.083900000,0.3382658959537572,2025-10-25,2025-10-25
CVE-2025-10840,0.000320000,0.083300000,0.3382658959537572,2025-10-25,2025-10-25
CVE-2025-10839,0.000320000,0.083300000,0.3382658959537572,2025-10-25,2025-10-25
CVE-2025-10838,0.000960000,0.275800000,0.8749132947976879,2025-10-25,2025-10-25
CVE-2025-10837,0.000320000,0.080650000,0.3382658959537572,2025-10-25,2025-10-25
CVE-2025-10836,0.000320000,0.083900000,0.3382658959537572,2025-10-25,2025-10-25
CVE-2025-10835,0.000440000,0.131270000,0.6564161849710982,2025-10-25,2025-10-25
CVE-2025-10834,0.000320000,0.083900000,0.3382658959537572,2025-10-25,2025-10-25
CVE-2025-10833,0.000320000,0.083900000,0.3382658959537572,2025-10-25,2025-10-25
CVE-2025-10832,0.000320000,0.083900000,0.3382658959537572,2025-10-25,2025-10-25
CVE-2025-10831,0.000440000,0.131980000,0.6564161849710982,2025-10-25,2025-10-25
CVE-2025-10830,0.000320000,0.083900000,0.3382658959537572,2025-10-25,2025-10-25
CVE-2025-10829,0.000320000,0.083900000,0.3382658959537572,2025-10-25,2025-10-25
CVE-2025-10828,0.000320000,0.083300000,0.3382658959537572,2025-10-25,2025-10-25
CVE-2025-10827,0.000300000,0.075190000,0.30890173410404625,2025-10-25,2025-10-25
CVE-2025-10826,0.000320000,0.083300000,0.3382658959537572,2025-10-25,2025-10-25
CVE-2025-10825,0.000320000,0.083300000,0.3382658959537572,2025-10-25,2025-10-25
CVE-2025-10824,0.000160000,0.026840000,0.08971098265895953,2025-10-25,2025-10-25
CVE-2025-10823,0.000170000,0.027320000,0.10150289017341041,2025-10-25,2025-10-25
CVE-2025-10822,0.000300000,0.074680000,0.30890173410404625,2025-10-25,2025-10-25
CVE-2025-10821,0.000300000,0.074680000,0.30890173410404625,2025-10-25,2025-10-25
CVE-2025-10820,0.000300000,0.074680000,0.30890173410404625,2025-10-25,2025-10-25
CVE-2025-10819,0.000300000,0.074680000,0.30890173410404625,2025-10-25,2025-10-25
CVE-2025-10817,0.000310000,0.078950000,0.32439306358381503,2025-10-25,2025-10-25
CVE-2025-10816,0.000440000,0.133360000,0.6564161849710982,2025-10-25,2025-10-25
CVE-2025-10815,0.000940000,0.271290000,0.8732947976878612,2025-10-25,2025-10-25
CVE-2025-10814,0.001150000,0.309510000,0.8941040462427746,2025-10-25,2025-10-25
CVE-2025-10813,0.000310000,0.078950000,0.32439306358381503,2025-10-25,2025-10-25
CVE-2025-10812,0.000320000,0.083900000,0.3382658959537572,2025-10-25,2025-10-25
CVE-2025-10380,0.000580000,0.180920000,0.7847398843930636,2025-10-25,2025-10-25
CVE-2025-9966,0.000220000,0.045110000,0.16208092485549133,2025-10-25,2025-10-25
CVE-2025-9965,0.001470000,0.358240000,0.9107514450867052,2025-10-25,2025-10-25
CVE-2025-9964,0.000260000,0.056350000,0.23653179190751444,2025-10-25,2025-10-25
CVE-2025-9963,0.000300000,0.076280000,0.30890173410404625,2025-10-25,2025-10-25
CVE-2025-9962,0.000680000,0.212700000,0.8224277456647399,2025-10-25,2025-10-25
CVE-2025-9900,0.001360000,0.341780000,0.904971098265896,2025-10-25,2025-10-25
CVE-2025-9846,0.003790000,0.586840000,0.9650867052023121,2025-10-25,2025-10-25
CVE-2025-9844,0.000520000,0.161650000,0.7438150289017341,2025-10-25,2025-10-25
CVE-2025-9798,0.000470000,0.141640000,0.686242774566474,2025-10-25,2025-10-25
CVE-2025-9588,0.003750000,0.584640000,0.9646242774566474,2025-10-25,2025-10-25
CVE-2025-9342,0.000360000,0.099020000,0.48485549132947975,2025-10-25,2025-10-25
CVE-2025-9054,0.000970000,0.277460000,0.8772254335260116,2025-10-25,2025-10-25
CVE-2025-9031,0.000300000,0.076500000,0.30890173410404625,2025-10-25,2025-10-25
CVE-2025-8410,0.000400000,0.118770000,0.610635838150289,2025-10-25,2025-10-25
CVE-2025-8354,0.000250000,0.054630000,0.2069364161849711,2025-10-25,2025-10-25
CVE-2025-8282,0.000340000,0.090630000,0.3965317919075145,2025-10-25,2025-10-25
CVE-2025-7106,0.000410000,0.121430000,0.6263583815028901,2025-10-25,2025-10-25
CVE-2025-6921,0.000540000,0.167990000,0.7553757225433526,2025-10-25,2025-10-25
CVE-2025-60020,0.000390000,0.113960000,0.5563005780346821,2025-10-25,2025-10-25
CVE-2025-59826,0.000460000,0.139050000,0.6763005780346821,2025-10-25,2025-10-25
CVE-2025-59825,0.000200000,0.039210000,0.14959537572254336,2025-10-25,2025-10-25
CVE-2025-59822,0.000410000,0.121550000,0.6263583815028901,2025-10-25,2025-10-25
CVE-2025-59821,0.000380000,0.107980000,0.5440462427745665,2025-10-25,2025-10-25
CVE-2025-59548,0.000320000,0.082160000,0.3382658959537572,2025-10-25,2025-10-25
CVE-2025-59547,0.000530000,0.166100000,0.7479768786127168,2025-10-25,2025-10-25
CVE-2025-59546,0.000330000,0.083970000,0.3796531791907514,2025-10-25,2025-10-25
CVE-2025-59545,0.000570000,0.178170000,0.778728323699422,2025-10-25,2025-10-25
CVE-2025-59539,0.000350000,0.093920000,0.4268208092485549,2025-10-25,2025-10-25
CVE-2025-59534,0.000430000,0.129020000,0.6448554913294797,2025-10-25,2025-10-25
CVE-2025-59484,0.000110000,0.009720000,0.04138728323699422,2025-10-25,2025-10-25
CVE-2025-58674,0.000360000,0.098250000,0.48485549132947975,2025-10-25,2025-10-25
CVE-2025-58473,0.000780000,0.240180000,0.8515606936416185,2025-10-25,2025-10-25
CVE-2025-58457,0.000680000,0.212510000,0.8224277456647399,2025-10-25,2025-10-25
CVE-2025-58354,0.000600000,0.190680000,0.7951445086705202,2025-10-25,2025-10-25
CVE-2025-58319,0.000160000,0.025750000,0.08971098265895953,2025-10-25,2025-10-25
CVE-2025-58317,0.000160000,0.025750000,0.08971098265895953,2025-10-25,2025-10-25
CVE-2025-58246,0.000350000,0.094340000,0.4268208092485549,2025-10-25,2025-10-25
CVE-2025-58069,0.000400000,0.118930000,0.610635838150289,2025-10-25,2025-10-25
CVE-2025-57882,0.000580000,0.183810000,0.7847398843930636,2025-10-25,2025-10-25
CVE-2025-57639,0.083970000,0.919070000,0.9949132947976879,2025-10-25,2025-10-25
CVE-2025-57638,0.000540000,0.169270000,0.7553757225433526,2025-10-25,2025-10-25
CVE-2025-57637,0.000440000,0.131450000,0.6564161849710982,2025-10-25,2025-10-25
CVE-2025-57636,0.039760000,0.878710000,0.9932947976878612,2025-10-25,2025-10-25
CVE-2025-57407,0.000420000,0.125500000,0.6372254335260116,2025-10-25,2025-10-25
CVE-2025-5717,0.003230000,0.548980000,0.955606936416185,2025-10-25,2025-10-25
CVE-2025-56394,0.000500000,0.154590000,0.7278612716763005,2025-10-25,2025-10-25
CVE-2025-56311,0.000260000,0.058400000,0.23653179190751444,2025-10-25,2025-10-25
CVE-2025-56304,0.000460000,0.137790000,0.6763005780346821,2025-10-25,2025-10-25
CVE-2025-56146,0.000150000,0.021220000,0.07514450867052024,2025-10-25,2025-10-25
CVE-2025-55780,0.000500000,0.155330000,0.7278612716763005,2025-10-25,2025-10-25
CVE-2025-55069,0.000450000,0.135310000,0.6695953757225434,2025-10-25,2025-10-25
CVE-2025-55038,0.000300000,0.073820000,0.30890173410404625,2025-10-25,2025-10-25
CVE-2025-54855,0.000060000,0.002650000,0.007861271676300578,2025-10-25,2025-10-25
CVE-2025-54081,0.000140000,0.017100000,0.06127167630057803,2025-10-25,2025-10-25
CVE-2025-52905,0.001720000,0.389910000,0.922543352601156,2025-10-25,2025-10-25
CVE-2025-51005,0.000530000,0.164990000,0.7479768786127168,2025-10-25,2025-10-25
CVE-2025-4993,0.000680000,0.213550000,0.8224277456647399,2025-10-25,2025-10-25
CVE-2025-48459,0.002600000,0.492360000,0.947514450867052,2025-10-25,2025-10-25
CVE-2025-48392,0.002410000,0.473130000,0.9452023121387283,2025-10-25,2025-10-25
CVE-2025-4760,0.000310000,0.079620000,0.32439306358381503,2025-10-25,2025-10-25
CVE-2025-4582,0.000170000,0.027660000,0.10150289017341041,2025-10-25,2025-10-25
CVE-2025-45326,0.001290000,0.331890000,0.903121387283237,2025-10-25,2025-10-25
CVE-2025-43819,0.000430000,0.128710000,0.6448554913294797,2025-10-25,2025-10-25
CVE-2025-43779,0.002000000,0.423470000,0.9345664739884393,2025-10-25,2025-10-25
CVE-2025-41716,0.000440000,0.132870000,0.6564161849710982,2025-10-25,2025-10-25
CVE-2025-41715,0.001280000,0.330470000,0.9024277456647399,2025-10-25,2025-10-25
CVE-2025-39890,0.000230000,0.048090000,0.16716763005780347,2025-10-25,2025-10-25
CVE-2025-39889,0.000180000,0.033780000,0.13202312138728323,2025-10-25,2025-10-25
CVE-2025-39888,0.000260000,0.059300000,0.23653179190751444,2025-10-25,2025-10-25
CVE-2025-39887,0.000260000,0.059300000,0.23653179190751444,2025-10-25,2025-10-25
CVE-2025-39886,0.000250000,0.055780000,0.2069364161849711,2025-10-25,2025-10-25
CVE-2025-39885,0.000350000,0.093520000,0.4268208092485549,2025-10-25,2025-10-25
CVE-2025-39884,0.000240000,0.050560000,0.1722543352601156,2025-10-25,2025-10-25
CVE-2025-39883,0.000350000,0.093520000,0.4268208092485549,2025-10-25,2025-10-25
CVE-2025-39882,0.000250000,0.055780000,0.2069364161849711,2025-10-25,2025-10-25
CVE-2025-39881,0.000260000,0.057250000,0.23653179190751444,2025-10-25,2025-10-25
CVE-2025-29084,0.000840000,0.253410000,0.8610404624277457,2025-10-25,2025-10-25
CVE-2025-29083,0.000840000,0.253410000,0.8610404624277457,2025-10-25,2025-10-25
CVE-2025-1255,0.000680000,0.213550000,0.8224277456647399,2025-10-25,2025-10-25
CVE-2025-10906,0.000260000,0.056620000,0.23653179190751444,2025-10-25,2025-10-25
CVE-2025-10857,0.000320000,0.083900000,0.3382658959537572,2025-10-25,2025-10-25
CVE-2025-10851,0.000320000,0.083900000,0.3382658959537572,2025-10-25,2025-10-25
CVE-2025-10848,0.000320000,0.083300000,0.3382658959537572,2025-10-25,2025-10-25
CVE-2025-10846,0.000330000,0.086960000,0.3796531791907514,2025-10-25,2025-10-25
CVE-2025-10845,0.000330000,0.086960000,0.3796531791907514,2025-10-25,2025-10-25
CVE-2025-10844,0.000330000,0.086960000,0.3796531791907514,2025-10-25,2025-10-25
CVE-2025-10548,0.001640000,0.380060000,0.9174566473988439,2025-10-25,2025-10-25
CVE-2025-10412,0.002150000,0.440490000,0.9387283236994219,2025-10-25,2025-10-25
CVE-2025-10244,0.000360000,0.098720000,0.48485549132947975,2025-10-25,2025-10-25
CVE-2025-10184,0.000810000,0.247530000,0.8566473988439306,2025-10-25,2025-10-25
CVE-2025-10147,0.001840000,0.404890000,0.9290173410404624,2025-10-25,2025-10-25
CVE-2025-0672,0.000560000,0.177400000,0.7738728323699422,2025-10-25,2025-10-25
CVE-2025-0663,0.000330000,0.084780000,0.3796531791907514,2025-10-25,2025-10-25
CVE-2025-0209,0.000440000,0.132870000,0.6564161849710982,2025-10-25,2025-10-25
CVE-2024-6429,0.000310000,0.077500000,0.32439306358381503,2025-10-25,2025-10-25
CVE-2024-58241,0.000240000,0.051970000,0.1722543352601156,2025-10-25,2025-10-25
CVE-2024-4598,0.000580000,0.180940000,0.7847398843930636,2025-10-25,2025-10-25
CVE-2024-21935,0.000250000,0.054750000,0.2069364161849711,2025-10-25,2025-10-25
CVE-2024-21927,0.000340000,0.088160000,0.3965317919075145,2025-10-25,2025-10-25
CVE-2017-20200,0.000200000,0.039540000,0.14959537572254336,2025-10-25,2025-10-25
CVE-2025-9353,0.000400000,0.119110000,0.610635838150289,2025-10-25,2025-10-25
CVE-2025-8869,0.000180000,0.031970000,0.13202312138728323,2025-10-25,2025-10-25
CVE-2025-59824,0.000470000,0.141430000,0.686242774566474,2025-10-25,2025-10-25
CVE-2025-59525,0.000310000,0.076640000,0.32439306358381503,2025-10-25,2025-10-25
CVE-2025-59524,0.000290000,0.068900000,0.2945664739884393,2025-10-25,2025-10-25
CVE-2025-59343,0.000220000,0.044480000,0.16208092485549133,2025-10-25,2025-10-25
CVE-2025-59305,0.000430000,0.127870000,0.6448554913294797,2025-10-25,2025-10-25
CVE-2025-59251,0.000620000,0.195960000,0.8048554913294798,2025-10-25,2025-10-25
CVE-2025-57354,0.003270000,0.551200000,0.9572254335260115,2025-10-25,2025-10-25
CVE-2025-57353,0.000490000,0.151210000,0.7211560693641619,2025-10-25,2025-10-25
CVE-2025-57352,0.000600000,0.189480000,0.7951445086705202,2025-10-25,2025-10-25
CVE-2025-57351,0.000850000,0.256720000,0.8638150289017341,2025-10-25,2025-10-25
CVE-2025-57350,0.000970000,0.277910000,0.8772254335260116,2025-10-25,2025-10-25
CVE-2025-57349,0.001630000,0.378330000,0.9172254335260116,2025-10-25,2025-10-25
CVE-2025-57348,0.000810000,0.246960000,0.8566473988439306,2025-10-25,2025-10-25
CVE-2025-57347,0.000810000,0.247510000,0.8566473988439306,2025-10-25,2025-10-25
CVE-2025-57330,0.000540000,0.167250000,0.7553757225433526,2025-10-25,2025-10-25
CVE-2025-57329,0.000540000,0.167250000,0.7553757225433526,2025-10-25,2025-10-25
CVE-2025-57328,0.000540000,0.167250000,0.7553757225433526,2025-10-25,2025-10-25
CVE-2025-57327,0.000540000,0.167250000,0.7553757225433526,2025-10-25,2025-10-25
CVE-2025-57326,0.000540000,0.167250000,0.7553757225433526,2025-10-25,2025-10-25
CVE-2025-57325,0.000540000,0.167250000,0.7553757225433526,2025-10-25,2025-10-25
CVE-2025-57323,0.000540000,0.167250000,0.7553757225433526,2025-10-25,2025-10-25
CVE-2025-57321,0.000540000,0.167570000,0.7553757225433526,2025-10-25,2025-10-25
CVE-2025-56819,0.003240000,0.549420000,0.9560693641618497,2025-10-25,2025-10-25
CVE-2025-56816,0.007250000,0.718090000,0.9805780346820809,2025-10-25,2025-10-25
CVE-2025-56815,0.001080000,0.298420000,0.8878612716763006,2025-10-25,2025-10-25
CVE-2025-56241,0.001280000,0.330470000,0.9024277456647399,2025-10-25,2025-10-25
CVE-2025-55322,0.000840000,0.254010000,0.8610404624277457,2025-10-25,2025-10-25
CVE-2025-55178,0.001090000,0.298690000,0.8894797687861272,2025-10-25,2025-10-25
CVE-2025-52907,0.010280000,0.765790000,0.9852023121387283,2025-10-25,2025-10-25
CVE-2025-52906,0.027780000,0.854900000,0.99121387283237,2025-10-25,2025-10-25
CVE-2025-48869,0.000700000,0.217330000,0.8330635838150289,2025-10-25,2025-10-25
CVE-2025-48868,0.004170000,0.609930000,0.96878612716763,2025-10-25,2025-10-25
CVE-2025-48867,0.000530000,0.163140000,0.7479768786127168,2025-10-25,2025-10-25
CVE-2025-47329,0.000130000,0.013940000,0.04947976878612717,2025-10-25,2025-10-25
CVE-2025-47328,0.000480000,0.148570000,0.7149132947976878,2025-10-25,2025-10-25
CVE-2025-47327,0.000130000,0.013940000,0.04947976878612717,2025-10-25,2025-10-25
CVE-2025-47326,0.000480000,0.148570000,0.7149132947976878,2025-10-25,2025-10-25
CVE-2025-47318,0.000680000,0.212500000,0.8224277456647399,2025-10-25,2025-10-25
CVE-2025-47317,0.000130000,0.013940000,0.04947976878612717,2025-10-25,2025-10-25
CVE-2025-47316,0.000130000,0.013940000,0.04947976878612717,2025-10-25,2025-10-25
CVE-2025-47315,0.000130000,0.013940000,0.04947976878612717,2025-10-25,2025-10-25
CVE-2025-47314,0.000190000,0.036600000,0.14358381502890175,2025-10-25,2025-10-25
CVE-2025-27077,0.000130000,0.013940000,0.04947976878612717,2025-10-25,2025-10-25
CVE-2025-27037,0.000130000,0.013940000,0.04947976878612717,2025-10-25,2025-10-25
CVE-2025-27036,0.000110000,0.009900000,0.04138728323699422,2025-10-25,2025-10-25
CVE-2025-27034,0.000560000,0.176660000,0.7738728323699422,2025-10-25,2025-10-25
CVE-2025-27033,0.000110000,0.009900000,0.04138728323699422,2025-10-25,2025-10-25
CVE-2025-27032,0.000160000,0.023550000,0.08971098265895953,2025-10-25,2025-10-25
CVE-2025-27030,0.000110000,0.009900000,0.04138728323699422,2025-10-25,2025-10-25
CVE-2025-23354,0.000210000,0.040660000,0.1553757225433526,2025-10-25,2025-10-25
CVE-2025-23353,0.000210000,0.040660000,0.1553757225433526,2025-10-25,2025-10-25
CVE-2025-23349,0.000210000,0.040660000,0.1553757225433526,2025-10-25,2025-10-25
CVE-2025-23348,0.000210000,0.040660000,0.1553757225433526,2025-10-25,2025-10-25
CVE-2025-23346,0.000170000,0.030030000,0.10150289017341041,2025-10-25,2025-10-25
CVE-2025-23340,0.000170000,0.030030000,0.10150289017341041,2025-10-25,2025-10-25
CVE-2025-23339,0.000130000,0.013330000,0.04947976878612717,2025-10-25,2025-10-25
CVE-2025-23338,0.000210000,0.042420000,0.1553757225433526,2025-10-25,2025-10-25
CVE-2025-23308,0.000130000,0.013330000,0.04947976878612717,2025-10-25,2025-10-25
CVE-2025-23275,0.000140000,0.017250000,0.06127167630057803,2025-10-25,2025-10-25
CVE-2025-23274,0.000130000,0.015150000,0.04947976878612717,2025-10-25,2025-10-25
CVE-2025-23273,0.000130000,0.014750000,0.04947976878612717,2025-10-25,2025-10-25
CVE-2025-23272,0.000150000,0.022640000,0.07514450867052024,2025-10-25,2025-10-25
CVE-2025-23271,0.000170000,0.030030000,0.10150289017341041,2025-10-25,2025-10-25
CVE-2025-23255,0.000170000,0.030030000,0.10150289017341041,2025-10-25,2025-10-25
CVE-2025-23248,0.000170000,0.030030000,0.10150289017341041,2025-10-25,2025-10-25
CVE-2025-21488,0.000550000,0.171520000,0.7657803468208092,2025-10-25,2025-10-25
CVE-2025-21487,0.000550000,0.171520000,0.7657803468208092,2025-10-25,2025-10-25
CVE-2025-21484,0.000550000,0.171520000,0.7657803468208092,2025-10-25,2025-10-25
CVE-2025-21483,0.000560000,0.176660000,0.7738728323699422,2025-10-25,2025-10-25
CVE-2025-21482,0.000140000,0.016810000,0.06127167630057803,2025-10-25,2025-10-25
CVE-2025-21481,0.000080000,0.004680000,0.027052023121387284,2025-10-25,2025-10-25
CVE-2025-21476,0.000130000,0.013940000,0.04947976878612717,2025-10-25,2025-10-25
CVE-2025-20365,0.000220000,0.044550000,0.16208092485549133,2025-10-25,2025-10-25
CVE-2025-20364,0.000090000,0.005460000,0.03421965317919075,2025-10-25,2025-10-25
CVE-2025-20352,0.008400000,0.739620000,0.9828901734104046,2025-10-25,2025-10-25
CVE-2025-20339,0.000300000,0.073860000,0.30890173410404625,2025-10-25,2025-10-25
CVE-2025-20338,0.000110000,0.010200000,0.04138728323699422,2025-10-25,2025-10-25
CVE-2025-20334,0.001060000,0.294290000,0.8855491329479769,2025-10-25,2025-10-25
CVE-2025-20327,0.001510000,0.363150000,0.9146820809248555,2025-10-25,2025-10-25
CVE-2025-20316,0.000300000,0.073860000,0.30890173410404625,2025-10-25,2025-10-25
CVE-2025-20315,0.001380000,0.344700000,0.9058959537572254,2025-10-25,2025-10-25
CVE-2025-20314,0.000650000,0.205070000,0.8157225433526012,2025-10-25,2025-10-25
CVE-2025-20313,0.000800000,0.245330000,0.8543352601156069,2025-10-25,2025-10-25
CVE-2025-20312,0.002160000,0.441560000,0.9396531791907514,2025-10-25,2025-10-25
CVE-2025-20311,0.000270000,0.061970000,0.2846242774566474,2025-10-25,2025-10-25
CVE-2025-20293,0.000220000,0.045000000,0.16208092485549133,2025-10-25,2025-10-25
CVE-2025-20240,0.000500000,0.152850000,0.7278612716763005,2025-10-25,2025-10-25
CVE-2025-20160,0.000870000,0.259150000,0.8645086705202312,2025-10-25,2025-10-25
CVE-2025-20149,0.000290000,0.069300000,0.2945664739884393,2025-10-25,2025-10-25
CVE-2025-10909,0.000330000,0.087310000,0.3796531791907514,2025-10-25,2025-10-25
CVE-2025-10892,0.000800000,0.245810000,0.8543352601156069,2025-10-25,2025-10-25
CVE-2025-10891,0.000800000,0.245810000,0.8543352601156069,2025-10-25,2025-10-25
CVE-2025-10890,0.000370000,0.103560000,0.5188439306358381,2025-10-25,2025-10-25
CVE-2025-10585,0.010700000,0.770130000,0.9856647398843931,2025-10-25,2025-10-25
CVE-2025-10502,0.000740000,0.228380000,0.8430057803468208,2025-10-25,2025-10-25
CVE-2025-10501,0.001010000,0.285610000,0.8804624277456647,2025-10-25,2025-10-25
CVE-2025-10500,0.001090000,0.300020000,0.8894797687861272,2025-10-25,2025-10-25
CVE-2025-10360,0.000270000,0.060840000,0.2846242774566474,2025-10-25,2025-10-25
CVE-2025-60249,0.000320000,0.082840000,0.3382658959537572,2025-10-25,2025-10-25
CVE-2025-60019,0.000410000,0.122620000,0.6263583815028901,2025-10-25,2025-10-25
CVE-2025-60018,0.000480000,0.147980000,0.7149132947976878,2025-10-25,2025-10-25
CVE-2025-59841,0.000580000,0.180530000,0.7847398843930636,2025-10-25,2025-10-25
CVE-2025-59839,0.000350000,0.092700000,0.4268208092485549,2025-10-25,2025-10-25
CVE-2025-59838,0.000260000,0.057700000,0.23653179190751444,2025-10-25,2025-10-25
CVE-2025-59834,0.008650000,0.743610000,0.983121387283237,2025-10-25,2025-10-25
CVE-2025-59833,0.000430000,0.126920000,0.6448554913294797,2025-10-25,2025-10-25
CVE-2025-59832,0.000530000,0.166820000,0.7479768786127168,2025-10-25,2025-10-25
CVE-2025-59831,0.000690000,0.215000000,0.829364161849711,2025-10-25,2025-10-25
CVE-2025-59830,0.000580000,0.184290000,0.7847398843930636,2025-10-25,2025-10-25
CVE-2025-59828,0.000540000,0.167910000,0.7553757225433526,2025-10-25,2025-10-25
CVE-2025-59827,0.000410000,0.119810000,0.6263583815028901,2025-10-25,2025-10-25
CVE-2025-59823,0.000730000,0.226480000,0.8416184971098266,2025-10-25,2025-10-25
CVE-2025-59814,0.000450000,0.136340000,0.6695953757225434,2025-10-25,2025-10-25
CVE-2025-59426,0.000390000,0.114260000,0.5563005780346821,2025-10-25,2025-10-25
CVE-2025-59422,0.000300000,0.073750000,0.30890173410404625,2025-10-25,2025-10-25
CVE-2025-57632,0.000830000,0.251450000,0.8596531791907515,2025-10-25,2025-10-25
CVE-2025-57623,0.001740000,0.392510000,0.9227745664739885,2025-10-25,2025-10-25
CVE-2025-57446,0.001380000,0.345370000,0.9058959537572254,2025-10-25,2025-10-25
CVE-2025-57324,0.000530000,0.166440000,0.7479768786127168,2025-10-25,2025-10-25
CVE-2025-57320,0.000500000,0.152690000,0.7278612716763005,2025-10-25,2025-10-25
CVE-2025-57319,0.000490000,0.151710000,0.7211560693641619,2025-10-25,2025-10-25
CVE-2025-57318,0.000540000,0.167250000,0.7553757225433526,2025-10-25,2025-10-25
CVE-2025-57317,0.000520000,0.162020000,0.7438150289017341,2025-10-25,2025-10-25
CVE-2025-55560,0.000460000,0.138870000,0.6763005780346821,2025-10-25,2025-10-25
CVE-2025-55559,0.000200000,0.039460000,0.14959537572254336,2025-10-25,2025-10-25
CVE-2025-55558,0.000460000,0.138870000,0.6763005780346821,2025-10-25,2025-10-25
CVE-2025-55557,0.000460000,0.138870000,0.6763005780346821,2025-10-25,2025-10-25
CVE-2025-55556,0.000170000,0.029230000,0.10150289017341041,2025-10-25,2025-10-25
CVE-2025-55554,0.000480000,0.145250000,0.7149132947976878,2025-10-25,2025-10-25
CVE-2025-55553,0.000460000,0.138870000,0.6763005780346821,2025-10-25,2025-10-25
CVE-2025-55552,0.000490000,0.149790000,0.7211560693641619,2025-10-25,2025-10-25
CVE-2025-55551,0.000490000,0.149270000,0.7211560693641619,2025-10-25,2025-10-25
CVE-2025-5494,0.000090000,0.005620000,0.03421965317919075,2025-10-25,2025-10-25
CVE-2025-54520,0.000240000,0.051970000,0.1722543352601156,2025-10-25,2025-10-25
CVE-2025-48707,0.000500000,0.153960000,0.7278612716763005,2025-10-25,2025-10-25
CVE-2025-46153,0.000380000,0.107730000,0.5440462427745665,2025-10-25,2025-10-25
CVE-2025-46152,0.000450000,0.135320000,0.6695953757225434,2025-10-25,2025-10-25
CVE-2025-46150,0.000350000,0.095170000,0.4268208092485549,2025-10-25,2025-10-25
CVE-2025-46149,0.000330000,0.086960000,0.3796531791907514,2025-10-25,2025-10-25
CVE-2025-46148,0.000350000,0.095170000,0.4268208092485549,2025-10-25,2025-10-25
CVE-2025-43993,0.000150000,0.018980000,0.07514450867052024,2025-10-25,2025-10-25
CVE-2025-43943,0.000470000,0.141360000,0.686242774566474,2025-10-25,2025-10-25
CVE-2025-43816,0.000550000,0.173630000,0.7657803468208092,2025-10-25,2025-10-25
CVE-2025-40838,0.000400000,0.118310000,0.610635838150289,2025-10-25,2025-10-25
CVE-2025-40837,0.000460000,0.139110000,0.6763005780346821,2025-10-25,2025-10-25
CVE-2025-40836,0.001550000,0.368360000,0.9158381502890174,2025-10-25,2025-10-25
CVE-2025-40698,0.000340000,0.087640000,0.3965317919075145,2025-10-25,2025-10-25
CVE-2025-36857,0.000130000,0.013890000,0.04947976878612717,2025-10-25,2025-10-25
CVE-2025-36601,0.000380000,0.109240000,0.5440462427745665,2025-10-25,2025-10-25
CVE-2025-34227,0.012840000,0.789300000,0.9877456647398843,2025-10-25,2025-10-25
CVE-2025-33116,0.000260000,0.059490000,0.23653179190751444,2025-10-25,2025-10-25
CVE-2025-29157,0.001040000,0.291620000,0.8836994219653179,2025-10-25,2025-10-25
CVE-2025-29156,0.000740000,0.230440000,0.8430057803468208,2025-10-25,2025-10-25
CVE-2025-29155,0.001120000,0.305550000,0.8927167630057804,2025-10-25,2025-10-25
CVE-2025-27262,0.000360000,0.102300000,0.48485549132947975,2025-10-25,2025-10-25
CVE-2025-27261,0.000320000,0.082480000,0.3382658959537572,2025-10-25,2025-10-25
CVE-2025-26333,0.000550000,0.173810000,0.7657803468208092,2025-10-25,2025-10-25
CVE-2025-26278,0.000540000,0.167250000,0.7553757225433526,2025-10-25,2025-10-25
CVE-2025-21056,0.000300000,0.076360000,0.30890173410404625,2025-10-25,2025-10-25
CVE-2025-20363,0.002890000,0.520390000,0.9514450867052023,2025-10-25,2025-10-25
CVE-2025-20362,0.170060000,0.946820000,0.9972254335260116,2025-10-25,2025-10-25
CVE-2025-20333,0.015250000,0.806400000,0.9891329479768786,2025-10-25,2025-10-25
CVE-2025-10967,0.000370000,0.103560000,0.5188439306358381,2025-10-25,2025-10-25
CVE-2025-10965,0.000450000,0.137080000,0.6695953757225434,2025-10-25,2025-10-25
CVE-2025-10964,0.003510000,0.568870000,0.9609248554913294,2025-10-25,2025-10-25
CVE-2025-10963,0.003510000,0.568870000,0.9609248554913294,2025-10-25,2025-10-25
CVE-2025-10962,0.003510000,0.568870000,0.9609248554913294,2025-10-25,2025-10-25
CVE-2025-10961,0.010190000,0.764830000,0.9849710982658959,2025-10-25,2025-10-25
CVE-2025-10960,0.003510000,0.568870000,0.9609248554913294,2025-10-25,2025-10-25
CVE-2025-10959,0.003510000,0.568870000,0.9609248554913294,2025-10-25,2025-10-25
CVE-2025-10958,0.003510000,0.568870000,0.9609248554913294,2025-10-25,2025-10-25
CVE-2025-10957,0.001800000,0.399730000,0.9269364161849711,2025-10-25,2025-10-25
CVE-2025-10953,0.000920000,0.267660000,0.87121387283237,2025-10-25,2025-10-25
CVE-2025-10952,0.000390000,0.113090000,0.5563005780346821,2025-10-25,2025-10-25
CVE-2025-10951,0.000760000,0.235370000,0.8471676300578035,2025-10-25,2025-10-25
CVE-2025-10950,0.000450000,0.137080000,0.6695953757225434,2025-10-25,2025-10-25
CVE-2025-10949,0.000300000,0.075890000,0.30890173410404625,2025-10-25,2025-10-25
CVE-2025-10948,0.000480000,0.148600000,0.7149132947976878,2025-10-25,2025-10-25
CVE-2025-10947,0.000420000,0.123630000,0.6372254335260116,2025-10-25,2025-10-25
CVE-2025-10946,0.000290000,0.072000000,0.2945664739884393,2025-10-25,2025-10-25
CVE-2025-10945,0.000290000,0.072000000,0.2945664739884393,2025-10-25,2025-10-25
CVE-2025-10944,0.000290000,0.072000000,0.2945664739884393,2025-10-25,2025-10-25
CVE-2025-10943,0.000290000,0.072000000,0.2945664739884393,2025-10-25,2025-10-25
CVE-2025-10942,0.000480000,0.148600000,0.7149132947976878,2025-10-25,2025-10-25
CVE-2025-10941,0.000120000,0.010770000,0.0446242774566474,2025-10-25,2025-10-25
CVE-2025-10940,0.000290000,0.068420000,0.2945664739884393,2025-10-25,2025-10-25
CVE-2025-10911,0.000130000,0.013760000,0.04947976878612717,2025-10-25,2025-10-25
CVE-2025-10894,0.000530000,0.165230000,0.7479768786127168,2025-10-25,2025-10-25
CVE-2025-10880,0.000390000,0.114760000,0.5563005780346821,2025-10-25,2025-10-25
CVE-2025-10879,0.000420000,0.124780000,0.6372254335260116,2025-10-25,2025-10-25
CVE-2025-10542,0.001440000,0.353880000,0.9091329479768786,2025-10-25,2025-10-25
CVE-2025-10541,0.000130000,0.015530000,0.04947976878612717,2025-10-25,2025-10-25
CVE-2025-10540,0.000090000,0.007000000,0.03421965317919075,2025-10-25,2025-10-25
CVE-2025-10467,0.000410000,0.119880000,0.6263583815028901,2025-10-25,2025-10-25
CVE-2025-10449,0.000570000,0.178560000,0.778728323699422,2025-10-25,2025-10-25
CVE-2025-10438,0.000570000,0.178560000,0.778728323699422,2025-10-25,2025-10-25
CVE-2024-48014,0.000710000,0.222800000,0.8349132947976878,2025-10-25,2025-10-25
CVE-2020-36851,0.008280000,0.737450000,0.9821965317919075,2025-10-25,2025-10-25
CVE-2025-9985,0.000470000,0.141660000,0.686242774566474,2025-10-25,2025-10-25
CVE-2025-9984,0.000480000,0.146830000,0.7149132947976878,2025-10-25,2025-10-25
CVE-2025-9490,0.000340000,0.089490000,0.3965317919075145,2025-10-25,2025-10-25
CVE-2025-9044,0.000310000,0.076720000,0.32439306358381503,2025-10-25,2025-10-25
CVE-2025-8906,0.000320000,0.082840000,0.3382658959537572,2025-10-25,2025-10-25
CVE-2025-8200,0.000320000,0.081350000,0.3382658959537572,2025-10-25,2025-10-25
CVE-2025-60251,0.000200000,0.037690000,0.14959537572254336,2025-10-25,2025-10-25
CVE-2025-60250,0.000230000,0.045890000,0.16716763005780347,2025-10-25,2025-10-25
CVE-2025-60119,0.000360000,0.098470000,0.48485549132947975,2025-10-25,2025-10-25
CVE-2025-60118,0.000330000,0.086190000,0.3796531791907514,2025-10-25,2025-10-25
CVE-2025-60117,0.000160000,0.023480000,0.08971098265895953,2025-10-25,2025-10-25
CVE-2025-60116,0.000400000,0.116520000,0.610635838150289,2025-10-25,2025-10-25
CVE-2025-60115,0.000160000,0.023480000,0.08971098265895953,2025-10-25,2025-10-25
CVE-2025-60114,0.000500000,0.152940000,0.7278612716763005,2025-10-25,2025-10-25
CVE-2025-60113,0.000160000,0.023480000,0.08971098265895953,2025-10-25,2025-10-25
CVE-2025-60112,0.000340000,0.088270000,0.3965317919075145,2025-10-25,2025-10-25
CVE-2025-60111,0.000200000,0.039080000,0.14959537572254336,2025-10-25,2025-10-25
CVE-2025-60110,0.000330000,0.086190000,0.3796531791907514,2025-10-25,2025-10-25
CVE-2025-60109,0.000330000,0.086190000,0.3796531791907514,2025-10-25,2025-10-25
CVE-2025-60108,0.000330000,0.086190000,0.3796531791907514,2025-10-25,2025-10-25
CVE-2025-60107,0.000330000,0.086190000,0.3796531791907514,2025-10-25,2025-10-25
CVE-2025-60106,0.000440000,0.132710000,0.6564161849710982,2025-10-25,2025-10-25
CVE-2025-60105,0.000340000,0.088270000,0.3965317919075145,2025-10-25,2025-10-25
CVE-2025-60104,0.000330000,0.086250000,0.3796531791907514,2025-10-25,2025-10-25
CVE-2025-60103,0.000400000,0.116520000,0.610635838150289,2025-10-25,2025-10-25
CVE-2025-60102,0.000340000,0.088270000,0.3965317919075145,2025-10-25,2025-10-25
CVE-2025-60101,0.000330000,0.086250000,0.3796531791907514,2025-10-25,2025-10-25
CVE-2025-60100,0.000510000,0.157510000,0.7384971098265896,2025-10-25,2025-10-25
CVE-2025-60099,0.000340000,0.088270000,0.3965317919075145,2025-10-25,2025-10-25
CVE-2025-60098,0.000500000,0.152280000,0.7278612716763005,2025-10-25,2025-10-25
CVE-2025-60097,0.000400000,0.116520000,0.610635838150289,2025-10-25,2025-10-25
CVE-2025-60096,0.000400000,0.116520000,0.610635838150289,2025-10-25,2025-10-25
CVE-2025-60095,0.000300000,0.076500000,0.30890173410404625,2025-10-25,2025-10-25
CVE-2025-60094,0.000290000,0.072650000,0.2945664739884393,2025-10-25,2025-10-25
CVE-2025-60093,0.000160000,0.023480000,0.08971098265895953,2025-10-25,2025-10-25
CVE-2025-60092,0.000360000,0.098470000,0.48485549132947975,2025-10-25,2025-10-25
CVE-2025-60040,0.000340000,0.088270000,0.3965317919075145,2025-10-25,2025-10-25
CVE-2025-60017,0.006710000,0.705420000,0.9798843930635838,2025-10-25,2025-10-25
CVE-2025-59817,0.000410000,0.122290000,0.6263583815028901,2025-10-25,2025-10-25
CVE-2025-59816,0.000520000,0.161510000,0.7438150289017341,2025-10-25,2025-10-25
CVE-2025-59815,0.000530000,0.164660000,0.7479768786127168,2025-10-25,2025-10-25
CVE-2025-59408,0.000210000,0.040520000,0.1553757225433526,2025-10-25,2025-10-25
CVE-2025-59404,0.000360000,0.098420000,0.48485549132947975,2025-10-25,2025-10-25
CVE-2025-59402,0.000160000,0.025040000,0.08971098265895953,2025-10-25,2025-10-25
CVE-2025-59012,0.000360000,0.098500000,0.48485549132947975,2025-10-25,2025-10-25
CVE-2025-59011,0.000540000,0.168000000,0.7553757225433526,2025-10-25,2025-10-25
CVE-2025-59010,0.000410000,0.119500000,0.6263583815028901,2025-10-25,2025-10-25
CVE-2025-59002,0.000530000,0.165620000,0.7479768786127168,2025-10-25,2025-10-25
CVE-2025-58919,0.000370000,0.103220000,0.5188439306358381,2025-10-25,2025-10-25
CVE-2025-58917,0.000340000,0.088270000,0.3965317919075145,2025-10-25,2025-10-25
CVE-2025-58914,0.000160000,0.023480000,0.08971098265895953,2025-10-25,2025-10-25
CVE-2025-56769,0.000900000,0.264580000,0.8691329479768786,2025-10-25,2025-10-25
CVE-2025-54831,0.000440000,0.132730000,0.6564161849710982,2025-10-25,2025-10-25
CVE-2025-4957,0.000360000,0.098500000,0.48485549132947975,2025-10-25,2025-10-25
CVE-2025-48326,0.000290000,0.072650000,0.2945664739884393,2025-10-25,2025-10-25
CVE-2025-48107,0.000360000,0.098500000,0.48485549132947975,2025-10-25,2025-10-25
CVE-2025-35027,0.005820000,0.680110000,0.9773410404624278,2025-10-25,2025-10-25
CVE-2025-27006,0.000340000,0.088270000,0.3965317919075145,2025-10-25,2025-10-25
CVE-2025-26482,0.000370000,0.104920000,0.5188439306358381,2025-10-25,2025-10-25
CVE-2025-1862,0.002770000,0.508400000,0.9500578034682081,2025-10-25,2025-10-25
CVE-2025-1396,0.000380000,0.108560000,0.5440462427745665,2025-10-25,2025-10-25
CVE-2025-11021,0.000380000,0.109530000,0.5440462427745665,2025-10-25,2025-10-25
CVE-2025-11005,0.027780000,0.854900000,0.99121387283237,2025-10-25,2025-10-25
CVE-2025-11000,0.000210000,0.040860000,0.1553757225433526,2025-10-25,2025-10-25
CVE-2025-10999,0.000230000,0.047720000,0.16716763005780347,2025-10-25,2025-10-25
CVE-2025-10998,0.000230000,0.047720000,0.16716763005780347,2025-10-25,2025-10-25
CVE-2025-10997,0.000230000,0.046330000,0.16716763005780347,2025-10-25,2025-10-25
CVE-2025-10996,0.000230000,0.046330000,0.16716763005780347,2025-10-25,2025-10-25
CVE-2025-10995,0.000270000,0.060870000,0.2846242774566474,2025-10-25,2025-10-25
CVE-2025-10994,0.000230000,0.046330000,0.16716763005780347,2025-10-25,2025-10-25
CVE-2025-10993,0.000430000,0.129060000,0.6448554913294797,2025-10-25,2025-10-25
CVE-2025-10992,0.000390000,0.113090000,0.5563005780346821,2025-10-25,2025-10-25
CVE-2025-10989,0.000360000,0.098330000,0.48485549132947975,2025-10-25,2025-10-25
CVE-2025-10988,0.000380000,0.106960000,0.5440462427745665,2025-10-25,2025-10-25
CVE-2025-10987,0.000380000,0.106960000,0.5440462427745665,2025-10-25,2025-10-25
CVE-2025-10981,0.000290000,0.070550000,0.2945664739884393,2025-10-25,2025-10-25
CVE-2025-10980,0.000290000,0.070550000,0.2945664739884393,2025-10-25,2025-10-25
CVE-2025-10979,0.000290000,0.070550000,0.2945664739884393,2025-10-25,2025-10-25
CVE-2025-10978,0.000290000,0.070550000,0.2945664739884393,2025-10-25,2025-10-25
CVE-2025-10977,0.000290000,0.070550000,0.2945664739884393,2025-10-25,2025-10-25
CVE-2025-10976,0.000290000,0.070550000,0.2945664739884393,2025-10-25,2025-10-25
CVE-2025-10975,0.000490000,0.149120000,0.7211560693641619,2025-10-25,2025-10-25
CVE-2025-10974,0.000490000,0.149120000,0.7211560693641619,2025-10-25,2025-10-25
CVE-2025-10973,0.000370000,0.103560000,0.5188439306358381,2025-10-25,2025-10-25
CVE-2025-10871,0.000140000,0.016750000,0.06127167630057803,2025-10-25,2025-10-25
CVE-2025-10867,0.000280000,0.065210000,0.2894797687861272,2025-10-25,2025-10-25
CVE-2025-10858,0.000500000,0.154510000,0.7278612716763005,2025-10-25,2025-10-25
CVE-2025-10752,0.000230000,0.045950000,0.16716763005780347,2025-10-25,2025-10-25
CVE-2025-10747,0.002920000,0.522750000,0.9521387283236994,2025-10-25,2025-10-25
CVE-2025-10745,0.000900000,0.265570000,0.8691329479768786,2025-10-25,2025-10-25
CVE-2025-10490,0.000290000,0.068440000,0.2945664739884393,2025-10-25,2025-10-25
CVE-2025-10377,0.000130000,0.013400000,0.04947976878612717,2025-10-25,2025-10-25
CVE-2025-10307,0.012940000,0.790060000,0.9882080924855491,2025-10-25,2025-10-25
CVE-2025-10180,0.000340000,0.089490000,0.3965317919075145,2025-10-25,2025-10-25
CVE-2025-10178,0.000360000,0.099200000,0.48485549132947975,2025-10-25,2025-10-25
CVE-2025-10173,0.000380000,0.108430000,0.5440462427745665,2025-10-25,2025-10-25
CVE-2025-10137,0.000540000,0.168580000,0.7553757225433526,2025-10-25,2025-10-25
CVE-2025-10136,0.000320000,0.082840000,0.3382658959537572,2025-10-25,2025-10-25
CVE-2025-10037,0.000300000,0.073500000,0.30890173410404625,2025-10-25,2025-10-25
CVE-2025-10036,0.000300000,0.073500000,0.30890173410404625,2025-10-25,2025-10-25
CVE-2025-9958,0.000100000,0.008320000,0.0376878612716763,2025-10-25,2025-10-25
CVE-2025-9642,0.000420000,0.122890000,0.6372254335260116,2025-10-25,2025-10-25
CVE-2025-9267,0.000170000,0.030190000,0.10150289017341041,2025-10-25,2025-10-25
CVE-2025-7691,0.000110000,0.009530000,0.04138728323699422,2025-10-25,2025-10-25
CVE-2025-6396,0.000310000,0.079990000,0.32439306358381503,2025-10-25,2025-10-25
CVE-2025-60219,0.000560000,0.176660000,0.7738728323699422,2025-10-25,2025-10-25
CVE-2025-60186,0.000330000,0.086250000,0.3796531791907514,2025-10-25,2025-10-25
CVE-2025-60185,0.000330000,0.086250000,0.3796531791907514,2025-10-25,2025-10-25
CVE-2025-60184,0.000330000,0.086250000,0.3796531791907514,2025-10-25,2025-10-25
CVE-2025-60181,0.000350000,0.094120000,0.4268208092485549,2025-10-25,2025-10-25
CVE-2025-60179,0.000330000,0.086250000,0.3796531791907514,2025-10-25,2025-10-25
CVE-2025-60177,0.000330000,0.086250000,0.3796531791907514,2025-10-25,2025-10-25
CVE-2025-60173,0.000150000,0.023010000,0.07514450867052024,2025-10-25,2025-10-25
CVE-2025-60172,0.000150000,0.023010000,0.07514450867052024,2025-10-25,2025-10-25
CVE-2025-60171,0.000150000,0.023010000,0.07514450867052024,2025-10-25,2025-10-25
CVE-2025-60170,0.000150000,0.023010000,0.07514450867052024,2025-10-25,2025-10-25
CVE-2025-60169,0.000150000,0.023010000,0.07514450867052024,2025-10-25,2025-10-25
CVE-2025-60167,0.000300000,0.076500000,0.30890173410404625,2025-10-25,2025-10-25
CVE-2025-60166,0.000290000,0.072650000,0.2945664739884393,2025-10-25,2025-10-25
CVE-2025-60165,0.000290000,0.072650000,0.2945664739884393,2025-10-25,2025-10-25
CVE-2025-60164,0.000150000,0.023010000,0.07514450867052024,2025-10-25,2025-10-25
CVE-2025-60163,0.000340000,0.088270000,0.3965317919075145,2025-10-25,2025-10-25
CVE-2025-60162,0.000340000,0.088270000,0.3965317919075145,2025-10-25,2025-10-25
CVE-2025-60161,0.000350000,0.094120000,0.4268208092485549,2025-10-25,2025-10-25
CVE-2025-60160,0.000330000,0.086250000,0.3796531791907514,2025-10-25,2025-10-25
CVE-2025-60159,0.000290000,0.072650000,0.2945664739884393,2025-10-25,2025-10-25
CVE-2025-60158,0.000330000,0.086250000,0.3796531791907514,2025-10-25,2025-10-25
CVE-2025-60157,0.000340000,0.088270000,0.3965317919075145,2025-10-25,2025-10-25
CVE-2025-60156,0.000190000,0.036260000,0.14358381502890175,2025-10-25,2025-10-25
CVE-2025-60155,0.000370000,0.103220000,0.5188439306358381,2025-10-25,2025-10-25
CVE-2025-60154,0.000330000,0.086250000,0.3796531791907514,2025-10-25,2025-10-25
CVE-2025-60153,0.001270000,0.329620000,0.9010404624277457,2025-10-25,2025-10-25
CVE-2025-60152,0.000290000,0.072650000,0.2945664739884393,2025-10-25,2025-10-25
CVE-2025-60150,0.001270000,0.329620000,0.9010404624277457,2025-10-25,2025-10-25
CVE-2025-60149,0.000330000,0.086250000,0.3796531791907514,2025-10-25,2025-10-25
CVE-2025-60148,0.000290000,0.072650000,0.2945664739884393,2025-10-25,2025-10-25
CVE-2025-60147,0.000340000,0.088270000,0.3965317919075145,2025-10-25,2025-10-25
CVE-2025-60146,0.000330000,0.086250000,0.3796531791907514,2025-10-25,2025-10-25
CVE-2025-60145,0.000160000,0.023480000,0.08971098265895953,2025-10-25,2025-10-25
CVE-2025-60144,0.000330000,0.086250000,0.3796531791907514,2025-10-25,2025-10-25
CVE-2025-60143,0.000290000,0.072650000,0.2945664739884393,2025-10-25,2025-10-25
CVE-2025-60142,0.000340000,0.088270000,0.3965317919075145,2025-10-25,2025-10-25
CVE-2025-60141,0.000330000,0.086250000,0.3796531791907514,2025-10-25,2025-10-25
CVE-2025-60140,0.000360000,0.098470000,0.48485549132947975,2025-10-25,2025-10-25
CVE-2025-60139,0.000160000,0.023480000,0.08971098265895953,2025-10-25,2025-10-25
CVE-2025-60138,0.000340000,0.088270000,0.3965317919075145,2025-10-25,2025-10-25
CVE-2025-60137,0.000160000,0.023480000,0.08971098265895953,2025-10-25,2025-10-25
CVE-2025-60136,0.000330000,0.086250000,0.3796531791907514,2025-10-25,2025-10-25
CVE-2025-60133,0.000330000,0.086250000,0.3796531791907514,2025-10-25,2025-10-25
CVE-2025-60130,0.000370000,0.103220000,0.5188439306358381,2025-10-25,2025-10-25
CVE-2025-60129,0.000370000,0.103220000,0.5188439306358381,2025-10-25,2025-10-25
CVE-2025-60128,0.000290000,0.072650000,0.2945664739884393,2025-10-25,2025-10-25
CVE-2025-60127,0.000400000,0.116520000,0.610635838150289,2025-10-25,2025-10-25
CVE-2025-60126,0.001270000,0.329620000,0.9010404624277457,2025-10-25,2025-10-25
CVE-2025-60125,0.000360000,0.098470000,0.48485549132947975,2025-10-25,2025-10-25
CVE-2025-60124,0.000340000,0.088270000,0.3965317919075145,2025-10-25,2025-10-25
CVE-2025-60123,0.000290000,0.072650000,0.2945664739884393,2025-10-25,2025-10-25
CVE-2025-60122,0.000290000,0.072650000,0.2945664739884393,2025-10-25,2025-10-25
CVE-2025-60121,0.000370000,0.103220000,0.5188439306358381,2025-10-25,2025-10-25
CVE-2025-60120,0.000370000,0.104240000,0.5188439306358381,2025-10-25,2025-10-25
CVE-2025-59844,0.004050000,0.602700000,0.9683236994219653,2025-10-25,2025-10-25
CVE-2025-59843,0.000380000,0.108560000,0.5440462427745665,2025-10-25,2025-10-25
CVE-2025-59842,0.000310000,0.076590000,0.32439306358381503,2025-10-25,2025-10-25
CVE-2025-59362,0.000580000,0.182320000,0.7847398843930636,2025-10-25,2025-10-25
CVE-2025-58385,0.000170000,0.027980000,0.10150289017341041,2025-10-25,2025-10-25
CVE-2025-57292,0.000300000,0.074010000,0.30890173410404625,2025-10-25,2025-10-25
CVE-2025-56463,0.000130000,0.015230000,0.04947976878612717,2025-10-25,2025-10-25
CVE-2025-56383,0.000160000,0.023060000,0.08971098265895953,2025-10-25,2025-10-25
CVE-2025-55848,0.000400000,0.115780000,0.610635838150289,2025-10-25,2025-10-25
CVE-2025-55847,0.000170000,0.027850000,0.10150289017341041,2025-10-25,2025-10-25
CVE-2025-55187,0.000440000,0.130450000,0.6564161849710982,2025-10-25,2025-10-25
CVE-2025-5069,0.000080000,0.004510000,0.027052023121387284,2025-10-25,2025-10-25
CVE-2025-45994,0.000380000,0.109480000,0.5440462427745665,2025-10-25,2025-10-25
CVE-2025-36326,0.000380000,0.106660000,0.5440462427745665,2025-10-25,2025-10-25
CVE-2025-36274,0.000290000,0.069240000,0.2945664739884393,2025-10-25,2025-10-25
CVE-2025-26258,0.000310000,0.079990000,0.32439306358381503,2025-10-25,2025-10-25
CVE-2025-11060,0.000330000,0.085920000,0.3796531791907514,2025-10-25,2025-10-25
CVE-2025-11042,0.000360000,0.096750000,0.48485549132947975,2025-10-25,2025-10-25
CVE-2025-11034,0.000430000,0.126170000,0.6448554913294797,2025-10-25,2025-10-25
CVE-2025-11033,0.000300000,0.074540000,0.30890173410404625,2025-10-25,2025-10-25
CVE-2025-11032,0.000300000,0.074540000,0.30890173410404625,2025-10-25,2025-10-25
CVE-2025-11031,0.001080000,0.297250000,0.8878612716763006,2025-10-25,2025-10-25
CVE-2025-11030,0.000500000,0.152900000,0.7278612716763005,2025-10-25,2025-10-25
CVE-2025-11029,0.000170000,0.030270000,0.10150289017341041,2025-10-25,2025-10-25
CVE-2025-11028,0.000350000,0.095130000,0.4268208092485549,2025-10-25,2025-10-25
CVE-2025-11027,0.000260000,0.057390000,0.23653179190751444,2025-10-25,2025-10-25
CVE-2025-11026,0.000300000,0.075810000,0.30890173410404625,2025-10-25,2025-10-25
CVE-2025-11025,0.000330000,0.087370000,0.3796531791907514,2025-10-25,2025-10-25
CVE-2025-11019,0.000290000,0.068420000,0.2945664739884393,2025-10-25,2025-10-25
CVE-2025-11018,0.002190000,0.445020000,0.9412716763005781,2025-10-25,2025-10-25
CVE-2025-11017,0.000230000,0.047720000,0.16716763005780347,2025-10-25,2025-10-25
CVE-2025-11016,0.000470000,0.141350000,0.686242774566474,2025-10-25,2025-10-25
CVE-2025-11015,0.000150000,0.019080000,0.07514450867052024,2025-10-25,2025-10-25
CVE-2025-11014,0.000230000,0.046330000,0.16716763005780347,2025-10-25,2025-10-25
CVE-2025-11013,0.000190000,0.037170000,0.14358381502890175,2025-10-25,2025-10-25
CVE-2025-11012,0.000220000,0.043170000,0.16208092485549133,2025-10-25,2025-10-25
CVE-2025-11011,0.000210000,0.042240000,0.1553757225433526,2025-10-25,2025-10-25
CVE-2025-11010,0.000140000,0.018370000,0.06127167630057803,2025-10-25,2025-10-25
CVE-2025-10868,0.000130000,0.014540000,0.04947976878612717,2025-10-25,2025-10-25
CVE-2025-10544,0.000510000,0.156310000,0.7384971098265896,2025-10-25,2025-10-25
CVE-2025-9944,0.000140000,0.017360000,0.06127167630057803,2025-10-25,2025-10-25
CVE-2025-9899,0.000130000,0.015560000,0.04947976878612717,2025-10-25,2025-10-25
CVE-2025-9898,0.000140000,0.017360000,0.06127167630057803,2025-10-25,2025-10-25
CVE-2025-9896,0.000140000,0.017360000,0.06127167630057803,2025-10-25,2025-10-25
CVE-2025-9894,0.000140000,0.017360000,0.06127167630057803,2025-10-25,2025-10-25
CVE-2025-9893,0.000140000,0.017360000,0.06127167630057803,2025-10-25,2025-10-25
CVE-2025-9816,0.000980000,0.278270000,0.8779190751445086,2025-10-25,2025-10-25
CVE-2025-8440,0.000320000,0.081350000,0.3382658959537572,2025-10-25,2025-10-25
CVE-2025-8014,0.000760000,0.233060000,0.8471676300578035,2025-10-25,2025-10-25
CVE-2025-7647,0.000160000,0.024640000,0.08971098265895953,2025-10-25,2025-10-25
CVE-2025-59945,0.000320000,0.080140000,0.3382658959537572,2025-10-25,2025-10-25
CVE-2025-59939,0.000340000,0.089620000,0.3965317919075145,2025-10-25,2025-10-25
CVE-2025-59938,0.000610000,0.193890000,0.8002312138728324,2025-10-25,2025-10-25
CVE-2025-59936,0.000590000,0.187190000,0.7900578034682081,2025-10-25,2025-10-25
CVE-2025-59934,0.000100000,0.008270000,0.0376878612716763,2025-10-25,2025-10-25
CVE-2025-59932,0.000580000,0.182500000,0.7847398843930636,2025-10-25,2025-10-25
CVE-2025-59845,0.000150000,0.020510000,0.07514450867052024,2025-10-25,2025-10-25
CVE-2025-58384,0.005130000,0.656280000,0.9750289017341041,2025-10-25,2025-10-25
CVE-2025-57692,0.000500000,0.153260000,0.7278612716763005,2025-10-25,2025-10-25
CVE-2025-36239,0.000720000,0.225190000,0.8353757225433526,2025-10-25,2025-10-25
CVE-2025-36144,0.000120000,0.011900000,0.0446242774566474,2025-10-25,2025-10-25
CVE-2025-3193,0.000470000,0.141980000,0.686242774566474,2025-10-25,2025-10-25
CVE-2025-11120,0.000760000,0.235370000,0.8471676300578035,2025-10-25,2025-10-25
CVE-2025-11119,0.000280000,0.066510000,0.2894797687861272,2025-10-25,2025-10-25
CVE-2025-11118,0.000300000,0.074540000,0.30890173410404625,2025-10-25,2025-10-25
CVE-2025-11117,0.000790000,0.243810000,0.8527167630057804,2025-10-25,2025-10-25
CVE-2025-11116,0.000300000,0.074540000,0.30890173410404625,2025-10-25,2025-10-25
CVE-2025-11115,0.000300000,0.074540000,0.30890173410404625,2025-10-25,2025-10-25
CVE-2025-11114,0.000280000,0.066670000,0.2894797687861272,2025-10-25,2025-10-25
CVE-2025-11113,0.000290000,0.070320000,0.2945664739884393,2025-10-25,2025-10-25
CVE-2025-11112,0.000280000,0.066510000,0.2894797687861272,2025-10-25,2025-10-25
CVE-2025-11111,0.000300000,0.074540000,0.30890173410404625,2025-10-25,2025-10-25
CVE-2025-11110,0.000300000,0.074540000,0.30890173410404625,2025-10-25,2025-10-25
CVE-2025-11109,0.000300000,0.074540000,0.30890173410404625,2025-10-25,2025-10-25
CVE-2025-11108,0.000290000,0.068660000,0.2945664739884393,2025-10-25,2025-10-25
CVE-2025-11107,0.000290000,0.068660000,0.2945664739884393,2025-10-25,2025-10-25
CVE-2025-11106,0.000290000,0.068660000,0.2945664739884393,2025-10-25,2025-10-25
CVE-2025-11105,0.000290000,0.068660000,0.2945664739884393,2025-10-25,2025-10-25
CVE-2025-11104,0.000280000,0.066670000,0.2894797687861272,2025-10-25,2025-10-25
CVE-2025-11103,0.000350000,0.094300000,0.4268208092485549,2025-10-25,2025-10-25
CVE-2025-11102,0.000290000,0.068660000,0.2945664739884393,2025-10-25,2025-10-25
CVE-2025-11101,0.000290000,0.068660000,0.2945664739884393,2025-10-25,2025-10-25
CVE-2025-11100,0.000890000,0.263130000,0.8670520231213873,2025-10-25,2025-10-25
CVE-2025-11099,0.000890000,0.263130000,0.8670520231213873,2025-10-25,2025-10-25
CVE-2025-11098,0.000890000,0.263130000,0.8670520231213873,2025-10-25,2025-10-25
CVE-2025-11097,0.000890000,0.263130000,0.8670520231213873,2025-10-25,2025-10-25
CVE-2025-11096,0.000890000,0.263130000,0.8670520231213873,2025-10-25,2025-10-25
CVE-2025-11095,0.000890000,0.263130000,0.8670520231213873,2025-10-25,2025-10-25
CVE-2025-11094,0.000370000,0.104550000,0.5188439306358381,2025-10-25,2025-10-25
CVE-2025-11092,0.000890000,0.263130000,0.8670520231213873,2025-10-25,2025-10-25
CVE-2025-11091,0.000760000,0.235370000,0.8471676300578035,2025-10-25,2025-10-25
CVE-2025-11090,0.000400000,0.119340000,0.610635838150289,2025-10-25,2025-10-25
CVE-2025-11089,0.000300000,0.074540000,0.30890173410404625,2025-10-25,2025-10-25
CVE-2025-11088,0.000280000,0.066670000,0.2894797687861272,2025-10-25,2025-10-25
CVE-2025-11083,0.000200000,0.038020000,0.14959537572254336,2025-10-25,2025-10-25
CVE-2025-11082,0.000180000,0.031200000,0.13202312138728323,2025-10-25,2025-10-25
CVE-2025-11081,0.000200000,0.039210000,0.14959537572254336,2025-10-25,2025-10-25
CVE-2025-11080,0.000300000,0.074810000,0.30890173410404625,2025-10-25,2025-10-25
CVE-2025-11079,0.001660000,0.382640000,0.9190751445086706,2025-10-25,2025-10-25
CVE-2025-11078,0.000360000,0.098330000,0.48485549132947975,2025-10-25,2025-10-25
CVE-2025-11077,0.000300000,0.074540000,0.30890173410404625,2025-10-25,2025-10-25
CVE-2025-11076,0.000300000,0.074540000,0.30890173410404625,2025-10-25,2025-10-25
CVE-2025-11075,0.000300000,0.074540000,0.30890173410404625,2025-10-25,2025-10-25
CVE-2025-11074,0.000300000,0.074540000,0.30890173410404625,2025-10-25,2025-10-25
CVE-2025-11073,0.003300000,0.554610000,0.9576878612716763,2025-10-25,2025-10-25
CVE-2025-11071,0.000260000,0.058590000,0.23653179190751444,2025-10-25,2025-10-25
CVE-2025-11070,0.000300000,0.074540000,0.30890173410404625,2025-10-25,2025-10-25
CVE-2025-11069,0.000250000,0.055360000,0.2069364161849711,2025-10-25,2025-10-25
CVE-2025-11068,0.000250000,0.055360000,0.2069364161849711,2025-10-25,2025-10-25
CVE-2025-11067,0.000250000,0.055360000,0.2069364161849711,2025-10-25,2025-10-25
CVE-2025-11066,0.000300000,0.074540000,0.30890173410404625,2025-10-25,2025-10-25
CVE-2025-11064,0.000300000,0.074540000,0.30890173410404625,2025-10-25,2025-10-25
CVE-2025-11063,0.000300000,0.074540000,0.30890173410404625,2025-10-25,2025-10-25
CVE-2025-11062,0.000370000,0.105140000,0.5188439306358381,2025-10-25,2025-10-25
CVE-2025-11061,0.000300000,0.074540000,0.30890173410404625,2025-10-25,2025-10-25
CVE-2025-11057,0.000300000,0.074540000,0.30890173410404625,2025-10-25,2025-10-25
CVE-2025-11056,0.000280000,0.066670000,0.2894797687861272,2025-10-25,2025-10-25
CVE-2025-11055,0.000300000,0.074540000,0.30890173410404625,2025-10-25,2025-10-25
CVE-2025-11054,0.000280000,0.066670000,0.2894797687861272,2025-10-25,2025-10-25
CVE-2025-11053,0.000300000,0.074540000,0.30890173410404625,2025-10-25,2025-10-25
CVE-2025-11052,0.000300000,0.074540000,0.30890173410404625,2025-10-25,2025-10-25
CVE-2025-11051,0.000240000,0.051270000,0.1722543352601156,2025-10-25,2025-10-25
CVE-2025-11050,0.000360000,0.098330000,0.48485549132947975,2025-10-25,2025-10-25
CVE-2025-11049,0.000360000,0.098330000,0.48485549132947975,2025-10-25,2025-10-25
CVE-2025-11048,0.000360000,0.098330000,0.48485549132947975,2025-10-25,2025-10-25
CVE-2025-11047,0.000360000,0.098330000,0.48485549132947975,2025-10-25,2025-10-25
CVE-2025-11046,0.000390000,0.111550000,0.5563005780346821,2025-10-25,2025-10-25
CVE-2025-11045,0.017440000,0.818610000,0.990057803468208,2025-10-25,2025-10-25
CVE-2025-11041,0.000280000,0.066670000,0.2894797687861272,2025-10-25,2025-10-25
CVE-2025-11040,0.000300000,0.074540000,0.30890173410404625,2025-10-25,2025-10-25
CVE-2025-11039,0.000290000,0.068660000,0.2945664739884393,2025-10-25,2025-10-25
CVE-2025-11038,0.000280000,0.066670000,0.2894797687861272,2025-10-25,2025-10-25
CVE-2025-11037,0.000350000,0.094030000,0.4268208092485549,2025-10-25,2025-10-25
CVE-2025-11036,0.000350000,0.094030000,0.4268208092485549,2025-10-25,2025-10-25
CVE-2025-11035,0.000380000,0.110160000,0.5440462427745665,2025-10-25,2025-10-25
CVE-2025-10954,0.000580000,0.182360000,0.7847398843930636,2025-10-25,2025-10-25
CVE-2025-10657,0.000160000,0.024340000,0.08971098265895953,2025-10-25,2025-10-25
CVE-2025-10499,0.000130000,0.013400000,0.04947976878612717,2025-10-25,2025-10-25
CVE-2025-10498,0.000130000,0.013400000,0.04947976878612717,2025-10-25,2025-10-25
CVE-2024-43192,0.000140000,0.017720000,0.06127167630057803,2025-10-25,2025-10-25
CVE-2025-9904,0.000510000,0.158800000,0.7384971098265896,2025-10-25,2025-10-25
CVE-2025-9903,0.000450000,0.136520000,0.6695953757225434,2025-10-25,2025-10-25
CVE-2025-9648,0.006110000,0.688960000,0.9784971098265896,2025-10-25,2025-10-25
CVE-2025-8868,0.106180000,0.929300000,0.9960693641618497,2025-10-25,2025-10-25
CVE-2025-7698,0.000410000,0.120350000,0.6263583815028901,2025-10-25,2025-10-25
CVE-2025-7104,0.000300000,0.075700000,0.30890173410404625,2025-10-25,2025-10-25
CVE-2025-6724,0.000530000,0.165250000,0.7479768786127168,2025-10-25,2025-10-25
CVE-2025-61659,0.000170000,0.027310000,0.10150289017341041,2025-10-25,2025-10-25
CVE-2025-57879,0.000350000,0.095010000,0.4268208092485549,2025-10-25,2025-10-25
CVE-2025-57878,0.000350000,0.095010000,0.4268208092485549,2025-10-25,2025-10-25
CVE-2025-57877,0.000360000,0.098660000,0.48485549132947975,2025-10-25,2025-10-25
CVE-2025-57876,0.000360000,0.098660000,0.48485549132947975,2025-10-25,2025-10-25
CVE-2025-57875,0.000360000,0.098660000,0.48485549132947975,2025-10-25,2025-10-25
CVE-2025-57874,0.000360000,0.098660000,0.48485549132947975,2025-10-25,2025-10-25
CVE-2025-57873,0.000360000,0.098660000,0.48485549132947975,2025-10-25,2025-10-25
CVE-2025-57872,0.000350000,0.095010000,0.4268208092485549,2025-10-25,2025-10-25
CVE-2025-57871,0.000360000,0.098660000,0.48485549132947975,2025-10-25,2025-10-25
CVE-2025-57516,0.003050000,0.533240000,0.9535260115606936,2025-10-25,2025-10-25
CVE-2025-57483,0.000350000,0.094820000,0.4268208092485549,2025-10-25,2025-10-25
CVE-2025-57428,0.000240000,0.051970000,0.1722543352601156,2025-10-25,2025-10-25
CVE-2025-57424,0.000300000,0.075720000,0.30890173410404625,2025-10-25,2025-10-25
CVE-2025-57266,0.000970000,0.277460000,0.8772254335260116,2025-10-25,2025-10-25
CVE-2025-57197,0.000260000,0.058280000,0.23653179190751444,2025-10-25,2025-10-25
CVE-2025-56807,0.000300000,0.074010000,0.30890173410404625,2025-10-25,2025-10-25
CVE-2025-56795,0.000370000,0.103100000,0.5188439306358381,2025-10-25,2025-10-25
CVE-2025-56764,0.000380000,0.108450000,0.5440462427745665,2025-10-25,2025-10-25
CVE-2025-56449,0.000800000,0.244390000,0.8543352601156069,2025-10-25,2025-10-25
CVE-2025-56234,0.000240000,0.051970000,0.1722543352601156,2025-10-25,2025-10-25
CVE-2025-56233,0.000240000,0.051310000,0.1722543352601156,2025-10-25,2025-10-25
CVE-2025-55795,0.000300000,0.075680000,0.30890173410404625,2025-10-25,2025-10-25
CVE-2025-54591,0.000390000,0.113950000,0.5563005780346821,2025-10-25,2025-10-25
CVE-2025-51495,0.000440000,0.130600000,0.6564161849710982,2025-10-25,2025-10-25
CVE-2025-48006,0.000470000,0.144370000,0.686242774566474,2025-10-25,2025-10-25
CVE-2025-45376,0.000100000,0.007930000,0.0376878612716763,2025-10-25,2025-10-25
CVE-2025-43400,0.000550000,0.173270000,0.7657803468208092,2025-10-25,2025-10-25
CVE-2025-41252,0.000570000,0.179140000,0.778728323699422,2025-10-25,2025-10-25
CVE-2025-41251,0.000660000,0.207540000,0.8175722543352602,2025-10-25,2025-10-25
CVE-2025-41250,0.000570000,0.177780000,0.778728323699422,2025-10-25,2025-10-25
CVE-2025-41246,0.000320000,0.080280000,0.3382658959537572,2025-10-25,2025-10-25
CVE-2025-41245,0.000440000,0.131330000,0.6564161849710982,2025-10-25,2025-10-25
CVE-2025-41244,0.000080000,0.004320000,0.027052023121387284,2025-10-25,2025-10-25
CVE-2025-36352,0.000270000,0.063190000,0.2846242774566474,2025-10-25,2025-10-25
CVE-2025-36351,0.000390000,0.113070000,0.5563005780346821,2025-10-25,2025-10-25
CVE-2025-36099,0.000490000,0.151960000,0.7211560693641619,2025-10-25,2025-10-25
CVE-2025-35034,0.000450000,0.136710000,0.6695953757225434,2025-10-25,2025-10-25
CVE-2025-35033,0.000410000,0.122290000,0.6263583815028901,2025-10-25,2025-10-25
CVE-2025-35032,0.000290000,0.068670000,0.2945664739884393,2025-10-25,2025-10-25
CVE-2025-35031,0.000130000,0.014400000,0.04947976878612717,2025-10-25,2025-10-25
CVE-2025-35030,0.000270000,0.062150000,0.2846242774566474,2025-10-25,2025-10-25
CVE-2025-34235,0.001790000,0.398650000,0.9257803468208092,2025-10-25,2025-10-25
CVE-2025-34234,0.000230000,0.048490000,0.16716763005780347,2025-10-25,2025-10-25
CVE-2025-34233,0.000340000,0.088500000,0.3965317919075145,2025-10-25,2025-10-25
CVE-2025-34232,0.000360000,0.098340000,0.48485549132947975,2025-10-25,2025-10-25
CVE-2025-34231,0.002570000,0.489620000,0.9472832369942197,2025-10-25,2025-10-25
CVE-2025-34230,0.000360000,0.098340000,0.48485549132947975,2025-10-25,2025-10-25
CVE-2025-34229,0.000360000,0.098340000,0.48485549132947975,2025-10-25,2025-10-25
CVE-2025-34228,0.004480000,0.627340000,0.9710982658959537,2025-10-25,2025-10-25
CVE-2025-34225,0.004480000,0.627340000,0.9710982658959537,2025-10-25,2025-10-25
CVE-2025-34224,0.012590000,0.787140000,0.9872832369942196,2025-10-25,2025-10-25
CVE-2025-34223,0.021050000,0.834660000,0.9902890173410405,2025-10-25,2025-10-25
CVE-2025-34222,0.001450000,0.354980000,0.9095953757225433,2025-10-25,2025-10-25
CVE-2025-34221,0.026160000,0.850940000,0.9907514450867052,2025-10-25,2025-10-25
CVE-2025-34220,0.002450000,0.476950000,0.9461271676300578,2025-10-25,2025-10-25
CVE-2025-34218,0.005090000,0.654590000,0.9738728323699422,2025-10-25,2025-10-25
CVE-2025-34216,0.001330000,0.338260000,0.9042774566473989,2025-10-25,2025-10-25
CVE-2025-34215,0.003000000,0.529320000,0.9532947976878613,2025-10-25,2025-10-25
CVE-2025-34212,0.001620000,0.376740000,0.9167630057803469,2025-10-25,2025-10-25
CVE-2025-34211,0.000160000,0.026820000,0.08971098265895953,2025-10-25,2025-10-25
CVE-2025-34209,0.000480000,0.148130000,0.7149132947976878,2025-10-25,2025-10-25
CVE-2025-34207,0.000590000,0.185850000,0.7900578034682081,2025-10-25,2025-10-25
CVE-2025-34196,0.000270000,0.061990000,0.2846242774566474,2025-10-25,2025-10-25
CVE-2025-30247,0.012270000,0.784630000,0.9868208092485549,2025-10-25,2025-10-25
CVE-2025-11155,0.000260000,0.056900000,0.23653179190751444,2025-10-25,2025-10-25
CVE-2025-11147,0.000290000,0.072160000,0.2945664739884393,2025-10-25,2025-10-25
CVE-2025-11146,0.000290000,0.072160000,0.2945664739884393,2025-10-25,2025-10-25
CVE-2025-11141,0.003240000,0.549600000,0.9560693641618497,2025-10-25,2025-10-25
CVE-2025-11140,0.000350000,0.092410000,0.4268208092485549,2025-10-25,2025-10-25
CVE-2025-11139,0.000870000,0.259580000,0.8645086705202312,2025-10-25,2025-10-25
CVE-2025-11138,0.003510000,0.568870000,0.9609248554913294,2025-10-25,2025-10-25
CVE-2025-11137,0.000290000,0.072000000,0.2945664739884393,2025-10-25,2025-10-25
CVE-2025-11136,0.000430000,0.129830000,0.6448554913294797,2025-10-25,2025-10-25
CVE-2025-11135,0.000460000,0.139900000,0.6763005780346821,2025-10-25,2025-10-25
CVE-2025-11134,0.000300000,0.075890000,0.30890173410404625,2025-10-25,2025-10-25
CVE-2025-11130,0.000260000,0.056620000,0.23653179190751444,2025-10-25,2025-10-25
CVE-2025-11126,0.000560000,0.176530000,0.7738728323699422,2025-10-25,2025-10-25
CVE-2025-11125,0.000330000,0.086370000,0.3796531791907514,2025-10-25,2025-10-25
CVE-2025-11124,0.000380000,0.108560000,0.5440462427745665,2025-10-25,2025-10-25
CVE-2025-11123,0.000840000,0.252540000,0.8610404624277457,2025-10-25,2025-10-25
CVE-2025-11122,0.000840000,0.252540000,0.8610404624277457,2025-10-25,2025-10-25
CVE-2025-11121,0.008390000,0.739540000,0.9826589595375722,2025-10-25,2025-10-25
CVE-2025-10504,0.000170000,0.029260000,0.10150289017341041,2025-10-25,2025-10-25
CVE-2025-10346,0.000310000,0.078480000,0.32439306358381503,2025-10-25,2025-10-25
CVE-2025-10345,0.000310000,0.078480000,0.32439306358381503,2025-10-25,2025-10-25
CVE-2025-10344,0.000310000,0.078480000,0.32439306358381503,2025-10-25,2025-10-25
CVE-2025-10343,0.000310000,0.078480000,0.32439306358381503,2025-10-25,2025-10-25
CVE-2025-10342,0.000310000,0.078480000,0.32439306358381503,2025-10-25,2025-10-25
CVE-2025-10341,0.000310000,0.078480000,0.32439306358381503,2025-10-25,2025-10-25
CVE-2024-57412,0.000070000,0.003780000,0.019653179190751446,2025-10-25,2025-10-25
CVE-2024-5200,0.000310000,0.079990000,0.32439306358381503,2025-10-25,2025-10-25
CVE-2024-13150,0.000400000,0.118560000,0.610635838150289,2025-10-25,2025-10-25
CVE-2025-9993,0.001120000,0.305260000,0.8927167630057804,2025-10-25,2025-10-25
CVE-2025-9991,0.002240000,0.450800000,0.9415028901734104,2025-10-25,2025-10-25
CVE-2025-9948,0.000130000,0.013400000,0.04947976878612717,2025-10-25,2025-10-25
CVE-2025-9946,0.000130000,0.013360000,0.04947976878612717,2025-10-25,2025-10-25
CVE-2025-9852,0.000320000,0.082840000,0.3382658959537572,2025-10-25,2025-10-25
CVE-2025-9762,0.001830000,0.404240000,0.9285549132947977,2025-10-25,2025-10-25
CVE-2025-9232,0.000230000,0.048530000,0.16716763005780347,2025-10-25,2025-10-25
CVE-2025-9231,0.000130000,0.014170000,0.04947976878612717,2025-10-25,2025-10-25
CVE-2025-9230,0.000260000,0.059350000,0.23653179190751444,2025-10-25,2025-10-25
CVE-2025-8877,0.000840000,0.254590000,0.8610404624277457,2025-10-25,2025-10-25
CVE-2025-8777,0.000320000,0.081350000,0.3382658959537572,2025-10-25,2025-10-25
CVE-2025-8625,0.002530000,0.485260000,0.9470520231213873,2025-10-25,2025-10-25
CVE-2025-8624,0.000320000,0.082840000,0.3382658959537572,2025-10-25,2025-10-25
CVE-2025-8623,0.000320000,0.081350000,0.3382658959537572,2025-10-25,2025-10-25
CVE-2025-8608,0.000320000,0.082840000,0.3382658959537572,2025-10-25,2025-10-25
CVE-2025-8566,0.000320000,0.082840000,0.3382658959537572,2025-10-25,2025-10-25
CVE-2025-8560,0.000320000,0.081350000,0.3382658959537572,2025-10-25,2025-10-25
CVE-2025-8559,0.000430000,0.125900000,0.6448554913294797,2025-10-25,2025-10-25
CVE-2025-8214,0.000320000,0.082840000,0.3382658959537572,2025-10-25,2025-10-25
CVE-2025-8122,0.000340000,0.087640000,0.3965317919075145,2025-10-25,2025-10-25
CVE-2025-8121,0.000340000,0.087640000,0.3965317919075145,2025-10-25,2025-10-25
CVE-2025-8120,0.002740000,0.506620000,0.9491329479768786,2025-10-25,2025-10-25
CVE-2025-8119,0.000250000,0.054400000,0.2069364161849711,2025-10-25,2025-10-25
CVE-2025-8118,0.000540000,0.167910000,0.7553757225433526,2025-10-25,2025-10-25
CVE-2025-8117,0.000550000,0.174410000,0.7657803468208092,2025-10-25,2025-10-25
CVE-2025-8116,0.001020000,0.288260000,0.8823121387283237,2025-10-25,2025-10-25
CVE-2025-7779,0.000140000,0.018760000,0.06127167630057803,2025-10-25,2025-10-25
CVE-2025-7493,0.000770000,0.237570000,0.8499421965317919,2025-10-25,2025-10-25
CVE-2025-7065,0.002740000,0.506620000,0.9491329479768786,2025-10-25,2025-10-25
CVE-2025-7063,0.002740000,0.506620000,0.9491329479768786,2025-10-25,2025-10-25
CVE-2025-7052,0.000190000,0.035470000,0.14358381502890175,2025-10-25,2025-10-25
CVE-2025-7038,0.002850000,0.515900000,0.9507514450867052,2025-10-25,2025-10-25
CVE-2025-6941,0.000340000,0.089490000,0.3965317919075145,2025-10-25,2025-10-25
CVE-2025-6815,0.000350000,0.091990000,0.4268208092485549,2025-10-25,2025-10-25
CVE-2025-61586,0.000500000,0.152010000,0.7278612716763005,2025-10-25,2025-10-25
CVE-2025-61584,0.000640000,0.200160000,0.8110982658959538,2025-10-25,2025-10-25
CVE-2025-59956,0.000340000,0.091080000,0.3965317919075145,2025-10-25,2025-10-25
CVE-2025-59954,0.000610000,0.193880000,0.8002312138728324,2025-10-25,2025-10-25
CVE-2025-59952,0.001120000,0.303950000,0.8927167630057804,2025-10-25,2025-10-25
CVE-2025-59950,0.000290000,0.068680000,0.2945664739884393,2025-10-25,2025-10-25
CVE-2025-59948,0.000640000,0.202070000,0.8110982658959538,2025-10-25,2025-10-25
CVE-2025-59942,0.000550000,0.174250000,0.7657803468208092,2025-10-25,2025-10-25
CVE-2025-59941,0.000440000,0.132420000,0.6564161849710982,2025-10-25,2025-10-25
CVE-2025-59940,0.000680000,0.213570000,0.8224277456647399,2025-10-25,2025-10-25
CVE-2025-59937,0.000390000,0.110600000,0.5563005780346821,2025-10-25,2025-10-25
CVE-2025-59933,0.000130000,0.014700000,0.04947976878612717,2025-10-25,2025-10-25
CVE-2025-59668,0.000570000,0.179160000,0.778728323699422,2025-10-25,2025-10-25
CVE-2025-59163,0.001780000,0.397690000,0.9253179190751445,2025-10-25,2025-10-25
CVE-2025-57852,0.000070000,0.003890000,0.019653179190751446,2025-10-25,2025-10-25
CVE-2025-57769,0.000300000,0.073780000,0.30890173410404625,2025-10-25,2025-10-25
CVE-2025-56301,0.000810000,0.246130000,0.8566473988439306,2025-10-25,2025-10-25
CVE-2025-56018,0.000350000,0.091830000,0.4268208092485549,2025-10-25,2025-10-25
CVE-2025-55797,0.000600000,0.190920000,0.7951445086705202,2025-10-25,2025-10-25
CVE-2025-54875,0.000510000,0.158920000,0.7384971098265896,2025-10-25,2025-10-25
CVE-2025-54592,0.000510000,0.158920000,0.7384971098265896,2025-10-25,2025-10-25
CVE-2025-54477,0.000420000,0.125030000,0.6372254335260116,2025-10-25,2025-10-25
CVE-2025-54476,0.000570000,0.178090000,0.778728323699422,2025-10-25,2025-10-25
CVE-2025-52050,0.000290000,0.069080000,0.2945664739884393,2025-10-25,2025-10-25
CVE-2025-52049,0.000290000,0.069080000,0.2945664739884393,2025-10-25,2025-10-25
CVE-2025-52047,0.000290000,0.069080000,0.2945664739884393,2025-10-25,2025-10-25
CVE-2025-52043,0.000290000,0.069080000,0.2945664739884393,2025-10-25,2025-10-25
CVE-2025-43820,0.001680000,0.385780000,0.9195375722543353,2025-10-25,2025-10-25
CVE-2025-43818,0.001680000,0.385780000,0.9195375722543353,2025-10-25,2025-10-25
CVE-2025-43817,0.001680000,0.385780000,0.9195375722543353,2025-10-25,2025-10-25
CVE-2025-43815,0.002000000,0.423470000,0.9345664739884393,2025-10-25,2025-10-25
CVE-2025-43813,0.003200000,0.545790000,0.9553757225433526,2025-10-25,2025-10-25
CVE-2025-43812,0.001680000,0.385780000,0.9195375722543353,2025-10-25,2025-10-25
CVE-2025-43811,0.001680000,0.385780000,0.9195375722543353,2025-10-25,2025-10-25
CVE-2025-41099,0.000260000,0.057390000,0.23653179190751444,2025-10-25,2025-10-25
CVE-2025-41098,0.000350000,0.094220000,0.4268208092485549,2025-10-25,2025-10-25
CVE-2025-41097,0.000280000,0.066760000,0.2894797687861272,2025-10-25,2025-10-25
CVE-2025-41096,0.000280000,0.066760000,0.2894797687861272,2025-10-25,2025-10-25
CVE-2025-41095,0.000280000,0.066760000,0.2894797687861272,2025-10-25,2025-10-25
CVE-2025-41094,0.000280000,0.066760000,0.2894797687861272,2025-10-25,2025-10-25
CVE-2025-41093,0.000280000,0.066760000,0.2894797687861272,2025-10-25,2025-10-25
CVE-2025-41092,0.000280000,0.066760000,0.2894797687861272,2025-10-25,2025-10-25
CVE-2025-41091,0.000280000,0.066760000,0.2894797687861272,2025-10-25,2025-10-25
CVE-2025-36245,0.000440000,0.130380000,0.6564161849710982,2025-10-25,2025-10-25
CVE-2025-34217,0.000560000,0.175010000,0.7738728323699422,2025-10-25,2025-10-25
CVE-2025-28016,0.000400000,0.116150000,0.610635838150289,2025-10-25,2025-10-25
CVE-2025-11178,0.000140000,0.018270000,0.06127167630057803,2025-10-25,2025-10-25
CVE-2025-11163,0.000280000,0.065370000,0.2894797687861272,2025-10-25,2025-10-25
CVE-2025-11153,0.000390000,0.110630000,0.5563005780346821,2025-10-25,2025-10-25
CVE-2025-11152,0.000480000,0.146340000,0.7149132947976878,2025-10-25,2025-10-25
CVE-2025-11149,0.000500000,0.152360000,0.7278612716763005,2025-10-25,2025-10-25
CVE-2025-11148,0.004040000,0.602580000,0.968092485549133,2025-10-25,2025-10-25
CVE-2025-10991,0.000230000,0.048630000,0.16716763005780347,2025-10-25,2025-10-25
CVE-2025-10859,0.000140000,0.018780000,0.06127167630057803,2025-10-25,2025-10-25
CVE-2025-10217,0.000470000,0.141570000,0.686242774566474,2025-10-25,2025-10-25
CVE-2025-10196,0.000320000,0.081350000,0.3382658959537572,2025-10-25,2025-10-25
CVE-2025-10191,0.000320000,0.081350000,0.3382658959537572,2025-10-25,2025-10-25
CVE-2025-10189,0.000320000,0.082840000,0.3382658959537572,2025-10-25,2025-10-25
CVE-2025-10182,0.000320000,0.082840000,0.3382658959537572,2025-10-25,2025-10-25
CVE-2025-10179,0.000320000,0.082840000,0.3382658959537572,2025-10-25,2025-10-25
CVE-2025-10168,0.000320000,0.081350000,0.3382658959537572,2025-10-25,2025-10-25
CVE-2025-10131,0.000320000,0.082840000,0.3382658959537572,2025-10-25,2025-10-25
CVE-2025-10130,0.000320000,0.081350000,0.3382658959537572,2025-10-25,2025-10-25
CVE-2025-10128,0.000320000,0.082840000,0.3382658959537572,2025-10-25,2025-10-25
CVE-2025-10000,0.000870000,0.260340000,0.8645086705202312,2025-10-25,2025-10-25
CVE-2024-58040,0.000220000,0.044410000,0.16208092485549133,2025-10-25,2025-10-25
CVE-2025-61792,0.000220000,0.044810000,0.16208092485549133,2025-10-25,2025-10-25
CVE-2025-6034,0.000160000,0.025750000,0.08971098265895953,2025-10-25,2025-10-25
CVE-2025-6033,0.000200000,0.039810000,0.14959537572254336,2025-10-25,2025-10-25
CVE-2025-57254,0.000670000,0.210890000,0.8184971098265896,2025-10-25,2025-10-25
CVE-2025-56676,0.001220000,0.321350000,0.8984971098265896,2025-10-25,2025-10-25
CVE-2025-56675,0.000300000,0.076500000,0.30890173410404625,2025-10-25,2025-10-25
CVE-2025-56572,0.001980000,0.421500000,0.9334104046242775,2025-10-25,2025-10-25
CVE-2025-56571,0.000560000,0.176960000,0.7738728323699422,2025-10-25,2025-10-25
CVE-2025-56520,0.000330000,0.084060000,0.3796531791907514,2025-10-25,2025-10-25
CVE-2025-56513,0.001680000,0.384660000,0.9195375722543353,2025-10-25,2025-10-25
CVE-2025-56392,0.000320000,0.080140000,0.3382658959537572,2025-10-25,2025-10-25
CVE-2025-56207,0.000500000,0.153390000,0.7278612716763005,2025-10-25,2025-10-25
CVE-2025-56200,0.000310000,0.079440000,0.32439306358381503,2025-10-25,2025-10-25
CVE-2025-56132,0.001010000,0.285480000,0.8804624277456647,2025-10-25,2025-10-25
CVE-2025-55191,0.000350000,0.091540000,0.4268208092485549,2025-10-25,2025-10-25
CVE-2025-43827,0.001390000,0.346360000,0.9065895953757226,2025-10-25,2025-10-25
CVE-2025-43826,0.001680000,0.385780000,0.9195375722543353,2025-10-25,2025-10-25
CVE-2025-36262,0.000780000,0.238880000,0.8515606936416185,2025-10-25,2025-10-25
CVE-2025-36132,0.000270000,0.063190000,0.2846242774566474,2025-10-25,2025-10-25
CVE-2025-24525,0.000430000,0.128310000,0.6448554913294797,2025-10-25,2025-10-25
CVE-2025-23293,0.000410000,0.120940000,0.6263583815028901,2025-10-25,2025-10-25
CVE-2025-23292,0.000240000,0.051500000,0.1722543352601156,2025-10-25,2025-10-25
CVE-2025-23291,0.000060000,0.002520000,0.007861271676300578,2025-10-25,2025-10-25
CVE-2025-11195,0.000110000,0.008780000,0.04138728323699422,2025-10-25,2025-10-25
CVE-2025-10725,0.000650000,0.205920000,0.8157225433526012,2025-10-25,2025-10-25
CVE-2025-10659,0.009890000,0.761250000,0.9842774566473989,2025-10-25,2025-10-25
CVE-2024-55017,0.000500000,0.152010000,0.7278612716763005,2025-10-25,2025-10-25
