cve,epss,percentile,percentile_subset,timestamp,date
CVE-2025-9815,0.000780000,0.236850000,0.8371877890841813,2025-11-12,2025-11-12
CVE-2025-9814,0.000370000,0.106090000,0.4357076780758557,2025-11-12,2025-11-12
CVE-2025-9813,0.001090000,0.298380000,0.8813598519888992,2025-11-12,2025-11-12
CVE-2025-9812,0.001090000,0.298380000,0.8813598519888992,2025-11-12,2025-11-12
CVE-2025-9811,0.000370000,0.106090000,0.4357076780758557,2025-11-12,2025-11-12
CVE-2025-9810,0.000160000,0.024510000,0.08256244218316373,2025-11-12,2025-11-12
CVE-2025-9809,0.000940000,0.270300000,0.862627197039778,2025-11-12,2025-11-12
CVE-2025-9806,0.000140000,0.018970000,0.05226641998149861,2025-11-12,2025-11-12
CVE-2025-9805,0.000640000,0.199840000,0.7941720629047179,2025-11-12,2025-11-12
CVE-2025-9802,0.000380000,0.111190000,0.48080481036077705,2025-11-12,2025-11-12
CVE-2025-9801,0.001030000,0.289730000,0.8755781683626273,2025-11-12,2025-11-12
CVE-2025-9800,0.000640000,0.199840000,0.7941720629047179,2025-11-12,2025-11-12
CVE-2025-9799,0.000540000,0.168560000,0.734736355226642,2025-11-12,2025-11-12
CVE-2025-9797,0.000400000,0.119200000,0.5520351526364478,2025-11-12,2025-11-12
CVE-2025-9796,0.000450000,0.134730000,0.616558741905643,2025-11-12,2025-11-12
CVE-2025-9795,0.000300000,0.076790000,0.28237742830712304,2025-11-12,2025-11-12
CVE-2025-9794,0.000550000,0.172560000,0.7439870490286772,2025-11-12,2025-11-12
CVE-2025-9793,0.000370000,0.106090000,0.4357076780758557,2025-11-12,2025-11-12
CVE-2025-9792,0.000370000,0.106090000,0.4357076780758557,2025-11-12,2025-11-12
CVE-2025-9791,0.001120000,0.303770000,0.8843663274745606,2025-11-12,2025-11-12
CVE-2025-9790,0.000390000,0.112690000,0.49283071230342274,2025-11-12,2025-11-12
CVE-2025-9789,0.000510000,0.156710000,0.7123034227567068,2025-11-12,2025-11-12
CVE-2025-9788,0.000370000,0.106090000,0.4357076780758557,2025-11-12,2025-11-12
CVE-2025-9786,0.000370000,0.106090000,0.4357076780758557,2025-11-12,2025-11-12
CVE-2025-9783,0.001670000,0.382710000,0.9137372802960222,2025-11-12,2025-11-12
CVE-2025-9782,0.001670000,0.382710000,0.9137372802960222,2025-11-12,2025-11-12
CVE-2025-9781,0.001670000,0.382710000,0.9137372802960222,2025-11-12,2025-11-12
CVE-2025-9780,0.001670000,0.382710000,0.9137372802960222,2025-11-12,2025-11-12
CVE-2025-9779,0.001670000,0.382710000,0.9137372802960222,2025-11-12,2025-11-12
CVE-2025-9778,0.000140000,0.018610000,0.05226641998149861,2025-11-12,2025-11-12
CVE-2025-9775,0.000620000,0.194980000,0.7874653098982424,2025-11-12,2025-11-12
CVE-2025-9774,0.000340000,0.089770000,0.33117483811285847,2025-11-12,2025-11-12
CVE-2025-9773,0.000470000,0.142990000,0.6500925069380203,2025-11-12,2025-11-12
CVE-2025-9772,0.000620000,0.194980000,0.7874653098982424,2025-11-12,2025-11-12
CVE-2025-9771,0.000370000,0.106090000,0.4357076780758557,2025-11-12,2025-11-12
CVE-2025-9770,0.000400000,0.117710000,0.5520351526364478,2025-11-12,2025-11-12
CVE-2025-9769,0.000510000,0.158180000,0.7123034227567068,2025-11-12,2025-11-12
CVE-2025-9768,0.000370000,0.107570000,0.4357076780758557,2025-11-12,2025-11-12
CVE-2025-9767,0.000390000,0.112690000,0.49283071230342274,2025-11-12,2025-11-12
CVE-2025-9766,0.000390000,0.112690000,0.49283071230342274,2025-11-12,2025-11-12
CVE-2025-9765,0.000390000,0.112690000,0.49283071230342274,2025-11-12,2025-11-12
CVE-2025-9764,0.000390000,0.112690000,0.49283071230342274,2025-11-12,2025-11-12
CVE-2025-9763,0.000390000,0.112690000,0.49283071230342274,2025-11-12,2025-11-12
CVE-2025-9761,0.000390000,0.112690000,0.49283071230342274,2025-11-12,2025-11-12
CVE-2025-9760,0.000640000,0.199340000,0.7941720629047179,2025-11-12,2025-11-12
CVE-2025-9759,0.000390000,0.112690000,0.49283071230342274,2025-11-12,2025-11-12
CVE-2025-9758,0.000370000,0.107570000,0.4357076780758557,2025-11-12,2025-11-12
CVE-2025-9757,0.000390000,0.112690000,0.49283071230342274,2025-11-12,2025-11-12
CVE-2025-9756,0.000370000,0.107570000,0.4357076780758557,2025-11-12,2025-11-12
CVE-2025-9755,0.000470000,0.142990000,0.6500925069380203,2025-11-12,2025-11-12
CVE-2025-9754,0.000370000,0.104570000,0.4357076780758557,2025-11-12,2025-11-12
CVE-2025-9753,0.000440000,0.131250000,0.6066142460684552,2025-11-12,2025-11-12
CVE-2025-9752,0.004010000,0.600260000,0.9623034227567068,2025-11-12,2025-11-12
CVE-2025-9751,0.000390000,0.112690000,0.49283071230342274,2025-11-12,2025-11-12
CVE-2025-9570,0.000700000,0.218920000,0.8175300647548566,2025-11-12,2025-11-12
CVE-2025-9569,0.000590000,0.184160000,0.7687326549491211,2025-11-12,2025-11-12
CVE-2025-9568,0.000590000,0.184160000,0.7687326549491211,2025-11-12,2025-11-12
CVE-2025-9567,0.000590000,0.184160000,0.7687326549491211,2025-11-12,2025-11-12
CVE-2025-9375,0.000840000,0.251930000,0.8459759481961147,2025-11-12,2025-11-12
CVE-2025-8662,0.000930000,0.267990000,0.86054579093432,2025-11-12,2025-11-12
CVE-2025-7731,0.000180000,0.033130000,0.11632747456059205,2025-11-12,2025-11-12
CVE-2025-7405,0.001860000,0.406320000,0.9229879740980573,2025-11-12,2025-11-12
CVE-2025-6507,0.001090000,0.298330000,0.8813598519888992,2025-11-12,2025-11-12
CVE-2025-58318,0.000260000,0.059730000,0.22687326549491213,2025-11-12,2025-11-12
CVE-2025-58178,0.000480000,0.148520000,0.6806197964847364,2025-11-12,2025-11-12
CVE-2025-58162,0.001130000,0.306340000,0.8850601295097132,2025-11-12,2025-11-12
CVE-2025-58161,0.001570000,0.371410000,0.9104995374653099,2025-11-12,2025-11-12
CVE-2025-57808,0.050120000,0.892170000,0.9925994449583718,2025-11-12,2025-11-12
CVE-2025-57799,0.014420000,0.801160000,0.9854301572617946,2025-11-12,2025-11-12
CVE-2025-55007,0.000380000,0.109290000,0.48080481036077705,2025-11-12,2025-11-12
CVE-2025-54857,0.008350000,0.738890000,0.9796484736355227,2025-11-12,2025-11-12
CVE-2025-44017,0.000410000,0.120050000,0.5675300647548566,2025-11-12,2025-11-12
CVE-2025-41690,0.000360000,0.099570000,0.40148011100832565,2025-11-12,2025-11-12
CVE-2025-41030,0.000990000,0.282830000,0.8704902867715079,2025-11-12,2025-11-12
CVE-2025-36133,0.000170000,0.028860000,0.09181313598519888,2025-11-12,2025-11-12
CVE-2025-3586,0.005060000,0.653940000,0.9701665124884367,2025-11-12,2025-11-12
CVE-2025-33102,0.000180000,0.035490000,0.11632747456059205,2025-11-12,2025-11-12
CVE-2025-33099,0.000280000,0.068320000,0.27520814061054577,2025-11-12,2025-11-12
CVE-2025-33084,0.000200000,0.041640000,0.1364477335800185,2025-11-12,2025-11-12
CVE-2025-33083,0.000360000,0.103420000,0.40148011100832565,2025-11-12,2025-11-12
CVE-2025-33082,0.000360000,0.103420000,0.40148011100832565,2025-11-12,2025-11-12
CVE-2025-2412,0.000980000,0.276690000,0.8677150786308974,2025-11-12,2025-11-12
CVE-2025-20708,0.003390000,0.560760000,0.9539777983348752,2025-11-12,2025-11-12
CVE-2025-20707,0.000060000,0.002740000,0.010407030527289547,2025-11-12,2025-11-12
CVE-2025-20706,0.000070000,0.003090000,0.016419981498612395,2025-11-12,2025-11-12
CVE-2025-20705,0.000070000,0.003090000,0.016419981498612395,2025-11-12,2025-11-12
CVE-2025-20704,0.002490000,0.480530000,0.9431082331174838,2025-11-12,2025-11-12
CVE-2025-20703,0.003800000,0.587860000,0.9597594819611471,2025-11-12,2025-11-12
CVE-2025-0656,0.000970000,0.275820000,0.8674838112858464,2025-11-12,2025-11-12
CVE-2025-0610,0.000260000,0.058440000,0.22687326549491213,2025-11-12,2025-11-12
CVE-2024-28988,0.001870000,0.408050000,0.9232192414431082,2025-11-12,2025-11-12
CVE-2024-12925,0.000310000,0.078260000,0.2883903792784459,2025-11-12,2025-11-12
CVE-2024-12924,0.000420000,0.123990000,0.580018501387604,2025-11-12,2025-11-12
CVE-2024-12914,0.000420000,0.123650000,0.580018501387604,2025-11-12,2025-11-12
CVE-2022-38696,0.000910000,0.263620000,0.8563829787234043,2025-11-12,2025-11-12
CVE-2022-38695,0.000200000,0.041540000,0.1364477335800185,2025-11-12,2025-11-12
CVE-2022-38694,0.003360000,0.558850000,0.9530527289546716,2025-11-12,2025-11-12
CVE-2022-38693,0.000910000,0.263620000,0.8563829787234043,2025-11-12,2025-11-12
CVE-2022-38692,0.000700000,0.216940000,0.8175300647548566,2025-11-12,2025-11-12
CVE-2022-38691,0.001280000,0.329600000,0.8977798334875116,2025-11-12,2025-11-12
CVE-2025-9837,0.000390000,0.112690000,0.49283071230342274,2025-11-12,2025-11-12
CVE-2025-9836,0.000400000,0.118390000,0.5520351526364478,2025-11-12,2025-11-12
CVE-2025-9835,0.000480000,0.149170000,0.6806197964847364,2025-11-12,2025-11-12
CVE-2025-9834,0.000370000,0.104570000,0.4357076780758557,2025-11-12,2025-11-12
CVE-2025-9833,0.000390000,0.112690000,0.49283071230342274,2025-11-12,2025-11-12
CVE-2025-9832,0.000550000,0.172560000,0.7439870490286772,2025-11-12,2025-11-12
CVE-2025-9831,0.000390000,0.112690000,0.49283071230342274,2025-11-12,2025-11-12
CVE-2025-9830,0.000390000,0.112690000,0.49283071230342274,2025-11-12,2025-11-12
CVE-2025-9829,0.000510000,0.156710000,0.7123034227567068,2025-11-12,2025-11-12
CVE-2025-9828,0.000660000,0.206870000,0.8015726179463459,2025-11-12,2025-11-12
CVE-2025-9784,0.001030000,0.289830000,0.8755781683626273,2025-11-12,2025-11-12
CVE-2025-9696,0.000130000,0.013570000,0.046022201665124884,2025-11-12,2025-11-12
CVE-2025-9573,0.004250000,0.614690000,0.9641535615171137,2025-11-12,2025-11-12
CVE-2025-9330,0.000210000,0.043520000,0.14662349676225717,2025-11-12,2025-11-12
CVE-2025-9329,0.000850000,0.254450000,0.8485198889916744,2025-11-12,2025-11-12
CVE-2025-9328,0.000850000,0.254450000,0.8485198889916744,2025-11-12,2025-11-12
CVE-2025-9327,0.000350000,0.097090000,0.35545790934320076,2025-11-12,2025-11-12
CVE-2025-9326,0.000850000,0.254450000,0.8485198889916744,2025-11-12,2025-11-12
CVE-2025-9325,0.000350000,0.097090000,0.35545790934320076,2025-11-12,2025-11-12
CVE-2025-9324,0.000350000,0.097090000,0.35545790934320076,2025-11-12,2025-11-12
CVE-2025-9323,0.000350000,0.097090000,0.35545790934320076,2025-11-12,2025-11-12
CVE-2025-9276,0.006790000,0.707680000,0.977104532839963,2025-11-12,2025-11-12
CVE-2025-9275,0.000790000,0.241260000,0.8399629972247918,2025-11-12,2025-11-12
CVE-2025-9274,0.000630000,0.197570000,0.7904717853839038,2025-11-12,2025-11-12
CVE-2025-9273,0.002170000,0.442880000,0.9366327474560592,2025-11-12,2025-11-12
CVE-2025-9189,0.000410000,0.120280000,0.5675300647548566,2025-11-12,2025-11-12
CVE-2025-9188,0.001420000,0.350280000,0.90263644773358,2025-11-12,2025-11-12
CVE-2025-8614,0.000210000,0.043520000,0.14662349676225717,2025-11-12,2025-11-12
CVE-2025-8613,0.009250000,0.752850000,0.9810360777058279,2025-11-12,2025-11-12
CVE-2025-8302,0.000220000,0.046210000,0.1540240518038853,2025-11-12,2025-11-12
CVE-2025-8301,0.000220000,0.046210000,0.1540240518038853,2025-11-12,2025-11-12
CVE-2025-8300,0.000220000,0.046210000,0.1540240518038853,2025-11-12,2025-11-12
CVE-2025-8299,0.000220000,0.046210000,0.1540240518038853,2025-11-12,2025-11-12
CVE-2025-8298,0.000180000,0.035750000,0.11632747456059205,2025-11-12,2025-11-12
CVE-2025-7976,0.002770000,0.508520000,0.9458834412580943,2025-11-12,2025-11-12
CVE-2025-7975,0.003890000,0.593050000,0.9606845513413506,2025-11-12,2025-11-12
CVE-2025-7974,0.000930000,0.269010000,0.86054579093432,2025-11-12,2025-11-12
CVE-2025-6685,0.013240000,0.792560000,0.9840425531914894,2025-11-12,2025-11-12
CVE-2025-6519,0.000620000,0.194190000,0.7874653098982424,2025-11-12,2025-11-12
CVE-2025-57778,0.000410000,0.120280000,0.5675300647548566,2025-11-12,2025-11-12
CVE-2025-57777,0.000410000,0.120280000,0.5675300647548566,2025-11-12,2025-11-12
CVE-2025-57776,0.000410000,0.120280000,0.5675300647548566,2025-11-12,2025-11-12
CVE-2025-57775,0.000410000,0.120280000,0.5675300647548566,2025-11-12,2025-11-12
CVE-2025-57774,0.000410000,0.120280000,0.5675300647548566,2025-11-12,2025-11-12
CVE-2025-57616,0.000750000,0.229790000,0.8304810360777058,2025-11-12,2025-11-12
CVE-2025-57615,0.000750000,0.230270000,0.8304810360777058,2025-11-12,2025-11-12
CVE-2025-57614,0.001220000,0.320430000,0.8938482886216467,2025-11-12,2025-11-12
CVE-2025-57613,0.000750000,0.230270000,0.8304810360777058,2025-11-12,2025-11-12
CVE-2025-57612,0.000750000,0.230270000,0.8304810360777058,2025-11-12,2025-11-12
CVE-2025-57611,0.000540000,0.167450000,0.734736355226642,2025-11-12,2025-11-12
CVE-2025-57140,0.000460000,0.138930000,0.6385291396854764,2025-11-12,2025-11-12
CVE-2025-5662,0.008330000,0.738460000,0.9794172062904718,2025-11-12,2025-11-12
CVE-2025-56254,0.000370000,0.107670000,0.4357076780758557,2025-11-12,2025-11-12
CVE-2025-55824,0.000560000,0.173730000,0.7506938020351527,2025-11-12,2025-11-12
CVE-2025-55476,0.000340000,0.093170000,0.33117483811285847,2025-11-12,2025-11-12
CVE-2025-55474,0.000500000,0.155430000,0.7009713228492137,2025-11-12,2025-11-12
CVE-2025-55473,0.000390000,0.114760000,0.49283071230342274,2025-11-12,2025-11-12
CVE-2025-55472,0.000380000,0.108740000,0.48080481036077705,2025-11-12,2025-11-12
CVE-2025-55373,0.001080000,0.297660000,0.8799722479185939,2025-11-12,2025-11-12
CVE-2025-55372,0.000750000,0.230280000,0.8304810360777058,2025-11-12,2025-11-12
CVE-2025-54599,0.000570000,0.178590000,0.7553191489361702,2025-11-12,2025-11-12
CVE-2025-52551,0.000610000,0.191840000,0.7816836262719704,2025-11-12,2025-11-12
CVE-2025-52550,0.000260000,0.059870000,0.22687326549491213,2025-11-12,2025-11-12
CVE-2025-52549,0.000650000,0.204760000,0.7992599444958371,2025-11-12,2025-11-12
CVE-2025-52548,0.000380000,0.111190000,0.48080481036077705,2025-11-12,2025-11-12
CVE-2025-52547,0.000890000,0.259860000,0.8549953746530989,2025-11-12,2025-11-12
CVE-2025-52546,0.000840000,0.251290000,0.8459759481961147,2025-11-12,2025-11-12
CVE-2025-52545,0.000490000,0.152800000,0.68686401480111,2025-11-12,2025-11-12
CVE-2025-52544,0.001020000,0.286630000,0.8744218316373727,2025-11-12,2025-11-12
CVE-2025-52543,0.000750000,0.230260000,0.8304810360777058,2025-11-12,2025-11-12
CVE-2025-51966,0.000510000,0.156890000,0.7123034227567068,2025-11-12,2025-11-12
CVE-2025-50757,0.143500000,0.941350000,0.9967622571692877,2025-11-12,2025-11-12
CVE-2025-50755,0.143500000,0.941350000,0.9967622571692877,2025-11-12,2025-11-12
CVE-2025-50565,0.000350000,0.093780000,0.35545790934320076,2025-11-12,2025-11-12
CVE-2025-46810,0.000210000,0.044290000,0.14662349676225717,2025-11-12,2025-11-12
CVE-2025-46047,0.000220000,0.046450000,0.1540240518038853,2025-11-12,2025-11-12
CVE-2025-43726,0.000160000,0.026380000,0.08256244218316373,2025-11-12,2025-11-12
CVE-2025-41031,0.000990000,0.282830000,0.8704902867715079,2025-11-12,2025-11-12
CVE-2025-36162,0.000370000,0.103780000,0.4357076780758557,2025-11-12,2025-11-12
CVE-2025-32100,0.000450000,0.136550000,0.616558741905643,2025-11-12,2025-11-12
CVE-2025-32098,0.000460000,0.140550000,0.6385291396854764,2025-11-12,2025-11-12
CVE-2025-2414,0.000980000,0.276690000,0.8677150786308974,2025-11-12,2025-11-12
CVE-2025-2413,0.000980000,0.276690000,0.8677150786308974,2025-11-12,2025-11-12
CVE-2025-22418,0.000050000,0.001980000,0.0032377428307123032,2025-11-12,2025-11-12
CVE-2025-22417,0.000040000,0.001380000,0.0013876040703052729,2025-11-12,2025-11-12
CVE-2025-22416,0.000050000,0.001980000,0.0032377428307123032,2025-11-12,2025-11-12
CVE-2025-0670,0.000470000,0.142340000,0.6500925069380203,2025-11-12,2025-11-12
CVE-2025-0640,0.000470000,0.142340000,0.6500925069380203,2025-11-12,2025-11-12
CVE-2024-58259,0.000190000,0.037660000,0.1276595744680851,2025-11-12,2025-11-12
CVE-2024-52284,0.000160000,0.024850000,0.08256244218316373,2025-11-12,2025-11-12
CVE-2024-51423,0.000950000,0.272400000,0.8640148011100832,2025-11-12,2025-11-12
CVE-2024-49730,0.000050000,0.002210000,0.0032377428307123032,2025-11-12,2025-11-12
CVE-2024-49728,0.000050000,0.001860000,0.0032377428307123032,2025-11-12,2025-11-12
CVE-2024-49722,0.000060000,0.002900000,0.010407030527289547,2025-11-12,2025-11-12
CVE-2024-49720,0.000060000,0.002830000,0.010407030527289547,2025-11-12,2025-11-12
CVE-2024-48705,0.159290000,0.944780000,0.9974560592044404,2025-11-12,2025-11-12
CVE-2024-40653,0.000110000,0.010020000,0.03954671600370028,2025-11-12,2025-11-12
CVE-2024-12974,0.000420000,0.123650000,0.580018501387604,2025-11-12,2025-11-12
CVE-2024-12973,0.000230000,0.048530000,0.16026827012025902,2025-11-12,2025-11-12
CVE-2024-12972,0.000420000,0.123650000,0.580018501387604,2025-11-12,2025-11-12
CVE-2025-9901,0.000680000,0.212560000,0.8085106382978723,2025-11-12,2025-11-12
CVE-2025-9848,0.000800000,0.243630000,0.8420444033302498,2025-11-12,2025-11-12
CVE-2025-9847,0.000510000,0.157320000,0.7123034227567068,2025-11-12,2025-11-12
CVE-2025-9845,0.000370000,0.104570000,0.4357076780758557,2025-11-12,2025-11-12
CVE-2025-9843,0.000430000,0.126460000,0.5952821461609621,2025-11-12,2025-11-12
CVE-2025-9842,0.000430000,0.126460000,0.5952821461609621,2025-11-12,2025-11-12
CVE-2025-9841,0.000460000,0.140280000,0.6385291396854764,2025-11-12,2025-11-12
CVE-2025-9840,0.000370000,0.107570000,0.4357076780758557,2025-11-12,2025-11-12
CVE-2025-9839,0.000390000,0.112690000,0.49283071230342274,2025-11-12,2025-11-12
CVE-2025-9838,0.000390000,0.112690000,0.49283071230342274,2025-11-12,2025-11-12
CVE-2025-9822,0.000390000,0.113650000,0.49283071230342274,2025-11-12,2025-11-12
CVE-2025-9821,0.000280000,0.068840000,0.27520814061054577,2025-11-12,2025-11-12
CVE-2025-9817,0.000200000,0.042310000,0.1364477335800185,2025-11-12,2025-11-12
CVE-2025-9785,0.000490000,0.151220000,0.68686401480111,2025-11-12,2025-11-12
CVE-2025-9378,0.000430000,0.126730000,0.5952821461609621,2025-11-12,2025-11-12
CVE-2025-9260,0.001940000,0.415640000,0.925531914893617,2025-11-12,2025-11-12
CVE-2025-9219,0.000370000,0.106390000,0.4357076780758557,2025-11-12,2025-11-12
CVE-2025-8663,0.000630000,0.195480000,0.7904717853839038,2025-11-12,2025-11-12
CVE-2025-7039,0.000930000,0.269090000,0.86054579093432,2025-11-12,2025-11-12
CVE-2025-58351,0.000450000,0.137400000,0.616558741905643,2025-11-12,2025-11-12
CVE-2025-58272,0.000090000,0.006530000,0.030989824236817762,2025-11-12,2025-11-12
CVE-2025-58210,0.000420000,0.124370000,0.580018501387604,2025-11-12,2025-11-12
CVE-2025-58176,0.002370000,0.467700000,0.9410268270120259,2025-11-12,2025-11-12
CVE-2025-58163,0.003360000,0.559310000,0.9530527289546716,2025-11-12,2025-11-12
CVE-2025-57806,0.000050000,0.001950000,0.0032377428307123032,2025-11-12,2025-11-12
CVE-2025-54588,0.000080000,0.004920000,0.02497687326549491,2025-11-12,2025-11-12
CVE-2025-53694,0.000630000,0.197630000,0.7904717853839038,2025-11-12,2025-11-12
CVE-2025-53693,0.001560000,0.369040000,0.9100370027752082,2025-11-12,2025-11-12
CVE-2025-53691,0.011670000,0.779790000,0.9831174838112858,2025-11-12,2025-11-12
CVE-2025-47421,0.000610000,0.191160000,0.7816836262719704,2025-11-12,2025-11-12
CVE-2025-41000,0.000610000,0.191840000,0.7816836262719704,2025-11-12,2025-11-12
CVE-2025-38678,0.000270000,0.065570000,0.26688251618871417,2025-11-12,2025-11-12
CVE-2025-3701,0.000390000,0.115370000,0.49283071230342274,2025-11-12,2025-11-12
CVE-2025-26416,0.001160000,0.310610000,0.8889916743755781,2025-11-12,2025-11-12
CVE-2025-26210,0.000780000,0.236800000,0.8371877890841813,2025-11-12,2025-11-12
CVE-2025-2416,0.000980000,0.276690000,0.8677150786308974,2025-11-12,2025-11-12
CVE-2025-2415,0.000980000,0.276690000,0.8677150786308974,2025-11-12,2025-11-12
CVE-2025-22442,0.000030000,0.001150000,0.001156336725254394,2025-11-12,2025-11-12
CVE-2025-22439,0.000040000,0.001380000,0.0013876040703052729,2025-11-12,2025-11-12
CVE-2025-22438,0.000050000,0.002210000,0.0032377428307123032,2025-11-12,2025-11-12
CVE-2025-22437,0.000070000,0.003210000,0.016419981498612395,2025-11-12,2025-11-12
CVE-2025-22435,0.000280000,0.065920000,0.27520814061054577,2025-11-12,2025-11-12
CVE-2025-22434,0.000070000,0.003210000,0.016419981498612395,2025-11-12,2025-11-12
CVE-2025-22433,0.000090000,0.006280000,0.030989824236817762,2025-11-12,2025-11-12
CVE-2025-22431,0.000070000,0.003120000,0.016419981498612395,2025-11-12,2025-11-12
CVE-2025-22430,0.000050000,0.001860000,0.0032377428307123032,2025-11-12,2025-11-12
CVE-2025-22429,0.000360000,0.098910000,0.40148011100832565,2025-11-12,2025-11-12
CVE-2025-22428,0.000040000,0.001760000,0.0013876040703052729,2025-11-12,2025-11-12
CVE-2025-22427,0.000050000,0.002120000,0.0032377428307123032,2025-11-12,2025-11-12
CVE-2025-22423,0.001510000,0.363340000,0.9077243293246994,2025-11-12,2025-11-12
CVE-2025-22422,0.000090000,0.006300000,0.030989824236817762,2025-11-12,2025-11-12
CVE-2025-22421,0.000050000,0.001820000,0.0032377428307123032,2025-11-12,2025-11-12
CVE-2025-22419,0.000040000,0.001380000,0.0013876040703052729,2025-11-12,2025-11-12
CVE-2025-21041,0.000180000,0.035310000,0.11632747456059205,2025-11-12,2025-11-12
CVE-2025-21040,0.000210000,0.044400000,0.14662349676225717,2025-11-12,2025-11-12
CVE-2025-21039,0.000210000,0.044400000,0.14662349676225717,2025-11-12,2025-11-12
CVE-2025-21038,0.000210000,0.044400000,0.14662349676225717,2025-11-12,2025-11-12
CVE-2025-21037,0.000210000,0.044710000,0.14662349676225717,2025-11-12,2025-11-12
CVE-2025-21036,0.000150000,0.023760000,0.06637372802960222,2025-11-12,2025-11-12
CVE-2025-21035,0.000240000,0.050740000,0.16466234967622573,2025-11-12,2025-11-12
CVE-2025-21034,0.000180000,0.032430000,0.11632747456059205,2025-11-12,2025-11-12
CVE-2025-21033,0.000180000,0.033670000,0.11632747456059205,2025-11-12,2025-11-12
CVE-2025-21032,0.000250000,0.054680000,0.19703977798334876,2025-11-12,2025-11-12
CVE-2025-21031,0.000200000,0.041570000,0.1364477335800185,2025-11-12,2025-11-12
CVE-2025-21030,0.000230000,0.050250000,0.16026827012025902,2025-11-12,2025-11-12
CVE-2025-21029,0.000210000,0.044400000,0.14662349676225717,2025-11-12,2025-11-12
CVE-2025-21028,0.000200000,0.041430000,0.1364477335800185,2025-11-12,2025-11-12
CVE-2025-21027,0.000230000,0.047820000,0.16026827012025902,2025-11-12,2025-11-12
CVE-2025-21026,0.000210000,0.044800000,0.14662349676225717,2025-11-12,2025-11-12
CVE-2025-21025,0.000220000,0.045210000,0.1540240518038853,2025-11-12,2025-11-12
CVE-2025-1740,0.001000000,0.284480000,0.8716466234967623,2025-11-12,2025-11-12
CVE-2025-0878,0.000570000,0.177010000,0.7553191489361702,2025-11-12,2025-11-12
CVE-2024-43166,0.000940000,0.269470000,0.862627197039778,2025-11-12,2025-11-12
CVE-2024-43115,0.000680000,0.210820000,0.8085106382978723,2025-11-12,2025-11-12
CVE-2024-32444,0.000790000,0.241080000,0.8399629972247918,2025-11-12,2025-11-12
CVE-2024-13068,0.000250000,0.056290000,0.19703977798334876,2025-11-12,2025-11-12
CVE-2024-13066,0.000360000,0.101260000,0.40148011100832565,2025-11-12,2025-11-12
CVE-2024-13065,0.000430000,0.128160000,0.5952821461609621,2025-11-12,2025-11-12
CVE-2024-13064,0.000420000,0.123650000,0.580018501387604,2025-11-12,2025-11-12
CVE-2024-13063,0.000470000,0.145510000,0.6500925069380203,2025-11-12,2025-11-12
CVE-2023-3666,0.000400000,0.117260000,0.5520351526364478,2025-11-12,2025-11-12
CVE-2023-21483,0.000170000,0.029850000,0.09181313598519888,2025-11-12,2025-11-12
CVE-2023-21482,0.000220000,0.047300000,0.1540240518038853,2025-11-12,2025-11-12
CVE-2023-21481,0.000720000,0.223830000,0.8214616096207216,2025-11-12,2025-11-12
CVE-2023-21480,0.000390000,0.111790000,0.49283071230342274,2025-11-12,2025-11-12
CVE-2023-21479,0.000880000,0.259090000,0.8526827012025902,2025-11-12,2025-11-12
CVE-2023-21478,0.000260000,0.058280000,0.22687326549491213,2025-11-12,2025-11-12
CVE-2023-21477,0.000170000,0.030260000,0.09181313598519888,2025-11-12,2025-11-12
CVE-2023-21476,0.000200000,0.041540000,0.1364477335800185,2025-11-12,2025-11-12
CVE-2023-21475,0.000200000,0.041540000,0.1364477335800185,2025-11-12,2025-11-12
CVE-2023-21474,0.000160000,0.026620000,0.08256244218316373,2025-11-12,2025-11-12
CVE-2023-21473,0.000880000,0.259230000,0.8526827012025902,2025-11-12,2025-11-12
CVE-2023-21472,0.000880000,0.259230000,0.8526827012025902,2025-11-12,2025-11-12
CVE-2023-21471,0.000210000,0.044800000,0.14662349676225717,2025-11-12,2025-11-12
CVE-2023-21470,0.000210000,0.044800000,0.14662349676225717,2025-11-12,2025-11-12
CVE-2023-21469,0.000210000,0.044800000,0.14662349676225717,2025-11-12,2025-11-12
CVE-2023-21468,0.000180000,0.033040000,0.11632747456059205,2025-11-12,2025-11-12
CVE-2023-21467,0.001310000,0.333790000,0.8984736355226642,2025-11-12,2025-11-12
CVE-2023-21466,0.000120000,0.011720000,0.042321924144310824,2025-11-12,2025-11-12
CVE-2014-125127,0.000560000,0.175560000,0.7506938020351527,2025-11-12,2025-11-12
CVE-2025-9959,0.000570000,0.176800000,0.7553191489361702,2025-11-12,2025-11-12
CVE-2025-9926,0.000370000,0.106090000,0.4357076780758557,2025-11-12,2025-11-12
CVE-2025-9925,0.000390000,0.112690000,0.49283071230342274,2025-11-12,2025-11-12
CVE-2025-9924,0.000390000,0.112690000,0.49283071230342274,2025-11-12,2025-11-12
CVE-2025-9923,0.000570000,0.176610000,0.7553191489361702,2025-11-12,2025-11-12
CVE-2025-9922,0.000480000,0.147060000,0.6806197964847364,2025-11-12,2025-11-12
CVE-2025-9921,0.000360000,0.098790000,0.40148011100832565,2025-11-12,2025-11-12
CVE-2025-9920,0.000560000,0.176270000,0.7506938020351527,2025-11-12,2025-11-12
CVE-2025-9919,0.000390000,0.112690000,0.49283071230342274,2025-11-12,2025-11-12
CVE-2025-9867,0.000380000,0.110030000,0.48080481036077705,2025-11-12,2025-11-12
CVE-2025-9866,0.000580000,0.179860000,0.7624884366327475,2025-11-12,2025-11-12
CVE-2025-9865,0.000380000,0.110030000,0.48080481036077705,2025-11-12,2025-11-12
CVE-2025-9864,0.001380000,0.343560000,0.900786308973173,2025-11-12,2025-11-12
CVE-2025-9824,0.000600000,0.187290000,0.7745143385753932,2025-11-12,2025-11-12
CVE-2025-9823,0.000700000,0.216250000,0.8175300647548566,2025-11-12,2025-11-12
CVE-2025-9365,0.000760000,0.231360000,0.8334875115633672,2025-11-12,2025-11-12
CVE-2025-58644,0.000660000,0.205140000,0.8015726179463459,2025-11-12,2025-11-12
CVE-2025-58643,0.000660000,0.205140000,0.8015726179463459,2025-11-12,2025-11-12
CVE-2025-58642,0.000660000,0.205140000,0.8015726179463459,2025-11-12,2025-11-12
CVE-2025-58641,0.000400000,0.117630000,0.5520351526364478,2025-11-12,2025-11-12
CVE-2025-58640,0.000450000,0.135930000,0.616558741905643,2025-11-12,2025-11-12
CVE-2025-58639,0.000530000,0.165850000,0.7261794634597595,2025-11-12,2025-11-12
CVE-2025-58637,0.001700000,0.387610000,0.9153561517113784,2025-11-12,2025-11-12
CVE-2025-58635,0.000420000,0.124370000,0.580018501387604,2025-11-12,2025-11-12
CVE-2025-58634,0.000420000,0.124370000,0.580018501387604,2025-11-12,2025-11-12
CVE-2025-58633,0.000450000,0.135930000,0.616558741905643,2025-11-12,2025-11-12
CVE-2025-58632,0.000450000,0.135930000,0.616558741905643,2025-11-12,2025-11-12
CVE-2025-58631,0.000420000,0.123650000,0.580018501387604,2025-11-12,2025-11-12
CVE-2025-58630,0.000420000,0.123650000,0.580018501387604,2025-11-12,2025-11-12
CVE-2025-58626,0.000450000,0.135930000,0.616558741905643,2025-11-12,2025-11-12
CVE-2025-58625,0.000420000,0.123650000,0.580018501387604,2025-11-12,2025-11-12
CVE-2025-58624,0.000450000,0.135930000,0.616558741905643,2025-11-12,2025-11-12
CVE-2025-58623,0.000450000,0.135930000,0.616558741905643,2025-11-12,2025-11-12
CVE-2025-58622,0.000390000,0.115370000,0.49283071230342274,2025-11-12,2025-11-12
CVE-2025-58621,0.000450000,0.135930000,0.616558741905643,2025-11-12,2025-11-12
CVE-2025-58620,0.000450000,0.135930000,0.616558741905643,2025-11-12,2025-11-12
CVE-2025-58618,0.000450000,0.135930000,0.616558741905643,2025-11-12,2025-11-12
CVE-2025-58617,0.000390000,0.115370000,0.49283071230342274,2025-11-12,2025-11-12
CVE-2025-58616,0.000550000,0.170660000,0.7439870490286772,2025-11-12,2025-11-12
CVE-2025-58615,0.000350000,0.093840000,0.35545790934320076,2025-11-12,2025-11-12
CVE-2025-58614,0.000450000,0.135930000,0.616558741905643,2025-11-12,2025-11-12
CVE-2025-58613,0.000420000,0.125250000,0.580018501387604,2025-11-12,2025-11-12
CVE-2025-58612,0.000450000,0.135930000,0.616558741905643,2025-11-12,2025-11-12
CVE-2025-58611,0.000200000,0.040060000,0.1364477335800185,2025-11-12,2025-11-12
CVE-2025-58610,0.000450000,0.135930000,0.616558741905643,2025-11-12,2025-11-12
CVE-2025-58609,0.000450000,0.135930000,0.616558741905643,2025-11-12,2025-11-12
CVE-2025-58608,0.001700000,0.387610000,0.9153561517113784,2025-11-12,2025-11-12
CVE-2025-58607,0.000450000,0.135930000,0.616558741905643,2025-11-12,2025-11-12
CVE-2025-58606,0.000390000,0.115370000,0.49283071230342274,2025-11-12,2025-11-12
CVE-2025-58605,0.000450000,0.135930000,0.616558741905643,2025-11-12,2025-11-12
CVE-2025-58604,0.000410000,0.120990000,0.5675300647548566,2025-11-12,2025-11-12
CVE-2025-58603,0.000420000,0.124370000,0.580018501387604,2025-11-12,2025-11-12
CVE-2025-58602,0.000450000,0.135930000,0.616558741905643,2025-11-12,2025-11-12
CVE-2025-58601,0.000390000,0.115370000,0.49283071230342274,2025-11-12,2025-11-12
CVE-2025-58600,0.000600000,0.187000000,0.7745143385753932,2025-11-12,2025-11-12
CVE-2025-58599,0.000390000,0.115370000,0.49283071230342274,2025-11-12,2025-11-12
CVE-2025-58598,0.000420000,0.125580000,0.580018501387604,2025-11-12,2025-11-12
CVE-2025-58597,0.000530000,0.165850000,0.7261794634597595,2025-11-12,2025-11-12
CVE-2025-58596,0.000420000,0.123650000,0.580018501387604,2025-11-12,2025-11-12
CVE-2025-58594,0.000390000,0.115370000,0.49283071230342274,2025-11-12,2025-11-12
CVE-2025-58593,0.000450000,0.135930000,0.616558741905643,2025-11-12,2025-11-12
CVE-2025-58460,0.000380000,0.109940000,0.48080481036077705,2025-11-12,2025-11-12
CVE-2025-58459,0.000500000,0.155080000,0.7009713228492137,2025-11-12,2025-11-12
CVE-2025-58458,0.000640000,0.199000000,0.7941720629047179,2025-11-12,2025-11-12
CVE-2025-57833,0.000200000,0.039060000,0.1364477335800185,2025-11-12,2025-11-12
CVE-2025-57151,0.000710000,0.219770000,0.8198427382053654,2025-11-12,2025-11-12
CVE-2025-57150,0.000840000,0.251050000,0.8459759481961147,2025-11-12,2025-11-12
CVE-2025-57149,0.000390000,0.111600000,0.49283071230342274,2025-11-12,2025-11-12
CVE-2025-57148,0.000750000,0.230130000,0.8304810360777058,2025-11-12,2025-11-12
CVE-2025-57147,0.000430000,0.127510000,0.5952821461609621,2025-11-12,2025-11-12
CVE-2025-57146,0.000380000,0.109880000,0.48080481036077705,2025-11-12,2025-11-12
CVE-2025-57052,0.001350000,0.339690000,0.8996299722479186,2025-11-12,2025-11-12
CVE-2025-56803,0.001540000,0.366810000,0.9093432007400555,2025-11-12,2025-11-12
CVE-2025-56761,0.000520000,0.162470000,0.7197039777983348,2025-11-12,2025-11-12
CVE-2025-56760,0.000770000,0.236400000,0.8358001850138761,2025-11-12,2025-11-12
CVE-2025-56752,0.002810000,0.511950000,0.946577243293247,2025-11-12,2025-11-12
CVE-2025-56689,0.000540000,0.170070000,0.734736355226642,2025-11-12,2025-11-12
CVE-2025-56608,0.000530000,0.164420000,0.7261794634597595,2025-11-12,2025-11-12
CVE-2025-56498,0.034740000,0.870630000,0.990518038852914,2025-11-12,2025-11-12
CVE-2025-56435,0.001350000,0.339470000,0.8996299722479186,2025-11-12,2025-11-12
CVE-2025-56139,0.000500000,0.154190000,0.7009713228492137,2025-11-12,2025-11-12
CVE-2025-55944,0.000920000,0.265920000,0.8582331174838113,2025-11-12,2025-11-12
CVE-2025-55852,0.000770000,0.234260000,0.8358001850138761,2025-11-12,2025-11-12
CVE-2025-55748,0.036360000,0.873440000,0.9909805735430157,2025-11-12,2025-11-12
CVE-2025-55747,0.047240000,0.888970000,0.992368177613321,2025-11-12,2025-11-12
CVE-2025-55162,0.000070000,0.004180000,0.016419981498612395,2025-11-12,2025-11-12
CVE-2025-53690,0.115480000,0.933300000,0.996299722479186,2025-11-12,2025-11-12
CVE-2025-52494,0.000630000,0.197080000,0.7904717853839038,2025-11-12,2025-11-12
CVE-2025-45805,0.000550000,0.171370000,0.7439870490286772,2025-11-12,2025-11-12
CVE-2025-36193,0.000170000,0.031030000,0.09181313598519888,2025-11-12,2025-11-12
CVE-2025-20336,0.000210000,0.044940000,0.14662349676225717,2025-11-12,2025-11-12
CVE-2025-20335,0.000510000,0.159280000,0.7123034227567068,2025-11-12,2025-11-12
CVE-2025-20330,0.000540000,0.169970000,0.734736355226642,2025-11-12,2025-11-12
CVE-2025-20328,0.000490000,0.152050000,0.68686401480111,2025-11-12,2025-11-12
CVE-2025-20326,0.000300000,0.073700000,0.28237742830712304,2025-11-12,2025-11-12
CVE-2025-20291,0.000310000,0.078530000,0.2883903792784459,2025-11-12,2025-11-12
CVE-2025-20287,0.000600000,0.187840000,0.7745143385753932,2025-11-12,2025-11-12
CVE-2025-20280,0.000450000,0.137610000,0.616558741905643,2025-11-12,2025-11-12
CVE-2025-20270,0.000550000,0.171300000,0.7439870490286772,2025-11-12,2025-11-12
CVE-2025-0280,0.000160000,0.026410000,0.08256244218316373,2025-11-12,2025-11-12
CVE-2025-9942,0.000480000,0.148370000,0.6806197964847364,2025-11-12,2025-11-12
CVE-2025-9941,0.000480000,0.148370000,0.6806197964847364,2025-11-12,2025-11-12
CVE-2025-9940,0.000370000,0.104570000,0.4357076780758557,2025-11-12,2025-11-12
CVE-2025-9939,0.000370000,0.104570000,0.4357076780758557,2025-11-12,2025-11-12
CVE-2025-9938,0.000910000,0.265390000,0.8563829787234043,2025-11-12,2025-11-12
CVE-2025-9937,0.000510000,0.156560000,0.7123034227567068,2025-11-12,2025-11-12
CVE-2025-9936,0.000350000,0.093760000,0.35545790934320076,2025-11-12,2025-11-12
CVE-2025-9935,0.026640000,0.852790000,0.9893617021276596,2025-11-12,2025-11-12
CVE-2025-9934,0.024440000,0.846650000,0.9886679000925069,2025-11-12,2025-11-12
CVE-2025-9933,0.000390000,0.112690000,0.49283071230342274,2025-11-12,2025-11-12
CVE-2025-9932,0.000370000,0.106090000,0.4357076780758557,2025-11-12,2025-11-12
CVE-2025-9931,0.000470000,0.142990000,0.6500925069380203,2025-11-12,2025-11-12
CVE-2025-9930,0.000370000,0.106090000,0.4357076780758557,2025-11-12,2025-11-12
CVE-2025-9929,0.000440000,0.131250000,0.6066142460684552,2025-11-12,2025-11-12
CVE-2025-9928,0.000370000,0.106090000,0.4357076780758557,2025-11-12,2025-11-12
CVE-2025-9927,0.000390000,0.112690000,0.49283071230342274,2025-11-12,2025-11-12
CVE-2025-9616,0.000190000,0.038020000,0.1276595744680851,2025-11-12,2025-11-12
CVE-2025-9519,0.003380000,0.560210000,0.9537465309898242,2025-11-12,2025-11-12
CVE-2025-9518,0.009380000,0.754610000,0.9812673450508789,2025-11-12,2025-11-12
CVE-2025-9517,0.003940000,0.596160000,0.9611470860314524,2025-11-12,2025-11-12
CVE-2025-9516,0.000530000,0.163800000,0.7261794634597595,2025-11-12,2025-11-12
CVE-2025-9467,0.001260000,0.326470000,0.896854764107308,2025-11-12,2025-11-12
CVE-2025-8268,0.001150000,0.308910000,0.885522664199815,2025-11-12,2025-11-12
CVE-2025-7388,0.003460000,0.565220000,0.9555966697502313,2025-11-12,2025-11-12
CVE-2025-7385,0.001850000,0.405640000,0.9222941720629048,2025-11-12,2025-11-12
CVE-2025-6984,0.000590000,0.186320000,0.7687326549491211,2025-11-12,2025-11-12
CVE-2025-6085,0.004180000,0.611230000,0.9634597594819612,2025-11-12,2025-11-12
CVE-2025-58358,0.001460000,0.356600000,0.9040240518038853,2025-11-12,2025-11-12
CVE-2025-58357,0.000560000,0.175580000,0.7506938020351527,2025-11-12,2025-11-12
CVE-2025-58355,0.000740000,0.228450000,0.8288621646623496,2025-11-12,2025-11-12
CVE-2025-58064,0.001150000,0.308730000,0.885522664199815,2025-11-12,2025-11-12
CVE-2025-58057,0.000340000,0.092140000,0.33117483811285847,2025-11-12,2025-11-12
CVE-2025-58056,0.000280000,0.065880000,0.27520814061054577,2025-11-12,2025-11-12
CVE-2025-57263,0.000450000,0.136660000,0.616558741905643,2025-11-12,2025-11-12
CVE-2025-43772,0.005850000,0.681640000,0.9738667900092507,2025-11-12,2025-11-12
CVE-2025-41063,0.000390000,0.114700000,0.49283071230342274,2025-11-12,2025-11-12
CVE-2025-41062,0.000390000,0.114700000,0.49283071230342274,2025-11-12,2025-11-12
CVE-2025-41061,0.000390000,0.114700000,0.49283071230342274,2025-11-12,2025-11-12
CVE-2025-41060,0.000390000,0.114700000,0.49283071230342274,2025-11-12,2025-11-12
CVE-2025-41059,0.000390000,0.114700000,0.49283071230342274,2025-11-12,2025-11-12
CVE-2025-41058,0.000390000,0.114700000,0.49283071230342274,2025-11-12,2025-11-12
CVE-2025-41057,0.000390000,0.114700000,0.49283071230342274,2025-11-12,2025-11-12
CVE-2025-41056,0.000390000,0.114700000,0.49283071230342274,2025-11-12,2025-11-12
CVE-2025-41055,0.000390000,0.114700000,0.49283071230342274,2025-11-12,2025-11-12
CVE-2025-41054,0.000390000,0.114700000,0.49283071230342274,2025-11-12,2025-11-12
CVE-2025-41053,0.000390000,0.114700000,0.49283071230342274,2025-11-12,2025-11-12
CVE-2025-41052,0.000390000,0.114700000,0.49283071230342274,2025-11-12,2025-11-12
CVE-2025-41051,0.000390000,0.114700000,0.49283071230342274,2025-11-12,2025-11-12
CVE-2025-41050,0.000390000,0.114700000,0.49283071230342274,2025-11-12,2025-11-12
CVE-2025-41049,0.000390000,0.114700000,0.49283071230342274,2025-11-12,2025-11-12
CVE-2025-41048,0.000390000,0.114700000,0.49283071230342274,2025-11-12,2025-11-12
CVE-2025-41047,0.000390000,0.114700000,0.49283071230342274,2025-11-12,2025-11-12
CVE-2025-41046,0.000390000,0.114700000,0.49283071230342274,2025-11-12,2025-11-12
CVE-2025-41045,0.000390000,0.114700000,0.49283071230342274,2025-11-12,2025-11-12
CVE-2025-41044,0.000390000,0.114700000,0.49283071230342274,2025-11-12,2025-11-12
CVE-2025-41043,0.000390000,0.114700000,0.49283071230342274,2025-11-12,2025-11-12
CVE-2025-41042,0.000390000,0.114700000,0.49283071230342274,2025-11-12,2025-11-12
CVE-2025-41041,0.000390000,0.114700000,0.49283071230342274,2025-11-12,2025-11-12
CVE-2025-41040,0.000390000,0.114700000,0.49283071230342274,2025-11-12,2025-11-12
CVE-2025-41039,0.000390000,0.114700000,0.49283071230342274,2025-11-12,2025-11-12
CVE-2025-41038,0.000390000,0.114700000,0.49283071230342274,2025-11-12,2025-11-12
CVE-2025-41037,0.000390000,0.114700000,0.49283071230342274,2025-11-12,2025-11-12
CVE-2025-41036,0.000390000,0.114700000,0.49283071230342274,2025-11-12,2025-11-12
CVE-2025-41035,0.000450000,0.136470000,0.616558741905643,2025-11-12,2025-11-12
CVE-2025-41034,0.000450000,0.137110000,0.616558741905643,2025-11-12,2025-11-12
CVE-2025-41033,0.000450000,0.137110000,0.616558741905643,2025-11-12,2025-11-12
CVE-2025-41032,0.000450000,0.137110000,0.616558741905643,2025-11-12,2025-11-12
CVE-2025-36909,0.000200000,0.039020000,0.1364477335800185,2025-11-12,2025-11-12
CVE-2025-36908,0.000080000,0.004370000,0.02497687326549491,2025-11-12,2025-11-12
CVE-2025-36907,0.000090000,0.005440000,0.030989824236817762,2025-11-12,2025-11-12
CVE-2025-36906,0.000080000,0.004290000,0.02497687326549491,2025-11-12,2025-11-12
CVE-2025-36905,0.000100000,0.007340000,0.03538390379278446,2025-11-12,2025-11-12
CVE-2025-36904,0.000290000,0.069990000,0.2784458834412581,2025-11-12,2025-11-12
CVE-2025-36903,0.000080000,0.004290000,0.02497687326549491,2025-11-12,2025-11-12
CVE-2025-36902,0.000080000,0.004370000,0.02497687326549491,2025-11-12,2025-11-12
CVE-2025-36901,0.000180000,0.032130000,0.11632747456059205,2025-11-12,2025-11-12
CVE-2025-36900,0.000080000,0.004370000,0.02497687326549491,2025-11-12,2025-11-12
CVE-2025-36899,0.000080000,0.005060000,0.02497687326549491,2025-11-12,2025-11-12
CVE-2025-36898,0.000100000,0.007340000,0.03538390379278446,2025-11-12,2025-11-12
CVE-2025-36897,0.001870000,0.407380000,0.9232192414431082,2025-11-12,2025-11-12
CVE-2025-36896,0.000290000,0.069990000,0.2784458834412581,2025-11-12,2025-11-12
CVE-2025-36895,0.000210000,0.044780000,0.14662349676225717,2025-11-12,2025-11-12
CVE-2025-36894,0.002030000,0.426360000,0.9322386679000925,2025-11-12,2025-11-12
CVE-2025-36893,0.000070000,0.003250000,0.016419981498612395,2025-11-12,2025-11-12
CVE-2025-36892,0.000280000,0.065750000,0.27520814061054577,2025-11-12,2025-11-12
CVE-2025-36891,0.000270000,0.063650000,0.26688251618871417,2025-11-12,2025-11-12
CVE-2025-36890,0.000290000,0.069990000,0.2784458834412581,2025-11-12,2025-11-12
CVE-2025-36887,0.000080000,0.004290000,0.02497687326549491,2025-11-12,2025-11-12
CVE-2025-2694,0.000340000,0.090260000,0.33117483811285847,2025-11-12,2025-11-12
CVE-2025-2667,0.000380000,0.110330000,0.48080481036077705,2025-11-12,2025-11-12
CVE-2025-25048,0.000460000,0.140390000,0.6385291396854764,2025-11-12,2025-11-12
CVE-2025-2417,0.000980000,0.276690000,0.8677150786308974,2025-11-12,2025-11-12
CVE-2025-2411,0.000980000,0.276690000,0.8677150786308974,2025-11-12,2025-11-12
CVE-2024-56190,0.000080000,0.004520000,0.02497687326549491,2025-11-12,2025-11-12
CVE-2024-56189,0.000500000,0.156040000,0.7009713228492137,2025-11-12,2025-11-12
CVE-2024-43184,0.001200000,0.317470000,0.8933857539315448,2025-11-12,2025-11-12
CVE-2024-34598,0.000190000,0.036740000,0.1276595744680851,2025-11-12,2025-11-12
CVE-2024-13073,0.000570000,0.177010000,0.7553191489361702,2025-11-12,2025-11-12
CVE-2024-13071,0.000420000,0.123650000,0.580018501387604,2025-11-12,2025-11-12
CVE-2022-39888,0.000180000,0.033290000,0.11632747456059205,2025-11-12,2025-11-12
CVE-2025-9636,0.000220000,0.045240000,0.1540240518038853,2025-11-12,2025-11-12
CVE-2025-8311,0.015730000,0.809450000,0.9863552266419982,2025-11-12,2025-11-12
CVE-2025-6785,0.000420000,0.123250000,0.580018501387604,2025-11-12,2025-11-12
CVE-2025-57576,0.000390000,0.114700000,0.49283071230342274,2025-11-12,2025-11-12
CVE-2025-38730,0.000270000,0.064610000,0.26688251618871417,2025-11-12,2025-11-12
CVE-2025-38729,0.000490000,0.151960000,0.68686401480111,2025-11-12,2025-11-12
CVE-2025-38728,0.000360000,0.103290000,0.40148011100832565,2025-11-12,2025-11-12
CVE-2025-38727,0.000490000,0.151960000,0.68686401480111,2025-11-12,2025-11-12
CVE-2025-38726,0.000260000,0.061790000,0.22687326549491213,2025-11-12,2025-11-12
CVE-2025-38725,0.000360000,0.103290000,0.40148011100832565,2025-11-12,2025-11-12
CVE-2025-38724,0.000710000,0.221260000,0.8198427382053654,2025-11-12,2025-11-12
CVE-2025-38723,0.000360000,0.103290000,0.40148011100832565,2025-11-12,2025-11-12
CVE-2025-38722,0.000260000,0.061790000,0.22687326549491213,2025-11-12,2025-11-12
CVE-2025-38721,0.000490000,0.151960000,0.68686401480111,2025-11-12,2025-11-12
CVE-2025-38720,0.000250000,0.056010000,0.19703977798334876,2025-11-12,2025-11-12
CVE-2025-38719,0.000250000,0.056010000,0.19703977798334876,2025-11-12,2025-11-12
CVE-2025-38718,0.000490000,0.151960000,0.68686401480111,2025-11-12,2025-11-12
CVE-2025-38717,0.000260000,0.061790000,0.22687326549491213,2025-11-12,2025-11-12
CVE-2025-38716,0.000270000,0.063340000,0.26688251618871417,2025-11-12,2025-11-12
CVE-2025-38715,0.000490000,0.151960000,0.68686401480111,2025-11-12,2025-11-12
CVE-2025-38714,0.000490000,0.151960000,0.68686401480111,2025-11-12,2025-11-12
CVE-2025-38713,0.000490000,0.151960000,0.68686401480111,2025-11-12,2025-11-12
CVE-2025-38712,0.000490000,0.151960000,0.68686401480111,2025-11-12,2025-11-12
CVE-2025-38711,0.000360000,0.103290000,0.40148011100832565,2025-11-12,2025-11-12
CVE-2025-38710,0.000260000,0.061790000,0.22687326549491213,2025-11-12,2025-11-12
CVE-2025-38709,0.000270000,0.063340000,0.26688251618871417,2025-11-12,2025-11-12
CVE-2025-38708,0.000710000,0.221260000,0.8198427382053654,2025-11-12,2025-11-12
CVE-2025-38707,0.000360000,0.103290000,0.40148011100832565,2025-11-12,2025-11-12
CVE-2025-38706,0.000490000,0.151960000,0.68686401480111,2025-11-12,2025-11-12
CVE-2025-38705,0.000260000,0.061790000,0.22687326549491213,2025-11-12,2025-11-12
CVE-2025-38704,0.000260000,0.061790000,0.22687326549491213,2025-11-12,2025-11-12
CVE-2025-38703,0.000260000,0.061790000,0.22687326549491213,2025-11-12,2025-11-12
CVE-2025-38702,0.000450000,0.136530000,0.616558741905643,2025-11-12,2025-11-12
CVE-2025-38701,0.000490000,0.151960000,0.68686401480111,2025-11-12,2025-11-12
CVE-2025-38700,0.000490000,0.151960000,0.68686401480111,2025-11-12,2025-11-12
CVE-2025-38699,0.000490000,0.151960000,0.68686401480111,2025-11-12,2025-11-12
CVE-2025-38698,0.000490000,0.151960000,0.68686401480111,2025-11-12,2025-11-12
CVE-2025-38697,0.000490000,0.151960000,0.68686401480111,2025-11-12,2025-11-12
CVE-2025-38696,0.000490000,0.151960000,0.68686401480111,2025-11-12,2025-11-12
CVE-2025-38695,0.000490000,0.151960000,0.68686401480111,2025-11-12,2025-11-12
CVE-2025-38694,0.000490000,0.151960000,0.68686401480111,2025-11-12,2025-11-12
CVE-2025-38693,0.000490000,0.151960000,0.68686401480111,2025-11-12,2025-11-12
CVE-2025-38692,0.000270000,0.063340000,0.26688251618871417,2025-11-12,2025-11-12
CVE-2025-38691,0.000490000,0.151960000,0.68686401480111,2025-11-12,2025-11-12
CVE-2025-38690,0.000270000,0.065570000,0.26688251618871417,2025-11-12,2025-11-12
CVE-2025-38689,0.000270000,0.065570000,0.26688251618871417,2025-11-12,2025-11-12
CVE-2025-38688,0.000270000,0.063340000,0.26688251618871417,2025-11-12,2025-11-12
CVE-2025-38687,0.000710000,0.221260000,0.8198427382053654,2025-11-12,2025-11-12
CVE-2025-38686,0.000260000,0.061790000,0.22687326549491213,2025-11-12,2025-11-12
CVE-2025-38685,0.000530000,0.165080000,0.7261794634597595,2025-11-12,2025-11-12
CVE-2025-38684,0.000490000,0.151960000,0.68686401480111,2025-11-12,2025-11-12
CVE-2025-38683,0.000490000,0.151960000,0.68686401480111,2025-11-12,2025-11-12
CVE-2025-38682,0.000270000,0.065570000,0.26688251618871417,2025-11-12,2025-11-12
CVE-2025-38681,0.000490000,0.151960000,0.68686401480111,2025-11-12,2025-11-12
CVE-2025-38680,0.000490000,0.151960000,0.68686401480111,2025-11-12,2025-11-12
CVE-2025-38679,0.000420000,0.124300000,0.580018501387604,2025-11-12,2025-11-12
CVE-2025-26462,0.000050000,0.001940000,0.0032377428307123032,2025-11-12,2025-11-12
CVE-2025-26458,0.000070000,0.003210000,0.016419981498612395,2025-11-12,2025-11-12
CVE-2025-26456,0.000120000,0.012020000,0.042321924144310824,2025-11-12,2025-11-12
CVE-2025-26455,0.000050000,0.002210000,0.0032377428307123032,2025-11-12,2025-11-12
CVE-2025-26453,0.000050000,0.001820000,0.0032377428307123032,2025-11-12,2025-11-12
CVE-2025-26452,0.000050000,0.001980000,0.0032377428307123032,2025-11-12,2025-11-12
CVE-2025-26450,0.000050000,0.001980000,0.0032377428307123032,2025-11-12,2025-11-12
CVE-2025-26449,0.000050000,0.002180000,0.0032377428307123032,2025-11-12,2025-11-12
CVE-2025-26448,0.000050000,0.001860000,0.0032377428307123032,2025-11-12,2025-11-12
CVE-2025-26445,0.000040000,0.001740000,0.0013876040703052729,2025-11-12,2025-11-12
CVE-2025-26444,0.000070000,0.003210000,0.016419981498612395,2025-11-12,2025-11-12
CVE-2025-26443,0.000050000,0.002040000,0.0032377428307123032,2025-11-12,2025-11-12
CVE-2025-26442,0.000040000,0.001700000,0.0013876040703052729,2025-11-12,2025-11-12
CVE-2025-26441,0.000540000,0.169990000,0.734736355226642,2025-11-12,2025-11-12
CVE-2025-26440,0.000060000,0.002760000,0.010407030527289547,2025-11-12,2025-11-12
CVE-2025-26438,0.000790000,0.241520000,0.8399629972247918,2025-11-12,2025-11-12
CVE-2025-26437,0.000040000,0.001740000,0.0013876040703052729,2025-11-12,2025-11-12
CVE-2025-26436,0.000070000,0.003090000,0.016419981498612395,2025-11-12,2025-11-12
CVE-2025-26435,0.000050000,0.001940000,0.0032377428307123032,2025-11-12,2025-11-12
CVE-2025-26432,0.000050000,0.002180000,0.0032377428307123032,2025-11-12,2025-11-12
CVE-2025-26430,0.000050000,0.001940000,0.0032377428307123032,2025-11-12,2025-11-12
CVE-2025-26429,0.000060000,0.002640000,0.010407030527289547,2025-11-12,2025-11-12
CVE-2025-26428,0.000050000,0.002010000,0.0032377428307123032,2025-11-12,2025-11-12
CVE-2025-26427,0.000050000,0.001790000,0.0032377428307123032,2025-11-12,2025-11-12
CVE-2025-26426,0.000140000,0.016410000,0.05226641998149861,2025-11-12,2025-11-12
CVE-2025-26425,0.000050000,0.002040000,0.0032377428307123032,2025-11-12,2025-11-12
CVE-2025-26424,0.000050000,0.002040000,0.0032377428307123032,2025-11-12,2025-11-12
CVE-2025-26423,0.000060000,0.002520000,0.010407030527289547,2025-11-12,2025-11-12
CVE-2025-26422,0.000050000,0.002070000,0.0032377428307123032,2025-11-12,2025-11-12
CVE-2025-26421,0.000070000,0.003550000,0.016419981498612395,2025-11-12,2025-11-12
CVE-2025-26420,0.000040000,0.001660000,0.0013876040703052729,2025-11-12,2025-11-12
CVE-2025-23302,0.000160000,0.026450000,0.08256244218316373,2025-11-12,2025-11-12
CVE-2025-23301,0.000160000,0.026450000,0.08256244218316373,2025-11-12,2025-11-12
CVE-2025-23262,0.000150000,0.020570000,0.06637372802960222,2025-11-12,2025-11-12
CVE-2025-23261,0.000170000,0.028710000,0.09181313598519888,2025-11-12,2025-11-12
CVE-2025-23259,0.000440000,0.130540000,0.6066142460684552,2025-11-12,2025-11-12
CVE-2025-23258,0.000150000,0.020330000,0.06637372802960222,2025-11-12,2025-11-12
CVE-2025-23257,0.000150000,0.020330000,0.06637372802960222,2025-11-12,2025-11-12
CVE-2025-23256,0.000160000,0.025660000,0.08256244218316373,2025-11-12,2025-11-12
CVE-2025-22425,0.000080000,0.004310000,0.02497687326549491,2025-11-12,2025-11-12
CVE-2025-0087,0.000060000,0.002620000,0.010407030527289547,2025-11-12,2025-11-12
CVE-2025-0077,0.000080000,0.004650000,0.02497687326549491,2025-11-12,2025-11-12
CVE-2024-49739,0.000050000,0.002000000,0.0032377428307123032,2025-11-12,2025-11-12
CVE-2023-35657,0.000050000,0.002000000,0.0032377428307123032,2025-11-12,2025-11-12
CVE-2025-9990,0.003430000,0.562860000,0.9544403330249769,2025-11-12,2025-11-12
CVE-2025-8944,0.000390000,0.115370000,0.49283071230342274,2025-11-12,2025-11-12
CVE-2025-8684,0.000430000,0.128450000,0.5952821461609621,2025-11-12,2025-11-12
CVE-2025-7445,0.000050000,0.002280000,0.0032377428307123032,2025-11-12,2025-11-12
CVE-2025-58401,0.000090000,0.005670000,0.030989824236817762,2025-11-12,2025-11-12
CVE-2025-58400,0.000190000,0.038810000,0.1276595744680851,2025-11-12,2025-11-12
CVE-2025-58362,0.000460000,0.139550000,0.6385291396854764,2025-11-12,2025-11-12
CVE-2025-58361,0.000640000,0.201930000,0.7941720629047179,2025-11-12,2025-11-12
CVE-2025-58359,0.000240000,0.053740000,0.16466234967622573,2025-11-12,2025-11-12
CVE-2025-58353,0.000640000,0.201930000,0.7941720629047179,2025-11-12,2025-11-12
CVE-2025-58352,0.000520000,0.161670000,0.7197039777983348,2025-11-12,2025-11-12
CVE-2025-58313,0.000070000,0.003840000,0.016419981498612395,2025-11-12,2025-11-12
CVE-2025-58296,0.000070000,0.003190000,0.016419981498612395,2025-11-12,2025-11-12
CVE-2025-58281,0.000090000,0.006500000,0.030989824236817762,2025-11-12,2025-11-12
CVE-2025-58280,0.000180000,0.032750000,0.11632747456059205,2025-11-12,2025-11-12
CVE-2025-58276,0.000090000,0.005750000,0.030989824236817762,2025-11-12,2025-11-12
CVE-2025-58179,0.015920000,0.810680000,0.986586493987049,2025-11-12,2025-11-12
CVE-2025-55739,0.001250000,0.324220000,0.8961609620721555,2025-11-12,2025-11-12
CVE-2025-55671,0.000180000,0.034860000,0.11632747456059205,2025-11-12,2025-11-12
CVE-2025-55305,0.000070000,0.003550000,0.016419981498612395,2025-11-12,2025-11-12
CVE-2025-55244,0.000990000,0.282980000,0.8704902867715079,2025-11-12,2025-11-12
CVE-2025-55242,0.001160000,0.310970000,0.8889916743755781,2025-11-12,2025-11-12
CVE-2025-55241,0.000800000,0.242950000,0.8420444033302498,2025-11-12,2025-11-12
CVE-2025-55238,0.001120000,0.304560000,0.8843663274745606,2025-11-12,2025-11-12
CVE-2025-55209,0.000700000,0.216250000,0.8175300647548566,2025-11-12,2025-11-12
CVE-2025-55190,0.060810000,0.903460000,0.9932932469935245,2025-11-12,2025-11-12
CVE-2025-55037,0.007800000,0.729300000,0.9787234042553191,2025-11-12,2025-11-12
CVE-2025-54914,0.001870000,0.407870000,0.9232192414431082,2025-11-12,2025-11-12
CVE-2025-48581,0.000080000,0.005060000,0.02497687326549491,2025-11-12,2025-11-12
CVE-2025-48563,0.000080000,0.004290000,0.02497687326549491,2025-11-12,2025-11-12
CVE-2025-48562,0.000060000,0.002760000,0.010407030527289547,2025-11-12,2025-11-12
CVE-2025-48561,0.000120000,0.011930000,0.042321924144310824,2025-11-12,2025-11-12
CVE-2025-48560,0.000060000,0.002820000,0.010407030527289547,2025-11-12,2025-11-12
CVE-2025-48559,0.000080000,0.005360000,0.02497687326549491,2025-11-12,2025-11-12
CVE-2025-48558,0.000070000,0.003520000,0.016419981498612395,2025-11-12,2025-11-12
CVE-2025-48556,0.000100000,0.008080000,0.03538390379278446,2025-11-12,2025-11-12
CVE-2025-48554,0.000080000,0.005320000,0.02497687326549491,2025-11-12,2025-11-12
CVE-2025-48553,0.000080000,0.004290000,0.02497687326549491,2025-11-12,2025-11-12
CVE-2025-48552,0.000080000,0.004290000,0.02497687326549491,2025-11-12,2025-11-12
CVE-2025-48551,0.000060000,0.002480000,0.010407030527289547,2025-11-12,2025-11-12
CVE-2025-48550,0.000090000,0.006070000,0.030989824236817762,2025-11-12,2025-11-12
CVE-2025-48549,0.000090000,0.006730000,0.030989824236817762,2025-11-12,2025-11-12
CVE-2025-48548,0.000070000,0.004060000,0.016419981498612395,2025-11-12,2025-11-12
CVE-2025-48547,0.000060000,0.002940000,0.010407030527289547,2025-11-12,2025-11-12
CVE-2025-48546,0.000090000,0.006250000,0.030989824236817762,2025-11-12,2025-11-12
CVE-2025-48545,0.000060000,0.002820000,0.010407030527289547,2025-11-12,2025-11-12
CVE-2025-48544,0.000090000,0.005740000,0.030989824236817762,2025-11-12,2025-11-12
CVE-2025-48543,0.002030000,0.426570000,0.9322386679000925,2025-11-12,2025-11-12
CVE-2025-48542,0.000070000,0.004220000,0.016419981498612395,2025-11-12,2025-11-12
CVE-2025-48541,0.000110000,0.010080000,0.03954671600370028,2025-11-12,2025-11-12
CVE-2025-48540,0.000100000,0.007910000,0.03538390379278446,2025-11-12,2025-11-12
CVE-2025-48539,0.000170000,0.030620000,0.09181313598519888,2025-11-12,2025-11-12
CVE-2025-48538,0.000070000,0.003760000,0.016419981498612395,2025-11-12,2025-11-12
CVE-2025-48537,0.000110000,0.010080000,0.03954671600370028,2025-11-12,2025-11-12
CVE-2025-48535,0.000360000,0.099960000,0.40148011100832565,2025-11-12,2025-11-12
CVE-2025-48534,0.000450000,0.135940000,0.616558741905643,2025-11-12,2025-11-12
CVE-2025-48533,0.000060000,0.002650000,0.010407030527289547,2025-11-12,2025-11-12
CVE-2025-48532,0.000060000,0.002940000,0.010407030527289547,2025-11-12,2025-11-12
CVE-2025-48531,0.000100000,0.007340000,0.03538390379278446,2025-11-12,2025-11-12
CVE-2025-48530,0.001870000,0.407380000,0.9232192414431082,2025-11-12,2025-11-12
CVE-2025-48529,0.000060000,0.002820000,0.010407030527289547,2025-11-12,2025-11-12
CVE-2025-48528,0.000070000,0.003820000,0.016419981498612395,2025-11-12,2025-11-12
CVE-2025-48527,0.000070000,0.004100000,0.016419981498612395,2025-11-12,2025-11-12
CVE-2025-48526,0.000070000,0.003820000,0.016419981498612395,2025-11-12,2025-11-12
CVE-2025-48524,0.000060000,0.002980000,0.010407030527289547,2025-11-12,2025-11-12
CVE-2025-48523,0.000070000,0.003520000,0.016419981498612395,2025-11-12,2025-11-12
CVE-2025-48522,0.000100000,0.007340000,0.03538390379278446,2025-11-12,2025-11-12
CVE-2025-48395,0.000710000,0.219310000,0.8198427382053654,2025-11-12,2025-11-12
CVE-2025-41408,0.000430000,0.128550000,0.5952821461609621,2025-11-12,2025-11-12
CVE-2025-32350,0.000070000,0.003520000,0.016419981498612395,2025-11-12,2025-11-12
CVE-2025-32349,0.000090000,0.006840000,0.030989824236817762,2025-11-12,2025-11-12
CVE-2025-32347,0.000070000,0.003520000,0.016419981498612395,2025-11-12,2025-11-12
CVE-2025-32346,0.000070000,0.003520000,0.016419981498612395,2025-11-12,2025-11-12
CVE-2025-32345,0.000070000,0.003520000,0.016419981498612395,2025-11-12,2025-11-12
CVE-2025-32333,0.000070000,0.003520000,0.016419981498612395,2025-11-12,2025-11-12
CVE-2025-32332,0.000080000,0.004290000,0.02497687326549491,2025-11-12,2025-11-12
CVE-2025-32331,0.000100000,0.007340000,0.03538390379278446,2025-11-12,2025-11-12
CVE-2025-32330,0.000200000,0.040780000,0.1364477335800185,2025-11-12,2025-11-12
CVE-2025-32327,0.000090000,0.005740000,0.030989824236817762,2025-11-12,2025-11-12
CVE-2025-32326,0.000070000,0.003520000,0.016419981498612395,2025-11-12,2025-11-12
CVE-2025-32325,0.000080000,0.004290000,0.02497687326549491,2025-11-12,2025-11-12
CVE-2025-32324,0.000070000,0.003520000,0.016419981498612395,2025-11-12,2025-11-12
CVE-2025-32323,0.000110000,0.010080000,0.03954671600370028,2025-11-12,2025-11-12
CVE-2025-32322,0.000110000,0.009570000,0.03954671600370028,2025-11-12,2025-11-12
CVE-2025-32321,0.000070000,0.003520000,0.016419981498612395,2025-11-12,2025-11-12
CVE-2025-32312,0.000250000,0.054720000,0.19703977798334876,2025-11-12,2025-11-12
CVE-2025-26464,0.000100000,0.007340000,0.03538390379278446,2025-11-12,2025-11-12
CVE-2025-26463,0.000050000,0.002180000,0.0032377428307123032,2025-11-12,2025-11-12
CVE-2025-26454,0.000090000,0.006840000,0.030989824236817762,2025-11-12,2025-11-12
CVE-2025-26439,0.000100000,0.007340000,0.03538390379278446,2025-11-12,2025-11-12
CVE-2025-26431,0.000100000,0.007340000,0.03538390379278446,2025-11-12,2025-11-12
CVE-2025-26419,0.000070000,0.003110000,0.016419981498612395,2025-11-12,2025-11-12
CVE-2025-22441,0.000060000,0.002940000,0.010407030527289547,2025-11-12,2025-11-12
CVE-2025-22415,0.000070000,0.003820000,0.016419981498612395,2025-11-12,2025-11-12
CVE-2025-22414,0.000070000,0.003520000,0.016419981498612395,2025-11-12,2025-11-12
CVE-2025-0089,0.000240000,0.053470000,0.16466234967622573,2025-11-12,2025-11-12
CVE-2025-0076,0.000060000,0.002660000,0.010407030527289547,2025-11-12,2025-11-12
CVE-2024-49731,0.000050000,0.002040000,0.0032377428307123032,2025-11-12,2025-11-12
CVE-2024-49714,0.000080000,0.004290000,0.02497687326549491,2025-11-12,2025-11-12
CVE-2024-40664,0.001480000,0.358830000,0.906567992599445,2025-11-12,2025-11-12
CVE-2025-58883,0.000420000,0.123650000,0.580018501387604,2025-11-12,2025-11-12
CVE-2025-58882,0.000450000,0.135930000,0.616558741905643,2025-11-12,2025-11-12
CVE-2025-58881,0.000440000,0.132820000,0.6066142460684552,2025-11-12,2025-11-12
CVE-2025-58880,0.000450000,0.135930000,0.616558741905643,2025-11-12,2025-11-12
CVE-2025-58878,0.000200000,0.040060000,0.1364477335800185,2025-11-12,2025-11-12
CVE-2025-58876,0.000450000,0.135930000,0.616558741905643,2025-11-12,2025-11-12
CVE-2025-58875,0.000450000,0.135930000,0.616558741905643,2025-11-12,2025-11-12
CVE-2025-58874,0.000450000,0.135930000,0.616558741905643,2025-11-12,2025-11-12
CVE-2025-58873,0.000420000,0.123650000,0.580018501387604,2025-11-12,2025-11-12
CVE-2025-58872,0.000460000,0.138280000,0.6385291396854764,2025-11-12,2025-11-12
CVE-2025-58871,0.000450000,0.135930000,0.616558741905643,2025-11-12,2025-11-12
CVE-2025-58870,0.000450000,0.135930000,0.616558741905643,2025-11-12,2025-11-12
CVE-2025-58869,0.000190000,0.037960000,0.1276595744680851,2025-11-12,2025-11-12
CVE-2025-58868,0.000450000,0.135930000,0.616558741905643,2025-11-12,2025-11-12
CVE-2025-58867,0.000450000,0.135930000,0.616558741905643,2025-11-12,2025-11-12
CVE-2025-58866,0.000380000,0.108010000,0.48080481036077705,2025-11-12,2025-11-12
CVE-2025-58865,0.000200000,0.040060000,0.1364477335800185,2025-11-12,2025-11-12
CVE-2025-58864,0.000450000,0.135930000,0.616558741905643,2025-11-12,2025-11-12
CVE-2025-58863,0.000450000,0.135930000,0.616558741905643,2025-11-12,2025-11-12
CVE-2025-58862,0.000450000,0.135930000,0.616558741905643,2025-11-12,2025-11-12
CVE-2025-58861,0.000190000,0.038580000,0.1276595744680851,2025-11-12,2025-11-12
CVE-2025-58860,0.000190000,0.038580000,0.1276595744680851,2025-11-12,2025-11-12
CVE-2025-58859,0.000190000,0.038580000,0.1276595744680851,2025-11-12,2025-11-12
CVE-2025-58858,0.000450000,0.135930000,0.616558741905643,2025-11-12,2025-11-12
CVE-2025-58857,0.000450000,0.137350000,0.616558741905643,2025-11-12,2025-11-12
CVE-2025-58856,0.000260000,0.060370000,0.22687326549491213,2025-11-12,2025-11-12
CVE-2025-58855,0.000450000,0.137350000,0.616558741905643,2025-11-12,2025-11-12
CVE-2025-58854,0.000190000,0.038580000,0.1276595744680851,2025-11-12,2025-11-12
CVE-2025-58853,0.000190000,0.038580000,0.1276595744680851,2025-11-12,2025-11-12
CVE-2025-58852,0.000190000,0.038580000,0.1276595744680851,2025-11-12,2025-11-12
CVE-2025-58851,0.000450000,0.135930000,0.616558741905643,2025-11-12,2025-11-12
CVE-2025-58850,0.000450000,0.135930000,0.616558741905643,2025-11-12,2025-11-12
CVE-2025-58849,0.000190000,0.038580000,0.1276595744680851,2025-11-12,2025-11-12
CVE-2025-58848,0.000190000,0.038580000,0.1276595744680851,2025-11-12,2025-11-12
CVE-2025-58847,0.000190000,0.038580000,0.1276595744680851,2025-11-12,2025-11-12
CVE-2025-58846,0.000190000,0.038580000,0.1276595744680851,2025-11-12,2025-11-12
CVE-2025-58845,0.000190000,0.038580000,0.1276595744680851,2025-11-12,2025-11-12
CVE-2025-58844,0.000190000,0.038580000,0.1276595744680851,2025-11-12,2025-11-12
CVE-2025-58843,0.000190000,0.038580000,0.1276595744680851,2025-11-12,2025-11-12
CVE-2025-58842,0.000450000,0.135930000,0.616558741905643,2025-11-12,2025-11-12
CVE-2025-58841,0.000500000,0.156110000,0.7009713228492137,2025-11-12,2025-11-12
CVE-2025-58840,0.000450000,0.135930000,0.616558741905643,2025-11-12,2025-11-12
CVE-2025-58839,0.000660000,0.205140000,0.8015726179463459,2025-11-12,2025-11-12
CVE-2025-58838,0.000450000,0.135930000,0.616558741905643,2025-11-12,2025-11-12
CVE-2025-58837,0.000450000,0.135930000,0.616558741905643,2025-11-12,2025-11-12
CVE-2025-58836,0.000450000,0.135930000,0.616558741905643,2025-11-12,2025-11-12
CVE-2025-58835,0.000640000,0.199960000,0.7941720629047179,2025-11-12,2025-11-12
CVE-2025-58834,0.000450000,0.135930000,0.616558741905643,2025-11-12,2025-11-12
CVE-2025-58833,0.000240000,0.052730000,0.16466234967622573,2025-11-12,2025-11-12
CVE-2025-58832,0.000420000,0.123650000,0.580018501387604,2025-11-12,2025-11-12
CVE-2025-58831,0.000200000,0.040060000,0.1364477335800185,2025-11-12,2025-11-12
CVE-2025-58830,0.000450000,0.135930000,0.616558741905643,2025-11-12,2025-11-12
CVE-2025-58829,0.000370000,0.107670000,0.4357076780758557,2025-11-12,2025-11-12
CVE-2025-58828,0.000450000,0.135930000,0.616558741905643,2025-11-12,2025-11-12
CVE-2025-58827,0.000390000,0.114930000,0.49283071230342274,2025-11-12,2025-11-12
CVE-2025-58826,0.000450000,0.135930000,0.616558741905643,2025-11-12,2025-11-12
CVE-2025-58825,0.000420000,0.123650000,0.580018501387604,2025-11-12,2025-11-12
CVE-2025-58824,0.000390000,0.115370000,0.49283071230342274,2025-11-12,2025-11-12
CVE-2025-58823,0.000450000,0.135930000,0.616558741905643,2025-11-12,2025-11-12
CVE-2025-58822,0.000450000,0.135930000,0.616558741905643,2025-11-12,2025-11-12
CVE-2025-58821,0.000420000,0.123650000,0.580018501387604,2025-11-12,2025-11-12
CVE-2025-58820,0.000420000,0.123650000,0.580018501387604,2025-11-12,2025-11-12
CVE-2025-58819,0.000590000,0.183150000,0.7687326549491211,2025-11-12,2025-11-12
CVE-2025-58818,0.000200000,0.041810000,0.1364477335800185,2025-11-12,2025-11-12
CVE-2025-58817,0.000390000,0.115370000,0.49283071230342274,2025-11-12,2025-11-12
CVE-2025-58816,0.000410000,0.121960000,0.5675300647548566,2025-11-12,2025-11-12
CVE-2025-58815,0.000660000,0.205140000,0.8015726179463459,2025-11-12,2025-11-12
CVE-2025-58814,0.000450000,0.135930000,0.616558741905643,2025-11-12,2025-11-12
CVE-2025-58813,0.000390000,0.115370000,0.49283071230342274,2025-11-12,2025-11-12
CVE-2025-58812,0.000450000,0.135930000,0.616558741905643,2025-11-12,2025-11-12
CVE-2025-58811,0.000420000,0.123650000,0.580018501387604,2025-11-12,2025-11-12
CVE-2025-58810,0.000420000,0.123650000,0.580018501387604,2025-11-12,2025-11-12
CVE-2025-58809,0.000190000,0.038580000,0.1276595744680851,2025-11-12,2025-11-12
CVE-2025-58808,0.000450000,0.135930000,0.616558741905643,2025-11-12,2025-11-12
CVE-2025-58807,0.000190000,0.038580000,0.1276595744680851,2025-11-12,2025-11-12
CVE-2025-58806,0.000190000,0.038580000,0.1276595744680851,2025-11-12,2025-11-12
CVE-2025-58805,0.000420000,0.123650000,0.580018501387604,2025-11-12,2025-11-12
CVE-2025-58804,0.000200000,0.040060000,0.1364477335800185,2025-11-12,2025-11-12
CVE-2025-58802,0.000200000,0.040060000,0.1364477335800185,2025-11-12,2025-11-12
CVE-2025-58801,0.000200000,0.041810000,0.1364477335800185,2025-11-12,2025-11-12
CVE-2025-58800,0.000200000,0.040060000,0.1364477335800185,2025-11-12,2025-11-12
CVE-2025-58799,0.000200000,0.040060000,0.1364477335800185,2025-11-12,2025-11-12
CVE-2025-58798,0.000200000,0.040060000,0.1364477335800185,2025-11-12,2025-11-12
CVE-2025-58797,0.000410000,0.121730000,0.5675300647548566,2025-11-12,2025-11-12
CVE-2025-58796,0.000450000,0.135930000,0.616558741905643,2025-11-12,2025-11-12
CVE-2025-58795,0.000380000,0.109650000,0.48080481036077705,2025-11-12,2025-11-12
CVE-2025-58794,0.000200000,0.040060000,0.1364477335800185,2025-11-12,2025-11-12
CVE-2025-58793,0.000450000,0.135930000,0.616558741905643,2025-11-12,2025-11-12
CVE-2025-58792,0.000200000,0.040060000,0.1364477335800185,2025-11-12,2025-11-12
CVE-2025-58791,0.000420000,0.123650000,0.580018501387604,2025-11-12,2025-11-12
CVE-2025-58790,0.000450000,0.135930000,0.616558741905643,2025-11-12,2025-11-12
CVE-2025-58789,0.000410000,0.120990000,0.5675300647548566,2025-11-12,2025-11-12
CVE-2025-58788,0.000410000,0.120990000,0.5675300647548566,2025-11-12,2025-11-12
CVE-2025-58787,0.000450000,0.135930000,0.616558741905643,2025-11-12,2025-11-12
CVE-2025-58786,0.000450000,0.135930000,0.616558741905643,2025-11-12,2025-11-12
CVE-2025-58785,0.000530000,0.165850000,0.7261794634597595,2025-11-12,2025-11-12
CVE-2025-58784,0.000450000,0.135930000,0.616558741905643,2025-11-12,2025-11-12
CVE-2025-58783,0.000390000,0.115370000,0.49283071230342274,2025-11-12,2025-11-12
CVE-2025-10011,0.000370000,0.107570000,0.4357076780758557,2025-11-12,2025-11-12
CVE-2024-21977,0.000150000,0.023240000,0.06637372802960222,2025-11-12,2025-11-12
CVE-2025-9999,0.000440000,0.130480000,0.6066142460684552,2025-11-12,2025-11-12
CVE-2025-9998,0.000220000,0.047390000,0.1540240518038853,2025-11-12,2025-11-12
CVE-2025-9709,0.000450000,0.134680000,0.616558741905643,2025-11-12,2025-11-12
CVE-2025-9057,0.000350000,0.096470000,0.35545790934320076,2025-11-12,2025-11-12
CVE-2025-8695,0.000480000,0.146340000,0.6806197964847364,2025-11-12,2025-11-12
CVE-2025-58887,0.000450000,0.135930000,0.616558741905643,2025-11-12,2025-11-12
CVE-2025-58886,0.000420000,0.123650000,0.580018501387604,2025-11-12,2025-11-12
CVE-2025-58884,0.000420000,0.123650000,0.580018501387604,2025-11-12,2025-11-12
CVE-2025-58780,0.000470000,0.142940000,0.6500925069380203,2025-11-12,2025-11-12
CVE-2025-58628,0.000450000,0.134260000,0.616558741905643,2025-11-12,2025-11-12
CVE-2025-58214,0.001720000,0.389880000,0.9162812210915818,2025-11-12,2025-11-12
CVE-2025-58206,0.001720000,0.389880000,0.9162812210915818,2025-11-12,2025-11-12
CVE-2025-57889,0.001700000,0.387610000,0.9153561517113784,2025-11-12,2025-11-12
CVE-2025-54744,0.000390000,0.115370000,0.49283071230342274,2025-11-12,2025-11-12
CVE-2025-53571,0.000390000,0.115370000,0.49283071230342274,2025-11-12,2025-11-12
CVE-2025-53307,0.000450000,0.137350000,0.616558741905643,2025-11-12,2025-11-12
CVE-2025-49401,0.000610000,0.190510000,0.7816836262719704,2025-11-12,2025-11-12
CVE-2025-48317,0.000650000,0.203370000,0.7992599444958371,2025-11-12,2025-11-12
CVE-2025-48105,0.000450000,0.135930000,0.616558741905643,2025-11-12,2025-11-12
CVE-2025-48104,0.000190000,0.038580000,0.1276595744680851,2025-11-12,2025-11-12
CVE-2025-48103,0.000450000,0.135930000,0.616558741905643,2025-11-12,2025-11-12
CVE-2025-48102,0.000420000,0.123650000,0.580018501387604,2025-11-12,2025-11-12
CVE-2025-39726,0.000260000,0.061790000,0.22687326549491213,2025-11-12,2025-11-12
CVE-2025-39725,0.000250000,0.056010000,0.19703977798334876,2025-11-12,2025-11-12
CVE-2025-39724,0.000470000,0.144440000,0.6500925069380203,2025-11-12,2025-11-12
CVE-2025-39723,0.000250000,0.056010000,0.19703977798334876,2025-11-12,2025-11-12
CVE-2025-39722,0.000250000,0.056010000,0.19703977798334876,2025-11-12,2025-11-12
CVE-2025-39721,0.000330000,0.086810000,0.31961147086031455,2025-11-12,2025-11-12
CVE-2025-39720,0.000260000,0.061790000,0.22687326549491213,2025-11-12,2025-11-12
CVE-2025-39719,0.000360000,0.103290000,0.40148011100832565,2025-11-12,2025-11-12
CVE-2025-39718,0.000360000,0.103290000,0.40148011100832565,2025-11-12,2025-11-12
CVE-2025-39717,0.000270000,0.065570000,0.26688251618871417,2025-11-12,2025-11-12
CVE-2025-39716,0.000360000,0.103290000,0.40148011100832565,2025-11-12,2025-11-12
CVE-2025-39715,0.000360000,0.103290000,0.40148011100832565,2025-11-12,2025-11-12
CVE-2025-39714,0.000490000,0.151960000,0.68686401480111,2025-11-12,2025-11-12
CVE-2025-39713,0.001160000,0.310850000,0.8889916743755781,2025-11-12,2025-11-12
CVE-2025-39712,0.000310000,0.079310000,0.2883903792784459,2025-11-12,2025-11-12
CVE-2025-39711,0.000260000,0.061790000,0.22687326549491213,2025-11-12,2025-11-12
CVE-2025-39710,0.000490000,0.151960000,0.68686401480111,2025-11-12,2025-11-12
CVE-2025-39709,0.000490000,0.151960000,0.68686401480111,2025-11-12,2025-11-12
CVE-2025-39708,0.000270000,0.065570000,0.26688251618871417,2025-11-12,2025-11-12
CVE-2025-39707,0.000250000,0.056010000,0.19703977798334876,2025-11-12,2025-11-12
CVE-2025-39706,0.000360000,0.103290000,0.40148011100832565,2025-11-12,2025-11-12
CVE-2025-39705,0.000250000,0.056010000,0.19703977798334876,2025-11-12,2025-11-12
CVE-2025-39704,0.000270000,0.065570000,0.26688251618871417,2025-11-12,2025-11-12
CVE-2025-39703,0.000490000,0.151960000,0.68686401480111,2025-11-12,2025-11-12
CVE-2025-39702,0.000360000,0.103290000,0.40148011100832565,2025-11-12,2025-11-12
CVE-2025-39701,0.000360000,0.103290000,0.40148011100832565,2025-11-12,2025-11-12
CVE-2025-39700,0.000250000,0.056010000,0.19703977798334876,2025-11-12,2025-11-12
CVE-2025-39699,0.000270000,0.065570000,0.26688251618871417,2025-11-12,2025-11-12
CVE-2025-39698,0.000220000,0.046610000,0.1540240518038853,2025-11-12,2025-11-12
CVE-2025-39697,0.000490000,0.151960000,0.68686401480111,2025-11-12,2025-11-12
CVE-2025-39696,0.000270000,0.065570000,0.26688251618871417,2025-11-12,2025-11-12
CVE-2025-39695,0.000250000,0.056010000,0.19703977798334876,2025-11-12,2025-11-12
CVE-2025-39694,0.000360000,0.103290000,0.40148011100832565,2025-11-12,2025-11-12
CVE-2025-39693,0.000360000,0.103290000,0.40148011100832565,2025-11-12,2025-11-12
CVE-2025-39692,0.000360000,0.103290000,0.40148011100832565,2025-11-12,2025-11-12
CVE-2025-39691,0.000490000,0.151960000,0.68686401480111,2025-11-12,2025-11-12
CVE-2025-39690,0.000270000,0.065570000,0.26688251618871417,2025-11-12,2025-11-12
CVE-2025-39689,0.000490000,0.151960000,0.68686401480111,2025-11-12,2025-11-12
CVE-2025-39687,0.000490000,0.151960000,0.68686401480111,2025-11-12,2025-11-12
CVE-2025-39686,0.000360000,0.103290000,0.40148011100832565,2025-11-12,2025-11-12
CVE-2025-39685,0.000360000,0.103290000,0.40148011100832565,2025-11-12,2025-11-12
CVE-2025-39684,0.000360000,0.103290000,0.40148011100832565,2025-11-12,2025-11-12
CVE-2025-39683,0.000490000,0.151960000,0.68686401480111,2025-11-12,2025-11-12
CVE-2025-39682,0.000360000,0.103290000,0.40148011100832565,2025-11-12,2025-11-12
CVE-2025-39681,0.000490000,0.151960000,0.68686401480111,2025-11-12,2025-11-12
CVE-2025-39680,0.000340000,0.092150000,0.33117483811285847,2025-11-12,2025-11-12
CVE-2025-39679,0.000260000,0.061790000,0.22687326549491213,2025-11-12,2025-11-12
CVE-2025-39678,0.000250000,0.056010000,0.19703977798334876,2025-11-12,2025-11-12
CVE-2025-39677,0.000270000,0.065570000,0.26688251618871417,2025-11-12,2025-11-12
CVE-2025-39676,0.000490000,0.151960000,0.68686401480111,2025-11-12,2025-11-12
CVE-2025-39675,0.000360000,0.103290000,0.40148011100832565,2025-11-12,2025-11-12
CVE-2025-39674,0.000270000,0.065570000,0.26688251618871417,2025-11-12,2025-11-12
CVE-2025-39673,0.000360000,0.103290000,0.40148011100832565,2025-11-12,2025-11-12
CVE-2025-38737,0.000250000,0.056010000,0.19703977798334876,2025-11-12,2025-11-12
CVE-2025-38736,0.000360000,0.103290000,0.40148011100832565,2025-11-12,2025-11-12
CVE-2025-38735,0.000360000,0.103290000,0.40148011100832565,2025-11-12,2025-11-12
CVE-2025-38734,0.000270000,0.063140000,0.26688251618871417,2025-11-12,2025-11-12
CVE-2025-38733,0.000250000,0.056010000,0.19703977798334876,2025-11-12,2025-11-12
CVE-2025-38732,0.000490000,0.151960000,0.68686401480111,2025-11-12,2025-11-12
CVE-2025-38731,0.000270000,0.065570000,0.26688251618871417,2025-11-12,2025-11-12
CVE-2025-35452,0.000450000,0.137390000,0.616558741905643,2025-11-12,2025-11-12
CVE-2025-35451,0.000450000,0.137390000,0.616558741905643,2025-11-12,2025-11-12
CVE-2025-32320,0.000070000,0.003520000,0.016419981498612395,2025-11-12,2025-11-12
CVE-2025-32318,0.000840000,0.250950000,0.8459759481961147,2025-11-12,2025-11-12
CVE-2025-32317,0.000060000,0.002820000,0.010407030527289547,2025-11-12,2025-11-12
CVE-2025-32316,0.000070000,0.003250000,0.016419981498612395,2025-11-12,2025-11-12
CVE-2025-30200,0.000090000,0.005970000,0.030989824236817762,2025-11-12,2025-11-12
CVE-2025-30199,0.000170000,0.030870000,0.09181313598519888,2025-11-12,2025-11-12
CVE-2025-30198,0.000140000,0.017230000,0.05226641998149861,2025-11-12,2025-11-12
CVE-2025-27003,0.000200000,0.040060000,0.1364477335800185,2025-11-12,2025-11-12
CVE-2025-26461,0.000060000,0.002970000,0.010407030527289547,2025-11-12,2025-11-12
CVE-2025-26434,0.000070000,0.003250000,0.016419981498612395,2025-11-12,2025-11-12
CVE-2025-10026,0.000370000,0.104570000,0.4357076780758557,2025-11-12,2025-11-12
CVE-2025-10025,0.000390000,0.112690000,0.49283071230342274,2025-11-12,2025-11-12
CVE-2025-10014,0.000450000,0.136530000,0.616558741905643,2025-11-12,2025-11-12
CVE-2025-10013,0.000480000,0.146120000,0.6806197964847364,2025-11-12,2025-11-12
CVE-2025-10012,0.000370000,0.107570000,0.4357076780758557,2025-11-12,2025-11-12
CVE-2024-0028,0.000060000,0.002820000,0.010407030527289547,2025-11-12,2025-11-12
CVE-2025-9961,0.001100000,0.300340000,0.8827474560592045,2025-11-12,2025-11-12
CVE-2025-9853,0.000370000,0.104390000,0.4357076780758557,2025-11-12,2025-11-12
CVE-2025-9849,0.000440000,0.131190000,0.6066142460684552,2025-11-12,2025-11-12
CVE-2025-9566,0.001100000,0.300580000,0.8827474560592045,2025-11-12,2025-11-12
CVE-2025-9515,0.002940000,0.523730000,0.9477335800185014,2025-11-12,2025-11-12
CVE-2025-9493,0.000390000,0.114170000,0.49283071230342274,2025-11-12,2025-11-12
CVE-2025-9442,0.000390000,0.114170000,0.49283071230342274,2025-11-12,2025-11-12
CVE-2025-9126,0.000420000,0.124290000,0.580018501387604,2025-11-12,2025-11-12
CVE-2025-9085,0.000340000,0.090290000,0.33117483811285847,2025-11-12,2025-11-12
CVE-2025-8722,0.000390000,0.114170000,0.49283071230342274,2025-11-12,2025-11-12
CVE-2025-8564,0.000370000,0.104390000,0.4357076780758557,2025-11-12,2025-11-12
CVE-2025-8360,0.000370000,0.104390000,0.4357076780758557,2025-11-12,2025-11-12
CVE-2025-8359,0.004220000,0.613610000,0.9639222941720629,2025-11-12,2025-11-12
CVE-2025-8149,0.000370000,0.104390000,0.4357076780758557,2025-11-12,2025-11-12
CVE-2025-7368,0.000550000,0.170940000,0.7439870490286772,2025-11-12,2025-11-12
CVE-2025-7366,0.002760000,0.507110000,0.9456521739130435,2025-11-12,2025-11-12
CVE-2025-7045,0.003630000,0.576770000,0.9569842738205365,2025-11-12,2025-11-12
CVE-2025-7040,0.000750000,0.230150000,0.8304810360777058,2025-11-12,2025-11-12
CVE-2025-6757,0.000390000,0.114170000,0.49283071230342274,2025-11-12,2025-11-12
CVE-2025-6067,0.000370000,0.104390000,0.4357076780758557,2025-11-12,2025-11-12
CVE-2025-58446,0.000770000,0.236440000,0.8358001850138761,2025-11-12,2025-11-12
CVE-2025-58445,0.000600000,0.187300000,0.7745143385753932,2025-11-12,2025-11-12
CVE-2025-58443,0.086250000,0.920540000,0.994218316373728,2025-11-12,2025-11-12
CVE-2025-58439,0.000380000,0.110780000,0.48080481036077705,2025-11-12,2025-11-12
CVE-2025-58438,0.025010000,0.848210000,0.9888991674375578,2025-11-12,2025-11-12
CVE-2025-58437,0.000390000,0.112860000,0.49283071230342274,2025-11-12,2025-11-12
CVE-2025-58374,0.000350000,0.096670000,0.35545790934320076,2025-11-12,2025-11-12
CVE-2025-58373,0.000280000,0.066440000,0.27520814061054577,2025-11-12,2025-11-12
CVE-2025-58372,0.001020000,0.288120000,0.8744218316373727,2025-11-12,2025-11-12
CVE-2025-58371,0.003060000,0.533970000,0.9491211840888066,2025-11-12,2025-11-12
CVE-2025-58370,0.001580000,0.372270000,0.9109620721554117,2025-11-12,2025-11-12
CVE-2025-58369,0.000860000,0.255420000,0.8499074930619797,2025-11-12,2025-11-12
CVE-2025-58367,0.004890000,0.646730000,0.9690101757631823,2025-11-12,2025-11-12
CVE-2025-58366,0.000580000,0.181030000,0.7624884366327475,2025-11-12,2025-11-12
CVE-2025-57807,0.000430000,0.128650000,0.5952821461609621,2025-11-12,2025-11-12
CVE-2025-53791,0.000520000,0.163080000,0.7197039777983348,2025-11-12,2025-11-12
CVE-2025-48042,0.000500000,0.153300000,0.7009713228492137,2025-11-12,2025-11-12
CVE-2025-39734,0.000350000,0.095480000,0.35545790934320076,2025-11-12,2025-11-12
CVE-2025-39733,0.000240000,0.052270000,0.16466234967622573,2025-11-12,2025-11-12
CVE-2025-39732,0.000250000,0.057720000,0.19703977798334876,2025-11-12,2025-11-12
CVE-2025-39731,0.000350000,0.095480000,0.35545790934320076,2025-11-12,2025-11-12
CVE-2025-39730,0.000680000,0.212740000,0.8085106382978723,2025-11-12,2025-11-12
CVE-2025-39729,0.000260000,0.061340000,0.22687326549491213,2025-11-12,2025-11-12
CVE-2025-39727,0.000250000,0.057720000,0.19703977798334876,2025-11-12,2025-11-12
CVE-2025-36100,0.000160000,0.027250000,0.08256244218316373,2025-11-12,2025-11-12
CVE-2025-10079,0.000360000,0.098300000,0.40148011100832565,2025-11-12,2025-11-12
CVE-2025-10078,0.000370000,0.105640000,0.4357076780758557,2025-11-12,2025-11-12
CVE-2025-10077,0.000360000,0.098300000,0.40148011100832565,2025-11-12,2025-11-12
CVE-2025-10076,0.000360000,0.098300000,0.40148011100832565,2025-11-12,2025-11-12
CVE-2025-10075,0.000290000,0.070960000,0.2784458834412581,2025-11-12,2025-11-12
CVE-2025-10074,0.000320000,0.082240000,0.2967160037002775,2025-11-12,2025-11-12
CVE-2025-10073,0.000300000,0.076990000,0.28237742830712304,2025-11-12,2025-11-12
CVE-2025-10072,0.000410000,0.121360000,0.5675300647548566,2025-11-12,2025-11-12
CVE-2025-10071,0.000410000,0.121360000,0.5675300647548566,2025-11-12,2025-11-12
CVE-2025-10070,0.000410000,0.121360000,0.5675300647548566,2025-11-12,2025-11-12
CVE-2025-10068,0.000370000,0.105640000,0.4357076780758557,2025-11-12,2025-11-12
CVE-2025-10067,0.000410000,0.122870000,0.5675300647548566,2025-11-12,2025-11-12
CVE-2025-10066,0.000410000,0.122870000,0.5675300647548566,2025-11-12,2025-11-12
CVE-2025-10065,0.000410000,0.122870000,0.5675300647548566,2025-11-12,2025-11-12
CVE-2025-10064,0.000410000,0.122870000,0.5675300647548566,2025-11-12,2025-11-12
CVE-2025-10063,0.000410000,0.122870000,0.5675300647548566,2025-11-12,2025-11-12
CVE-2025-10062,0.000360000,0.098300000,0.40148011100832565,2025-11-12,2025-11-12
CVE-2025-10061,0.000600000,0.189060000,0.7745143385753932,2025-11-12,2025-11-12
CVE-2025-10060,0.001740000,0.391860000,0.9169750231267345,2025-11-12,2025-11-12
CVE-2025-10059,0.000490000,0.152970000,0.68686401480111,2025-11-12,2025-11-12
CVE-2025-10046,0.001270000,0.328980000,0.8973172987974098,2025-11-12,2025-11-12
CVE-2025-10044,0.000500000,0.153140000,0.7009713228492137,2025-11-12,2025-11-12
CVE-2025-10034,0.000590000,0.185550000,0.7687326549491211,2025-11-12,2025-11-12
CVE-2025-10033,0.000370000,0.105640000,0.4357076780758557,2025-11-12,2025-11-12
CVE-2025-10032,0.000510000,0.158680000,0.7123034227567068,2025-11-12,2025-11-12
CVE-2025-10031,0.000370000,0.105640000,0.4357076780758557,2025-11-12,2025-11-12
CVE-2025-10030,0.000370000,0.105640000,0.4357076780758557,2025-11-12,2025-11-12
CVE-2025-10029,0.000320000,0.082240000,0.2967160037002775,2025-11-12,2025-11-12
CVE-2025-10028,0.000320000,0.082240000,0.2967160037002775,2025-11-12,2025-11-12
CVE-2025-10027,0.000370000,0.104570000,0.4357076780758557,2025-11-12,2025-11-12
CVE-2025-10003,0.000640000,0.200530000,0.7941720629047179,2025-11-12,2025-11-12
CVE-2025-0034,0.000170000,0.029780000,0.09181313598519888,2025-11-12,2025-11-12
CVE-2025-0032,0.000150000,0.022830000,0.06637372802960222,2025-11-12,2025-11-12
CVE-2025-0011,0.000150000,0.022110000,0.06637372802960222,2025-11-12,2025-11-12
CVE-2025-0010,0.000180000,0.034040000,0.11632747456059205,2025-11-12,2025-11-12
CVE-2025-0009,0.000170000,0.028440000,0.09181313598519888,2025-11-12,2025-11-12
CVE-2024-36354,0.000140000,0.019170000,0.05226641998149861,2025-11-12,2025-11-12
CVE-2024-36352,0.000170000,0.028300000,0.09181313598519888,2025-11-12,2025-11-12
CVE-2024-36346,0.000230000,0.047570000,0.16026827012025902,2025-11-12,2025-11-12
CVE-2024-36342,0.000260000,0.059290000,0.22687326549491213,2025-11-12,2025-11-12
CVE-2024-36331,0.000180000,0.034710000,0.11632747456059205,2025-11-12,2025-11-12
CVE-2024-36326,0.000150000,0.020290000,0.06637372802960222,2025-11-12,2025-11-12
CVE-2024-21970,0.000160000,0.026510000,0.08256244218316373,2025-11-12,2025-11-12
CVE-2024-21947,0.000160000,0.027840000,0.08256244218316373,2025-11-12,2025-11-12
CVE-2023-31365,0.000170000,0.030960000,0.09181313598519888,2025-11-12,2025-11-12
CVE-2023-31351,0.000160000,0.026510000,0.08256244218316373,2025-11-12,2025-11-12
CVE-2023-31330,0.000160000,0.023790000,0.08256244218316373,2025-11-12,2025-11-12
CVE-2023-31326,0.000140000,0.016430000,0.05226641998149861,2025-11-12,2025-11-12
CVE-2023-31325,0.000160000,0.026670000,0.08256244218316373,2025-11-12,2025-11-12
CVE-2023-31322,0.000170000,0.029600000,0.09181313598519888,2025-11-12,2025-11-12
CVE-2023-31306,0.000170000,0.029350000,0.09181313598519888,2025-11-12,2025-11-12
CVE-2023-20516,0.000330000,0.088250000,0.31961147086031455,2025-11-12,2025-11-12
CVE-2021-46750,0.000150000,0.022510000,0.06637372802960222,2025-11-12,2025-11-12
CVE-2021-26383,0.000180000,0.033160000,0.11632747456059205,2025-11-12,2025-11-12
CVE-2021-26377,0.000150000,0.023160000,0.06637372802960222,2025-11-12,2025-11-12
CVE-2025-9114,0.002110000,0.437400000,0.9345513413506013,2025-11-12,2025-11-12
CVE-2025-9113,0.002150000,0.440340000,0.9354764107308048,2025-11-12,2025-11-12
CVE-2025-9112,0.002610000,0.493260000,0.9440333024976874,2025-11-12,2025-11-12
CVE-2025-8085,0.072670000,0.912430000,0.9939870490286772,2025-11-12,2025-11-12
CVE-2025-7709,0.000540000,0.168460000,0.734736355226642,2025-11-12,2025-11-12
CVE-2025-5993,0.003910000,0.594480000,0.9609158186864015,2025-11-12,2025-11-12
CVE-2025-59033,0.000450000,0.135940000,0.616558741905643,2025-11-12,2025-11-12
CVE-2025-58782,0.002420000,0.473970000,0.9421831637372803,2025-11-12,2025-11-12
CVE-2025-58757,0.002630000,0.496000000,0.9447271045328399,2025-11-12,2025-11-12
CVE-2025-58756,0.004350000,0.621150000,0.9653098982423681,2025-11-12,2025-11-12
CVE-2025-58755,0.000860000,0.255000000,0.8499074930619797,2025-11-12,2025-11-12
CVE-2025-58752,0.000240000,0.053860000,0.16466234967622573,2025-11-12,2025-11-12
CVE-2025-58751,0.017770000,0.821050000,0.9875115633672525,2025-11-12,2025-11-12
CVE-2025-58746,0.000480000,0.147890000,0.6806197964847364,2025-11-12,2025-11-12
CVE-2025-58745,0.001940000,0.416110000,0.925531914893617,2025-11-12,2025-11-12
CVE-2025-58454,0.000460000,0.139530000,0.6385291396854764,2025-11-12,2025-11-12
CVE-2025-58453,0.000460000,0.139530000,0.6385291396854764,2025-11-12,2025-11-12
CVE-2025-58452,0.000440000,0.131640000,0.6066142460684552,2025-11-12,2025-11-12
CVE-2025-58451,0.000600000,0.188570000,0.7745143385753932,2025-11-12,2025-11-12
CVE-2025-58450,0.000430000,0.129300000,0.5952821461609621,2025-11-12,2025-11-12
CVE-2025-58449,0.001240000,0.323680000,0.8954671600370028,2025-11-12,2025-11-12
CVE-2025-58444,0.000320000,0.082060000,0.2967160037002775,2025-11-12,2025-11-12
CVE-2025-58422,0.000230000,0.049270000,0.16026827012025902,2025-11-12,2025-11-12
CVE-2025-58365,0.003830000,0.589150000,0.9604532839962997,2025-11-12,2025-11-12
CVE-2025-57817,0.000520000,0.160400000,0.7197039777983348,2025-11-12,2025-11-12
CVE-2025-57816,0.000570000,0.177270000,0.7553191489361702,2025-11-12,2025-11-12
CVE-2025-57815,0.000850000,0.253190000,0.8485198889916744,2025-11-12,2025-11-12
CVE-2025-57766,0.000510000,0.159120000,0.7123034227567068,2025-11-12,2025-11-12
CVE-2025-57285,0.010670000,0.770090000,0.9821924144310823,2025-11-12,2025-11-12
CVE-2025-57141,0.005590000,0.673310000,0.9729417206290472,2025-11-12,2025-11-12
CVE-2025-56630,0.000380000,0.109530000,0.48080481036077705,2025-11-12,2025-11-12
CVE-2025-56267,0.001030000,0.289850000,0.8755781683626273,2025-11-12,2025-11-12
CVE-2025-56266,0.001030000,0.289850000,0.8755781683626273,2025-11-12,2025-11-12
CVE-2025-56265,0.000770000,0.234110000,0.8358001850138761,2025-11-12,2025-11-12
CVE-2025-55998,0.000500000,0.155410000,0.7009713228492137,2025-11-12,2025-11-12
CVE-2025-55849,0.000240000,0.050480000,0.16466234967622573,2025-11-12,2025-11-12
CVE-2025-54994,0.006010000,0.686180000,0.9743293246993524,2025-11-12,2025-11-12
CVE-2025-53838,0.000430000,0.128080000,0.5952821461609621,2025-11-12,2025-11-12
CVE-2025-52389,0.000740000,0.226450000,0.8288621646623496,2025-11-12,2025-11-12
CVE-2025-52288,0.000780000,0.238990000,0.8371877890841813,2025-11-12,2025-11-12
CVE-2025-52161,0.000650000,0.202740000,0.7992599444958371,2025-11-12,2025-11-12
CVE-2025-51586,0.000120000,0.012350000,0.042321924144310824,2025-11-12,2025-11-12
CVE-2025-43763,0.000510000,0.158120000,0.7123034227567068,2025-11-12,2025-11-12
CVE-2025-43722,0.000160000,0.024740000,0.08256244218316373,2025-11-12,2025-11-12
CVE-2025-42912,0.000340000,0.091020000,0.33117483811285847,2025-11-12,2025-11-12
CVE-2025-42911,0.000320000,0.085130000,0.2967160037002775,2025-11-12,2025-11-12
CVE-2025-41708,0.000360000,0.098470000,0.40148011100832565,2025-11-12,2025-11-12
CVE-2025-41682,0.000500000,0.155550000,0.7009713228492137,2025-11-12,2025-11-12
CVE-2025-41664,0.000930000,0.268990000,0.86054579093432,2025-11-12,2025-11-12
CVE-2025-40930,0.000770000,0.234560000,0.8358001850138761,2025-11-12,2025-11-12
CVE-2025-40929,0.000620000,0.193080000,0.7874653098982424,2025-11-12,2025-11-12
CVE-2025-40928,0.000960000,0.273140000,0.8647086031452359,2025-11-12,2025-11-12
CVE-2025-40642,0.004190000,0.611380000,0.963691026827012,2025-11-12,2025-11-12
CVE-2025-40641,0.002110000,0.436680000,0.9345513413506013,2025-11-12,2025-11-12
CVE-2025-36855,0.000930000,0.267760000,0.86054579093432,2025-11-12,2025-11-12
CVE-2025-36854,0.001240000,0.322990000,0.8954671600370028,2025-11-12,2025-11-12
CVE-2025-36853,0.000950000,0.272610000,0.8640148011100832,2025-11-12,2025-11-12
CVE-2025-3212,0.000560000,0.173910000,0.7506938020351527,2025-11-12,2025-11-12
CVE-2025-22956,0.000610000,0.191740000,0.7816836262719704,2025-11-12,2025-11-12
CVE-2025-1761,0.000540000,0.169310000,0.734736355226642,2025-11-12,2025-11-12
CVE-2025-10121,0.000340000,0.090530000,0.33117483811285847,2025-11-12,2025-11-12
CVE-2025-10120,0.000960000,0.274110000,0.8647086031452359,2025-11-12,2025-11-12
CVE-2025-10118,0.000500000,0.155490000,0.7009713228492137,2025-11-12,2025-11-12
CVE-2025-10117,0.000320000,0.082240000,0.2967160037002775,2025-11-12,2025-11-12
CVE-2025-10116,0.000540000,0.169780000,0.734736355226642,2025-11-12,2025-11-12
CVE-2025-10115,0.000400000,0.118460000,0.5520351526364478,2025-11-12,2025-11-12
CVE-2025-10114,0.000360000,0.098300000,0.40148011100832565,2025-11-12,2025-11-12
CVE-2025-10113,0.000500000,0.155490000,0.7009713228492137,2025-11-12,2025-11-12
CVE-2025-10112,0.000160000,0.026420000,0.08256244218316373,2025-11-12,2025-11-12
CVE-2025-10111,0.000370000,0.105640000,0.4357076780758557,2025-11-12,2025-11-12
CVE-2025-10110,0.000310000,0.079680000,0.2883903792784459,2025-11-12,2025-11-12
CVE-2025-10109,0.000370000,0.105640000,0.4357076780758557,2025-11-12,2025-11-12
CVE-2025-10108,0.000370000,0.105640000,0.4357076780758557,2025-11-12,2025-11-12
CVE-2025-10106,0.000320000,0.085030000,0.2967160037002775,2025-11-12,2025-11-12
CVE-2025-10105,0.000320000,0.085030000,0.2967160037002775,2025-11-12,2025-11-12
CVE-2025-10104,0.000370000,0.105640000,0.4357076780758557,2025-11-12,2025-11-12
CVE-2025-10103,0.000370000,0.105640000,0.4357076780758557,2025-11-12,2025-11-12
CVE-2025-10102,0.000370000,0.105640000,0.4357076780758557,2025-11-12,2025-11-12
CVE-2025-10100,0.000370000,0.105640000,0.4357076780758557,2025-11-12,2025-11-12
CVE-2025-10099,0.000380000,0.109070000,0.48080481036077705,2025-11-12,2025-11-12
CVE-2025-10098,0.000320000,0.085030000,0.2967160037002775,2025-11-12,2025-11-12
CVE-2025-10097,0.000460000,0.138320000,0.6385291396854764,2025-11-12,2025-11-12
CVE-2025-10096,0.000550000,0.171870000,0.7439870490286772,2025-11-12,2025-11-12
CVE-2025-10093,0.000690000,0.215160000,0.8149861239592969,2025-11-12,2025-11-12
CVE-2025-10092,0.000600000,0.188980000,0.7745143385753932,2025-11-12,2025-11-12
CVE-2025-10091,0.000600000,0.188980000,0.7745143385753932,2025-11-12,2025-11-12
CVE-2025-10090,0.000430000,0.130290000,0.5952821461609621,2025-11-12,2025-11-12
CVE-2025-10088,0.000320000,0.082240000,0.2967160037002775,2025-11-12,2025-11-12
CVE-2025-10087,0.000340000,0.091100000,0.33117483811285847,2025-11-12,2025-11-12
CVE-2025-10086,0.000400000,0.119040000,0.5520351526364478,2025-11-12,2025-11-12
CVE-2025-10085,0.000490000,0.150380000,0.68686401480111,2025-11-12,2025-11-12
CVE-2025-10084,0.000290000,0.072130000,0.2784458834412581,2025-11-12,2025-11-12
CVE-2025-10083,0.000550000,0.171510000,0.7439870490286772,2025-11-12,2025-11-12
CVE-2025-10082,0.000370000,0.105640000,0.4357076780758557,2025-11-12,2025-11-12
CVE-2025-10081,0.000610000,0.190810000,0.7816836262719704,2025-11-12,2025-11-12
CVE-2025-10080,0.000320000,0.084320000,0.2967160037002775,2025-11-12,2025-11-12
CVE-2024-48341,0.000260000,0.059690000,0.22687326549491213,2025-11-12,2025-11-12
CVE-2022-50238,0.000650000,0.203750000,0.7992599444958371,2025-11-12,2025-11-12
CVE-2019-25225,0.000450000,0.134330000,0.616558741905643,2025-11-12,2025-11-12
CVE-2014-125128,0.000450000,0.134330000,0.616558741905643,2025-11-12,2025-11-12
CVE-2025-9994,0.001080000,0.296980000,0.8799722479185939,2025-11-12,2025-11-12
CVE-2025-9951,0.003440000,0.564170000,0.9551341350601296,2025-11-12,2025-11-12
CVE-2025-9872,0.002400000,0.472220000,0.9414893617021277,2025-11-12,2025-11-12
CVE-2025-9712,0.002070000,0.431350000,0.9338575393154487,2025-11-12,2025-11-12
CVE-2025-9542,0.000390000,0.111610000,0.49283071230342274,2025-11-12,2025-11-12
CVE-2025-9539,0.001850000,0.404890000,0.9222941720629048,2025-11-12,2025-11-12
CVE-2025-9489,0.000720000,0.223410000,0.8214616096207216,2025-11-12,2025-11-12
CVE-2025-9364,0.000080000,0.004350000,0.02497687326549491,2025-11-12,2025-11-12
CVE-2025-9166,0.000990000,0.283170000,0.8704902867715079,2025-11-12,2025-11-12
CVE-2025-9161,0.000260000,0.060790000,0.22687326549491213,2025-11-12,2025-11-12
CVE-2025-9160,0.000270000,0.062960000,0.26688251618871417,2025-11-12,2025-11-12
CVE-2025-9111,0.000440000,0.131640000,0.6066142460684552,2025-11-12,2025-11-12
CVE-2025-9065,0.000090000,0.006230000,0.030989824236817762,2025-11-12,2025-11-12
CVE-2025-9061,0.000300000,0.076880000,0.28237742830712304,2025-11-12,2025-11-12
CVE-2025-9058,0.000300000,0.076880000,0.28237742830712304,2025-11-12,2025-11-12
CVE-2025-8889,0.000390000,0.115180000,0.49283071230342274,2025-11-12,2025-11-12
CVE-2025-8712,0.002020000,0.424710000,0.9317761332099908,2025-11-12,2025-11-12
CVE-2025-8711,0.000630000,0.197000000,0.7904717853839038,2025-11-12,2025-11-12
CVE-2025-8277,0.000500000,0.153520000,0.7009713228492137,2025-11-12,2025-11-12
CVE-2025-8008,0.000310000,0.081230000,0.2883903792784459,2025-11-12,2025-11-12
CVE-2025-8007,0.000600000,0.186820000,0.7745143385753932,2025-11-12,2025-11-12
CVE-2025-7970,0.000470000,0.145590000,0.6500925069380203,2025-11-12,2025-11-12
CVE-2025-7350,0.004980000,0.650010000,0.969472710453284,2025-11-12,2025-11-12
CVE-2025-59019,0.000370000,0.105670000,0.4357076780758557,2025-11-12,2025-11-12
CVE-2025-59018,0.000420000,0.123450000,0.580018501387604,2025-11-12,2025-11-12
CVE-2025-59017,0.000530000,0.165670000,0.7261794634597595,2025-11-12,2025-11-12
CVE-2025-59016,0.000370000,0.105670000,0.4357076780758557,2025-11-12,2025-11-12
CVE-2025-59015,0.000410000,0.123160000,0.5675300647548566,2025-11-12,2025-11-12
CVE-2025-59014,0.000540000,0.168270000,0.734736355226642,2025-11-12,2025-11-12
CVE-2025-59013,0.000330000,0.088460000,0.31961147086031455,2025-11-12,2025-11-12
CVE-2025-55148,0.005090000,0.654820000,0.9703977798334875,2025-11-12,2025-11-12
CVE-2025-55147,0.001250000,0.324220000,0.8961609620721555,2025-11-12,2025-11-12
CVE-2025-55146,0.003700000,0.581210000,0.9586031452358927,2025-11-12,2025-11-12
CVE-2025-55145,0.003650000,0.577930000,0.9576780758556892,2025-11-12,2025-11-12
CVE-2025-55144,0.004460000,0.626790000,0.9678538390379279,2025-11-12,2025-11-12
CVE-2025-55143,0.000580000,0.182310000,0.7624884366327475,2025-11-12,2025-11-12
CVE-2025-55142,0.005110000,0.655840000,0.9706290471785384,2025-11-12,2025-11-12
CVE-2025-55141,0.005110000,0.655840000,0.9706290471785384,2025-11-12,2025-11-12
CVE-2025-55139,0.002360000,0.464420000,0.940795559666975,2025-11-12,2025-11-12
CVE-2025-54236,0.472390000,0.975450000,0.9986123959296948,2025-11-12,2025-11-12
CVE-2025-53609,0.000790000,0.240020000,0.8399629972247918,2025-11-12,2025-11-12
CVE-2025-52915,0.000480000,0.148210000,0.6806197964847364,2025-11-12,2025-11-12
CVE-2025-52322,0.002120000,0.438360000,0.9352451433857539,2025-11-12,2025-11-12
CVE-2025-52277,0.000830000,0.247790000,0.8450508788159112,2025-11-12,2025-11-12
CVE-2025-48208,0.000600000,0.188340000,0.7745143385753932,2025-11-12,2025-11-12
CVE-2025-47695,0.001470000,0.357010000,0.904486586493987,2025-11-12,2025-11-12
CVE-2025-47694,0.000180000,0.033930000,0.11632747456059205,2025-11-12,2025-11-12
CVE-2025-47579,0.000580000,0.182140000,0.7624884366327475,2025-11-12,2025-11-12
CVE-2025-47571,0.001240000,0.323410000,0.8954671600370028,2025-11-12,2025-11-12
CVE-2025-47570,0.000390000,0.115410000,0.49283071230342274,2025-11-12,2025-11-12
CVE-2025-47569,0.000430000,0.126840000,0.5952821461609621,2025-11-12,2025-11-12
CVE-2025-47437,0.000220000,0.046530000,0.1540240518038853,2025-11-12,2025-11-12
CVE-2025-47416,0.000900000,0.262860000,0.8554579093432008,2025-11-12,2025-11-12
CVE-2025-43778,0.002160000,0.442300000,0.9361702127659575,2025-11-12,2025-11-12
CVE-2025-43777,0.000540000,0.168460000,0.734736355226642,2025-11-12,2025-11-12
CVE-2025-43776,0.001940000,0.415450000,0.925531914893617,2025-11-12,2025-11-12
CVE-2025-42958,0.000990000,0.282160000,0.8704902867715079,2025-11-12,2025-11-12
CVE-2025-42944,0.000200000,0.041960000,0.1364477335800185,2025-11-12,2025-11-12
CVE-2025-42938,0.001160000,0.310720000,0.8889916743755781,2025-11-12,2025-11-12
CVE-2025-42933,0.000290000,0.072740000,0.2784458834412581,2025-11-12,2025-11-12
CVE-2025-42930,0.000760000,0.231060000,0.8334875115633672,2025-11-12,2025-11-12
CVE-2025-42929,0.000440000,0.133480000,0.6066142460684552,2025-11-12,2025-11-12
CVE-2025-42927,0.000160000,0.023790000,0.08256244218316373,2025-11-12,2025-11-12
CVE-2025-42926,0.000980000,0.277840000,0.8677150786308974,2025-11-12,2025-11-12
CVE-2025-42925,0.000350000,0.096290000,0.35545790934320076,2025-11-12,2025-11-12
CVE-2025-42923,0.000180000,0.035330000,0.11632747456059205,2025-11-12,2025-11-12
CVE-2025-42922,0.000610000,0.190880000,0.7816836262719704,2025-11-12,2025-11-12
CVE-2025-42920,0.001450000,0.354800000,0.9033302497687327,2025-11-12,2025-11-12
CVE-2025-42918,0.000320000,0.085130000,0.2967160037002775,2025-11-12,2025-11-12
CVE-2025-42917,0.000340000,0.091020000,0.33117483811285847,2025-11-12,2025-11-12
CVE-2025-42916,0.000440000,0.133480000,0.6066142460684552,2025-11-12,2025-11-12
CVE-2025-42915,0.000320000,0.085130000,0.2967160037002775,2025-11-12,2025-11-12
CVE-2025-42914,0.000340000,0.091020000,0.33117483811285847,2025-11-12,2025-11-12
CVE-2025-42913,0.000340000,0.091020000,0.33117483811285847,2025-11-12,2025-11-12
CVE-2025-41701,0.000330000,0.086180000,0.31961147086031455,2025-11-12,2025-11-12
CVE-2025-40804,0.000520000,0.160350000,0.7197039777983348,2025-11-12,2025-11-12
CVE-2025-40803,0.000200000,0.041500000,0.1364477335800185,2025-11-12,2025-11-12
CVE-2025-40802,0.000200000,0.040340000,0.1364477335800185,2025-11-12,2025-11-12
CVE-2025-40798,0.001160000,0.311110000,0.8889916743755781,2025-11-12,2025-11-12
CVE-2025-40797,0.001160000,0.311110000,0.8889916743755781,2025-11-12,2025-11-12
CVE-2025-40796,0.001160000,0.311110000,0.8889916743755781,2025-11-12,2025-11-12
CVE-2025-40795,0.001680000,0.384260000,0.9148936170212766,2025-11-12,2025-11-12
CVE-2025-40757,0.000390000,0.115180000,0.49283071230342274,2025-11-12,2025-11-12
CVE-2025-40594,0.000330000,0.087940000,0.31961147086031455,2025-11-12,2025-11-12
CVE-2025-39553,0.000220000,0.046530000,0.1540240518038853,2025-11-12,2025-11-12
CVE-2025-39541,0.000250000,0.055290000,0.19703977798334876,2025-11-12,2025-11-12
CVE-2025-39523,0.000190000,0.036380000,0.1276595744680851,2025-11-12,2025-11-12
CVE-2025-33045,0.000170000,0.030480000,0.09181313598519888,2025-11-12,2025-11-12
CVE-2025-32689,0.000550000,0.171220000,0.7439870490286772,2025-11-12,2025-11-12
CVE-2025-32688,0.000220000,0.046530000,0.1540240518038853,2025-11-12,2025-11-12
CVE-2025-32486,0.000400000,0.119500000,0.5520351526364478,2025-11-12,2025-11-12
CVE-2025-30875,0.000170000,0.028340000,0.09181313598519888,2025-11-12,2025-11-12
CVE-2025-24404,0.000670000,0.208720000,0.8050416281221091,2025-11-12,2025-11-12
CVE-2025-10183,0.000790000,0.241030000,0.8399629972247918,2025-11-12,2025-11-12
CVE-2025-10134,0.003680000,0.580330000,0.9581406105457909,2025-11-12,2025-11-12
CVE-2025-10123,0.005460000,0.669260000,0.9722479185938946,2025-11-12,2025-11-12
CVE-2025-10122,0.000320000,0.085520000,0.2967160037002775,2025-11-12,2025-11-12
CVE-2025-10107,0.003160000,0.541570000,0.9498149861239593,2025-11-12,2025-11-12
CVE-2025-10095,0.000260000,0.060170000,0.22687326549491213,2025-11-12,2025-11-12
CVE-2024-45325,0.000230000,0.047710000,0.16026827012025902,2025-11-12,2025-11-12
CVE-2025-57061,0.000720000,0.221790000,0.8214616096207216,2025-11-12,2025-11-12
CVE-2025-57059,0.000720000,0.221790000,0.8214616096207216,2025-11-12,2025-11-12
CVE-2025-57058,0.000720000,0.221790000,0.8214616096207216,2025-11-12,2025-11-12
CVE-2025-57057,0.000720000,0.221790000,0.8214616096207216,2025-11-12,2025-11-12
CVE-2025-55317,0.000860000,0.255470000,0.8499074930619797,2025-11-12,2025-11-12
CVE-2025-55316,0.001140000,0.307780000,0.8852913968547641,2025-11-12,2025-11-12
CVE-2025-55245,0.000860000,0.255470000,0.8499074930619797,2025-11-12,2025-11-12
CVE-2025-55243,0.001050000,0.291600000,0.8774283071230342,2025-11-12,2025-11-12
CVE-2025-55236,0.001150000,0.309220000,0.885522664199815,2025-11-12,2025-11-12
CVE-2025-55234,0.007310000,0.719110000,0.9777983348751156,2025-11-12,2025-11-12
CVE-2025-55232,0.003940000,0.595980000,0.9611470860314524,2025-11-12,2025-11-12
CVE-2025-55228,0.000470000,0.143130000,0.6500925069380203,2025-11-12,2025-11-12
CVE-2025-55227,0.000980000,0.276390000,0.8677150786308974,2025-11-12,2025-11-12
CVE-2025-55226,0.000460000,0.138760000,0.6385291396854764,2025-11-12,2025-11-12
CVE-2025-55225,0.000640000,0.202190000,0.7941720629047179,2025-11-12,2025-11-12
CVE-2025-55224,0.000470000,0.143130000,0.6500925069380203,2025-11-12,2025-11-12
CVE-2025-55223,0.000470000,0.143130000,0.6500925069380203,2025-11-12,2025-11-12
CVE-2025-54919,0.000460000,0.138760000,0.6385291396854764,2025-11-12,2025-11-12
CVE-2025-54918,0.001490000,0.360230000,0.9070305272895467,2025-11-12,2025-11-12
CVE-2025-54917,0.000750000,0.230520000,0.8304810360777058,2025-11-12,2025-11-12
CVE-2025-54916,0.000760000,0.233050000,0.8334875115633672,2025-11-12,2025-11-12
CVE-2025-54915,0.001850000,0.405100000,0.9222941720629048,2025-11-12,2025-11-12
CVE-2025-54913,0.000470000,0.143130000,0.6500925069380203,2025-11-12,2025-11-12
CVE-2025-54912,0.000570000,0.176700000,0.7553191489361702,2025-11-12,2025-11-12
CVE-2025-54911,0.000670000,0.210130000,0.8050416281221091,2025-11-12,2025-11-12
CVE-2025-54910,0.000630000,0.198830000,0.7904717853839038,2025-11-12,2025-11-12
CVE-2025-54908,0.000680000,0.213020000,0.8085106382978723,2025-11-12,2025-11-12
CVE-2025-54907,0.000680000,0.213020000,0.8085106382978723,2025-11-12,2025-11-12
CVE-2025-54906,0.000680000,0.213020000,0.8085106382978723,2025-11-12,2025-11-12
CVE-2025-54905,0.000610000,0.190040000,0.7816836262719704,2025-11-12,2025-11-12
CVE-2025-54904,0.000680000,0.213020000,0.8085106382978723,2025-11-12,2025-11-12
CVE-2025-54903,0.000680000,0.213020000,0.8085106382978723,2025-11-12,2025-11-12
CVE-2025-54902,0.000680000,0.213020000,0.8085106382978723,2025-11-12,2025-11-12
CVE-2025-54901,0.000510000,0.156980000,0.7123034227567068,2025-11-12,2025-11-12
CVE-2025-54900,0.000680000,0.213020000,0.8085106382978723,2025-11-12,2025-11-12
CVE-2025-54899,0.000680000,0.213020000,0.8085106382978723,2025-11-12,2025-11-12
CVE-2025-54898,0.000680000,0.213020000,0.8085106382978723,2025-11-12,2025-11-12
CVE-2025-54897,0.016290000,0.812890000,0.9868177613320999,2025-11-12,2025-11-12
CVE-2025-54896,0.000680000,0.213020000,0.8085106382978723,2025-11-12,2025-11-12
CVE-2025-54895,0.000640000,0.202490000,0.7941720629047179,2025-11-12,2025-11-12
CVE-2025-54894,0.000570000,0.176700000,0.7553191489361702,2025-11-12,2025-11-12
CVE-2025-54709,0.001650000,0.380100000,0.9125809435707678,2025-11-12,2025-11-12
CVE-2025-54261,0.017320000,0.818590000,0.9872802960222017,2025-11-12,2025-11-12
CVE-2025-54252,0.000450000,0.137500000,0.616558741905643,2025-11-12,2025-11-12
CVE-2025-54251,0.152130000,0.943200000,0.9972247918593895,2025-11-12,2025-11-12
CVE-2025-54250,0.002440000,0.475860000,0.9424144310823311,2025-11-12,2025-11-12
CVE-2025-54249,0.098060000,0.926340000,0.9951433857539316,2025-11-12,2025-11-12
CVE-2025-54248,0.001100000,0.301250000,0.8827474560592045,2025-11-12,2025-11-12
CVE-2025-54247,0.001250000,0.324980000,0.8961609620721555,2025-11-12,2025-11-12
CVE-2025-54246,0.000500000,0.153830000,0.7009713228492137,2025-11-12,2025-11-12
CVE-2025-54116,0.000510000,0.157850000,0.7123034227567068,2025-11-12,2025-11-12
CVE-2025-54115,0.000800000,0.241950000,0.8420444033302498,2025-11-12,2025-11-12
CVE-2025-54114,0.000470000,0.143130000,0.6500925069380203,2025-11-12,2025-11-12
CVE-2025-54113,0.000720000,0.222970000,0.8214616096207216,2025-11-12,2025-11-12
CVE-2025-54112,0.000520000,0.161760000,0.7197039777983348,2025-11-12,2025-11-12
CVE-2025-54111,0.000520000,0.161760000,0.7197039777983348,2025-11-12,2025-11-12
CVE-2025-54110,0.001050000,0.291370000,0.8774283071230342,2025-11-12,2025-11-12
CVE-2025-54109,0.001800000,0.399070000,0.919750231267345,2025-11-12,2025-11-12
CVE-2025-54108,0.000470000,0.143130000,0.6500925069380203,2025-11-12,2025-11-12
CVE-2025-54107,0.000760000,0.230890000,0.8334875115633672,2025-11-12,2025-11-12
CVE-2025-54106,0.000790000,0.239550000,0.8399629972247918,2025-11-12,2025-11-12
CVE-2025-54105,0.000470000,0.143130000,0.6500925069380203,2025-11-12,2025-11-12
CVE-2025-54104,0.001800000,0.399070000,0.919750231267345,2025-11-12,2025-11-12
CVE-2025-54103,0.000580000,0.182310000,0.7624884366327475,2025-11-12,2025-11-12
CVE-2025-54102,0.000570000,0.176700000,0.7553191489361702,2025-11-12,2025-11-12
CVE-2025-54101,0.001020000,0.286650000,0.8744218316373727,2025-11-12,2025-11-12
CVE-2025-54099,0.000520000,0.161760000,0.7197039777983348,2025-11-12,2025-11-12
CVE-2025-54098,0.000700000,0.217120000,0.8175300647548566,2025-11-12,2025-11-12
CVE-2025-54097,0.000640000,0.202190000,0.7941720629047179,2025-11-12,2025-11-12
CVE-2025-54096,0.000640000,0.202190000,0.7941720629047179,2025-11-12,2025-11-12
CVE-2025-54095,0.000640000,0.202190000,0.7941720629047179,2025-11-12,2025-11-12
CVE-2025-54094,0.001800000,0.399070000,0.919750231267345,2025-11-12,2025-11-12
CVE-2025-54093,0.000470000,0.143130000,0.6500925069380203,2025-11-12,2025-11-12
CVE-2025-54092,0.000510000,0.159100000,0.7123034227567068,2025-11-12,2025-11-12
CVE-2025-54091,0.000780000,0.237090000,0.8371877890841813,2025-11-12,2025-11-12
CVE-2025-53810,0.001800000,0.399070000,0.919750231267345,2025-11-12,2025-11-12
CVE-2025-53809,0.001990000,0.422280000,0.9299259944495837,2025-11-12,2025-11-12
CVE-2025-53808,0.001800000,0.399070000,0.919750231267345,2025-11-12,2025-11-12
CVE-2025-53807,0.000470000,0.143130000,0.6500925069380203,2025-11-12,2025-11-12
CVE-2025-53806,0.000640000,0.202190000,0.7941720629047179,2025-11-12,2025-11-12
CVE-2025-53805,0.001170000,0.311450000,0.8913043478260869,2025-11-12,2025-11-12
CVE-2025-53804,0.000500000,0.156130000,0.7009713228492137,2025-11-12,2025-11-12
CVE-2025-53803,0.000500000,0.156130000,0.7009713228492137,2025-11-12,2025-11-12
CVE-2025-53802,0.000520000,0.161760000,0.7197039777983348,2025-11-12,2025-11-12
CVE-2025-53801,0.000570000,0.176700000,0.7553191489361702,2025-11-12,2025-11-12
CVE-2025-53800,0.001410000,0.349210000,0.9021739130434783,2025-11-12,2025-11-12
CVE-2025-53799,0.000960000,0.272950000,0.8647086031452359,2025-11-12,2025-11-12
CVE-2025-53798,0.000640000,0.202190000,0.7941720629047179,2025-11-12,2025-11-12
CVE-2025-53797,0.000640000,0.202190000,0.7941720629047179,2025-11-12,2025-11-12
CVE-2025-53796,0.000640000,0.202190000,0.7941720629047179,2025-11-12,2025-11-12
CVE-2025-53348,0.000400000,0.118280000,0.5520351526364478,2025-11-12,2025-11-12
CVE-2025-53340,0.000400000,0.119430000,0.5520351526364478,2025-11-12,2025-11-12
CVE-2025-53303,0.000610000,0.191740000,0.7816836262719704,2025-11-12,2025-11-12
CVE-2025-53291,0.000460000,0.138480000,0.6385291396854764,2025-11-12,2025-11-12
CVE-2025-49860,0.000400000,0.119430000,0.5520351526364478,2025-11-12,2025-11-12
CVE-2025-49734,0.000480000,0.147220000,0.6806197964847364,2025-11-12,2025-11-12
CVE-2025-49692,0.000520000,0.162310000,0.7197039777983348,2025-11-12,2025-11-12
CVE-2025-49430,0.000380000,0.110020000,0.48080481036077705,2025-11-12,2025-11-12
CVE-2025-48101,0.000520000,0.161540000,0.7197039777983348,2025-11-12,2025-11-12
CVE-2025-47997,0.000880000,0.259630000,0.8526827012025902,2025-11-12,2025-11-12
CVE-2025-9269,0.000590000,0.183290000,0.7687326549491211,2025-11-12,2025-11-12
CVE-2025-7635,0.000200000,0.041100000,0.1364477335800185,2025-11-12,2025-11-12
CVE-2025-59008,0.000390000,0.114300000,0.49283071230342274,2025-11-12,2025-11-12
CVE-2025-59005,0.000340000,0.091020000,0.33117483811285847,2025-11-12,2025-11-12
CVE-2025-58997,0.000210000,0.043100000,0.14662349676225717,2025-11-12,2025-11-12
CVE-2025-58993,0.000390000,0.114300000,0.49283071230342274,2025-11-12,2025-11-12
CVE-2025-58991,0.000170000,0.029300000,0.09181313598519888,2025-11-12,2025-11-12
CVE-2025-58990,0.000390000,0.113320000,0.49283071230342274,2025-11-12,2025-11-12
CVE-2025-58989,0.000390000,0.113320000,0.49283071230342274,2025-11-12,2025-11-12
CVE-2025-58988,0.000390000,0.113320000,0.49283071230342274,2025-11-12,2025-11-12
CVE-2025-58987,0.000390000,0.113320000,0.49283071230342274,2025-11-12,2025-11-12
CVE-2025-58985,0.000390000,0.113320000,0.49283071230342274,2025-11-12,2025-11-12
CVE-2025-58984,0.000360000,0.100410000,0.40148011100832565,2025-11-12,2025-11-12
CVE-2025-58983,0.000360000,0.100410000,0.40148011100832565,2025-11-12,2025-11-12
CVE-2025-58982,0.000360000,0.100410000,0.40148011100832565,2025-11-12,2025-11-12
CVE-2025-58981,0.000320000,0.085130000,0.2967160037002775,2025-11-12,2025-11-12
CVE-2025-58980,0.000400000,0.119430000,0.5520351526364478,2025-11-12,2025-11-12
CVE-2025-58979,0.000400000,0.118280000,0.5520351526364478,2025-11-12,2025-11-12
CVE-2025-58978,0.000400000,0.119430000,0.5520351526364478,2025-11-12,2025-11-12
CVE-2025-58977,0.000320000,0.085130000,0.2967160037002775,2025-11-12,2025-11-12
CVE-2025-58976,0.000320000,0.085130000,0.2967160037002775,2025-11-12,2025-11-12
CVE-2025-58975,0.000170000,0.030380000,0.09181313598519888,2025-11-12,2025-11-12
CVE-2025-58762,0.004930000,0.648070000,0.9692414431082331,2025-11-12,2025-11-12
CVE-2025-58761,0.001360000,0.340890000,0.9000925069380203,2025-11-12,2025-11-12
CVE-2025-58760,0.001760000,0.394050000,0.9183626271970398,2025-11-12,2025-11-12
CVE-2025-58759,0.000980000,0.278300000,0.8677150786308974,2025-11-12,2025-11-12
CVE-2025-58758,0.000350000,0.097140000,0.35545790934320076,2025-11-12,2025-11-12
CVE-2025-58753,0.000400000,0.119310000,0.5520351526364478,2025-11-12,2025-11-12
CVE-2025-58442,0.000410000,0.122820000,0.5675300647548566,2025-11-12,2025-11-12
CVE-2025-58435,0.000500000,0.153300000,0.7009713228492137,2025-11-12,2025-11-12
CVE-2025-58430,0.000230000,0.047760000,0.16026827012025902,2025-11-12,2025-11-12
CVE-2025-58215,0.001650000,0.380100000,0.9125809435707678,2025-11-12,2025-11-12
CVE-2025-58180,0.001400000,0.347870000,0.9012488436632747,2025-11-12,2025-11-12
CVE-2025-58063,0.000510000,0.158410000,0.7123034227567068,2025-11-12,2025-11-12
CVE-2025-57665,0.000370000,0.105670000,0.4357076780758557,2025-11-12,2025-11-12
CVE-2025-57540,0.000320000,0.084710000,0.2967160037002775,2025-11-12,2025-11-12
CVE-2025-57539,0.000320000,0.084710000,0.2967160037002775,2025-11-12,2025-11-12
CVE-2025-57538,0.000370000,0.104100000,0.4357076780758557,2025-11-12,2025-11-12
CVE-2025-57278,0.000800000,0.242160000,0.8420444033302498,2025-11-12,2025-11-12
CVE-2025-57087,0.000720000,0.221790000,0.8214616096207216,2025-11-12,2025-11-12
CVE-2025-57086,0.000720000,0.221790000,0.8214616096207216,2025-11-12,2025-11-12
CVE-2025-57085,0.000730000,0.224900000,0.8270120259019427,2025-11-12,2025-11-12
CVE-2025-57078,0.000720000,0.221790000,0.8214616096207216,2025-11-12,2025-11-12
CVE-2025-57072,0.000720000,0.221790000,0.8214616096207216,2025-11-12,2025-11-12
CVE-2025-57071,0.000720000,0.221790000,0.8214616096207216,2025-11-12,2025-11-12
CVE-2025-57070,0.000720000,0.221790000,0.8214616096207216,2025-11-12,2025-11-12
CVE-2025-57069,0.000720000,0.221790000,0.8214616096207216,2025-11-12,2025-11-12
CVE-2025-57064,0.000720000,0.221790000,0.8214616096207216,2025-11-12,2025-11-12
CVE-2025-57063,0.000720000,0.221790000,0.8214616096207216,2025-11-12,2025-11-12
CVE-2025-57062,0.000720000,0.221790000,0.8214616096207216,2025-11-12,2025-11-12
CVE-2025-57060,0.000720000,0.221790000,0.8214616096207216,2025-11-12,2025-11-12
CVE-2025-55730,0.004030000,0.601440000,0.9625346901017576,2025-11-12,2025-11-12
CVE-2025-55729,0.004030000,0.601440000,0.9625346901017576,2025-11-12,2025-11-12
CVE-2025-55728,0.097610000,0.926140000,0.9949121184088807,2025-11-12,2025-11-12
CVE-2025-55727,0.092210000,0.923660000,0.9944495837187789,2025-11-12,2025-11-12
CVE-2025-55054,0.000340000,0.092530000,0.33117483811285847,2025-11-12,2025-11-12
CVE-2025-55053,0.000170000,0.028570000,0.09181313598519888,2025-11-12,2025-11-12
CVE-2025-55052,0.000350000,0.096290000,0.35545790934320076,2025-11-12,2025-11-12
CVE-2025-55051,0.000590000,0.186050000,0.7687326549491211,2025-11-12,2025-11-12
CVE-2025-55050,0.000590000,0.186050000,0.7687326549491211,2025-11-12,2025-11-12
CVE-2025-55049,0.000430000,0.127490000,0.5952821461609621,2025-11-12,2025-11-12
CVE-2025-55048,0.000680000,0.212860000,0.8085106382978723,2025-11-12,2025-11-12
CVE-2025-55047,0.000180000,0.034100000,0.11632747456059205,2025-11-12,2025-11-12
CVE-2025-5500,0.000150000,0.022420000,0.06637372802960222,2025-11-12,2025-11-12
CVE-2025-54257,0.000390000,0.111820000,0.49283071230342274,2025-11-12,2025-11-12
CVE-2025-54256,0.000140000,0.016430000,0.05226641998149861,2025-11-12,2025-11-12
CVE-2025-54255,0.000540000,0.167460000,0.734736355226642,2025-11-12,2025-11-12
CVE-2025-54242,0.000390000,0.111820000,0.49283071230342274,2025-11-12,2025-11-12
CVE-2025-54084,0.005710000,0.677400000,0.973172987974098,2025-11-12,2025-11-12
CVE-2025-54083,0.000240000,0.052270000,0.16466234967622573,2025-11-12,2025-11-12
CVE-2025-53914,0.000230000,0.049280000,0.16026827012025902,2025-11-12,2025-11-12
CVE-2025-53913,0.000230000,0.049280000,0.16026827012025902,2025-11-12,2025-11-12
CVE-2025-5005,0.000600000,0.188580000,0.7745143385753932,2025-11-12,2025-11-12
CVE-2025-47415,0.000820000,0.246940000,0.8445883441258094,2025-11-12,2025-11-12
CVE-2025-44595,0.000340000,0.092530000,0.33117483811285847,2025-11-12,2025-11-12
CVE-2025-44594,0.000430000,0.127490000,0.5952821461609621,2025-11-12,2025-11-12
CVE-2025-44593,0.000340000,0.092530000,0.33117483811285847,2025-11-12,2025-11-12
CVE-2025-43786,0.000670000,0.210250000,0.8050416281221091,2025-11-12,2025-11-12
CVE-2025-43781,0.002180000,0.443630000,0.9373265494912119,2025-11-12,2025-11-12
CVE-2025-43775,0.001990000,0.422250000,0.9299259944495837,2025-11-12,2025-11-12
CVE-2025-43491,0.000280000,0.068700000,0.27520814061054577,2025-11-12,2025-11-12
CVE-2025-36125,0.000330000,0.088820000,0.31961147086031455,2025-11-12,2025-11-12
CVE-2025-36011,0.000130000,0.015030000,0.046022201665124884,2025-11-12,2025-11-12
CVE-2025-34178,0.000170000,0.030740000,0.09181313598519888,2025-11-12,2025-11-12
CVE-2025-34177,0.000170000,0.030740000,0.09181313598519888,2025-11-12,2025-11-12
CVE-2025-34176,0.000360000,0.103320000,0.40148011100832565,2025-11-12,2025-11-12
CVE-2025-34175,0.000220000,0.045930000,0.1540240518038853,2025-11-12,2025-11-12
CVE-2025-34174,0.000170000,0.030740000,0.09181313598519888,2025-11-12,2025-11-12
CVE-2025-34173,0.000360000,0.103320000,0.40148011100832565,2025-11-12,2025-11-12
CVE-2025-34172,0.000220000,0.045150000,0.1540240518038853,2025-11-12,2025-11-12
CVE-2025-29089,0.000600000,0.188780000,0.7745143385753932,2025-11-12,2025-11-12
CVE-2025-23344,0.000330000,0.085780000,0.31961147086031455,2025-11-12,2025-11-12
CVE-2025-23343,0.001040000,0.290840000,0.8767345050878816,2025-11-12,2025-11-12
CVE-2025-23342,0.000410000,0.121290000,0.5675300647548566,2025-11-12,2025-11-12
CVE-2025-10199,0.000170000,0.028620000,0.09181313598519888,2025-11-12,2025-11-12
CVE-2025-10198,0.000140000,0.018950000,0.05226641998149861,2025-11-12,2025-11-12
CVE-2025-10170,0.000530000,0.165650000,0.7261794634597595,2025-11-12,2025-11-12
CVE-2025-10169,0.000530000,0.165650000,0.7261794634597595,2025-11-12,2025-11-12
CVE-2025-10164,0.000440000,0.131680000,0.6066142460684552,2025-11-12,2025-11-12
CVE-2025-10159,0.001010000,0.286220000,0.8725716928769658,2025-11-12,2025-11-12
CVE-2025-9997,0.002090000,0.434580000,0.9343200740055504,2025-11-12,2025-11-12
CVE-2025-9996,0.002060000,0.430970000,0.9333950046253469,2025-11-12,2025-11-12
CVE-2025-9979,0.000320000,0.083630000,0.2967160037002775,2025-11-12,2025-11-12
CVE-2025-9943,0.001360000,0.341830000,0.9000925069380203,2025-11-12,2025-11-12
CVE-2025-9888,0.000140000,0.019200000,0.05226641998149861,2025-11-12,2025-11-12
CVE-2025-9857,0.000370000,0.104390000,0.4357076780758557,2025-11-12,2025-11-12
CVE-2025-9622,0.000170000,0.030580000,0.09181313598519888,2025-11-12,2025-11-12
CVE-2025-9463,0.000330000,0.086870000,0.31961147086031455,2025-11-12,2025-11-12
CVE-2025-9367,0.000310000,0.079010000,0.2883903792784459,2025-11-12,2025-11-12
CVE-2025-8778,0.000340000,0.091590000,0.33117483811285847,2025-11-12,2025-11-12
CVE-2025-8388,0.000370000,0.104390000,0.4357076780758557,2025-11-12,2025-11-12
CVE-2025-7843,0.000320000,0.085130000,0.2967160037002775,2025-11-12,2025-11-12
CVE-2025-7826,0.000330000,0.088510000,0.31961147086031455,2025-11-12,2025-11-12
CVE-2025-7746,0.000670000,0.210250000,0.8050416281221091,2025-11-12,2025-11-12
CVE-2025-7718,0.000500000,0.155550000,0.7009713228492137,2025-11-12,2025-11-12
CVE-2025-7049,0.000500000,0.155550000,0.7009713228492137,2025-11-12,2025-11-12
CVE-2025-6189,0.000310000,0.081440000,0.2883903792784459,2025-11-12,2025-11-12
CVE-2025-59046,0.003940000,0.595850000,0.9611470860314524,2025-11-12,2025-11-12
CVE-2025-59044,0.000140000,0.018960000,0.05226641998149861,2025-11-12,2025-11-12
CVE-2025-59042,0.000170000,0.029450000,0.09181313598519888,2025-11-12,2025-11-12
CVE-2025-59039,0.000630000,0.196400000,0.7904717853839038,2025-11-12,2025-11-12
CVE-2025-59038,0.000630000,0.196400000,0.7904717853839038,2025-11-12,2025-11-12
CVE-2025-59037,0.000590000,0.186270000,0.7687326549491211,2025-11-12,2025-11-12
CVE-2025-59036,0.000450000,0.137480000,0.616558741905643,2025-11-12,2025-11-12
CVE-2025-58768,0.000760000,0.231710000,0.8334875115633672,2025-11-12,2025-11-12
CVE-2025-58765,0.000390000,0.114020000,0.49283071230342274,2025-11-12,2025-11-12
CVE-2025-58764,0.001510000,0.363680000,0.9077243293246994,2025-11-12,2025-11-12
CVE-2025-58763,0.003970000,0.598550000,0.9620721554116559,2025-11-12,2025-11-12
CVE-2025-58750,0.000480000,0.147100000,0.6806197964847364,2025-11-12,2025-11-12
CVE-2025-58462,0.001070000,0.296370000,0.8792784458834413,2025-11-12,2025-11-12
CVE-2025-58448,0.000490000,0.151070000,0.68686401480111,2025-11-12,2025-11-12
CVE-2025-58447,0.002790000,0.509400000,0.9461147086031453,2025-11-12,2025-11-12
CVE-2025-58135,0.000660000,0.205810000,0.8015726179463459,2025-11-12,2025-11-12
CVE-2025-58134,0.000350000,0.094440000,0.35545790934320076,2025-11-12,2025-11-12
CVE-2025-58131,0.000130000,0.015190000,0.046022201665124884,2025-11-12,2025-11-12
CVE-2025-57633,0.006050000,0.687530000,0.9747918593894542,2025-11-12,2025-11-12
CVE-2025-57573,0.000530000,0.165810000,0.7261794634597595,2025-11-12,2025-11-12
CVE-2025-57572,0.000530000,0.165810000,0.7261794634597595,2025-11-12,2025-11-12
CVE-2025-57571,0.000530000,0.165810000,0.7261794634597595,2025-11-12,2025-11-12
CVE-2025-57570,0.000530000,0.165810000,0.7261794634597595,2025-11-12,2025-11-12
CVE-2025-57569,0.000530000,0.165810000,0.7261794634597595,2025-11-12,2025-11-12
CVE-2025-56578,0.000570000,0.178580000,0.7553191489361702,2025-11-12,2025-11-12
CVE-2025-56466,0.000450000,0.136750000,0.616558741905643,2025-11-12,2025-11-12
CVE-2025-56413,0.003320000,0.555290000,0.9525901942645698,2025-11-12,2025-11-12
CVE-2025-56407,0.000360000,0.101820000,0.40148011100832565,2025-11-12,2025-11-12
CVE-2025-56406,0.001560000,0.369100000,0.9100370027752082,2025-11-12,2025-11-12
CVE-2025-56405,0.000540000,0.168830000,0.734736355226642,2025-11-12,2025-11-12
CVE-2025-56404,0.000700000,0.216340000,0.8175300647548566,2025-11-12,2025-11-12
CVE-2025-54260,0.000290000,0.071870000,0.2784458834412581,2025-11-12,2025-11-12
CVE-2025-54259,0.000290000,0.071870000,0.2784458834412581,2025-11-12,2025-11-12
CVE-2025-54258,0.000390000,0.111820000,0.49283071230342274,2025-11-12,2025-11-12
CVE-2025-54245,0.000370000,0.104000000,0.4357076780758557,2025-11-12,2025-11-12
CVE-2025-54244,0.000290000,0.071870000,0.2784458834412581,2025-11-12,2025-11-12
CVE-2025-54243,0.000370000,0.104000000,0.4357076780758557,2025-11-12,2025-11-12
CVE-2025-54241,0.000250000,0.056320000,0.19703977798334876,2025-11-12,2025-11-12
CVE-2025-54240,0.000250000,0.056320000,0.19703977798334876,2025-11-12,2025-11-12
CVE-2025-54239,0.000250000,0.056320000,0.19703977798334876,2025-11-12,2025-11-12
CVE-2025-49461,0.000720000,0.222590000,0.8214616096207216,2025-11-12,2025-11-12
CVE-2025-49460,0.000600000,0.188770000,0.7745143385753932,2025-11-12,2025-11-12
CVE-2025-49459,0.000150000,0.023140000,0.06637372802960222,2025-11-12,2025-11-12
CVE-2025-49458,0.000550000,0.170910000,0.7439870490286772,2025-11-12,2025-11-12
CVE-2025-43938,0.000150000,0.020600000,0.06637372802960222,2025-11-12,2025-11-12
CVE-2025-43888,0.000200000,0.040540000,0.1364477335800185,2025-11-12,2025-11-12
CVE-2025-43887,0.000130000,0.013870000,0.046022201665124884,2025-11-12,2025-11-12
CVE-2025-43886,0.000170000,0.028410000,0.09181313598519888,2025-11-12,2025-11-12
CVE-2025-43885,0.000410000,0.122920000,0.5675300647548566,2025-11-12,2025-11-12
CVE-2025-43884,0.000290000,0.070910000,0.2784458834412581,2025-11-12,2025-11-12
CVE-2025-43725,0.000140000,0.016400000,0.05226641998149861,2025-11-12,2025-11-12
CVE-2025-41714,0.004460000,0.626710000,0.9678538390379279,2025-11-12,2025-11-12
CVE-2025-40979,0.000190000,0.037680000,0.1276595744680851,2025-11-12,2025-11-12
CVE-2025-40725,0.000670000,0.210250000,0.8050416281221091,2025-11-12,2025-11-12
CVE-2025-36759,0.000600000,0.189290000,0.7745143385753932,2025-11-12,2025-11-12
CVE-2025-36758,0.001190000,0.315000000,0.8919981498612396,2025-11-12,2025-11-12
CVE-2025-36757,0.000590000,0.183290000,0.7687326549491211,2025-11-12,2025-11-12
CVE-2025-36756,0.000500000,0.153300000,0.7009713228492137,2025-11-12,2025-11-12
CVE-2025-29592,0.002010000,0.424520000,0.931313598519889,2025-11-12,2025-11-12
CVE-2025-20340,0.000460000,0.141460000,0.6385291396854764,2025-11-12,2025-11-12
CVE-2025-20248,0.000080000,0.004870000,0.02497687326549491,2025-11-12,2025-11-12
CVE-2025-20159,0.000320000,0.085180000,0.2967160037002775,2025-11-12,2025-11-12
CVE-2025-10231,0.000130000,0.014310000,0.046022201665124884,2025-11-12,2025-11-12
CVE-2025-10227,0.000060000,0.002410000,0.010407030527289547,2025-11-12,2025-11-12
CVE-2025-10226,0.003690000,0.580510000,0.9583718778908418,2025-11-12,2025-11-12
CVE-2025-10225,0.001510000,0.363660000,0.9077243293246994,2025-11-12,2025-11-12
CVE-2025-10224,0.001500000,0.361760000,0.9072617946345976,2025-11-12,2025-11-12
CVE-2025-10223,0.000430000,0.130160000,0.5952821461609621,2025-11-12,2025-11-12
CVE-2025-10222,0.000150000,0.022110000,0.06637372802960222,2025-11-12,2025-11-12
CVE-2025-10221,0.000150000,0.019820000,0.06637372802960222,2025-11-12,2025-11-12
CVE-2025-10220,0.001910000,0.412320000,0.9253006475485661,2025-11-12,2025-11-12
CVE-2025-10215,0.000180000,0.034720000,0.11632747456059205,2025-11-12,2025-11-12
CVE-2025-10214,0.000180000,0.034720000,0.11632747456059205,2025-11-12,2025-11-12
CVE-2025-10213,0.000180000,0.034720000,0.11632747456059205,2025-11-12,2025-11-12
CVE-2025-10197,0.000340000,0.090530000,0.33117483811285847,2025-11-12,2025-11-12
CVE-2025-10195,0.000150000,0.022420000,0.06637372802960222,2025-11-12,2025-11-12
CVE-2025-10172,0.000530000,0.165650000,0.7261794634597595,2025-11-12,2025-11-12
CVE-2025-10171,0.000530000,0.165650000,0.7261794634597595,2025-11-12,2025-11-12
CVE-2025-10142,0.000340000,0.090290000,0.33117483811285847,2025-11-12,2025-11-12
CVE-2025-10126,0.000370000,0.104390000,0.4357076780758557,2025-11-12,2025-11-12
CVE-2025-10049,0.003430000,0.563240000,0.9544403330249769,2025-11-12,2025-11-12
CVE-2025-10040,0.000340000,0.092760000,0.33117483811285847,2025-11-12,2025-11-12
CVE-2025-10001,0.003430000,0.563240000,0.9544403330249769,2025-11-12,2025-11-12
CVE-2025-9918,0.005280000,0.662780000,0.971322849213691,2025-11-12,2025-11-12
CVE-2025-9910,0.000400000,0.117550000,0.5520351526364478,2025-11-12,2025-11-12
CVE-2025-9874,0.001010000,0.284960000,0.8725716928769658,2025-11-12,2025-11-12
CVE-2025-9861,0.000370000,0.105850000,0.4357076780758557,2025-11-12,2025-11-12
CVE-2025-9860,0.000370000,0.105850000,0.4357076780758557,2025-11-12,2025-11-12
CVE-2025-9855,0.000370000,0.105850000,0.4357076780758557,2025-11-12,2025-11-12
CVE-2025-9850,0.000370000,0.105850000,0.4357076780758557,2025-11-12,2025-11-12
CVE-2025-9776,0.000310000,0.081440000,0.2883903792784459,2025-11-12,2025-11-12
CVE-2025-9714,0.000210000,0.042580000,0.14662349676225717,2025-11-12,2025-11-12
CVE-2025-9693,0.001770000,0.395810000,0.9185938945420906,2025-11-12,2025-11-12
CVE-2025-9635,0.000140000,0.016610000,0.05226641998149861,2025-11-12,2025-11-12
CVE-2025-9634,0.000150000,0.022610000,0.06637372802960222,2025-11-12,2025-11-12
CVE-2025-9633,0.000140000,0.019200000,0.05226641998149861,2025-11-12,2025-11-12
CVE-2025-9632,0.000140000,0.016610000,0.05226641998149861,2025-11-12,2025-11-12
CVE-2025-9631,0.000140000,0.016610000,0.05226641998149861,2025-11-12,2025-11-12
CVE-2025-9628,0.000140000,0.016610000,0.05226641998149861,2025-11-12,2025-11-12
CVE-2025-9627,0.000150000,0.022610000,0.06637372802960222,2025-11-12,2025-11-12
CVE-2025-9623,0.000140000,0.016610000,0.05226641998149861,2025-11-12,2025-11-12
CVE-2025-9620,0.000140000,0.016540000,0.05226641998149861,2025-11-12,2025-11-12
CVE-2025-9617,0.000180000,0.035430000,0.11632747456059205,2025-11-12,2025-11-12
CVE-2025-9451,0.000310000,0.081440000,0.2883903792784459,2025-11-12,2025-11-12
CVE-2025-9128,0.000370000,0.104390000,0.4357076780758557,2025-11-12,2025-11-12
CVE-2025-9123,0.000370000,0.105850000,0.4357076780758557,2025-11-12,2025-11-12
CVE-2025-9073,0.000920000,0.266470000,0.8582331174838113,2025-11-12,2025-11-12
CVE-2025-9059,0.000170000,0.029150000,0.09181313598519888,2025-11-12,2025-11-12
CVE-2025-9034,0.000310000,0.081650000,0.2883903792784459,2025-11-12,2025-11-12
CVE-2025-8721,0.000370000,0.104390000,0.4357076780758557,2025-11-12,2025-11-12
CVE-2025-8696,0.000920000,0.267510000,0.8582331174838113,2025-11-12,2025-11-12
CVE-2025-8692,0.000340000,0.090290000,0.33117483811285847,2025-11-12,2025-11-12
CVE-2025-8691,0.000370000,0.104390000,0.4357076780758557,2025-11-12,2025-11-12
CVE-2025-8689,0.000370000,0.105850000,0.4357076780758557,2025-11-12,2025-11-12
CVE-2025-8686,0.000390000,0.114170000,0.49283071230342274,2025-11-12,2025-11-12
CVE-2025-8681,0.000340000,0.092730000,0.33117483811285847,2025-11-12,2025-11-12
CVE-2025-8570,0.000530000,0.164140000,0.7261794634597595,2025-11-12,2025-11-12
CVE-2025-8492,0.000960000,0.273900000,0.8647086031452359,2025-11-12,2025-11-12
CVE-2025-8481,0.000150000,0.022610000,0.06637372802960222,2025-11-12,2025-11-12
CVE-2025-8479,0.000140000,0.019200000,0.05226641998149861,2025-11-12,2025-11-12
CVE-2025-8445,0.000370000,0.105850000,0.4357076780758557,2025-11-12,2025-11-12
CVE-2025-8425,0.000500000,0.155550000,0.7009713228492137,2025-11-12,2025-11-12
CVE-2025-8423,0.000490000,0.151130000,0.68686401480111,2025-11-12,2025-11-12
CVE-2025-8422,0.000830000,0.249750000,0.8450508788159112,2025-11-12,2025-11-12
CVE-2025-8417,0.002350000,0.463830000,0.9403330249768732,2025-11-12,2025-11-12
CVE-2025-8398,0.000370000,0.104390000,0.4357076780758557,2025-11-12,2025-11-12
CVE-2025-8392,0.000370000,0.104390000,0.4357076780758557,2025-11-12,2025-11-12
CVE-2025-8318,0.000370000,0.104390000,0.4357076780758557,2025-11-12,2025-11-12
CVE-2025-8316,0.000370000,0.104390000,0.4357076780758557,2025-11-12,2025-11-12
CVE-2025-8215,0.000370000,0.105850000,0.4357076780758557,2025-11-12,2025-11-12
CVE-2025-6088,0.000390000,0.111610000,0.49283071230342274,2025-11-12,2025-11-12
CVE-2025-59052,0.000520000,0.160320000,0.7197039777983348,2025-11-12,2025-11-12
CVE-2025-59049,0.059770000,0.902460000,0.9930619796484736,2025-11-12,2025-11-12
CVE-2025-59045,0.000580000,0.181230000,0.7624884366327475,2025-11-12,2025-11-12
CVE-2025-59041,0.001170000,0.312450000,0.8913043478260869,2025-11-12,2025-11-12
CVE-2025-59035,0.000750000,0.230340000,0.8304810360777058,2025-11-12,2025-11-12
CVE-2025-59034,0.000500000,0.156540000,0.7009713228492137,2025-11-12,2025-11-12
CVE-2025-58321,0.005280000,0.663010000,0.971322849213691,2025-11-12,2025-11-12
CVE-2025-58320,0.000790000,0.241440000,0.8399629972247918,2025-11-12,2025-11-12
CVE-2025-5801,0.000370000,0.104390000,0.4357076780758557,2025-11-12,2025-11-12
CVE-2025-57642,0.026410000,0.852170000,0.9891304347826086,2025-11-12,2025-11-12
CVE-2025-57520,0.000140000,0.018110000,0.05226641998149861,2025-11-12,2025-11-12
CVE-2025-57392,0.000190000,0.036420000,0.1276595744680851,2025-11-12,2025-11-12
CVE-2025-55976,0.000260000,0.060750000,0.22687326549491213,2025-11-12,2025-11-12
CVE-2025-54376,0.001680000,0.384390000,0.9148936170212766,2025-11-12,2025-11-12
CVE-2025-54123,0.335350000,0.967340000,0.9981498612395929,2025-11-12,2025-11-12
CVE-2025-50892,0.000140000,0.018930000,0.05226641998149861,2025-11-12,2025-11-12
CVE-2025-48041,0.000580000,0.181230000,0.7624884366327475,2025-11-12,2025-11-12
CVE-2025-48040,0.000650000,0.203540000,0.7992599444958371,2025-11-12,2025-11-12
CVE-2025-48039,0.000580000,0.181230000,0.7624884366327475,2025-11-12,2025-11-12
CVE-2025-48038,0.000580000,0.181230000,0.7624884366327475,2025-11-12,2025-11-12
CVE-2025-43785,0.001990000,0.422250000,0.9299259944495837,2025-11-12,2025-11-12
CVE-2025-43784,0.000500000,0.153300000,0.7009713228492137,2025-11-12,2025-11-12
CVE-2025-43783,0.002180000,0.443630000,0.9373265494912119,2025-11-12,2025-11-12
CVE-2025-40695,0.000460000,0.139610000,0.6385291396854764,2025-11-12,2025-11-12
CVE-2025-40694,0.000460000,0.139610000,0.6385291396854764,2025-11-12,2025-11-12
CVE-2025-40693,0.000460000,0.139610000,0.6385291396854764,2025-11-12,2025-11-12
CVE-2025-40692,0.000440000,0.131350000,0.6066142460684552,2025-11-12,2025-11-12
CVE-2025-40691,0.000440000,0.131350000,0.6066142460684552,2025-11-12,2025-11-12
CVE-2025-40690,0.000440000,0.131350000,0.6066142460684552,2025-11-12,2025-11-12
CVE-2025-40689,0.000440000,0.131350000,0.6066142460684552,2025-11-12,2025-11-12
CVE-2025-40687,0.000440000,0.131350000,0.6066142460684552,2025-11-12,2025-11-12
CVE-2025-10250,0.000200000,0.039120000,0.1364477335800185,2025-11-12,2025-11-12
CVE-2025-10247,0.000430000,0.130030000,0.5952821461609621,2025-11-12,2025-11-12
CVE-2025-10246,0.000320000,0.082180000,0.2967160037002775,2025-11-12,2025-11-12
CVE-2025-10245,0.000570000,0.177780000,0.7553191489361702,2025-11-12,2025-11-12
CVE-2025-10236,0.001000000,0.283680000,0.8716466234967623,2025-11-12,2025-11-12
CVE-2025-10235,0.000370000,0.106740000,0.4357076780758557,2025-11-12,2025-11-12
CVE-2025-10234,0.000370000,0.106740000,0.4357076780758557,2025-11-12,2025-11-12
CVE-2025-10233,0.000920000,0.265550000,0.8582331174838113,2025-11-12,2025-11-12
CVE-2025-10232,0.000920000,0.266140000,0.8582331174838113,2025-11-12,2025-11-12
CVE-2025-10229,0.000330000,0.088210000,0.31961147086031455,2025-11-12,2025-11-12
CVE-2025-10218,0.000330000,0.088780000,0.31961147086031455,2025-11-12,2025-11-12
CVE-2025-10216,0.000270000,0.064080000,0.26688251618871417,2025-11-12,2025-11-12
CVE-2025-10211,0.000400000,0.118840000,0.5520351526364478,2025-11-12,2025-11-12
CVE-2025-10210,0.000330000,0.088780000,0.31961147086031455,2025-11-12,2025-11-12
CVE-2025-10209,0.000470000,0.141830000,0.6500925069380203,2025-11-12,2025-11-12
CVE-2025-10201,0.000170000,0.030660000,0.09181313598519888,2025-11-12,2025-11-12
CVE-2025-10200,0.000660000,0.205010000,0.8015726179463459,2025-11-12,2025-11-12
CVE-2025-0763,0.000340000,0.091020000,0.33117483811285847,2025-11-12,2025-11-12
CVE-2024-47120,0.000200000,0.040440000,0.1364477335800185,2025-11-12,2025-11-12
CVE-2024-45671,0.000180000,0.032290000,0.11632747456059205,2025-11-12,2025-11-12
CVE-2024-45669,0.001220000,0.320220000,0.8938482886216467,2025-11-12,2025-11-12
CVE-2025-9877,0.000370000,0.105850000,0.4357076780758557,2025-11-12,2025-11-12
CVE-2025-9807,0.000920000,0.266470000,0.8582331174838113,2025-11-12,2025-11-12
CVE-2025-9319,0.000260000,0.059790000,0.22687326549491213,2025-11-12,2025-11-12
CVE-2025-9214,0.000210000,0.042500000,0.14662349676225717,2025-11-12,2025-11-12
CVE-2025-9201,0.000170000,0.031650000,0.09181313598519888,2025-11-12,2025-11-12
CVE-2025-9018,0.000510000,0.159940000,0.7123034227567068,2025-11-12,2025-11-12
CVE-2025-8716,0.000540000,0.168460000,0.734736355226642,2025-11-12,2025-11-12
CVE-2025-8557,0.000250000,0.056440000,0.19703977798334876,2025-11-12,2025-11-12
CVE-2025-8061,0.000170000,0.031650000,0.09181313598519888,2025-11-12,2025-11-12
CVE-2025-59055,0.001780000,0.396990000,0.9192876965772433,2025-11-12,2025-11-12
CVE-2025-59053,0.000510000,0.159640000,0.7123034227567068,2025-11-12,2025-11-12
CVE-2025-59047,0.000610000,0.190140000,0.7816836262719704,2025-11-12,2025-11-12
CVE-2025-58754,0.000250000,0.056240000,0.19703977798334876,2025-11-12,2025-11-12
CVE-2025-58364,0.000810000,0.244430000,0.8438945420906568,2025-11-12,2025-11-12
CVE-2025-58145,0.000520000,0.160240000,0.7197039777983348,2025-11-12,2025-11-12
CVE-2025-58144,0.000570000,0.178390000,0.7553191489361702,2025-11-12,2025-11-12
CVE-2025-58143,0.000550000,0.172460000,0.7439870490286772,2025-11-12,2025-11-12
CVE-2025-58142,0.000610000,0.191450000,0.7816836262719704,2025-11-12,2025-11-12
CVE-2025-58065,0.000260000,0.060430000,0.22687326549491213,2025-11-12,2025-11-12
CVE-2025-58060,0.000530000,0.166560000,0.7261794634597595,2025-11-12,2025-11-12
CVE-2025-56556,0.000460000,0.137750000,0.6385291396854764,2025-11-12,2025-11-12
CVE-2025-55319,0.000800000,0.242680000,0.8420444033302498,2025-11-12,2025-11-12
CVE-2025-43790,0.001740000,0.391740000,0.9169750231267345,2025-11-12,2025-11-12
CVE-2025-43789,0.000280000,0.065680000,0.27520814061054577,2025-11-12,2025-11-12
CVE-2025-43788,0.001740000,0.391740000,0.9169750231267345,2025-11-12,2025-11-12
CVE-2025-43782,0.001740000,0.391740000,0.9169750231267345,2025-11-12,2025-11-12
CVE-2025-40696,0.000460000,0.139610000,0.6385291396854764,2025-11-12,2025-11-12
CVE-2025-40300,0.000660000,0.205740000,0.8015726179463459,2025-11-12,2025-11-12
CVE-2025-39791,0.000240000,0.053680000,0.16466234967622573,2025-11-12,2025-11-12
CVE-2025-39790,0.000350000,0.095480000,0.35545790934320076,2025-11-12,2025-11-12
CVE-2025-39789,0.000260000,0.061340000,0.22687326549491213,2025-11-12,2025-11-12
CVE-2025-39788,0.000470000,0.144200000,0.6500925069380203,2025-11-12,2025-11-12
CVE-2025-39787,0.000470000,0.144200000,0.6500925069380203,2025-11-12,2025-11-12
CVE-2025-39786,0.000260000,0.061340000,0.22687326549491213,2025-11-12,2025-11-12
CVE-2025-39785,0.000260000,0.061340000,0.22687326549491213,2025-11-12,2025-11-12
CVE-2025-39784,0.000260000,0.061340000,0.22687326549491213,2025-11-12,2025-11-12
CVE-2025-39783,0.000470000,0.144200000,0.6500925069380203,2025-11-12,2025-11-12
CVE-2025-39782,0.000470000,0.144200000,0.6500925069380203,2025-11-12,2025-11-12
CVE-2025-39781,0.000250000,0.057720000,0.19703977798334876,2025-11-12,2025-11-12
CVE-2025-39780,0.000240000,0.052270000,0.16466234967622573,2025-11-12,2025-11-12
CVE-2025-39779,0.000240000,0.052270000,0.16466234967622573,2025-11-12,2025-11-12
CVE-2025-39777,0.000260000,0.061340000,0.22687326549491213,2025-11-12,2025-11-12
CVE-2025-39776,0.000350000,0.095480000,0.35545790934320076,2025-11-12,2025-11-12
CVE-2025-39775,0.000260000,0.061340000,0.22687326549491213,2025-11-12,2025-11-12
CVE-2025-39774,0.000260000,0.061340000,0.22687326549491213,2025-11-12,2025-11-12
CVE-2025-39773,0.000350000,0.095480000,0.35545790934320076,2025-11-12,2025-11-12
CVE-2025-39772,0.000350000,0.095480000,0.35545790934320076,2025-11-12,2025-11-12
CVE-2025-39771,0.000260000,0.061340000,0.22687326549491213,2025-11-12,2025-11-12
CVE-2025-39770,0.000350000,0.095480000,0.35545790934320076,2025-11-12,2025-11-12
CVE-2025-39769,0.000260000,0.061340000,0.22687326549491213,2025-11-12,2025-11-12
CVE-2025-39768,0.000260000,0.061340000,0.22687326549491213,2025-11-12,2025-11-12
CVE-2025-39767,0.000250000,0.057720000,0.19703977798334876,2025-11-12,2025-11-12
CVE-2025-39766,0.000470000,0.144200000,0.6500925069380203,2025-11-12,2025-11-12
CVE-2025-39765,0.000240000,0.052270000,0.16466234967622573,2025-11-12,2025-11-12
CVE-2025-39764,0.000260000,0.061340000,0.22687326549491213,2025-11-12,2025-11-12
CVE-2025-39763,0.000260000,0.059280000,0.22687326549491213,2025-11-12,2025-11-12
CVE-2025-39762,0.000240000,0.052270000,0.16466234967622573,2025-11-12,2025-11-12
CVE-2025-39761,0.000260000,0.059280000,0.22687326549491213,2025-11-12,2025-11-12
CVE-2025-39760,0.000780000,0.239240000,0.8371877890841813,2025-11-12,2025-11-12
CVE-2025-39759,0.000350000,0.095480000,0.35545790934320076,2025-11-12,2025-11-12
CVE-2025-39758,0.000260000,0.059280000,0.22687326549491213,2025-11-12,2025-11-12
CVE-2025-39757,0.000470000,0.144200000,0.6500925069380203,2025-11-12,2025-11-12
CVE-2025-39756,0.000680000,0.212740000,0.8085106382978723,2025-11-12,2025-11-12
CVE-2025-39754,0.000250000,0.057720000,0.19703977798334876,2025-11-12,2025-11-12
CVE-2025-39753,0.000260000,0.059280000,0.22687326549491213,2025-11-12,2025-11-12
CVE-2025-39752,0.000470000,0.144200000,0.6500925069380203,2025-11-12,2025-11-12
CVE-2025-39750,0.000260000,0.059280000,0.22687326549491213,2025-11-12,2025-11-12
CVE-2025-39749,0.000470000,0.144200000,0.6500925069380203,2025-11-12,2025-11-12
CVE-2025-39748,0.000250000,0.057720000,0.19703977798334876,2025-11-12,2025-11-12
CVE-2025-39747,0.000250000,0.057720000,0.19703977798334876,2025-11-12,2025-11-12
CVE-2025-39746,0.000250000,0.057720000,0.19703977798334876,2025-11-12,2025-11-12
CVE-2025-39745,0.000240000,0.052270000,0.16466234967622573,2025-11-12,2025-11-12
CVE-2025-39744,0.000260000,0.059280000,0.22687326549491213,2025-11-12,2025-11-12
CVE-2025-39743,0.000470000,0.144200000,0.6500925069380203,2025-11-12,2025-11-12
CVE-2025-39742,0.000470000,0.144200000,0.6500925069380203,2025-11-12,2025-11-12
CVE-2025-39741,0.000260000,0.061340000,0.22687326549491213,2025-11-12,2025-11-12
CVE-2025-39740,0.000260000,0.061340000,0.22687326549491213,2025-11-12,2025-11-12
CVE-2025-39739,0.000260000,0.059280000,0.22687326549491213,2025-11-12,2025-11-12
CVE-2025-39738,0.000350000,0.095480000,0.35545790934320076,2025-11-12,2025-11-12
CVE-2025-39737,0.000470000,0.144200000,0.6500925069380203,2025-11-12,2025-11-12
CVE-2025-39736,0.000470000,0.144200000,0.6500925069380203,2025-11-12,2025-11-12
CVE-2025-36222,0.000500000,0.155660000,0.7009713228492137,2025-11-12,2025-11-12
CVE-2025-27466,0.000610000,0.191450000,0.7816836262719704,2025-11-12,2025-11-12
CVE-2025-26499,0.000180000,0.034270000,0.11632747456059205,2025-11-12,2025-11-12
CVE-2025-10278,0.000430000,0.130030000,0.5952821461609621,2025-11-12,2025-11-12
CVE-2025-10277,0.000430000,0.130030000,0.5952821461609621,2025-11-12,2025-11-12
CVE-2025-10276,0.000430000,0.130030000,0.5952821461609621,2025-11-12,2025-11-12
CVE-2025-10275,0.000430000,0.130030000,0.5952821461609621,2025-11-12,2025-11-12
CVE-2025-10274,0.000410000,0.120610000,0.5675300647548566,2025-11-12,2025-11-12
CVE-2025-10273,0.000880000,0.259070000,0.8526827012025902,2025-11-12,2025-11-12
CVE-2025-10272,0.000410000,0.120610000,0.5675300647548566,2025-11-12,2025-11-12
CVE-2025-10271,0.000410000,0.120610000,0.5675300647548566,2025-11-12,2025-11-12
CVE-2025-10269,0.001010000,0.284960000,0.8725716928769658,2025-11-12,2025-11-12
CVE-2025-10255,0.000340000,0.090110000,0.33117483811285847,2025-11-12,2025-11-12
CVE-2025-10254,0.000340000,0.090110000,0.33117483811285847,2025-11-12,2025-11-12
CVE-2025-10253,0.000340000,0.090110000,0.33117483811285847,2025-11-12,2025-11-12
CVE-2025-10252,0.000170000,0.027940000,0.09181313598519888,2025-11-12,2025-11-12
CVE-2025-10251,0.000310000,0.079680000,0.2883903792784459,2025-11-12,2025-11-12
CVE-2025-10193,0.000260000,0.058650000,0.22687326549491213,2025-11-12,2025-11-12
CVE-2025-10127,0.001190000,0.314630000,0.8919981498612396,2025-11-12,2025-11-12
CVE-2025-9881,0.000140000,0.016540000,0.05226641998149861,2025-11-12,2025-11-12
CVE-2025-9880,0.000140000,0.019170000,0.05226641998149861,2025-11-12,2025-11-12
CVE-2025-9879,0.000370000,0.105850000,0.4357076780758557,2025-11-12,2025-11-12
CVE-2025-9556,0.000750000,0.229250000,0.8304810360777058,2025-11-12,2025-11-12
CVE-2025-9086,0.000730000,0.225970000,0.8270120259019427,2025-11-12,2025-11-12
CVE-2025-8699,0.000440000,0.132340000,0.6066142460684552,2025-11-12,2025-11-12
CVE-2025-8575,0.008980000,0.749090000,0.980804810360777,2025-11-12,2025-11-12
CVE-2025-8280,0.000390000,0.115410000,0.49283071230342274,2025-11-12,2025-11-12
CVE-2025-7448,0.000220000,0.046620000,0.1540240518038853,2025-11-12,2025-11-12
CVE-2025-7337,0.000470000,0.142660000,0.6500925069380203,2025-11-12,2025-11-12
CVE-2025-6769,0.000160000,0.024700000,0.08256244218316373,2025-11-12,2025-11-12
CVE-2025-6638,0.000730000,0.225440000,0.8270120259019427,2025-11-12,2025-11-12
CVE-2025-6454,0.000200000,0.040980000,0.1364477335800185,2025-11-12,2025-11-12
CVE-2025-59139,0.000590000,0.183150000,0.7687326549491211,2025-11-12,2025-11-12
CVE-2025-59058,0.000410000,0.122160000,0.5675300647548566,2025-11-12,2025-11-12
CVE-2025-59054,0.000130000,0.014960000,0.046022201665124884,2025-11-12,2025-11-12
CVE-2025-58781,0.000230000,0.050190000,0.16026827012025902,2025-11-12,2025-11-12
CVE-2025-58434,0.098200000,0.926440000,0.9953746530989824,2025-11-12,2025-11-12
CVE-2025-57579,0.003800000,0.588130000,0.9597594819611471,2025-11-12,2025-11-12
CVE-2025-57578,0.001420000,0.350090000,0.90263644773358,2025-11-12,2025-11-12
CVE-2025-57577,0.001650000,0.380790000,0.9125809435707678,2025-11-12,2025-11-12
CVE-2025-56467,0.000370000,0.106570000,0.4357076780758557,2025-11-12,2025-11-12
CVE-2025-55996,0.000390000,0.115410000,0.49283071230342274,2025-11-12,2025-11-12
CVE-2025-55835,0.004690000,0.636920000,0.9683163737280296,2025-11-12,2025-11-12
CVE-2025-52074,0.000440000,0.131640000,0.6066142460684552,2025-11-12,2025-11-12
CVE-2025-45587,0.000700000,0.215850000,0.8175300647548566,2025-11-12,2025-11-12
CVE-2025-45586,0.000530000,0.165230000,0.7261794634597595,2025-11-12,2025-11-12
CVE-2025-45585,0.000340000,0.090370000,0.33117483811285847,2025-11-12,2025-11-12
CVE-2025-45584,0.000670000,0.208300000,0.8050416281221091,2025-11-12,2025-11-12
CVE-2025-45583,0.000550000,0.171720000,0.7439870490286772,2025-11-12,2025-11-12
CVE-2025-43796,0.001890000,0.409650000,0.9243755781683626,2025-11-12,2025-11-12
CVE-2025-43795,0.001890000,0.410020000,0.9243755781683626,2025-11-12,2025-11-12
CVE-2025-43787,0.002110000,0.436680000,0.9345513413506013,2025-11-12,2025-11-12
CVE-2025-4235,0.000150000,0.021250000,0.06637372802960222,2025-11-12,2025-11-12
CVE-2025-4234,0.000180000,0.034610000,0.11632747456059205,2025-11-12,2025-11-12
CVE-2025-39798,0.000470000,0.144200000,0.6500925069380203,2025-11-12,2025-11-12
CVE-2025-39797,0.000370000,0.106600000,0.4357076780758557,2025-11-12,2025-11-12
CVE-2025-39796,0.000240000,0.052270000,0.16466234967622573,2025-11-12,2025-11-12
CVE-2025-39795,0.000470000,0.144200000,0.6500925069380203,2025-11-12,2025-11-12
CVE-2025-39794,0.000470000,0.144200000,0.6500925069380203,2025-11-12,2025-11-12
CVE-2025-39793,0.000240000,0.052270000,0.16466234967622573,2025-11-12,2025-11-12
CVE-2025-39792,0.000250000,0.057720000,0.19703977798334876,2025-11-12,2025-11-12
CVE-2025-3650,0.000310000,0.081260000,0.2883903792784459,2025-11-12,2025-11-12
CVE-2025-27240,0.000650000,0.203380000,0.7992599444958371,2025-11-12,2025-11-12
CVE-2025-27238,0.000210000,0.042590000,0.14662349676225717,2025-11-12,2025-11-12
CVE-2025-27234,0.000960000,0.273480000,0.8647086031452359,2025-11-12,2025-11-12
CVE-2025-27233,0.000300000,0.077400000,0.28237742830712304,2025-11-12,2025-11-12
CVE-2025-2256,0.000620000,0.194150000,0.7874653098982424,2025-11-12,2025-11-12
CVE-2025-21043,0.101990000,0.928140000,0.9958371877890841,2025-11-12,2025-11-12
CVE-2025-21042,0.215830000,0.954920000,0.9976873265494912,2025-11-12,2025-11-12
CVE-2025-1250,0.000470000,0.144350000,0.6500925069380203,2025-11-12,2025-11-12
CVE-2025-10389,0.000870000,0.256800000,0.8519888991674376,2025-11-12,2025-11-12
CVE-2025-10388,0.000340000,0.090110000,0.33117483811285847,2025-11-12,2025-11-12
CVE-2025-10387,0.000340000,0.090530000,0.33117483811285847,2025-11-12,2025-11-12
CVE-2025-10386,0.000360000,0.100590000,0.40148011100832565,2025-11-12,2025-11-12
CVE-2025-10385,0.000530000,0.165650000,0.7261794634597595,2025-11-12,2025-11-12
CVE-2025-10384,0.000270000,0.062220000,0.26688251618871417,2025-11-12,2025-11-12
CVE-2025-10374,0.000540000,0.169780000,0.734736355226642,2025-11-12,2025-11-12
CVE-2025-10373,0.000310000,0.080010000,0.2883903792784459,2025-11-12,2025-11-12
CVE-2025-10372,0.000310000,0.080010000,0.2883903792784459,2025-11-12,2025-11-12
CVE-2025-10371,0.000580000,0.181740000,0.7624884366327475,2025-11-12,2025-11-12
CVE-2025-10370,0.000320000,0.082240000,0.2967160037002775,2025-11-12,2025-11-12
CVE-2025-10369,0.000370000,0.105890000,0.4357076780758557,2025-11-12,2025-11-12
CVE-2025-10368,0.000320000,0.082240000,0.2967160037002775,2025-11-12,2025-11-12
CVE-2025-10367,0.000320000,0.082240000,0.2967160037002775,2025-11-12,2025-11-12
CVE-2025-10366,0.000330000,0.086670000,0.31961147086031455,2025-11-12,2025-11-12
CVE-2025-10365,0.001280000,0.329620000,0.8977798334875116,2025-11-12,2025-11-12
CVE-2025-10364,0.001830000,0.402940000,0.9218316373728029,2025-11-12,2025-11-12
CVE-2025-10359,0.004290000,0.617440000,0.9646160962072156,2025-11-12,2025-11-12
CVE-2025-10358,0.004290000,0.617440000,0.9646160962072156,2025-11-12,2025-11-12
CVE-2025-10340,0.000360000,0.100440000,0.40148011100832565,2025-11-12,2025-11-12
CVE-2025-10332,0.000270000,0.062840000,0.26688251618871417,2025-11-12,2025-11-12
CVE-2025-10331,0.000310000,0.077870000,0.2883903792784459,2025-11-12,2025-11-12
CVE-2025-10330,0.000420000,0.125030000,0.580018501387604,2025-11-12,2025-11-12
CVE-2025-10329,0.000590000,0.186230000,0.7687326549491211,2025-11-12,2025-11-12
CVE-2025-10328,0.004760000,0.640430000,0.9685476410730804,2025-11-12,2025-11-12
CVE-2025-10327,0.004760000,0.640430000,0.9685476410730804,2025-11-12,2025-11-12
CVE-2025-10326,0.006450000,0.698910000,0.9759481961147086,2025-11-12,2025-11-12
CVE-2025-10325,0.004350000,0.621390000,0.9653098982423681,2025-11-12,2025-11-12
CVE-2025-10324,0.003160000,0.541430000,0.9498149861239593,2025-11-12,2025-11-12
CVE-2025-10323,0.003160000,0.541430000,0.9498149861239593,2025-11-12,2025-11-12
CVE-2025-10322,0.001480000,0.359000000,0.906567992599445,2025-11-12,2025-11-12
CVE-2025-10321,0.000480000,0.147540000,0.6806197964847364,2025-11-12,2025-11-12
CVE-2025-10320,0.000320000,0.084620000,0.2967160037002775,2025-11-12,2025-11-12
CVE-2025-10319,0.000340000,0.093200000,0.33117483811285847,2025-11-12,2025-11-12
CVE-2025-10318,0.000490000,0.150380000,0.68686401480111,2025-11-12,2025-11-12
CVE-2025-10291,0.000430000,0.127370000,0.5952821461609621,2025-11-12,2025-11-12
CVE-2025-10288,0.000810000,0.244540000,0.8438945420906568,2025-11-12,2025-11-12
CVE-2025-10287,0.000320000,0.084320000,0.2967160037002775,2025-11-12,2025-11-12
CVE-2025-10267,0.000840000,0.251050000,0.8459759481961147,2025-11-12,2025-11-12
CVE-2025-10266,0.001160000,0.310350000,0.8889916743755781,2025-11-12,2025-11-12
CVE-2025-10265,0.003630000,0.576930000,0.9569842738205365,2025-11-12,2025-11-12
CVE-2025-10264,0.000610000,0.191740000,0.7816836262719704,2025-11-12,2025-11-12
CVE-2025-10176,0.010680000,0.770250000,0.9824236817761333,2025-11-12,2025-11-12
CVE-2025-10148,0.000370000,0.104890000,0.4357076780758557,2025-11-12,2025-11-12
CVE-2025-10094,0.000340000,0.090660000,0.33117483811285847,2025-11-12,2025-11-12
CVE-2024-45434,0.008280000,0.737650000,0.9791859389454209,2025-11-12,2025-11-12
CVE-2024-45433,0.000500000,0.156230000,0.7009713228492137,2025-11-12,2025-11-12
CVE-2024-45432,0.000580000,0.181470000,0.7624884366327475,2025-11-12,2025-11-12
CVE-2024-45431,0.000920000,0.266270000,0.8582331174838113,2025-11-12,2025-11-12
CVE-2025-9826,0.000400000,0.117530000,0.5520351526364478,2025-11-12,2025-11-12
CVE-2025-9084,0.000330000,0.088460000,0.31961147086031455,2025-11-12,2025-11-12
CVE-2025-9078,0.000160000,0.024210000,0.08256244218316373,2025-11-12,2025-11-12
CVE-2025-9076,0.000350000,0.096190000,0.35545790934320076,2025-11-12,2025-11-12
CVE-2025-9072,0.000330000,0.088480000,0.31961147086031455,2025-11-12,2025-11-12
CVE-2025-6051,0.000720000,0.222540000,0.8214616096207216,2025-11-12,2025-11-12
CVE-2025-59378,0.000170000,0.029600000,0.09181313598519888,2025-11-12,2025-11-12
CVE-2025-59375,0.001210000,0.318650000,0.8936170212765957,2025-11-12,2025-11-12
CVE-2025-59364,0.000170000,0.029790000,0.09181313598519888,2025-11-12,2025-11-12
CVE-2025-59363,0.000390000,0.115530000,0.49283071230342274,2025-11-12,2025-11-12
CVE-2025-59361,0.005760000,0.678950000,0.973404255319149,2025-11-12,2025-11-12
CVE-2025-59360,0.005760000,0.678950000,0.973404255319149,2025-11-12,2025-11-12
CVE-2025-59359,0.007870000,0.730570000,0.97895467160037,2025-11-12,2025-11-12
CVE-2025-59358,0.002020000,0.425370000,0.9317761332099908,2025-11-12,2025-11-12
CVE-2025-43794,0.001990000,0.422250000,0.9299259944495837,2025-11-12,2025-11-12
CVE-2025-41713,0.001010000,0.285090000,0.8725716928769658,2025-11-12,2025-11-12
CVE-2025-39804,0.000260000,0.061340000,0.22687326549491213,2025-11-12,2025-11-12
CVE-2025-39803,0.000260000,0.061340000,0.22687326549491213,2025-11-12,2025-11-12
CVE-2025-39802,0.000260000,0.061340000,0.22687326549491213,2025-11-12,2025-11-12
CVE-2025-39801,0.000350000,0.095480000,0.35545790934320076,2025-11-12,2025-11-12
CVE-2025-39800,0.000350000,0.095480000,0.35545790934320076,2025-11-12,2025-11-12
CVE-2025-36035,0.000160000,0.026270000,0.08256244218316373,2025-11-12,2025-11-12
CVE-2025-3025,0.000150000,0.022390000,0.06637372802960222,2025-11-12,2025-11-12
CVE-2025-10453,0.000430000,0.126790000,0.5952821461609621,2025-11-12,2025-11-12
CVE-2025-10452,0.002170000,0.442870000,0.9366327474560592,2025-11-12,2025-11-12
CVE-2025-10446,0.000500000,0.155490000,0.7009713228492137,2025-11-12,2025-11-12
CVE-2025-10445,0.000500000,0.155490000,0.7009713228492137,2025-11-12,2025-11-12
CVE-2025-10444,0.000500000,0.155490000,0.7009713228492137,2025-11-12,2025-11-12
CVE-2025-10443,0.000960000,0.274110000,0.8647086031452359,2025-11-12,2025-11-12
CVE-2025-10442,0.006050000,0.687460000,0.9747918593894542,2025-11-12,2025-11-12
CVE-2025-10441,0.008880000,0.747580000,0.9801110083256244,2025-11-12,2025-11-12
CVE-2025-10440,0.008880000,0.747580000,0.9801110083256244,2025-11-12,2025-11-12
CVE-2025-10436,0.000340000,0.089460000,0.33117483811285847,2025-11-12,2025-11-12
CVE-2025-10435,0.000370000,0.105640000,0.4357076780758557,2025-11-12,2025-11-12
CVE-2025-10434,0.000330000,0.087930000,0.31961147086031455,2025-11-12,2025-11-12
CVE-2025-10433,0.000550000,0.173040000,0.7439870490286772,2025-11-12,2025-11-12
CVE-2025-10432,0.002280000,0.455570000,0.9394079555966698,2025-11-12,2025-11-12
CVE-2025-10431,0.000320000,0.085030000,0.2967160037002775,2025-11-12,2025-11-12
CVE-2025-10430,0.000470000,0.141800000,0.6500925069380203,2025-11-12,2025-11-12
CVE-2025-10429,0.000320000,0.085030000,0.2967160037002775,2025-11-12,2025-11-12
CVE-2025-10428,0.000490000,0.150380000,0.68686401480111,2025-11-12,2025-11-12
CVE-2025-10427,0.000490000,0.150380000,0.68686401480111,2025-11-12,2025-11-12
CVE-2025-10426,0.000370000,0.105640000,0.4357076780758557,2025-11-12,2025-11-12
CVE-2025-10425,0.000600000,0.187030000,0.7745143385753932,2025-11-12,2025-11-12
CVE-2025-10424,0.000600000,0.187030000,0.7745143385753932,2025-11-12,2025-11-12
CVE-2025-10423,0.000490000,0.150060000,0.68686401480111,2025-11-12,2025-11-12
CVE-2025-10422,0.000400000,0.118800000,0.5520351526364478,2025-11-12,2025-11-12
CVE-2025-10421,0.000320000,0.085030000,0.2967160037002775,2025-11-12,2025-11-12
CVE-2025-10420,0.000320000,0.085030000,0.2967160037002775,2025-11-12,2025-11-12
CVE-2025-10419,0.000440000,0.131400000,0.6066142460684552,2025-11-12,2025-11-12
CVE-2025-10418,0.000440000,0.131400000,0.6066142460684552,2025-11-12,2025-11-12
CVE-2025-10417,0.000500000,0.155490000,0.7009713228492137,2025-11-12,2025-11-12
CVE-2025-10416,0.000370000,0.105640000,0.4357076780758557,2025-11-12,2025-11-12
CVE-2025-10415,0.000370000,0.105640000,0.4357076780758557,2025-11-12,2025-11-12
CVE-2025-10414,0.000370000,0.105640000,0.4357076780758557,2025-11-12,2025-11-12
CVE-2025-10413,0.000370000,0.105640000,0.4357076780758557,2025-11-12,2025-11-12
CVE-2025-10411,0.000410000,0.122870000,0.5675300647548566,2025-11-12,2025-11-12
CVE-2025-10410,0.000440000,0.131110000,0.6066142460684552,2025-11-12,2025-11-12
CVE-2025-10409,0.000320000,0.085030000,0.2967160037002775,2025-11-12,2025-11-12
CVE-2025-10408,0.000320000,0.085030000,0.2967160037002775,2025-11-12,2025-11-12
CVE-2025-10407,0.000320000,0.085030000,0.2967160037002775,2025-11-12,2025-11-12
CVE-2025-10405,0.000370000,0.105640000,0.4357076780758557,2025-11-12,2025-11-12
CVE-2025-10404,0.000340000,0.089460000,0.33117483811285847,2025-11-12,2025-11-12
CVE-2025-10403,0.000370000,0.105640000,0.4357076780758557,2025-11-12,2025-11-12
CVE-2025-10402,0.000370000,0.105640000,0.4357076780758557,2025-11-12,2025-11-12
CVE-2025-10401,0.001150000,0.308660000,0.885522664199815,2025-11-12,2025-11-12
CVE-2025-10400,0.000320000,0.085030000,0.2967160037002775,2025-11-12,2025-11-12
CVE-2025-10399,0.000320000,0.082500000,0.2967160037002775,2025-11-12,2025-11-12
CVE-2025-10398,0.000420000,0.123230000,0.580018501387604,2025-11-12,2025-11-12
CVE-2025-10397,0.000420000,0.124000000,0.580018501387604,2025-11-12,2025-11-12
CVE-2025-10396,0.000370000,0.105640000,0.4357076780758557,2025-11-12,2025-11-12
CVE-2025-10395,0.000420000,0.124000000,0.580018501387604,2025-11-12,2025-11-12
CVE-2025-10394,0.000530000,0.165180000,0.7261794634597595,2025-11-12,2025-11-12
CVE-2025-10393,0.000430000,0.130030000,0.5952821461609621,2025-11-12,2025-11-12
CVE-2025-10392,0.000590000,0.185860000,0.7687326549491211,2025-11-12,2025-11-12
CVE-2025-10391,0.000430000,0.127370000,0.5952821461609621,2025-11-12,2025-11-12
CVE-2025-10390,0.000870000,0.256800000,0.8519888991674376,2025-11-12,2025-11-12
CVE-2025-10204,0.000210000,0.044760000,0.14662349676225717,2025-11-12,2025-11-12
CVE-2025-0164,0.000130000,0.014610000,0.046022201665124884,2025-11-12,2025-11-12
CVE-2022-50256,0.000240000,0.052270000,0.16466234967622573,2025-11-12,2025-11-12
CVE-2022-50255,0.000250000,0.057720000,0.19703977798334876,2025-11-12,2025-11-12
CVE-2022-50254,0.000260000,0.061340000,0.22687326549491213,2025-11-12,2025-11-12
CVE-2022-50253,0.000350000,0.095480000,0.35545790934320076,2025-11-12,2025-11-12
CVE-2022-50252,0.000470000,0.144200000,0.6500925069380203,2025-11-12,2025-11-12
CVE-2022-50251,0.000470000,0.144200000,0.6500925069380203,2025-11-12,2025-11-12
CVE-2022-50250,0.000350000,0.095480000,0.35545790934320076,2025-11-12,2025-11-12
CVE-2022-50249,0.000470000,0.144200000,0.6500925069380203,2025-11-12,2025-11-12
CVE-2022-50248,0.000350000,0.095480000,0.35545790934320076,2025-11-12,2025-11-12
CVE-2022-50247,0.000250000,0.057720000,0.19703977798334876,2025-11-12,2025-11-12
CVE-2022-50246,0.000350000,0.095480000,0.35545790934320076,2025-11-12,2025-11-12
CVE-2022-50245,0.000470000,0.144200000,0.6500925069380203,2025-11-12,2025-11-12
CVE-2022-50244,0.000470000,0.144200000,0.6500925069380203,2025-11-12,2025-11-12
CVE-2022-50243,0.000350000,0.095480000,0.35545790934320076,2025-11-12,2025-11-12
CVE-2022-50242,0.000470000,0.144200000,0.6500925069380203,2025-11-12,2025-11-12
CVE-2022-50241,0.000260000,0.059280000,0.22687326549491213,2025-11-12,2025-11-12
CVE-2022-50240,0.000350000,0.095480000,0.35545790934320076,2025-11-12,2025-11-12
CVE-2022-50239,0.000250000,0.057720000,0.19703977798334876,2025-11-12,2025-11-12
CVE-2022-50236,0.000240000,0.052270000,0.16466234967622573,2025-11-12,2025-11-12
CVE-2022-50235,0.000260000,0.059280000,0.22687326549491213,2025-11-12,2025-11-12
CVE-2022-50234,0.000350000,0.095480000,0.35545790934320076,2025-11-12,2025-11-12
CVE-2025-59377,0.000510000,0.159020000,0.7123034227567068,2025-11-12,2025-11-12
CVE-2025-59376,0.000140000,0.016820000,0.05226641998149861,2025-11-12,2025-11-12
CVE-2025-56710,0.000120000,0.012380000,0.042321924144310824,2025-11-12,2025-11-12
CVE-2025-50944,0.000330000,0.086640000,0.31961147086031455,2025-11-12,2025-11-12
CVE-2025-50110,0.000190000,0.038820000,0.1276595744680851,2025-11-12,2025-11-12
CVE-2025-46408,0.000270000,0.063590000,0.26688251618871417,2025-11-12,2025-11-12
CVE-2025-10448,0.000370000,0.105640000,0.4357076780758557,2025-11-12,2025-11-12
CVE-2025-10447,0.000600000,0.187030000,0.7745143385753932,2025-11-12,2025-11-12
CVE-2023-53198,0.000240000,0.052270000,0.16466234967622573,2025-11-12,2025-11-12
CVE-2023-53197,0.000250000,0.057720000,0.19703977798334876,2025-11-12,2025-11-12
CVE-2023-53196,0.000350000,0.095480000,0.35545790934320076,2025-11-12,2025-11-12
CVE-2023-53195,0.000240000,0.052270000,0.16466234967622573,2025-11-12,2025-11-12
CVE-2023-53194,0.000250000,0.057720000,0.19703977798334876,2025-11-12,2025-11-12
CVE-2023-53193,0.000250000,0.057720000,0.19703977798334876,2025-11-12,2025-11-12
CVE-2023-53192,0.000260000,0.059280000,0.22687326549491213,2025-11-12,2025-11-12
CVE-2023-53191,0.000350000,0.095480000,0.35545790934320076,2025-11-12,2025-11-12
CVE-2023-53190,0.000240000,0.052270000,0.16466234967622573,2025-11-12,2025-11-12
CVE-2023-53189,0.000350000,0.095480000,0.35545790934320076,2025-11-12,2025-11-12
CVE-2023-53188,0.000350000,0.095480000,0.35545790934320076,2025-11-12,2025-11-12
CVE-2023-53187,0.000240000,0.052270000,0.16466234967622573,2025-11-12,2025-11-12
CVE-2023-53186,0.000250000,0.057720000,0.19703977798334876,2025-11-12,2025-11-12
CVE-2023-53185,0.000470000,0.144200000,0.6500925069380203,2025-11-12,2025-11-12
CVE-2023-53184,0.000240000,0.052270000,0.16466234967622573,2025-11-12,2025-11-12
CVE-2023-53183,0.000250000,0.057720000,0.19703977798334876,2025-11-12,2025-11-12
CVE-2023-53182,0.000350000,0.095480000,0.35545790934320076,2025-11-12,2025-11-12
CVE-2023-53181,0.000240000,0.052270000,0.16466234967622573,2025-11-12,2025-11-12
CVE-2023-53180,0.000260000,0.061340000,0.22687326549491213,2025-11-12,2025-11-12
CVE-2023-53179,0.000470000,0.144200000,0.6500925069380203,2025-11-12,2025-11-12
CVE-2023-53178,0.000240000,0.052270000,0.16466234967622573,2025-11-12,2025-11-12
CVE-2023-53177,0.000240000,0.052270000,0.16466234967622573,2025-11-12,2025-11-12
CVE-2023-53176,0.000350000,0.095480000,0.35545790934320076,2025-11-12,2025-11-12
CVE-2023-53175,0.000250000,0.057720000,0.19703977798334876,2025-11-12,2025-11-12
CVE-2023-53174,0.000350000,0.095480000,0.35545790934320076,2025-11-12,2025-11-12
CVE-2023-53173,0.000250000,0.057720000,0.19703977798334876,2025-11-12,2025-11-12
CVE-2023-53172,0.000260000,0.061340000,0.22687326549491213,2025-11-12,2025-11-12
CVE-2023-53171,0.000260000,0.059280000,0.22687326549491213,2025-11-12,2025-11-12
CVE-2023-53170,0.000260000,0.061340000,0.22687326549491213,2025-11-12,2025-11-12
CVE-2023-53169,0.000250000,0.057720000,0.19703977798334876,2025-11-12,2025-11-12
CVE-2023-53168,0.000240000,0.052270000,0.16466234967622573,2025-11-12,2025-11-12
CVE-2023-53167,0.000260000,0.061800000,0.22687326549491213,2025-11-12,2025-11-12
CVE-2023-53166,0.000240000,0.052270000,0.16466234967622573,2025-11-12,2025-11-12
CVE-2023-53165,0.000350000,0.095480000,0.35545790934320076,2025-11-12,2025-11-12
CVE-2023-53164,0.000350000,0.095480000,0.35545790934320076,2025-11-12,2025-11-12
CVE-2023-53163,0.000250000,0.057720000,0.19703977798334876,2025-11-12,2025-11-12
CVE-2023-53153,0.000350000,0.095480000,0.35545790934320076,2025-11-12,2025-11-12
CVE-2023-53152,0.000240000,0.052270000,0.16466234967622573,2025-11-12,2025-11-12
CVE-2023-53151,0.000350000,0.095480000,0.35545790934320076,2025-11-12,2025-11-12
CVE-2023-53150,0.000350000,0.095480000,0.35545790934320076,2025-11-12,2025-11-12
CVE-2023-53149,0.000300000,0.073780000,0.28237742830712304,2025-11-12,2025-11-12
CVE-2023-53148,0.000350000,0.095480000,0.35545790934320076,2025-11-12,2025-11-12
CVE-2023-53147,0.000350000,0.095480000,0.35545790934320076,2025-11-12,2025-11-12
CVE-2022-50306,0.000240000,0.052270000,0.16466234967622573,2025-11-12,2025-11-12
CVE-2022-50305,0.000240000,0.052270000,0.16466234967622573,2025-11-12,2025-11-12
CVE-2022-50304,0.000240000,0.052270000,0.16466234967622573,2025-11-12,2025-11-12
CVE-2022-50303,0.000240000,0.052270000,0.16466234967622573,2025-11-12,2025-11-12
CVE-2022-50302,0.000260000,0.059280000,0.22687326549491213,2025-11-12,2025-11-12
CVE-2022-50301,0.001110000,0.302750000,0.8839037927844589,2025-11-12,2025-11-12
CVE-2022-50300,0.000250000,0.057720000,0.19703977798334876,2025-11-12,2025-11-12
CVE-2022-50299,0.000350000,0.095480000,0.35545790934320076,2025-11-12,2025-11-12
CVE-2022-50298,0.000250000,0.057720000,0.19703977798334876,2025-11-12,2025-11-12
CVE-2022-50297,0.000470000,0.144200000,0.6500925069380203,2025-11-12,2025-11-12
CVE-2022-50296,0.000470000,0.144200000,0.6500925069380203,2025-11-12,2025-11-12
CVE-2022-50295,0.000260000,0.061340000,0.22687326549491213,2025-11-12,2025-11-12
CVE-2022-50294,0.000350000,0.095480000,0.35545790934320076,2025-11-12,2025-11-12
CVE-2022-50293,0.000250000,0.057720000,0.19703977798334876,2025-11-12,2025-11-12
CVE-2022-50292,0.000260000,0.061340000,0.22687326549491213,2025-11-12,2025-11-12
CVE-2022-50291,0.000350000,0.095480000,0.35545790934320076,2025-11-12,2025-11-12
CVE-2022-50289,0.000470000,0.144200000,0.6500925069380203,2025-11-12,2025-11-12
CVE-2022-50288,0.000350000,0.095480000,0.35545790934320076,2025-11-12,2025-11-12
CVE-2022-50287,0.000240000,0.052270000,0.16466234967622573,2025-11-12,2025-11-12
CVE-2022-50286,0.000350000,0.095480000,0.35545790934320076,2025-11-12,2025-11-12
CVE-2022-50285,0.000350000,0.095480000,0.35545790934320076,2025-11-12,2025-11-12
CVE-2022-50284,0.000240000,0.052270000,0.16466234967622573,2025-11-12,2025-11-12
CVE-2022-50283,0.000260000,0.061340000,0.22687326549491213,2025-11-12,2025-11-12
CVE-2022-50282,0.000470000,0.144200000,0.6500925069380203,2025-11-12,2025-11-12
CVE-2022-50281,0.000260000,0.059280000,0.22687326549491213,2025-11-12,2025-11-12
CVE-2022-50280,0.000470000,0.144200000,0.6500925069380203,2025-11-12,2025-11-12
CVE-2022-50279,0.000430000,0.129110000,0.5952821461609621,2025-11-12,2025-11-12
CVE-2022-50278,0.000470000,0.144200000,0.6500925069380203,2025-11-12,2025-11-12
CVE-2022-50277,0.000140000,0.016870000,0.05226641998149861,2025-11-12,2025-11-12
CVE-2022-50276,0.000470000,0.142010000,0.6500925069380203,2025-11-12,2025-11-12
CVE-2022-50275,0.000350000,0.095480000,0.35545790934320076,2025-11-12,2025-11-12
CVE-2022-50274,0.000350000,0.095480000,0.35545790934320076,2025-11-12,2025-11-12
CVE-2022-50273,0.000350000,0.095480000,0.35545790934320076,2025-11-12,2025-11-12
CVE-2022-50272,0.000470000,0.144200000,0.6500925069380203,2025-11-12,2025-11-12
CVE-2022-50271,0.000350000,0.095480000,0.35545790934320076,2025-11-12,2025-11-12
CVE-2022-50270,0.000240000,0.052270000,0.16466234967622573,2025-11-12,2025-11-12
CVE-2022-50269,0.000250000,0.057720000,0.19703977798334876,2025-11-12,2025-11-12
CVE-2022-50268,0.000470000,0.144200000,0.6500925069380203,2025-11-12,2025-11-12
CVE-2022-50267,0.000250000,0.057720000,0.19703977798334876,2025-11-12,2025-11-12
CVE-2022-50266,0.000240000,0.052270000,0.16466234967622573,2025-11-12,2025-11-12
CVE-2022-50265,0.000350000,0.095480000,0.35545790934320076,2025-11-12,2025-11-12
CVE-2022-50264,0.000350000,0.095480000,0.35545790934320076,2025-11-12,2025-11-12
CVE-2022-50263,0.000240000,0.052270000,0.16466234967622573,2025-11-12,2025-11-12
CVE-2022-50262,0.000310000,0.081600000,0.2883903792784459,2025-11-12,2025-11-12
CVE-2022-50261,0.000470000,0.144200000,0.6500925069380203,2025-11-12,2025-11-12
CVE-2022-50260,0.000300000,0.073780000,0.28237742830712304,2025-11-12,2025-11-12
CVE-2022-50259,0.000350000,0.095480000,0.35545790934320076,2025-11-12,2025-11-12
CVE-2022-50258,0.000350000,0.095480000,0.35545790934320076,2025-11-12,2025-11-12
CVE-2022-50257,0.000470000,0.144200000,0.6500925069380203,2025-11-12,2025-11-12
CVE-2025-8396,0.000570000,0.177300000,0.7553191489361702,2025-11-12,2025-11-12
CVE-2025-6202,0.000180000,0.034610000,0.11632747456059205,2025-11-12,2025-11-12
CVE-2025-52053,0.551800000,0.979390000,0.9988436632747456,2025-11-12,2025-11-12
CVE-2025-36082,0.000140000,0.016630000,0.05226641998149861,2025-11-12,2025-11-12
CVE-2025-10491,0.000150000,0.023140000,0.06637372802960222,2025-11-12,2025-11-12
CVE-2025-10459,0.000370000,0.105640000,0.4357076780758557,2025-11-12,2025-11-12
CVE-2023-53262,0.000250000,0.057720000,0.19703977798334876,2025-11-12,2025-11-12
CVE-2023-53261,0.000330000,0.086440000,0.31961147086031455,2025-11-12,2025-11-12
CVE-2023-53260,0.000240000,0.052270000,0.16466234967622573,2025-11-12,2025-11-12
CVE-2023-53259,0.000510000,0.156690000,0.7123034227567068,2025-11-12,2025-11-12
CVE-2023-53258,0.000240000,0.052270000,0.16466234967622573,2025-11-12,2025-11-12
CVE-2023-53257,0.000250000,0.057720000,0.19703977798334876,2025-11-12,2025-11-12
CVE-2023-53256,0.000250000,0.057720000,0.19703977798334876,2025-11-12,2025-11-12
CVE-2023-53255,0.000350000,0.095480000,0.35545790934320076,2025-11-12,2025-11-12
CVE-2023-53254,0.000240000,0.052270000,0.16466234967622573,2025-11-12,2025-11-12
CVE-2023-53253,0.000260000,0.061340000,0.22687326549491213,2025-11-12,2025-11-12
CVE-2023-53252,0.000240000,0.052270000,0.16466234967622573,2025-11-12,2025-11-12
CVE-2023-53251,0.000260000,0.059280000,0.22687326549491213,2025-11-12,2025-11-12
CVE-2023-53250,0.000250000,0.057720000,0.19703977798334876,2025-11-12,2025-11-12
CVE-2023-53249,0.000350000,0.095480000,0.35545790934320076,2025-11-12,2025-11-12
CVE-2023-53248,0.000240000,0.052270000,0.16466234967622573,2025-11-12,2025-11-12
CVE-2023-53247,0.000240000,0.052270000,0.16466234967622573,2025-11-12,2025-11-12
CVE-2023-53246,0.000350000,0.095480000,0.35545790934320076,2025-11-12,2025-11-12
CVE-2023-53245,0.000470000,0.142010000,0.6500925069380203,2025-11-12,2025-11-12
CVE-2023-53244,0.000250000,0.057720000,0.19703977798334876,2025-11-12,2025-11-12
CVE-2023-53243,0.000260000,0.059280000,0.22687326549491213,2025-11-12,2025-11-12
CVE-2023-53242,0.000350000,0.095480000,0.35545790934320076,2025-11-12,2025-11-12
CVE-2023-53241,0.000260000,0.059280000,0.22687326549491213,2025-11-12,2025-11-12
CVE-2023-53240,0.000240000,0.052270000,0.16466234967622573,2025-11-12,2025-11-12
CVE-2023-53239,0.000350000,0.095480000,0.35545790934320076,2025-11-12,2025-11-12
CVE-2023-53238,0.000350000,0.095480000,0.35545790934320076,2025-11-12,2025-11-12
CVE-2023-53237,0.000250000,0.057720000,0.19703977798334876,2025-11-12,2025-11-12
CVE-2023-53236,0.000260000,0.061340000,0.22687326549491213,2025-11-12,2025-11-12
CVE-2023-53235,0.000260000,0.061340000,0.22687326549491213,2025-11-12,2025-11-12
CVE-2023-53234,0.000470000,0.142010000,0.6500925069380203,2025-11-12,2025-11-12
CVE-2023-53233,0.000260000,0.059280000,0.22687326549491213,2025-11-12,2025-11-12
CVE-2023-53232,0.000250000,0.057720000,0.19703977798334876,2025-11-12,2025-11-12
CVE-2023-53231,0.000260000,0.061340000,0.22687326549491213,2025-11-12,2025-11-12
CVE-2023-53230,0.000250000,0.057720000,0.19703977798334876,2025-11-12,2025-11-12
CVE-2023-53229,0.000350000,0.095480000,0.35545790934320076,2025-11-12,2025-11-12
CVE-2023-53228,0.000240000,0.052270000,0.16466234967622573,2025-11-12,2025-11-12
CVE-2023-53226,0.000470000,0.144200000,0.6500925069380203,2025-11-12,2025-11-12
CVE-2023-53225,0.000350000,0.095480000,0.35545790934320076,2025-11-12,2025-11-12
CVE-2023-53224,0.000350000,0.095480000,0.35545790934320076,2025-11-12,2025-11-12
CVE-2023-53223,0.000350000,0.095480000,0.35545790934320076,2025-11-12,2025-11-12
CVE-2023-53222,0.000350000,0.095480000,0.35545790934320076,2025-11-12,2025-11-12
CVE-2023-53221,0.000250000,0.057720000,0.19703977798334876,2025-11-12,2025-11-12
CVE-2023-53220,0.000350000,0.095480000,0.35545790934320076,2025-11-12,2025-11-12
CVE-2023-53219,0.000350000,0.095480000,0.35545790934320076,2025-11-12,2025-11-12
CVE-2023-53218,0.000240000,0.052270000,0.16466234967622573,2025-11-12,2025-11-12
CVE-2023-53217,0.000350000,0.095480000,0.35545790934320076,2025-11-12,2025-11-12
CVE-2023-53216,0.000260000,0.059280000,0.22687326549491213,2025-11-12,2025-11-12
CVE-2023-53215,0.000350000,0.095480000,0.35545790934320076,2025-11-12,2025-11-12
CVE-2023-53214,0.000250000,0.057720000,0.19703977798334876,2025-11-12,2025-11-12
CVE-2023-53213,0.000470000,0.144200000,0.6500925069380203,2025-11-12,2025-11-12
CVE-2023-53211,0.000240000,0.052270000,0.16466234967622573,2025-11-12,2025-11-12
CVE-2023-53210,0.000250000,0.057720000,0.19703977798334876,2025-11-12,2025-11-12
CVE-2023-53209,0.000240000,0.052270000,0.16466234967622573,2025-11-12,2025-11-12
CVE-2023-53208,0.000240000,0.052270000,0.16466234967622573,2025-11-12,2025-11-12
CVE-2023-53207,0.000240000,0.052270000,0.16466234967622573,2025-11-12,2025-11-12
CVE-2023-53206,0.000260000,0.061340000,0.22687326549491213,2025-11-12,2025-11-12
CVE-2023-53205,0.000250000,0.057720000,0.19703977798334876,2025-11-12,2025-11-12
CVE-2023-53204,0.000350000,0.095480000,0.35545790934320076,2025-11-12,2025-11-12
CVE-2023-53203,0.000260000,0.061340000,0.22687326549491213,2025-11-12,2025-11-12
CVE-2023-53202,0.000250000,0.057720000,0.19703977798334876,2025-11-12,2025-11-12
CVE-2023-53201,0.000350000,0.095480000,0.35545790934320076,2025-11-12,2025-11-12
CVE-2023-53200,0.000250000,0.057720000,0.19703977798334876,2025-11-12,2025-11-12
CVE-2023-53199,0.000350000,0.095480000,0.35545790934320076,2025-11-12,2025-11-12
CVE-2022-50337,0.000260000,0.059280000,0.22687326549491213,2025-11-12,2025-11-12
CVE-2022-50336,0.000250000,0.057720000,0.19703977798334876,2025-11-12,2025-11-12
CVE-2022-50335,0.000250000,0.057720000,0.19703977798334876,2025-11-12,2025-11-12
CVE-2022-50334,0.000350000,0.095480000,0.35545790934320076,2025-11-12,2025-11-12
CVE-2022-50333,0.000470000,0.144200000,0.6500925069380203,2025-11-12,2025-11-12
CVE-2022-50332,0.000260000,0.061340000,0.22687326549491213,2025-11-12,2025-11-12
CVE-2022-50331,0.000240000,0.052270000,0.16466234967622573,2025-11-12,2025-11-12
CVE-2022-50330,0.000350000,0.095480000,0.35545790934320076,2025-11-12,2025-11-12
CVE-2022-50329,0.000260000,0.059280000,0.22687326549491213,2025-11-12,2025-11-12
CVE-2022-50328,0.000260000,0.059280000,0.22687326549491213,2025-11-12,2025-11-12
CVE-2022-50327,0.000510000,0.156690000,0.7123034227567068,2025-11-12,2025-11-12
CVE-2022-50326,0.000260000,0.061340000,0.22687326549491213,2025-11-12,2025-11-12
CVE-2022-50325,0.000240000,0.052270000,0.16466234967622573,2025-11-12,2025-11-12
CVE-2022-50324,0.000470000,0.144200000,0.6500925069380203,2025-11-12,2025-11-12
CVE-2022-50323,0.000240000,0.052270000,0.16466234967622573,2025-11-12,2025-11-12
CVE-2022-50322,0.000240000,0.052270000,0.16466234967622573,2025-11-12,2025-11-12
CVE-2022-50321,0.000350000,0.095480000,0.35545790934320076,2025-11-12,2025-11-12
CVE-2022-50320,0.000250000,0.057720000,0.19703977798334876,2025-11-12,2025-11-12
CVE-2022-50319,0.000250000,0.057720000,0.19703977798334876,2025-11-12,2025-11-12
CVE-2022-50318,0.000350000,0.095480000,0.35545790934320076,2025-11-12,2025-11-12
CVE-2022-50317,0.000350000,0.095480000,0.35545790934320076,2025-11-12,2025-11-12
CVE-2022-50316,0.000240000,0.052270000,0.16466234967622573,2025-11-12,2025-11-12
CVE-2022-50315,0.000350000,0.095480000,0.35545790934320076,2025-11-12,2025-11-12
CVE-2022-50314,0.000350000,0.095480000,0.35545790934320076,2025-11-12,2025-11-12
CVE-2022-50313,0.000350000,0.095480000,0.35545790934320076,2025-11-12,2025-11-12
CVE-2022-50312,0.000470000,0.144200000,0.6500925069380203,2025-11-12,2025-11-12
CVE-2022-50311,0.000350000,0.095480000,0.35545790934320076,2025-11-12,2025-11-12
CVE-2022-50310,0.000260000,0.061340000,0.22687326549491213,2025-11-12,2025-11-12
CVE-2022-50309,0.000470000,0.144200000,0.6500925069380203,2025-11-12,2025-11-12
CVE-2022-50308,0.000260000,0.059280000,0.22687326549491213,2025-11-12,2025-11-12
CVE-2022-50307,0.000240000,0.052270000,0.16466234967622573,2025-11-12,2025-11-12
CVE-2025-6999,0.001980000,0.420990000,0.929463459759482,2025-11-12,2025-11-12
CVE-2025-6947,0.000800000,0.243710000,0.8420444033302498,2025-11-12,2025-11-12
CVE-2025-59399,0.000280000,0.068460000,0.27520814061054577,2025-11-12,2025-11-12
CVE-2025-59398,0.000240000,0.051040000,0.16466234967622573,2025-11-12,2025-11-12
CVE-2025-59397,0.000370000,0.106260000,0.4357076780758557,2025-11-12,2025-11-12
CVE-2025-59332,0.000670000,0.208000000,0.8050416281221091,2025-11-12,2025-11-12
CVE-2025-59331,0.000680000,0.210590000,0.8085106382978723,2025-11-12,2025-11-12
CVE-2025-59330,0.000680000,0.210590000,0.8085106382978723,2025-11-12,2025-11-12
CVE-2025-59328,0.010130000,0.764330000,0.9817298797409806,2025-11-12,2025-11-12
CVE-2025-59162,0.000680000,0.210590000,0.8085106382978723,2025-11-12,2025-11-12
CVE-2025-59155,0.000590000,0.183290000,0.7687326549491211,2025-11-12,2025-11-12
CVE-2025-59154,0.000360000,0.100970000,0.40148011100832565,2025-11-12,2025-11-12
CVE-2025-59145,0.000680000,0.210590000,0.8085106382978723,2025-11-12,2025-11-12
CVE-2025-59144,0.000680000,0.210590000,0.8085106382978723,2025-11-12,2025-11-12
CVE-2025-59143,0.000680000,0.210590000,0.8085106382978723,2025-11-12,2025-11-12
CVE-2025-59142,0.000680000,0.210590000,0.8085106382978723,2025-11-12,2025-11-12
CVE-2025-59141,0.000680000,0.210590000,0.8085106382978723,2025-11-12,2025-11-12
CVE-2025-59140,0.000680000,0.210590000,0.8085106382978723,2025-11-12,2025-11-12
CVE-2025-59056,0.001060000,0.292900000,0.877890841813136,2025-11-12,2025-11-12
CVE-2025-58748,0.005300000,0.663500000,0.9717853839037928,2025-11-12,2025-11-12
CVE-2025-58177,0.000320000,0.084710000,0.2967160037002775,2025-11-12,2025-11-12
CVE-2025-58172,0.001100000,0.300700000,0.8827474560592045,2025-11-12,2025-11-12
CVE-2025-58046,0.002710000,0.503280000,0.9451896392229417,2025-11-12,2025-11-12
CVE-2025-58045,0.006530000,0.700990000,0.9761794634597595,2025-11-12,2025-11-12
CVE-2025-57248,0.000660000,0.206510000,0.8015726179463459,2025-11-12,2025-11-12
CVE-2025-57176,0.000430000,0.126920000,0.5952821461609621,2025-11-12,2025-11-12
CVE-2025-57174,0.000980000,0.278190000,0.8677150786308974,2025-11-12,2025-11-12
CVE-2025-57118,0.000760000,0.233120000,0.8334875115633672,2025-11-12,2025-11-12
CVE-2025-57117,0.000590000,0.186240000,0.7687326549491211,2025-11-12,2025-11-12
CVE-2025-57104,0.000270000,0.064960000,0.26688251618871417,2025-11-12,2025-11-12
CVE-2025-56448,0.000330000,0.087620000,0.31961147086031455,2025-11-12,2025-11-12
CVE-2025-56274,0.000360000,0.101340000,0.40148011100832565,2025-11-12,2025-11-12
CVE-2025-56252,0.000430000,0.127000000,0.5952821461609621,2025-11-12,2025-11-12
CVE-2025-55211,0.000640000,0.201910000,0.7941720629047179,2025-11-12,2025-11-12
CVE-2025-52344,0.000380000,0.111380000,0.48080481036077705,2025-11-12,2025-11-12
CVE-2025-52048,0.000340000,0.090480000,0.33117483811285847,2025-11-12,2025-11-12
CVE-2025-49089,0.000490000,0.152580000,0.68686401480111,2025-11-12,2025-11-12
CVE-2025-45091,0.000340000,0.092530000,0.33117483811285847,2025-11-12,2025-11-12
CVE-2025-43802,0.001940000,0.415890000,0.925531914893617,2025-11-12,2025-11-12
CVE-2025-43800,0.001940000,0.415890000,0.925531914893617,2025-11-12,2025-11-12
CVE-2025-43799,0.002050000,0.427990000,0.9329324699352451,2025-11-12,2025-11-12
CVE-2025-43798,0.000590000,0.183290000,0.7687326549491211,2025-11-12,2025-11-12
CVE-2025-43797,0.001890000,0.409650000,0.9243755781683626,2025-11-12,2025-11-12
CVE-2025-43793,0.002410000,0.473490000,0.9419518963922294,2025-11-12,2025-11-12
CVE-2025-43792,0.001740000,0.391840000,0.9169750231267345,2025-11-12,2025-11-12
CVE-2025-43791,0.001940000,0.415890000,0.925531914893617,2025-11-12,2025-11-12
CVE-2025-43314,0.000130000,0.014970000,0.046022201665124884,2025-11-12,2025-11-12
CVE-2025-43312,0.000130000,0.014050000,0.046022201665124884,2025-11-12,2025-11-12
CVE-2025-43311,0.000150000,0.022780000,0.06637372802960222,2025-11-12,2025-11-12
CVE-2025-43310,0.000140000,0.018130000,0.05226641998149861,2025-11-12,2025-11-12
CVE-2025-43308,0.000330000,0.087990000,0.31961147086031455,2025-11-12,2025-11-12
CVE-2025-43307,0.000180000,0.031920000,0.11632747456059205,2025-11-12,2025-11-12
CVE-2025-43305,0.000140000,0.016460000,0.05226641998149861,2025-11-12,2025-11-12
CVE-2025-43304,0.000130000,0.013960000,0.046022201665124884,2025-11-12,2025-11-12
CVE-2025-43303,0.000130000,0.015830000,0.046022201665124884,2025-11-12,2025-11-12
CVE-2025-43302,0.000150000,0.019990000,0.06637372802960222,2025-11-12,2025-11-12
CVE-2025-43301,0.000130000,0.014930000,0.046022201665124884,2025-11-12,2025-11-12
CVE-2025-43299,0.000260000,0.061640000,0.22687326549491213,2025-11-12,2025-11-12
CVE-2025-43298,0.000280000,0.068640000,0.27520814061054577,2025-11-12,2025-11-12
CVE-2025-43297,0.000190000,0.036750000,0.1276595744680851,2025-11-12,2025-11-12
CVE-2025-43295,0.000130000,0.014230000,0.046022201665124884,2025-11-12,2025-11-12
CVE-2025-43294,0.000140000,0.018060000,0.05226641998149861,2025-11-12,2025-11-12
CVE-2025-43293,0.000270000,0.065210000,0.26688251618871417,2025-11-12,2025-11-12
CVE-2025-43292,0.000130000,0.016070000,0.046022201665124884,2025-11-12,2025-11-12
CVE-2025-43291,0.000100000,0.007120000,0.03538390379278446,2025-11-12,2025-11-12
CVE-2025-43287,0.000160000,0.024060000,0.08256244218316373,2025-11-12,2025-11-12
CVE-2025-43286,0.000150000,0.019770000,0.06637372802960222,2025-11-12,2025-11-12
CVE-2025-43285,0.000100000,0.008330000,0.03538390379278446,2025-11-12,2025-11-12
CVE-2025-43283,0.000170000,0.029350000,0.09181313598519888,2025-11-12,2025-11-12
CVE-2025-43279,0.000180000,0.033930000,0.11632747456059205,2025-11-12,2025-11-12
CVE-2025-43272,0.000430000,0.130170000,0.5952821461609621,2025-11-12,2025-11-12
CVE-2025-43263,0.000140000,0.019360000,0.05226641998149861,2025-11-12,2025-11-12
CVE-2025-43262,0.000180000,0.032040000,0.11632747456059205,2025-11-12,2025-11-12
CVE-2025-43231,0.000150000,0.022810000,0.06637372802960222,2025-11-12,2025-11-12
CVE-2025-43208,0.000160000,0.024400000,0.08256244218316373,2025-11-12,2025-11-12
CVE-2025-43207,0.000150000,0.022810000,0.06637372802960222,2025-11-12,2025-11-12
CVE-2025-43204,0.000150000,0.022260000,0.06637372802960222,2025-11-12,2025-11-12
CVE-2025-43203,0.000150000,0.023720000,0.06637372802960222,2025-11-12,2025-11-12
CVE-2025-43190,0.000120000,0.013480000,0.042321924144310824,2025-11-12,2025-11-12
CVE-2025-31271,0.000420000,0.125600000,0.580018501387604,2025-11-12,2025-11-12
CVE-2025-31270,0.000160000,0.024400000,0.08256244218316373,2025-11-12,2025-11-12
CVE-2025-31269,0.000140000,0.018560000,0.05226641998149861,2025-11-12,2025-11-12
CVE-2025-31268,0.000100000,0.008330000,0.03538390379278446,2025-11-12,2025-11-12
CVE-2025-31255,0.000900000,0.261620000,0.8554579093432008,2025-11-12,2025-11-12
CVE-2025-31254,0.000340000,0.090670000,0.33117483811285847,2025-11-12,2025-11-12
CVE-2025-30468,0.000760000,0.231570000,0.8334875115633672,2025-11-12,2025-11-12
CVE-2025-24197,0.000140000,0.016460000,0.05226641998149861,2025-11-12,2025-11-12
CVE-2025-24088,0.000480000,0.146780000,0.6806197964847364,2025-11-12,2025-11-12
CVE-2025-10485,0.000360000,0.100590000,0.40148011100832565,2025-11-12,2025-11-12
CVE-2025-10483,0.000320000,0.085030000,0.2967160037002775,2025-11-12,2025-11-12
CVE-2025-10482,0.000370000,0.105640000,0.4357076780758557,2025-11-12,2025-11-12
CVE-2025-10481,0.000320000,0.085030000,0.2967160037002775,2025-11-12,2025-11-12
CVE-2025-10480,0.000420000,0.124840000,0.580018501387604,2025-11-12,2025-11-12
CVE-2025-10479,0.000340000,0.089460000,0.33117483811285847,2025-11-12,2025-11-12
CVE-2025-10477,0.000330000,0.088780000,0.31961147086031455,2025-11-12,2025-11-12
CVE-2025-10475,0.000140000,0.018390000,0.05226641998149861,2025-11-12,2025-11-12
CVE-2025-10473,0.000320000,0.085030000,0.2967160037002775,2025-11-12,2025-11-12
CVE-2025-10472,0.000620000,0.195050000,0.7874653098982424,2025-11-12,2025-11-12
CVE-2025-10471,0.000430000,0.127370000,0.5952821461609621,2025-11-12,2025-11-12
CVE-2025-10203,0.000230000,0.048030000,0.16026827012025902,2025-11-12,2025-11-12
CVE-2025-9808,0.000550000,0.170940000,0.7439870490286772,2025-11-12,2025-11-12
CVE-2025-6575,0.000350000,0.096020000,0.35545790934320076,2025-11-12,2025-11-12
CVE-2025-59453,0.000220000,0.046840000,0.1540240518038853,2025-11-12,2025-11-12
CVE-2025-59437,0.000170000,0.030780000,0.09181313598519888,2025-11-12,2025-11-12
CVE-2025-59436,0.000170000,0.030780000,0.09181313598519888,2025-11-12,2025-11-12
CVE-2025-56706,0.002180000,0.444300000,0.9373265494912119,2025-11-12,2025-11-12
CVE-2025-56697,0.000440000,0.131640000,0.6066142460684552,2025-11-12,2025-11-12
CVE-2025-5519,0.000530000,0.165810000,0.7261794634597595,2025-11-12,2025-11-12
CVE-2025-5518,0.000360000,0.101340000,0.40148011100832565,2025-11-12,2025-11-12
CVE-2025-4688,0.000440000,0.131350000,0.6066142460684552,2025-11-12,2025-11-12
CVE-2025-43375,0.000860000,0.255110000,0.8499074930619797,2025-11-12,2025-11-12
CVE-2025-43372,0.000620000,0.193290000,0.7874653098982424,2025-11-12,2025-11-12
CVE-2025-43371,0.000140000,0.019360000,0.05226641998149861,2025-11-12,2025-11-12
CVE-2025-43370,0.000190000,0.037580000,0.1276595744680851,2025-11-12,2025-11-12
CVE-2025-43369,0.000150000,0.022810000,0.06637372802960222,2025-11-12,2025-11-12
CVE-2025-43368,0.000490000,0.152930000,0.68686401480111,2025-11-12,2025-11-12
CVE-2025-43367,0.000140000,0.016360000,0.05226641998149861,2025-11-12,2025-11-12
CVE-2025-43366,0.000150000,0.020940000,0.06637372802960222,2025-11-12,2025-11-12
CVE-2025-43362,0.000660000,0.207090000,0.8015726179463459,2025-11-12,2025-11-12
CVE-2025-43359,0.001080000,0.296520000,0.8799722479185939,2025-11-12,2025-11-12
CVE-2025-43358,0.000100000,0.007560000,0.03538390379278446,2025-11-12,2025-11-12
CVE-2025-43357,0.000140000,0.016340000,0.05226641998149861,2025-11-12,2025-11-12
CVE-2025-43356,0.000520000,0.160440000,0.7197039777983348,2025-11-12,2025-11-12
CVE-2025-43355,0.000120000,0.011930000,0.042321924144310824,2025-11-12,2025-11-12
CVE-2025-43354,0.000130000,0.013950000,0.046022201665124884,2025-11-12,2025-11-12
CVE-2025-43353,0.000130000,0.014050000,0.046022201665124884,2025-11-12,2025-11-12
CVE-2025-43349,0.000160000,0.025730000,0.08256244218316373,2025-11-12,2025-11-12
CVE-2025-43347,0.002260000,0.453650000,0.938945420906568,2025-11-12,2025-11-12
CVE-2025-43346,0.000120000,0.012460000,0.042321924144310824,2025-11-12,2025-11-12
CVE-2025-43344,0.000150000,0.021670000,0.06637372802960222,2025-11-12,2025-11-12
CVE-2025-43343,0.001110000,0.303160000,0.8839037927844589,2025-11-12,2025-11-12
CVE-2025-43342,0.003700000,0.581220000,0.9586031452358927,2025-11-12,2025-11-12
CVE-2025-43341,0.000120000,0.010940000,0.042321924144310824,2025-11-12,2025-11-12
CVE-2025-43340,0.000160000,0.023890000,0.08256244218316373,2025-11-12,2025-11-12
CVE-2025-43337,0.000150000,0.022040000,0.06637372802960222,2025-11-12,2025-11-12
CVE-2025-43333,0.000160000,0.023890000,0.08256244218316373,2025-11-12,2025-11-12
CVE-2025-43332,0.000130000,0.014840000,0.046022201665124884,2025-11-12,2025-11-12
CVE-2025-43331,0.000180000,0.031920000,0.11632747456059205,2025-11-12,2025-11-12
CVE-2025-43330,0.000170000,0.031590000,0.09181313598519888,2025-11-12,2025-11-12
CVE-2025-43329,0.000100000,0.007560000,0.03538390379278446,2025-11-12,2025-11-12
CVE-2025-43328,0.000120000,0.010970000,0.042321924144310824,2025-11-12,2025-11-12
CVE-2025-43327,0.000430000,0.127410000,0.5952821461609621,2025-11-12,2025-11-12
CVE-2025-43326,0.000130000,0.015610000,0.046022201665124884,2025-11-12,2025-11-12
CVE-2025-43325,0.000150000,0.022810000,0.06637372802960222,2025-11-12,2025-11-12
CVE-2025-43321,0.000140000,0.016460000,0.05226641998149861,2025-11-12,2025-11-12
CVE-2025-43319,0.000140000,0.016460000,0.05226641998149861,2025-11-12,2025-11-12
CVE-2025-43318,0.000180000,0.035730000,0.11632747456059205,2025-11-12,2025-11-12
CVE-2025-43317,0.000100000,0.008430000,0.03538390379278446,2025-11-12,2025-11-12
CVE-2025-43316,0.000120000,0.010940000,0.042321924144310824,2025-11-12,2025-11-12
CVE-2025-43315,0.000140000,0.016460000,0.05226641998149861,2025-11-12,2025-11-12
CVE-2025-41249,0.000560000,0.175050000,0.7506938020351527,2025-11-12,2025-11-12
CVE-2025-41248,0.000560000,0.175050000,0.7506938020351527,2025-11-12,2025-11-12
CVE-2025-26711,0.000540000,0.169790000,0.734736355226642,2025-11-12,2025-11-12
CVE-2025-26710,0.000410000,0.120680000,0.5675300647548566,2025-11-12,2025-11-12
CVE-2025-2404,0.000390000,0.113620000,0.49283071230342274,2025-11-12,2025-11-12
CVE-2025-10316,0.000670000,0.210250000,0.8050416281221091,2025-11-12,2025-11-12
CVE-2025-10016,0.000260000,0.059690000,0.22687326549491213,2025-11-12,2025-11-12
CVE-2025-10015,0.000130000,0.013560000,0.046022201665124884,2025-11-12,2025-11-12
CVE-2024-12913,0.000210000,0.043600000,0.14662349676225717,2025-11-12,2025-11-12
CVE-2024-12367,0.000540000,0.170590000,0.734736355226642,2025-11-12,2025-11-12
CVE-2023-53303,0.000260000,0.061340000,0.22687326549491213,2025-11-12,2025-11-12
CVE-2023-53302,0.000350000,0.095480000,0.35545790934320076,2025-11-12,2025-11-12
CVE-2023-53301,0.000240000,0.052270000,0.16466234967622573,2025-11-12,2025-11-12
CVE-2023-53300,0.000250000,0.057720000,0.19703977798334876,2025-11-12,2025-11-12
CVE-2023-53299,0.000470000,0.144200000,0.6500925069380203,2025-11-12,2025-11-12
CVE-2023-53298,0.000350000,0.095480000,0.35545790934320076,2025-11-12,2025-11-12
CVE-2023-53297,0.000350000,0.095480000,0.35545790934320076,2025-11-12,2025-11-12
CVE-2023-53296,0.000350000,0.095480000,0.35545790934320076,2025-11-12,2025-11-12
CVE-2023-53295,0.000350000,0.095480000,0.35545790934320076,2025-11-12,2025-11-12
CVE-2023-53294,0.000260000,0.059280000,0.22687326549491213,2025-11-12,2025-11-12
CVE-2023-53292,0.000260000,0.061340000,0.22687326549491213,2025-11-12,2025-11-12
CVE-2023-53291,0.000350000,0.095480000,0.35545790934320076,2025-11-12,2025-11-12
CVE-2023-53290,0.000350000,0.095480000,0.35545790934320076,2025-11-12,2025-11-12
CVE-2023-53289,0.000470000,0.144200000,0.6500925069380203,2025-11-12,2025-11-12
CVE-2023-53288,0.000350000,0.095480000,0.35545790934320076,2025-11-12,2025-11-12
CVE-2023-53287,0.000250000,0.057720000,0.19703977798334876,2025-11-12,2025-11-12
CVE-2023-53286,0.000260000,0.059280000,0.22687326549491213,2025-11-12,2025-11-12
CVE-2023-53285,0.000470000,0.144200000,0.6500925069380203,2025-11-12,2025-11-12
CVE-2023-53284,0.000240000,0.052270000,0.16466234967622573,2025-11-12,2025-11-12
CVE-2023-53282,0.000250000,0.057720000,0.19703977798334876,2025-11-12,2025-11-12
CVE-2023-53281,0.000260000,0.059280000,0.22687326549491213,2025-11-12,2025-11-12
CVE-2023-53280,0.000350000,0.095480000,0.35545790934320076,2025-11-12,2025-11-12
CVE-2023-53279,0.000250000,0.057720000,0.19703977798334876,2025-11-12,2025-11-12
CVE-2023-53278,0.000240000,0.052270000,0.16466234967622573,2025-11-12,2025-11-12
CVE-2023-53277,0.000350000,0.095480000,0.35545790934320076,2025-11-12,2025-11-12
CVE-2023-53276,0.000470000,0.144200000,0.6500925069380203,2025-11-12,2025-11-12
CVE-2023-53275,0.000350000,0.095480000,0.35545790934320076,2025-11-12,2025-11-12
CVE-2023-53274,0.000260000,0.061340000,0.22687326549491213,2025-11-12,2025-11-12
CVE-2023-53273,0.000260000,0.059280000,0.22687326549491213,2025-11-12,2025-11-12
CVE-2023-53272,0.000260000,0.059280000,0.22687326549491213,2025-11-12,2025-11-12
CVE-2023-53271,0.000350000,0.095480000,0.35545790934320076,2025-11-12,2025-11-12
CVE-2023-53270,0.000260000,0.059280000,0.22687326549491213,2025-11-12,2025-11-12
CVE-2023-53269,0.000240000,0.052270000,0.16466234967622573,2025-11-12,2025-11-12
CVE-2023-53268,0.000350000,0.095480000,0.35545790934320076,2025-11-12,2025-11-12
CVE-2023-53267,0.000240000,0.052270000,0.16466234967622573,2025-11-12,2025-11-12
CVE-2023-53266,0.000260000,0.061340000,0.22687326549491213,2025-11-12,2025-11-12
CVE-2023-53265,0.000350000,0.095480000,0.35545790934320076,2025-11-12,2025-11-12
CVE-2023-53264,0.000250000,0.057720000,0.19703977798334876,2025-11-12,2025-11-12
CVE-2023-53263,0.000240000,0.052270000,0.16466234967622573,2025-11-12,2025-11-12
CVE-2025-8894,0.000250000,0.056510000,0.19703977798334876,2025-11-12,2025-11-12
CVE-2025-8893,0.000310000,0.081350000,0.2883903792784459,2025-11-12,2025-11-12
CVE-2025-8446,0.000320000,0.083650000,0.2967160037002775,2025-11-12,2025-11-12
CVE-2025-8276,0.000390000,0.113660000,0.49283071230342274,2025-11-12,2025-11-12
CVE-2025-8057,0.000360000,0.101340000,0.40148011100832565,2025-11-12,2025-11-12
CVE-2025-7744,0.000390000,0.115510000,0.49283071230342274,2025-11-12,2025-11-12
CVE-2025-7743,0.000210000,0.044490000,0.14662349676225717,2025-11-12,2025-11-12
CVE-2025-7355,0.000360000,0.101340000,0.40148011100832565,2025-11-12,2025-11-12
CVE-2025-59333,0.000490000,0.152950000,0.68686401480111,2025-11-12,2025-11-12
CVE-2025-59270,0.000420000,0.124120000,0.580018501387604,2025-11-12,2025-11-12
CVE-2025-58749,0.000550000,0.172530000,0.7439870490286772,2025-11-12,2025-11-12
CVE-2025-57145,0.000330000,0.089140000,0.31961147086031455,2025-11-12,2025-11-12
CVE-2025-57119,0.000800000,0.243770000,0.8420444033302498,2025-11-12,2025-11-12
CVE-2025-56295,0.000290000,0.072350000,0.2784458834412581,2025-11-12,2025-11-12
CVE-2025-56293,0.000340000,0.090370000,0.33117483811285847,2025-11-12,2025-11-12
CVE-2025-56289,0.000310000,0.081370000,0.2883903792784459,2025-11-12,2025-11-12
CVE-2025-56280,0.000340000,0.090370000,0.33117483811285847,2025-11-12,2025-11-12
CVE-2025-56276,0.000340000,0.090370000,0.33117483811285847,2025-11-12,2025-11-12
CVE-2025-55834,0.000600000,0.187840000,0.7745143385753932,2025-11-12,2025-11-12
CVE-2025-55118,0.000540000,0.170590000,0.734736355226642,2025-11-12,2025-11-12
CVE-2025-55117,0.000450000,0.135370000,0.616558741905643,2025-11-12,2025-11-12
CVE-2025-55116,0.000150000,0.019640000,0.06637372802960222,2025-11-12,2025-11-12
CVE-2025-55115,0.000200000,0.040230000,0.1364477335800185,2025-11-12,2025-11-12
CVE-2025-55114,0.000560000,0.173910000,0.7506938020351527,2025-11-12,2025-11-12
CVE-2025-55113,0.000530000,0.165770000,0.7261794634597595,2025-11-12,2025-11-12
CVE-2025-55112,0.000170000,0.028550000,0.09181313598519888,2025-11-12,2025-11-12
CVE-2025-55111,0.000110000,0.008680000,0.03954671600370028,2025-11-12,2025-11-12
CVE-2025-55110,0.000150000,0.020290000,0.06637372802960222,2025-11-12,2025-11-12
CVE-2025-55109,0.000630000,0.197570000,0.7904717853839038,2025-11-12,2025-11-12
CVE-2025-52044,0.000400000,0.118510000,0.5520351526364478,2025-11-12,2025-11-12
CVE-2025-4953,0.000510000,0.157820000,0.7123034227567068,2025-11-12,2025-11-12
CVE-2025-44034,0.001820000,0.402490000,0.9213691026827012,2025-11-12,2025-11-12
CVE-2025-41243,0.102430000,0.928310000,0.9960684551341351,2025-11-12,2025-11-12
CVE-2025-39836,0.000240000,0.052270000,0.16466234967622573,2025-11-12,2025-11-12
CVE-2025-39835,0.000470000,0.144200000,0.6500925069380203,2025-11-12,2025-11-12
CVE-2025-39834,0.000260000,0.061340000,0.22687326549491213,2025-11-12,2025-11-12
CVE-2025-39833,0.000260000,0.061340000,0.22687326549491213,2025-11-12,2025-11-12
CVE-2025-39832,0.000250000,0.057720000,0.19703977798334876,2025-11-12,2025-11-12
CVE-2025-39831,0.000240000,0.052270000,0.16466234967622573,2025-11-12,2025-11-12
CVE-2025-39830,0.000260000,0.061340000,0.22687326549491213,2025-11-12,2025-11-12
CVE-2025-39829,0.000240000,0.052270000,0.16466234967622573,2025-11-12,2025-11-12
CVE-2025-39828,0.000470000,0.144200000,0.6500925069380203,2025-11-12,2025-11-12
CVE-2025-39827,0.000510000,0.156690000,0.7123034227567068,2025-11-12,2025-11-12
CVE-2025-39826,0.000350000,0.095480000,0.35545790934320076,2025-11-12,2025-11-12
CVE-2025-39825,0.000350000,0.095480000,0.35545790934320076,2025-11-12,2025-11-12
CVE-2025-39824,0.000470000,0.144200000,0.6500925069380203,2025-11-12,2025-11-12
CVE-2025-39823,0.000450000,0.136360000,0.616558741905643,2025-11-12,2025-11-12
CVE-2025-39822,0.000260000,0.061340000,0.22687326549491213,2025-11-12,2025-11-12
CVE-2025-39821,0.000260000,0.061340000,0.22687326549491213,2025-11-12,2025-11-12
CVE-2025-39820,0.000260000,0.061340000,0.22687326549491213,2025-11-12,2025-11-12
CVE-2025-39819,0.000510000,0.156690000,0.7123034227567068,2025-11-12,2025-11-12
CVE-2025-39818,0.000260000,0.061340000,0.22687326549491213,2025-11-12,2025-11-12
CVE-2025-39817,0.000470000,0.144200000,0.6500925069380203,2025-11-12,2025-11-12
CVE-2025-39816,0.000240000,0.052270000,0.16466234967622573,2025-11-12,2025-11-12
CVE-2025-39815,0.000240000,0.052270000,0.16466234967622573,2025-11-12,2025-11-12
CVE-2025-39814,0.000260000,0.061340000,0.22687326549491213,2025-11-12,2025-11-12
CVE-2025-39813,0.000470000,0.144200000,0.6500925069380203,2025-11-12,2025-11-12
CVE-2025-39812,0.000470000,0.144200000,0.6500925069380203,2025-11-12,2025-11-12
CVE-2025-39811,0.000240000,0.052270000,0.16466234967622573,2025-11-12,2025-11-12
CVE-2025-39810,0.000240000,0.052270000,0.16466234967622573,2025-11-12,2025-11-12
CVE-2025-39809,0.000260000,0.061340000,0.22687326549491213,2025-11-12,2025-11-12
CVE-2025-39808,0.000470000,0.144200000,0.6500925069380203,2025-11-12,2025-11-12
CVE-2025-39807,0.000240000,0.052270000,0.16466234967622573,2025-11-12,2025-11-12
CVE-2025-39806,0.000350000,0.095480000,0.35545790934320076,2025-11-12,2025-11-12
CVE-2025-39805,0.000240000,0.052270000,0.16466234967622573,2025-11-12,2025-11-12
CVE-2025-36244,0.000160000,0.026080000,0.08256244218316373,2025-11-12,2025-11-12
CVE-2025-30075,0.000140000,0.017600000,0.05226641998149861,2025-11-12,2025-11-12
CVE-2025-10546,0.002180000,0.443630000,0.9373265494912119,2025-11-12,2025-11-12
CVE-2025-10537,0.000470000,0.142400000,0.6500925069380203,2025-11-12,2025-11-12
CVE-2025-10536,0.000160000,0.024720000,0.08256244218316373,2025-11-12,2025-11-12
CVE-2025-10535,0.000440000,0.130450000,0.6066142460684552,2025-11-12,2025-11-12
CVE-2025-10534,0.000390000,0.112030000,0.49283071230342274,2025-11-12,2025-11-12
CVE-2025-10533,0.000630000,0.197990000,0.7904717853839038,2025-11-12,2025-11-12
CVE-2025-10532,0.000520000,0.162050000,0.7197039777983348,2025-11-12,2025-11-12
CVE-2025-10531,0.000330000,0.087150000,0.31961147086031455,2025-11-12,2025-11-12
CVE-2025-10530,0.000400000,0.117860000,0.5520351526364478,2025-11-12,2025-11-12
CVE-2025-10529,0.000510000,0.156570000,0.7123034227567068,2025-11-12,2025-11-12
CVE-2025-10528,0.000930000,0.267870000,0.86054579093432,2025-11-12,2025-11-12
CVE-2025-10527,0.000490000,0.152470000,0.68686401480111,2025-11-12,2025-11-12
CVE-2025-10290,0.000290000,0.069970000,0.2784458834412581,2025-11-12,2025-11-12
CVE-2024-13174,0.000430000,0.126840000,0.5952821461609621,2025-11-12,2025-11-12
CVE-2024-13149,0.000440000,0.131350000,0.6066142460684552,2025-11-12,2025-11-12
CVE-2024-12796,0.000420000,0.123260000,0.580018501387604,2025-11-12,2025-11-12
CVE-2023-53304,0.000350000,0.095480000,0.35545790934320076,2025-11-12,2025-11-12
CVE-2022-50352,0.000470000,0.142010000,0.6500925069380203,2025-11-12,2025-11-12
CVE-2022-50351,0.000240000,0.052270000,0.16466234967622573,2025-11-12,2025-11-12
CVE-2022-50350,0.000240000,0.052270000,0.16466234967622573,2025-11-12,2025-11-12
CVE-2022-50349,0.000470000,0.144200000,0.6500925069380203,2025-11-12,2025-11-12
CVE-2022-50348,0.000350000,0.095480000,0.35545790934320076,2025-11-12,2025-11-12
CVE-2022-50347,0.000470000,0.144200000,0.6500925069380203,2025-11-12,2025-11-12
CVE-2022-50346,0.000470000,0.144200000,0.6500925069380203,2025-11-12,2025-11-12
CVE-2022-50344,0.000470000,0.144200000,0.6500925069380203,2025-11-12,2025-11-12
CVE-2022-50343,0.000470000,0.144200000,0.6500925069380203,2025-11-12,2025-11-12
CVE-2022-50342,0.000250000,0.057720000,0.19703977798334876,2025-11-12,2025-11-12
CVE-2022-50341,0.000200000,0.041010000,0.1364477335800185,2025-11-12,2025-11-12
CVE-2022-50340,0.000260000,0.059280000,0.22687326549491213,2025-11-12,2025-11-12
CVE-2022-50339,0.000260000,0.061340000,0.22687326549491213,2025-11-12,2025-11-12
CVE-2009-20007,0.651750000,0.983880000,0.9995374653098983,2025-11-12,2025-11-12
CVE-2009-20006,0.647480000,0.983710000,0.9993061979648473,2025-11-12,2025-11-12
CVE-2009-20005,0.711880000,0.986430000,0.9997687326549491,2025-11-12,2025-11-12
CVE-2025-9971,0.002270000,0.453910000,0.9391766882516188,2025-11-12,2025-11-12
CVE-2025-9891,0.000140000,0.019320000,0.05226641998149861,2025-11-12,2025-11-12
CVE-2025-9851,0.000370000,0.105850000,0.4357076780758557,2025-11-12,2025-11-12
CVE-2025-9818,0.000170000,0.030480000,0.09181313598519888,2025-11-12,2025-11-12
CVE-2025-9708,0.000080000,0.004710000,0.02497687326549491,2025-11-12,2025-11-12
CVE-2025-9629,0.000140000,0.019200000,0.05226641998149861,2025-11-12,2025-11-12
CVE-2025-9565,0.000420000,0.124290000,0.580018501387604,2025-11-12,2025-11-12
CVE-2025-9450,0.000180000,0.032420000,0.11632747456059205,2025-11-12,2025-11-12
CVE-2025-9449,0.000180000,0.032420000,0.11632747456059205,2025-11-12,2025-11-12
CVE-2025-9447,0.000180000,0.032420000,0.11632747456059205,2025-11-12,2025-11-12
CVE-2025-9216,0.002830000,0.513800000,0.9468085106382979,2025-11-12,2025-11-12
CVE-2025-9215,0.000540000,0.168580000,0.734736355226642,2025-11-12,2025-11-12
CVE-2025-9203,0.000390000,0.114170000,0.49283071230342274,2025-11-12,2025-11-12
CVE-2025-8394,0.000390000,0.114170000,0.49283071230342274,2025-11-12,2025-11-12
CVE-2025-8153,0.000670000,0.210250000,0.8050416281221091,2025-11-12,2025-11-12
CVE-2025-59518,0.001650000,0.381230000,0.9125809435707678,2025-11-12,2025-11-12
CVE-2025-59336,0.000840000,0.252290000,0.8459759481961147,2025-11-12,2025-11-12
CVE-2025-59334,0.000680000,0.212770000,0.8085106382978723,2025-11-12,2025-11-12
CVE-2025-59307,0.000210000,0.044420000,0.14662349676225717,2025-11-12,2025-11-12
CVE-2025-59161,0.002320000,0.459490000,0.9398704902867715,2025-11-12,2025-11-12
CVE-2025-59160,0.000700000,0.215810000,0.8175300647548566,2025-11-12,2025-11-12
CVE-2025-59050,0.001020000,0.287190000,0.8744218316373727,2025-11-12,2025-11-12
CVE-2025-58174,0.000340000,0.090370000,0.33117483811285847,2025-11-12,2025-11-12
CVE-2025-58116,0.003700000,0.581400000,0.9586031452358927,2025-11-12,2025-11-12
CVE-2025-57631,0.003010000,0.529420000,0.9486586493987049,2025-11-12,2025-11-12
CVE-2025-57625,0.000690000,0.214440000,0.8149861239592969,2025-11-12,2025-11-12
CVE-2025-57624,0.000170000,0.031650000,0.09181313598519888,2025-11-12,2025-11-12
CVE-2025-56562,0.000630000,0.197280000,0.7904717853839038,2025-11-12,2025-11-12
CVE-2025-56557,0.000440000,0.132340000,0.6066142460684552,2025-11-12,2025-11-12
CVE-2025-56264,0.000730000,0.226130000,0.8270120259019427,2025-11-12,2025-11-12
CVE-2025-56263,0.000510000,0.157380000,0.7123034227567068,2025-11-12,2025-11-12
CVE-2025-55075,0.000440000,0.132860000,0.6066142460684552,2025-11-12,2025-11-12
CVE-2025-54391,0.001090000,0.299260000,0.8813598519888992,2025-11-12,2025-11-12
CVE-2025-54262,0.000290000,0.071870000,0.2784458834412581,2025-11-12,2025-11-12
CVE-2025-54237,0.000250000,0.056320000,0.19703977798334876,2025-11-12,2025-11-12
CVE-2025-49728,0.000210000,0.042630000,0.14662349676225717,2025-11-12,2025-11-12
CVE-2025-47967,0.000690000,0.214670000,0.8149861239592969,2025-11-12,2025-11-12
CVE-2025-43805,0.002050000,0.427990000,0.9329324699352451,2025-11-12,2025-11-12
CVE-2025-43804,0.000430000,0.128570000,0.5952821461609621,2025-11-12,2025-11-12
CVE-2025-43801,0.002520000,0.484100000,0.9435707678075855,2025-11-12,2025-11-12
CVE-2025-37131,0.000370000,0.106500000,0.4357076780758557,2025-11-12,2025-11-12
CVE-2025-37130,0.000390000,0.115530000,0.49283071230342274,2025-11-12,2025-11-12
CVE-2025-37129,0.000220000,0.045200000,0.1540240518038853,2025-11-12,2025-11-12
CVE-2025-37128,0.000960000,0.274040000,0.8647086031452359,2025-11-12,2025-11-12
CVE-2025-37127,0.000120000,0.012280000,0.042321924144310824,2025-11-12,2025-11-12
CVE-2025-37126,0.001540000,0.366560000,0.9093432007400555,2025-11-12,2025-11-12
CVE-2025-37125,0.000450000,0.136750000,0.616558741905643,2025-11-12,2025-11-12
CVE-2025-37124,0.000840000,0.250470000,0.8459759481961147,2025-11-12,2025-11-12
CVE-2025-37123,0.002040000,0.427020000,0.9327012025901943,2025-11-12,2025-11-12
CVE-2025-34187,0.012790000,0.789260000,0.9838112858464385,2025-11-12,2025-11-12
CVE-2025-34186,0.008840000,0.746870000,0.9798797409805735,2025-11-12,2025-11-12
CVE-2025-34185,0.003360000,0.558750000,0.9530527289546716,2025-11-12,2025-11-12
CVE-2025-34184,0.013340000,0.793460000,0.9842738205365402,2025-11-12,2025-11-12
CVE-2025-34183,0.003440000,0.563590000,0.9551341350601296,2025-11-12,2025-11-12
CVE-2025-10589,0.003630000,0.576930000,0.9569842738205365,2025-11-12,2025-11-12
CVE-2025-10584,0.000310000,0.080010000,0.2883903792784459,2025-11-12,2025-11-12
CVE-2025-10566,0.000410000,0.122870000,0.5675300647548566,2025-11-12,2025-11-12
CVE-2025-10565,0.000370000,0.105640000,0.4357076780758557,2025-11-12,2025-11-12
CVE-2025-10564,0.000370000,0.105640000,0.4357076780758557,2025-11-12,2025-11-12
CVE-2025-10563,0.000340000,0.089460000,0.33117483811285847,2025-11-12,2025-11-12
CVE-2025-10562,0.000340000,0.089460000,0.33117483811285847,2025-11-12,2025-11-12
CVE-2025-10492,0.002850000,0.516690000,0.9472710453283997,2025-11-12,2025-11-12
CVE-2025-10188,0.000160000,0.024840000,0.08256244218316373,2025-11-12,2025-11-12
CVE-2025-10166,0.000390000,0.114170000,0.49283071230342274,2025-11-12,2025-11-12
CVE-2025-10143,0.001080000,0.296690000,0.8799722479185939,2025-11-12,2025-11-12
CVE-2025-10125,0.000370000,0.104390000,0.4357076780758557,2025-11-12,2025-11-12
CVE-2025-10058,0.002870000,0.518460000,0.9475023126734505,2025-11-12,2025-11-12
CVE-2025-10057,0.003110000,0.538540000,0.9493524514338575,2025-11-12,2025-11-12
CVE-2025-10050,0.001820000,0.402000000,0.9213691026827012,2025-11-12,2025-11-12
CVE-2025-10042,0.001020000,0.286690000,0.8744218316373727,2025-11-12,2025-11-12
CVE-2023-53334,0.000250000,0.057720000,0.19703977798334876,2025-11-12,2025-11-12
CVE-2023-53333,0.000350000,0.095480000,0.35545790934320076,2025-11-12,2025-11-12
CVE-2023-53332,0.000240000,0.052270000,0.16466234967622573,2025-11-12,2025-11-12
CVE-2023-53331,0.000470000,0.144200000,0.6500925069380203,2025-11-12,2025-11-12
CVE-2023-53330,0.000350000,0.095480000,0.35545790934320076,2025-11-12,2025-11-12
CVE-2023-53329,0.000260000,0.061340000,0.22687326549491213,2025-11-12,2025-11-12
CVE-2023-53328,0.000310000,0.081600000,0.2883903792784459,2025-11-12,2025-11-12
CVE-2023-53327,0.000240000,0.052270000,0.16466234967622573,2025-11-12,2025-11-12
CVE-2023-53326,0.000260000,0.059280000,0.22687326549491213,2025-11-12,2025-11-12
CVE-2023-53325,0.000240000,0.052270000,0.16466234967622573,2025-11-12,2025-11-12
CVE-2023-53324,0.000350000,0.095480000,0.35545790934320076,2025-11-12,2025-11-12
CVE-2023-53323,0.000240000,0.052270000,0.16466234967622573,2025-11-12,2025-11-12
CVE-2023-53322,0.000350000,0.095480000,0.35545790934320076,2025-11-12,2025-11-12
CVE-2023-53321,0.000350000,0.095480000,0.35545790934320076,2025-11-12,2025-11-12
CVE-2023-53320,0.000240000,0.052270000,0.16466234967622573,2025-11-12,2025-11-12
CVE-2023-53319,0.000260000,0.061340000,0.22687326549491213,2025-11-12,2025-11-12
CVE-2023-53318,0.000350000,0.095480000,0.35545790934320076,2025-11-12,2025-11-12
CVE-2023-53317,0.000350000,0.095480000,0.35545790934320076,2025-11-12,2025-11-12
CVE-2023-53316,0.000350000,0.095480000,0.35545790934320076,2025-11-12,2025-11-12
CVE-2023-53315,0.000260000,0.059280000,0.22687326549491213,2025-11-12,2025-11-12
CVE-2023-53314,0.000350000,0.095480000,0.35545790934320076,2025-11-12,2025-11-12
CVE-2023-53313,0.000470000,0.144200000,0.6500925069380203,2025-11-12,2025-11-12
CVE-2023-53312,0.000240000,0.052270000,0.16466234967622573,2025-11-12,2025-11-12
CVE-2023-53311,0.000350000,0.095480000,0.35545790934320076,2025-11-12,2025-11-12
CVE-2023-53310,0.000240000,0.052270000,0.16466234967622573,2025-11-12,2025-11-12
CVE-2023-53309,0.000350000,0.095480000,0.35545790934320076,2025-11-12,2025-11-12
CVE-2023-53308,0.000350000,0.095480000,0.35545790934320076,2025-11-12,2025-11-12
CVE-2023-53307,0.000350000,0.095480000,0.35545790934320076,2025-11-12,2025-11-12
CVE-2023-53306,0.000260000,0.061340000,0.22687326549491213,2025-11-12,2025-11-12
CVE-2023-53305,0.000350000,0.095480000,0.35545790934320076,2025-11-12,2025-11-12
CVE-2025-9972,0.005190000,0.659270000,0.9710915818686402,2025-11-12,2025-11-12
CVE-2025-9862,0.000510000,0.159010000,0.7123034227567068,2025-11-12,2025-11-12
CVE-2025-9242,0.055000000,0.897800000,0.9928307123034228,2025-11-12,2025-11-12
CVE-2025-8999,0.000400000,0.118900000,0.5520351526364478,2025-11-12,2025-11-12
CVE-2025-8463,0.000360000,0.101340000,0.40148011100832565,2025-11-12,2025-11-12
CVE-2025-8411,0.000390000,0.115410000,0.49283071230342274,2025-11-12,2025-11-12
CVE-2025-8077,0.001080000,0.296980000,0.8799722479185939,2025-11-12,2025-11-12
CVE-2025-59476,0.000900000,0.261620000,0.8554579093432008,2025-11-12,2025-11-12
CVE-2025-59475,0.000270000,0.062520000,0.26688251618871417,2025-11-12,2025-11-12
CVE-2025-59474,0.003750000,0.584160000,0.9592969472710453,2025-11-12,2025-11-12
CVE-2025-59458,0.000020000,0.000400000,0.00023126734505087883,2025-11-12,2025-11-12
CVE-2025-59457,0.000020000,0.000560000,0.00023126734505087883,2025-11-12,2025-11-12
CVE-2025-59456,0.000020000,0.000600000,0.00023126734505087883,2025-11-12,2025-11-12
CVE-2025-59455,0.000020000,0.000220000,0.00023126734505087883,2025-11-12,2025-11-12
CVE-2025-57055,0.000500000,0.156090000,0.7009713228492137,2025-11-12,2025-11-12
CVE-2025-55904,0.000320000,0.082910000,0.2967160037002775,2025-11-12,2025-11-12
CVE-2025-54467,0.000400000,0.119430000,0.5520351526364478,2025-11-12,2025-11-12
CVE-2025-54390,0.000170000,0.028740000,0.09181313598519888,2025-11-12,2025-11-12
CVE-2025-53884,0.000170000,0.028500000,0.09181313598519888,2025-11-12,2025-11-12
CVE-2025-50709,0.000480000,0.147210000,0.6806197964847364,2025-11-12,2025-11-12
CVE-2025-40933,0.000440000,0.132340000,0.6066142460684552,2025-11-12,2025-11-12
CVE-2025-10602,0.000320000,0.085030000,0.2967160037002775,2025-11-12,2025-11-12
CVE-2025-10601,0.000370000,0.105640000,0.4357076780758557,2025-11-12,2025-11-12
CVE-2025-10600,0.000600000,0.187030000,0.7745143385753932,2025-11-12,2025-11-12
CVE-2025-10599,0.000430000,0.130290000,0.5952821461609621,2025-11-12,2025-11-12
CVE-2025-10598,0.000370000,0.105640000,0.4357076780758557,2025-11-12,2025-11-12
CVE-2025-10597,0.000370000,0.105640000,0.4357076780758557,2025-11-12,2025-11-12
CVE-2025-10596,0.000370000,0.105640000,0.4357076780758557,2025-11-12,2025-11-12
CVE-2025-10595,0.000320000,0.085030000,0.2967160037002775,2025-11-12,2025-11-12
CVE-2025-10594,0.000320000,0.085030000,0.2967160037002775,2025-11-12,2025-11-12
CVE-2025-10593,0.000320000,0.085030000,0.2967160037002775,2025-11-12,2025-11-12
CVE-2025-10592,0.000320000,0.085030000,0.2967160037002775,2025-11-12,2025-11-12
CVE-2025-10591,0.000310000,0.077870000,0.2883903792784459,2025-11-12,2025-11-12
CVE-2025-10590,0.000310000,0.080200000,0.2883903792784459,2025-11-12,2025-11-12
CVE-2025-10439,0.000440000,0.131350000,0.6066142460684552,2025-11-12,2025-11-12
CVE-2025-10205,0.000090000,0.006570000,0.030989824236817762,2025-11-12,2025-11-12
CVE-2025-10157,0.001970000,0.420220000,0.9292321924144311,2025-11-12,2025-11-12
CVE-2025-10156,0.002630000,0.495750000,0.9447271045328399,2025-11-12,2025-11-12
CVE-2025-10155,0.001610000,0.375050000,0.9121184088806661,2025-11-12,2025-11-12
CVE-2025-0879,0.000540000,0.169890000,0.734736355226642,2025-11-12,2025-11-12
CVE-2025-0546,0.000500000,0.154830000,0.7009713228492137,2025-11-12,2025-11-12
CVE-2025-0420,0.000540000,0.169890000,0.734736355226642,2025-11-12,2025-11-12
CVE-2025-0419,0.000540000,0.169890000,0.734736355226642,2025-11-12,2025-11-12
CVE-2024-48842,0.000220000,0.045980000,0.1540240518038853,2025-11-12,2025-11-12
CVE-2023-53368,0.000350000,0.095480000,0.35545790934320076,2025-11-12,2025-11-12
CVE-2023-53367,0.000260000,0.061340000,0.22687326549491213,2025-11-12,2025-11-12
CVE-2023-53366,0.000240000,0.052270000,0.16466234967622573,2025-11-12,2025-11-12
CVE-2023-53365,0.000350000,0.095480000,0.35545790934320076,2025-11-12,2025-11-12
CVE-2023-53364,0.000260000,0.061340000,0.22687326549491213,2025-11-12,2025-11-12
CVE-2023-53363,0.000260000,0.059280000,0.22687326549491213,2025-11-12,2025-11-12
CVE-2023-53362,0.000240000,0.052270000,0.16466234967622573,2025-11-12,2025-11-12
CVE-2023-53361,0.000250000,0.057720000,0.19703977798334876,2025-11-12,2025-11-12
CVE-2023-53360,0.000250000,0.057720000,0.19703977798334876,2025-11-12,2025-11-12
CVE-2023-53359,0.000250000,0.057720000,0.19703977798334876,2025-11-12,2025-11-12
CVE-2023-53358,0.000370000,0.106600000,0.4357076780758557,2025-11-12,2025-11-12
CVE-2023-53357,0.000350000,0.095480000,0.35545790934320076,2025-11-12,2025-11-12
CVE-2023-53356,0.000260000,0.059280000,0.22687326549491213,2025-11-12,2025-11-12
CVE-2023-53355,0.000240000,0.052270000,0.16466234967622573,2025-11-12,2025-11-12
CVE-2023-53354,0.000350000,0.095480000,0.35545790934320076,2025-11-12,2025-11-12
CVE-2023-53353,0.000260000,0.061340000,0.22687326549491213,2025-11-12,2025-11-12
CVE-2023-53352,0.000260000,0.059280000,0.22687326549491213,2025-11-12,2025-11-12
CVE-2023-53351,0.000260000,0.061340000,0.22687326549491213,2025-11-12,2025-11-12
CVE-2023-53350,0.000260000,0.061340000,0.22687326549491213,2025-11-12,2025-11-12
CVE-2023-53349,0.000260000,0.059280000,0.22687326549491213,2025-11-12,2025-11-12
CVE-2023-53348,0.000240000,0.052270000,0.16466234967622573,2025-11-12,2025-11-12
CVE-2023-53347,0.000300000,0.073780000,0.28237742830712304,2025-11-12,2025-11-12
CVE-2023-53346,0.000350000,0.095480000,0.35545790934320076,2025-11-12,2025-11-12
CVE-2023-53345,0.000240000,0.052270000,0.16466234967622573,2025-11-12,2025-11-12
CVE-2023-53344,0.000350000,0.095480000,0.35545790934320076,2025-11-12,2025-11-12
CVE-2023-53343,0.000350000,0.095480000,0.35545790934320076,2025-11-12,2025-11-12
CVE-2023-53342,0.000240000,0.052270000,0.16466234967622573,2025-11-12,2025-11-12
CVE-2023-53341,0.000240000,0.052270000,0.16466234967622573,2025-11-12,2025-11-12
CVE-2023-53340,0.000240000,0.052270000,0.16466234967622573,2025-11-12,2025-11-12
CVE-2023-53339,0.000350000,0.095480000,0.35545790934320076,2025-11-12,2025-11-12
CVE-2023-53338,0.000350000,0.095480000,0.35545790934320076,2025-11-12,2025-11-12
CVE-2023-53337,0.000470000,0.144200000,0.6500925069380203,2025-11-12,2025-11-12
CVE-2023-53336,0.000270000,0.064660000,0.26688251618871417,2025-11-12,2025-11-12
CVE-2023-53335,0.000250000,0.057720000,0.19703977798334876,2025-11-12,2025-11-12
CVE-2022-50374,0.000260000,0.059280000,0.22687326549491213,2025-11-12,2025-11-12
CVE-2022-50373,0.000250000,0.057720000,0.19703977798334876,2025-11-12,2025-11-12
CVE-2022-50372,0.000260000,0.061340000,0.22687326549491213,2025-11-12,2025-11-12
CVE-2022-50371,0.000240000,0.052270000,0.16466234967622573,2025-11-12,2025-11-12
CVE-2022-50370,0.000250000,0.057720000,0.19703977798334876,2025-11-12,2025-11-12
CVE-2022-50369,0.000260000,0.059280000,0.22687326549491213,2025-11-12,2025-11-12
CVE-2022-50368,0.000350000,0.095480000,0.35545790934320076,2025-11-12,2025-11-12
CVE-2022-50367,0.000470000,0.144200000,0.6500925069380203,2025-11-12,2025-11-12
CVE-2022-50366,0.000470000,0.144200000,0.6500925069380203,2025-11-12,2025-11-12
CVE-2022-50365,0.000470000,0.144200000,0.6500925069380203,2025-11-12,2025-11-12
CVE-2022-50364,0.000260000,0.059280000,0.22687326549491213,2025-11-12,2025-11-12
CVE-2022-50363,0.000260000,0.061340000,0.22687326549491213,2025-11-12,2025-11-12
CVE-2022-50362,0.000260000,0.059280000,0.22687326549491213,2025-11-12,2025-11-12
CVE-2022-50361,0.000240000,0.052270000,0.16466234967622573,2025-11-12,2025-11-12
CVE-2022-50360,0.000260000,0.061340000,0.22687326549491213,2025-11-12,2025-11-12
CVE-2022-50359,0.000470000,0.144200000,0.6500925069380203,2025-11-12,2025-11-12
CVE-2022-50358,0.000350000,0.095480000,0.35545790934320076,2025-11-12,2025-11-12
CVE-2022-50357,0.000240000,0.052270000,0.16466234967622573,2025-11-12,2025-11-12
CVE-2022-50356,0.000250000,0.057720000,0.19703977798334876,2025-11-12,2025-11-12
CVE-2022-50355,0.000350000,0.095480000,0.35545790934320076,2025-11-12,2025-11-12
CVE-2022-50354,0.000240000,0.052270000,0.16466234967622573,2025-11-12,2025-11-12
CVE-2022-50353,0.000350000,0.095480000,0.35545790934320076,2025-11-12,2025-11-12
CVE-2025-8942,0.000430000,0.127490000,0.5952821461609621,2025-11-12,2025-11-12
CVE-2025-8006,0.000380000,0.109010000,0.48080481036077705,2025-11-12,2025-11-12
CVE-2025-8005,0.000380000,0.109010000,0.48080481036077705,2025-11-12,2025-11-12
CVE-2025-8004,0.000380000,0.109010000,0.48080481036077705,2025-11-12,2025-11-12
CVE-2025-8003,0.000380000,0.109010000,0.48080481036077705,2025-11-12,2025-11-12
CVE-2025-8002,0.000380000,0.109010000,0.48080481036077705,2025-11-12,2025-11-12
CVE-2025-8001,0.000380000,0.109010000,0.48080481036077705,2025-11-12,2025-11-12
CVE-2025-8000,0.000380000,0.109010000,0.48080481036077705,2025-11-12,2025-11-12
CVE-2025-7999,0.000380000,0.109010000,0.48080481036077705,2025-11-12,2025-11-12
CVE-2025-7998,0.000480000,0.146580000,0.6806197964847364,2025-11-12,2025-11-12
CVE-2025-7997,0.000380000,0.109010000,0.48080481036077705,2025-11-12,2025-11-12
CVE-2025-7996,0.000480000,0.146580000,0.6806197964847364,2025-11-12,2025-11-12
CVE-2025-7995,0.000380000,0.109010000,0.48080481036077705,2025-11-12,2025-11-12
CVE-2025-7994,0.000380000,0.109010000,0.48080481036077705,2025-11-12,2025-11-12
CVE-2025-7993,0.000380000,0.109010000,0.48080481036077705,2025-11-12,2025-11-12
CVE-2025-7992,0.000550000,0.171180000,0.7439870490286772,2025-11-12,2025-11-12
CVE-2025-7991,0.000550000,0.171180000,0.7439870490286772,2025-11-12,2025-11-12
CVE-2025-7990,0.000690000,0.214010000,0.8149861239592969,2025-11-12,2025-11-12
CVE-2025-7989,0.000550000,0.171180000,0.7439870490286772,2025-11-12,2025-11-12
CVE-2025-7988,0.000690000,0.214010000,0.8149861239592969,2025-11-12,2025-11-12
CVE-2025-7987,0.000690000,0.214010000,0.8149861239592969,2025-11-12,2025-11-12
CVE-2025-7986,0.000690000,0.214010000,0.8149861239592969,2025-11-12,2025-11-12
CVE-2025-7985,0.000550000,0.171180000,0.7439870490286772,2025-11-12,2025-11-12
CVE-2025-7984,0.000550000,0.171180000,0.7439870490286772,2025-11-12,2025-11-12
CVE-2025-7983,0.000500000,0.154940000,0.7009713228492137,2025-11-12,2025-11-12
CVE-2025-7982,0.000550000,0.171180000,0.7439870490286772,2025-11-12,2025-11-12
CVE-2025-7981,0.000550000,0.171180000,0.7439870490286772,2025-11-12,2025-11-12
CVE-2025-7980,0.000690000,0.214010000,0.8149861239592969,2025-11-12,2025-11-12
CVE-2025-7979,0.000500000,0.154940000,0.7009713228492137,2025-11-12,2025-11-12
CVE-2025-7978,0.000550000,0.171180000,0.7439870490286772,2025-11-12,2025-11-12
CVE-2025-7977,0.000550000,0.171180000,0.7439870490286772,2025-11-12,2025-11-12
CVE-2025-59416,0.000500000,0.153300000,0.7009713228492137,2025-11-12,2025-11-12
CVE-2025-59415,0.000400000,0.117530000,0.5520351526364478,2025-11-12,2025-11-12
CVE-2025-59414,0.000330000,0.086990000,0.31961147086031455,2025-11-12,2025-11-12
CVE-2025-59410,0.000170000,0.031450000,0.09181313598519888,2025-11-12,2025-11-12
CVE-2025-59354,0.000170000,0.031450000,0.09181313598519888,2025-11-12,2025-11-12
CVE-2025-59353,0.000480000,0.148240000,0.6806197964847364,2025-11-12,2025-11-12
CVE-2025-59352,0.006130000,0.690150000,0.9752543940795559,2025-11-12,2025-11-12
CVE-2025-59351,0.000480000,0.147000000,0.6806197964847364,2025-11-12,2025-11-12
CVE-2025-59350,0.000640000,0.200720000,0.7941720629047179,2025-11-12,2025-11-12
CVE-2025-59349,0.000160000,0.024820000,0.08256244218316373,2025-11-12,2025-11-12
CVE-2025-59348,0.000570000,0.178250000,0.7553191489361702,2025-11-12,2025-11-12
CVE-2025-59347,0.000420000,0.125020000,0.580018501387604,2025-11-12,2025-11-12
CVE-2025-59346,0.000400000,0.119430000,0.5520351526364478,2025-11-12,2025-11-12
CVE-2025-59345,0.000840000,0.252280000,0.8459759481961147,2025-11-12,2025-11-12
CVE-2025-59342,0.000240000,0.053920000,0.16466234967622573,2025-11-12,2025-11-12
CVE-2025-59341,0.000900000,0.261890000,0.8554579093432008,2025-11-12,2025-11-12
CVE-2025-59340,0.004260000,0.615210000,0.9643848288621647,2025-11-12,2025-11-12
CVE-2025-59339,0.000100000,0.007520000,0.03538390379278446,2025-11-12,2025-11-12
CVE-2025-59304,0.071710000,0.911790000,0.9937557816836263,2025-11-12,2025-11-12
CVE-2025-58767,0.000190000,0.038580000,0.1276595744680851,2025-11-12,2025-11-12
CVE-2025-58766,0.000480000,0.147410000,0.6806197964847364,2025-11-12,2025-11-12
CVE-2025-58432,0.000160000,0.026260000,0.08256244218316373,2025-11-12,2025-11-12
CVE-2025-58431,0.000230000,0.048170000,0.16026827012025902,2025-11-12,2025-11-12
CVE-2025-56648,0.000210000,0.044060000,0.14662349676225717,2025-11-12,2025-11-12
CVE-2025-5305,0.000260000,0.058860000,0.22687326549491213,2025-11-12,2025-11-12
CVE-2025-37122,0.000470000,0.144270000,0.6500925069380203,2025-11-12,2025-11-12
CVE-2025-35436,0.000910000,0.263750000,0.8563829787234043,2025-11-12,2025-11-12
CVE-2025-35435,0.001220000,0.320090000,0.8938482886216467,2025-11-12,2025-11-12
CVE-2025-35434,0.000350000,0.096990000,0.35545790934320076,2025-11-12,2025-11-12
CVE-2025-35433,0.000540000,0.169950000,0.734736355226642,2025-11-12,2025-11-12
CVE-2025-35432,0.001450000,0.355470000,0.9033302497687327,2025-11-12,2025-11-12
CVE-2025-35431,0.000550000,0.172980000,0.7439870490286772,2025-11-12,2025-11-12
CVE-2025-35430,0.000470000,0.144720000,0.6500925069380203,2025-11-12,2025-11-12
CVE-2025-23337,0.000150000,0.023180000,0.06637372802960222,2025-11-12,2025-11-12
CVE-2025-23336,0.001010000,0.285810000,0.8725716928769658,2025-11-12,2025-11-12
CVE-2025-23329,0.000620000,0.193060000,0.7874653098982424,2025-11-12,2025-11-12
CVE-2025-23328,0.000600000,0.188360000,0.7745143385753932,2025-11-12,2025-11-12
CVE-2025-23316,0.003400000,0.560950000,0.954209065679926,2025-11-12,2025-11-12
CVE-2025-23268,0.002400000,0.469950000,0.9414893617021277,2025-11-12,2025-11-12
CVE-2025-10644,0.014890000,0.804370000,0.9856614246068455,2025-11-12,2025-11-12
CVE-2025-10643,0.003300000,0.553720000,0.952358926919519,2025-11-12,2025-11-12
CVE-2025-10642,0.000340000,0.090110000,0.33117483811285847,2025-11-12,2025-11-12
CVE-2025-10634,0.001000000,0.284700000,0.8716466234967623,2025-11-12,2025-11-12
CVE-2025-10632,0.000320000,0.082240000,0.2967160037002775,2025-11-12,2025-11-12
CVE-2025-10631,0.000320000,0.082240000,0.2967160037002775,2025-11-12,2025-11-12
CVE-2025-10629,0.001150000,0.308660000,0.885522664199815,2025-11-12,2025-11-12
CVE-2025-10628,0.001700000,0.387110000,0.9153561517113784,2025-11-12,2025-11-12
CVE-2025-10627,0.000320000,0.085030000,0.2967160037002775,2025-11-12,2025-11-12
CVE-2025-10626,0.000320000,0.085030000,0.2967160037002775,2025-11-12,2025-11-12
CVE-2025-10625,0.000320000,0.085030000,0.2967160037002775,2025-11-12,2025-11-12
CVE-2025-10624,0.000370000,0.105640000,0.4357076780758557,2025-11-12,2025-11-12
CVE-2025-10623,0.000370000,0.105640000,0.4357076780758557,2025-11-12,2025-11-12
CVE-2025-10621,0.000370000,0.105640000,0.4357076780758557,2025-11-12,2025-11-12
CVE-2025-10620,0.000320000,0.085030000,0.2967160037002775,2025-11-12,2025-11-12
CVE-2025-10619,0.015210000,0.806590000,0.9858926919518964,2025-11-12,2025-11-12
CVE-2025-10618,0.000320000,0.085030000,0.2967160037002775,2025-11-12,2025-11-12
CVE-2025-10617,0.000470000,0.141800000,0.6500925069380203,2025-11-12,2025-11-12
CVE-2025-10616,0.000490000,0.150380000,0.68686401480111,2025-11-12,2025-11-12
CVE-2025-10615,0.000490000,0.150380000,0.68686401480111,2025-11-12,2025-11-12
CVE-2025-10614,0.000410000,0.122870000,0.5675300647548566,2025-11-12,2025-11-12
CVE-2025-10613,0.000320000,0.085030000,0.2967160037002775,2025-11-12,2025-11-12
CVE-2025-10608,0.000420000,0.123230000,0.580018501387604,2025-11-12,2025-11-12
CVE-2025-10607,0.000330000,0.089020000,0.31961147086031455,2025-11-12,2025-11-12
CVE-2025-10606,0.000410000,0.122870000,0.5675300647548566,2025-11-12,2025-11-12
CVE-2025-10605,0.000410000,0.122870000,0.5675300647548566,2025-11-12,2025-11-12
CVE-2025-10604,0.000360000,0.098300000,0.40148011100832565,2025-11-12,2025-11-12
CVE-2025-10603,0.000360000,0.098300000,0.40148011100832565,2025-11-12,2025-11-12
CVE-2023-49565,0.002170000,0.442830000,0.9366327474560592,2025-11-12,2025-11-12
CVE-2023-49564,0.003490000,0.567590000,0.9558279370952821,2025-11-12,2025-11-12
CVE-2025-9992,0.000370000,0.105850000,0.4357076780758557,2025-11-12,2025-11-12
CVE-2025-9083,0.001150000,0.308210000,0.885522664199815,2025-11-12,2025-11-12
CVE-2025-8565,0.000560000,0.174900000,0.7506938020351527,2025-11-12,2025-11-12
CVE-2025-6237,0.001010000,0.285710000,0.8725716928769658,2025-11-12,2025-11-12
CVE-2025-4444,0.000670000,0.208260000,0.8050416281221091,2025-11-12,2025-11-12
CVE-2025-40678,0.000540000,0.168460000,0.734736355226642,2025-11-12,2025-11-12
CVE-2025-40677,0.000390000,0.111850000,0.49283071230342274,2025-11-12,2025-11-12
CVE-2025-30187,0.000060000,0.002560000,0.010407030527289547,2025-11-12,2025-11-12
CVE-2025-10673,0.000370000,0.105640000,0.4357076780758557,2025-11-12,2025-11-12
CVE-2025-10672,0.000250000,0.056430000,0.19703977798334876,2025-11-12,2025-11-12
CVE-2025-10671,0.000410000,0.122820000,0.5675300647548566,2025-11-12,2025-11-12
CVE-2025-10670,0.000370000,0.105640000,0.4357076780758557,2025-11-12,2025-11-12
CVE-2025-10669,0.000430000,0.130030000,0.5952821461609621,2025-11-12,2025-11-12
CVE-2025-10668,0.000370000,0.105640000,0.4357076780758557,2025-11-12,2025-11-12
CVE-2025-10667,0.000370000,0.105640000,0.4357076780758557,2025-11-12,2025-11-12
CVE-2025-10666,0.000790000,0.240060000,0.8399629972247918,2025-11-12,2025-11-12
CVE-2025-10665,0.000320000,0.085030000,0.2967160037002775,2025-11-12,2025-11-12
CVE-2025-10664,0.000370000,0.105640000,0.4357076780758557,2025-11-12,2025-11-12
CVE-2025-10663,0.000360000,0.098300000,0.40148011100832565,2025-11-12,2025-11-12
CVE-2025-10662,0.000340000,0.091100000,0.33117483811285847,2025-11-12,2025-11-12
CVE-2025-10493,0.000590000,0.186290000,0.7687326549491211,2025-11-12,2025-11-12
CVE-2025-10207,0.000740000,0.228650000,0.8288621646623496,2025-11-12,2025-11-12
CVE-2025-0547,0.000540000,0.169890000,0.734736355226642,2025-11-12,2025-11-12
CVE-2024-48851,0.002610000,0.493040000,0.9440333024976874,2025-11-12,2025-11-12
CVE-2024-25011,0.000460000,0.139550000,0.6385291396854764,2025-11-12,2025-11-12
CVE-2024-13151,0.000410000,0.123000000,0.5675300647548566,2025-11-12,2025-11-12
CVE-2023-53418,0.000250000,0.057720000,0.19703977798334876,2025-11-12,2025-11-12
CVE-2023-53417,0.000250000,0.057720000,0.19703977798334876,2025-11-12,2025-11-12
CVE-2023-53416,0.000250000,0.057720000,0.19703977798334876,2025-11-12,2025-11-12
CVE-2023-53415,0.000250000,0.057720000,0.19703977798334876,2025-11-12,2025-11-12
CVE-2023-53414,0.000250000,0.057720000,0.19703977798334876,2025-11-12,2025-11-12
CVE-2023-53413,0.000250000,0.057720000,0.19703977798334876,2025-11-12,2025-11-12
CVE-2023-53412,0.000250000,0.057720000,0.19703977798334876,2025-11-12,2025-11-12
CVE-2023-53411,0.000260000,0.059280000,0.22687326549491213,2025-11-12,2025-11-12
CVE-2023-53410,0.000240000,0.052270000,0.16466234967622573,2025-11-12,2025-11-12
CVE-2023-53409,0.000250000,0.057720000,0.19703977798334876,2025-11-12,2025-11-12
CVE-2023-53408,0.000250000,0.057720000,0.19703977798334876,2025-11-12,2025-11-12
CVE-2023-53407,0.000250000,0.057720000,0.19703977798334876,2025-11-12,2025-11-12
CVE-2023-53406,0.000250000,0.057720000,0.19703977798334876,2025-11-12,2025-11-12
CVE-2023-53405,0.000250000,0.057720000,0.19703977798334876,2025-11-12,2025-11-12
CVE-2023-53404,0.000250000,0.057720000,0.19703977798334876,2025-11-12,2025-11-12
CVE-2023-53403,0.000250000,0.057720000,0.19703977798334876,2025-11-12,2025-11-12
CVE-2023-53402,0.000250000,0.057720000,0.19703977798334876,2025-11-12,2025-11-12
CVE-2023-53401,0.000240000,0.052270000,0.16466234967622573,2025-11-12,2025-11-12
CVE-2023-53400,0.000350000,0.095480000,0.35545790934320076,2025-11-12,2025-11-12
CVE-2023-53399,0.000260000,0.059280000,0.22687326549491213,2025-11-12,2025-11-12
CVE-2023-53398,0.000240000,0.052270000,0.16466234967622573,2025-11-12,2025-11-12
CVE-2023-53397,0.000350000,0.095480000,0.35545790934320076,2025-11-12,2025-11-12
CVE-2023-53396,0.000260000,0.059280000,0.22687326549491213,2025-11-12,2025-11-12
CVE-2023-53395,0.000350000,0.095480000,0.35545790934320076,2025-11-12,2025-11-12
CVE-2023-53394,0.000260000,0.061340000,0.22687326549491213,2025-11-12,2025-11-12
CVE-2023-53393,0.000250000,0.057720000,0.19703977798334876,2025-11-12,2025-11-12
CVE-2023-53392,0.000240000,0.052270000,0.16466234967622573,2025-11-12,2025-11-12
CVE-2023-53391,0.000260000,0.059280000,0.22687326549491213,2025-11-12,2025-11-12
CVE-2023-53390,0.000250000,0.057720000,0.19703977798334876,2025-11-12,2025-11-12
CVE-2023-53389,0.000250000,0.057720000,0.19703977798334876,2025-11-12,2025-11-12
CVE-2023-53388,0.000350000,0.095480000,0.35545790934320076,2025-11-12,2025-11-12
CVE-2023-53387,0.000240000,0.052270000,0.16466234967622573,2025-11-12,2025-11-12
CVE-2023-53386,0.000350000,0.095480000,0.35545790934320076,2025-11-12,2025-11-12
CVE-2023-53385,0.000240000,0.052270000,0.16466234967622573,2025-11-12,2025-11-12
CVE-2023-53384,0.000470000,0.144200000,0.6500925069380203,2025-11-12,2025-11-12
CVE-2023-53383,0.000240000,0.052270000,0.16466234967622573,2025-11-12,2025-11-12
CVE-2023-53382,0.000240000,0.052270000,0.16466234967622573,2025-11-12,2025-11-12
CVE-2023-53381,0.000260000,0.059280000,0.22687326549491213,2025-11-12,2025-11-12
CVE-2023-53380,0.000350000,0.095480000,0.35545790934320076,2025-11-12,2025-11-12
CVE-2023-53379,0.000350000,0.095480000,0.35545790934320076,2025-11-12,2025-11-12
CVE-2023-53378,0.000240000,0.052270000,0.16466234967622573,2025-11-12,2025-11-12
CVE-2023-53377,0.000250000,0.057720000,0.19703977798334876,2025-11-12,2025-11-12
CVE-2023-53376,0.000240000,0.052270000,0.16466234967622573,2025-11-12,2025-11-12
CVE-2023-53375,0.000350000,0.095480000,0.35545790934320076,2025-11-12,2025-11-12
CVE-2023-53374,0.000240000,0.052270000,0.16466234967622573,2025-11-12,2025-11-12
CVE-2023-53373,0.000350000,0.095480000,0.35545790934320076,2025-11-12,2025-11-12
CVE-2023-53372,0.000350000,0.095480000,0.35545790934320076,2025-11-12,2025-11-12
CVE-2023-53371,0.000240000,0.052270000,0.16466234967622573,2025-11-12,2025-11-12
CVE-2023-53370,0.000240000,0.052270000,0.16466234967622573,2025-11-12,2025-11-12
CVE-2023-53369,0.000430000,0.129110000,0.5952821461609621,2025-11-12,2025-11-12
CVE-2022-50400,0.000260000,0.059280000,0.22687326549491213,2025-11-12,2025-11-12
CVE-2022-50399,0.000250000,0.057720000,0.19703977798334876,2025-11-12,2025-11-12
CVE-2022-50398,0.000260000,0.061340000,0.22687326549491213,2025-11-12,2025-11-12
CVE-2022-50396,0.000450000,0.135020000,0.616558741905643,2025-11-12,2025-11-12
CVE-2022-50395,0.000350000,0.095480000,0.35545790934320076,2025-11-12,2025-11-12
CVE-2022-50394,0.000470000,0.144200000,0.6500925069380203,2025-11-12,2025-11-12
CVE-2022-50393,0.000240000,0.052270000,0.16466234967622573,2025-11-12,2025-11-12
CVE-2022-50392,0.000250000,0.057720000,0.19703977798334876,2025-11-12,2025-11-12
CVE-2022-50391,0.000240000,0.052270000,0.16466234967622573,2025-11-12,2025-11-12
CVE-2022-50390,0.000240000,0.052270000,0.16466234967622573,2025-11-12,2025-11-12
CVE-2022-50389,0.000350000,0.095480000,0.35545790934320076,2025-11-12,2025-11-12
CVE-2022-50388,0.000260000,0.059280000,0.22687326549491213,2025-11-12,2025-11-12
CVE-2022-50387,0.000250000,0.057720000,0.19703977798334876,2025-11-12,2025-11-12
CVE-2022-50386,0.000470000,0.144200000,0.6500925069380203,2025-11-12,2025-11-12
CVE-2022-50385,0.000260000,0.059280000,0.22687326549491213,2025-11-12,2025-11-12
CVE-2022-50384,0.000470000,0.144200000,0.6500925069380203,2025-11-12,2025-11-12
CVE-2022-50383,0.000240000,0.052270000,0.16466234967622573,2025-11-12,2025-11-12
CVE-2022-50382,0.000260000,0.059280000,0.22687326549491213,2025-11-12,2025-11-12
CVE-2022-50381,0.000470000,0.144200000,0.6500925069380203,2025-11-12,2025-11-12
CVE-2022-50380,0.000350000,0.095480000,0.35545790934320076,2025-11-12,2025-11-12
CVE-2022-50379,0.000350000,0.095480000,0.35545790934320076,2025-11-12,2025-11-12
CVE-2022-50378,0.000250000,0.057720000,0.19703977798334876,2025-11-12,2025-11-12
CVE-2022-50376,0.000350000,0.095480000,0.35545790934320076,2025-11-12,2025-11-12
CVE-2022-50375,0.000350000,0.095480000,0.35545790934320076,2025-11-12,2025-11-12
CVE-2025-8487,0.000430000,0.129340000,0.5952821461609621,2025-11-12,2025-11-12
CVE-2025-7937,0.000240000,0.050560000,0.16466234967622573,2025-11-12,2025-11-12
CVE-2025-6198,0.000240000,0.050560000,0.16466234967622573,2025-11-12,2025-11-12
CVE-2025-59717,0.000570000,0.177240000,0.7553191489361702,2025-11-12,2025-11-12
CVE-2025-59715,0.000320000,0.083580000,0.2967160037002775,2025-11-12,2025-11-12
CVE-2025-59714,0.000390000,0.115050000,0.49283071230342274,2025-11-12,2025-11-12
CVE-2025-59713,0.000190000,0.037550000,0.1276595744680851,2025-11-12,2025-11-12
CVE-2025-59712,0.000110000,0.010240000,0.03954671600370028,2025-11-12,2025-11-12
CVE-2025-59692,0.000410000,0.122160000,0.5675300647548566,2025-11-12,2025-11-12
CVE-2025-59691,0.000390000,0.115180000,0.49283071230342274,2025-11-12,2025-11-12
CVE-2025-5955,0.002510000,0.483750000,0.9433395004625347,2025-11-12,2025-11-12
CVE-2025-59424,0.000390000,0.114990000,0.49283071230342274,2025-11-12,2025-11-12
CVE-2025-59421,0.000600000,0.189290000,0.7745143385753932,2025-11-12,2025-11-12
CVE-2025-59417,0.000940000,0.270420000,0.862627197039778,2025-11-12,2025-11-12
CVE-2025-59220,0.000470000,0.143130000,0.6500925069380203,2025-11-12,2025-11-12
CVE-2025-59216,0.000470000,0.143130000,0.6500925069380203,2025-11-12,2025-11-12
CVE-2025-59215,0.000520000,0.161760000,0.7197039777983348,2025-11-12,2025-11-12
CVE-2025-59040,0.000260000,0.059470000,0.22687326549491213,2025-11-12,2025-11-12
CVE-2025-57452,0.000340000,0.092530000,0.33117483811285847,2025-11-12,2025-11-12
CVE-2025-57295,0.000610000,0.192290000,0.7816836262719704,2025-11-12,2025-11-12
CVE-2025-57293,0.001090000,0.299240000,0.8813598519888992,2025-11-12,2025-11-12
CVE-2025-55912,0.065670000,0.907330000,0.9935245143385754,2025-11-12,2025-11-12
CVE-2025-55911,0.019480000,0.828870000,0.9879740980573543,2025-11-12,2025-11-12
CVE-2025-55068,0.001010000,0.285150000,0.8725716928769658,2025-11-12,2025-11-12
CVE-2025-54860,0.000180000,0.034590000,0.11632747456059205,2025-11-12,2025-11-12
CVE-2025-54818,0.000080000,0.005180000,0.02497687326549491,2025-11-12,2025-11-12
CVE-2025-54810,0.000190000,0.037110000,0.1276595744680851,2025-11-12,2025-11-12
CVE-2025-54807,0.001190000,0.314630000,0.8919981498612396,2025-11-12,2025-11-12
CVE-2025-54754,0.000240000,0.052590000,0.16466234967622573,2025-11-12,2025-11-12
CVE-2025-54497,0.000570000,0.179080000,0.7553191489361702,2025-11-12,2025-11-12
CVE-2025-53969,0.001220000,0.320140000,0.8938482886216467,2025-11-12,2025-11-12
CVE-2025-53947,0.000160000,0.026110000,0.08256244218316373,2025-11-12,2025-11-12
CVE-2025-52873,0.000570000,0.179080000,0.7553191489361702,2025-11-12,2025-11-12
CVE-2025-50255,0.000080000,0.004580000,0.02497687326549491,2025-11-12,2025-11-12
CVE-2025-47906,0.000250000,0.058070000,0.19703977798334876,2025-11-12,2025-11-12
CVE-2025-47698,0.000110000,0.010430000,0.03954671600370028,2025-11-12,2025-11-12
CVE-2025-36146,0.000330000,0.088720000,0.31961147086031455,2025-11-12,2025-11-12
CVE-2025-36143,0.000460000,0.139780000,0.6385291396854764,2025-11-12,2025-11-12
CVE-2025-36139,0.000290000,0.071980000,0.2784458834412581,2025-11-12,2025-11-12
CVE-2025-30755,0.000380000,0.109910000,0.48080481036077705,2025-11-12,2025-11-12
CVE-2025-30519,0.000590000,0.186050000,0.7687326549491211,2025-11-12,2025-11-12
CVE-2025-26503,0.000200000,0.041210000,0.1364477335800185,2025-11-12,2025-11-12
CVE-2025-10690,0.002250000,0.451320000,0.9387141535615171,2025-11-12,2025-11-12
CVE-2025-10689,0.001260000,0.325790000,0.896854764107308,2025-11-12,2025-11-12
CVE-2025-10688,0.000370000,0.105640000,0.4357076780758557,2025-11-12,2025-11-12
CVE-2025-10687,0.000370000,0.105640000,0.4357076780758557,2025-11-12,2025-11-12
CVE-2025-10676,0.000300000,0.075220000,0.28237742830712304,2025-11-12,2025-11-12
CVE-2025-10675,0.000300000,0.075220000,0.28237742830712304,2025-11-12,2025-11-12
CVE-2025-10674,0.000300000,0.075220000,0.28237742830712304,2025-11-12,2025-11-12
CVE-2025-10650,0.000500000,0.153300000,0.7009713228492137,2025-11-12,2025-11-12
CVE-2025-10146,0.001160000,0.310720000,0.8889916743755781,2025-11-12,2025-11-12
CVE-2025-10035,0.469120000,0.975280000,0.9983811285846439,2025-11-12,2025-11-12
CVE-2023-53447,0.000260000,0.061340000,0.22687326549491213,2025-11-12,2025-11-12
CVE-2023-53446,0.000470000,0.142010000,0.6500925069380203,2025-11-12,2025-11-12
CVE-2023-53445,0.000260000,0.059280000,0.22687326549491213,2025-11-12,2025-11-12
CVE-2023-53444,0.000240000,0.052270000,0.16466234967622573,2025-11-12,2025-11-12
CVE-2023-53443,0.000350000,0.095480000,0.35545790934320076,2025-11-12,2025-11-12
CVE-2023-53442,0.000240000,0.052270000,0.16466234967622573,2025-11-12,2025-11-12
CVE-2023-53441,0.000250000,0.057720000,0.19703977798334876,2025-11-12,2025-11-12
CVE-2023-53440,0.000350000,0.095480000,0.35545790934320076,2025-11-12,2025-11-12
CVE-2023-53439,0.000240000,0.052270000,0.16466234967622573,2025-11-12,2025-11-12
CVE-2023-53438,0.000250000,0.057720000,0.19703977798334876,2025-11-12,2025-11-12
CVE-2023-53437,0.000350000,0.095480000,0.35545790934320076,2025-11-12,2025-11-12
CVE-2023-53436,0.000350000,0.095480000,0.35545790934320076,2025-11-12,2025-11-12
CVE-2023-53435,0.000350000,0.095480000,0.35545790934320076,2025-11-12,2025-11-12
CVE-2023-53434,0.000240000,0.052270000,0.16466234967622573,2025-11-12,2025-11-12
CVE-2023-53433,0.000350000,0.095480000,0.35545790934320076,2025-11-12,2025-11-12
CVE-2023-53432,0.000250000,0.057720000,0.19703977798334876,2025-11-12,2025-11-12
CVE-2023-53431,0.000350000,0.095480000,0.35545790934320076,2025-11-12,2025-11-12
CVE-2023-53430,0.000260000,0.061340000,0.22687326549491213,2025-11-12,2025-11-12
CVE-2023-53429,0.000260000,0.061340000,0.22687326549491213,2025-11-12,2025-11-12
CVE-2023-53428,0.000270000,0.064660000,0.26688251618871417,2025-11-12,2025-11-12
CVE-2023-53427,0.000350000,0.095480000,0.35545790934320076,2025-11-12,2025-11-12
CVE-2023-53426,0.000250000,0.057720000,0.19703977798334876,2025-11-12,2025-11-12
CVE-2023-53425,0.000350000,0.095480000,0.35545790934320076,2025-11-12,2025-11-12
CVE-2023-53424,0.000240000,0.052270000,0.16466234967622573,2025-11-12,2025-11-12
CVE-2023-53423,0.000260000,0.059280000,0.22687326549491213,2025-11-12,2025-11-12
CVE-2023-53422,0.000350000,0.095480000,0.35545790934320076,2025-11-12,2025-11-12
CVE-2023-53421,0.000240000,0.052270000,0.16466234967622573,2025-11-12,2025-11-12
CVE-2023-53420,0.000250000,0.057720000,0.19703977798334876,2025-11-12,2025-11-12
CVE-2023-53419,0.000260000,0.059280000,0.22687326549491213,2025-11-12,2025-11-12
CVE-2023-49367,0.000460000,0.140000000,0.6385291396854764,2025-11-12,2025-11-12
CVE-2022-50419,0.000470000,0.144200000,0.6500925069380203,2025-11-12,2025-11-12
CVE-2022-50418,0.000240000,0.052270000,0.16466234967622573,2025-11-12,2025-11-12
CVE-2022-50417,0.000260000,0.059280000,0.22687326549491213,2025-11-12,2025-11-12
CVE-2022-50416,0.000250000,0.057720000,0.19703977798334876,2025-11-12,2025-11-12
CVE-2022-50415,0.000470000,0.144200000,0.6500925069380203,2025-11-12,2025-11-12
CVE-2022-50414,0.000470000,0.144200000,0.6500925069380203,2025-11-12,2025-11-12
CVE-2022-50413,0.000260000,0.061340000,0.22687326549491213,2025-11-12,2025-11-12
CVE-2022-50412,0.000260000,0.060330000,0.22687326549491213,2025-11-12,2025-11-12
CVE-2022-50411,0.000470000,0.144200000,0.6500925069380203,2025-11-12,2025-11-12
CVE-2022-50410,0.000260000,0.059280000,0.22687326549491213,2025-11-12,2025-11-12
CVE-2022-50409,0.000350000,0.095480000,0.35545790934320076,2025-11-12,2025-11-12
CVE-2022-50408,0.000350000,0.095480000,0.35545790934320076,2025-11-12,2025-11-12
CVE-2022-50407,0.000240000,0.052270000,0.16466234967622573,2025-11-12,2025-11-12
CVE-2022-50406,0.000240000,0.052270000,0.16466234967622573,2025-11-12,2025-11-12
CVE-2022-50405,0.000470000,0.144200000,0.6500925069380203,2025-11-12,2025-11-12
CVE-2022-50404,0.000250000,0.057720000,0.19703977798334876,2025-11-12,2025-11-12
CVE-2022-50402,0.000350000,0.095480000,0.35545790934320076,2025-11-12,2025-11-12
CVE-2022-50401,0.000470000,0.144200000,0.6500925069380203,2025-11-12,2025-11-12
CVE-2025-9969,0.000380000,0.111380000,0.48080481036077705,2025-11-12,2025-11-12
CVE-2025-9906,0.000270000,0.065270000,0.26688251618871417,2025-11-12,2025-11-12
CVE-2025-9905,0.000060000,0.002550000,0.010407030527289547,2025-11-12,2025-11-12
CVE-2025-8664,0.000390000,0.115410000,0.49283071230342274,2025-11-12,2025-11-12
CVE-2025-8532,0.000140000,0.017570000,0.05226641998149861,2025-11-12,2025-11-12
CVE-2025-8531,0.002380000,0.468650000,0.9412580943570767,2025-11-12,2025-11-12
CVE-2025-7702,0.000330000,0.088540000,0.31961147086031455,2025-11-12,2025-11-12
CVE-2025-7665,0.001040000,0.291250000,0.8767345050878816,2025-11-12,2025-11-12
CVE-2025-7403,0.000190000,0.038070000,0.1276595744680851,2025-11-12,2025-11-12
CVE-2025-5948,0.001400000,0.347940000,0.9012488436632747,2025-11-12,2025-11-12
CVE-2025-59427,0.000610000,0.190140000,0.7816836262719704,2025-11-12,2025-11-12
CVE-2025-59344,0.000360000,0.099420000,0.40148011100832565,2025-11-12,2025-11-12
CVE-2025-58114,0.000490000,0.149730000,0.68686401480111,2025-11-12,2025-11-12
CVE-2025-57880,0.000350000,0.095890000,0.35545790934320076,2025-11-12,2025-11-12
CVE-2025-57644,0.007680000,0.726930000,0.9784921369102683,2025-11-12,2025-11-12
CVE-2025-57528,0.000710000,0.220420000,0.8198427382053654,2025-11-12,2025-11-12
CVE-2025-57296,0.035550000,0.872090000,0.9907493061979649,2025-11-12,2025-11-12
CVE-2025-56869,0.001520000,0.364090000,0.9088806660499538,2025-11-12,2025-11-12
CVE-2025-55910,0.000570000,0.177860000,0.7553191489361702,2025-11-12,2025-11-12
CVE-2025-52159,0.000500000,0.155550000,0.7009713228492137,2025-11-12,2025-11-12
CVE-2025-48703,0.554440000,0.979510000,0.9990749306197965,2025-11-12,2025-11-12
CVE-2025-48007,0.000380000,0.111350000,0.48080481036077705,2025-11-12,2025-11-12
CVE-2025-46703,0.000380000,0.111350000,0.48080481036077705,2025-11-12,2025-11-12
CVE-2025-43809,0.000220000,0.045700000,0.1540240518038853,2025-11-12,2025-11-12
CVE-2025-43803,0.001890000,0.410020000,0.9243755781683626,2025-11-12,2025-11-12
CVE-2025-39866,0.000350000,0.095480000,0.35545790934320076,2025-11-12,2025-11-12
CVE-2025-39865,0.000470000,0.144200000,0.6500925069380203,2025-11-12,2025-11-12
CVE-2025-39864,0.000470000,0.144200000,0.6500925069380203,2025-11-12,2025-11-12
CVE-2025-39863,0.000260000,0.058740000,0.22687326549491213,2025-11-12,2025-11-12
CVE-2025-39862,0.000260000,0.061340000,0.22687326549491213,2025-11-12,2025-11-12
CVE-2025-39861,0.000250000,0.057720000,0.19703977798334876,2025-11-12,2025-11-12
CVE-2025-39860,0.000470000,0.144200000,0.6500925069380203,2025-11-12,2025-11-12
CVE-2025-39859,0.000260000,0.061340000,0.22687326549491213,2025-11-12,2025-11-12
CVE-2025-39858,0.000260000,0.061340000,0.22687326549491213,2025-11-12,2025-11-12
CVE-2025-39857,0.000350000,0.095480000,0.35545790934320076,2025-11-12,2025-11-12
CVE-2025-39856,0.000260000,0.061340000,0.22687326549491213,2025-11-12,2025-11-12
CVE-2025-39855,0.000260000,0.061340000,0.22687326549491213,2025-11-12,2025-11-12
CVE-2025-39854,0.000240000,0.052270000,0.16466234967622573,2025-11-12,2025-11-12
CVE-2025-39853,0.000470000,0.144200000,0.6500925069380203,2025-11-12,2025-11-12
CVE-2025-39852,0.000240000,0.052270000,0.16466234967622573,2025-11-12,2025-11-12
CVE-2025-39851,0.000240000,0.052270000,0.16466234967622573,2025-11-12,2025-11-12
CVE-2025-39850,0.000240000,0.052270000,0.16466234967622573,2025-11-12,2025-11-12
CVE-2025-39849,0.000350000,0.095480000,0.35545790934320076,2025-11-12,2025-11-12
CVE-2025-39848,0.000470000,0.144200000,0.6500925069380203,2025-11-12,2025-11-12
CVE-2025-39847,0.000470000,0.144200000,0.6500925069380203,2025-11-12,2025-11-12
CVE-2025-39846,0.000470000,0.144200000,0.6500925069380203,2025-11-12,2025-11-12
CVE-2025-39845,0.000350000,0.095480000,0.35545790934320076,2025-11-12,2025-11-12
CVE-2025-39844,0.000350000,0.095480000,0.35545790934320076,2025-11-12,2025-11-12
CVE-2025-39843,0.000350000,0.095480000,0.35545790934320076,2025-11-12,2025-11-12
CVE-2025-39842,0.000340000,0.090400000,0.33117483811285847,2025-11-12,2025-11-12
CVE-2025-39841,0.000470000,0.144200000,0.6500925069380203,2025-11-12,2025-11-12
CVE-2025-39840,0.000260000,0.061340000,0.22687326549491213,2025-11-12,2025-11-12
CVE-2025-39839,0.000470000,0.144200000,0.6500925069380203,2025-11-12,2025-11-12
CVE-2025-39838,0.000350000,0.095480000,0.35545790934320076,2025-11-12,2025-11-12
CVE-2025-39837,0.000260000,0.061340000,0.22687326549491213,2025-11-12,2025-11-12
CVE-2025-36248,0.000840000,0.251770000,0.8459759481961147,2025-11-12,2025-11-12
CVE-2025-34206,0.000350000,0.093450000,0.35545790934320076,2025-11-12,2025-11-12
CVE-2025-34205,0.038290000,0.876430000,0.9914431082331174,2025-11-12,2025-11-12
CVE-2025-34204,0.000570000,0.178430000,0.7553191489361702,2025-11-12,2025-11-12
CVE-2025-34203,0.000850000,0.253050000,0.8485198889916744,2025-11-12,2025-11-12
CVE-2025-34202,0.006930000,0.710720000,0.9773358001850139,2025-11-12,2025-11-12
CVE-2025-34201,0.000150000,0.023520000,0.06637372802960222,2025-11-12,2025-11-12
CVE-2025-34200,0.000060000,0.002860000,0.010407030527289547,2025-11-12,2025-11-12
CVE-2025-34199,0.000350000,0.097200000,0.35545790934320076,2025-11-12,2025-11-12
CVE-2025-34198,0.000700000,0.216940000,0.8175300647548566,2025-11-12,2025-11-12
CVE-2025-34197,0.000150000,0.021160000,0.06637372802960222,2025-11-12,2025-11-12
CVE-2025-34195,0.004140000,0.608680000,0.9632284921369103,2025-11-12,2025-11-12
CVE-2025-34194,0.000250000,0.056300000,0.19703977798334876,2025-11-12,2025-11-12
CVE-2025-34193,0.001060000,0.293730000,0.877890841813136,2025-11-12,2025-11-12
CVE-2025-34192,0.001510000,0.362870000,0.9077243293246994,2025-11-12,2025-11-12
CVE-2025-34191,0.000210000,0.042800000,0.14662349676225717,2025-11-12,2025-11-12
CVE-2025-34190,0.000530000,0.164230000,0.7261794634597595,2025-11-12,2025-11-12
CVE-2025-34189,0.000150000,0.019770000,0.06637372802960222,2025-11-12,2025-11-12
CVE-2025-34188,0.000490000,0.149910000,0.68686401480111,2025-11-12,2025-11-12
CVE-2025-26517,0.000340000,0.092000000,0.33117483811285847,2025-11-12,2025-11-12
CVE-2025-26516,0.000720000,0.222460000,0.8214616096207216,2025-11-12,2025-11-12
CVE-2025-26515,0.000420000,0.125600000,0.580018501387604,2025-11-12,2025-11-12
CVE-2025-26514,0.000410000,0.120730000,0.5675300647548566,2025-11-12,2025-11-12
CVE-2025-10722,0.000150000,0.022420000,0.06637372802960222,2025-11-12,2025-11-12
CVE-2025-10721,0.000150000,0.022420000,0.06637372802960222,2025-11-12,2025-11-12
CVE-2025-10719,0.000440000,0.132140000,0.6066142460684552,2025-11-12,2025-11-12
CVE-2025-10718,0.000150000,0.021030000,0.06637372802960222,2025-11-12,2025-11-12
CVE-2025-10717,0.000150000,0.022420000,0.06637372802960222,2025-11-12,2025-11-12
CVE-2025-10716,0.000150000,0.021030000,0.06637372802960222,2025-11-12,2025-11-12
CVE-2025-10715,0.000150000,0.022420000,0.06637372802960222,2025-11-12,2025-11-12
CVE-2025-10712,0.000400000,0.118460000,0.5520351526364478,2025-11-12,2025-11-12
CVE-2025-10711,0.000360000,0.100590000,0.40148011100832565,2025-11-12,2025-11-12
CVE-2025-10710,0.000360000,0.100590000,0.40148011100832565,2025-11-12,2025-11-12
CVE-2025-10709,0.003240000,0.548890000,0.9514338575393154,2025-11-12,2025-11-12
CVE-2025-10708,0.003240000,0.548890000,0.9514338575393154,2025-11-12,2025-11-12
CVE-2025-10707,0.000420000,0.123230000,0.580018501387604,2025-11-12,2025-11-12
CVE-2025-10647,0.002610000,0.493510000,0.9440333024976874,2025-11-12,2025-11-12
CVE-2025-10630,0.000740000,0.227070000,0.8288621646623496,2025-11-12,2025-11-12
CVE-2025-10568,0.000300000,0.074190000,0.28237742830712304,2025-11-12,2025-11-12
CVE-2025-10468,0.000620000,0.194340000,0.7874653098982424,2025-11-12,2025-11-12
CVE-2025-10458,0.000350000,0.097020000,0.35545790934320076,2025-11-12,2025-11-12
CVE-2025-10457,0.000460000,0.139660000,0.6385291396854764,2025-11-12,2025-11-12
CVE-2025-10456,0.000280000,0.068670000,0.27520814061054577,2025-11-12,2025-11-12
CVE-2024-13990,0.001650000,0.381330000,0.9125809435707678,2025-11-12,2025-11-12
CVE-2022-4980,0.006680000,0.704960000,0.9768732654949122,2025-11-12,2025-11-12
CVE-2025-9983,0.000220000,0.046620000,0.1540240518038853,2025-11-12,2025-11-12
CVE-2025-9949,0.000140000,0.016610000,0.05226641998149861,2025-11-12,2025-11-12
CVE-2025-9887,0.000150000,0.022610000,0.06637372802960222,2025-11-12,2025-11-12
CVE-2025-9883,0.000140000,0.016540000,0.05226641998149861,2025-11-12,2025-11-12
CVE-2025-9882,0.000140000,0.016540000,0.05226641998149861,2025-11-12,2025-11-12
CVE-2025-9541,0.000540000,0.169890000,0.734736355226642,2025-11-12,2025-11-12
CVE-2025-9540,0.000540000,0.169890000,0.734736355226642,2025-11-12,2025-11-12
CVE-2025-9487,0.000540000,0.169890000,0.734736355226642,2025-11-12,2025-11-12
CVE-2025-9115,0.000590000,0.185830000,0.7687326549491211,2025-11-12,2025-11-12
CVE-2025-9081,0.000130000,0.016140000,0.046022201665124884,2025-11-12,2025-11-12
CVE-2025-9079,0.000450000,0.137620000,0.616558741905643,2025-11-12,2025-11-12
CVE-2025-9038,0.000200000,0.040550000,0.1364477335800185,2025-11-12,2025-11-12
CVE-2025-9035,0.000390000,0.115410000,0.49283071230342274,2025-11-12,2025-11-12
CVE-2025-8079,0.000340000,0.090370000,0.33117483811285847,2025-11-12,2025-11-12
CVE-2025-6544,0.001960000,0.418580000,0.9290009250693803,2025-11-12,2025-11-12
CVE-2025-59801,0.000180000,0.032520000,0.11632747456059205,2025-11-12,2025-11-12
CVE-2025-59800,0.000150000,0.019640000,0.06637372802960222,2025-11-12,2025-11-12
CVE-2025-59799,0.000130000,0.015270000,0.046022201665124884,2025-11-12,2025-11-12
CVE-2025-59798,0.000130000,0.015270000,0.046022201665124884,2025-11-12,2025-11-12
CVE-2025-59797,0.000400000,0.119430000,0.5520351526364478,2025-11-12,2025-11-12
CVE-2025-59689,0.101010000,0.927760000,0.9956059204440333,2025-11-12,2025-11-12
CVE-2025-5962,0.000200000,0.041430000,0.1364477335800185,2025-11-12,2025-11-12
CVE-2025-59431,0.000450000,0.134400000,0.616558741905643,2025-11-12,2025-11-12
CVE-2025-57396,0.000490000,0.150910000,0.68686401480111,2025-11-12,2025-11-12
CVE-2025-56762,0.000140000,0.018470000,0.05226641998149861,2025-11-12,2025-11-12
CVE-2025-56075,0.000400000,0.118660000,0.5520351526364478,2025-11-12,2025-11-12
CVE-2025-56074,0.001440000,0.353810000,0.9030989824236818,2025-11-12,2025-11-12
CVE-2025-54815,0.000980000,0.276900000,0.8677150786308974,2025-11-12,2025-11-12
CVE-2025-54761,0.000420000,0.124640000,0.580018501387604,2025-11-12,2025-11-12
CVE-2025-53692,0.000360000,0.101470000,0.40148011100832565,2025-11-12,2025-11-12
CVE-2025-51006,0.000420000,0.126240000,0.580018501387604,2025-11-12,2025-11-12
CVE-2025-46711,0.000170000,0.028440000,0.09181313598519888,2025-11-12,2025-11-12
CVE-2025-43808,0.000640000,0.199200000,0.7941720629047179,2025-11-12,2025-11-12
CVE-2025-40925,0.000420000,0.124090000,0.580018501387604,2025-11-12,2025-11-12
CVE-2025-36202,0.000520000,0.162030000,0.7197039777983348,2025-11-12,2025-11-12
CVE-2025-36037,0.000310000,0.078200000,0.2883903792784459,2025-11-12,2025-11-12
CVE-2025-35042,0.001570000,0.371060000,0.9104995374653099,2025-11-12,2025-11-12
CVE-2025-35041,0.001330000,0.336780000,0.898936170212766,2025-11-12,2025-11-12
CVE-2025-25177,0.000170000,0.029600000,0.09181313598519888,2025-11-12,2025-11-12
CVE-2025-10854,0.000910000,0.264140000,0.8563829787234043,2025-11-12,2025-11-12
CVE-2025-10805,0.000320000,0.085030000,0.2967160037002775,2025-11-12,2025-11-12
CVE-2025-10804,0.000320000,0.085030000,0.2967160037002775,2025-11-12,2025-11-12
CVE-2025-10803,0.000920000,0.265780000,0.8582331174838113,2025-11-12,2025-11-12
CVE-2025-10802,0.000370000,0.105640000,0.4357076780758557,2025-11-12,2025-11-12
CVE-2025-10801,0.000530000,0.165200000,0.7261794634597595,2025-11-12,2025-11-12
CVE-2025-10800,0.000480000,0.149250000,0.6806197964847364,2025-11-12,2025-11-12
CVE-2025-10799,0.000460000,0.140090000,0.6385291396854764,2025-11-12,2025-11-12
CVE-2025-10798,0.000370000,0.105640000,0.4357076780758557,2025-11-12,2025-11-12
CVE-2025-10797,0.000370000,0.105640000,0.4357076780758557,2025-11-12,2025-11-12
CVE-2025-10796,0.000370000,0.105640000,0.4357076780758557,2025-11-12,2025-11-12
CVE-2025-10795,0.000370000,0.105640000,0.4357076780758557,2025-11-12,2025-11-12
CVE-2025-10794,0.000410000,0.122870000,0.5675300647548566,2025-11-12,2025-11-12
CVE-2025-10793,0.000430000,0.130290000,0.5952821461609621,2025-11-12,2025-11-12
CVE-2025-10792,0.005950000,0.684390000,0.9740980573543015,2025-11-12,2025-11-12
CVE-2025-10791,0.000370000,0.105640000,0.4357076780758557,2025-11-12,2025-11-12
CVE-2025-10790,0.000320000,0.085030000,0.2967160037002775,2025-11-12,2025-11-12
CVE-2025-10789,0.000370000,0.105640000,0.4357076780758557,2025-11-12,2025-11-12
CVE-2025-10788,0.000370000,0.105640000,0.4357076780758557,2025-11-12,2025-11-12
CVE-2025-10787,0.000430000,0.130030000,0.5952821461609621,2025-11-12,2025-11-12
CVE-2025-10786,0.000460000,0.140090000,0.6385291396854764,2025-11-12,2025-11-12
CVE-2025-10785,0.000480000,0.149250000,0.6806197964847364,2025-11-12,2025-11-12
CVE-2025-10784,0.000370000,0.105640000,0.4357076780758557,2025-11-12,2025-11-12
CVE-2025-10783,0.000370000,0.105640000,0.4357076780758557,2025-11-12,2025-11-12
CVE-2025-10782,0.000370000,0.105640000,0.4357076780758557,2025-11-12,2025-11-12
CVE-2025-10781,0.000370000,0.105640000,0.4357076780758557,2025-11-12,2025-11-12
CVE-2025-10780,0.000320000,0.085030000,0.2967160037002775,2025-11-12,2025-11-12
CVE-2025-10779,0.001060000,0.293020000,0.877890841813136,2025-11-12,2025-11-12
CVE-2025-10778,0.000300000,0.075010000,0.28237742830712304,2025-11-12,2025-11-12
CVE-2025-10777,0.000660000,0.205980000,0.8015726179463459,2025-11-12,2025-11-12
CVE-2025-10776,0.000180000,0.034610000,0.11632747456059205,2025-11-12,2025-11-12
CVE-2025-10775,0.002330000,0.460400000,0.9401017576318224,2025-11-12,2025-11-12
CVE-2025-10774,0.003160000,0.541570000,0.9498149861239593,2025-11-12,2025-11-12
CVE-2025-10773,0.001080000,0.296710000,0.8799722479185939,2025-11-12,2025-11-12
CVE-2025-10772,0.000370000,0.103510000,0.4357076780758557,2025-11-12,2025-11-12
CVE-2025-10771,0.000420000,0.124930000,0.580018501387604,2025-11-12,2025-11-12
CVE-2025-10770,0.000470000,0.144240000,0.6500925069380203,2025-11-12,2025-11-12
CVE-2025-10769,0.000570000,0.177510000,0.7553191489361702,2025-11-12,2025-11-12
CVE-2025-10768,0.000430000,0.129730000,0.5952821461609621,2025-11-12,2025-11-12
CVE-2025-10767,0.005490000,0.670420000,0.9724791859389454,2025-11-12,2025-11-12
CVE-2025-10766,0.000840000,0.251890000,0.8459759481961147,2025-11-12,2025-11-12
CVE-2025-10765,0.000520000,0.161450000,0.7197039777983348,2025-11-12,2025-11-12
CVE-2025-10764,0.000430000,0.127370000,0.5952821461609621,2025-11-12,2025-11-12
CVE-2025-10763,0.000430000,0.130030000,0.5952821461609621,2025-11-12,2025-11-12
CVE-2025-10762,0.000360000,0.101030000,0.40148011100832565,2025-11-12,2025-11-12
CVE-2025-10761,0.000870000,0.256440000,0.8519888991674376,2025-11-12,2025-11-12
CVE-2025-10760,0.000460000,0.141430000,0.6385291396854764,2025-11-12,2025-11-12
CVE-2025-10759,0.000670000,0.209300000,0.8050416281221091,2025-11-12,2025-11-12
CVE-2025-10758,0.000370000,0.106740000,0.4357076780758557,2025-11-12,2025-11-12
CVE-2025-10757,0.000560000,0.174340000,0.7506938020351527,2025-11-12,2025-11-12
CVE-2025-10756,0.000560000,0.174340000,0.7506938020351527,2025-11-12,2025-11-12
CVE-2025-10755,0.000430000,0.130030000,0.5952821461609621,2025-11-12,2025-11-12
CVE-2025-10741,0.000460000,0.141430000,0.6385291396854764,2025-11-12,2025-11-12
CVE-2025-10658,0.004290000,0.617650000,0.9646160962072156,2025-11-12,2025-11-12
CVE-2025-10652,0.000310000,0.081440000,0.2883903792784459,2025-11-12,2025-11-12
CVE-2025-10489,0.000340000,0.091020000,0.33117483811285847,2025-11-12,2025-11-12
CVE-2025-10305,0.000480000,0.146690000,0.6806197964847364,2025-11-12,2025-11-12
CVE-2025-10181,0.000420000,0.124290000,0.580018501387604,2025-11-12,2025-11-12
CVE-2025-10009,0.000910000,0.265380000,0.8563829787234043,2025-11-12,2025-11-12
CVE-2025-10002,0.000340000,0.092020000,0.33117483811285847,2025-11-12,2025-11-12
CVE-2025-0875,0.000300000,0.076860000,0.28237742830712304,2025-11-12,2025-11-12
CVE-2025-59420,0.000390000,0.114920000,0.49283071230342274,2025-11-12,2025-11-12
CVE-2025-59418,0.000150000,0.023120000,0.06637372802960222,2025-11-12,2025-11-12
CVE-2025-59413,0.000660000,0.205960000,0.8015726179463459,2025-11-12,2025-11-12
CVE-2025-59412,0.000350000,0.093980000,0.35545790934320076,2025-11-12,2025-11-12
CVE-2025-59411,0.000370000,0.107200000,0.4357076780758557,2025-11-12,2025-11-12
CVE-2025-59335,0.000130000,0.015800000,0.046022201665124884,2025-11-12,2025-11-12
CVE-2025-57943,0.000330000,0.088250000,0.31961147086031455,2025-11-12,2025-11-12
CVE-2025-57942,0.000170000,0.030380000,0.09181313598519888,2025-11-12,2025-11-12
CVE-2025-57941,0.000360000,0.100410000,0.40148011100832565,2025-11-12,2025-11-12
CVE-2025-57940,0.000360000,0.100410000,0.40148011100832565,2025-11-12,2025-11-12
CVE-2025-57939,0.000400000,0.118280000,0.5520351526364478,2025-11-12,2025-11-12
CVE-2025-57938,0.000390000,0.113320000,0.49283071230342274,2025-11-12,2025-11-12
CVE-2025-57937,0.000350000,0.096290000,0.35545790934320076,2025-11-12,2025-11-12
CVE-2025-57936,0.000340000,0.091020000,0.33117483811285847,2025-11-12,2025-11-12
CVE-2025-57935,0.000360000,0.100410000,0.40148011100832565,2025-11-12,2025-11-12
CVE-2025-57934,0.000170000,0.030380000,0.09181313598519888,2025-11-12,2025-11-12
CVE-2025-57933,0.000170000,0.030380000,0.09181313598519888,2025-11-12,2025-11-12
CVE-2025-57932,0.000390000,0.113320000,0.49283071230342274,2025-11-12,2025-11-12
CVE-2025-57930,0.000170000,0.030380000,0.09181313598519888,2025-11-12,2025-11-12
CVE-2025-57929,0.000360000,0.100410000,0.40148011100832565,2025-11-12,2025-11-12
CVE-2025-57928,0.000560000,0.173570000,0.7506938020351527,2025-11-12,2025-11-12
CVE-2025-57927,0.000170000,0.030380000,0.09181313598519888,2025-11-12,2025-11-12
CVE-2025-57926,0.000390000,0.113320000,0.49283071230342274,2025-11-12,2025-11-12
CVE-2025-57925,0.001470000,0.357010000,0.904486586493987,2025-11-12,2025-11-12
CVE-2025-57924,0.000170000,0.030380000,0.09181313598519888,2025-11-12,2025-11-12
CVE-2025-57923,0.000390000,0.115180000,0.49283071230342274,2025-11-12,2025-11-12
CVE-2025-57922,0.000390000,0.115180000,0.49283071230342274,2025-11-12,2025-11-12
CVE-2025-57921,0.000400000,0.118280000,0.5520351526364478,2025-11-12,2025-11-12
CVE-2025-57920,0.000360000,0.100410000,0.40148011100832565,2025-11-12,2025-11-12
CVE-2025-57919,0.000630000,0.196360000,0.7904717853839038,2025-11-12,2025-11-12
CVE-2025-57918,0.000170000,0.029300000,0.09181313598519888,2025-11-12,2025-11-12
CVE-2025-57917,0.000340000,0.091020000,0.33117483811285847,2025-11-12,2025-11-12
CVE-2025-57916,0.000350000,0.096290000,0.35545790934320076,2025-11-12,2025-11-12
CVE-2025-57915,0.000170000,0.030380000,0.09181313598519888,2025-11-12,2025-11-12
CVE-2025-57914,0.000170000,0.030380000,0.09181313598519888,2025-11-12,2025-11-12
CVE-2025-57913,0.000390000,0.113320000,0.49283071230342274,2025-11-12,2025-11-12
CVE-2025-57912,0.000360000,0.100410000,0.40148011100832565,2025-11-12,2025-11-12
CVE-2025-57911,0.000390000,0.113320000,0.49283071230342274,2025-11-12,2025-11-12
CVE-2025-57910,0.000390000,0.113320000,0.49283071230342274,2025-11-12,2025-11-12
CVE-2025-57909,0.000360000,0.101340000,0.40148011100832565,2025-11-12,2025-11-12
CVE-2025-57908,0.000360000,0.100410000,0.40148011100832565,2025-11-12,2025-11-12
CVE-2025-57907,0.000400000,0.118280000,0.5520351526364478,2025-11-12,2025-11-12
CVE-2025-57906,0.000360000,0.100410000,0.40148011100832565,2025-11-12,2025-11-12
CVE-2025-57905,0.000170000,0.030380000,0.09181313598519888,2025-11-12,2025-11-12
CVE-2025-57904,0.000360000,0.100410000,0.40148011100832565,2025-11-12,2025-11-12
CVE-2025-57903,0.000360000,0.100410000,0.40148011100832565,2025-11-12,2025-11-12
CVE-2025-57902,0.000170000,0.030380000,0.09181313598519888,2025-11-12,2025-11-12
CVE-2025-57901,0.000390000,0.113320000,0.49283071230342274,2025-11-12,2025-11-12
CVE-2025-57900,0.000390000,0.113320000,0.49283071230342274,2025-11-12,2025-11-12
CVE-2025-57899,0.000570000,0.178010000,0.7553191489361702,2025-11-12,2025-11-12
CVE-2025-57898,0.000390000,0.113320000,0.49283071230342274,2025-11-12,2025-11-12
CVE-2025-57685,0.038880000,0.877540000,0.9916743755781684,2025-11-12,2025-11-12
CVE-2025-57682,0.004450000,0.626360000,0.967622571692877,2025-11-12,2025-11-12
CVE-2025-57605,0.000500000,0.155550000,0.7009713228492137,2025-11-12,2025-11-12
CVE-2025-57602,0.003150000,0.541040000,0.9495837187789085,2025-11-12,2025-11-12
CVE-2025-57601,0.000690000,0.214390000,0.8149861239592969,2025-11-12,2025-11-12
CVE-2025-57441,0.000780000,0.239410000,0.8371877890841813,2025-11-12,2025-11-12
CVE-2025-57440,0.000330000,0.085980000,0.31961147086031455,2025-11-12,2025-11-12
CVE-2025-57439,0.001810000,0.400300000,0.9209065679925994,2025-11-12,2025-11-12
CVE-2025-57438,0.000410000,0.120820000,0.5675300647548566,2025-11-12,2025-11-12
CVE-2025-57437,0.000780000,0.239410000,0.8371877890841813,2025-11-12,2025-11-12
CVE-2025-57434,0.001270000,0.327720000,0.8973172987974098,2025-11-12,2025-11-12
CVE-2025-57433,0.000390000,0.115530000,0.49283071230342274,2025-11-12,2025-11-12
CVE-2025-57432,0.005380000,0.666770000,0.9720166512488436,2025-11-12,2025-11-12
CVE-2025-57431,0.000930000,0.268750000,0.86054579093432,2025-11-12,2025-11-12
CVE-2025-57430,0.000570000,0.176660000,0.7553191489361702,2025-11-12,2025-11-12
CVE-2025-55888,0.001190000,0.315460000,0.8919981498612396,2025-11-12,2025-11-12
CVE-2025-55887,0.000460000,0.140430000,0.6385291396854764,2025-11-12,2025-11-12
CVE-2025-55886,0.000440000,0.132340000,0.6066142460684552,2025-11-12,2025-11-12
CVE-2025-55885,0.001070000,0.295650000,0.8792784458834413,2025-11-12,2025-11-12
CVE-2025-53570,0.000390000,0.113320000,0.49283071230342274,2025-11-12,2025-11-12
CVE-2025-53469,0.000360000,0.100410000,0.40148011100832565,2025-11-12,2025-11-12
CVE-2025-53468,0.000380000,0.109710000,0.48080481036077705,2025-11-12,2025-11-12
CVE-2025-53467,0.000360000,0.100410000,0.40148011100832565,2025-11-12,2025-11-12
CVE-2025-53466,0.000360000,0.100410000,0.40148011100832565,2025-11-12,2025-11-12
CVE-2025-53465,0.000630000,0.196360000,0.7904717853839038,2025-11-12,2025-11-12
CVE-2025-53464,0.000360000,0.100410000,0.40148011100832565,2025-11-12,2025-11-12
CVE-2025-53463,0.000390000,0.113320000,0.49283071230342274,2025-11-12,2025-11-12
CVE-2025-53462,0.000360000,0.100410000,0.40148011100832565,2025-11-12,2025-11-12
CVE-2025-53461,0.000330000,0.088250000,0.31961147086031455,2025-11-12,2025-11-12
CVE-2025-53460,0.000360000,0.100410000,0.40148011100832565,2025-11-12,2025-11-12
CVE-2025-53458,0.000360000,0.100410000,0.40148011100832565,2025-11-12,2025-11-12
CVE-2025-53457,0.000330000,0.088250000,0.31961147086031455,2025-11-12,2025-11-12
CVE-2025-53456,0.000170000,0.030380000,0.09181313598519888,2025-11-12,2025-11-12
CVE-2025-53455,0.000360000,0.100410000,0.40148011100832565,2025-11-12,2025-11-12
CVE-2025-53454,0.000390000,0.113320000,0.49283071230342274,2025-11-12,2025-11-12
CVE-2025-53452,0.000340000,0.091020000,0.33117483811285847,2025-11-12,2025-11-12
CVE-2025-53451,0.000180000,0.032190000,0.11632747456059205,2025-11-12,2025-11-12
CVE-2025-53450,0.001470000,0.357010000,0.904486586493987,2025-11-12,2025-11-12
CVE-2025-52367,0.746500000,0.987910000,1.0,2025-11-12,2025-11-12
CVE-2025-43953,0.000610000,0.190710000,0.7816836262719704,2025-11-12,2025-11-12
CVE-2025-43807,0.001940000,0.415890000,0.925531914893617,2025-11-12,2025-11-12
CVE-2025-36064,0.000550000,0.173360000,0.7439870490286772,2025-11-12,2025-11-12
CVE-2025-10811,0.000370000,0.105640000,0.4357076780758557,2025-11-12,2025-11-12
CVE-2025-10810,0.000370000,0.105640000,0.4357076780758557,2025-11-12,2025-11-12
CVE-2025-10809,0.000530000,0.165200000,0.7261794634597595,2025-11-12,2025-11-12
CVE-2025-10808,0.000370000,0.105640000,0.4357076780758557,2025-11-12,2025-11-12
CVE-2025-10807,0.000320000,0.085030000,0.2967160037002775,2025-11-12,2025-11-12
CVE-2025-10806,0.000320000,0.085030000,0.2967160037002775,2025-11-12,2025-11-12
CVE-2025-58228,0.000390000,0.113320000,0.49283071230342274,2025-11-12,2025-11-12
CVE-2025-58227,0.000390000,0.113320000,0.49283071230342274,2025-11-12,2025-11-12
CVE-2025-58226,0.000390000,0.115180000,0.49283071230342274,2025-11-12,2025-11-12
CVE-2025-58224,0.000180000,0.032190000,0.11632747456059205,2025-11-12,2025-11-12
CVE-2025-58223,0.000360000,0.100410000,0.40148011100832565,2025-11-12,2025-11-12
CVE-2025-58222,0.000400000,0.118280000,0.5520351526364478,2025-11-12,2025-11-12
CVE-2025-58221,0.000340000,0.091020000,0.33117483811285847,2025-11-12,2025-11-12
CVE-2025-58220,0.000390000,0.113320000,0.49283071230342274,2025-11-12,2025-11-12
CVE-2025-58219,0.000170000,0.030380000,0.09181313598519888,2025-11-12,2025-11-12
CVE-2025-58200,0.000170000,0.030380000,0.09181313598519888,2025-11-12,2025-11-12
CVE-2025-58199,0.000170000,0.030380000,0.09181313598519888,2025-11-12,2025-11-12
CVE-2025-58033,0.000360000,0.100410000,0.40148011100832565,2025-11-12,2025-11-12
CVE-2025-58032,0.000170000,0.030380000,0.09181313598519888,2025-11-12,2025-11-12
CVE-2025-58031,0.000390000,0.113320000,0.49283071230342274,2025-11-12,2025-11-12
CVE-2025-58030,0.000390000,0.113320000,0.49283071230342274,2025-11-12,2025-11-12
CVE-2025-58029,0.000400000,0.118280000,0.5520351526364478,2025-11-12,2025-11-12
CVE-2025-58028,0.000390000,0.113320000,0.49283071230342274,2025-11-12,2025-11-12
CVE-2025-58027,0.000390000,0.113320000,0.49283071230342274,2025-11-12,2025-11-12
CVE-2025-58026,0.000390000,0.113320000,0.49283071230342274,2025-11-12,2025-11-12
CVE-2025-58025,0.000390000,0.113320000,0.49283071230342274,2025-11-12,2025-11-12
CVE-2025-58023,0.000390000,0.113320000,0.49283071230342274,2025-11-12,2025-11-12
CVE-2025-58022,0.000390000,0.113320000,0.49283071230342274,2025-11-12,2025-11-12
CVE-2025-58021,0.000390000,0.113320000,0.49283071230342274,2025-11-12,2025-11-12
CVE-2025-58020,0.000390000,0.113320000,0.49283071230342274,2025-11-12,2025-11-12
CVE-2025-58019,0.000390000,0.113320000,0.49283071230342274,2025-11-12,2025-11-12
CVE-2025-58018,0.000390000,0.113320000,0.49283071230342274,2025-11-12,2025-11-12
CVE-2025-58017,0.000390000,0.113320000,0.49283071230342274,2025-11-12,2025-11-12
CVE-2025-58016,0.000340000,0.091020000,0.33117483811285847,2025-11-12,2025-11-12
CVE-2025-58015,0.000390000,0.115180000,0.49283071230342274,2025-11-12,2025-11-12
CVE-2025-58014,0.000170000,0.030380000,0.09181313598519888,2025-11-12,2025-11-12
CVE-2025-58013,0.000210000,0.043100000,0.14662349676225717,2025-11-12,2025-11-12
CVE-2025-58012,0.000470000,0.142800000,0.6500925069380203,2025-11-12,2025-11-12
CVE-2025-58011,0.000320000,0.085130000,0.2967160037002775,2025-11-12,2025-11-12
CVE-2025-58010,0.000170000,0.030380000,0.09181313598519888,2025-11-12,2025-11-12
CVE-2025-58009,0.000470000,0.142800000,0.6500925069380203,2025-11-12,2025-11-12
CVE-2025-58008,0.000390000,0.113320000,0.49283071230342274,2025-11-12,2025-11-12
CVE-2025-58007,0.000350000,0.096290000,0.35545790934320076,2025-11-12,2025-11-12
CVE-2025-58006,0.000330000,0.088540000,0.31961147086031455,2025-11-12,2025-11-12
CVE-2025-58005,0.000380000,0.110020000,0.48080481036077705,2025-11-12,2025-11-12
CVE-2025-58004,0.000400000,0.118280000,0.5520351526364478,2025-11-12,2025-11-12
CVE-2025-58003,0.000400000,0.118280000,0.5520351526364478,2025-11-12,2025-11-12
CVE-2025-58002,0.000390000,0.113320000,0.49283071230342274,2025-11-12,2025-11-12
CVE-2025-58001,0.000390000,0.113320000,0.49283071230342274,2025-11-12,2025-11-12
CVE-2025-58000,0.000400000,0.118280000,0.5520351526364478,2025-11-12,2025-11-12
CVE-2025-57999,0.000390000,0.113320000,0.49283071230342274,2025-11-12,2025-11-12
CVE-2025-57998,0.000360000,0.100410000,0.40148011100832565,2025-11-12,2025-11-12
CVE-2025-57997,0.000320000,0.085130000,0.2967160037002775,2025-11-12,2025-11-12
CVE-2025-57996,0.000390000,0.113320000,0.49283071230342274,2025-11-12,2025-11-12
CVE-2025-57995,0.000340000,0.091020000,0.33117483811285847,2025-11-12,2025-11-12
CVE-2025-57994,0.000460000,0.138480000,0.6385291396854764,2025-11-12,2025-11-12
CVE-2025-57993,0.000390000,0.113320000,0.49283071230342274,2025-11-12,2025-11-12
CVE-2025-57992,0.000170000,0.030380000,0.09181313598519888,2025-11-12,2025-11-12
CVE-2025-57991,0.000460000,0.138480000,0.6385291396854764,2025-11-12,2025-11-12
CVE-2025-57990,0.000460000,0.138480000,0.6385291396854764,2025-11-12,2025-11-12
CVE-2025-57989,0.000390000,0.113320000,0.49283071230342274,2025-11-12,2025-11-12
CVE-2025-57988,0.000390000,0.113320000,0.49283071230342274,2025-11-12,2025-11-12
CVE-2025-57987,0.000400000,0.118280000,0.5520351526364478,2025-11-12,2025-11-12
CVE-2025-57986,0.000390000,0.113320000,0.49283071230342274,2025-11-12,2025-11-12
CVE-2025-57985,0.000340000,0.091020000,0.33117483811285847,2025-11-12,2025-11-12
CVE-2025-57984,0.000330000,0.088250000,0.31961147086031455,2025-11-12,2025-11-12
CVE-2025-57983,0.000170000,0.030380000,0.09181313598519888,2025-11-12,2025-11-12
CVE-2025-57982,0.000360000,0.100410000,0.40148011100832565,2025-11-12,2025-11-12
CVE-2025-57981,0.000390000,0.113320000,0.49283071230342274,2025-11-12,2025-11-12
CVE-2025-57980,0.000360000,0.100410000,0.40148011100832565,2025-11-12,2025-11-12
CVE-2025-57979,0.000360000,0.100410000,0.40148011100832565,2025-11-12,2025-11-12
CVE-2025-57978,0.000170000,0.030380000,0.09181313598519888,2025-11-12,2025-11-12
CVE-2025-57977,0.000180000,0.034190000,0.11632747456059205,2025-11-12,2025-11-12
CVE-2025-57976,0.000400000,0.118280000,0.5520351526364478,2025-11-12,2025-11-12
CVE-2025-57975,0.000320000,0.085130000,0.2967160037002775,2025-11-12,2025-11-12
CVE-2025-57974,0.000360000,0.100410000,0.40148011100832565,2025-11-12,2025-11-12
CVE-2025-57973,0.000390000,0.113320000,0.49283071230342274,2025-11-12,2025-11-12
CVE-2025-57972,0.000340000,0.091020000,0.33117483811285847,2025-11-12,2025-11-12
CVE-2025-57971,0.000400000,0.118280000,0.5520351526364478,2025-11-12,2025-11-12
CVE-2025-57970,0.000170000,0.030380000,0.09181313598519888,2025-11-12,2025-11-12
CVE-2025-57969,0.000340000,0.091020000,0.33117483811285847,2025-11-12,2025-11-12
CVE-2025-57968,0.000180000,0.033930000,0.11632747456059205,2025-11-12,2025-11-12
CVE-2025-57967,0.000390000,0.113320000,0.49283071230342274,2025-11-12,2025-11-12
CVE-2025-57966,0.000390000,0.113320000,0.49283071230342274,2025-11-12,2025-11-12
CVE-2025-57965,0.000390000,0.113320000,0.49283071230342274,2025-11-12,2025-11-12
CVE-2025-57964,0.000390000,0.113320000,0.49283071230342274,2025-11-12,2025-11-12
CVE-2025-57963,0.000390000,0.113320000,0.49283071230342274,2025-11-12,2025-11-12
CVE-2025-57962,0.000360000,0.100410000,0.40148011100832565,2025-11-12,2025-11-12
CVE-2025-57961,0.000460000,0.138480000,0.6385291396854764,2025-11-12,2025-11-12
CVE-2025-57960,0.000170000,0.030380000,0.09181313598519888,2025-11-12,2025-11-12
CVE-2025-57959,0.000360000,0.100410000,0.40148011100832565,2025-11-12,2025-11-12
CVE-2025-57958,0.000400000,0.118280000,0.5520351526364478,2025-11-12,2025-11-12
CVE-2025-57957,0.000400000,0.118280000,0.5520351526364478,2025-11-12,2025-11-12
CVE-2025-57956,0.000360000,0.100410000,0.40148011100832565,2025-11-12,2025-11-12
CVE-2025-57955,0.000360000,0.101340000,0.40148011100832565,2025-11-12,2025-11-12
CVE-2025-57954,0.000390000,0.113320000,0.49283071230342274,2025-11-12,2025-11-12
CVE-2025-57953,0.000390000,0.113320000,0.49283071230342274,2025-11-12,2025-11-12
CVE-2025-57952,0.000360000,0.100410000,0.40148011100832565,2025-11-12,2025-11-12
CVE-2025-57951,0.000360000,0.100410000,0.40148011100832565,2025-11-12,2025-11-12
CVE-2025-57950,0.000360000,0.100410000,0.40148011100832565,2025-11-12,2025-11-12
CVE-2025-57949,0.000460000,0.138480000,0.6385291396854764,2025-11-12,2025-11-12
CVE-2025-57948,0.000390000,0.113320000,0.49283071230342274,2025-11-12,2025-11-12
CVE-2025-57947,0.000390000,0.113320000,0.49283071230342274,2025-11-12,2025-11-12
CVE-2025-57946,0.000180000,0.032190000,0.11632747456059205,2025-11-12,2025-11-12
CVE-2025-57945,0.000360000,0.100410000,0.40148011100832565,2025-11-12,2025-11-12
CVE-2025-57944,0.000400000,0.118280000,0.5520351526364478,2025-11-12,2025-11-12
CVE-2025-58992,0.000390000,0.113320000,0.49283071230342274,2025-11-12,2025-11-12
CVE-2025-58974,0.000390000,0.113320000,0.49283071230342274,2025-11-12,2025-11-12
CVE-2025-58973,0.001470000,0.357010000,0.904486586493987,2025-11-12,2025-11-12
CVE-2025-58969,0.000400000,0.118280000,0.5520351526364478,2025-11-12,2025-11-12
CVE-2025-58968,0.000320000,0.085130000,0.2967160037002775,2025-11-12,2025-11-12
CVE-2025-58965,0.000390000,0.113320000,0.49283071230342274,2025-11-12,2025-11-12
CVE-2025-58962,0.000320000,0.085130000,0.2967160037002775,2025-11-12,2025-11-12
CVE-2025-58960,0.000360000,0.100410000,0.40148011100832565,2025-11-12,2025-11-12
CVE-2025-58957,0.000340000,0.091020000,0.33117483811285847,2025-11-12,2025-11-12
CVE-2025-58956,0.000170000,0.029300000,0.09181313598519888,2025-11-12,2025-11-12
CVE-2025-58704,0.000390000,0.113320000,0.49283071230342274,2025-11-12,2025-11-12
CVE-2025-58703,0.000390000,0.113320000,0.49283071230342274,2025-11-12,2025-11-12
CVE-2025-58702,0.000390000,0.113320000,0.49283071230342274,2025-11-12,2025-11-12
CVE-2025-58691,0.000390000,0.113320000,0.49283071230342274,2025-11-12,2025-11-12
CVE-2025-58690,0.000170000,0.029300000,0.09181313598519888,2025-11-12,2025-11-12
CVE-2025-58689,0.000390000,0.113320000,0.49283071230342274,2025-11-12,2025-11-12
CVE-2025-58688,0.000170000,0.029300000,0.09181313598519888,2025-11-12,2025-11-12
CVE-2025-58687,0.000170000,0.029300000,0.09181313598519888,2025-11-12,2025-11-12
CVE-2025-58686,0.000380000,0.109710000,0.48080481036077705,2025-11-12,2025-11-12
CVE-2025-58685,0.000400000,0.118280000,0.5520351526364478,2025-11-12,2025-11-12
CVE-2025-58684,0.000390000,0.113320000,0.49283071230342274,2025-11-12,2025-11-12
CVE-2025-58683,0.000390000,0.113320000,0.49283071230342274,2025-11-12,2025-11-12
CVE-2025-58682,0.000390000,0.113320000,0.49283071230342274,2025-11-12,2025-11-12
CVE-2025-58681,0.000400000,0.119430000,0.5520351526364478,2025-11-12,2025-11-12
CVE-2025-58680,0.000360000,0.101340000,0.40148011100832565,2025-11-12,2025-11-12
CVE-2025-58679,0.000400000,0.119430000,0.5520351526364478,2025-11-12,2025-11-12
CVE-2025-58678,0.000360000,0.101340000,0.40148011100832565,2025-11-12,2025-11-12
CVE-2025-58677,0.000170000,0.029300000,0.09181313598519888,2025-11-12,2025-11-12
CVE-2025-58676,0.000170000,0.029300000,0.09181313598519888,2025-11-12,2025-11-12
CVE-2025-58675,0.000170000,0.030380000,0.09181313598519888,2025-11-12,2025-11-12
CVE-2025-58673,0.000370000,0.103740000,0.4357076780758557,2025-11-12,2025-11-12
CVE-2025-58672,0.000460000,0.138480000,0.6385291396854764,2025-11-12,2025-11-12
CVE-2025-58671,0.000390000,0.115410000,0.49283071230342274,2025-11-12,2025-11-12
CVE-2025-58670,0.000170000,0.029300000,0.09181313598519888,2025-11-12,2025-11-12
CVE-2025-58669,0.000360000,0.100410000,0.40148011100832565,2025-11-12,2025-11-12
CVE-2025-58668,0.000340000,0.091020000,0.33117483811285847,2025-11-12,2025-11-12
CVE-2025-58667,0.000460000,0.138480000,0.6385291396854764,2025-11-12,2025-11-12
CVE-2025-58666,0.000340000,0.091020000,0.33117483811285847,2025-11-12,2025-11-12
CVE-2025-58665,0.000360000,0.100410000,0.40148011100832565,2025-11-12,2025-11-12
CVE-2025-58664,0.000340000,0.091020000,0.33117483811285847,2025-11-12,2025-11-12
CVE-2025-58663,0.000340000,0.091020000,0.33117483811285847,2025-11-12,2025-11-12
CVE-2025-58662,0.000630000,0.196360000,0.7904717853839038,2025-11-12,2025-11-12
CVE-2025-58661,0.000360000,0.100410000,0.40148011100832565,2025-11-12,2025-11-12
CVE-2025-58660,0.000460000,0.138480000,0.6385291396854764,2025-11-12,2025-11-12
CVE-2025-58659,0.000400000,0.119430000,0.5520351526364478,2025-11-12,2025-11-12
CVE-2025-58658,0.000360000,0.100410000,0.40148011100832565,2025-11-12,2025-11-12
CVE-2025-58657,0.000170000,0.029300000,0.09181313598519888,2025-11-12,2025-11-12
CVE-2025-58656,0.000400000,0.119430000,0.5520351526364478,2025-11-12,2025-11-12
CVE-2025-58655,0.000360000,0.100410000,0.40148011100832565,2025-11-12,2025-11-12
CVE-2025-58654,0.000390000,0.113320000,0.49283071230342274,2025-11-12,2025-11-12
CVE-2025-58653,0.000390000,0.113320000,0.49283071230342274,2025-11-12,2025-11-12
CVE-2025-58652,0.000390000,0.113320000,0.49283071230342274,2025-11-12,2025-11-12
CVE-2025-58651,0.000390000,0.113320000,0.49283071230342274,2025-11-12,2025-11-12
CVE-2025-58650,0.000460000,0.138480000,0.6385291396854764,2025-11-12,2025-11-12
CVE-2025-58649,0.000350000,0.096290000,0.35545790934320076,2025-11-12,2025-11-12
CVE-2025-58648,0.000390000,0.113320000,0.49283071230342274,2025-11-12,2025-11-12
CVE-2025-58647,0.000360000,0.100410000,0.40148011100832565,2025-11-12,2025-11-12
CVE-2025-58646,0.000360000,0.100410000,0.40148011100832565,2025-11-12,2025-11-12
CVE-2025-58645,0.000360000,0.100410000,0.40148011100832565,2025-11-12,2025-11-12
CVE-2025-58271,0.000360000,0.100410000,0.40148011100832565,2025-11-12,2025-11-12
CVE-2025-58270,0.000170000,0.029300000,0.09181313598519888,2025-11-12,2025-11-12
CVE-2025-58269,0.000400000,0.119430000,0.5520351526364478,2025-11-12,2025-11-12
CVE-2025-58268,0.000170000,0.029300000,0.09181313598519888,2025-11-12,2025-11-12
CVE-2025-58267,0.000170000,0.029300000,0.09181313598519888,2025-11-12,2025-11-12
CVE-2025-58266,0.000360000,0.100410000,0.40148011100832565,2025-11-12,2025-11-12
CVE-2025-58265,0.000390000,0.113320000,0.49283071230342274,2025-11-12,2025-11-12
CVE-2025-58264,0.000390000,0.113320000,0.49283071230342274,2025-11-12,2025-11-12
CVE-2025-58263,0.000390000,0.113320000,0.49283071230342274,2025-11-12,2025-11-12
CVE-2025-58262,0.000170000,0.029300000,0.09181313598519888,2025-11-12,2025-11-12
CVE-2025-58261,0.000170000,0.029300000,0.09181313598519888,2025-11-12,2025-11-12
CVE-2025-58260,0.000390000,0.113320000,0.49283071230342274,2025-11-12,2025-11-12
CVE-2025-58259,0.000180000,0.034190000,0.11632747456059205,2025-11-12,2025-11-12
CVE-2025-58258,0.000320000,0.085130000,0.2967160037002775,2025-11-12,2025-11-12
CVE-2025-58257,0.000390000,0.113320000,0.49283071230342274,2025-11-12,2025-11-12
CVE-2025-58256,0.000360000,0.100410000,0.40148011100832565,2025-11-12,2025-11-12
CVE-2025-58255,0.000210000,0.043100000,0.14662349676225717,2025-11-12,2025-11-12
CVE-2025-58254,0.000390000,0.113320000,0.49283071230342274,2025-11-12,2025-11-12
CVE-2025-58253,0.000390000,0.113320000,0.49283071230342274,2025-11-12,2025-11-12
CVE-2025-58252,0.000350000,0.096290000,0.35545790934320076,2025-11-12,2025-11-12
CVE-2025-58251,0.000340000,0.091020000,0.33117483811285847,2025-11-12,2025-11-12
CVE-2025-58250,0.000220000,0.045860000,0.1540240518038853,2025-11-12,2025-11-12
CVE-2025-58249,0.000350000,0.096290000,0.35545790934320076,2025-11-12,2025-11-12
CVE-2025-58248,0.000390000,0.113320000,0.49283071230342274,2025-11-12,2025-11-12
CVE-2025-58247,0.000400000,0.119430000,0.5520351526364478,2025-11-12,2025-11-12
CVE-2025-58245,0.000360000,0.100410000,0.40148011100832565,2025-11-12,2025-11-12
CVE-2025-58244,0.000210000,0.043100000,0.14662349676225717,2025-11-12,2025-11-12
CVE-2025-58242,0.000390000,0.113320000,0.49283071230342274,2025-11-12,2025-11-12
CVE-2025-58241,0.000390000,0.113320000,0.49283071230342274,2025-11-12,2025-11-12
CVE-2025-58240,0.000390000,0.113320000,0.49283071230342274,2025-11-12,2025-11-12
CVE-2025-58239,0.000390000,0.113320000,0.49283071230342274,2025-11-12,2025-11-12
CVE-2025-58238,0.000390000,0.113320000,0.49283071230342274,2025-11-12,2025-11-12
CVE-2025-58237,0.000390000,0.113320000,0.49283071230342274,2025-11-12,2025-11-12
CVE-2025-58236,0.000170000,0.030380000,0.09181313598519888,2025-11-12,2025-11-12
CVE-2025-58235,0.000390000,0.113320000,0.49283071230342274,2025-11-12,2025-11-12
CVE-2025-58234,0.000390000,0.113320000,0.49283071230342274,2025-11-12,2025-11-12
CVE-2025-58233,0.000390000,0.113320000,0.49283071230342274,2025-11-12,2025-11-12
CVE-2025-58232,0.000390000,0.113320000,0.49283071230342274,2025-11-12,2025-11-12
CVE-2025-58231,0.000390000,0.113320000,0.49283071230342274,2025-11-12,2025-11-12
CVE-2025-58230,0.000390000,0.113320000,0.49283071230342274,2025-11-12,2025-11-12
CVE-2025-58229,0.000390000,0.113320000,0.49283071230342274,2025-11-12,2025-11-12
CVE-2025-9960,0.000590000,0.183290000,0.7687326549491211,2025-11-12,2025-11-12
CVE-2025-9495,0.000290000,0.072390000,0.2784458834412581,2025-11-12,2025-11-12
CVE-2025-9494,0.006410000,0.697560000,0.9757169287696578,2025-11-12,2025-11-12
CVE-2025-9321,0.001070000,0.295560000,0.8792784458834413,2025-11-12,2025-11-12
CVE-2025-8902,0.000370000,0.105850000,0.4357076780758557,2025-11-12,2025-11-12
CVE-2025-8892,0.000250000,0.056510000,0.19703977798334876,2025-11-12,2025-11-12
CVE-2025-59592,0.000390000,0.113320000,0.49283071230342274,2025-11-12,2025-11-12
CVE-2025-59591,0.000340000,0.091020000,0.33117483811285847,2025-11-12,2025-11-12
CVE-2025-59590,0.000360000,0.100410000,0.40148011100832565,2025-11-12,2025-11-12
CVE-2025-59589,0.000390000,0.113320000,0.49283071230342274,2025-11-12,2025-11-12
CVE-2025-59588,0.001470000,0.357010000,0.904486586493987,2025-11-12,2025-11-12
CVE-2025-59587,0.000390000,0.113320000,0.49283071230342274,2025-11-12,2025-11-12
CVE-2025-59586,0.000390000,0.113320000,0.49283071230342274,2025-11-12,2025-11-12
CVE-2025-59585,0.000390000,0.113320000,0.49283071230342274,2025-11-12,2025-11-12
CVE-2025-59584,0.000390000,0.113320000,0.49283071230342274,2025-11-12,2025-11-12
CVE-2025-59583,0.000390000,0.113320000,0.49283071230342274,2025-11-12,2025-11-12
CVE-2025-59582,0.000390000,0.115180000,0.49283071230342274,2025-11-12,2025-11-12
CVE-2025-59581,0.000470000,0.142950000,0.6500925069380203,2025-11-12,2025-11-12
CVE-2025-59577,0.000500000,0.155240000,0.7009713228492137,2025-11-12,2025-11-12
CVE-2025-59576,0.000340000,0.091020000,0.33117483811285847,2025-11-12,2025-11-12
CVE-2025-59574,0.000390000,0.113320000,0.49283071230342274,2025-11-12,2025-11-12
CVE-2025-59573,0.000560000,0.173570000,0.7506938020351527,2025-11-12,2025-11-12
CVE-2025-59572,0.000210000,0.043100000,0.14662349676225717,2025-11-12,2025-11-12
CVE-2025-59570,0.000390000,0.114300000,0.49283071230342274,2025-11-12,2025-11-12
CVE-2025-59569,0.000390000,0.113320000,0.49283071230342274,2025-11-12,2025-11-12
CVE-2025-59568,0.000170000,0.030380000,0.09181313598519888,2025-11-12,2025-11-12
CVE-2025-59567,0.000450000,0.134850000,0.616558741905643,2025-11-12,2025-11-12
CVE-2025-59565,0.000390000,0.113320000,0.49283071230342274,2025-11-12,2025-11-12
CVE-2025-59562,0.000460000,0.139450000,0.6385291396854764,2025-11-12,2025-11-12
CVE-2025-59561,0.000340000,0.091020000,0.33117483811285847,2025-11-12,2025-11-12
CVE-2025-59559,0.000340000,0.091020000,0.33117483811285847,2025-11-12,2025-11-12
CVE-2025-59553,0.000390000,0.113320000,0.49283071230342274,2025-11-12,2025-11-12
CVE-2025-59552,0.000390000,0.113320000,0.49283071230342274,2025-11-12,2025-11-12
CVE-2025-59551,0.000340000,0.091020000,0.33117483811285847,2025-11-12,2025-11-12
CVE-2025-59549,0.000390000,0.113320000,0.49283071230342274,2025-11-12,2025-11-12
CVE-2025-59535,0.001360000,0.341560000,0.9000925069380203,2025-11-12,2025-11-12
CVE-2025-59532,0.001530000,0.366390000,0.9091119333950046,2025-11-12,2025-11-12
CVE-2025-59528,0.030250000,0.861500000,0.9900555041628122,2025-11-12,2025-11-12
CVE-2025-59527,0.000660000,0.206060000,0.8015726179463459,2025-11-12,2025-11-12
CVE-2025-59526,0.000670000,0.210250000,0.8050416281221091,2025-11-12,2025-11-12
CVE-2025-59434,0.000360000,0.101340000,0.40148011100832565,2025-11-12,2025-11-12
CVE-2025-59433,0.000370000,0.105160000,0.4357076780758557,2025-11-12,2025-11-12
CVE-2025-59432,0.001810000,0.400450000,0.9209065679925994,2025-11-12,2025-11-12
CVE-2025-59430,0.000420000,0.124010000,0.580018501387604,2025-11-12,2025-11-12
CVE-2025-58915,0.000390000,0.113320000,0.49283071230342274,2025-11-12,2025-11-12
CVE-2025-57205,0.000410000,0.122880000,0.5675300647548566,2025-11-12,2025-11-12
CVE-2025-57204,0.000410000,0.122880000,0.5675300647548566,2025-11-12,2025-11-12
CVE-2025-57203,0.000390000,0.114550000,0.49283071230342274,2025-11-12,2025-11-12
CVE-2025-47910,0.000110000,0.009360000,0.03954671600370028,2025-11-12,2025-11-12
CVE-2025-43814,0.001940000,0.415450000,0.925531914893617,2025-11-12,2025-11-12
CVE-2025-43810,0.001600000,0.374410000,0.9114246068455134,2025-11-12,2025-11-12
CVE-2025-43806,0.001740000,0.391740000,0.9169750231267345,2025-11-12,2025-11-12
CVE-2025-42907,0.000340000,0.091020000,0.33117483811285847,2025-11-12,2025-11-12
CVE-2025-39880,0.000350000,0.095480000,0.35545790934320076,2025-11-12,2025-11-12
CVE-2025-39879,0.000260000,0.061340000,0.22687326549491213,2025-11-12,2025-11-12
CVE-2025-39878,0.000260000,0.061340000,0.22687326549491213,2025-11-12,2025-11-12
CVE-2025-39877,0.000350000,0.095480000,0.35545790934320076,2025-11-12,2025-11-12
CVE-2025-39876,0.000470000,0.144200000,0.6500925069380203,2025-11-12,2025-11-12
CVE-2025-39875,0.000260000,0.061340000,0.22687326549491213,2025-11-12,2025-11-12
CVE-2025-39874,0.000260000,0.061340000,0.22687326549491213,2025-11-12,2025-11-12
CVE-2025-39873,0.000340000,0.090400000,0.33117483811285847,2025-11-12,2025-11-12
CVE-2025-39872,0.000260000,0.061340000,0.22687326549491213,2025-11-12,2025-11-12
CVE-2025-39871,0.000250000,0.057720000,0.19703977798334876,2025-11-12,2025-11-12
CVE-2025-39870,0.000350000,0.095480000,0.35545790934320076,2025-11-12,2025-11-12
CVE-2025-39869,0.000470000,0.144200000,0.6500925069380203,2025-11-12,2025-11-12
CVE-2025-39868,0.000260000,0.061340000,0.22687326549491213,2025-11-12,2025-11-12
CVE-2025-26399,0.002000000,0.422880000,0.9308510638297872,2025-11-12,2025-11-12
CVE-2025-1131,0.000380000,0.107830000,0.48080481036077705,2025-11-12,2025-11-12
CVE-2025-10843,0.000360000,0.098300000,0.40148011100832565,2025-11-12,2025-11-12
CVE-2025-10842,0.000370000,0.105640000,0.4357076780758557,2025-11-12,2025-11-12
CVE-2025-10841,0.000370000,0.105640000,0.4357076780758557,2025-11-12,2025-11-12
CVE-2025-10840,0.000320000,0.085030000,0.2967160037002775,2025-11-12,2025-11-12
CVE-2025-10839,0.000320000,0.085030000,0.2967160037002775,2025-11-12,2025-11-12
CVE-2025-10838,0.000960000,0.274110000,0.8647086031452359,2025-11-12,2025-11-12
CVE-2025-10837,0.000320000,0.082240000,0.2967160037002775,2025-11-12,2025-11-12
CVE-2025-10836,0.000370000,0.105640000,0.4357076780758557,2025-11-12,2025-11-12
CVE-2025-10835,0.000440000,0.131400000,0.6066142460684552,2025-11-12,2025-11-12
CVE-2025-10834,0.000370000,0.105640000,0.4357076780758557,2025-11-12,2025-11-12
CVE-2025-10833,0.000370000,0.105640000,0.4357076780758557,2025-11-12,2025-11-12
CVE-2025-10832,0.000370000,0.105640000,0.4357076780758557,2025-11-12,2025-11-12
CVE-2025-10831,0.000500000,0.155490000,0.7009713228492137,2025-11-12,2025-11-12
CVE-2025-10830,0.000370000,0.105640000,0.4357076780758557,2025-11-12,2025-11-12
CVE-2025-10829,0.000370000,0.105640000,0.4357076780758557,2025-11-12,2025-11-12
CVE-2025-10828,0.000320000,0.085030000,0.2967160037002775,2025-11-12,2025-11-12
CVE-2025-10827,0.000410000,0.120610000,0.5675300647548566,2025-11-12,2025-11-12
CVE-2025-10826,0.000320000,0.085030000,0.2967160037002775,2025-11-12,2025-11-12
CVE-2025-10825,0.000320000,0.085030000,0.2967160037002775,2025-11-12,2025-11-12
CVE-2025-10824,0.000160000,0.027870000,0.08256244218316373,2025-11-12,2025-11-12
CVE-2025-10823,0.000170000,0.028300000,0.09181313598519888,2025-11-12,2025-11-12
CVE-2025-10822,0.000300000,0.075220000,0.28237742830712304,2025-11-12,2025-11-12
CVE-2025-10821,0.000300000,0.075220000,0.28237742830712304,2025-11-12,2025-11-12
CVE-2025-10820,0.000300000,0.075220000,0.28237742830712304,2025-11-12,2025-11-12
CVE-2025-10819,0.000300000,0.075220000,0.28237742830712304,2025-11-12,2025-11-12
CVE-2025-10817,0.000360000,0.098300000,0.40148011100832565,2025-11-12,2025-11-12
CVE-2025-10816,0.000600000,0.188980000,0.7745143385753932,2025-11-12,2025-11-12
CVE-2025-10815,0.000940000,0.269470000,0.862627197039778,2025-11-12,2025-11-12
CVE-2025-10814,0.001150000,0.308660000,0.885522664199815,2025-11-12,2025-11-12
CVE-2025-10813,0.000360000,0.098300000,0.40148011100832565,2025-11-12,2025-11-12
CVE-2025-10812,0.000370000,0.105640000,0.4357076780758557,2025-11-12,2025-11-12
CVE-2025-10380,0.000580000,0.179750000,0.7624884366327475,2025-11-12,2025-11-12
CVE-2025-9966,0.000220000,0.046900000,0.1540240518038853,2025-11-12,2025-11-12
CVE-2025-9965,0.002350000,0.462510000,0.9403330249768732,2025-11-12,2025-11-12
CVE-2025-9964,0.000260000,0.058240000,0.22687326549491213,2025-11-12,2025-11-12
CVE-2025-9963,0.000270000,0.063600000,0.26688251618871417,2025-11-12,2025-11-12
CVE-2025-9962,0.001060000,0.293940000,0.877890841813136,2025-11-12,2025-11-12
CVE-2025-9900,0.000410000,0.120400000,0.5675300647548566,2025-11-12,2025-11-12
CVE-2025-9846,0.002840000,0.514650000,0.9470397779833487,2025-11-12,2025-11-12
CVE-2025-9844,0.000520000,0.162330000,0.7197039777983348,2025-11-12,2025-11-12
CVE-2025-9798,0.000470000,0.142420000,0.6500925069380203,2025-11-12,2025-11-12
CVE-2025-9588,0.003750000,0.584550000,0.9592969472710453,2025-11-12,2025-11-12
CVE-2025-9342,0.000360000,0.101340000,0.40148011100832565,2025-11-12,2025-11-12
CVE-2025-9054,0.001400000,0.347940000,0.9012488436632747,2025-11-12,2025-11-12
CVE-2025-9031,0.000350000,0.096290000,0.35545790934320076,2025-11-12,2025-11-12
CVE-2025-8410,0.000400000,0.119180000,0.5520351526364478,2025-11-12,2025-11-12
CVE-2025-8354,0.000250000,0.056510000,0.19703977798334876,2025-11-12,2025-11-12
CVE-2025-8282,0.000340000,0.092530000,0.33117483811285847,2025-11-12,2025-11-12
CVE-2025-7106,0.000410000,0.121770000,0.5675300647548566,2025-11-12,2025-11-12
CVE-2025-6921,0.000730000,0.225440000,0.8270120259019427,2025-11-12,2025-11-12
CVE-2025-60020,0.000450000,0.136380000,0.616558741905643,2025-11-12,2025-11-12
CVE-2025-59826,0.000460000,0.139650000,0.6385291396854764,2025-11-12,2025-11-12
CVE-2025-59825,0.000200000,0.041280000,0.1364477335800185,2025-11-12,2025-11-12
CVE-2025-59822,0.000560000,0.174420000,0.7506938020351527,2025-11-12,2025-11-12
CVE-2025-59821,0.000380000,0.109080000,0.48080481036077705,2025-11-12,2025-11-12
CVE-2025-59548,0.000320000,0.083660000,0.2967160037002775,2025-11-12,2025-11-12
CVE-2025-59547,0.000530000,0.166220000,0.7261794634597595,2025-11-12,2025-11-12
CVE-2025-59546,0.000330000,0.085750000,0.31961147086031455,2025-11-12,2025-11-12
CVE-2025-59545,0.000570000,0.177020000,0.7553191489361702,2025-11-12,2025-11-12
CVE-2025-59539,0.000350000,0.095890000,0.35545790934320076,2025-11-12,2025-11-12
CVE-2025-59534,0.000430000,0.129010000,0.5952821461609621,2025-11-12,2025-11-12
CVE-2025-59484,0.000110000,0.009560000,0.03954671600370028,2025-11-12,2025-11-12
CVE-2025-58674,0.000360000,0.100410000,0.40148011100832565,2025-11-12,2025-11-12
CVE-2025-58473,0.000780000,0.237990000,0.8371877890841813,2025-11-12,2025-11-12
CVE-2025-58457,0.001090000,0.298180000,0.8813598519888992,2025-11-12,2025-11-12
CVE-2025-58354,0.000600000,0.189290000,0.7745143385753932,2025-11-12,2025-11-12
CVE-2025-58319,0.000180000,0.032420000,0.11632747456059205,2025-11-12,2025-11-12
CVE-2025-58317,0.000180000,0.032420000,0.11632747456059205,2025-11-12,2025-11-12
CVE-2025-58246,0.000350000,0.096290000,0.35545790934320076,2025-11-12,2025-11-12
CVE-2025-58069,0.000400000,0.119430000,0.5520351526364478,2025-11-12,2025-11-12
CVE-2025-57882,0.000580000,0.182420000,0.7624884366327475,2025-11-12,2025-11-12
CVE-2025-57639,0.094380000,0.924590000,0.9946808510638298,2025-11-12,2025-11-12
CVE-2025-57638,0.000730000,0.226130000,0.8270120259019427,2025-11-12,2025-11-12
CVE-2025-57637,0.000600000,0.186700000,0.7745143385753932,2025-11-12,2025-11-12
CVE-2025-57636,0.045030000,0.886110000,0.9921369102682701,2025-11-12,2025-11-12
CVE-2025-57407,0.000420000,0.126020000,0.580018501387604,2025-11-12,2025-11-12
CVE-2025-5717,0.001410000,0.348400000,0.9021739130434783,2025-11-12,2025-11-12
CVE-2025-56394,0.000680000,0.212470000,0.8085106382978723,2025-11-12,2025-11-12
CVE-2025-56311,0.000200000,0.039070000,0.1364477335800185,2025-11-12,2025-11-12
CVE-2025-56304,0.000460000,0.138060000,0.6385291396854764,2025-11-12,2025-11-12
CVE-2025-56146,0.000230000,0.049120000,0.16026827012025902,2025-11-12,2025-11-12
CVE-2025-55780,0.000500000,0.156320000,0.7009713228492137,2025-11-12,2025-11-12
CVE-2025-55069,0.000450000,0.135400000,0.616558741905643,2025-11-12,2025-11-12
CVE-2025-55038,0.000300000,0.074150000,0.28237742830712304,2025-11-12,2025-11-12
CVE-2025-54855,0.000060000,0.002640000,0.010407030527289547,2025-11-12,2025-11-12
CVE-2025-54081,0.000140000,0.017590000,0.05226641998149861,2025-11-12,2025-11-12
CVE-2025-52905,0.001720000,0.389330000,0.9162812210915818,2025-11-12,2025-11-12
CVE-2025-51005,0.000720000,0.222490000,0.8214616096207216,2025-11-12,2025-11-12
CVE-2025-4993,0.000680000,0.212230000,0.8085106382978723,2025-11-12,2025-11-12
CVE-2025-48459,0.002800000,0.511020000,0.9463459759481961,2025-11-12,2025-11-12
CVE-2025-48392,0.003650000,0.578360000,0.9576780758556892,2025-11-12,2025-11-12
CVE-2025-4760,0.000310000,0.081260000,0.2883903792784459,2025-11-12,2025-11-12
CVE-2025-4582,0.000170000,0.028620000,0.09181313598519888,2025-11-12,2025-11-12
CVE-2025-45326,0.001290000,0.331010000,0.8982423681776133,2025-11-12,2025-11-12
CVE-2025-43819,0.000500000,0.153300000,0.7009713228492137,2025-11-12,2025-11-12
CVE-2025-43779,0.002180000,0.443630000,0.9373265494912119,2025-11-12,2025-11-12
CVE-2025-41716,0.000480000,0.148770000,0.6806197964847364,2025-11-12,2025-11-12
CVE-2025-41715,0.001390000,0.346510000,0.9010175763182239,2025-11-12,2025-11-12
CVE-2025-39890,0.000250000,0.057720000,0.19703977798334876,2025-11-12,2025-11-12
CVE-2025-39889,0.000200000,0.041010000,0.1364477335800185,2025-11-12,2025-11-12
CVE-2025-39888,0.000260000,0.061340000,0.22687326549491213,2025-11-12,2025-11-12
CVE-2025-39887,0.000260000,0.061340000,0.22687326549491213,2025-11-12,2025-11-12
CVE-2025-39886,0.000250000,0.057720000,0.19703977798334876,2025-11-12,2025-11-12
CVE-2025-39885,0.000470000,0.144200000,0.6500925069380203,2025-11-12,2025-11-12
CVE-2025-39884,0.000240000,0.052270000,0.16466234967622573,2025-11-12,2025-11-12
CVE-2025-39883,0.000470000,0.144200000,0.6500925069380203,2025-11-12,2025-11-12
CVE-2025-39882,0.000250000,0.057720000,0.19703977798334876,2025-11-12,2025-11-12
CVE-2025-39881,0.000350000,0.095480000,0.35545790934320076,2025-11-12,2025-11-12
CVE-2025-29084,0.000960000,0.273330000,0.8647086031452359,2025-11-12,2025-11-12
CVE-2025-29083,0.000960000,0.273330000,0.8647086031452359,2025-11-12,2025-11-12
CVE-2025-1255,0.000680000,0.212230000,0.8085106382978723,2025-11-12,2025-11-12
CVE-2025-10906,0.000280000,0.066910000,0.27520814061054577,2025-11-12,2025-11-12
CVE-2025-10857,0.000370000,0.105640000,0.4357076780758557,2025-11-12,2025-11-12
CVE-2025-10851,0.000370000,0.105640000,0.4357076780758557,2025-11-12,2025-11-12
CVE-2025-10848,0.000320000,0.085030000,0.2967160037002775,2025-11-12,2025-11-12
CVE-2025-10846,0.000330000,0.088780000,0.31961147086031455,2025-11-12,2025-11-12
CVE-2025-10845,0.000330000,0.088780000,0.31961147086031455,2025-11-12,2025-11-12
CVE-2025-10844,0.000330000,0.088780000,0.31961147086031455,2025-11-12,2025-11-12
CVE-2025-10548,0.001870000,0.407240000,0.9232192414431082,2025-11-12,2025-11-12
CVE-2025-10412,0.002150000,0.440340000,0.9354764107308048,2025-11-12,2025-11-12
CVE-2025-10244,0.000360000,0.101120000,0.40148011100832565,2025-11-12,2025-11-12
CVE-2025-10184,0.000830000,0.249050000,0.8450508788159112,2025-11-12,2025-11-12
CVE-2025-10147,0.001840000,0.404190000,0.9220629047178538,2025-11-12,2025-11-12
CVE-2025-0672,0.000560000,0.176020000,0.7506938020351527,2025-11-12,2025-11-12
CVE-2025-0663,0.000330000,0.086630000,0.31961147086031455,2025-11-12,2025-11-12
CVE-2025-0209,0.000440000,0.133140000,0.6066142460684552,2025-11-12,2025-11-12
CVE-2024-6429,0.000310000,0.078940000,0.2883903792784459,2025-11-12,2025-11-12
CVE-2024-58241,0.000260000,0.061340000,0.22687326549491213,2025-11-12,2025-11-12
CVE-2024-4598,0.000580000,0.179780000,0.7624884366327475,2025-11-12,2025-11-12
CVE-2024-21935,0.000250000,0.056620000,0.19703977798334876,2025-11-12,2025-11-12
CVE-2024-21927,0.000340000,0.089770000,0.33117483811285847,2025-11-12,2025-11-12
CVE-2017-20200,0.000200000,0.041640000,0.1364477335800185,2025-11-12,2025-11-12
CVE-2025-9353,0.000460000,0.141520000,0.6385291396854764,2025-11-12,2025-11-12
CVE-2025-8869,0.000230000,0.050150000,0.16026827012025902,2025-11-12,2025-11-12
CVE-2025-59824,0.000510000,0.158120000,0.7123034227567068,2025-11-12,2025-11-12
CVE-2025-59525,0.000450000,0.136380000,0.616558741905643,2025-11-12,2025-11-12
CVE-2025-59524,0.000420000,0.126080000,0.580018501387604,2025-11-12,2025-11-12
CVE-2025-59343,0.000230000,0.047780000,0.16026827012025902,2025-11-12,2025-11-12
CVE-2025-59305,0.000490000,0.152810000,0.68686401480111,2025-11-12,2025-11-12
CVE-2025-59251,0.000720000,0.222010000,0.8214616096207216,2025-11-12,2025-11-12
CVE-2025-57354,0.003560000,0.572330000,0.9565217391304348,2025-11-12,2025-11-12
CVE-2025-57353,0.000610000,0.189810000,0.7816836262719704,2025-11-12,2025-11-12
CVE-2025-57352,0.000650000,0.204510000,0.7992599444958371,2025-11-12,2025-11-12
CVE-2025-57351,0.000930000,0.268680000,0.86054579093432,2025-11-12,2025-11-12
CVE-2025-57350,0.001060000,0.293920000,0.877890841813136,2025-11-12,2025-11-12
CVE-2025-57349,0.001770000,0.396170000,0.9185938945420906,2025-11-12,2025-11-12
CVE-2025-57348,0.000880000,0.259450000,0.8526827012025902,2025-11-12,2025-11-12
CVE-2025-57347,0.000890000,0.260140000,0.8549953746530989,2025-11-12,2025-11-12
CVE-2025-57330,0.000580000,0.182670000,0.7624884366327475,2025-11-12,2025-11-12
CVE-2025-57329,0.000580000,0.182670000,0.7624884366327475,2025-11-12,2025-11-12
CVE-2025-57328,0.000580000,0.182670000,0.7624884366327475,2025-11-12,2025-11-12
CVE-2025-57327,0.000580000,0.182670000,0.7624884366327475,2025-11-12,2025-11-12
CVE-2025-57326,0.000580000,0.182670000,0.7624884366327475,2025-11-12,2025-11-12
CVE-2025-57325,0.000580000,0.182670000,0.7624884366327475,2025-11-12,2025-11-12
CVE-2025-57323,0.000580000,0.182670000,0.7624884366327475,2025-11-12,2025-11-12
CVE-2025-57321,0.000580000,0.183010000,0.7624884366327475,2025-11-12,2025-11-12
CVE-2025-56819,0.003530000,0.570270000,0.956290471785384,2025-11-12,2025-11-12
CVE-2025-56816,0.010760000,0.771130000,0.9826549491211841,2025-11-12,2025-11-12
CVE-2025-56815,0.001630000,0.378200000,0.9123496762257169,2025-11-12,2025-11-12
CVE-2025-56241,0.001470000,0.357170000,0.904486586493987,2025-11-12,2025-11-12
CVE-2025-55322,0.000930000,0.268830000,0.86054579093432,2025-11-12,2025-11-12
CVE-2025-55178,0.001180000,0.314140000,0.8917668825161887,2025-11-12,2025-11-12
CVE-2025-52907,0.007530000,0.723890000,0.9782608695652174,2025-11-12,2025-11-12
CVE-2025-52906,0.027070000,0.853850000,0.9895929694727105,2025-11-12,2025-11-12
CVE-2025-48869,0.001030000,0.289250000,0.8755781683626273,2025-11-12,2025-11-12
CVE-2025-48868,0.006160000,0.690790000,0.9754856614246068,2025-11-12,2025-11-12
CVE-2025-48867,0.000780000,0.237080000,0.8371877890841813,2025-11-12,2025-11-12
CVE-2025-47329,0.000150000,0.020070000,0.06637372802960222,2025-11-12,2025-11-12
CVE-2025-47328,0.000530000,0.164470000,0.7261794634597595,2025-11-12,2025-11-12
CVE-2025-47327,0.000150000,0.020070000,0.06637372802960222,2025-11-12,2025-11-12
CVE-2025-47326,0.000530000,0.164470000,0.7261794634597595,2025-11-12,2025-11-12
CVE-2025-47318,0.000740000,0.227380000,0.8288621646623496,2025-11-12,2025-11-12
CVE-2025-47317,0.000150000,0.020070000,0.06637372802960222,2025-11-12,2025-11-12
CVE-2025-47316,0.000150000,0.020070000,0.06637372802960222,2025-11-12,2025-11-12
CVE-2025-47315,0.000150000,0.020070000,0.06637372802960222,2025-11-12,2025-11-12
CVE-2025-47314,0.000220000,0.046600000,0.1540240518038853,2025-11-12,2025-11-12
CVE-2025-27077,0.000150000,0.020070000,0.06637372802960222,2025-11-12,2025-11-12
CVE-2025-27037,0.000150000,0.020070000,0.06637372802960222,2025-11-12,2025-11-12
CVE-2025-27036,0.000130000,0.013950000,0.046022201665124884,2025-11-12,2025-11-12
CVE-2025-27034,0.000610000,0.191740000,0.7816836262719704,2025-11-12,2025-11-12
CVE-2025-27033,0.000130000,0.013950000,0.046022201665124884,2025-11-12,2025-11-12
CVE-2025-27032,0.000180000,0.033750000,0.11632747456059205,2025-11-12,2025-11-12
CVE-2025-27030,0.000130000,0.013950000,0.046022201665124884,2025-11-12,2025-11-12
CVE-2025-23354,0.000240000,0.051220000,0.16466234967622573,2025-11-12,2025-11-12
CVE-2025-23353,0.000240000,0.051220000,0.16466234967622573,2025-11-12,2025-11-12
CVE-2025-23349,0.000240000,0.051220000,0.16466234967622573,2025-11-12,2025-11-12
CVE-2025-23348,0.000240000,0.051220000,0.16466234967622573,2025-11-12,2025-11-12
CVE-2025-23346,0.000190000,0.036610000,0.1276595744680851,2025-11-12,2025-11-12
CVE-2025-23340,0.000200000,0.040910000,0.1364477335800185,2025-11-12,2025-11-12
CVE-2025-23339,0.000140000,0.017320000,0.05226641998149861,2025-11-12,2025-11-12
CVE-2025-23338,0.000230000,0.048670000,0.16026827012025902,2025-11-12,2025-11-12
CVE-2025-23308,0.000140000,0.017320000,0.05226641998149861,2025-11-12,2025-11-12
CVE-2025-23275,0.000160000,0.026030000,0.08256244218316373,2025-11-12,2025-11-12
CVE-2025-23274,0.000150000,0.022440000,0.06637372802960222,2025-11-12,2025-11-12
CVE-2025-23273,0.000150000,0.021290000,0.06637372802960222,2025-11-12,2025-11-12
CVE-2025-23272,0.000170000,0.028920000,0.09181313598519888,2025-11-12,2025-11-12
CVE-2025-23271,0.000200000,0.040910000,0.1364477335800185,2025-11-12,2025-11-12
CVE-2025-23255,0.000190000,0.036610000,0.1276595744680851,2025-11-12,2025-11-12
CVE-2025-23248,0.000190000,0.036610000,0.1276595744680851,2025-11-12,2025-11-12
CVE-2025-21488,0.000600000,0.186810000,0.7745143385753932,2025-11-12,2025-11-12
CVE-2025-21487,0.000600000,0.186810000,0.7745143385753932,2025-11-12,2025-11-12
CVE-2025-21484,0.000600000,0.186810000,0.7745143385753932,2025-11-12,2025-11-12
CVE-2025-21483,0.000610000,0.191740000,0.7816836262719704,2025-11-12,2025-11-12
CVE-2025-21482,0.000160000,0.025380000,0.08256244218316373,2025-11-12,2025-11-12
CVE-2025-21481,0.000090000,0.006230000,0.030989824236817762,2025-11-12,2025-11-12
CVE-2025-21476,0.000150000,0.020070000,0.06637372802960222,2025-11-12,2025-11-12
CVE-2025-20365,0.000380000,0.108130000,0.48080481036077705,2025-11-12,2025-11-12
CVE-2025-20364,0.000140000,0.019010000,0.05226641998149861,2025-11-12,2025-11-12
CVE-2025-20352,0.013850000,0.797100000,0.9849676225716929,2025-11-12,2025-11-12
CVE-2025-20339,0.000320000,0.085180000,0.2967160037002775,2025-11-12,2025-11-12
CVE-2025-20338,0.000120000,0.012600000,0.042321924144310824,2025-11-12,2025-11-12
CVE-2025-20334,0.001150000,0.309480000,0.885522664199815,2025-11-12,2025-11-12
CVE-2025-20327,0.001600000,0.374860000,0.9114246068455134,2025-11-12,2025-11-12
CVE-2025-20316,0.000320000,0.085180000,0.2967160037002775,2025-11-12,2025-11-12
CVE-2025-20315,0.001500000,0.361870000,0.9072617946345976,2025-11-12,2025-11-12
CVE-2025-20314,0.000940000,0.270270000,0.862627197039778,2025-11-12,2025-11-12
CVE-2025-20313,0.001160000,0.310320000,0.8889916743755781,2025-11-12,2025-11-12
CVE-2025-20312,0.002300000,0.457110000,0.9396392229417206,2025-11-12,2025-11-12
CVE-2025-20311,0.000460000,0.141460000,0.6385291396854764,2025-11-12,2025-11-12
CVE-2025-20293,0.000240000,0.053330000,0.16466234967622573,2025-11-12,2025-11-12
CVE-2025-20240,0.000540000,0.169730000,0.734736355226642,2025-11-12,2025-11-12
CVE-2025-20160,0.000940000,0.270980000,0.862627197039778,2025-11-12,2025-11-12
CVE-2025-20149,0.000310000,0.078240000,0.2883903792784459,2025-11-12,2025-11-12
CVE-2025-10909,0.000310000,0.080830000,0.2883903792784459,2025-11-12,2025-11-12
CVE-2025-10892,0.000880000,0.258430000,0.8526827012025902,2025-11-12,2025-11-12
CVE-2025-10891,0.000880000,0.258430000,0.8526827012025902,2025-11-12,2025-11-12
CVE-2025-10890,0.000400000,0.118470000,0.5520351526364478,2025-11-12,2025-11-12
CVE-2025-10585,0.006040000,0.687160000,0.9745605920444034,2025-11-12,2025-11-12
CVE-2025-10502,0.000800000,0.243300000,0.8420444033302498,2025-11-12,2025-11-12
CVE-2025-10501,0.001100000,0.300120000,0.8827474560592045,2025-11-12,2025-11-12
CVE-2025-10500,0.001190000,0.315540000,0.8919981498612396,2025-11-12,2025-11-12
CVE-2025-10360,0.000290000,0.071230000,0.2784458834412581,2025-11-12,2025-11-12
CVE-2025-60249,0.000370000,0.105850000,0.4357076780758557,2025-11-12,2025-11-12
CVE-2025-60019,0.000450000,0.136640000,0.616558741905643,2025-11-12,2025-11-12
CVE-2025-60018,0.000530000,0.164060000,0.7261794634597595,2025-11-12,2025-11-12
CVE-2025-59841,0.000630000,0.195820000,0.7904717853839038,2025-11-12,2025-11-12
CVE-2025-59839,0.000400000,0.118600000,0.5520351526364478,2025-11-12,2025-11-12
CVE-2025-59838,0.000300000,0.073700000,0.28237742830712304,2025-11-12,2025-11-12
CVE-2025-59834,0.009590000,0.757290000,0.9814986123959297,2025-11-12,2025-11-12
CVE-2025-59833,0.000470000,0.141770000,0.6500925069380203,2025-11-12,2025-11-12
CVE-2025-59832,0.000620000,0.192870000,0.7874653098982424,2025-11-12,2025-11-12
CVE-2025-59831,0.000760000,0.233180000,0.8334875115633672,2025-11-12,2025-11-12
CVE-2025-59830,0.000640000,0.199430000,0.7941720629047179,2025-11-12,2025-11-12
CVE-2025-59828,0.000590000,0.183290000,0.7687326549491211,2025-11-12,2025-11-12
CVE-2025-59827,0.000440000,0.132870000,0.6066142460684552,2025-11-12,2025-11-12
CVE-2025-59823,0.000840000,0.250660000,0.8459759481961147,2025-11-12,2025-11-12
CVE-2025-59814,0.000780000,0.237490000,0.8371877890841813,2025-11-12,2025-11-12
CVE-2025-59426,0.000580000,0.181790000,0.7624884366327475,2025-11-12,2025-11-12
CVE-2025-59422,0.000340000,0.092000000,0.33117483811285847,2025-11-12,2025-11-12
CVE-2025-57632,0.000910000,0.263510000,0.8563829787234043,2025-11-12,2025-11-12
CVE-2025-57623,0.002570000,0.489570000,0.9438020351526365,2025-11-12,2025-11-12
CVE-2025-57446,0.001510000,0.362470000,0.9077243293246994,2025-11-12,2025-11-12
CVE-2025-57324,0.000610000,0.192350000,0.7816836262719704,2025-11-12,2025-11-12
CVE-2025-57320,0.000540000,0.169550000,0.734736355226642,2025-11-12,2025-11-12
CVE-2025-57319,0.000540000,0.168250000,0.734736355226642,2025-11-12,2025-11-12
CVE-2025-57318,0.000580000,0.182670000,0.7624884366327475,2025-11-12,2025-11-12
CVE-2025-57317,0.000570000,0.177480000,0.7553191489361702,2025-11-12,2025-11-12
CVE-2025-55560,0.000500000,0.155100000,0.7009713228492137,2025-11-12,2025-11-12
CVE-2025-55559,0.000300000,0.074560000,0.28237742830712304,2025-11-12,2025-11-12
CVE-2025-55558,0.000500000,0.155100000,0.7009713228492137,2025-11-12,2025-11-12
CVE-2025-55557,0.000500000,0.155100000,0.7009713228492137,2025-11-12,2025-11-12
CVE-2025-55556,0.000250000,0.056500000,0.19703977798334876,2025-11-12,2025-11-12
CVE-2025-55554,0.000520000,0.161250000,0.7197039777983348,2025-11-12,2025-11-12
CVE-2025-55553,0.000500000,0.155100000,0.7009713228492137,2025-11-12,2025-11-12
CVE-2025-55552,0.000530000,0.166250000,0.7261794634597595,2025-11-12,2025-11-12
CVE-2025-55551,0.000530000,0.165460000,0.7261794634597595,2025-11-12,2025-11-12
CVE-2025-5494,0.000100000,0.007460000,0.03538390379278446,2025-11-12,2025-11-12
CVE-2025-54520,0.000260000,0.061340000,0.22687326549491213,2025-11-12,2025-11-12
CVE-2025-48707,0.000540000,0.170590000,0.734736355226642,2025-11-12,2025-11-12
CVE-2025-46153,0.000410000,0.122220000,0.5675300647548566,2025-11-12,2025-11-12
CVE-2025-46152,0.000490000,0.151080000,0.68686401480111,2025-11-12,2025-11-12
CVE-2025-46150,0.000390000,0.111680000,0.49283071230342274,2025-11-12,2025-11-12
CVE-2025-46149,0.000360000,0.101360000,0.40148011100832565,2025-11-12,2025-11-12
CVE-2025-46148,0.000390000,0.111680000,0.49283071230342274,2025-11-12,2025-11-12
CVE-2025-43993,0.000170000,0.028730000,0.09181313598519888,2025-11-12,2025-11-12
CVE-2025-43943,0.000450000,0.137620000,0.616558741905643,2025-11-12,2025-11-12
CVE-2025-43816,0.000600000,0.188570000,0.7745143385753932,2025-11-12,2025-11-12
CVE-2025-40838,0.000440000,0.131100000,0.6066142460684552,2025-11-12,2025-11-12
CVE-2025-40837,0.000530000,0.165670000,0.7261794634597595,2025-11-12,2025-11-12
CVE-2025-40836,0.001780000,0.397150000,0.9192876965772433,2025-11-12,2025-11-12
CVE-2025-40698,0.000390000,0.111850000,0.49283071230342274,2025-11-12,2025-11-12
CVE-2025-36857,0.000150000,0.019990000,0.06637372802960222,2025-11-12,2025-11-12
CVE-2025-36601,0.000520000,0.161500000,0.7197039777983348,2025-11-12,2025-11-12
CVE-2025-34227,0.011960000,0.782330000,0.9833487511563367,2025-11-12,2025-11-12
CVE-2025-33116,0.000300000,0.076950000,0.28237742830712304,2025-11-12,2025-11-12
CVE-2025-29157,0.001550000,0.367720000,0.9098057354301573,2025-11-12,2025-11-12
CVE-2025-29156,0.000810000,0.244420000,0.8438945420906568,2025-11-12,2025-11-12
CVE-2025-29155,0.001220000,0.320880000,0.8938482886216467,2025-11-12,2025-11-12
CVE-2025-27262,0.000420000,0.124830000,0.580018501387604,2025-11-12,2025-11-12
CVE-2025-27261,0.000370000,0.105120000,0.4357076780758557,2025-11-12,2025-11-12
CVE-2025-26333,0.000600000,0.188780000,0.7745143385753932,2025-11-12,2025-11-12
CVE-2025-26278,0.000580000,0.182670000,0.7624884366327475,2025-11-12,2025-11-12
CVE-2025-21056,0.000350000,0.096120000,0.35545790934320076,2025-11-12,2025-11-12
CVE-2025-20363,0.003340000,0.556670000,0.9528214616096207,2025-11-12,2025-11-12
CVE-2025-20362,0.297180000,0.964110000,0.9979185938945421,2025-11-12,2025-11-12
CVE-2025-20333,0.040490000,0.880070000,0.9919056429232193,2025-11-12,2025-11-12
CVE-2025-10967,0.000400000,0.118460000,0.5520351526364478,2025-11-12,2025-11-12
CVE-2025-10965,0.000520000,0.160640000,0.7197039777983348,2025-11-12,2025-11-12
CVE-2025-10964,0.004350000,0.621390000,0.9653098982423681,2025-11-12,2025-11-12
CVE-2025-10963,0.004350000,0.621390000,0.9653098982423681,2025-11-12,2025-11-12
CVE-2025-10962,0.004350000,0.621390000,0.9653098982423681,2025-11-12,2025-11-12
CVE-2025-10961,0.013400000,0.793880000,0.9845050878815911,2025-11-12,2025-11-12
CVE-2025-10960,0.004350000,0.621390000,0.9653098982423681,2025-11-12,2025-11-12
CVE-2025-10959,0.004350000,0.621390000,0.9653098982423681,2025-11-12,2025-11-12
CVE-2025-10958,0.004350000,0.621390000,0.9653098982423681,2025-11-12,2025-11-12
CVE-2025-10957,0.002070000,0.431900000,0.9338575393154487,2025-11-12,2025-11-12
CVE-2025-10953,0.001060000,0.292930000,0.877890841813136,2025-11-12,2025-11-12
CVE-2025-10952,0.000420000,0.126160000,0.580018501387604,2025-11-12,2025-11-12
CVE-2025-10951,0.000830000,0.249340000,0.8450508788159112,2025-11-12,2025-11-12
CVE-2025-10950,0.000520000,0.160640000,0.7197039777983348,2025-11-12,2025-11-12
CVE-2025-10949,0.000330000,0.087930000,0.31961147086031455,2025-11-12,2025-11-12
CVE-2025-10948,0.000560000,0.174340000,0.7506938020351527,2025-11-12,2025-11-12
CVE-2025-10947,0.000450000,0.137630000,0.616558741905643,2025-11-12,2025-11-12
CVE-2025-10946,0.000340000,0.090110000,0.33117483811285847,2025-11-12,2025-11-12
CVE-2025-10945,0.000340000,0.090110000,0.33117483811285847,2025-11-12,2025-11-12
CVE-2025-10944,0.000340000,0.090110000,0.33117483811285847,2025-11-12,2025-11-12
CVE-2025-10943,0.000340000,0.090110000,0.33117483811285847,2025-11-12,2025-11-12
CVE-2025-10942,0.000560000,0.174340000,0.7506938020351527,2025-11-12,2025-11-12
CVE-2025-10941,0.000130000,0.015280000,0.046022201665124884,2025-11-12,2025-11-12
CVE-2025-10940,0.000310000,0.080020000,0.2883903792784459,2025-11-12,2025-11-12
CVE-2025-10911,0.000140000,0.017140000,0.05226641998149861,2025-11-12,2025-11-12
CVE-2025-10894,0.000580000,0.179770000,0.7624884366327475,2025-11-12,2025-11-12
CVE-2025-10880,0.000430000,0.127690000,0.5952821461609621,2025-11-12,2025-11-12
CVE-2025-10879,0.000460000,0.139000000,0.6385291396854764,2025-11-12,2025-11-12
CVE-2025-10542,0.001460000,0.355540000,0.9040240518038853,2025-11-12,2025-11-12
CVE-2025-10541,0.000140000,0.017440000,0.05226641998149861,2025-11-12,2025-11-12
CVE-2025-10540,0.000160000,0.024970000,0.08256244218316373,2025-11-12,2025-11-12
CVE-2025-10467,0.000470000,0.142420000,0.6500925069380203,2025-11-12,2025-11-12
CVE-2025-10449,0.000620000,0.194090000,0.7874653098982424,2025-11-12,2025-11-12
CVE-2025-10438,0.000620000,0.194090000,0.7874653098982424,2025-11-12,2025-11-12
CVE-2024-48014,0.000780000,0.237200000,0.8371877890841813,2025-11-12,2025-11-12
CVE-2020-36851,0.004990000,0.650460000,0.9697039777983348,2025-11-12,2025-11-12
CVE-2025-9985,0.020350000,0.832430000,0.9882053654024052,2025-11-12,2025-11-12
CVE-2025-9984,0.000520000,0.162660000,0.7197039777983348,2025-11-12,2025-11-12
CVE-2025-9490,0.000390000,0.114170000,0.49283071230342274,2025-11-12,2025-11-12
CVE-2025-9044,0.000350000,0.096500000,0.35545790934320076,2025-11-12,2025-11-12
CVE-2025-8906,0.000370000,0.105850000,0.4357076780758557,2025-11-12,2025-11-12
CVE-2025-8200,0.000370000,0.104390000,0.4357076780758557,2025-11-12,2025-11-12
CVE-2025-60251,0.000250000,0.055730000,0.19703977798334876,2025-11-12,2025-11-12
CVE-2025-60250,0.000390000,0.112710000,0.49283071230342274,2025-11-12,2025-11-12
CVE-2025-60119,0.000390000,0.115180000,0.49283071230342274,2025-11-12,2025-11-12
CVE-2025-60118,0.000380000,0.109710000,0.48080481036077705,2025-11-12,2025-11-12
CVE-2025-60117,0.000170000,0.030380000,0.09181313598519888,2025-11-12,2025-11-12
CVE-2025-60116,0.000460000,0.138480000,0.6385291396854764,2025-11-12,2025-11-12
CVE-2025-60115,0.000170000,0.030380000,0.09181313598519888,2025-11-12,2025-11-12
CVE-2025-60114,0.000540000,0.169890000,0.734736355226642,2025-11-12,2025-11-12
CVE-2025-60113,0.000170000,0.030380000,0.09181313598519888,2025-11-12,2025-11-12
CVE-2025-60112,0.000390000,0.113320000,0.49283071230342274,2025-11-12,2025-11-12
CVE-2025-60111,0.000220000,0.045860000,0.1540240518038853,2025-11-12,2025-11-12
CVE-2025-60110,0.000380000,0.109710000,0.48080481036077705,2025-11-12,2025-11-12
CVE-2025-60109,0.000380000,0.109710000,0.48080481036077705,2025-11-12,2025-11-12
CVE-2025-60108,0.000380000,0.109710000,0.48080481036077705,2025-11-12,2025-11-12
CVE-2025-60107,0.000380000,0.109710000,0.48080481036077705,2025-11-12,2025-11-12
CVE-2025-60106,0.000480000,0.148510000,0.6806197964847364,2025-11-12,2025-11-12
CVE-2025-60105,0.000390000,0.113320000,0.49283071230342274,2025-11-12,2025-11-12
CVE-2025-60104,0.000360000,0.100410000,0.40148011100832565,2025-11-12,2025-11-12
CVE-2025-60103,0.000460000,0.138480000,0.6385291396854764,2025-11-12,2025-11-12
CVE-2025-60102,0.000390000,0.113320000,0.49283071230342274,2025-11-12,2025-11-12
CVE-2025-60101,0.000360000,0.100410000,0.40148011100832565,2025-11-12,2025-11-12
CVE-2025-60100,0.000560000,0.173570000,0.7506938020351527,2025-11-12,2025-11-12
CVE-2025-60099,0.000390000,0.113320000,0.49283071230342274,2025-11-12,2025-11-12
CVE-2025-60098,0.000540000,0.168990000,0.734736355226642,2025-11-12,2025-11-12
CVE-2025-60097,0.000460000,0.138480000,0.6385291396854764,2025-11-12,2025-11-12
CVE-2025-60096,0.000460000,0.138480000,0.6385291396854764,2025-11-12,2025-11-12
CVE-2025-60095,0.000350000,0.096290000,0.35545790934320076,2025-11-12,2025-11-12
CVE-2025-60094,0.000340000,0.091020000,0.33117483811285847,2025-11-12,2025-11-12
CVE-2025-60093,0.000170000,0.030380000,0.09181313598519888,2025-11-12,2025-11-12
CVE-2025-60092,0.000390000,0.115180000,0.49283071230342274,2025-11-12,2025-11-12
CVE-2025-60040,0.000390000,0.113320000,0.49283071230342274,2025-11-12,2025-11-12
CVE-2025-60017,0.008900000,0.747960000,0.9805735430157262,2025-11-12,2025-11-12
CVE-2025-59817,0.000500000,0.153320000,0.7009713228492137,2025-11-12,2025-11-12
CVE-2025-59816,0.000950000,0.271710000,0.8640148011100832,2025-11-12,2025-11-12
CVE-2025-59815,0.000670000,0.209270000,0.8050416281221091,2025-11-12,2025-11-12
CVE-2025-59408,0.000300000,0.076960000,0.28237742830712304,2025-11-12,2025-11-12
CVE-2025-59404,0.000530000,0.166660000,0.7261794634597595,2025-11-12,2025-11-12
CVE-2025-59402,0.000240000,0.050590000,0.16466234967622573,2025-11-12,2025-11-12
CVE-2025-59012,0.000390000,0.115410000,0.49283071230342274,2025-11-12,2025-11-12
CVE-2025-59011,0.000590000,0.183430000,0.7687326549491211,2025-11-12,2025-11-12
CVE-2025-59010,0.000440000,0.132340000,0.6066142460684552,2025-11-12,2025-11-12
CVE-2025-59002,0.000610000,0.191650000,0.7816836262719704,2025-11-12,2025-11-12
CVE-2025-58919,0.000400000,0.118280000,0.5520351526364478,2025-11-12,2025-11-12
CVE-2025-58917,0.000390000,0.113320000,0.49283071230342274,2025-11-12,2025-11-12
CVE-2025-58914,0.000170000,0.030380000,0.09181313598519888,2025-11-12,2025-11-12
CVE-2025-56769,0.001330000,0.336990000,0.898936170212766,2025-11-12,2025-11-12
CVE-2025-54831,0.000560000,0.176380000,0.7506938020351527,2025-11-12,2025-11-12
CVE-2025-4957,0.000390000,0.115410000,0.49283071230342274,2025-11-12,2025-11-12
CVE-2025-48326,0.000340000,0.091020000,0.33117483811285847,2025-11-12,2025-11-12
CVE-2025-48107,0.000390000,0.115410000,0.49283071230342274,2025-11-12,2025-11-12
CVE-2025-35027,0.015590000,0.808720000,0.9861239592969473,2025-11-12,2025-11-12
CVE-2025-27006,0.000390000,0.113320000,0.49283071230342274,2025-11-12,2025-11-12
CVE-2025-26482,0.000400000,0.119710000,0.5520351526364478,2025-11-12,2025-11-12
CVE-2025-1862,0.003020000,0.530520000,0.9488899167437558,2025-11-12,2025-11-12
CVE-2025-1396,0.000410000,0.123160000,0.5675300647548566,2025-11-12,2025-11-12
CVE-2025-11021,0.000510000,0.157820000,0.7123034227567068,2025-11-12,2025-11-12
CVE-2025-11005,0.027070000,0.853850000,0.9895929694727105,2025-11-12,2025-11-12
CVE-2025-11000,0.000240000,0.052290000,0.16466234967622573,2025-11-12,2025-11-12
CVE-2025-10999,0.000270000,0.062700000,0.26688251618871417,2025-11-12,2025-11-12
CVE-2025-10998,0.000270000,0.062700000,0.26688251618871417,2025-11-12,2025-11-12
CVE-2025-10997,0.000260000,0.060290000,0.22687326549491213,2025-11-12,2025-11-12
CVE-2025-10996,0.000260000,0.060290000,0.22687326549491213,2025-11-12,2025-11-12
CVE-2025-10995,0.000310000,0.078360000,0.2883903792784459,2025-11-12,2025-11-12
CVE-2025-10994,0.000260000,0.060290000,0.22687326549491213,2025-11-12,2025-11-12
CVE-2025-10993,0.000470000,0.143310000,0.6500925069380203,2025-11-12,2025-11-12
CVE-2025-10992,0.000420000,0.126160000,0.580018501387604,2025-11-12,2025-11-12
CVE-2025-10989,0.000420000,0.123230000,0.580018501387604,2025-11-12,2025-11-12
CVE-2025-10988,0.000430000,0.130030000,0.5952821461609621,2025-11-12,2025-11-12
CVE-2025-10987,0.000430000,0.130030000,0.5952821461609621,2025-11-12,2025-11-12
CVE-2025-10981,0.000330000,0.089020000,0.31961147086031455,2025-11-12,2025-11-12
CVE-2025-10980,0.000330000,0.089020000,0.31961147086031455,2025-11-12,2025-11-12
CVE-2025-10979,0.000330000,0.089020000,0.31961147086031455,2025-11-12,2025-11-12
CVE-2025-10978,0.000330000,0.089020000,0.31961147086031455,2025-11-12,2025-11-12
CVE-2025-10977,0.000330000,0.089020000,0.31961147086031455,2025-11-12,2025-11-12
CVE-2025-10976,0.000330000,0.089020000,0.31961147086031455,2025-11-12,2025-11-12
CVE-2025-10975,0.000550000,0.173040000,0.7439870490286772,2025-11-12,2025-11-12
CVE-2025-10974,0.000550000,0.173040000,0.7439870490286772,2025-11-12,2025-11-12
CVE-2025-10973,0.000400000,0.118460000,0.5520351526364478,2025-11-12,2025-11-12
CVE-2025-10871,0.000150000,0.021690000,0.06637372802960222,2025-11-12,2025-11-12
CVE-2025-10867,0.000320000,0.083230000,0.2967160037002775,2025-11-12,2025-11-12
CVE-2025-10858,0.000470000,0.143080000,0.6500925069380203,2025-11-12,2025-11-12
CVE-2025-10752,0.000250000,0.054860000,0.19703977798334876,2025-11-12,2025-11-12
CVE-2025-10747,0.003190000,0.544010000,0.9509713228492137,2025-11-12,2025-11-12
CVE-2025-10745,0.001310000,0.333680000,0.8984736355226642,2025-11-12,2025-11-12
CVE-2025-10490,0.000310000,0.080030000,0.2883903792784459,2025-11-12,2025-11-12
CVE-2025-10377,0.000140000,0.016610000,0.05226641998149861,2025-11-12,2025-11-12
CVE-2025-10307,0.014090000,0.798710000,0.9851988899167438,2025-11-12,2025-11-12
CVE-2025-10180,0.000390000,0.114170000,0.49283071230342274,2025-11-12,2025-11-12
CVE-2025-10178,0.000420000,0.124290000,0.580018501387604,2025-11-12,2025-11-12
CVE-2025-10173,0.000410000,0.122960000,0.5675300647548566,2025-11-12,2025-11-12
CVE-2025-10137,0.000780000,0.237670000,0.8371877890841813,2025-11-12,2025-11-12
CVE-2025-10136,0.000370000,0.105850000,0.4357076780758557,2025-11-12,2025-11-12
CVE-2025-10037,0.000320000,0.084640000,0.2967160037002775,2025-11-12,2025-11-12
CVE-2025-10036,0.000320000,0.084640000,0.2967160037002775,2025-11-12,2025-11-12
CVE-2025-9958,0.000120000,0.011520000,0.042321924144310824,2025-11-12,2025-11-12
CVE-2025-9642,0.000480000,0.147170000,0.6806197964847364,2025-11-12,2025-11-12
CVE-2025-9267,0.000190000,0.036820000,0.1276595744680851,2025-11-12,2025-11-12
CVE-2025-7691,0.000070000,0.003470000,0.016419981498612395,2025-11-12,2025-11-12
CVE-2025-6396,0.000340000,0.092530000,0.33117483811285847,2025-11-12,2025-11-12
CVE-2025-60219,0.000610000,0.191740000,0.7816836262719704,2025-11-12,2025-11-12
CVE-2025-60186,0.000360000,0.100410000,0.40148011100832565,2025-11-12,2025-11-12
CVE-2025-60185,0.000360000,0.100410000,0.40148011100832565,2025-11-12,2025-11-12
CVE-2025-60184,0.000360000,0.100410000,0.40148011100832565,2025-11-12,2025-11-12
CVE-2025-60181,0.000380000,0.110020000,0.48080481036077705,2025-11-12,2025-11-12
CVE-2025-60179,0.000360000,0.100410000,0.40148011100832565,2025-11-12,2025-11-12
CVE-2025-60177,0.000360000,0.100410000,0.40148011100832565,2025-11-12,2025-11-12
CVE-2025-60173,0.000170000,0.029300000,0.09181313598519888,2025-11-12,2025-11-12
CVE-2025-60172,0.000170000,0.029300000,0.09181313598519888,2025-11-12,2025-11-12
CVE-2025-60171,0.000170000,0.029300000,0.09181313598519888,2025-11-12,2025-11-12
CVE-2025-60170,0.000170000,0.029300000,0.09181313598519888,2025-11-12,2025-11-12
CVE-2025-60169,0.000170000,0.029300000,0.09181313598519888,2025-11-12,2025-11-12
CVE-2025-60167,0.000350000,0.096290000,0.35545790934320076,2025-11-12,2025-11-12
CVE-2025-60166,0.000340000,0.091020000,0.33117483811285847,2025-11-12,2025-11-12
CVE-2025-60165,0.000340000,0.091020000,0.33117483811285847,2025-11-12,2025-11-12
CVE-2025-60164,0.000170000,0.029300000,0.09181313598519888,2025-11-12,2025-11-12
CVE-2025-60163,0.000390000,0.113320000,0.49283071230342274,2025-11-12,2025-11-12
CVE-2025-60162,0.000390000,0.113320000,0.49283071230342274,2025-11-12,2025-11-12
CVE-2025-60161,0.000380000,0.110020000,0.48080481036077705,2025-11-12,2025-11-12
CVE-2025-60160,0.000360000,0.100410000,0.40148011100832565,2025-11-12,2025-11-12
CVE-2025-60159,0.000340000,0.091020000,0.33117483811285847,2025-11-12,2025-11-12
CVE-2025-60158,0.000360000,0.100410000,0.40148011100832565,2025-11-12,2025-11-12
CVE-2025-60157,0.000390000,0.113320000,0.49283071230342274,2025-11-12,2025-11-12
CVE-2025-60156,0.000210000,0.043100000,0.14662349676225717,2025-11-12,2025-11-12
CVE-2025-60155,0.000400000,0.118280000,0.5520351526364478,2025-11-12,2025-11-12
CVE-2025-60154,0.000360000,0.100410000,0.40148011100832565,2025-11-12,2025-11-12
CVE-2025-60153,0.001470000,0.357010000,0.904486586493987,2025-11-12,2025-11-12
CVE-2025-60152,0.000340000,0.091020000,0.33117483811285847,2025-11-12,2025-11-12
CVE-2025-60150,0.001470000,0.357010000,0.904486586493987,2025-11-12,2025-11-12
CVE-2025-60149,0.000360000,0.100410000,0.40148011100832565,2025-11-12,2025-11-12
CVE-2025-60148,0.000340000,0.091020000,0.33117483811285847,2025-11-12,2025-11-12
CVE-2025-60147,0.000390000,0.113320000,0.49283071230342274,2025-11-12,2025-11-12
CVE-2025-60146,0.000360000,0.100410000,0.40148011100832565,2025-11-12,2025-11-12
CVE-2025-60145,0.000170000,0.030380000,0.09181313598519888,2025-11-12,2025-11-12
CVE-2025-60144,0.000360000,0.100410000,0.40148011100832565,2025-11-12,2025-11-12
CVE-2025-60143,0.000340000,0.091020000,0.33117483811285847,2025-11-12,2025-11-12
CVE-2025-60142,0.000390000,0.113320000,0.49283071230342274,2025-11-12,2025-11-12
CVE-2025-60141,0.000360000,0.100410000,0.40148011100832565,2025-11-12,2025-11-12
CVE-2025-60140,0.000390000,0.115180000,0.49283071230342274,2025-11-12,2025-11-12
CVE-2025-60139,0.000170000,0.030380000,0.09181313598519888,2025-11-12,2025-11-12
CVE-2025-60138,0.000390000,0.113320000,0.49283071230342274,2025-11-12,2025-11-12
CVE-2025-60137,0.000170000,0.030380000,0.09181313598519888,2025-11-12,2025-11-12
CVE-2025-60136,0.000360000,0.100410000,0.40148011100832565,2025-11-12,2025-11-12
CVE-2025-60133,0.000360000,0.100410000,0.40148011100832565,2025-11-12,2025-11-12
CVE-2025-60130,0.000400000,0.118280000,0.5520351526364478,2025-11-12,2025-11-12
CVE-2025-60129,0.000400000,0.118280000,0.5520351526364478,2025-11-12,2025-11-12
CVE-2025-60128,0.000340000,0.091020000,0.33117483811285847,2025-11-12,2025-11-12
CVE-2025-60127,0.000460000,0.138480000,0.6385291396854764,2025-11-12,2025-11-12
CVE-2025-60126,0.001470000,0.357010000,0.904486586493987,2025-11-12,2025-11-12
CVE-2025-60125,0.000390000,0.115180000,0.49283071230342274,2025-11-12,2025-11-12
CVE-2025-60124,0.000390000,0.113320000,0.49283071230342274,2025-11-12,2025-11-12
CVE-2025-60123,0.000340000,0.091020000,0.33117483811285847,2025-11-12,2025-11-12
CVE-2025-60122,0.000340000,0.091020000,0.33117483811285847,2025-11-12,2025-11-12
CVE-2025-60121,0.000400000,0.118280000,0.5520351526364478,2025-11-12,2025-11-12
CVE-2025-60120,0.000400000,0.119430000,0.5520351526364478,2025-11-12,2025-11-12
CVE-2025-59844,0.005020000,0.651510000,0.9699352451433858,2025-11-12,2025-11-12
CVE-2025-59843,0.000410000,0.123160000,0.5675300647548566,2025-11-12,2025-11-12
CVE-2025-59842,0.000330000,0.088540000,0.31961147086031455,2025-11-12,2025-11-12
CVE-2025-59362,0.000860000,0.255040000,0.8499074930619797,2025-11-12,2025-11-12
CVE-2025-58385,0.000180000,0.034590000,0.11632747456059205,2025-11-12,2025-11-12
CVE-2025-57292,0.000440000,0.131640000,0.6066142460684552,2025-11-12,2025-11-12
CVE-2025-56463,0.000190000,0.038860000,0.1276595744680851,2025-11-12,2025-11-12
CVE-2025-56383,0.000170000,0.029510000,0.09181313598519888,2025-11-12,2025-11-12
CVE-2025-55848,0.000670000,0.209580000,0.8050416281221091,2025-11-12,2025-11-12
CVE-2025-55847,0.000250000,0.055020000,0.19703977798334876,2025-11-12,2025-11-12
CVE-2025-55187,0.000500000,0.155290000,0.7009713228492137,2025-11-12,2025-11-12
CVE-2025-5069,0.000090000,0.005870000,0.030989824236817762,2025-11-12,2025-11-12
CVE-2025-45994,0.000570000,0.176660000,0.7553191489361702,2025-11-12,2025-11-12
CVE-2025-36326,0.000410000,0.121230000,0.5675300647548566,2025-11-12,2025-11-12
CVE-2025-36274,0.000310000,0.081250000,0.2883903792784459,2025-11-12,2025-11-12
CVE-2025-26258,0.000340000,0.092530000,0.33117483811285847,2025-11-12,2025-11-12
CVE-2025-11060,0.000380000,0.109300000,0.48080481036077705,2025-11-12,2025-11-12
CVE-2025-11042,0.000410000,0.121770000,0.5675300647548566,2025-11-12,2025-11-12
CVE-2025-11034,0.000490000,0.151410000,0.68686401480111,2025-11-12,2025-11-12
CVE-2025-11033,0.000370000,0.105640000,0.4357076780758557,2025-11-12,2025-11-12
CVE-2025-11032,0.000370000,0.105640000,0.4357076780758557,2025-11-12,2025-11-12
CVE-2025-11031,0.001590000,0.373900000,0.9111933395004626,2025-11-12,2025-11-12
CVE-2025-11030,0.000540000,0.169780000,0.734736355226642,2025-11-12,2025-11-12
CVE-2025-11029,0.000260000,0.058200000,0.22687326549491213,2025-11-12,2025-11-12
CVE-2025-11028,0.000520000,0.162710000,0.7197039777983348,2025-11-12,2025-11-12
CVE-2025-11027,0.000300000,0.074130000,0.28237742830712304,2025-11-12,2025-11-12
CVE-2025-11026,0.000350000,0.095580000,0.35545790934320076,2025-11-12,2025-11-12
CVE-2025-11025,0.000360000,0.101780000,0.40148011100832565,2025-11-12,2025-11-12
CVE-2025-11019,0.000310000,0.080020000,0.2883903792784459,2025-11-12,2025-11-12
CVE-2025-11018,0.003240000,0.548890000,0.9514338575393154,2025-11-12,2025-11-12
CVE-2025-11017,0.000270000,0.062700000,0.26688251618871417,2025-11-12,2025-11-12
CVE-2025-11016,0.000540000,0.168070000,0.734736355226642,2025-11-12,2025-11-12
CVE-2025-11015,0.000170000,0.028900000,0.09181313598519888,2025-11-12,2025-11-12
CVE-2025-11014,0.000260000,0.060290000,0.22687326549491213,2025-11-12,2025-11-12
CVE-2025-11013,0.000220000,0.047130000,0.1540240518038853,2025-11-12,2025-11-12
CVE-2025-11012,0.000250000,0.055550000,0.19703977798334876,2025-11-12,2025-11-12
CVE-2025-11011,0.000240000,0.054500000,0.16466234967622573,2025-11-12,2025-11-12
CVE-2025-11010,0.000160000,0.027870000,0.08256244218316373,2025-11-12,2025-11-12
CVE-2025-10868,0.000150000,0.020760000,0.06637372802960222,2025-11-12,2025-11-12
CVE-2025-10544,0.000550000,0.172770000,0.7439870490286772,2025-11-12,2025-11-12
CVE-2025-9944,0.000150000,0.022610000,0.06637372802960222,2025-11-12,2025-11-12
CVE-2025-9899,0.000150000,0.019670000,0.06637372802960222,2025-11-12,2025-11-12
CVE-2025-9898,0.000150000,0.022610000,0.06637372802960222,2025-11-12,2025-11-12
CVE-2025-9896,0.000150000,0.022610000,0.06637372802960222,2025-11-12,2025-11-12
CVE-2025-9894,0.000150000,0.022610000,0.06637372802960222,2025-11-12,2025-11-12
CVE-2025-9893,0.000150000,0.022610000,0.06637372802960222,2025-11-12,2025-11-12
CVE-2025-9816,0.001770000,0.396280000,0.9185938945420906,2025-11-12,2025-11-12
CVE-2025-8440,0.000370000,0.104390000,0.4357076780758557,2025-11-12,2025-11-12
CVE-2025-8014,0.000790000,0.241530000,0.8399629972247918,2025-11-12,2025-11-12
CVE-2025-7647,0.000180000,0.034770000,0.11632747456059205,2025-11-12,2025-11-12
CVE-2025-59945,0.000360000,0.101340000,0.40148011100832565,2025-11-12,2025-11-12
CVE-2025-59939,0.000390000,0.114330000,0.49283071230342274,2025-11-12,2025-11-12
CVE-2025-59938,0.000710000,0.219800000,0.8198427382053654,2025-11-12,2025-11-12
CVE-2025-59936,0.000650000,0.202760000,0.7992599444958371,2025-11-12,2025-11-12
CVE-2025-59934,0.000110000,0.009920000,0.03954671600370028,2025-11-12,2025-11-12
CVE-2025-59932,0.000630000,0.197580000,0.7904717853839038,2025-11-12,2025-11-12
CVE-2025-59845,0.000160000,0.026500000,0.08256244218316373,2025-11-12,2025-11-12
CVE-2025-58384,0.005530000,0.671580000,0.9727104532839963,2025-11-12,2025-11-12
CVE-2025-57692,0.000570000,0.179130000,0.7553191489361702,2025-11-12,2025-11-12
CVE-2025-36239,0.001040000,0.291140000,0.8767345050878816,2025-11-12,2025-11-12
CVE-2025-36144,0.000140000,0.016810000,0.05226641998149861,2025-11-12,2025-11-12
CVE-2025-3193,0.000690000,0.215470000,0.8149861239592969,2025-11-12,2025-11-12
CVE-2025-11120,0.000880000,0.258760000,0.8526827012025902,2025-11-12,2025-11-12
CVE-2025-11119,0.000410000,0.122870000,0.5675300647548566,2025-11-12,2025-11-12
CVE-2025-11118,0.000370000,0.105640000,0.4357076780758557,2025-11-12,2025-11-12
CVE-2025-11117,0.000920000,0.265780000,0.8582331174838113,2025-11-12,2025-11-12
CVE-2025-11116,0.000370000,0.105640000,0.4357076780758557,2025-11-12,2025-11-12
CVE-2025-11115,0.000370000,0.105640000,0.4357076780758557,2025-11-12,2025-11-12
CVE-2025-11114,0.000320000,0.085030000,0.2967160037002775,2025-11-12,2025-11-12
CVE-2025-11113,0.000330000,0.088780000,0.31961147086031455,2025-11-12,2025-11-12
CVE-2025-11112,0.000410000,0.122870000,0.5675300647548566,2025-11-12,2025-11-12
CVE-2025-11111,0.000370000,0.105640000,0.4357076780758557,2025-11-12,2025-11-12
CVE-2025-11110,0.000370000,0.105640000,0.4357076780758557,2025-11-12,2025-11-12
CVE-2025-11109,0.000370000,0.105640000,0.4357076780758557,2025-11-12,2025-11-12
CVE-2025-11108,0.000360000,0.098300000,0.40148011100832565,2025-11-12,2025-11-12
CVE-2025-11107,0.000360000,0.098300000,0.40148011100832565,2025-11-12,2025-11-12
CVE-2025-11106,0.000360000,0.098300000,0.40148011100832565,2025-11-12,2025-11-12
CVE-2025-11105,0.000360000,0.098300000,0.40148011100832565,2025-11-12,2025-11-12
CVE-2025-11104,0.000320000,0.085030000,0.2967160037002775,2025-11-12,2025-11-12
CVE-2025-11103,0.000520000,0.161450000,0.7197039777983348,2025-11-12,2025-11-12
CVE-2025-11102,0.000360000,0.098300000,0.40148011100832565,2025-11-12,2025-11-12
CVE-2025-11101,0.000360000,0.098300000,0.40148011100832565,2025-11-12,2025-11-12
CVE-2025-11100,0.001150000,0.308660000,0.885522664199815,2025-11-12,2025-11-12
CVE-2025-11099,0.001150000,0.308660000,0.885522664199815,2025-11-12,2025-11-12
CVE-2025-11098,0.001150000,0.308660000,0.885522664199815,2025-11-12,2025-11-12
CVE-2025-11097,0.001150000,0.308660000,0.885522664199815,2025-11-12,2025-11-12
CVE-2025-11096,0.001150000,0.308660000,0.885522664199815,2025-11-12,2025-11-12
CVE-2025-11095,0.001150000,0.308660000,0.885522664199815,2025-11-12,2025-11-12
CVE-2025-11094,0.000400000,0.119480000,0.5520351526364478,2025-11-12,2025-11-12
CVE-2025-11092,0.001150000,0.308660000,0.885522664199815,2025-11-12,2025-11-12
CVE-2025-11091,0.000880000,0.258760000,0.8526827012025902,2025-11-12,2025-11-12
CVE-2025-11090,0.000470000,0.141800000,0.6500925069380203,2025-11-12,2025-11-12
CVE-2025-11089,0.000370000,0.105640000,0.4357076780758557,2025-11-12,2025-11-12
CVE-2025-11088,0.000320000,0.085030000,0.2967160037002775,2025-11-12,2025-11-12
CVE-2025-11083,0.000230000,0.048010000,0.16026827012025902,2025-11-12,2025-11-12
CVE-2025-11082,0.000200000,0.041580000,0.1364477335800185,2025-11-12,2025-11-12
CVE-2025-11081,0.000230000,0.049190000,0.16026827012025902,2025-11-12,2025-11-12
CVE-2025-11080,0.000340000,0.093100000,0.33117483811285847,2025-11-12,2025-11-12
CVE-2025-11079,0.002460000,0.477760000,0.9426456984273821,2025-11-12,2025-11-12
CVE-2025-11078,0.000420000,0.123230000,0.580018501387604,2025-11-12,2025-11-12
CVE-2025-11077,0.000370000,0.105640000,0.4357076780758557,2025-11-12,2025-11-12
CVE-2025-11076,0.000370000,0.105640000,0.4357076780758557,2025-11-12,2025-11-12
CVE-2025-11075,0.000370000,0.105640000,0.4357076780758557,2025-11-12,2025-11-12
CVE-2025-11074,0.000370000,0.105640000,0.4357076780758557,2025-11-12,2025-11-12
CVE-2025-11073,0.003210000,0.546810000,0.9512025901942646,2025-11-12,2025-11-12
CVE-2025-11071,0.000330000,0.085850000,0.31961147086031455,2025-11-12,2025-11-12
CVE-2025-11070,0.000370000,0.105640000,0.4357076780758557,2025-11-12,2025-11-12
CVE-2025-11069,0.000370000,0.106740000,0.4357076780758557,2025-11-12,2025-11-12
CVE-2025-11068,0.000370000,0.106740000,0.4357076780758557,2025-11-12,2025-11-12
CVE-2025-11067,0.000370000,0.106740000,0.4357076780758557,2025-11-12,2025-11-12
CVE-2025-11066,0.000370000,0.105640000,0.4357076780758557,2025-11-12,2025-11-12
CVE-2025-11064,0.000370000,0.105640000,0.4357076780758557,2025-11-12,2025-11-12
CVE-2025-11063,0.000370000,0.105640000,0.4357076780758557,2025-11-12,2025-11-12
CVE-2025-11062,0.000460000,0.140090000,0.6385291396854764,2025-11-12,2025-11-12
CVE-2025-11061,0.000370000,0.105640000,0.4357076780758557,2025-11-12,2025-11-12
CVE-2025-11057,0.000370000,0.105640000,0.4357076780758557,2025-11-12,2025-11-12
CVE-2025-11056,0.000320000,0.085030000,0.2967160037002775,2025-11-12,2025-11-12
CVE-2025-11055,0.000370000,0.105640000,0.4357076780758557,2025-11-12,2025-11-12
CVE-2025-11054,0.000320000,0.085030000,0.2967160037002775,2025-11-12,2025-11-12
CVE-2025-11053,0.000370000,0.105640000,0.4357076780758557,2025-11-12,2025-11-12
CVE-2025-11052,0.000370000,0.105640000,0.4357076780758557,2025-11-12,2025-11-12
CVE-2025-11051,0.000350000,0.097660000,0.35545790934320076,2025-11-12,2025-11-12
CVE-2025-11050,0.000420000,0.123230000,0.580018501387604,2025-11-12,2025-11-12
CVE-2025-11049,0.000420000,0.123230000,0.580018501387604,2025-11-12,2025-11-12
CVE-2025-11048,0.000420000,0.123230000,0.580018501387604,2025-11-12,2025-11-12
CVE-2025-11047,0.000420000,0.123230000,0.580018501387604,2025-11-12,2025-11-12
CVE-2025-11046,0.000570000,0.178420000,0.7553191489361702,2025-11-12,2025-11-12
CVE-2025-11045,0.016990000,0.816790000,0.9870490286771508,2025-11-12,2025-11-12
CVE-2025-11041,0.000320000,0.085030000,0.2967160037002775,2025-11-12,2025-11-12
CVE-2025-11040,0.000370000,0.105640000,0.4357076780758557,2025-11-12,2025-11-12
CVE-2025-11039,0.000360000,0.098300000,0.40148011100832565,2025-11-12,2025-11-12
CVE-2025-11038,0.000320000,0.085030000,0.2967160037002775,2025-11-12,2025-11-12
CVE-2025-11037,0.000430000,0.130290000,0.5952821461609621,2025-11-12,2025-11-12
CVE-2025-11036,0.000430000,0.130290000,0.5952821461609621,2025-11-12,2025-11-12
CVE-2025-11035,0.000440000,0.132710000,0.6066142460684552,2025-11-12,2025-11-12
CVE-2025-10954,0.000860000,0.255050000,0.8499074930619797,2025-11-12,2025-11-12
CVE-2025-10657,0.000170000,0.030900000,0.09181313598519888,2025-11-12,2025-11-12
CVE-2025-10499,0.000140000,0.016610000,0.05226641998149861,2025-11-12,2025-11-12
CVE-2025-10498,0.000140000,0.016610000,0.05226641998149861,2025-11-12,2025-11-12
CVE-2024-43192,0.000150000,0.023110000,0.06637372802960222,2025-11-12,2025-11-12
CVE-2025-9904,0.000560000,0.174740000,0.7506938020351527,2025-11-12,2025-11-12
CVE-2025-9903,0.000490000,0.152490000,0.68686401480111,2025-11-12,2025-11-12
CVE-2025-9648,0.007050000,0.713290000,0.9775670675300647,2025-11-12,2025-11-12
CVE-2025-8868,0.119890000,0.934720000,0.9965309898242368,2025-11-12,2025-11-12
CVE-2025-7698,0.000440000,0.133650000,0.6066142460684552,2025-11-12,2025-11-12
CVE-2025-7104,0.000450000,0.134730000,0.616558741905643,2025-11-12,2025-11-12
CVE-2025-6724,0.000610000,0.190880000,0.7816836262719704,2025-11-12,2025-11-12
CVE-2025-61659,0.000180000,0.033360000,0.11632747456059205,2025-11-12,2025-11-12
CVE-2025-57879,0.000380000,0.111460000,0.48080481036077705,2025-11-12,2025-11-12
CVE-2025-57878,0.000380000,0.111460000,0.48080481036077705,2025-11-12,2025-11-12
CVE-2025-57877,0.000390000,0.115770000,0.49283071230342274,2025-11-12,2025-11-12
CVE-2025-57876,0.000390000,0.115770000,0.49283071230342274,2025-11-12,2025-11-12
CVE-2025-57875,0.000390000,0.115770000,0.49283071230342274,2025-11-12,2025-11-12
CVE-2025-57874,0.000390000,0.115770000,0.49283071230342274,2025-11-12,2025-11-12
CVE-2025-57873,0.000390000,0.115770000,0.49283071230342274,2025-11-12,2025-11-12
CVE-2025-57872,0.000380000,0.111460000,0.48080481036077705,2025-11-12,2025-11-12
CVE-2025-57871,0.000390000,0.115770000,0.49283071230342274,2025-11-12,2025-11-12
CVE-2025-57516,0.021520000,0.837050000,0.9884366327474561,2025-11-12,2025-11-12
CVE-2025-57483,0.000380000,0.111380000,0.48080481036077705,2025-11-12,2025-11-12
CVE-2025-57428,0.000380000,0.110020000,0.48080481036077705,2025-11-12,2025-11-12
CVE-2025-57424,0.000350000,0.094590000,0.35545790934320076,2025-11-12,2025-11-12
CVE-2025-57266,0.001400000,0.347940000,0.9012488436632747,2025-11-12,2025-11-12
CVE-2025-57197,0.000280000,0.069180000,0.27520814061054577,2025-11-12,2025-11-12
CVE-2025-56807,0.000440000,0.131640000,0.6066142460684552,2025-11-12,2025-11-12
CVE-2025-56795,0.000420000,0.125690000,0.580018501387604,2025-11-12,2025-11-12
CVE-2025-56764,0.000410000,0.123000000,0.5675300647548566,2025-11-12,2025-11-12
CVE-2025-56449,0.000860000,0.256140000,0.8499074930619797,2025-11-12,2025-11-12
CVE-2025-56234,0.000570000,0.178250000,0.7553191489361702,2025-11-12,2025-11-12
CVE-2025-56233,0.000570000,0.177480000,0.7553191489361702,2025-11-12,2025-11-12
CVE-2025-55795,0.000350000,0.094510000,0.35545790934320076,2025-11-12,2025-11-12
CVE-2025-54591,0.000580000,0.181140000,0.7624884366327475,2025-11-12,2025-11-12
CVE-2025-51495,0.000650000,0.202570000,0.7992599444958371,2025-11-12,2025-11-12
CVE-2025-48006,0.000520000,0.160060000,0.7197039777983348,2025-11-12,2025-11-12
CVE-2025-45376,0.000120000,0.010760000,0.042321924144310824,2025-11-12,2025-11-12
CVE-2025-43400,0.000470000,0.145490000,0.6500925069380203,2025-11-12,2025-11-12
CVE-2025-41252,0.000670000,0.208870000,0.8050416281221091,2025-11-12,2025-11-12
CVE-2025-41251,0.000770000,0.235570000,0.8358001850138761,2025-11-12,2025-11-12
CVE-2025-41250,0.000700000,0.217040000,0.8175300647548566,2025-11-12,2025-11-12
CVE-2025-41246,0.000320000,0.082570000,0.2967160037002775,2025-11-12,2025-11-12
CVE-2025-41245,0.000510000,0.159500000,0.7123034227567068,2025-11-12,2025-11-12
CVE-2025-41244,0.013630000,0.795810000,0.984736355226642,2025-11-12,2025-11-12
CVE-2025-36352,0.000310000,0.081590000,0.2883903792784459,2025-11-12,2025-11-12
CVE-2025-36351,0.000450000,0.135310000,0.616558741905643,2025-11-12,2025-11-12
CVE-2025-36099,0.000540000,0.168590000,0.734736355226642,2025-11-12,2025-11-12
CVE-2025-35034,0.000490000,0.152640000,0.68686401480111,2025-11-12,2025-11-12
CVE-2025-35033,0.000480000,0.146520000,0.6806197964847364,2025-11-12,2025-11-12
CVE-2025-35032,0.000310000,0.080160000,0.2883903792784459,2025-11-12,2025-11-12
CVE-2025-35031,0.000140000,0.017660000,0.05226641998149861,2025-11-12,2025-11-12
CVE-2025-35030,0.000290000,0.072700000,0.2784458834412581,2025-11-12,2025-11-12
CVE-2025-34235,0.002060000,0.430030000,0.9333950046253469,2025-11-12,2025-11-12
CVE-2025-34234,0.000350000,0.093410000,0.35545790934320076,2025-11-12,2025-11-12
CVE-2025-34233,0.000500000,0.153790000,0.7009713228492137,2025-11-12,2025-11-12
CVE-2025-34232,0.000530000,0.166580000,0.7261794634597595,2025-11-12,2025-11-12
CVE-2025-34231,0.003800000,0.587940000,0.9597594819611471,2025-11-12,2025-11-12
CVE-2025-34230,0.000530000,0.166580000,0.7261794634597595,2025-11-12,2025-11-12
CVE-2025-34229,0.000530000,0.166580000,0.7261794634597595,2025-11-12,2025-11-12
CVE-2025-34228,0.006620000,0.703720000,0.9764107308048103,2025-11-12,2025-11-12
CVE-2025-34225,0.006620000,0.703720000,0.9764107308048103,2025-11-12,2025-11-12
CVE-2025-34224,0.018500000,0.824310000,0.9877428307123034,2025-11-12,2025-11-12
CVE-2025-34223,0.030760000,0.862620000,0.990286771507863,2025-11-12,2025-11-12
CVE-2025-34222,0.002150000,0.440440000,0.9354764107308048,2025-11-12,2025-11-12
CVE-2025-34221,0.038110000,0.876110000,0.9912118408880666,2025-11-12,2025-11-12
CVE-2025-34220,0.003620000,0.576320000,0.9567530064754857,2025-11-12,2025-11-12
CVE-2025-34218,0.007520000,0.723720000,0.9780296022201665,2025-11-12,2025-11-12
CVE-2025-34216,0.001980000,0.420580000,0.929463459759482,2025-11-12,2025-11-12
CVE-2025-34215,0.004440000,0.625950000,0.967391304347826,2025-11-12,2025-11-12
CVE-2025-34212,0.002010000,0.423960000,0.931313598519889,2025-11-12,2025-11-12
CVE-2025-34211,0.000240000,0.053710000,0.16466234967622573,2025-11-12,2025-11-12
CVE-2025-34209,0.000720000,0.221720000,0.8214616096207216,2025-11-12,2025-11-12
CVE-2025-34207,0.000640000,0.201040000,0.7941720629047179,2025-11-12,2025-11-12
CVE-2025-34196,0.000400000,0.117750000,0.5520351526364478,2025-11-12,2025-11-12
CVE-2025-30247,0.012660000,0.788000000,0.9835800185013877,2025-11-12,2025-11-12
CVE-2025-11155,0.000210000,0.043190000,0.14662349676225717,2025-11-12,2025-11-12
CVE-2025-11147,0.000340000,0.090370000,0.33117483811285847,2025-11-12,2025-11-12
CVE-2025-11146,0.000340000,0.090370000,0.33117483811285847,2025-11-12,2025-11-12
CVE-2025-11141,0.003160000,0.541570000,0.9498149861239593,2025-11-12,2025-11-12
CVE-2025-11140,0.000510000,0.159430000,0.7123034227567068,2025-11-12,2025-11-12
CVE-2025-11139,0.001000000,0.284350000,0.8716466234967623,2025-11-12,2025-11-12
CVE-2025-11138,0.004350000,0.621390000,0.9653098982423681,2025-11-12,2025-11-12
CVE-2025-11137,0.000340000,0.090110000,0.33117483811285847,2025-11-12,2025-11-12
CVE-2025-11136,0.000470000,0.144660000,0.6500925069380203,2025-11-12,2025-11-12
CVE-2025-11135,0.000500000,0.154260000,0.7009713228492137,2025-11-12,2025-11-12
CVE-2025-11134,0.000330000,0.087930000,0.31961147086031455,2025-11-12,2025-11-12
CVE-2025-11130,0.000280000,0.066910000,0.27520814061054577,2025-11-12,2025-11-12
CVE-2025-11126,0.000610000,0.191620000,0.7816836262719704,2025-11-12,2025-11-12
CVE-2025-11125,0.000360000,0.100590000,0.40148011100832565,2025-11-12,2025-11-12
CVE-2025-11124,0.000440000,0.131560000,0.6066142460684552,2025-11-12,2025-11-12
CVE-2025-11123,0.000960000,0.274110000,0.8647086031452359,2025-11-12,2025-11-12
CVE-2025-11122,0.000960000,0.274110000,0.8647086031452359,2025-11-12,2025-11-12
CVE-2025-11121,0.010390000,0.767430000,0.9819611470860314,2025-11-12,2025-11-12
CVE-2025-10504,0.000190000,0.035800000,0.1276595744680851,2025-11-12,2025-11-12
CVE-2025-10346,0.000340000,0.090450000,0.33117483811285847,2025-11-12,2025-11-12
CVE-2025-10345,0.000340000,0.090450000,0.33117483811285847,2025-11-12,2025-11-12
CVE-2025-10344,0.000340000,0.090450000,0.33117483811285847,2025-11-12,2025-11-12
CVE-2025-10343,0.000340000,0.090450000,0.33117483811285847,2025-11-12,2025-11-12
CVE-2025-10342,0.000340000,0.090450000,0.33117483811285847,2025-11-12,2025-11-12
CVE-2025-10341,0.000340000,0.090450000,0.33117483811285847,2025-11-12,2025-11-12
CVE-2024-57412,0.000110000,0.009550000,0.03954671600370028,2025-11-12,2025-11-12
CVE-2024-5200,0.000340000,0.092530000,0.33117483811285847,2025-11-12,2025-11-12
CVE-2024-13150,0.000440000,0.131350000,0.6066142460684552,2025-11-12,2025-11-12
CVE-2025-9993,0.001220000,0.320670000,0.8938482886216467,2025-11-12,2025-11-12
CVE-2025-9991,0.003240000,0.549080000,0.9514338575393154,2025-11-12,2025-11-12
CVE-2025-9948,0.000140000,0.016610000,0.05226641998149861,2025-11-12,2025-11-12
CVE-2025-9946,0.000140000,0.016540000,0.05226641998149861,2025-11-12,2025-11-12
CVE-2025-9852,0.000370000,0.105850000,0.4357076780758557,2025-11-12,2025-11-12
CVE-2025-9762,0.002000000,0.422760000,0.9308510638297872,2025-11-12,2025-11-12
CVE-2025-9232,0.000250000,0.058150000,0.19703977798334876,2025-11-12,2025-11-12
CVE-2025-9231,0.000150000,0.023630000,0.06637372802960222,2025-11-12,2025-11-12
CVE-2025-9230,0.000340000,0.092340000,0.33117483811285847,2025-11-12,2025-11-12
CVE-2025-8877,0.000920000,0.266470000,0.8582331174838113,2025-11-12,2025-11-12
CVE-2025-8777,0.000370000,0.104390000,0.4357076780758557,2025-11-12,2025-11-12
CVE-2025-8625,0.002750000,0.506940000,0.9454209065679926,2025-11-12,2025-11-12
CVE-2025-8624,0.000370000,0.105850000,0.4357076780758557,2025-11-12,2025-11-12
CVE-2025-8623,0.000370000,0.104390000,0.4357076780758557,2025-11-12,2025-11-12
CVE-2025-8608,0.000370000,0.105850000,0.4357076780758557,2025-11-12,2025-11-12
CVE-2025-8566,0.000370000,0.105850000,0.4357076780758557,2025-11-12,2025-11-12
CVE-2025-8560,0.000370000,0.104390000,0.4357076780758557,2025-11-12,2025-11-12
CVE-2025-8559,0.000490000,0.151170000,0.68686401480111,2025-11-12,2025-11-12
CVE-2025-8214,0.000370000,0.105850000,0.4357076780758557,2025-11-12,2025-11-12
CVE-2025-8122,0.000390000,0.111850000,0.49283071230342274,2025-11-12,2025-11-12
CVE-2025-8121,0.000390000,0.111850000,0.49283071230342274,2025-11-12,2025-11-12
CVE-2025-8120,0.002990000,0.528220000,0.9479648473635522,2025-11-12,2025-11-12
CVE-2025-8119,0.000270000,0.064000000,0.26688251618871417,2025-11-12,2025-11-12
CVE-2025-8118,0.000590000,0.183290000,0.7687326549491211,2025-11-12,2025-11-12
CVE-2025-8117,0.000600000,0.189290000,0.7745143385753932,2025-11-12,2025-11-12
CVE-2025-8116,0.001120000,0.303340000,0.8843663274745606,2025-11-12,2025-11-12
CVE-2025-7779,0.000170000,0.028550000,0.09181313598519888,2025-11-12,2025-11-12
CVE-2025-7493,0.000860000,0.255240000,0.8499074930619797,2025-11-12,2025-11-12
CVE-2025-7065,0.002990000,0.528220000,0.9479648473635522,2025-11-12,2025-11-12
CVE-2025-7063,0.002990000,0.528220000,0.9479648473635522,2025-11-12,2025-11-12
CVE-2025-7052,0.000210000,0.042380000,0.14662349676225717,2025-11-12,2025-11-12
CVE-2025-7038,0.004120000,0.607540000,0.9629972247918593,2025-11-12,2025-11-12
CVE-2025-6941,0.000390000,0.114170000,0.49283071230342274,2025-11-12,2025-11-12
CVE-2025-6815,0.000380000,0.108240000,0.48080481036077705,2025-11-12,2025-11-12
CVE-2025-61586,0.000730000,0.225860000,0.8270120259019427,2025-11-12,2025-11-12
CVE-2025-61584,0.000690000,0.215080000,0.8149861239592969,2025-11-12,2025-11-12
CVE-2025-59956,0.000510000,0.157190000,0.7123034227567068,2025-11-12,2025-11-12
CVE-2025-59954,0.000910000,0.264140000,0.8563829787234043,2025-11-12,2025-11-12
CVE-2025-59952,0.001220000,0.319840000,0.8938482886216467,2025-11-12,2025-11-12
CVE-2025-59950,0.000330000,0.087240000,0.31961147086031455,2025-11-12,2025-11-12
CVE-2025-59948,0.000740000,0.227530000,0.8288621646623496,2025-11-12,2025-11-12
CVE-2025-59942,0.000600000,0.189180000,0.7745143385753932,2025-11-12,2025-11-12
CVE-2025-59941,0.000510000,0.158030000,0.7123034227567068,2025-11-12,2025-11-12
CVE-2025-59940,0.000740000,0.228460000,0.8288621646623496,2025-11-12,2025-11-12
CVE-2025-59937,0.000570000,0.177660000,0.7553191489361702,2025-11-12,2025-11-12
CVE-2025-59933,0.000140000,0.018390000,0.05226641998149861,2025-11-12,2025-11-12
CVE-2025-59668,0.000650000,0.203060000,0.7992599444958371,2025-11-12,2025-11-12
CVE-2025-59163,0.001940000,0.415740000,0.925531914893617,2025-11-12,2025-11-12
CVE-2025-57852,0.000080000,0.004600000,0.02497687326549491,2025-11-12,2025-11-12
CVE-2025-57769,0.000440000,0.131210000,0.6066142460684552,2025-11-12,2025-11-12
CVE-2025-56301,0.001190000,0.315990000,0.8919981498612396,2025-11-12,2025-11-12
CVE-2025-56018,0.000510000,0.158820000,0.7123034227567068,2025-11-12,2025-11-12
CVE-2025-55797,0.000660000,0.206010000,0.8015726179463459,2025-11-12,2025-11-12
CVE-2025-54875,0.000760000,0.231800000,0.8334875115633672,2025-11-12,2025-11-12
CVE-2025-54592,0.000760000,0.231800000,0.8334875115633672,2025-11-12,2025-11-12
CVE-2025-54477,0.000460000,0.139550000,0.6385291396854764,2025-11-12,2025-11-12
CVE-2025-54476,0.000620000,0.193420000,0.7874653098982424,2025-11-12,2025-11-12
CVE-2025-52050,0.000360000,0.098900000,0.40148011100832565,2025-11-12,2025-11-12
CVE-2025-52049,0.000360000,0.098900000,0.40148011100832565,2025-11-12,2025-11-12
CVE-2025-52047,0.000360000,0.098900000,0.40148011100832565,2025-11-12,2025-11-12
CVE-2025-52043,0.000360000,0.098900000,0.40148011100832565,2025-11-12,2025-11-12
CVE-2025-43820,0.001940000,0.415890000,0.925531914893617,2025-11-12,2025-11-12
CVE-2025-43818,0.001940000,0.415890000,0.925531914893617,2025-11-12,2025-11-12
CVE-2025-43817,0.001940000,0.415890000,0.925531914893617,2025-11-12,2025-11-12
CVE-2025-43815,0.002180000,0.443630000,0.9373265494912119,2025-11-12,2025-11-12
CVE-2025-43813,0.003490000,0.567290000,0.9558279370952821,2025-11-12,2025-11-12
CVE-2025-43812,0.001940000,0.415890000,0.925531914893617,2025-11-12,2025-11-12
CVE-2025-43811,0.001940000,0.415890000,0.925531914893617,2025-11-12,2025-11-12
CVE-2025-41099,0.000300000,0.074150000,0.28237742830712304,2025-11-12,2025-11-12
CVE-2025-41098,0.000400000,0.119590000,0.5520351526364478,2025-11-12,2025-11-12
CVE-2025-41097,0.000320000,0.085130000,0.2967160037002775,2025-11-12,2025-11-12
CVE-2025-41096,0.000320000,0.085130000,0.2967160037002775,2025-11-12,2025-11-12
CVE-2025-41095,0.000320000,0.085130000,0.2967160037002775,2025-11-12,2025-11-12
CVE-2025-41094,0.000320000,0.085130000,0.2967160037002775,2025-11-12,2025-11-12
CVE-2025-41093,0.000320000,0.085130000,0.2967160037002775,2025-11-12,2025-11-12
CVE-2025-41092,0.000320000,0.085130000,0.2967160037002775,2025-11-12,2025-11-12
CVE-2025-41091,0.000320000,0.085130000,0.2967160037002775,2025-11-12,2025-11-12
CVE-2025-36245,0.000500000,0.155150000,0.7009713228492137,2025-11-12,2025-11-12
CVE-2025-34217,0.000820000,0.247440000,0.8445883441258094,2025-11-12,2025-11-12
CVE-2025-28016,0.000590000,0.183260000,0.7687326549491211,2025-11-12,2025-11-12
CVE-2025-11178,0.000160000,0.027800000,0.08256244218316373,2025-11-12,2025-11-12
CVE-2025-11163,0.000320000,0.083650000,0.2967160037002775,2025-11-12,2025-11-12
CVE-2025-11153,0.000420000,0.124930000,0.580018501387604,2025-11-12,2025-11-12
CVE-2025-11152,0.000520000,0.162300000,0.7197039777983348,2025-11-12,2025-11-12
CVE-2025-11149,0.000540000,0.169020000,0.734736355226642,2025-11-12,2025-11-12
CVE-2025-11148,0.003940000,0.595850000,0.9611470860314524,2025-11-12,2025-11-12
CVE-2025-10991,0.000260000,0.058240000,0.22687326549491213,2025-11-12,2025-11-12
CVE-2025-10859,0.000160000,0.024720000,0.08256244218316373,2025-11-12,2025-11-12
CVE-2025-10217,0.000540000,0.168460000,0.734736355226642,2025-11-12,2025-11-12
CVE-2025-10196,0.000370000,0.104390000,0.4357076780758557,2025-11-12,2025-11-12
CVE-2025-10191,0.000370000,0.104390000,0.4357076780758557,2025-11-12,2025-11-12
CVE-2025-10189,0.000370000,0.105850000,0.4357076780758557,2025-11-12,2025-11-12
CVE-2025-10182,0.000370000,0.105850000,0.4357076780758557,2025-11-12,2025-11-12
CVE-2025-10179,0.000370000,0.105850000,0.4357076780758557,2025-11-12,2025-11-12
CVE-2025-10168,0.000370000,0.104390000,0.4357076780758557,2025-11-12,2025-11-12
CVE-2025-10131,0.000370000,0.105850000,0.4357076780758557,2025-11-12,2025-11-12
CVE-2025-10130,0.000370000,0.104390000,0.4357076780758557,2025-11-12,2025-11-12
CVE-2025-10128,0.000370000,0.105850000,0.4357076780758557,2025-11-12,2025-11-12
CVE-2025-10000,0.001010000,0.285110000,0.8725716928769658,2025-11-12,2025-11-12
CVE-2024-58040,0.000240000,0.052350000,0.16466234967622573,2025-11-12,2025-11-12
CVE-2025-61792,0.000240000,0.052850000,0.16466234967622573,2025-11-12,2025-11-12
CVE-2025-6034,0.000180000,0.032420000,0.11632747456059205,2025-11-12,2025-11-12
CVE-2025-6033,0.000220000,0.046740000,0.1540240518038853,2025-11-12,2025-11-12
CVE-2025-57254,0.000730000,0.225660000,0.8270120259019427,2025-11-12,2025-11-12
CVE-2025-56676,0.001330000,0.337090000,0.898936170212766,2025-11-12,2025-11-12
CVE-2025-56675,0.000350000,0.096290000,0.35545790934320076,2025-11-12,2025-11-12
CVE-2025-56572,0.002160000,0.441520000,0.9361702127659575,2025-11-12,2025-11-12
CVE-2025-56571,0.000610000,0.192140000,0.7816836262719704,2025-11-12,2025-11-12
CVE-2025-56520,0.000480000,0.148080000,0.6806197964847364,2025-11-12,2025-11-12
CVE-2025-56513,0.002480000,0.479770000,0.942876965772433,2025-11-12,2025-11-12
CVE-2025-56392,0.000360000,0.101340000,0.40148011100832565,2025-11-12,2025-11-12
CVE-2025-56207,0.000540000,0.170350000,0.734736355226642,2025-11-12,2025-11-12
CVE-2025-56200,0.000460000,0.140430000,0.6385291396854764,2025-11-12,2025-11-12
CVE-2025-56132,0.001450000,0.355440000,0.9033302497687327,2025-11-12,2025-11-12
CVE-2025-55191,0.000400000,0.117160000,0.5520351526364478,2025-11-12,2025-11-12
CVE-2025-43827,0.001600000,0.374410000,0.9114246068455134,2025-11-12,2025-11-12
CVE-2025-43826,0.001940000,0.415890000,0.925531914893617,2025-11-12,2025-11-12
CVE-2025-36262,0.000850000,0.252480000,0.8485198889916744,2025-11-12,2025-11-12
CVE-2025-36132,0.000310000,0.081590000,0.2883903792784459,2025-11-12,2025-11-12
CVE-2025-24525,0.000470000,0.142520000,0.6500925069380203,2025-11-12,2025-11-12
CVE-2025-23293,0.000750000,0.229090000,0.8304810360777058,2025-11-12,2025-11-12
CVE-2025-23292,0.000230000,0.047760000,0.16026827012025902,2025-11-12,2025-11-12
CVE-2025-23291,0.000050000,0.002260000,0.0032377428307123032,2025-11-12,2025-11-12
CVE-2025-11195,0.000120000,0.012290000,0.042321924144310824,2025-11-12,2025-11-12
CVE-2025-10725,0.000750000,0.230680000,0.8304810360777058,2025-11-12,2025-11-12
CVE-2025-10659,0.011420000,0.777710000,0.982886216466235,2025-11-12,2025-11-12
CVE-2024-55017,0.000540000,0.168610000,0.734736355226642,2025-11-12,2025-11-12
