cve,epss,percentile,percentile_subset,timestamp,date,cve.id,cvss_baseScore,cve.lastModified
CVE-2025-9815,0.000550000,0.175740000,0.5658294231300027,2026-06-09,2026-06-09,CVE-2025-9815,7.8,2026-04-29T01:00:01.613
CVE-2025-9814,0.000690000,0.212820000,0.6756831355230472,2026-06-09,2026-06-09,CVE-2025-9814,9.8,2026-04-29T01:00:01.613
CVE-2025-9813,0.004640000,0.647050000,0.932376483577146,2026-06-09,2026-06-09,CVE-2025-9813,8.8,2025-09-04T17:48:17.693
CVE-2025-9812,0.003720000,0.593110000,0.9174717085288435,2026-06-09,2026-06-09,CVE-2025-9812,8.8,2025-09-04T17:01:04.197
CVE-2025-9811,0.000690000,0.212820000,0.6756831355230472,2026-06-09,2026-06-09,CVE-2025-9811,9.8,2026-04-29T01:00:01.613
CVE-2025-9810,0.000150000,0.031610000,0.050510626552580734,2026-06-09,2026-06-09,CVE-2025-9810,5.8,2026-04-22T16:16:52.427
CVE-2025-9809,0.008160000,0.746910000,0.9585978470880486,2026-06-09,2026-06-09,CVE-2025-9809,9.8,2025-12-08T15:18:11.893
CVE-2025-9806,0.000180000,0.050450000,0.09688103781396633,2026-06-09,2026-06-09,CVE-2025-9806,6.4,2026-04-29T01:00:01.613
CVE-2025-9805,0.001020000,0.274550000,0.7863648909743307,2026-06-09,2026-06-09,CVE-2025-9805,7.5,2026-04-29T01:00:01.613
CVE-2025-9802,0.000400000,0.125760000,0.4004968258349434,2026-06-09,2026-06-09,CVE-2025-9802,4.7,2026-04-15T00:35:42.020
CVE-2025-9801,0.001760000,0.389150000,0.8606127518630969,2026-06-09,2026-06-09,CVE-2025-9801,8.1,2026-04-29T01:00:01.613
CVE-2025-9800,0.000910000,0.256790000,0.7548992547612476,2026-06-09,2026-06-09,CVE-2025-9800,6.1,2026-04-29T01:00:01.613
CVE-2025-9799,0.000650000,0.203780000,0.6433894562517251,2026-06-09,2026-06-09,CVE-2025-9799,5.0,2026-04-29T01:00:01.613
CVE-2025-9797,0.000530000,0.168500000,0.543472260557549,2026-06-09,2026-06-09,CVE-2025-9797,2.4,2026-04-29T01:00:01.613
CVE-2025-9796,0.000670000,0.209040000,0.6618824178857301,2026-06-09,2026-06-09,CVE-2025-9796,4.1,2026-04-29T01:00:01.613
CVE-2025-9795,0.000500000,0.159280000,0.526635385040022,2026-06-09,2026-06-09,CVE-2025-9795,5.4,2026-04-29T01:00:01.613
CVE-2025-9794,0.000870000,0.249650000,0.7413745514766767,2026-06-09,2026-06-09,CVE-2025-9794,9.8,2026-04-29T01:00:01.613
CVE-2025-9793,0.000690000,0.212820000,0.6756831355230472,2026-06-09,2026-06-09,CVE-2025-9793,9.8,2026-04-29T01:00:01.613
CVE-2025-9792,0.000690000,0.212820000,0.6756831355230472,2026-06-09,2026-06-09,CVE-2025-9792,9.8,2026-04-29T01:00:01.613
CVE-2025-9791,0.005160000,0.670520000,0.9398288711012973,2026-06-09,2026-06-09,CVE-2025-9791,9.8,2025-09-04T16:20:55.250
CVE-2025-9790,0.000660000,0.206710000,0.6486337289539056,2026-06-09,2026-06-09,CVE-2025-9790,9.8,2026-04-29T01:00:01.613
CVE-2025-9789,0.000870000,0.249240000,0.7413745514766767,2026-06-09,2026-06-09,CVE-2025-9789,9.8,2026-04-29T01:00:01.613
CVE-2025-9788,0.000750000,0.227350000,0.7046646425614131,2026-06-09,2026-06-09,CVE-2025-9788,9.8,2026-04-29T01:00:01.613
CVE-2025-9786,0.000690000,0.212820000,0.6756831355230472,2026-06-09,2026-06-09,CVE-2025-9786,9.8,2026-04-29T01:00:01.613
CVE-2025-9783,0.004290000,0.628860000,0.9268561965222192,2026-06-09,2026-06-09,CVE-2025-9783,8.8,2025-09-04T16:52:53.580
CVE-2025-9782,0.004290000,0.628860000,0.9268561965222192,2026-06-09,2026-06-09,CVE-2025-9782,8.8,2025-09-04T16:42:23.857
CVE-2025-9781,0.004290000,0.628860000,0.9268561965222192,2026-06-09,2026-06-09,CVE-2025-9781,8.8,2025-09-04T16:42:38.633
CVE-2025-9780,0.004290000,0.628860000,0.9268561965222192,2026-06-09,2026-06-09,CVE-2025-9780,8.8,2025-09-04T16:42:51.847
CVE-2025-9779,0.004290000,0.628860000,0.9268561965222192,2026-06-09,2026-06-09,CVE-2025-9779,8.8,2025-09-04T16:42:59.583
CVE-2025-9778,0.000180000,0.049800000,0.09688103781396633,2026-06-09,2026-06-09,CVE-2025-9778,7.0,2026-04-29T01:00:01.613
CVE-2025-9775,0.001310000,0.320760000,0.8208666850676235,2026-06-09,2026-06-09,CVE-2025-9775,9.8,2026-04-29T01:00:01.613
CVE-2025-9774,0.000460000,0.145960000,0.4739166436654706,2026-06-09,2026-06-09,CVE-2025-9774,4.3,2025-09-04T16:16:03.660
CVE-2025-9773,0.000630000,0.198970000,0.6293127242616616,2026-06-09,2026-06-09,CVE-2025-9773,6.1,2026-04-29T01:00:01.613
CVE-2025-9772,0.001190000,0.303940000,0.8065139387248137,2026-06-09,2026-06-09,CVE-2025-9772,9.8,2026-04-29T01:00:01.613
CVE-2025-9771,0.000690000,0.212820000,0.6756831355230472,2026-06-09,2026-06-09,CVE-2025-9771,9.8,2026-04-29T01:00:01.613
CVE-2025-9770,0.000690000,0.212820000,0.6756831355230472,2026-06-09,2026-06-09,CVE-2025-9770,9.8,2026-04-29T01:00:01.613
CVE-2025-9769,0.001780000,0.391020000,0.862268837979575,2026-06-09,2026-06-09,CVE-2025-9769,6.2,2026-04-29T01:00:01.613
CVE-2025-9768,0.000640000,0.201400000,0.6362130830803202,2026-06-09,2026-06-09,CVE-2025-9768,9.8,2025-09-04T16:44:09.123
CVE-2025-9767,0.000660000,0.206710000,0.6486337289539056,2026-06-09,2026-06-09,CVE-2025-9767,9.8,2026-04-29T01:00:01.613
CVE-2025-9766,0.000660000,0.206710000,0.6486337289539056,2026-06-09,2026-06-09,CVE-2025-9766,9.8,2026-04-29T01:00:01.613
CVE-2025-9765,0.000660000,0.206710000,0.6486337289539056,2026-06-09,2026-06-09,CVE-2025-9765,9.8,2026-04-29T01:00:01.613
CVE-2025-9764,0.000660000,0.206710000,0.6486337289539056,2026-06-09,2026-06-09,CVE-2025-9764,9.8,2026-04-29T01:00:01.613
CVE-2025-9763,0.000660000,0.206710000,0.6486337289539056,2026-06-09,2026-06-09,CVE-2025-9763,9.8,2026-04-29T01:00:01.613
CVE-2025-9761,0.000660000,0.206710000,0.6486337289539056,2026-06-09,2026-06-09,CVE-2025-9761,9.8,2026-04-29T01:00:01.613
CVE-2025-9760,0.001220000,0.307610000,0.8087220535467844,2026-06-09,2026-06-09,CVE-2025-9760,8.8,2026-04-29T01:00:01.613
CVE-2025-9759,0.000730000,0.221550000,0.6961081976262765,2026-06-09,2026-06-09,CVE-2025-9759,9.8,2026-04-29T01:00:01.613
CVE-2025-9758,0.000590000,0.186720000,0.6003312172232956,2026-06-09,2026-06-09,CVE-2025-9758,9.8,2026-04-29T01:00:01.613
CVE-2025-9757,0.000660000,0.206710000,0.6486337289539056,2026-06-09,2026-06-09,CVE-2025-9757,9.8,2026-04-29T01:00:01.613
CVE-2025-9756,0.000640000,0.201400000,0.6362130830803202,2026-06-09,2026-06-09,CVE-2025-9756,8.8,2026-04-29T01:00:01.613
CVE-2025-9755,0.000630000,0.198970000,0.6293127242616616,2026-06-09,2026-06-09,CVE-2025-9755,6.1,2026-04-29T01:00:01.613
CVE-2025-9754,0.000510000,0.162940000,0.5313276290367099,2026-06-09,2026-06-09,CVE-2025-9754,5.4,2026-04-29T01:00:01.613
CVE-2025-9753,0.000610000,0.192020000,0.6196522219155396,2026-06-09,2026-06-09,CVE-2025-9753,4.8,2026-04-29T01:00:01.613
CVE-2025-9752,0.012940000,0.800610000,0.9707424786088876,2026-06-09,2026-06-09,CVE-2025-9752,9.8,2026-04-29T01:00:01.613
CVE-2025-9751,0.000660000,0.206710000,0.6486337289539056,2026-06-09,2026-06-09,CVE-2025-9751,9.8,2026-04-29T01:00:01.613
CVE-2025-9570,0.000850000,0.245570000,0.7380623792437206,2026-06-09,2026-06-09,CVE-2025-9570,4.9,2025-09-25T14:18:25.953
CVE-2025-9569,0.000690000,0.213990000,0.6756831355230472,2026-06-09,2026-06-09,CVE-2025-9569,6.1,2025-09-25T14:18:03.243
CVE-2025-9568,0.000690000,0.213990000,0.6756831355230472,2026-06-09,2026-06-09,CVE-2025-9568,6.1,2025-09-25T14:18:31.453
CVE-2025-9567,0.000690000,0.213990000,0.6756831355230472,2026-06-09,2026-06-09,CVE-2025-9567,6.1,2025-09-25T14:18:08.317
CVE-2025-9375,0.001300000,0.320420000,0.8186585702456528,2026-06-09,2026-06-09,CVE-2025-9375,,2026-04-20T22:16:22.360
CVE-2025-8662,0.001280000,0.317540000,0.815622412365443,2026-06-09,2026-06-09,CVE-2025-8662,4.3,2025-09-04T16:56:19.207
CVE-2025-7731,0.000320000,0.095590000,0.33038918023737235,2026-06-09,2026-06-09,CVE-2025-7731,7.5,2026-04-15T00:35:42.020
CVE-2025-7405,0.001710000,0.380560000,0.8578526083356335,2026-06-09,2026-06-09,CVE-2025-7405,7.3,2026-04-15T00:35:42.020
CVE-2025-6507,0.004690000,0.649230000,0.933204526635385,2026-06-09,2026-06-09,CVE-2025-6507,9.8,2026-04-15T00:35:42.020
CVE-2025-58318,0.000290000,0.086370000,0.29726745790781123,2026-06-09,2026-06-09,CVE-2025-58318,,2026-04-29T01:00:01.613
CVE-2025-58178,0.000630000,0.197970000,0.6293127242616616,2026-06-09,2026-06-09,CVE-2025-58178,7.8,2026-04-15T00:35:42.020
CVE-2025-58162,0.002900000,0.527180000,0.9044990339497654,2026-06-09,2026-06-09,CVE-2025-58162,6.5,2025-09-03T15:48:23.827
CVE-2025-58161,0.001990000,0.419320000,0.8724813690311897,2026-06-09,2026-06-09,CVE-2025-58161,4.3,2025-09-03T15:48:43.537
CVE-2025-57808,0.047590000,0.896650000,0.9908915263593707,2026-06-09,2026-06-09,CVE-2025-57808,8.1,2025-09-10T19:03:00.280
CVE-2025-57799,0.012650000,0.798230000,0.969362406845156,2026-06-09,2026-06-09,CVE-2025-57799,,2026-04-15T00:35:42.020
CVE-2025-55007,0.000430000,0.136630000,0.44714325144907535,2026-06-09,2026-06-09,CVE-2025-55007,5.3,2025-09-05T17:57:12.773
CVE-2025-54857,0.004050000,0.614100000,0.9240960529947557,2026-06-09,2026-06-09,CVE-2025-54857,9.8,2026-04-15T00:35:42.020
CVE-2025-44017,0.000530000,0.167690000,0.543472260557549,2026-06-09,2026-06-09,CVE-2025-44017,4.3,2026-04-15T00:35:42.020
CVE-2025-41690,0.000380000,0.116010000,0.37869169196798236,2026-06-09,2026-06-09,CVE-2025-41690,7.4,2026-04-15T00:35:42.020
CVE-2025-41030,0.002270000,0.455970000,0.8876621584322385,2026-06-09,2026-06-09,CVE-2025-41030,,2026-04-15T00:35:42.020
CVE-2025-36133,0.000160000,0.038640000,0.054650841843775874,2026-06-09,2026-06-09,CVE-2025-36133,5.5,2025-12-18T17:49:01.383
CVE-2025-3586,0.005420000,0.680800000,0.9423130002760144,2026-06-09,2026-06-09,CVE-2025-3586,7.2,2025-12-12T20:08:45.127
CVE-2025-33102,0.000270000,0.082230000,0.2779464532155672,2026-06-09,2026-06-09,CVE-2025-33102,7.5,2025-09-03T16:04:24.403
CVE-2025-33099,0.000300000,0.091440000,0.3105161468396357,2026-06-09,2026-06-09,CVE-2025-33099,5.9,2025-09-03T16:04:38.267
CVE-2025-33084,0.000240000,0.072210000,0.21197902290919127,2026-06-09,2026-06-09,CVE-2025-33084,5.9,2025-09-03T16:04:50.150
CVE-2025-33083,0.000360000,0.109960000,0.3654430030361579,2026-06-09,2026-06-09,CVE-2025-33083,5.4,2025-09-03T16:05:02.183
CVE-2025-33082,0.000360000,0.109960000,0.3654430030361579,2026-06-09,2026-06-09,CVE-2025-33082,5.4,2025-09-03T16:05:38.653
CVE-2025-2412,0.000930000,0.260030000,0.7615235992271598,2026-06-09,2026-06-09,CVE-2025-2412,8.6,2026-06-06T08:16:52.020
CVE-2025-20708,0.001550000,0.359980000,0.8487441346950041,2026-06-09,2026-06-09,CVE-2025-20708,8.8,2026-02-17T15:16:08.460
CVE-2025-20707,0.000080000,0.007470000,0.004416229643941485,2026-06-09,2026-06-09,CVE-2025-20707,6.7,2025-09-03T16:06:46.333
CVE-2025-20706,0.000080000,0.008490000,0.004416229643941485,2026-06-09,2026-06-09,CVE-2025-20706,7.8,2025-09-03T16:06:51.920
CVE-2025-20705,0.000080000,0.008490000,0.004416229643941485,2026-06-09,2026-06-09,CVE-2025-20705,7.8,2025-09-03T16:07:32.640
CVE-2025-20704,0.001050000,0.279450000,0.7899530775600331,2026-06-09,2026-06-09,CVE-2025-20704,8.0,2026-02-17T15:16:08.287
CVE-2025-20703,0.001890000,0.405770000,0.8688931824454872,2026-06-09,2026-06-09,CVE-2025-20703,6.5,2026-02-17T15:16:08.090
CVE-2025-0656,0.001260000,0.313550000,0.8134142975434723,2026-06-09,2026-06-09,CVE-2025-0656,6.1,2025-09-03T16:05:47.800
CVE-2025-0610,0.000360000,0.108830000,0.3654430030361579,2026-06-09,2026-06-09,CVE-2025-0610,8.6,2026-06-06T08:16:47.627
CVE-2024-28988,0.072580000,0.918000000,0.9944797129450731,2026-06-09,2026-06-09,CVE-2024-28988,9.8,2025-11-14T23:32:43.077
CVE-2024-12925,0.000480000,0.151310000,0.5136627104609439,2026-06-09,2026-06-09,CVE-2024-12925,7.3,2026-06-01T13:16:25.590
CVE-2024-12924,0.000460000,0.145100000,0.4739166436654706,2026-06-09,2026-06-09,CVE-2024-12924,6.3,2026-06-01T13:16:25.447
CVE-2024-12914,0.000430000,0.135370000,0.44714325144907535,2026-06-09,2026-06-09,CVE-2024-12914,4.3,2026-06-01T15:16:27.800
CVE-2022-38696,0.002130000,0.438130000,0.8810378139663263,2026-06-09,2026-06-09,CVE-2022-38696,9.8,2026-04-15T00:35:42.020
CVE-2022-38695,0.000270000,0.080750000,0.2779464532155672,2026-06-09,2026-06-09,CVE-2022-38695,7.8,2026-04-15T00:35:42.020
CVE-2022-38694,0.003330000,0.564260000,0.9116754071211703,2026-06-09,2026-06-09,CVE-2022-38694,7.8,2026-04-15T00:35:42.020
CVE-2022-38693,0.002130000,0.438130000,0.8810378139663263,2026-06-09,2026-06-09,CVE-2022-38693,9.8,2026-04-15T00:35:42.020
CVE-2022-38692,0.001910000,0.408430000,0.8699972398564725,2026-06-09,2026-06-09,CVE-2022-38692,9.8,2026-04-15T00:35:42.020
CVE-2022-38691,0.000930000,0.260320000,0.7615235992271598,2026-06-09,2026-06-09,CVE-2022-38691,7.8,2026-04-15T00:35:42.020
CVE-2025-9837,0.000660000,0.206710000,0.6486337289539056,2026-06-09,2026-06-09,CVE-2025-9837,9.8,2026-04-29T01:00:01.613
CVE-2025-9836,0.000570000,0.181790000,0.5810102125310516,2026-06-09,2026-06-09,CVE-2025-9836,4.3,2026-04-29T01:00:01.613
CVE-2025-9835,0.000680000,0.209930000,0.6660226331769252,2026-06-09,2026-06-09,CVE-2025-9835,4.3,2026-04-29T01:00:01.613
CVE-2025-9834,0.000510000,0.162940000,0.5313276290367099,2026-06-09,2026-06-09,CVE-2025-9834,5.4,2026-04-29T01:00:01.613
CVE-2025-9833,0.000660000,0.206710000,0.6486337289539056,2026-06-09,2026-06-09,CVE-2025-9833,9.8,2026-04-29T01:00:01.613
CVE-2025-9832,0.000870000,0.249650000,0.7413745514766767,2026-06-09,2026-06-09,CVE-2025-9832,9.8,2026-04-29T01:00:01.613
CVE-2025-9831,0.000660000,0.206710000,0.6486337289539056,2026-06-09,2026-06-09,CVE-2025-9831,9.8,2026-04-29T01:00:01.613
CVE-2025-9830,0.000660000,0.206710000,0.6486337289539056,2026-06-09,2026-06-09,CVE-2025-9830,9.8,2026-04-29T01:00:01.613
CVE-2025-9829,0.000870000,0.249240000,0.7413745514766767,2026-06-09,2026-06-09,CVE-2025-9829,9.8,2026-04-29T01:00:01.613
CVE-2025-9828,0.001340000,0.329790000,0.8239028429478333,2026-06-09,2026-06-09,CVE-2025-9828,5.9,2026-04-29T01:00:01.613
CVE-2025-9784,0.022340000,0.848690000,0.980678995307756,2026-06-09,2026-06-09,CVE-2025-9784,7.5,2026-03-18T16:16:24.440
CVE-2025-9696,0.000240000,0.069290000,0.21197902290919127,2026-06-09,2026-06-09,CVE-2025-9696,,2026-04-15T00:35:42.020
CVE-2025-9573,0.003070000,0.542910000,0.9069831631244825,2026-06-09,2026-06-09,CVE-2025-9573,,2026-04-15T00:35:42.020
CVE-2025-9330,0.000210000,0.058960000,0.14794369307203975,2026-06-09,2026-06-09,CVE-2025-9330,7.8,2025-09-08T13:52:46.100
CVE-2025-9329,0.000930000,0.259970000,0.7615235992271598,2026-06-09,2026-06-09,CVE-2025-9329,7.8,2025-09-08T13:51:41.663
CVE-2025-9328,0.000930000,0.259970000,0.7615235992271598,2026-06-09,2026-06-09,CVE-2025-9328,7.8,2025-09-08T13:52:41.887
CVE-2025-9327,0.000420000,0.132700000,0.4242340601711289,2026-06-09,2026-06-09,CVE-2025-9327,5.5,2025-09-08T13:51:51.967
CVE-2025-9326,0.000930000,0.259970000,0.7615235992271598,2026-06-09,2026-06-09,CVE-2025-9326,7.8,2025-09-08T13:52:16.540
CVE-2025-9325,0.000420000,0.132700000,0.4242340601711289,2026-06-09,2026-06-09,CVE-2025-9325,5.5,2025-09-08T13:52:37.100
CVE-2025-9324,0.000420000,0.132700000,0.4242340601711289,2026-06-09,2026-06-09,CVE-2025-9324,5.5,2025-09-08T13:52:30.743
CVE-2025-9323,0.000420000,0.132700000,0.4242340601711289,2026-06-09,2026-06-09,CVE-2025-9323,5.5,2025-09-08T13:51:34.297
CVE-2025-9276,0.002880000,0.525400000,0.9036709908915264,2026-06-09,2026-06-09,CVE-2025-9276,9.8,2026-01-30T20:27:48.443
CVE-2025-9275,0.000680000,0.211900000,0.6660226331769252,2026-06-09,2026-06-09,CVE-2025-9275,7.8,2025-09-15T14:43:03.917
CVE-2025-9274,0.000680000,0.211900000,0.6660226331769252,2026-06-09,2026-06-09,CVE-2025-9274,7.8,2025-09-15T14:43:01.750
CVE-2025-9273,0.000830000,0.241440000,0.730333977366823,2026-06-09,2026-06-09,CVE-2025-9273,4.3,2026-01-27T16:11:55.110
CVE-2025-9189,0.000360000,0.109270000,0.3654430030361579,2026-06-09,2026-06-09,CVE-2025-9189,7.8,2025-10-09T19:52:55.733
CVE-2025-9188,0.008270000,0.748960000,0.9588738614407949,2026-06-09,2026-06-09,CVE-2025-9188,7.8,2025-10-09T19:53:26.143
CVE-2025-8614,0.000220000,0.064710000,0.18078940104885455,2026-06-09,2026-06-09,CVE-2025-8614,7.8,2025-09-10T14:36:09.027
CVE-2025-8613,0.007750000,0.739950000,0.9569417609715706,2026-06-09,2026-06-09,CVE-2025-8613,7.2,2026-04-15T00:35:42.020
CVE-2025-8302,0.000220000,0.062650000,0.18078940104885455,2026-06-09,2026-06-09,CVE-2025-8302,8.8,2025-09-10T15:00:15.943
CVE-2025-8301,0.000220000,0.062650000,0.18078940104885455,2026-06-09,2026-06-09,CVE-2025-8301,7.8,2025-09-10T15:00:04.563
CVE-2025-8300,0.000220000,0.062650000,0.18078940104885455,2026-06-09,2026-06-09,CVE-2025-8300,8.8,2025-09-10T15:00:11.357
CVE-2025-8299,0.000220000,0.062650000,0.18078940104885455,2026-06-09,2026-06-09,CVE-2025-8299,8.8,2025-09-10T14:59:58.543
CVE-2025-8298,0.000190000,0.054230000,0.11233784156776153,2026-06-09,2026-06-09,CVE-2025-8298,3.8,2025-09-10T15:00:07.030
CVE-2025-7976,0.004910000,0.659890000,0.9351366271046094,2026-06-09,2026-06-09,CVE-2025-7976,7.8,2025-09-24T20:43:08.907
CVE-2025-7975,0.003330000,0.564470000,0.9116754071211703,2026-06-09,2026-06-09,CVE-2025-7975,7.8,2025-09-24T20:42:21.560
CVE-2025-7974,0.000730000,0.221610000,0.6961081976262765,2026-06-09,2026-06-09,CVE-2025-7974,7.5,2026-01-27T18:39:15.560
CVE-2025-6685,0.003220000,0.555740000,0.9097433066519459,2026-06-09,2026-06-09,CVE-2025-6685,8.8,2026-02-26T23:10:50.133
CVE-2025-6519,0.000880000,0.251270000,0.7449627380623792,2026-06-09,2026-06-09,CVE-2025-6519,9.8,2025-10-10T14:18:29.190
CVE-2025-57778,0.000360000,0.109270000,0.3654430030361579,2026-06-09,2026-06-09,CVE-2025-57778,7.8,2025-10-09T19:53:55.477
CVE-2025-57777,0.000360000,0.109270000,0.3654430030361579,2026-06-09,2026-06-09,CVE-2025-57777,7.8,2025-10-09T19:54:18.407
CVE-2025-57776,0.000360000,0.109270000,0.3654430030361579,2026-06-09,2026-06-09,CVE-2025-57776,7.8,2025-10-09T19:54:39.950
CVE-2025-57775,0.000360000,0.109270000,0.3654430030361579,2026-06-09,2026-06-09,CVE-2025-57775,7.8,2025-10-09T19:55:02.193
CVE-2025-57774,0.000360000,0.109270000,0.3654430030361579,2026-06-09,2026-06-09,CVE-2025-57774,7.8,2025-10-09T19:33:54.973
CVE-2025-57616,0.001520000,0.356430000,0.8448799337565553,2026-06-09,2026-06-09,CVE-2025-57616,7.5,2025-09-10T18:25:12.660
CVE-2025-57615,0.001530000,0.357170000,0.8451559481093017,2026-06-09,2026-06-09,CVE-2025-57615,7.5,2025-09-10T18:31:27.533
CVE-2025-57614,0.003540000,0.580370000,0.9155396080596191,2026-06-09,2026-06-09,CVE-2025-57614,7.5,2025-09-10T18:31:47.433
CVE-2025-57613,0.001530000,0.357170000,0.8451559481093017,2026-06-09,2026-06-09,CVE-2025-57613,7.5,2025-09-10T18:33:24.547
CVE-2025-57612,0.001530000,0.357170000,0.8451559481093017,2026-06-09,2026-06-09,CVE-2025-57612,7.5,2025-09-10T18:35:48.720
CVE-2025-57611,0.001120000,0.292920000,0.7982335081424234,2026-06-09,2026-06-09,CVE-2025-57611,5.3,2025-09-10T18:36:58.663
CVE-2025-57140,0.000890000,0.253420000,0.7491029533535744,2026-06-09,2026-06-09,CVE-2025-57140,9.8,2025-09-04T17:46:32.590
CVE-2025-5662,0.028400000,0.864870000,0.9850952249516974,2026-06-09,2026-06-09,CVE-2025-5662,9.8,2026-04-15T00:35:42.020
CVE-2025-56254,0.000520000,0.165760000,0.5385040022081148,2026-06-09,2026-06-09,CVE-2025-56254,4.3,2025-09-04T17:02:44.477
CVE-2025-55824,0.000790000,0.233990000,0.7195694176097157,2026-06-09,2026-06-09,CVE-2025-55824,6.5,2025-09-05T18:06:02.743
CVE-2025-55476,0.000480000,0.153380000,0.5136627104609439,2026-06-09,2026-06-09,CVE-2025-55476,6.5,2025-09-05T18:10:09.907
CVE-2025-55474,0.000590000,0.185360000,0.6003312172232956,2026-06-09,2026-06-09,CVE-2025-55474,6.1,2025-09-05T18:01:33.103
CVE-2025-55473,0.000420000,0.131690000,0.4242340601711289,2026-06-09,2026-06-09,CVE-2025-55473,6.1,2026-04-15T00:35:42.020
CVE-2025-55472,0.000670000,0.208540000,0.6618824178857301,2026-06-09,2026-06-09,CVE-2025-55472,6.5,2025-09-11T21:19:43.863
CVE-2025-55373,0.001450000,0.345800000,0.8365995031741651,2026-06-09,2026-06-09,CVE-2025-55373,5.3,2025-09-11T21:19:36.443
CVE-2025-55372,0.001930000,0.411280000,0.8705492685619652,2026-06-09,2026-06-09,CVE-2025-55372,5.3,2025-09-11T21:17:29.997
CVE-2025-54599,0.000940000,0.261960000,0.768147943693072,2026-06-09,2026-06-09,CVE-2025-54599,7.5,2025-09-10T18:48:37.770
CVE-2025-52551,0.000820000,0.240120000,0.7267457907811207,2026-06-09,2026-06-09,CVE-2025-52551,,2026-04-15T00:35:42.020
CVE-2025-52550,0.000630000,0.198900000,0.6293127242616616,2026-06-09,2026-06-09,CVE-2025-52550,7.2,2025-10-01T18:20:33.640
CVE-2025-52549,0.000930000,0.259990000,0.7615235992271598,2026-06-09,2026-06-09,CVE-2025-52549,9.8,2025-10-01T18:23:48.017
CVE-2025-52548,0.000530000,0.169390000,0.543472260557549,2026-06-09,2026-06-09,CVE-2025-52548,4.9,2025-10-01T18:25:16.733
CVE-2025-52547,0.001230000,0.309410000,0.8114821970742478,2026-06-09,2026-06-09,CVE-2025-52547,7.5,2025-10-01T18:25:49.187
CVE-2025-52546,0.002250000,0.452740000,0.8860060723157605,2026-06-09,2026-06-09,CVE-2025-52546,6.1,2025-10-01T18:26:57.600
CVE-2025-52545,0.000720000,0.220380000,0.6939000828043058,2026-06-09,2026-06-09,CVE-2025-52545,7.5,2025-10-01T18:27:05.687
CVE-2025-52544,0.003080000,0.543130000,0.9072591774772288,2026-06-09,2026-06-09,CVE-2025-52544,7.5,2025-10-01T18:27:30.030
CVE-2025-52543,0.000540000,0.172770000,0.5600331217223296,2026-06-09,2026-06-09,CVE-2025-52543,7.5,2025-10-01T18:27:55.450
CVE-2025-51966,0.000590000,0.186870000,0.6003312172232956,2026-06-09,2026-06-09,CVE-2025-51966,6.1,2025-09-05T18:26:30.580
CVE-2025-50757,0.038760000,0.884830000,0.9878553684791609,2026-06-09,2026-06-09,CVE-2025-50757,6.5,2025-09-04T17:47:15.087
CVE-2025-50755,0.038760000,0.884830000,0.9878553684791609,2026-06-09,2026-06-09,CVE-2025-50755,6.5,2025-09-04T17:47:08.720
CVE-2025-50565,0.000610000,0.193080000,0.6196522219155396,2026-06-09,2026-06-09,CVE-2025-50565,6.5,2025-09-05T18:51:43.197
CVE-2025-46810,0.000420000,0.131660000,0.4242340601711289,2026-06-09,2026-06-09,CVE-2025-46810,,2026-04-15T00:35:42.020
CVE-2025-46047,0.000360000,0.109060000,0.3654430030361579,2026-06-09,2026-06-09,CVE-2025-46047,6.5,2025-09-04T17:46:45.237
CVE-2025-43726,0.000150000,0.033030000,0.050510626552580734,2026-06-09,2026-06-09,CVE-2025-43726,7.8,2025-11-04T15:37:09.027
CVE-2025-41031,0.002270000,0.455970000,0.8876621584322385,2026-06-09,2026-06-09,CVE-2025-41031,,2026-04-15T00:35:42.020
CVE-2025-36162,0.000560000,0.177190000,0.5752139111233784,2026-06-09,2026-06-09,CVE-2025-36162,4.3,2025-12-18T17:51:13.233
CVE-2025-32100,0.000750000,0.226590000,0.7046646425614131,2026-06-09,2026-06-09,CVE-2025-32100,6.5,2025-09-05T19:09:42.710
CVE-2025-32098,0.000640000,0.201350000,0.6362130830803202,2026-06-09,2026-06-09,CVE-2025-32098,5.3,2025-09-05T19:33:29.087
CVE-2025-2414,0.000930000,0.260030000,0.7615235992271598,2026-06-09,2026-06-09,CVE-2025-2414,8.6,2026-06-06T06:16:34.310
CVE-2025-2413,0.000930000,0.260030000,0.7615235992271598,2026-06-09,2026-06-09,CVE-2025-2413,8.6,2026-06-06T08:16:52.120
CVE-2025-22418,0.000840000,0.243810000,0.7347502070107645,2026-06-09,2026-06-09,CVE-2025-22418,7.8,2025-09-04T16:39:53.440
CVE-2025-22417,0.000070000,0.005130000,0.0024841291747170853,2026-06-09,2026-06-09,CVE-2025-22417,7.3,2025-09-04T16:39:57.460
CVE-2025-22416,0.000760000,0.228030000,0.7099089152635937,2026-06-09,2026-06-09,CVE-2025-22416,7.8,2025-09-04T16:40:02.630
CVE-2025-0670,0.000620000,0.196280000,0.6254485233232128,2026-06-09,2026-06-09,CVE-2025-0670,4.7,2026-06-06T08:16:48.267
CVE-2025-0640,0.000710000,0.218760000,0.6886558101021253,2026-06-09,2026-06-09,CVE-2025-0640,4.7,2026-06-06T08:16:47.850
CVE-2024-58259,0.000380000,0.116160000,0.37869169196798236,2026-06-09,2026-06-09,CVE-2024-58259,8.2,2026-04-15T00:35:42.020
CVE-2024-52284,0.000420000,0.132380000,0.4242340601711289,2026-06-09,2026-06-09,CVE-2024-52284,7.7,2026-04-15T00:35:42.020
CVE-2024-51423,0.001330000,0.323450000,0.8227987855368479,2026-06-09,2026-06-09,CVE-2024-51423,6.1,2025-09-10T18:55:05.597
CVE-2024-49730,0.000750000,0.225730000,0.7046646425614131,2026-06-09,2026-06-09,CVE-2024-49730,7.8,2025-09-04T16:40:08.027
CVE-2024-49728,0.000670000,0.209240000,0.6618824178857301,2026-06-09,2026-06-09,CVE-2024-49728,5.5,2025-09-04T16:40:12.073
CVE-2024-49722,0.000390000,0.120510000,0.388076179961358,2026-06-09,2026-06-09,CVE-2024-49722,5.5,2025-09-04T17:47:47.153
CVE-2024-49720,0.000410000,0.128790000,0.4159536295887386,2026-06-09,2026-06-09,CVE-2024-49720,7.8,2025-09-04T17:47:36.147
CVE-2024-48705,0.090840000,0.928210000,0.9953077560033122,2026-06-09,2026-06-09,CVE-2024-48705,6.5,2025-09-04T17:47:01.483
CVE-2024-40653,0.000880000,0.251620000,0.7449627380623792,2026-06-09,2026-06-09,CVE-2024-40653,7.3,2025-09-04T17:47:27.360
CVE-2024-12974,0.000430000,0.135370000,0.44714325144907535,2026-06-09,2026-06-09,CVE-2024-12974,4.3,2026-06-01T13:16:26.390
CVE-2024-12973,0.000350000,0.107810000,0.35219431410433344,2026-06-09,2026-06-09,CVE-2024-12973,4.7,2026-06-01T13:16:26.267
CVE-2024-12972,0.000430000,0.135370000,0.44714325144907535,2026-06-09,2026-06-09,CVE-2024-12972,4.3,2026-06-01T13:16:26.160
CVE-2025-9901,0.000480000,0.153470000,0.5136627104609439,2026-06-09,2026-06-09,CVE-2025-9901,5.9,2026-05-06T16:16:04.883
CVE-2025-9848,0.000830000,0.242410000,0.730333977366823,2026-06-09,2026-06-09,CVE-2025-9848,7.5,2026-04-29T01:00:01.613
CVE-2025-9847,0.001060000,0.282700000,0.7910571349710185,2026-06-09,2026-06-09,CVE-2025-9847,9.8,2026-04-29T01:00:01.613
CVE-2025-9845,0.000510000,0.162940000,0.5313276290367099,2026-06-09,2026-06-09,CVE-2025-9845,5.4,2026-04-29T01:00:01.613
CVE-2025-9843,0.000530000,0.169370000,0.543472260557549,2026-06-09,2026-06-09,CVE-2025-9843,7.5,2025-10-20T19:46:43.710
CVE-2025-9842,0.000530000,0.169370000,0.543472260557549,2026-06-09,2026-06-09,CVE-2025-9842,7.5,2025-10-20T19:48:43.440
CVE-2025-9841,0.001090000,0.287580000,0.7949213359094673,2026-06-09,2026-06-09,CVE-2025-9841,8.8,2026-04-29T01:00:01.613
CVE-2025-9840,0.000640000,0.201400000,0.6362130830803202,2026-06-09,2026-06-09,CVE-2025-9840,9.8,2026-04-29T01:00:01.613
CVE-2025-9839,0.000660000,0.206710000,0.6486337289539056,2026-06-09,2026-06-09,CVE-2025-9839,9.8,2026-04-29T01:00:01.613
CVE-2025-9838,0.000660000,0.206710000,0.6486337289539056,2026-06-09,2026-06-09,CVE-2025-9838,9.8,2026-04-29T01:00:01.613
CVE-2025-9822,0.000650000,0.202860000,0.6433894562517251,2026-06-09,2026-06-09,CVE-2025-9822,5.5,2026-04-15T00:35:42.020
CVE-2025-9821,0.000480000,0.153580000,0.5136627104609439,2026-06-09,2026-06-09,CVE-2025-9821,2.7,2026-04-15T00:35:42.020
CVE-2025-9817,0.000310000,0.094340000,0.32266077836047474,2026-06-09,2026-06-09,CVE-2025-9817,7.5,2025-12-05T16:26:10.933
CVE-2025-9785,0.000940000,0.261760000,0.768147943693072,2026-06-09,2026-06-09,CVE-2025-9785,,2026-04-15T00:35:42.020
CVE-2025-9378,0.000530000,0.168400000,0.543472260557549,2026-06-09,2026-06-09,CVE-2025-9378,6.4,2026-04-15T00:35:42.020
CVE-2025-9260,0.007040000,0.725130000,0.9547336461495998,2026-06-09,2026-06-09,CVE-2025-9260,6.5,2026-04-15T00:35:42.020
CVE-2025-9219,0.000520000,0.164300000,0.5385040022081148,2026-06-09,2026-06-09,CVE-2025-9219,4.3,2026-04-15T00:35:42.020
CVE-2025-8663,0.000840000,0.245100000,0.7347502070107645,2026-06-09,2026-06-09,CVE-2025-8663,6.5,2025-11-26T16:27:53.490
CVE-2025-7039,0.000740000,0.223770000,0.7008004416229644,2026-06-09,2026-06-09,CVE-2025-7039,3.7,2026-06-02T14:16:39.747
CVE-2025-58351,0.000770000,0.230270000,0.7129450731438035,2026-06-09,2026-06-09,CVE-2025-58351,6.8,2025-10-20T18:46:57.850
CVE-2025-58272,0.000120000,0.018120000,0.030913607507590396,2026-06-09,2026-06-09,CVE-2025-58272,3.7,2026-04-15T00:35:42.020
CVE-2025-58210,0.000680000,0.210100000,0.6660226331769252,2026-06-09,2026-06-09,CVE-2025-58210,9.8,2026-04-23T15:33:18.607
CVE-2025-58176,0.005870000,0.695400000,0.9475572729781949,2026-06-09,2026-06-09,CVE-2025-58176,8.8,2025-09-11T21:20:57.600
CVE-2025-58163,0.014660000,0.812700000,0.9732266077836047,2026-06-09,2026-06-09,CVE-2025-58163,8.8,2025-09-08T15:03:47.560
CVE-2025-57806,0.000110000,0.014770000,0.026221363510902568,2026-06-09,2026-06-09,CVE-2025-57806,,2026-04-15T00:35:42.020
CVE-2025-54588,0.000140000,0.025970000,0.043886282086668504,2026-06-09,2026-06-09,CVE-2025-54588,7.5,2025-09-08T15:19:04.350
CVE-2025-53694,0.001950000,0.413170000,0.8711012972674579,2026-06-09,2026-06-09,CVE-2025-53694,7.5,2025-09-08T18:11:15.357
CVE-2025-53693,0.006970000,0.723660000,0.9544576317968534,2026-06-09,2026-06-09,CVE-2025-53693,9.8,2025-09-08T18:28:13.110
CVE-2025-53691,0.050380000,0.899530000,0.9914435550648634,2026-06-09,2026-06-09,CVE-2025-53691,8.8,2025-09-08T18:30:40.133
CVE-2025-47421,0.000770000,0.229880000,0.7129450731438035,2026-06-09,2026-06-09,CVE-2025-47421,,2026-04-15T00:35:42.020
CVE-2025-41000,0.000820000,0.240120000,0.7267457907811207,2026-06-09,2026-06-09,CVE-2025-41000,,2026-04-15T00:35:42.020
CVE-2025-38678,0.000400000,0.123000000,0.4004968258349434,2026-06-09,2026-06-09,CVE-2025-38678,5.5,2025-12-06T22:15:51.587
CVE-2025-3701,0.000550000,0.173570000,0.5658294231300027,2026-06-09,2026-06-09,CVE-2025-3701,4.3,2026-04-23T15:29:52.367
CVE-2025-26416,0.032990000,0.874830000,0.9859232680099366,2026-06-09,2026-06-09,CVE-2025-26416,9.8,2025-09-04T16:37:27.790
CVE-2025-26210,0.001850000,0.400800000,0.8677891250345018,2026-06-09,2026-06-09,CVE-2025-26210,8.8,2025-09-26T13:58:31.357
CVE-2025-2416,0.000930000,0.260030000,0.7615235992271598,2026-06-09,2026-06-09,CVE-2025-2416,8.6,2026-06-06T06:16:37.217
CVE-2025-2415,0.000930000,0.260030000,0.7615235992271598,2026-06-09,2026-06-09,CVE-2025-2415,8.6,2026-06-06T06:16:36.070
CVE-2025-22442,0.000900000,0.255260000,0.7526911399392768,2026-06-09,2026-06-09,CVE-2025-22442,7.0,2025-09-04T16:37:40.630
CVE-2025-22439,0.000070000,0.005130000,0.0024841291747170853,2026-06-09,2026-06-09,CVE-2025-22439,7.3,2025-09-04T16:37:34.810
CVE-2025-22438,0.000910000,0.256530000,0.7548992547612476,2026-06-09,2026-06-09,CVE-2025-22438,7.8,2025-09-04T16:37:48.160
CVE-2025-22437,0.000910000,0.256530000,0.7548992547612476,2026-06-09,2026-06-09,CVE-2025-22437,7.8,2025-09-04T16:37:56.803
CVE-2025-22435,0.002900000,0.527470000,0.9044990339497654,2026-06-09,2026-06-09,CVE-2025-22435,9.8,2025-09-04T16:38:05.697
CVE-2025-22434,0.000080000,0.007810000,0.004416229643941485,2026-06-09,2026-06-09,CVE-2025-22434,7.8,2025-09-04T16:38:14.710
CVE-2025-22433,0.000310000,0.093830000,0.32266077836047474,2026-06-09,2026-06-09,CVE-2025-22433,7.8,2025-09-04T16:38:21.577
CVE-2025-22431,0.000970000,0.266030000,0.7756003312172233,2026-06-09,2026-06-09,CVE-2025-22431,5.5,2025-09-04T16:39:07.903
CVE-2025-22430,0.000680000,0.211760000,0.6660226331769252,2026-06-09,2026-06-09,CVE-2025-22430,5.5,2025-09-04T16:38:27.680
CVE-2025-22429,0.002910000,0.527800000,0.9064311344189898,2026-06-09,2026-06-09,CVE-2025-22429,9.8,2025-09-04T16:39:18.600
CVE-2025-22428,0.000780000,0.231870000,0.7162572453767596,2026-06-09,2026-06-09,CVE-2025-22428,7.8,2025-09-04T16:39:12.667
CVE-2025-22427,0.000910000,0.256530000,0.7548992547612476,2026-06-09,2026-06-09,CVE-2025-22427,7.3,2025-09-04T16:39:24.680
CVE-2025-22423,0.013040000,0.801400000,0.971018492961634,2026-06-09,2026-06-09,CVE-2025-22423,7.5,2025-09-04T16:39:29.267
CVE-2025-22422,0.001100000,0.289560000,0.7965774220259454,2026-06-09,2026-06-09,CVE-2025-22422,7.8,2025-09-04T16:39:34.760
CVE-2025-22421,0.000680000,0.211760000,0.6660226331769252,2026-06-09,2026-06-09,CVE-2025-22421,5.5,2025-09-04T16:39:43.093
CVE-2025-22419,0.000840000,0.243810000,0.7347502070107645,2026-06-09,2026-06-09,CVE-2025-22419,7.3,2025-09-04T16:39:48.287
CVE-2025-21041,0.000270000,0.081180000,0.2779464532155672,2026-06-09,2026-06-09,CVE-2025-21041,5.5,2025-09-19T20:13:14.480
CVE-2025-21040,0.000290000,0.087190000,0.29726745790781123,2026-06-09,2026-06-09,CVE-2025-21040,3.3,2025-09-05T16:43:58.663
CVE-2025-21039,0.000290000,0.087190000,0.29726745790781123,2026-06-09,2026-06-09,CVE-2025-21039,3.3,2025-09-05T16:49:12.003
CVE-2025-21038,0.000290000,0.087190000,0.29726745790781123,2026-06-09,2026-06-09,CVE-2025-21038,3.3,2025-09-05T16:52:00.727
CVE-2025-21037,0.000260000,0.076540000,0.25393320452663537,2026-06-09,2026-06-09,CVE-2025-21037,4.3,2025-09-09T16:22:16.267
CVE-2025-21036,0.000170000,0.045260000,0.06707148771736131,2026-06-09,2026-06-09,CVE-2025-21036,5.0,2025-09-09T16:22:42.107
CVE-2025-21035,0.000340000,0.105450000,0.34777808446039193,2026-06-09,2026-06-09,CVE-2025-21035,4.6,2025-09-29T18:23:48.250
CVE-2025-21034,0.000260000,0.076710000,0.25393320452663537,2026-06-09,2026-06-09,CVE-2025-21034,7.8,2025-09-11T21:23:51.530
CVE-2025-21033,0.000240000,0.072450000,0.21197902290919127,2026-06-09,2026-06-09,CVE-2025-21033,5.5,2025-09-11T21:23:42.060
CVE-2025-21032,0.000290000,0.086340000,0.29726745790781123,2026-06-09,2026-06-09,CVE-2025-21032,6.8,2025-09-11T21:23:27.173
CVE-2025-21031,0.000260000,0.079300000,0.25393320452663537,2026-06-09,2026-06-09,CVE-2025-21031,6.8,2025-09-05T16:40:29.537
CVE-2025-21030,0.000290000,0.088550000,0.29726745790781123,2026-06-09,2026-06-09,CVE-2025-21030,4.3,2026-04-15T00:35:42.020
CVE-2025-21029,0.000290000,0.087190000,0.29726745790781123,2026-06-09,2026-06-09,CVE-2025-21029,3.3,2025-09-11T21:22:53.583
CVE-2025-21028,0.000260000,0.077850000,0.25393320452663537,2026-06-09,2026-06-09,CVE-2025-21028,5.5,2025-09-11T21:22:12.790
CVE-2025-21027,0.000300000,0.089460000,0.3105161468396357,2026-06-09,2026-06-09,CVE-2025-21027,4.4,2025-09-11T21:21:13.930
CVE-2025-21026,0.000280000,0.082970000,0.29036709908915265,2026-06-09,2026-06-09,CVE-2025-21026,3.3,2025-09-11T21:21:25.810
CVE-2025-21025,0.000280000,0.085150000,0.29036709908915265,2026-06-09,2026-06-09,CVE-2025-21025,4.4,2025-09-11T21:20:31.480
CVE-2025-1740,0.000960000,0.265610000,0.7720121446315208,2026-06-09,2026-06-09,CVE-2025-1740,9.8,2026-06-06T08:16:50.393
CVE-2025-0878,0.000710000,0.218750000,0.6886558101021253,2026-06-09,2026-06-09,CVE-2025-0878,4.7,2026-06-06T08:16:48.700
CVE-2024-43166,0.001620000,0.368150000,0.8537123930444384,2026-06-09,2026-06-09,CVE-2024-43166,9.8,2025-11-04T22:16:03.300
CVE-2024-43115,0.001000000,0.271970000,0.7838807617996136,2026-06-09,2026-06-09,CVE-2024-43115,8.8,2025-11-04T22:16:03.113
CVE-2024-32444,0.002100000,0.434140000,0.8771736130278774,2026-06-09,2026-06-09,CVE-2024-32444,9.8,2026-04-23T15:18:15.717
CVE-2024-13068,0.000380000,0.117930000,0.37869169196798236,2026-06-09,2026-06-09,CVE-2024-13068,7.3,2026-06-01T13:16:26.937
CVE-2024-13066,0.000400000,0.122990000,0.4004968258349434,2026-06-09,2026-06-09,CVE-2024-13066,4.3,2026-06-01T13:16:26.810
CVE-2024-13065,0.000290000,0.086110000,0.29726745790781123,2026-06-09,2026-06-09,CVE-2024-13065,6.3,2026-06-01T13:16:26.710
CVE-2024-13064,0.000430000,0.135370000,0.44714325144907535,2026-06-09,2026-06-09,CVE-2024-13064,4.3,2026-06-01T13:16:26.610
CVE-2024-13063,0.000550000,0.174050000,0.5658294231300027,2026-06-09,2026-06-09,CVE-2024-13063,6.8,2026-06-01T13:16:26.500
CVE-2023-3666,0.000540000,0.172630000,0.5600331217223296,2026-06-09,2026-06-09,CVE-2023-3666,3.3,2026-01-16T16:38:05.313
CVE-2023-21483,0.000180000,0.050520000,0.09688103781396633,2026-06-09,2026-06-09,CVE-2023-21483,5.5,2025-09-09T16:23:40.953
CVE-2023-21482,0.000330000,0.099330000,0.34004968258349433,2026-06-09,2026-06-09,CVE-2023-21482,4.6,2025-10-01T20:40:12.210
CVE-2023-21481,0.000630000,0.199280000,0.6293127242616616,2026-06-09,2026-06-09,CVE-2023-21481,7.5,2025-10-01T20:41:03.650
CVE-2023-21480,0.000350000,0.108320000,0.35219431410433344,2026-06-09,2026-06-09,CVE-2023-21480,7.8,2025-09-19T20:33:52.943
CVE-2023-21479,0.000920000,0.258010000,0.75848744134695,2026-06-09,2026-06-09,CVE-2023-21479,5.3,2026-01-28T19:14:14.617
CVE-2023-21478,0.000330000,0.099280000,0.34004968258349433,2026-06-09,2026-06-09,CVE-2023-21478,5.5,2025-09-19T20:34:05.350
CVE-2023-21477,0.000250000,0.073970000,0.22964394148495723,2026-06-09,2026-06-09,CVE-2023-21477,5.5,2026-01-28T19:30:59.053
CVE-2023-21476,0.000270000,0.080750000,0.2779464532155672,2026-06-09,2026-06-09,CVE-2023-21476,7.8,2025-09-05T16:44:32.270
CVE-2023-21475,0.000270000,0.080750000,0.2779464532155672,2026-06-09,2026-06-09,CVE-2023-21475,7.8,2025-09-05T16:45:04.773
CVE-2023-21474,0.000210000,0.058940000,0.14794369307203975,2026-06-09,2026-06-09,CVE-2023-21474,7.1,2025-09-19T20:36:06.023
CVE-2023-21473,0.000450000,0.142850000,0.46839635661054374,2026-06-09,2026-06-09,CVE-2023-21473,6.8,2025-09-05T16:45:40.743
CVE-2023-21472,0.000450000,0.142850000,0.46839635661054374,2026-06-09,2026-06-09,CVE-2023-21472,6.8,2025-09-05T16:46:00.447
CVE-2023-21471,0.000690000,0.213370000,0.6756831355230472,2026-06-09,2026-06-09,CVE-2023-21471,3.3,2025-09-05T16:46:21.070
CVE-2023-21470,0.000280000,0.082970000,0.29036709908915265,2026-06-09,2026-06-09,CVE-2023-21470,3.3,2025-09-19T20:36:42.210
CVE-2023-21469,0.000280000,0.082970000,0.29036709908915265,2026-06-09,2026-06-09,CVE-2023-21469,3.3,2025-09-19T20:36:54.527
CVE-2023-21468,0.000250000,0.073230000,0.22964394148495723,2026-06-09,2026-06-09,CVE-2023-21468,7.8,2025-09-19T20:37:04.000
CVE-2023-21467,0.000660000,0.205910000,0.6486337289539056,2026-06-09,2026-06-09,CVE-2023-21467,9.8,2025-09-08T14:58:47.333
CVE-2023-21466,0.000190000,0.051750000,0.11233784156776153,2026-06-09,2026-06-09,CVE-2023-21466,3.3,2025-09-08T15:02:31.317
CVE-2014-125127,0.001320000,0.322560000,0.8214187137731161,2026-06-09,2026-06-09,CVE-2014-125127,7.5,2025-12-18T17:47:22.013
CVE-2025-9959,0.000840000,0.243750000,0.7347502070107645,2026-06-09,2026-06-09,CVE-2025-9959,7.6,2026-04-15T00:35:42.020
CVE-2025-9926,0.000750000,0.227350000,0.7046646425614131,2026-06-09,2026-06-09,CVE-2025-9926,9.8,2026-04-29T01:00:01.613
CVE-2025-9925,0.000730000,0.221550000,0.6961081976262765,2026-06-09,2026-06-09,CVE-2025-9925,9.8,2026-04-29T01:00:01.613
CVE-2025-9924,0.000730000,0.221550000,0.6961081976262765,2026-06-09,2026-06-09,CVE-2025-9924,9.8,2026-04-29T01:00:01.613
CVE-2025-9923,0.000790000,0.233980000,0.7195694176097157,2026-06-09,2026-06-09,CVE-2025-9923,6.1,2026-04-29T01:00:01.613
CVE-2025-9922,0.000670000,0.207270000,0.6618824178857301,2026-06-09,2026-06-09,CVE-2025-9922,6.1,2026-04-29T01:00:01.613
CVE-2025-9921,0.000500000,0.157660000,0.526635385040022,2026-06-09,2026-06-09,CVE-2025-9921,5.4,2026-04-29T01:00:01.613
CVE-2025-9920,0.001300000,0.320200000,0.8186585702456528,2026-06-09,2026-06-09,CVE-2025-9920,7.2,2026-04-29T01:00:01.613
CVE-2025-9919,0.000730000,0.221550000,0.6961081976262765,2026-06-09,2026-06-09,CVE-2025-9919,9.8,2026-04-29T01:00:01.613
CVE-2025-9867,0.000330000,0.101470000,0.34004968258349433,2026-06-09,2026-06-09,CVE-2025-9867,5.4,2025-09-04T16:12:58.900
CVE-2025-9866,0.001050000,0.280730000,0.7899530775600331,2026-06-09,2026-06-09,CVE-2025-9866,8.8,2025-09-04T16:12:56.293
CVE-2025-9865,0.000600000,0.187990000,0.6055754899254762,2026-06-09,2026-06-09,CVE-2025-9865,5.4,2025-09-04T16:12:54.513
CVE-2025-9824,0.000760000,0.228810000,0.7099089152635937,2026-06-09,2026-06-09,CVE-2025-9824,5.9,2026-04-15T00:35:42.020
CVE-2025-9823,0.000880000,0.251170000,0.7449627380623792,2026-06-09,2026-06-09,CVE-2025-9823,,2026-04-15T00:35:42.020
CVE-2025-9365,0.003230000,0.556780000,0.9100193210046923,2026-06-09,2026-06-09,CVE-2025-9365,7.8,2026-04-15T00:35:42.020
CVE-2025-58644,0.001490000,0.351660000,0.8423958045818383,2026-06-09,2026-06-09,CVE-2025-58644,7.2,2026-04-23T15:33:30.960
CVE-2025-58643,0.001490000,0.351660000,0.8423958045818383,2026-06-09,2026-06-09,CVE-2025-58643,7.2,2026-04-23T15:33:30.847
CVE-2025-58642,0.001490000,0.351660000,0.8423958045818383,2026-06-09,2026-06-09,CVE-2025-58642,7.2,2026-04-23T15:33:30.730
CVE-2025-58641,0.000420000,0.129730000,0.4242340601711289,2026-06-09,2026-06-09,CVE-2025-58641,5.4,2026-04-23T15:33:30.607
CVE-2025-58640,0.000470000,0.147670000,0.48330113165884625,2026-06-09,2026-06-09,CVE-2025-58640,6.5,2026-04-23T15:33:30.497
CVE-2025-58639,0.000710000,0.217850000,0.6886558101021253,2026-06-09,2026-06-09,CVE-2025-58639,5.4,2026-04-23T15:33:30.383
CVE-2025-58637,0.001570000,0.362050000,0.8501242064587359,2026-06-09,2026-06-09,CVE-2025-58637,7.5,2026-04-23T15:33:30.270
CVE-2025-58635,0.000580000,0.183880000,0.5873585426442175,2026-06-09,2026-06-09,CVE-2025-58635,5.3,2026-04-23T15:33:30.160
CVE-2025-58634,0.000580000,0.183880000,0.5873585426442175,2026-06-09,2026-06-09,CVE-2025-58634,5.3,2026-04-23T15:33:30.050
CVE-2025-58633,0.000470000,0.147670000,0.48330113165884625,2026-06-09,2026-06-09,CVE-2025-58633,6.5,2026-04-23T15:33:29.937
CVE-2025-58632,0.000470000,0.147670000,0.48330113165884625,2026-06-09,2026-06-09,CVE-2025-58632,6.5,2026-04-23T15:33:29.823
CVE-2025-58631,0.000430000,0.135370000,0.44714325144907535,2026-06-09,2026-06-09,CVE-2025-58631,5.9,2026-04-23T15:33:29.713
CVE-2025-58630,0.000430000,0.135370000,0.44714325144907535,2026-06-09,2026-06-09,CVE-2025-58630,5.9,2026-04-23T15:33:29.617
CVE-2025-58626,0.000470000,0.147670000,0.48330113165884625,2026-06-09,2026-06-09,CVE-2025-58626,6.5,2026-04-23T15:33:29.223
CVE-2025-58625,0.000430000,0.135370000,0.44714325144907535,2026-06-09,2026-06-09,CVE-2025-58625,5.9,2026-04-23T15:33:29.117
CVE-2025-58624,0.000470000,0.147670000,0.48330113165884625,2026-06-09,2026-06-09,CVE-2025-58624,6.5,2026-04-23T15:33:29.007
CVE-2025-58623,0.000470000,0.147670000,0.48330113165884625,2026-06-09,2026-06-09,CVE-2025-58623,6.5,2026-04-23T15:33:28.897
CVE-2025-58622,0.000550000,0.173570000,0.5658294231300027,2026-06-09,2026-06-09,CVE-2025-58622,4.3,2026-04-23T15:33:28.783
CVE-2025-58621,0.000470000,0.147670000,0.48330113165884625,2026-06-09,2026-06-09,CVE-2025-58621,6.5,2026-04-23T15:33:28.670
CVE-2025-58620,0.000470000,0.147670000,0.48330113165884625,2026-06-09,2026-06-09,CVE-2025-58620,6.5,2026-04-23T15:33:28.550
CVE-2025-58618,0.000470000,0.147670000,0.48330113165884625,2026-06-09,2026-06-09,CVE-2025-58618,6.5,2026-04-23T15:33:28.430
CVE-2025-58617,0.000550000,0.173570000,0.5658294231300027,2026-06-09,2026-06-09,CVE-2025-58617,4.3,2026-04-23T15:33:28.287
CVE-2025-58616,0.000740000,0.223350000,0.7008004416229644,2026-06-09,2026-06-09,CVE-2025-58616,6.5,2026-04-23T15:33:28.103
CVE-2025-58615,0.000360000,0.110940000,0.3654430030361579,2026-06-09,2026-06-09,CVE-2025-58615,4.4,2026-04-23T15:33:27.983
CVE-2025-58614,0.000470000,0.147670000,0.48330113165884625,2026-06-09,2026-06-09,CVE-2025-58614,6.5,2026-04-23T15:33:27.873
CVE-2025-58613,0.000580000,0.185100000,0.5873585426442175,2026-06-09,2026-06-09,CVE-2025-58613,5.3,2026-04-23T15:33:27.760
CVE-2025-58612,0.000470000,0.147670000,0.48330113165884625,2026-06-09,2026-06-09,CVE-2025-58612,6.5,2026-04-23T15:33:27.647
CVE-2025-58611,0.000260000,0.077150000,0.25393320452663537,2026-06-09,2026-06-09,CVE-2025-58611,4.3,2026-04-23T15:33:27.533
CVE-2025-58610,0.000470000,0.147670000,0.48330113165884625,2026-06-09,2026-06-09,CVE-2025-58610,6.5,2026-04-23T15:33:27.423
CVE-2025-58609,0.000470000,0.147670000,0.48330113165884625,2026-06-09,2026-06-09,CVE-2025-58609,6.5,2026-04-23T15:33:27.310
CVE-2025-58608,0.001570000,0.362050000,0.8501242064587359,2026-06-09,2026-06-09,CVE-2025-58608,7.5,2026-04-23T15:33:27.190
CVE-2025-58607,0.000470000,0.147670000,0.48330113165884625,2026-06-09,2026-06-09,CVE-2025-58607,6.5,2026-04-28T19:34:09.480
CVE-2025-58606,0.000550000,0.173570000,0.5658294231300027,2026-06-09,2026-06-09,CVE-2025-58606,5.0,2026-04-23T15:33:26.967
CVE-2025-58605,0.000470000,0.147670000,0.48330113165884625,2026-06-09,2026-06-09,CVE-2025-58605,6.5,2026-04-23T15:33:26.857
CVE-2025-58604,0.000540000,0.171680000,0.5600331217223296,2026-06-09,2026-06-09,CVE-2025-58604,7.6,2026-04-23T15:33:26.747
CVE-2025-58603,0.000580000,0.183880000,0.5873585426442175,2026-06-09,2026-06-09,CVE-2025-58603,5.3,2026-04-23T15:33:26.620
CVE-2025-58602,0.000470000,0.147670000,0.48330113165884625,2026-06-09,2026-06-09,CVE-2025-58602,6.5,2026-04-23T15:33:26.507
CVE-2025-58601,0.000550000,0.173570000,0.5658294231300027,2026-06-09,2026-06-09,CVE-2025-58601,4.3,2026-04-23T15:33:26.393
CVE-2025-58600,0.000800000,0.235600000,0.7215015180789401,2026-06-09,2026-06-09,CVE-2025-58600,5.3,2026-04-23T15:33:26.280
CVE-2025-58599,0.000550000,0.173570000,0.5658294231300027,2026-06-09,2026-06-09,CVE-2025-58599,4.3,2026-04-23T15:33:26.170
CVE-2025-58598,0.000540000,0.170750000,0.5600331217223296,2026-06-09,2026-06-09,CVE-2025-58598,6.6,2026-04-23T15:33:26.060
CVE-2025-58597,0.000710000,0.217850000,0.6886558101021253,2026-06-09,2026-06-09,CVE-2025-58597,4.3,2026-04-23T15:33:25.937
CVE-2025-58596,0.000430000,0.135370000,0.44714325144907535,2026-06-09,2026-06-09,CVE-2025-58596,5.9,2026-04-23T15:33:25.810
CVE-2025-58594,0.000550000,0.173570000,0.5658294231300027,2026-06-09,2026-06-09,CVE-2025-58594,4.3,2026-04-23T15:33:25.693
CVE-2025-58593,0.000470000,0.147670000,0.48330113165884625,2026-06-09,2026-06-09,CVE-2025-58593,6.5,2026-04-23T15:33:25.577
CVE-2025-58460,0.000350000,0.108250000,0.35219431410433344,2026-06-09,2026-06-09,CVE-2025-58460,4.2,2025-11-04T22:16:34.507
CVE-2025-58459,0.000590000,0.185740000,0.6003312172232956,2026-06-09,2026-06-09,CVE-2025-58459,4.3,2025-11-04T22:16:34.370
CVE-2025-58458,0.001060000,0.282090000,0.7910571349710185,2026-06-09,2026-06-09,CVE-2025-58458,4.3,2025-11-04T22:16:34.240
CVE-2025-57833,0.000740000,0.224150000,0.7008004416229644,2026-06-09,2026-06-09,CVE-2025-57833,8.1,2025-11-04T22:16:31.930
CVE-2025-57151,0.001440000,0.344150000,0.8357714601159261,2026-06-09,2026-06-09,CVE-2025-57151,8.8,2026-04-06T15:17:06.613
CVE-2025-57150,0.001700000,0.380270000,0.8573005796301407,2026-06-09,2026-06-09,CVE-2025-57150,7.2,2026-04-06T15:17:06.447
CVE-2025-57149,0.000730000,0.221260000,0.6961081976262765,2026-06-09,2026-06-09,CVE-2025-57149,6.5,2026-04-06T15:17:06.280
CVE-2025-57148,0.000990000,0.270800000,0.7816726469776428,2026-06-09,2026-06-09,CVE-2025-57148,9.1,2026-04-06T15:17:06.043
CVE-2025-57147,0.000810000,0.237850000,0.7242616616064035,2026-06-09,2026-06-09,CVE-2025-57147,7.5,2026-04-06T15:17:05.850
CVE-2025-57146,0.000590000,0.187060000,0.6003312172232956,2026-06-09,2026-06-09,CVE-2025-57146,8.1,2026-04-06T15:17:05.640
CVE-2025-57052,0.002730000,0.508960000,0.9009108473640629,2026-06-09,2026-06-09,CVE-2025-57052,9.8,2025-11-03T19:16:12.460
CVE-2025-56803,0.002580000,0.494360000,0.8970466464256142,2026-06-09,2026-06-09,CVE-2025-56803,8.4,2025-09-26T14:02:46.583
CVE-2025-56761,0.000580000,0.183080000,0.5873585426442175,2026-06-09,2026-06-09,CVE-2025-56761,5.4,2025-09-09T18:27:28.537
CVE-2025-56760,0.001780000,0.390950000,0.862268837979575,2026-06-09,2026-06-09,CVE-2025-56760,4.3,2025-09-09T18:30:48.923
CVE-2025-56752,0.003290000,0.561500000,0.911399392768424,2026-06-09,2026-06-09,CVE-2025-56752,9.4,2025-09-29T18:36:43.327
CVE-2025-56689,0.000450000,0.140900000,0.46839635661054374,2026-06-09,2026-06-09,CVE-2025-56689,4.6,2025-09-16T16:15:42.230
CVE-2025-56608,0.000370000,0.113290000,0.3734474192658018,2026-06-09,2026-06-09,CVE-2025-56608,4.2,2025-09-08T17:40:36.713
CVE-2025-56498,0.026940000,0.861700000,0.9839911675407121,2026-06-09,2026-06-09,CVE-2025-56498,5.3,2025-09-09T15:58:46.043
CVE-2025-56435,0.001770000,0.389340000,0.8611647805685896,2026-06-09,2026-06-09,CVE-2025-56435,5.3,2025-09-09T15:59:26.683
CVE-2025-56139,0.000770000,0.230790000,0.7129450731438035,2026-06-09,2026-06-09,CVE-2025-56139,5.3,2025-09-08T18:37:24.330
CVE-2025-55944,0.001850000,0.400660000,0.8677891250345018,2026-06-09,2026-06-09,CVE-2025-55944,6.1,2025-09-09T16:04:57.400
CVE-2025-55852,0.001300000,0.319770000,0.8186585702456528,2026-06-09,2026-06-09,CVE-2025-55852,7.5,2025-09-08T14:03:07.520
CVE-2025-55748,0.003710000,0.592270000,0.9171956941760971,2026-06-09,2026-06-09,CVE-2025-55748,7.5,2025-09-10T17:24:13.273
CVE-2025-55747,0.012920000,0.800460000,0.9704664642561414,2026-06-09,2026-06-09,CVE-2025-55747,9.1,2025-09-10T17:47:28.840
CVE-2025-55162,0.000110000,0.015320000,0.026221363510902568,2026-06-09,2026-06-09,CVE-2025-55162,8.8,2025-09-08T18:42:05.630
CVE-2025-53690,0.051530000,0.900770000,0.9917195694176097,2026-06-09,2026-06-09,CVE-2025-53690,9.0,2025-10-30T20:39:16.593
CVE-2025-52494,0.001020000,0.275140000,0.7863648909743307,2026-06-09,2026-06-09,CVE-2025-52494,7.5,2025-09-08T18:50:48.793
CVE-2025-45805,0.000270000,0.080550000,0.2779464532155672,2026-06-09,2026-06-09,CVE-2025-45805,7.6,2025-12-16T17:16:08.277
CVE-2025-36193,0.000160000,0.038770000,0.054650841843775874,2026-06-09,2026-06-09,CVE-2025-36193,6.7,2025-09-29T18:35:52.077
CVE-2025-20336,0.000330000,0.099820000,0.34004968258349433,2026-06-09,2026-06-09,CVE-2025-20336,7.5,2026-01-05T14:49:30.253
CVE-2025-20335,0.000490000,0.154970000,0.5208390836323489,2026-06-09,2026-06-09,CVE-2025-20335,5.3,2026-01-05T14:49:25.683
CVE-2025-20330,0.000470000,0.149940000,0.48330113165884625,2026-06-09,2026-06-09,CVE-2025-20330,6.1,2025-09-10T17:36:51.947
CVE-2025-20328,0.000440000,0.139310000,0.4609439690863925,2026-06-09,2026-06-09,CVE-2025-20328,5.4,2025-09-10T17:54:12.020
CVE-2025-20326,0.000300000,0.090460000,0.3105161468396357,2026-06-09,2026-06-09,CVE-2025-20326,8.8,2025-09-10T18:03:13.847
CVE-2025-20291,0.000330000,0.099960000,0.34004968258349433,2026-06-09,2026-06-09,CVE-2025-20291,6.1,2025-09-09T18:06:53.997
CVE-2025-20287,0.000700000,0.215760000,0.6845155948109302,2026-06-09,2026-06-09,CVE-2025-20287,8.8,2025-09-09T18:11:59.287
CVE-2025-20280,0.000410000,0.127220000,0.4159536295887386,2026-06-09,2026-06-09,CVE-2025-20280,4.8,2025-09-09T18:20:44.523
CVE-2025-20270,0.000770000,0.231190000,0.7129450731438035,2026-06-09,2026-06-09,CVE-2025-20270,6.5,2025-09-09T18:15:53.293
CVE-2025-0280,0.000180000,0.051380000,0.09688103781396633,2026-06-09,2026-06-09,CVE-2025-0280,7.5,2026-04-15T00:35:42.020
CVE-2025-9942,0.000920000,0.258470000,0.75848744134695,2026-06-09,2026-06-09,CVE-2025-9942,8.8,2026-04-29T01:00:01.613
CVE-2025-9941,0.000920000,0.258470000,0.75848744134695,2026-06-09,2026-06-09,CVE-2025-9941,8.8,2026-04-29T01:00:01.613
CVE-2025-9940,0.000510000,0.162940000,0.5313276290367099,2026-06-09,2026-06-09,CVE-2025-9940,5.4,2026-04-29T01:00:01.613
CVE-2025-9939,0.000470000,0.149920000,0.48330113165884625,2026-06-09,2026-06-09,CVE-2025-9939,5.4,2026-04-29T01:00:01.613
CVE-2025-9938,0.004220000,0.624500000,0.9260281534639802,2026-06-09,2026-06-09,CVE-2025-9938,8.8,2025-09-29T18:30:16.607
CVE-2025-9937,0.000570000,0.179550000,0.5810102125310516,2026-06-09,2026-06-09,CVE-2025-9937,5.4,2026-04-29T01:00:01.613
CVE-2025-9936,0.000480000,0.153340000,0.5136627104609439,2026-06-09,2026-06-09,CVE-2025-9936,4.3,2026-04-29T01:00:01.613
CVE-2025-9935,0.020750000,0.842950000,0.9792989235440243,2026-06-09,2026-06-09,CVE-2025-9935,9.8,2026-04-29T01:00:01.613
CVE-2025-9934,0.024190000,0.854240000,0.9820590670714877,2026-06-09,2026-06-09,CVE-2025-9934,9.8,2026-04-29T01:00:01.613
CVE-2025-9933,0.000610000,0.191910000,0.6196522219155396,2026-06-09,2026-06-09,CVE-2025-9933,9.8,2026-04-29T01:00:01.613
CVE-2025-9932,0.000690000,0.212820000,0.6756831355230472,2026-06-09,2026-06-09,CVE-2025-9932,9.8,2026-04-29T01:00:01.613
CVE-2025-9931,0.000630000,0.198970000,0.6293127242616616,2026-06-09,2026-06-09,CVE-2025-9931,6.1,2026-04-29T01:00:01.613
CVE-2025-9930,0.000750000,0.227350000,0.7046646425614131,2026-06-09,2026-06-09,CVE-2025-9930,9.8,2026-04-29T01:00:01.613
CVE-2025-9929,0.000610000,0.192020000,0.6196522219155396,2026-06-09,2026-06-09,CVE-2025-9929,4.8,2026-04-29T01:00:01.613
CVE-2025-9928,0.000750000,0.227350000,0.7046646425614131,2026-06-09,2026-06-09,CVE-2025-9928,9.8,2026-04-29T01:00:01.613
CVE-2025-9927,0.000730000,0.221550000,0.6961081976262765,2026-06-09,2026-06-09,CVE-2025-9927,9.8,2026-04-29T01:00:01.613
CVE-2025-9616,0.000340000,0.104200000,0.34777808446039193,2026-06-09,2026-06-09,CVE-2025-9616,5.3,2026-04-15T00:35:42.020
CVE-2025-9519,0.006050000,0.700550000,0.949213359094673,2026-06-09,2026-06-09,CVE-2025-9519,7.2,2026-04-15T00:35:42.020
CVE-2025-9518,0.020200000,0.841020000,0.978194866133039,2026-06-09,2026-06-09,CVE-2025-9518,7.2,2026-04-15T00:35:42.020
CVE-2025-9517,0.007060000,0.725420000,0.9550096605023461,2026-06-09,2026-06-09,CVE-2025-9517,7.2,2026-04-15T00:35:42.020
CVE-2025-9516,0.001170000,0.301350000,0.805133866961082,2026-06-09,2026-06-09,CVE-2025-9516,4.9,2026-04-15T00:35:42.020
CVE-2025-9467,0.001270000,0.316310000,0.814794369307204,2026-06-09,2026-06-09,CVE-2025-9467,,2026-04-15T00:35:42.020
CVE-2025-8268,0.002800000,0.516350000,0.9022909191277947,2026-06-09,2026-06-09,CVE-2025-8268,6.5,2026-04-15T00:35:42.020
CVE-2025-7388,0.003830000,0.599580000,0.9205078664090532,2026-06-09,2026-06-09,CVE-2025-7388,8.4,2026-04-15T00:35:42.020
CVE-2025-7385,0.002560000,0.492160000,0.8953905603091361,2026-06-09,2026-06-09,CVE-2025-7385,,2026-04-15T00:35:42.020
CVE-2025-6984,0.019220000,0.837160000,0.9779188517802926,2026-06-09,2026-06-09,CVE-2025-6984,7.5,2026-04-15T00:35:42.020
CVE-2025-6085,0.013380000,0.803740000,0.9715705216671267,2026-06-09,2026-06-09,CVE-2025-6085,7.2,2026-04-08T19:24:26.337
CVE-2025-58358,0.001590000,0.365280000,0.852608335633453,2026-06-09,2026-06-09,CVE-2025-58358,7.5,2026-04-15T00:35:42.020
CVE-2025-58357,0.001360000,0.333170000,0.8255589290643114,2026-06-09,2026-06-09,CVE-2025-58357,9.6,2026-01-22T20:09:16.937
CVE-2025-58355,0.001160000,0.299020000,0.8026497377863648,2026-06-09,2026-06-09,CVE-2025-58355,7.7,2026-04-15T00:35:42.020
CVE-2025-58064,0.002070000,0.429890000,0.8749654982059067,2026-06-09,2026-06-09,CVE-2025-58064,,2026-04-15T00:35:42.020
CVE-2025-58057,0.000630000,0.198290000,0.6293127242616616,2026-06-09,2026-06-09,CVE-2025-58057,7.5,2025-09-08T16:45:55.143
CVE-2025-58056,0.000970000,0.267200000,0.7756003312172233,2026-06-09,2026-06-09,CVE-2025-58056,7.5,2025-09-08T16:46:36.847
CVE-2025-57263,0.000940000,0.261040000,0.768147943693072,2026-06-09,2026-06-09,CVE-2025-57263,7.2,2025-09-18T16:51:13.593
CVE-2025-43772,0.005690000,0.689690000,0.9450731438034777,2026-06-09,2026-06-09,CVE-2025-43772,,2026-04-15T00:35:42.020
CVE-2025-41063,0.000400000,0.124090000,0.4004968258349434,2026-06-09,2026-06-09,CVE-2025-41063,5.4,2025-09-04T17:50:21.547
CVE-2025-41062,0.000400000,0.124090000,0.4004968258349434,2026-06-09,2026-06-09,CVE-2025-41062,5.4,2025-09-04T17:50:28.117
CVE-2025-41061,0.000400000,0.124090000,0.4004968258349434,2026-06-09,2026-06-09,CVE-2025-41061,5.4,2025-09-04T17:50:34.057
CVE-2025-41060,0.000400000,0.124090000,0.4004968258349434,2026-06-09,2026-06-09,CVE-2025-41060,5.4,2025-09-04T17:50:43.737
CVE-2025-41059,0.000400000,0.124090000,0.4004968258349434,2026-06-09,2026-06-09,CVE-2025-41059,5.4,2025-09-04T17:50:51.110
CVE-2025-41058,0.000400000,0.124090000,0.4004968258349434,2026-06-09,2026-06-09,CVE-2025-41058,5.4,2025-09-04T17:51:01.063
CVE-2025-41057,0.000400000,0.124090000,0.4004968258349434,2026-06-09,2026-06-09,CVE-2025-41057,5.4,2025-09-04T17:51:08.280
CVE-2025-41056,0.000400000,0.124090000,0.4004968258349434,2026-06-09,2026-06-09,CVE-2025-41056,5.4,2025-09-04T17:51:15.420
CVE-2025-41055,0.000400000,0.124090000,0.4004968258349434,2026-06-09,2026-06-09,CVE-2025-41055,5.4,2025-09-04T17:51:21.303
CVE-2025-41054,0.000400000,0.124090000,0.4004968258349434,2026-06-09,2026-06-09,CVE-2025-41054,5.4,2025-09-04T17:53:06.430
CVE-2025-41053,0.000400000,0.124090000,0.4004968258349434,2026-06-09,2026-06-09,CVE-2025-41053,5.4,2025-09-04T17:51:58.813
CVE-2025-41052,0.000400000,0.124090000,0.4004968258349434,2026-06-09,2026-06-09,CVE-2025-41052,5.4,2025-09-04T17:52:06.157
CVE-2025-41051,0.000400000,0.124090000,0.4004968258349434,2026-06-09,2026-06-09,CVE-2025-41051,5.4,2025-09-04T18:42:43.010
CVE-2025-41050,0.000400000,0.124090000,0.4004968258349434,2026-06-09,2026-06-09,CVE-2025-41050,5.4,2025-09-04T18:42:57.860
CVE-2025-41049,0.000400000,0.124090000,0.4004968258349434,2026-06-09,2026-06-09,CVE-2025-41049,5.4,2025-09-04T18:43:04.660
CVE-2025-41048,0.000400000,0.124090000,0.4004968258349434,2026-06-09,2026-06-09,CVE-2025-41048,5.4,2025-09-04T18:43:10.727
CVE-2025-41047,0.000400000,0.124090000,0.4004968258349434,2026-06-09,2026-06-09,CVE-2025-41047,5.4,2025-09-04T18:43:17.077
CVE-2025-41046,0.000400000,0.124090000,0.4004968258349434,2026-06-09,2026-06-09,CVE-2025-41046,5.4,2025-09-04T18:43:23.220
CVE-2025-41045,0.000400000,0.124090000,0.4004968258349434,2026-06-09,2026-06-09,CVE-2025-41045,5.4,2025-09-04T18:43:29.777
CVE-2025-41044,0.000400000,0.124090000,0.4004968258349434,2026-06-09,2026-06-09,CVE-2025-41044,5.4,2025-09-04T18:43:36.850
CVE-2025-41043,0.000400000,0.124090000,0.4004968258349434,2026-06-09,2026-06-09,CVE-2025-41043,5.4,2025-09-04T18:43:45.480
CVE-2025-41042,0.000400000,0.124090000,0.4004968258349434,2026-06-09,2026-06-09,CVE-2025-41042,5.4,2025-09-04T18:43:52.737
CVE-2025-41041,0.000400000,0.124090000,0.4004968258349434,2026-06-09,2026-06-09,CVE-2025-41041,5.4,2025-09-04T18:44:02.050
CVE-2025-41040,0.000400000,0.124090000,0.4004968258349434,2026-06-09,2026-06-09,CVE-2025-41040,5.4,2025-09-04T18:44:08.297
CVE-2025-41039,0.000400000,0.124090000,0.4004968258349434,2026-06-09,2026-06-09,CVE-2025-41039,5.4,2025-09-04T18:44:19.723
CVE-2025-41038,0.000400000,0.124090000,0.4004968258349434,2026-06-09,2026-06-09,CVE-2025-41038,5.4,2025-09-04T18:44:27.037
CVE-2025-41037,0.000400000,0.124090000,0.4004968258349434,2026-06-09,2026-06-09,CVE-2025-41037,5.4,2025-09-04T18:44:34.860
CVE-2025-41036,0.000400000,0.124090000,0.4004968258349434,2026-06-09,2026-06-09,CVE-2025-41036,5.4,2025-09-04T18:44:41.557
CVE-2025-41035,0.000830000,0.243070000,0.730333977366823,2026-06-09,2026-06-09,CVE-2025-41035,6.5,2025-09-04T18:44:52.747
CVE-2025-41034,0.000610000,0.190960000,0.6196522219155396,2026-06-09,2026-06-09,CVE-2025-41034,9.8,2025-09-04T18:45:05.477
CVE-2025-41033,0.000610000,0.190960000,0.6196522219155396,2026-06-09,2026-06-09,CVE-2025-41033,9.8,2025-09-04T18:45:25.733
CVE-2025-41032,0.000610000,0.190960000,0.6196522219155396,2026-06-09,2026-06-09,CVE-2025-41032,9.8,2025-09-04T18:45:32.453
CVE-2025-36909,0.000260000,0.076770000,0.25393320452663537,2026-06-09,2026-06-09,CVE-2025-36909,5.3,2025-09-05T16:37:11.297
CVE-2025-36908,0.000090000,0.009430000,0.01186861716809274,2026-06-09,2026-06-09,CVE-2025-36908,6.7,2025-09-05T16:37:18.477
CVE-2025-36907,0.000070000,0.005050000,0.0024841291747170853,2026-06-09,2026-06-09,CVE-2025-36907,7.3,2025-09-05T16:37:25.577
CVE-2025-36906,0.000090000,0.009190000,0.01186861716809274,2026-06-09,2026-06-09,CVE-2025-36906,7.8,2025-09-08T16:46:22.173
CVE-2025-36905,0.000130000,0.022170000,0.036157880209770905,2026-06-09,2026-06-09,CVE-2025-36905,7.8,2025-09-05T16:37:31.443
CVE-2025-36904,0.000390000,0.118370000,0.388076179961358,2026-06-09,2026-06-09,CVE-2025-36904,9.8,2025-09-05T16:37:36.547
CVE-2025-36903,0.000090000,0.009190000,0.01186861716809274,2026-06-09,2026-06-09,CVE-2025-36903,7.8,2025-09-05T16:37:42.460
CVE-2025-36902,0.000090000,0.009430000,0.01186861716809274,2026-06-09,2026-06-09,CVE-2025-36902,6.7,2025-09-05T16:37:51.477
CVE-2025-36901,0.000160000,0.038420000,0.054650841843775874,2026-06-09,2026-06-09,CVE-2025-36901,8.8,2025-09-05T16:38:04.860
CVE-2025-36900,0.000090000,0.009430000,0.01186861716809274,2026-06-09,2026-06-09,CVE-2025-36900,6.7,2025-09-05T16:38:11.317
CVE-2025-36899,0.000110000,0.013740000,0.026221363510902568,2026-06-09,2026-06-09,CVE-2025-36899,8.4,2025-09-05T16:38:22.310
CVE-2025-36898,0.000130000,0.022170000,0.036157880209770905,2026-06-09,2026-06-09,CVE-2025-36898,7.8,2025-09-05T16:38:27.463
CVE-2025-36897,0.003240000,0.557560000,0.9105713497101849,2026-06-09,2026-06-09,CVE-2025-36897,9.8,2025-09-05T16:38:32.233
CVE-2025-36896,0.000390000,0.118370000,0.388076179961358,2026-06-09,2026-06-09,CVE-2025-36896,9.8,2025-09-05T16:38:40.553
CVE-2025-36895,0.000330000,0.099280000,0.34004968258349433,2026-06-09,2026-06-09,CVE-2025-36895,7.5,2025-09-05T16:38:46.360
CVE-2025-36894,0.003350000,0.567180000,0.9125034501794094,2026-06-09,2026-06-09,CVE-2025-36894,7.5,2025-09-05T16:38:51.837
CVE-2025-36893,0.000090000,0.008850000,0.01186861716809274,2026-06-09,2026-06-09,CVE-2025-36893,5.5,2025-09-05T16:38:57.910
CVE-2025-36892,0.000420000,0.130980000,0.4242340601711289,2026-06-09,2026-06-09,CVE-2025-36892,7.5,2025-09-05T16:39:03.253
CVE-2025-36891,0.000360000,0.111380000,0.3654430030361579,2026-06-09,2026-06-09,CVE-2025-36891,8.8,2025-09-05T16:39:08.087
CVE-2025-36890,0.000390000,0.118370000,0.388076179961358,2026-06-09,2026-06-09,CVE-2025-36890,9.8,2025-09-29T23:03:48.843
CVE-2025-36887,0.000090000,0.009190000,0.01186861716809274,2026-06-09,2026-06-09,CVE-2025-36887,7.8,2025-09-05T16:39:25.790
CVE-2025-2694,0.000330000,0.101490000,0.34004968258349433,2026-06-09,2026-06-09,CVE-2025-2694,4.8,2025-09-10T17:15:33.390
CVE-2025-2667,0.000580000,0.184060000,0.5873585426442175,2026-06-09,2026-06-09,CVE-2025-2667,4.9,2025-09-10T17:19:28.017
CVE-2025-25048,0.000670000,0.208510000,0.6618824178857301,2026-06-09,2026-06-09,CVE-2025-25048,6.5,2026-01-09T02:31:36.477
CVE-2025-2417,0.000930000,0.260030000,0.7615235992271598,2026-06-09,2026-06-09,CVE-2025-2417,8.6,2026-06-06T06:16:38.333
CVE-2025-2411,0.000930000,0.260030000,0.7615235992271598,2026-06-09,2026-06-09,CVE-2025-2411,8.6,2026-06-06T08:16:51.920
CVE-2024-56190,0.001220000,0.308560000,0.8087220535467844,2026-06-09,2026-06-09,CVE-2024-56190,7.8,2025-09-05T16:39:31.230
CVE-2024-56189,0.002790000,0.515640000,0.9017388904223019,2026-06-09,2026-06-09,CVE-2024-56189,6.5,2025-09-26T17:19:42.197
CVE-2024-43184,0.001260000,0.313550000,0.8134142975434723,2026-06-09,2026-06-09,CVE-2024-43184,6.1,2026-01-09T02:31:46.677
CVE-2024-34598,0.000250000,0.075870000,0.22964394148495723,2026-06-09,2026-06-09,CVE-2024-34598,5.5,2026-01-12T19:16:54.400
CVE-2024-13073,0.000710000,0.218750000,0.6886558101021253,2026-06-09,2026-06-09,CVE-2024-13073,4.7,2026-06-01T13:16:27.227
CVE-2024-13071,0.000430000,0.135370000,0.44714325144907535,2026-06-09,2026-06-09,CVE-2024-13071,4.3,2026-06-01T13:16:27.077
CVE-2022-39888,0.000240000,0.072220000,0.21197902290919127,2026-06-09,2026-06-09,CVE-2022-39888,4.3,2026-04-15T00:35:42.020
CVE-2025-9636,0.000370000,0.113090000,0.3734474192658018,2026-06-09,2026-06-09,CVE-2025-9636,7.9,2025-09-11T21:26:47.250
CVE-2025-8311,0.021980000,0.847440000,0.979850952249517,2026-06-09,2026-06-09,CVE-2025-8311,,2026-04-15T00:35:42.020
CVE-2025-6785,0.000450000,0.142540000,0.46839635661054374,2026-06-09,2026-06-09,CVE-2025-6785,,2026-04-15T00:35:42.020
CVE-2025-57576,0.000460000,0.144220000,0.4739166436654706,2026-06-09,2026-06-09,CVE-2025-57576,5.4,2025-09-10T17:04:53.493
CVE-2025-38730,0.000240000,0.071470000,0.21197902290919127,2026-06-09,2026-06-09,CVE-2025-38730,7.8,2025-11-25T21:50:46.317
CVE-2025-38729,0.000240000,0.070850000,0.21197902290919127,2026-06-09,2026-06-09,CVE-2025-38729,7.8,2026-05-12T13:17:03.240
CVE-2025-38728,0.000260000,0.079190000,0.25393320452663537,2026-06-09,2026-06-09,CVE-2025-38728,7.1,2026-05-12T13:17:03.083
CVE-2025-38727,0.000150000,0.032710000,0.050510626552580734,2026-06-09,2026-06-09,CVE-2025-38727,5.5,2026-05-12T13:17:02.890
CVE-2025-38726,0.000240000,0.071000000,0.21197902290919127,2026-06-09,2026-06-09,CVE-2025-38726,5.5,2025-11-25T21:50:39.817
CVE-2025-38725,0.000250000,0.073430000,0.22964394148495723,2026-06-09,2026-06-09,CVE-2025-38725,5.5,2026-05-12T13:17:02.753
CVE-2025-38724,0.000280000,0.084770000,0.29036709908915265,2026-06-09,2026-06-09,CVE-2025-38724,7.8,2026-05-12T13:17:02.583
CVE-2025-38723,0.000260000,0.077530000,0.25393320452663537,2026-06-09,2026-06-09,CVE-2025-38723,5.5,2026-05-12T13:17:02.440
CVE-2025-38722,0.000250000,0.074290000,0.22964394148495723,2026-06-09,2026-06-09,CVE-2025-38722,7.8,2025-11-25T21:47:55.617
CVE-2025-38721,0.000180000,0.047550000,0.09688103781396633,2026-06-09,2026-06-09,CVE-2025-38721,5.5,2026-05-12T13:17:02.250
CVE-2025-38720,0.000140000,0.027710000,0.043886282086668504,2026-06-09,2026-06-09,CVE-2025-38720,5.5,2025-11-25T21:47:46.150
CVE-2025-38719,0.000180000,0.050750000,0.09688103781396633,2026-06-09,2026-06-09,CVE-2025-38719,5.5,2025-12-02T20:05:31.550
CVE-2025-38718,0.000370000,0.113290000,0.3734474192658018,2026-06-09,2026-06-09,CVE-2025-38718,7.8,2026-03-17T16:21:17.817
CVE-2025-38717,0.000190000,0.052550000,0.11233784156776153,2026-06-09,2026-06-09,CVE-2025-38717,4.7,2025-11-25T22:07:31.647
CVE-2025-38716,0.000350000,0.105560000,0.35219431410433344,2026-06-09,2026-06-09,CVE-2025-38716,5.5,2025-11-25T22:07:21.850
CVE-2025-38715,0.000190000,0.052770000,0.11233784156776153,2026-06-09,2026-06-09,CVE-2025-38715,7.1,2026-05-12T13:17:02.053
CVE-2025-38714,0.000190000,0.052770000,0.11233784156776153,2026-06-09,2026-06-09,CVE-2025-38714,7.1,2026-05-12T13:17:01.840
CVE-2025-38713,0.000190000,0.052770000,0.11233784156776153,2026-06-09,2026-06-09,CVE-2025-38713,7.1,2026-05-12T13:17:01.603
CVE-2025-38712,0.000200000,0.058440000,0.13055478884902014,2026-06-09,2026-06-09,CVE-2025-38712,5.5,2026-05-12T13:17:01.423
CVE-2025-38711,0.000190000,0.054400000,0.11233784156776153,2026-06-09,2026-06-09,CVE-2025-38711,5.5,2026-05-12T13:17:01.260
CVE-2025-38710,0.000190000,0.053350000,0.11233784156776153,2026-06-09,2026-06-09,CVE-2025-38710,5.5,2026-06-01T17:16:35.937
CVE-2025-38709,0.000350000,0.105560000,0.35219431410433344,2026-06-09,2026-06-09,CVE-2025-38709,5.5,2025-12-03T20:00:20.867
CVE-2025-38708,0.000250000,0.073890000,0.22964394148495723,2026-06-09,2026-06-09,CVE-2025-38708,7.8,2026-05-12T13:17:01.037
CVE-2025-38707,0.000250000,0.074770000,0.22964394148495723,2026-06-09,2026-06-09,CVE-2025-38707,7.8,2026-05-12T13:17:00.853
CVE-2025-38706,0.000240000,0.069230000,0.21197902290919127,2026-06-09,2026-06-09,CVE-2025-38706,5.5,2026-05-12T13:17:00.667
CVE-2025-38705,0.000190000,0.055390000,0.11233784156776153,2026-06-09,2026-06-09,CVE-2025-38705,5.5,2025-11-24T19:43:18.883
CVE-2025-38704,0.000190000,0.054710000,0.11233784156776153,2026-06-09,2026-06-09,CVE-2025-38704,7.8,2026-03-25T11:16:11.683
CVE-2025-38703,0.000250000,0.074290000,0.22964394148495723,2026-06-09,2026-06-09,CVE-2025-38703,7.8,2025-11-24T19:45:00.563
CVE-2025-38702,0.000200000,0.056010000,0.13055478884902014,2026-06-09,2026-06-09,CVE-2025-38702,7.8,2026-05-12T13:17:00.333
CVE-2025-38701,0.000200000,0.055990000,0.13055478884902014,2026-06-09,2026-06-09,CVE-2025-38701,5.5,2026-05-12T13:16:59.970
CVE-2025-38700,0.000240000,0.069230000,0.21197902290919127,2026-06-09,2026-06-09,CVE-2025-38700,5.5,2026-05-12T13:16:59.770
CVE-2025-38699,0.000240000,0.070850000,0.21197902290919127,2026-06-09,2026-06-09,CVE-2025-38699,7.8,2026-05-12T13:16:59.583
CVE-2025-38698,0.000180000,0.051300000,0.09688103781396633,2026-06-09,2026-06-09,CVE-2025-38698,5.5,2026-05-12T13:16:59.407
CVE-2025-38697,0.000190000,0.052770000,0.11233784156776153,2026-06-09,2026-06-09,CVE-2025-38697,7.8,2026-05-12T13:16:59.227
CVE-2025-38696,0.000240000,0.069230000,0.21197902290919127,2026-06-09,2026-06-09,CVE-2025-38696,5.5,2026-05-12T13:16:59.043
CVE-2025-38695,0.000240000,0.069230000,0.21197902290919127,2026-06-09,2026-06-09,CVE-2025-38695,5.5,2026-05-12T13:16:58.667
CVE-2025-38694,0.000240000,0.069230000,0.21197902290919127,2026-06-09,2026-06-09,CVE-2025-38694,5.5,2026-05-12T13:16:55.950
CVE-2025-38693,0.000240000,0.069230000,0.21197902290919127,2026-06-09,2026-06-09,CVE-2025-38693,5.5,2026-05-12T13:16:55.693
CVE-2025-38692,0.000200000,0.057790000,0.13055478884902014,2026-06-09,2026-06-09,CVE-2025-38692,5.5,2025-11-24T19:45:16.833
CVE-2025-38691,0.000230000,0.066390000,0.20452663538504,2026-06-09,2026-06-09,CVE-2025-38691,5.5,2026-05-12T13:16:55.480
CVE-2025-38690,0.000110000,0.015830000,0.026221363510902568,2026-06-09,2026-06-09,CVE-2025-38690,5.5,2025-11-24T19:47:00.657
CVE-2025-38689,0.000270000,0.082210000,0.2779464532155672,2026-06-09,2026-06-09,CVE-2025-38689,5.5,2025-11-24T19:47:21.780
CVE-2025-38688,0.000240000,0.070090000,0.21197902290919127,2026-06-09,2026-06-09,CVE-2025-38688,7.8,2025-11-24T19:47:43.183
CVE-2025-38687,0.000290000,0.087260000,0.29726745790781123,2026-06-09,2026-06-09,CVE-2025-38687,4.7,2026-05-12T13:16:55.270
CVE-2025-38686,0.000240000,0.071000000,0.21197902290919127,2026-06-09,2026-06-09,CVE-2025-38686,5.5,2025-11-24T19:48:02.293
CVE-2025-38685,0.000240000,0.069440000,0.21197902290919127,2026-06-09,2026-06-09,CVE-2025-38685,7.8,2026-05-12T13:16:55.080
CVE-2025-38684,0.000240000,0.069230000,0.21197902290919127,2026-06-09,2026-06-09,CVE-2025-38684,5.5,2026-05-12T13:16:54.863
CVE-2025-38683,0.000240000,0.069230000,0.21197902290919127,2026-06-09,2026-06-09,CVE-2025-38683,5.5,2026-05-12T13:16:54.643
CVE-2025-38682,0.000290000,0.087260000,0.29726745790781123,2026-06-09,2026-06-09,CVE-2025-38682,7.8,2025-11-25T22:06:13.123
CVE-2025-38681,0.000180000,0.051070000,0.09688103781396633,2026-06-09,2026-06-09,CVE-2025-38681,4.7,2026-05-12T13:16:54.443
CVE-2025-38680,0.000240000,0.070850000,0.21197902290919127,2026-06-09,2026-06-09,CVE-2025-38680,7.1,2026-05-12T13:16:54.277
CVE-2025-38679,0.000170000,0.043760000,0.06707148771736131,2026-06-09,2026-06-09,CVE-2025-38679,7.1,2026-05-12T13:16:54.100
CVE-2025-26462,0.000120000,0.018230000,0.030913607507590396,2026-06-09,2026-06-09,CVE-2025-26462,7.8,2025-09-08T14:11:29.327
CVE-2025-26458,0.000130000,0.022170000,0.036157880209770905,2026-06-09,2026-06-09,CVE-2025-26458,7.8,2025-09-08T14:11:52.740
CVE-2025-26456,0.000630000,0.197800000,0.6293127242616616,2026-06-09,2026-06-09,CVE-2025-26456,5.5,2025-09-08T16:41:23.340
CVE-2025-26455,0.000090000,0.009190000,0.01186861716809274,2026-06-09,2026-06-09,CVE-2025-26455,7.8,2025-09-05T19:14:05.457
CVE-2025-26453,0.000130000,0.021180000,0.036157880209770905,2026-06-09,2026-06-09,CVE-2025-26453,5.5,2025-09-08T14:12:14.103
CVE-2025-26452,0.000080000,0.007990000,0.004416229643941485,2026-06-09,2026-06-09,CVE-2025-26452,7.8,2025-09-05T19:13:54.293
CVE-2025-26450,0.000080000,0.007990000,0.004416229643941485,2026-06-09,2026-06-09,CVE-2025-26450,7.8,2025-09-08T14:12:30.373
CVE-2025-26449,0.000090000,0.009550000,0.01186861716809274,2026-06-09,2026-06-09,CVE-2025-26449,5.5,2025-09-08T14:12:39.347
CVE-2025-26448,0.000090000,0.008850000,0.01186861716809274,2026-06-09,2026-06-09,CVE-2025-26448,5.5,2025-09-08T14:13:11.063
CVE-2025-26445,0.000080000,0.007740000,0.004416229643941485,2026-06-09,2026-06-09,CVE-2025-26445,5.5,2025-09-08T14:13:20.910
CVE-2025-26444,0.000130000,0.022170000,0.036157880209770905,2026-06-09,2026-06-09,CVE-2025-26444,7.8,2025-09-08T14:13:37.513
CVE-2025-26443,0.000090000,0.010840000,0.01186861716809274,2026-06-09,2026-06-09,CVE-2025-26443,7.3,2025-09-08T14:14:00.603
CVE-2025-26442,0.000120000,0.017470000,0.030913607507590396,2026-06-09,2026-06-09,CVE-2025-26442,5.5,2025-09-29T22:48:47.203
CVE-2025-26441,0.001430000,0.342690000,0.8354954457631797,2026-06-09,2026-06-09,CVE-2025-26441,6.5,2025-09-08T14:15:47.460
CVE-2025-26440,0.000100000,0.012580000,0.02263317692520011,2026-06-09,2026-06-09,CVE-2025-26440,7.8,2025-09-08T14:12:56.513
CVE-2025-26438,0.001560000,0.361400000,0.8492961634004969,2026-06-09,2026-06-09,CVE-2025-26438,8.8,2025-09-05T19:13:43.690
CVE-2025-26437,0.000080000,0.007740000,0.004416229643941485,2026-06-09,2026-06-09,CVE-2025-26437,5.5,2025-09-08T14:16:07.843
CVE-2025-26436,0.000110000,0.014430000,0.026221363510902568,2026-06-09,2026-06-09,CVE-2025-26436,7.8,2025-09-29T22:48:26.493
CVE-2025-26435,0.000120000,0.018230000,0.030913607507590396,2026-06-09,2026-06-09,CVE-2025-26435,7.8,2025-09-29T22:46:34.803
CVE-2025-26432,0.000090000,0.009550000,0.01186861716809274,2026-06-09,2026-06-09,CVE-2025-26432,5.5,2025-09-05T19:00:36.720
CVE-2025-26430,0.000120000,0.018230000,0.030913607507590396,2026-06-09,2026-06-09,CVE-2025-26430,7.8,2025-09-29T22:44:44.350
CVE-2025-26429,0.000100000,0.012150000,0.02263317692520011,2026-06-09,2026-06-09,CVE-2025-26429,5.5,2025-09-05T19:13:32.637
CVE-2025-26428,0.000160000,0.036750000,0.054650841843775874,2026-06-09,2026-06-09,CVE-2025-26428,3.2,2025-09-05T19:12:05.557
CVE-2025-26427,0.000080000,0.007880000,0.004416229643941485,2026-06-09,2026-06-09,CVE-2025-26427,4.4,2025-09-05T19:11:56.987
CVE-2025-26426,0.000170000,0.042610000,0.06707148771736131,2026-06-09,2026-06-09,CVE-2025-26426,5.1,2025-09-05T19:11:41.917
CVE-2025-26425,0.000130000,0.022470000,0.036157880209770905,2026-06-09,2026-06-09,CVE-2025-26425,4.0,2025-09-05T19:11:30.167
CVE-2025-26424,0.000130000,0.022470000,0.036157880209770905,2026-06-09,2026-06-09,CVE-2025-26424,4.0,2025-09-05T19:11:21.010
CVE-2025-26423,0.000090000,0.010040000,0.01186861716809274,2026-06-09,2026-06-09,CVE-2025-26423,6.2,2025-09-05T19:11:12.930
CVE-2025-26422,0.000090000,0.009300000,0.01186861716809274,2026-06-09,2026-06-09,CVE-2025-26422,4.0,2025-09-05T18:55:05.537
CVE-2025-26421,0.000190000,0.053770000,0.11233784156776153,2026-06-09,2026-06-09,CVE-2025-26421,4.0,2025-09-05T18:55:28.810
CVE-2025-26420,0.000080000,0.007210000,0.004416229643941485,2026-06-09,2026-06-09,CVE-2025-26420,4.4,2025-09-05T18:55:46.920
CVE-2025-23302,0.000180000,0.051400000,0.09688103781396633,2026-06-09,2026-06-09,CVE-2025-23302,4.2,2026-04-15T00:35:42.020
CVE-2025-23301,0.000180000,0.051400000,0.09688103781396633,2026-06-09,2026-06-09,CVE-2025-23301,4.2,2026-04-15T00:35:42.020
CVE-2025-23262,0.000190000,0.051920000,0.11233784156776153,2026-06-09,2026-06-09,CVE-2025-23262,6.3,2026-04-15T00:35:42.020
CVE-2025-23261,0.000280000,0.082790000,0.29036709908915265,2026-06-09,2026-06-09,CVE-2025-23261,5.5,2026-04-15T00:35:42.020
CVE-2025-23259,0.000550000,0.175370000,0.5658294231300027,2026-06-09,2026-06-09,CVE-2025-23259,6.5,2026-04-15T00:35:42.020
CVE-2025-23258,0.000170000,0.042320000,0.06707148771736131,2026-06-09,2026-06-09,CVE-2025-23258,7.3,2026-04-15T00:35:42.020
CVE-2025-23257,0.000170000,0.042320000,0.06707148771736131,2026-06-09,2026-06-09,CVE-2025-23257,7.3,2026-04-15T00:35:42.020
CVE-2025-23256,0.000200000,0.057750000,0.13055478884902014,2026-06-09,2026-06-09,CVE-2025-23256,8.7,2026-04-15T00:35:42.020
CVE-2025-22425,0.000140000,0.026420000,0.043886282086668504,2026-06-09,2026-06-09,CVE-2025-22425,5.1,2025-09-05T18:56:05.070
CVE-2025-0087,0.000270000,0.080240000,0.2779464532155672,2026-06-09,2026-06-09,CVE-2025-0087,5.1,2025-09-05T18:56:18.247
CVE-2025-0077,0.000160000,0.039700000,0.054650841843775874,2026-06-09,2026-06-09,CVE-2025-0077,4.0,2025-09-05T18:57:56.653
CVE-2024-49739,0.000030000,0.001010000,0.0002760143527463428,2026-06-09,2026-06-09,CVE-2024-49739,4.0,2025-09-05T18:58:48.627
CVE-2023-35657,0.000090000,0.008820000,0.01186861716809274,2026-06-09,2026-06-09,CVE-2023-35657,4.0,2025-09-05T18:59:09.560
CVE-2025-9990,0.004370000,0.634430000,0.9296163400496826,2026-06-09,2026-06-09,CVE-2025-9990,8.1,2026-04-15T00:35:42.020
CVE-2025-8944,0.000610000,0.193130000,0.6196522219155396,2026-06-09,2026-06-09,CVE-2025-8944,4.3,2026-01-20T21:38:27.313
CVE-2025-8684,0.000530000,0.169880000,0.543472260557549,2026-06-09,2026-06-09,CVE-2025-8684,6.4,2026-04-15T00:35:42.020
CVE-2025-7445,0.000080000,0.008400000,0.004416229643941485,2026-06-09,2026-06-09,CVE-2025-7445,6.5,2026-04-15T00:35:42.020
CVE-2025-58401,0.000130000,0.019800000,0.036157880209770905,2026-06-09,2026-06-09,CVE-2025-58401,6.8,2026-04-15T00:35:42.020
CVE-2025-58400,0.000220000,0.062460000,0.18078940104885455,2026-06-09,2026-06-09,CVE-2025-58400,6.7,2026-04-15T00:35:42.020
CVE-2025-58362,0.000870000,0.249950000,0.7413745514766767,2026-06-09,2026-06-09,CVE-2025-58362,7.5,2025-09-17T20:35:24.260
CVE-2025-58361,0.000660000,0.205580000,0.6486337289539056,2026-06-09,2026-06-09,CVE-2025-58361,9.3,2026-04-15T00:35:42.020
CVE-2025-58359,0.000560000,0.176140000,0.5752139111233784,2026-06-09,2026-06-09,CVE-2025-58359,,2026-04-15T00:35:42.020
CVE-2025-58353,0.000660000,0.205580000,0.6486337289539056,2026-06-09,2026-06-09,CVE-2025-58353,8.2,2026-04-15T00:35:42.020
CVE-2025-58352,0.000640000,0.201110000,0.6362130830803202,2026-06-09,2026-06-09,CVE-2025-58352,6.5,2025-09-18T16:25:36.483
CVE-2025-58313,0.000090000,0.009690000,0.01186861716809274,2026-06-09,2026-06-09,CVE-2025-58313,2.5,2025-09-11T12:12:52.007
CVE-2025-58296,0.000090000,0.009010000,0.01186861716809274,2026-06-09,2026-06-09,CVE-2025-58296,4.7,2025-09-11T12:13:13.660
CVE-2025-58281,0.000160000,0.037710000,0.054650841843775874,2026-06-09,2026-06-09,CVE-2025-58281,5.5,2025-09-11T12:13:25.333
CVE-2025-58280,0.000940000,0.261980000,0.768147943693072,2026-06-09,2026-06-09,CVE-2025-58280,5.5,2025-09-11T12:13:47.110
CVE-2025-58276,0.000140000,0.028280000,0.043886282086668504,2026-06-09,2026-06-09,CVE-2025-58276,5.5,2025-09-11T12:14:04.980
CVE-2025-58179,0.003760000,0.595050000,0.9182997515870825,2026-06-09,2026-06-09,CVE-2025-58179,6.5,2025-12-22T20:08:22.513
CVE-2025-55739,0.000890000,0.252710000,0.7491029533535744,2026-06-09,2026-06-09,CVE-2025-55739,,2026-04-15T00:35:42.020
CVE-2025-55671,0.000250000,0.075840000,0.22964394148495723,2026-06-09,2026-06-09,CVE-2025-55671,7.8,2026-04-15T00:35:42.020
CVE-2025-55305,0.000090000,0.009580000,0.01186861716809274,2026-06-09,2026-06-09,CVE-2025-55305,6.1,2026-04-15T00:35:42.020
CVE-2025-55244,0.002560000,0.492560000,0.8953905603091361,2026-06-09,2026-06-09,CVE-2025-55244,9.0,2025-10-17T15:46:21.553
CVE-2025-55242,0.013140000,0.802150000,0.9712945073143804,2026-06-09,2026-06-09,CVE-2025-55242,7.5,2025-09-18T16:32:57.687
CVE-2025-55241,0.006540000,0.713660000,0.9519735026221363,2026-06-09,2026-06-09,CVE-2025-55241,10.0,2025-09-24T19:15:37.787
CVE-2025-55238,0.009650000,0.769420000,0.963842119790229,2026-06-09,2026-06-09,CVE-2025-55238,7.5,2025-09-10T17:00:19.680
CVE-2025-55209,0.000880000,0.251170000,0.7449627380623792,2026-06-09,2026-06-09,CVE-2025-55209,,2026-04-15T00:35:42.020
CVE-2025-55190,0.053760000,0.902910000,0.9922715981231024,2026-06-09,2026-06-09,CVE-2025-55190,9.9,2025-09-19T15:20:53.823
CVE-2025-55037,0.003790000,0.597270000,0.9185757659398289,2026-06-09,2026-06-09,CVE-2025-55037,9.8,2026-04-15T00:35:42.020
CVE-2025-54914,0.009770000,0.771060000,0.9643941484957218,2026-06-09,2026-06-09,CVE-2025-54914,9.8,2025-10-20T19:21:37.337
CVE-2025-48581,0.000050000,0.002280000,0.0008280430582390284,2026-06-09,2026-06-09,CVE-2025-48581,8.4,2026-06-01T22:16:17.930
CVE-2025-48563,0.000090000,0.009190000,0.01186861716809274,2026-06-09,2026-06-09,CVE-2025-48563,7.8,2025-09-08T14:03:37.943
CVE-2025-48562,0.000100000,0.011450000,0.02263317692520011,2026-06-09,2026-06-09,CVE-2025-48562,5.0,2025-09-26T14:01:36.763
CVE-2025-48561,0.000090000,0.010250000,0.01186861716809274,2026-06-09,2026-06-09,CVE-2025-48561,5.5,2025-09-26T14:00:49.093
CVE-2025-48560,0.000080000,0.007740000,0.004416229643941485,2026-06-09,2026-06-09,CVE-2025-48560,5.5,2025-09-08T14:04:18.790
CVE-2025-48559,0.000100000,0.012150000,0.02263317692520011,2026-06-09,2026-06-09,CVE-2025-48559,5.5,2025-09-05T19:02:15.230
CVE-2025-48558,0.000080000,0.007990000,0.004416229643941485,2026-06-09,2026-06-09,CVE-2025-48558,7.8,2025-09-05T19:02:24.653
CVE-2025-48556,0.000090000,0.008930000,0.01186861716809274,2026-06-09,2026-06-09,CVE-2025-48556,7.3,2025-09-05T19:02:34.320
CVE-2025-48554,0.000100000,0.012340000,0.02263317692520011,2026-06-09,2026-06-09,CVE-2025-48554,6.1,2025-09-05T19:02:44.690
CVE-2025-48553,0.000130000,0.022170000,0.036157880209770905,2026-06-09,2026-06-09,CVE-2025-48553,7.8,2025-09-08T16:38:10.970
CVE-2025-48552,0.000130000,0.022170000,0.036157880209770905,2026-06-09,2026-06-09,CVE-2025-48552,7.8,2025-09-08T16:38:23.923
CVE-2025-48551,0.000060000,0.003990000,0.001380071763731714,2026-06-09,2026-06-09,CVE-2025-48551,5.0,2025-09-05T19:02:54.367
CVE-2025-48550,0.000120000,0.018810000,0.030913607507590396,2026-06-09,2026-06-09,CVE-2025-48550,5.5,2025-09-05T19:03:02.300
CVE-2025-48549,0.000090000,0.010480000,0.01186861716809274,2026-06-09,2026-06-09,CVE-2025-48549,7.8,2025-09-05T19:03:19.523
CVE-2025-48548,0.000090000,0.009230000,0.01186861716809274,2026-06-09,2026-06-09,CVE-2025-48548,7.3,2025-09-05T19:03:41.150
CVE-2025-48547,0.000090000,0.010110000,0.01186861716809274,2026-06-09,2026-06-09,CVE-2025-48547,7.3,2025-09-08T16:39:40.177
CVE-2025-48546,0.000120000,0.018520000,0.030913607507590396,2026-06-09,2026-06-09,CVE-2025-48546,7.8,2025-09-08T16:39:52.283
CVE-2025-48545,0.000030000,0.001220000,0.0002760143527463428,2026-06-09,2026-06-09,CVE-2025-48545,7.1,2026-03-04T15:16:11.303
CVE-2025-48544,0.000090000,0.008780000,0.01186861716809274,2026-06-09,2026-06-09,CVE-2025-48544,7.8,2026-03-06T04:15:56.637
CVE-2025-48543,0.003100000,0.545530000,0.9078112061827215,2026-06-09,2026-06-09,CVE-2025-48543,8.8,2025-10-23T14:52:51.863
CVE-2025-48542,0.000090000,0.009550000,0.01186861716809274,2026-06-09,2026-06-09,CVE-2025-48542,5.5,2025-09-05T19:04:26.180
CVE-2025-48541,0.000110000,0.015560000,0.026221363510902568,2026-06-09,2026-06-09,CVE-2025-48541,7.8,2025-09-05T19:04:33.883
CVE-2025-48540,0.000170000,0.042270000,0.06707148771736131,2026-06-09,2026-06-09,CVE-2025-48540,7.8,2025-09-05T19:04:45.957
CVE-2025-48539,0.000180000,0.046360000,0.09688103781396633,2026-06-09,2026-06-09,CVE-2025-48539,8.0,2025-09-05T19:04:54.330
CVE-2025-48538,0.000100000,0.011370000,0.02263317692520011,2026-06-09,2026-06-09,CVE-2025-48538,5.5,2025-09-05T19:05:02.497
CVE-2025-48537,0.000110000,0.015560000,0.026221363510902568,2026-06-09,2026-06-09,CVE-2025-48537,7.1,2025-09-05T19:05:16.413
CVE-2025-48535,0.001140000,0.296110000,0.8018216947281258,2026-06-09,2026-06-09,CVE-2025-48535,7.8,2025-09-05T19:05:25.907
CVE-2025-48534,0.000840000,0.243630000,0.7347502070107645,2026-06-09,2026-06-09,CVE-2025-48534,8.8,2025-09-05T19:05:33.460
CVE-2025-48533,0.000050000,0.002840000,0.0008280430582390284,2026-06-09,2026-06-09,CVE-2025-48533,7.0,2025-09-05T19:05:42.783
CVE-2025-48532,0.000060000,0.004170000,0.001380071763731714,2026-06-09,2026-06-09,CVE-2025-48532,7.3,2025-09-05T19:10:54.623
CVE-2025-48531,0.000130000,0.022170000,0.036157880209770905,2026-06-09,2026-06-09,CVE-2025-48531,7.8,2025-09-05T19:10:48.640
CVE-2025-48530,0.002440000,0.478640000,0.8940104885454043,2026-06-09,2026-06-09,CVE-2025-48530,8.1,2025-09-05T19:10:37.743
CVE-2025-48529,0.000080000,0.007740000,0.004416229643941485,2026-06-09,2026-06-09,CVE-2025-48529,5.5,2025-09-05T19:10:30.733
CVE-2025-48528,0.000090000,0.009300000,0.01186861716809274,2026-06-09,2026-06-09,CVE-2025-48528,4.0,2025-09-05T19:10:19.983
CVE-2025-48527,0.000140000,0.027650000,0.043886282086668504,2026-06-09,2026-06-09,CVE-2025-48527,6.2,2025-09-05T19:10:11.137
CVE-2025-48526,0.000090000,0.009300000,0.01186861716809274,2026-06-09,2026-06-09,CVE-2025-48526,4.0,2025-09-05T19:15:31.657
CVE-2025-48524,0.000080000,0.007170000,0.004416229643941485,2026-06-09,2026-06-09,CVE-2025-48524,5.5,2025-09-08T14:04:43.763
CVE-2025-48523,0.000120000,0.018230000,0.030913607507590396,2026-06-09,2026-06-09,CVE-2025-48523,7.8,2025-09-05T19:15:19.957
CVE-2025-48522,0.000130000,0.022170000,0.036157880209770905,2026-06-09,2026-06-09,CVE-2025-48522,7.8,2025-09-08T16:40:27.910
CVE-2025-48395,0.001060000,0.282890000,0.7910571349710185,2026-06-09,2026-06-09,CVE-2025-48395,4.7,2026-04-15T00:35:42.020
CVE-2025-41408,0.000450000,0.142500000,0.46839635661054374,2026-06-09,2026-06-09,CVE-2025-41408,4.3,2026-04-15T00:35:42.020
CVE-2025-32350,0.000080000,0.007990000,0.004416229643941485,2026-06-09,2026-06-09,CVE-2025-32350,7.8,2025-09-08T14:04:56.523
CVE-2025-32349,0.000110000,0.014430000,0.026221363510902568,2026-06-09,2026-06-09,CVE-2025-32349,7.8,2025-09-08T14:05:18.693
CVE-2025-32347,0.000080000,0.007990000,0.004416229643941485,2026-06-09,2026-06-09,CVE-2025-32347,7.8,2025-09-08T14:05:28.820
CVE-2025-32346,0.000080000,0.007990000,0.004416229643941485,2026-06-09,2026-06-09,CVE-2025-32346,7.8,2025-09-08T14:05:36.853
CVE-2025-32345,0.000120000,0.018230000,0.030913607507590396,2026-06-09,2026-06-09,CVE-2025-32345,7.8,2025-09-08T16:40:40.663
CVE-2025-32333,0.000120000,0.018230000,0.030913607507590396,2026-06-09,2026-06-09,CVE-2025-32333,7.8,2025-09-08T14:06:10.520
CVE-2025-32332,0.000090000,0.009190000,0.01186861716809274,2026-06-09,2026-06-09,CVE-2025-32332,7.8,2025-09-08T14:06:33.690
CVE-2025-32331,0.000130000,0.022170000,0.036157880209770905,2026-06-09,2026-06-09,CVE-2025-32331,7.8,2025-09-08T14:07:51.173
CVE-2025-32330,0.000150000,0.031780000,0.050510626552580734,2026-06-09,2026-06-09,CVE-2025-32330,5.7,2025-09-08T14:08:06.807
CVE-2025-32327,0.000090000,0.008780000,0.01186861716809274,2026-06-09,2026-06-09,CVE-2025-32327,7.8,2025-09-08T14:08:28.517
CVE-2025-32326,0.000080000,0.007990000,0.004416229643941485,2026-06-09,2026-06-09,CVE-2025-32326,7.8,2025-09-08T14:09:09.560
CVE-2025-32325,0.000090000,0.009190000,0.01186861716809274,2026-06-09,2026-06-09,CVE-2025-32325,7.8,2025-09-08T14:09:19.417
CVE-2025-32324,0.000080000,0.007990000,0.004416229643941485,2026-06-09,2026-06-09,CVE-2025-32324,7.8,2025-09-08T14:09:35.763
CVE-2025-32323,0.000110000,0.015560000,0.026221363510902568,2026-06-09,2026-06-09,CVE-2025-32323,7.8,2025-09-08T14:09:46.420
CVE-2025-32322,0.000110000,0.015560000,0.026221363510902568,2026-06-09,2026-06-09,CVE-2025-32322,7.8,2025-09-05T18:59:59.360
CVE-2025-32321,0.000080000,0.007990000,0.004416229643941485,2026-06-09,2026-06-09,CVE-2025-32321,7.8,2025-09-08T14:09:52.410
CVE-2025-32312,0.000880000,0.250810000,0.7449627380623792,2026-06-09,2026-06-09,CVE-2025-32312,7.8,2025-09-05T19:14:29.530
CVE-2025-26464,0.000130000,0.022170000,0.036157880209770905,2026-06-09,2026-06-09,CVE-2025-26464,7.8,2025-09-08T14:10:13.103
CVE-2025-26463,0.000100000,0.011890000,0.02263317692520011,2026-06-09,2026-06-09,CVE-2025-26463,5.5,2025-09-05T19:14:18.263
CVE-2025-26454,0.000110000,0.014430000,0.026221363510902568,2026-06-09,2026-06-09,CVE-2025-26454,7.8,2025-09-08T14:10:25.473
CVE-2025-26439,0.000130000,0.022170000,0.036157880209770905,2026-06-09,2026-06-09,CVE-2025-26439,7.8,2025-09-05T19:08:32.547
CVE-2025-26431,0.000130000,0.022170000,0.036157880209770905,2026-06-09,2026-06-09,CVE-2025-26431,7.8,2025-09-05T18:59:29.447
CVE-2025-26419,0.000100000,0.012020000,0.02263317692520011,2026-06-09,2026-06-09,CVE-2025-26419,3.3,2025-09-05T18:59:44.977
CVE-2025-22441,0.000060000,0.004170000,0.001380071763731714,2026-06-09,2026-06-09,CVE-2025-22441,7.3,2025-09-05T19:15:07.143
CVE-2025-22415,0.000090000,0.009300000,0.01186861716809274,2026-06-09,2026-06-09,CVE-2025-22415,4.0,2025-09-05T19:08:58.430
CVE-2025-22414,0.000080000,0.007990000,0.004416229643941485,2026-06-09,2026-06-09,CVE-2025-22414,7.8,2025-09-05T19:08:51.160
CVE-2025-0089,0.000540000,0.171920000,0.5600331217223296,2026-06-09,2026-06-09,CVE-2025-0089,7.8,2025-09-08T16:40:54.243
CVE-2025-0076,0.000070000,0.006230000,0.0024841291747170853,2026-06-09,2026-06-09,CVE-2025-0076,3.3,2025-09-05T19:14:58.947
CVE-2024-49731,0.000210000,0.060950000,0.14794369307203975,2026-06-09,2026-06-09,CVE-2024-49731,4.0,2025-09-05T19:08:43.963
CVE-2024-49714,0.000100000,0.011440000,0.02263317692520011,2026-06-09,2026-06-09,CVE-2024-49714,7.8,2025-09-05T19:14:50.013
CVE-2024-40664,0.000690000,0.213830000,0.6756831355230472,2026-06-09,2026-06-09,CVE-2024-40664,6.2,2025-09-08T14:03:20.720
CVE-2025-58883,0.000430000,0.135370000,0.44714325144907535,2026-06-09,2026-06-09,CVE-2025-58883,5.9,2026-04-23T15:33:49.320
CVE-2025-58882,0.000470000,0.147670000,0.48330113165884625,2026-06-09,2026-06-09,CVE-2025-58882,6.5,2026-04-23T15:33:49.207
CVE-2025-58881,0.000580000,0.185070000,0.5873585426442175,2026-06-09,2026-06-09,CVE-2025-58881,8.5,2026-04-23T15:33:49.093
CVE-2025-58880,0.000470000,0.147670000,0.48330113165884625,2026-06-09,2026-06-09,CVE-2025-58880,6.5,2026-04-23T15:33:48.980
CVE-2025-58878,0.000260000,0.077150000,0.25393320452663537,2026-06-09,2026-06-09,CVE-2025-58878,6.5,2026-04-23T15:33:48.700
CVE-2025-58876,0.000470000,0.147670000,0.48330113165884625,2026-06-09,2026-06-09,CVE-2025-58876,6.5,2026-04-23T15:33:48.430
CVE-2025-58875,0.000470000,0.147670000,0.48330113165884625,2026-06-09,2026-06-09,CVE-2025-58875,6.5,2026-04-23T15:33:48.317
CVE-2025-58874,0.000470000,0.147670000,0.48330113165884625,2026-06-09,2026-06-09,CVE-2025-58874,6.5,2026-04-23T15:33:48.203
CVE-2025-58873,0.000430000,0.135370000,0.44714325144907535,2026-06-09,2026-06-09,CVE-2025-58873,5.9,2026-04-23T15:33:48.087
CVE-2025-58872,0.000770000,0.230700000,0.7129450731438035,2026-06-09,2026-06-09,CVE-2025-58872,6.5,2026-04-23T15:33:47.970
CVE-2025-58871,0.000470000,0.147670000,0.48330113165884625,2026-06-09,2026-06-09,CVE-2025-58871,6.5,2026-04-23T15:33:47.850
CVE-2025-58870,0.000470000,0.147670000,0.48330113165884625,2026-06-09,2026-06-09,CVE-2025-58870,6.5,2026-04-23T15:33:47.740
CVE-2025-58869,0.000240000,0.072380000,0.21197902290919127,2026-06-09,2026-06-09,CVE-2025-58869,6.5,2026-04-23T15:33:47.627
CVE-2025-58868,0.000470000,0.147670000,0.48330113165884625,2026-06-09,2026-06-09,CVE-2025-58868,6.5,2026-04-23T15:33:47.510
CVE-2025-58867,0.000470000,0.147670000,0.48330113165884625,2026-06-09,2026-06-09,CVE-2025-58867,6.5,2026-04-23T15:33:47.400
CVE-2025-58866,0.000600000,0.190600000,0.6055754899254762,2026-06-09,2026-06-09,CVE-2025-58866,2.7,2026-04-23T15:33:47.287
CVE-2025-58865,0.000260000,0.077150000,0.25393320452663537,2026-06-09,2026-06-09,CVE-2025-58865,4.3,2026-04-23T15:33:47.177
CVE-2025-58864,0.000470000,0.147670000,0.48330113165884625,2026-06-09,2026-06-09,CVE-2025-58864,6.5,2026-04-23T15:33:47.067
CVE-2025-58863,0.000470000,0.147670000,0.48330113165884625,2026-06-09,2026-06-09,CVE-2025-58863,6.5,2026-04-23T15:33:46.957
CVE-2025-58862,0.000470000,0.147670000,0.48330113165884625,2026-06-09,2026-06-09,CVE-2025-58862,6.5,2026-04-23T15:33:46.843
CVE-2025-58861,0.000250000,0.073080000,0.22964394148495723,2026-06-09,2026-06-09,CVE-2025-58861,7.1,2026-04-23T15:33:46.730
CVE-2025-58860,0.000250000,0.073080000,0.22964394148495723,2026-06-09,2026-06-09,CVE-2025-58860,7.1,2026-04-23T15:33:46.617
CVE-2025-58859,0.000250000,0.073080000,0.22964394148495723,2026-06-09,2026-06-09,CVE-2025-58859,7.1,2026-04-23T15:33:46.500
CVE-2025-58858,0.000470000,0.147670000,0.48330113165884625,2026-06-09,2026-06-09,CVE-2025-58858,6.5,2026-04-23T15:33:46.390
CVE-2025-58857,0.000470000,0.149160000,0.48330113165884625,2026-06-09,2026-06-09,CVE-2025-58857,7.1,2026-04-23T15:33:46.280
CVE-2025-58856,0.000400000,0.125410000,0.4004968258349434,2026-06-09,2026-06-09,CVE-2025-58856,6.5,2026-04-23T15:33:46.167
CVE-2025-58855,0.000470000,0.149160000,0.48330113165884625,2026-06-09,2026-06-09,CVE-2025-58855,7.1,2026-04-23T15:33:46.053
CVE-2025-58854,0.000250000,0.073080000,0.22964394148495723,2026-06-09,2026-06-09,CVE-2025-58854,7.1,2026-04-23T15:33:45.940
CVE-2025-58853,0.000250000,0.073080000,0.22964394148495723,2026-06-09,2026-06-09,CVE-2025-58853,7.1,2026-04-23T15:33:45.827
CVE-2025-58852,0.000250000,0.073080000,0.22964394148495723,2026-06-09,2026-06-09,CVE-2025-58852,7.1,2026-04-23T15:33:45.707
CVE-2025-58851,0.000470000,0.147670000,0.48330113165884625,2026-06-09,2026-06-09,CVE-2025-58851,6.5,2026-04-23T15:33:45.567
CVE-2025-58850,0.000470000,0.147670000,0.48330113165884625,2026-06-09,2026-06-09,CVE-2025-58850,6.5,2026-04-23T15:33:45.437
CVE-2025-58849,0.000250000,0.073080000,0.22964394148495723,2026-06-09,2026-06-09,CVE-2025-58849,7.1,2026-04-23T15:33:45.290
CVE-2025-58848,0.000250000,0.073080000,0.22964394148495723,2026-06-09,2026-06-09,CVE-2025-58848,7.1,2026-04-23T15:33:45.133
CVE-2025-58847,0.000250000,0.073080000,0.22964394148495723,2026-06-09,2026-06-09,CVE-2025-58847,7.1,2026-04-23T15:33:45.007
CVE-2025-58846,0.000250000,0.073080000,0.22964394148495723,2026-06-09,2026-06-09,CVE-2025-58846,7.1,2026-04-23T15:33:44.890
CVE-2025-58845,0.000250000,0.073080000,0.22964394148495723,2026-06-09,2026-06-09,CVE-2025-58845,7.1,2026-04-23T15:33:44.750
CVE-2025-58844,0.000250000,0.073080000,0.22964394148495723,2026-06-09,2026-06-09,CVE-2025-58844,7.1,2026-04-23T15:33:44.633
CVE-2025-58843,0.000250000,0.073080000,0.22964394148495723,2026-06-09,2026-06-09,CVE-2025-58843,7.1,2026-04-23T15:33:44.510
CVE-2025-58842,0.000470000,0.147670000,0.48330113165884625,2026-06-09,2026-06-09,CVE-2025-58842,6.5,2026-04-23T15:33:44.400
CVE-2025-58841,0.000680000,0.210950000,0.6660226331769252,2026-06-09,2026-06-09,CVE-2025-58841,5.5,2026-04-23T15:33:44.280
CVE-2025-58840,0.000470000,0.147670000,0.48330113165884625,2026-06-09,2026-06-09,CVE-2025-58840,6.5,2026-04-23T15:33:44.170
CVE-2025-58839,0.001490000,0.351660000,0.8423958045818383,2026-06-09,2026-06-09,CVE-2025-58839,7.2,2026-04-23T15:33:44.053
CVE-2025-58838,0.000470000,0.147670000,0.48330113165884625,2026-06-09,2026-06-09,CVE-2025-58838,6.5,2026-04-23T15:33:43.923
CVE-2025-58837,0.000470000,0.147670000,0.48330113165884625,2026-06-09,2026-06-09,CVE-2025-58837,6.5,2026-04-23T15:33:43.803
CVE-2025-58836,0.000470000,0.147670000,0.48330113165884625,2026-06-09,2026-06-09,CVE-2025-58836,6.5,2026-04-23T15:33:43.677
CVE-2025-58835,0.000910000,0.256650000,0.7548992547612476,2026-06-09,2026-06-09,CVE-2025-58835,5.3,2026-04-23T15:33:43.563
CVE-2025-58834,0.000470000,0.147670000,0.48330113165884625,2026-06-09,2026-06-09,CVE-2025-58834,6.5,2026-04-23T15:33:43.447
CVE-2025-58833,0.000290000,0.086770000,0.29726745790781123,2026-06-09,2026-06-09,CVE-2025-58833,8.8,2026-04-23T15:33:43.330
CVE-2025-58832,0.000430000,0.135370000,0.44714325144907535,2026-06-09,2026-06-09,CVE-2025-58832,5.9,2026-04-23T15:33:43.217
CVE-2025-58831,0.000530000,0.168860000,0.543472260557549,2026-06-09,2026-06-09,CVE-2025-58831,4.3,2026-04-23T15:33:43.103
CVE-2025-58830,0.000470000,0.147670000,0.48330113165884625,2026-06-09,2026-06-09,CVE-2025-58830,6.5,2026-04-23T15:33:42.987
CVE-2025-58829,0.000390000,0.120340000,0.388076179961358,2026-06-09,2026-06-09,CVE-2025-58829,4.9,2026-04-23T15:33:42.870
CVE-2025-58828,0.000470000,0.147670000,0.48330113165884625,2026-06-09,2026-06-09,CVE-2025-58828,6.5,2026-04-23T15:33:42.760
CVE-2025-58827,0.000520000,0.165300000,0.5385040022081148,2026-06-09,2026-06-09,CVE-2025-58827,3.8,2026-04-23T15:33:42.647
CVE-2025-58826,0.000470000,0.147670000,0.48330113165884625,2026-06-09,2026-06-09,CVE-2025-58826,6.5,2026-04-23T15:33:42.530
CVE-2025-58825,0.000430000,0.135370000,0.44714325144907535,2026-06-09,2026-06-09,CVE-2025-58825,5.9,2026-04-28T19:34:17.587
CVE-2025-58824,0.000550000,0.173570000,0.5658294231300027,2026-06-09,2026-06-09,CVE-2025-58824,4.3,2026-04-23T15:33:42.300
CVE-2025-58823,0.000470000,0.147670000,0.48330113165884625,2026-06-09,2026-06-09,CVE-2025-58823,6.5,2026-04-23T15:33:42.190
CVE-2025-58822,0.000470000,0.147670000,0.48330113165884625,2026-06-09,2026-06-09,CVE-2025-58822,6.5,2026-04-23T15:33:42.083
CVE-2025-58821,0.000430000,0.135370000,0.44714325144907535,2026-06-09,2026-06-09,CVE-2025-58821,5.9,2026-04-23T15:33:41.973
CVE-2025-58820,0.000430000,0.135370000,0.44714325144907535,2026-06-09,2026-06-09,CVE-2025-58820,5.9,2026-04-23T15:33:41.860
CVE-2025-58819,0.000960000,0.265450000,0.7720121446315208,2026-06-09,2026-06-09,CVE-2025-58819,9.1,2026-04-23T15:33:41.753
CVE-2025-58818,0.000260000,0.076980000,0.25393320452663537,2026-06-09,2026-06-09,CVE-2025-58818,5.4,2026-04-23T15:33:41.640
CVE-2025-58817,0.000550000,0.173570000,0.5658294231300027,2026-06-09,2026-06-09,CVE-2025-58817,4.3,2026-04-23T15:33:41.527
CVE-2025-58816,0.000450000,0.142680000,0.46839635661054374,2026-06-09,2026-06-09,CVE-2025-58816,3.5,2026-04-23T15:33:41.413
CVE-2025-58815,0.001490000,0.351660000,0.8423958045818383,2026-06-09,2026-06-09,CVE-2025-58815,7.2,2026-04-23T15:33:41.303
CVE-2025-58814,0.000470000,0.147670000,0.48330113165884625,2026-06-09,2026-06-09,CVE-2025-58814,6.5,2026-04-23T15:33:41.190
CVE-2025-58813,0.000550000,0.173570000,0.5658294231300027,2026-06-09,2026-06-09,CVE-2025-58813,4.3,2026-04-23T15:33:41.080
CVE-2025-58812,0.000470000,0.147670000,0.48330113165884625,2026-06-09,2026-06-09,CVE-2025-58812,6.5,2026-04-23T15:33:40.970
CVE-2025-58811,0.000430000,0.135370000,0.44714325144907535,2026-06-09,2026-06-09,CVE-2025-58811,5.9,2026-04-23T15:33:40.860
CVE-2025-58810,0.000430000,0.135370000,0.44714325144907535,2026-06-09,2026-06-09,CVE-2025-58810,5.9,2026-04-23T15:33:40.750
CVE-2025-58809,0.000250000,0.073080000,0.22964394148495723,2026-06-09,2026-06-09,CVE-2025-58809,7.1,2026-04-23T15:33:40.630
CVE-2025-58808,0.000470000,0.147670000,0.48330113165884625,2026-06-09,2026-06-09,CVE-2025-58808,6.5,2026-04-23T15:33:40.517
CVE-2025-58807,0.000280000,0.084930000,0.29036709908915265,2026-06-09,2026-06-09,CVE-2025-58807,7.1,2026-04-23T15:33:40.403
CVE-2025-58806,0.000250000,0.073080000,0.22964394148495723,2026-06-09,2026-06-09,CVE-2025-58806,7.1,2026-04-23T15:33:40.290
CVE-2025-58805,0.000430000,0.135370000,0.44714325144907535,2026-06-09,2026-06-09,CVE-2025-58805,5.9,2026-04-23T15:33:40.183
CVE-2025-58804,0.000260000,0.077150000,0.25393320452663537,2026-06-09,2026-06-09,CVE-2025-58804,4.3,2026-04-23T15:33:40.070
CVE-2025-58802,0.000260000,0.077150000,0.25393320452663537,2026-06-09,2026-06-09,CVE-2025-58802,4.3,2026-04-23T15:33:39.797
CVE-2025-58801,0.000260000,0.076980000,0.25393320452663537,2026-06-09,2026-06-09,CVE-2025-58801,5.4,2026-04-23T15:33:39.683
CVE-2025-58800,0.000260000,0.077150000,0.25393320452663537,2026-06-09,2026-06-09,CVE-2025-58800,4.3,2026-04-28T19:34:16.180
CVE-2025-58799,0.000260000,0.077150000,0.25393320452663537,2026-06-09,2026-06-09,CVE-2025-58799,4.3,2026-04-23T15:33:39.437
CVE-2025-58798,0.000260000,0.077150000,0.25393320452663537,2026-06-09,2026-06-09,CVE-2025-58798,4.3,2026-04-23T15:33:39.323
CVE-2025-58797,0.000660000,0.205780000,0.6486337289539056,2026-06-09,2026-06-09,CVE-2025-58797,5.3,2026-04-23T15:33:39.217
CVE-2025-58796,0.000470000,0.147670000,0.48330113165884625,2026-06-09,2026-06-09,CVE-2025-58796,6.5,2026-04-23T15:33:39.100
CVE-2025-58795,0.000440000,0.136870000,0.4609439690863925,2026-06-09,2026-06-09,CVE-2025-58795,4.3,2026-04-23T15:33:38.990
CVE-2025-58794,0.000260000,0.077150000,0.25393320452663537,2026-06-09,2026-06-09,CVE-2025-58794,4.3,2026-04-28T19:34:15.810
CVE-2025-58793,0.000470000,0.147670000,0.48330113165884625,2026-06-09,2026-06-09,CVE-2025-58793,6.5,2026-04-23T15:33:38.763
CVE-2025-58792,0.000260000,0.077150000,0.25393320452663537,2026-06-09,2026-06-09,CVE-2025-58792,4.3,2026-04-23T15:33:38.660
CVE-2025-58791,0.000430000,0.135370000,0.44714325144907535,2026-06-09,2026-06-09,CVE-2025-58791,5.9,2026-04-23T15:33:38.547
CVE-2025-58790,0.000470000,0.147670000,0.48330113165884625,2026-06-09,2026-06-09,CVE-2025-58790,6.5,2026-04-23T15:33:38.430
CVE-2025-58789,0.000540000,0.171680000,0.5600331217223296,2026-06-09,2026-06-09,CVE-2025-58789,7.6,2026-04-23T15:33:38.320
CVE-2025-58788,0.000540000,0.171680000,0.5600331217223296,2026-06-09,2026-06-09,CVE-2025-58788,7.6,2026-04-23T15:33:38.203
CVE-2025-58787,0.000470000,0.147670000,0.48330113165884625,2026-06-09,2026-06-09,CVE-2025-58787,6.5,2026-04-23T15:33:38.090
CVE-2025-58786,0.000470000,0.147670000,0.48330113165884625,2026-06-09,2026-06-09,CVE-2025-58786,6.5,2026-04-23T15:33:37.507
CVE-2025-58785,0.000710000,0.217850000,0.6886558101021253,2026-06-09,2026-06-09,CVE-2025-58785,5.4,2026-04-28T19:34:15.277
CVE-2025-58784,0.000470000,0.147670000,0.48330113165884625,2026-06-09,2026-06-09,CVE-2025-58784,6.5,2026-04-23T15:33:37.210
CVE-2025-58783,0.000550000,0.173570000,0.5658294231300027,2026-06-09,2026-06-09,CVE-2025-58783,4.3,2026-04-23T15:33:37.077
CVE-2025-10011,0.000760000,0.228020000,0.7099089152635937,2026-06-09,2026-06-09,CVE-2025-10011,8.8,2026-04-29T01:00:01.613
CVE-2024-21977,0.000240000,0.071540000,0.21197902290919127,2026-06-09,2026-06-09,CVE-2024-21977,3.2,2026-04-15T00:35:42.020
CVE-2025-9999,0.000350000,0.107990000,0.35219431410433344,2026-06-09,2026-06-09,CVE-2025-9999,,2026-04-15T00:35:42.020
CVE-2025-9998,0.000370000,0.113900000,0.3734474192658018,2026-06-09,2026-06-09,CVE-2025-9998,,2026-04-15T00:35:42.020
CVE-2025-9709,0.000400000,0.124690000,0.4004968258349434,2026-06-09,2026-06-09,CVE-2025-9709,,2026-04-15T00:35:42.020
CVE-2025-9057,0.000490000,0.157310000,0.5208390836323489,2026-06-09,2026-06-09,CVE-2025-9057,6.4,2026-04-15T00:35:42.020
CVE-2025-8695,0.000490000,0.156840000,0.5208390836323489,2026-06-09,2026-06-09,CVE-2025-8695,5.4,2026-06-05T12:16:33.950
CVE-2025-58887,0.000470000,0.147670000,0.48330113165884625,2026-06-09,2026-06-09,CVE-2025-58887,6.5,2026-04-28T19:34:21.013
CVE-2025-58886,0.000430000,0.135370000,0.44714325144907535,2026-06-09,2026-06-09,CVE-2025-58886,5.9,2026-04-23T15:33:49.700
CVE-2025-58884,0.000430000,0.135370000,0.44714325144907535,2026-06-09,2026-06-09,CVE-2025-58884,5.9,2026-04-23T15:33:49.430
CVE-2025-58780,0.000830000,0.243000000,0.730333977366823,2026-06-09,2026-06-09,CVE-2025-58780,7.2,2026-04-15T00:35:42.020
CVE-2025-58628,0.000590000,0.186650000,0.6003312172232956,2026-06-09,2026-06-09,CVE-2025-58628,9.3,2026-04-23T15:33:29.333
CVE-2025-58214,0.001580000,0.363900000,0.8517802925752139,2026-06-09,2026-06-09,CVE-2025-58214,8.1,2026-04-23T15:33:19.060
CVE-2025-58206,0.001580000,0.363900000,0.8517802925752139,2026-06-09,2026-06-09,CVE-2025-58206,9.8,2026-04-23T15:33:18.113
CVE-2025-57889,0.001570000,0.362050000,0.8501242064587359,2026-06-09,2026-06-09,CVE-2025-57889,7.5,2026-04-23T15:32:57.663
CVE-2025-54744,0.000550000,0.173570000,0.5658294231300027,2026-06-09,2026-06-09,CVE-2025-54744,6.5,2026-04-23T15:32:55.473
CVE-2025-53571,0.000550000,0.173570000,0.5658294231300027,2026-06-09,2026-06-09,CVE-2025-53571,6.5,2026-04-23T15:32:37.460
CVE-2025-53307,0.000470000,0.149160000,0.48330113165884625,2026-06-09,2026-06-09,CVE-2025-53307,7.1,2026-04-23T15:32:27.877
CVE-2025-49401,0.000880000,0.251270000,0.7449627380623792,2026-06-09,2026-06-09,CVE-2025-49401,9.8,2026-04-23T15:31:36.970
CVE-2025-48317,0.001260000,0.314650000,0.8134142975434723,2026-06-09,2026-06-09,CVE-2025-48317,7.5,2026-04-23T15:31:05.623
CVE-2025-48105,0.000470000,0.147670000,0.48330113165884625,2026-06-09,2026-06-09,CVE-2025-48105,6.5,2026-04-23T15:30:48.553
CVE-2025-48104,0.000250000,0.073080000,0.22964394148495723,2026-06-09,2026-06-09,CVE-2025-48104,7.1,2026-04-23T15:30:48.440
CVE-2025-48103,0.000470000,0.147670000,0.48330113165884625,2026-06-09,2026-06-09,CVE-2025-48103,6.5,2026-04-28T19:32:35.713
CVE-2025-48102,0.000430000,0.135370000,0.44714325144907535,2026-06-09,2026-06-09,CVE-2025-48102,5.9,2026-04-28T19:32:35.607
CVE-2025-39726,0.000190000,0.052550000,0.11233784156776153,2026-06-09,2026-06-09,CVE-2025-39726,4.7,2025-11-25T18:05:49.350
CVE-2025-39725,0.000180000,0.050750000,0.09688103781396633,2026-06-09,2026-06-09,CVE-2025-39725,5.5,2025-11-25T21:01:10.547
CVE-2025-39724,0.000250000,0.074130000,0.22964394148495723,2026-06-09,2026-06-09,CVE-2025-39724,5.5,2026-05-12T13:17:08.053
CVE-2025-39723,0.000190000,0.055070000,0.11233784156776153,2026-06-09,2026-06-09,CVE-2025-39723,7.8,2025-11-25T21:01:02.797
CVE-2025-39722,0.000180000,0.050750000,0.09688103781396633,2026-06-09,2026-06-09,CVE-2025-39722,5.5,2025-11-25T17:44:11.147
CVE-2025-39721,0.000370000,0.112500000,0.3734474192658018,2026-06-09,2026-06-09,CVE-2025-39721,5.5,2026-03-17T16:27:56.953
CVE-2025-39720,0.000240000,0.071000000,0.21197902290919127,2026-06-09,2026-06-09,CVE-2025-39720,5.5,2025-11-25T17:46:33.250
CVE-2025-39719,0.000260000,0.079190000,0.25393320452663537,2026-06-09,2026-06-09,CVE-2025-39719,7.1,2026-05-12T13:17:07.923
CVE-2025-39718,0.000260000,0.077530000,0.25393320452663537,2026-06-09,2026-06-09,CVE-2025-39718,5.5,2026-05-12T13:17:07.777
CVE-2025-39717,0.000290000,0.087260000,0.29726745790781123,2026-06-09,2026-06-09,CVE-2025-39717,7.8,2025-11-25T17:48:11.943
CVE-2025-39716,0.000200000,0.058060000,0.13055478884902014,2026-06-09,2026-06-09,CVE-2025-39716,5.5,2026-05-12T13:17:07.643
CVE-2025-39715,0.000260000,0.077530000,0.25393320452663537,2026-06-09,2026-06-09,CVE-2025-39715,5.5,2026-05-12T13:17:07.510
CVE-2025-39714,0.000240000,0.069230000,0.21197902290919127,2026-06-09,2026-06-09,CVE-2025-39714,5.5,2026-05-12T13:17:07.357
CVE-2025-39713,0.000180000,0.051070000,0.09688103781396633,2026-06-09,2026-06-09,CVE-2025-39713,4.7,2026-05-12T13:17:07.193
CVE-2025-39712,0.000210000,0.061410000,0.14794369307203975,2026-06-09,2026-06-09,CVE-2025-39712,5.5,2025-11-25T20:56:08.080
CVE-2025-39711,0.000250000,0.074290000,0.22964394148495723,2026-06-09,2026-06-09,CVE-2025-39711,7.8,2025-11-25T21:16:06.437
CVE-2025-39710,0.000160000,0.035680000,0.054650841843775874,2026-06-09,2026-06-09,CVE-2025-39710,7.1,2026-05-12T13:17:07.037
CVE-2025-39709,0.000240000,0.069230000,0.21197902290919127,2026-06-09,2026-06-09,CVE-2025-39709,5.5,2026-05-12T13:17:06.887
CVE-2025-39708,0.000270000,0.082210000,0.2779464532155672,2026-06-09,2026-06-09,CVE-2025-39708,5.5,2025-11-25T21:15:53.460
CVE-2025-39707,0.000180000,0.050750000,0.09688103781396633,2026-06-09,2026-06-09,CVE-2025-39707,5.5,2025-11-25T21:15:47.960
CVE-2025-39706,0.000260000,0.077530000,0.25393320452663537,2026-06-09,2026-06-09,CVE-2025-39706,5.5,2026-05-12T13:17:06.763
CVE-2025-39705,0.000180000,0.050750000,0.09688103781396633,2026-06-09,2026-06-09,CVE-2025-39705,5.5,2025-11-25T21:15:42.683
CVE-2025-39704,0.000110000,0.015830000,0.026221363510902568,2026-06-09,2026-06-09,CVE-2025-39704,5.5,2025-11-25T21:15:34.557
CVE-2025-39703,0.000250000,0.073430000,0.22964394148495723,2026-06-09,2026-06-09,CVE-2025-39703,5.5,2026-05-12T13:17:06.580
CVE-2025-39702,0.000350000,0.106310000,0.35219431410433344,2026-06-09,2026-06-09,CVE-2025-39702,7.0,2026-05-12T13:17:06.423
CVE-2025-39701,0.000260000,0.079190000,0.25393320452663537,2026-06-09,2026-06-09,CVE-2025-39701,7.8,2026-05-12T13:17:06.243
CVE-2025-39700,0.000240000,0.070630000,0.21197902290919127,2026-06-09,2026-06-09,CVE-2025-39700,5.5,2025-11-25T21:15:03.620
CVE-2025-39699,0.000270000,0.082210000,0.2779464532155672,2026-06-09,2026-06-09,CVE-2025-39699,5.5,2025-11-25T21:13:40.067
CVE-2025-39698,0.000240000,0.071840000,0.21197902290919127,2026-06-09,2026-06-09,CVE-2025-39698,5.5,2025-11-25T21:31:12.100
CVE-2025-39697,0.000180000,0.051070000,0.09688103781396633,2026-06-09,2026-06-09,CVE-2025-39697,4.7,2026-05-12T13:17:06.083
CVE-2025-39696,0.000320000,0.097990000,0.33038918023737235,2026-06-09,2026-06-09,CVE-2025-39696,5.5,2025-11-25T21:30:13.343
CVE-2025-39695,0.000180000,0.050750000,0.09688103781396633,2026-06-09,2026-06-09,CVE-2025-39695,5.5,2025-11-25T21:29:51.113
CVE-2025-39694,0.000260000,0.077530000,0.25393320452663537,2026-06-09,2026-06-09,CVE-2025-39694,5.5,2026-05-12T13:17:05.957
CVE-2025-39693,0.000260000,0.077530000,0.25393320452663537,2026-06-09,2026-06-09,CVE-2025-39693,5.5,2026-05-12T13:17:05.820
CVE-2025-39692,0.000260000,0.077530000,0.25393320452663537,2026-06-09,2026-06-09,CVE-2025-39692,5.5,2026-05-12T13:17:05.690
CVE-2025-39691,0.000190000,0.052770000,0.11233784156776153,2026-06-09,2026-06-09,CVE-2025-39691,7.8,2026-05-12T13:17:05.523
CVE-2025-39690,0.000270000,0.082210000,0.2779464532155672,2026-06-09,2026-06-09,CVE-2025-39690,5.5,2025-11-25T21:29:08.727
CVE-2025-39689,0.000240000,0.070850000,0.21197902290919127,2026-06-09,2026-06-09,CVE-2025-39689,7.8,2026-05-12T13:17:05.300
CVE-2025-39687,0.000250000,0.074770000,0.22964394148495723,2026-06-09,2026-06-09,CVE-2025-39687,7.1,2026-05-12T13:17:05.150
CVE-2025-39686,0.000260000,0.079190000,0.25393320452663537,2026-06-09,2026-06-09,CVE-2025-39686,7.8,2026-05-12T13:17:05.000
CVE-2025-39685,0.000260000,0.079190000,0.25393320452663537,2026-06-09,2026-06-09,CVE-2025-39685,7.1,2026-05-12T13:17:04.867
CVE-2025-39684,0.000250000,0.072680000,0.22964394148495723,2026-06-09,2026-06-09,CVE-2025-39684,5.5,2026-05-12T13:17:04.717
CVE-2025-39683,0.000240000,0.070850000,0.21197902290919127,2026-06-09,2026-06-09,CVE-2025-39683,7.1,2026-05-12T13:17:04.540
CVE-2025-39682,0.000130000,0.019850000,0.036157880209770905,2026-06-09,2026-06-09,CVE-2025-39682,7.1,2026-05-12T13:17:04.400
CVE-2025-39681,0.000250000,0.073430000,0.22964394148495723,2026-06-09,2026-06-09,CVE-2025-39681,5.5,2026-05-12T13:17:04.253
CVE-2025-39680,0.000340000,0.104450000,0.34777808446039193,2026-06-09,2026-06-09,CVE-2025-39680,7.1,2025-11-25T21:29:02.230
CVE-2025-39679,0.000240000,0.071000000,0.21197902290919127,2026-06-09,2026-06-09,CVE-2025-39679,5.5,2025-11-25T21:28:54.547
CVE-2025-39678,0.000180000,0.050750000,0.09688103781396633,2026-06-09,2026-06-09,CVE-2025-39678,5.5,2025-11-25T21:28:44.973
CVE-2025-39677,0.000270000,0.082210000,0.2779464532155672,2026-06-09,2026-06-09,CVE-2025-39677,5.5,2025-11-25T21:28:36.563
CVE-2025-39676,0.000240000,0.069230000,0.21197902290919127,2026-06-09,2026-06-09,CVE-2025-39676,5.5,2026-05-12T13:17:04.103
CVE-2025-39675,0.000260000,0.077530000,0.25393320452663537,2026-06-09,2026-06-09,CVE-2025-39675,5.5,2026-05-12T13:17:03.970
CVE-2025-39674,0.000270000,0.082210000,0.2779464532155672,2026-06-09,2026-06-09,CVE-2025-39674,5.5,2025-11-25T21:28:05.853
CVE-2025-39673,0.000200000,0.057920000,0.13055478884902014,2026-06-09,2026-06-09,CVE-2025-39673,4.7,2026-05-12T13:17:03.830
CVE-2025-38737,0.000180000,0.050750000,0.09688103781396633,2026-06-09,2026-06-09,CVE-2025-38737,5.5,2025-11-25T22:03:13.657
CVE-2025-38736,0.000260000,0.079190000,0.25393320452663537,2026-06-09,2026-06-09,CVE-2025-38736,7.1,2026-05-12T13:17:03.703
CVE-2025-38735,0.000260000,0.077530000,0.25393320452663537,2026-06-09,2026-06-09,CVE-2025-38735,5.5,2026-05-12T13:17:03.560
CVE-2025-38734,0.000250000,0.075310000,0.22964394148495723,2026-06-09,2026-06-09,CVE-2025-38734,7.8,2025-11-25T21:59:17.530
CVE-2025-38733,0.000180000,0.050750000,0.09688103781396633,2026-06-09,2026-06-09,CVE-2025-38733,5.5,2025-11-25T21:59:04.250
CVE-2025-38732,0.000250000,0.073430000,0.22964394148495723,2026-06-09,2026-06-09,CVE-2025-38732,5.5,2026-05-12T13:17:03.397
CVE-2025-38731,0.000290000,0.087260000,0.29726745790781123,2026-06-09,2026-06-09,CVE-2025-38731,7.8,2025-11-25T21:51:00.783
CVE-2025-35452,0.002190000,0.445730000,0.8837979574937896,2026-06-09,2026-06-09,CVE-2025-35452,9.8,2025-12-23T17:08:13.470
CVE-2025-35451,0.002400000,0.474970000,0.892906431134419,2026-06-09,2026-06-09,CVE-2025-35451,9.8,2026-01-14T15:33:46.617
CVE-2025-32320,0.000080000,0.007990000,0.004416229643941485,2026-06-09,2026-06-09,CVE-2025-32320,7.8,2025-09-08T16:39:26.370
CVE-2025-32318,0.001460000,0.346900000,0.8401876897598675,2026-06-09,2026-06-09,CVE-2025-32318,8.8,2025-09-08T16:39:18.520
CVE-2025-32317,0.000080000,0.007740000,0.004416229643941485,2026-06-09,2026-06-09,CVE-2025-32317,5.5,2025-09-08T16:39:05.173
CVE-2025-32316,0.000090000,0.008850000,0.01186861716809274,2026-06-09,2026-06-09,CVE-2025-32316,5.5,2025-09-08T16:38:55.070
CVE-2025-30200,0.000190000,0.055000000,0.11233784156776153,2026-06-09,2026-06-09,CVE-2025-30200,6.3,2025-09-23T17:12:03.670
CVE-2025-30199,0.000440000,0.138820000,0.4609439690863925,2026-06-09,2026-06-09,CVE-2025-30199,7.2,2025-09-23T17:11:48.730
CVE-2025-30198,0.000300000,0.091150000,0.3105161468396357,2026-06-09,2026-06-09,CVE-2025-30198,6.3,2025-09-23T17:11:29.170
CVE-2025-27003,0.000260000,0.077150000,0.25393320452663537,2026-06-09,2026-06-09,CVE-2025-27003,4.3,2026-04-23T15:26:13.647
CVE-2025-26461,0.000120000,0.016800000,0.030913607507590396,2026-06-09,2026-06-09,CVE-2025-26461,3.3,2025-09-08T16:38:50.637
CVE-2025-26434,0.000090000,0.008850000,0.01186861716809274,2026-06-09,2026-06-09,CVE-2025-26434,5.5,2025-09-08T16:38:44.803
CVE-2025-10026,0.000510000,0.162940000,0.5313276290367099,2026-06-09,2026-06-09,CVE-2025-10026,6.1,2026-04-29T01:00:01.613
CVE-2025-10025,0.000660000,0.206710000,0.6486337289539056,2026-06-09,2026-06-09,CVE-2025-10025,9.8,2026-04-29T01:00:01.613
CVE-2025-10014,0.000550000,0.173930000,0.5658294231300027,2026-06-09,2026-06-09,CVE-2025-10014,3.1,2026-04-29T01:00:01.613
CVE-2025-10013,0.000640000,0.200320000,0.6362130830803202,2026-06-09,2026-06-09,CVE-2025-10013,6.3,2026-04-29T01:00:01.613
CVE-2025-10012,0.000760000,0.228020000,0.7099089152635937,2026-06-09,2026-06-09,CVE-2025-10012,8.8,2026-04-29T01:00:01.613
CVE-2024-0028,0.000080000,0.007740000,0.004416229643941485,2026-06-09,2026-06-09,CVE-2024-0028,5.5,2025-09-08T16:38:34.340
CVE-2025-9961,0.004190000,0.622700000,0.9257521391112338,2026-06-09,2026-06-09,CVE-2025-9961,,2026-04-15T00:35:42.020
CVE-2025-9853,0.000530000,0.168400000,0.543472260557549,2026-06-09,2026-06-09,CVE-2025-9853,6.4,2026-04-15T00:35:42.020
CVE-2025-9849,0.000660000,0.205830000,0.6486337289539056,2026-06-09,2026-06-09,CVE-2025-9849,6.4,2026-04-15T00:35:42.020
CVE-2025-9566,0.000860000,0.248410000,0.7394424510074524,2026-06-09,2026-06-09,CVE-2025-9566,8.1,2026-05-19T14:16:29.330
CVE-2025-9515,0.004400000,0.635400000,0.9301683687551753,2026-06-09,2026-06-09,CVE-2025-9515,7.2,2026-04-15T00:35:42.020
CVE-2025-9493,0.000660000,0.205830000,0.6486337289539056,2026-06-09,2026-06-09,CVE-2025-9493,6.4,2026-04-15T00:35:42.020
CVE-2025-9442,0.000660000,0.205830000,0.6486337289539056,2026-06-09,2026-06-09,CVE-2025-9442,6.4,2026-04-15T00:35:42.020
CVE-2025-9126,0.000740000,0.224350000,0.7008004416229644,2026-06-09,2026-06-09,CVE-2025-9126,6.4,2026-04-15T00:35:42.020
CVE-2025-9085,0.000630000,0.196750000,0.6293127242616616,2026-06-09,2026-06-09,CVE-2025-9085,4.9,2026-04-15T00:35:42.020
CVE-2025-8722,0.000660000,0.205830000,0.6486337289539056,2026-06-09,2026-06-09,CVE-2025-8722,6.4,2026-04-15T00:35:42.020
CVE-2025-8564,0.000530000,0.168400000,0.543472260557549,2026-06-09,2026-06-09,CVE-2025-8564,6.4,2026-04-15T00:35:42.020
CVE-2025-8360,0.000530000,0.168400000,0.543472260557549,2026-06-09,2026-06-09,CVE-2025-8360,6.4,2026-04-15T00:35:42.020
CVE-2025-8359,0.005010000,0.664020000,0.9359646701628485,2026-06-09,2026-06-09,CVE-2025-8359,9.8,2026-04-15T00:35:42.020
CVE-2025-8149,0.000530000,0.168400000,0.543472260557549,2026-06-09,2026-06-09,CVE-2025-8149,6.4,2026-04-15T00:35:42.020
CVE-2025-7368,0.001020000,0.274570000,0.7863648909743307,2026-06-09,2026-06-09,CVE-2025-7368,5.3,2026-04-15T00:35:42.020
CVE-2025-7366,0.007760000,0.740150000,0.9572177753243168,2026-06-09,2026-06-09,CVE-2025-7366,7.3,2026-04-15T00:35:42.020
CVE-2025-7045,0.004360000,0.633710000,0.9293403256969363,2026-06-09,2026-06-09,CVE-2025-7045,6.5,2026-04-15T00:35:42.020
CVE-2025-7040,0.001920000,0.409490000,0.8702732542092189,2026-06-09,2026-06-09,CVE-2025-7040,8.2,2026-04-15T00:35:42.020
CVE-2025-6757,0.000660000,0.205830000,0.6486337289539056,2026-06-09,2026-06-09,CVE-2025-6757,6.4,2026-04-15T00:35:42.020
CVE-2025-6067,0.000530000,0.168400000,0.543472260557549,2026-06-09,2026-06-09,CVE-2025-6067,6.4,2026-04-15T00:35:42.020
CVE-2025-58446,0.001540000,0.358400000,0.847088048578526,2026-06-09,2026-06-09,CVE-2025-58446,7.5,2025-09-18T15:57:02.380
CVE-2025-58445,0.001280000,0.317610000,0.815622412365443,2026-06-09,2026-06-09,CVE-2025-58445,7.5,2025-09-10T19:43:08.493
CVE-2025-58443,0.098950000,0.931600000,0.9958597847088049,2026-06-09,2026-06-09,CVE-2025-58443,9.1,2025-09-29T13:49:57.557
CVE-2025-58439,0.000520000,0.164220000,0.5385040022081148,2026-06-09,2026-06-09,CVE-2025-58439,9.1,2025-10-27T18:03:37.790
CVE-2025-58438,0.038490000,0.884390000,0.9873033397736682,2026-06-09,2026-06-09,CVE-2025-58438,,2026-04-15T00:35:42.020
CVE-2025-58437,0.000780000,0.232370000,0.7162572453767596,2026-06-09,2026-06-09,CVE-2025-58437,8.1,2025-10-17T13:54:43.823
CVE-2025-58374,0.000390000,0.120370000,0.388076179961358,2026-06-09,2026-06-09,CVE-2025-58374,7.8,2025-09-15T18:07:55.513
CVE-2025-58373,0.000520000,0.164720000,0.5385040022081148,2026-06-09,2026-06-09,CVE-2025-58373,6.5,2025-09-15T18:08:02.383
CVE-2025-58372,0.001270000,0.315440000,0.814794369307204,2026-06-09,2026-06-09,CVE-2025-58372,9.8,2025-09-15T18:08:35.817
CVE-2025-58371,0.006140000,0.703100000,0.9494893734474192,2026-06-09,2026-06-09,CVE-2025-58371,9.8,2025-09-15T18:08:40.367
CVE-2025-58370,0.003660000,0.588800000,0.9169196798233508,2026-06-09,2026-06-09,CVE-2025-58370,8.1,2025-09-10T15:11:46.347
CVE-2025-58369,0.002070000,0.431160000,0.8749654982059067,2026-06-09,2026-06-09,CVE-2025-58369,5.3,2026-04-15T00:35:42.020
CVE-2025-58367,0.002670000,0.504190000,0.8984267181893458,2026-06-09,2026-06-09,CVE-2025-58367,,2026-04-15T00:35:42.020
CVE-2025-58366,0.000860000,0.247320000,0.7394424510074524,2026-06-09,2026-06-09,CVE-2025-58366,,2026-04-15T00:35:42.020
CVE-2025-57807,0.000730000,0.221330000,0.6961081976262765,2026-06-09,2026-06-09,CVE-2025-57807,9.8,2025-11-03T19:16:12.893
CVE-2025-53791,0.001940000,0.411750000,0.8708252829147116,2026-06-09,2026-06-09,CVE-2025-53791,4.7,2025-09-10T16:00:24.180
CVE-2025-48042,0.000910000,0.256310000,0.7548992547612476,2026-06-09,2026-06-09,CVE-2025-48042,,2026-04-15T00:35:42.020
CVE-2025-39734,0.000260000,0.077530000,0.25393320452663537,2026-06-09,2026-06-09,CVE-2025-39734,5.5,2026-01-12T15:42:48.370
CVE-2025-39733,0.000180000,0.050750000,0.09688103781396633,2026-06-09,2026-06-09,CVE-2025-39733,5.5,2025-11-25T17:50:56.983
CVE-2025-39732,0.000240000,0.071000000,0.21197902290919127,2026-06-09,2026-06-09,CVE-2025-39732,5.5,2025-11-25T17:52:03.647
CVE-2025-39731,0.000260000,0.077530000,0.25393320452663537,2026-06-09,2026-06-09,CVE-2025-39731,5.5,2026-01-07T21:46:42.980
CVE-2025-39730,0.000290000,0.088190000,0.29726745790781123,2026-06-09,2026-06-09,CVE-2025-39730,7.8,2026-01-12T15:47:00.787
CVE-2025-39729,0.000270000,0.082210000,0.2779464532155672,2026-06-09,2026-06-09,CVE-2025-39729,5.5,2025-11-25T17:55:42.410
CVE-2025-39727,0.000250000,0.074290000,0.22964394148495723,2026-06-09,2026-06-09,CVE-2025-39727,7.8,2025-11-25T17:59:53.117
CVE-2025-36100,0.000150000,0.033670000,0.050510626552580734,2026-06-09,2026-06-09,CVE-2025-36100,5.5,2025-12-19T15:01:03.107
CVE-2025-10079,0.000690000,0.212820000,0.6756831355230472,2026-06-09,2026-06-09,CVE-2025-10079,9.8,2026-04-29T01:00:01.613
CVE-2025-10078,0.000660000,0.206710000,0.6486337289539056,2026-06-09,2026-06-09,CVE-2025-10078,9.8,2026-04-29T01:00:01.613
CVE-2025-10077,0.000690000,0.212820000,0.6756831355230472,2026-06-09,2026-06-09,CVE-2025-10077,9.8,2026-04-29T01:00:01.613
CVE-2025-10076,0.000690000,0.212820000,0.6756831355230472,2026-06-09,2026-06-09,CVE-2025-10076,9.8,2026-04-29T01:00:01.613
CVE-2025-10075,0.000500000,0.160420000,0.526635385040022,2026-06-09,2026-06-09,CVE-2025-10075,5.4,2026-04-29T01:00:01.613
CVE-2025-10074,0.000600000,0.190290000,0.6055754899254762,2026-06-09,2026-06-09,CVE-2025-10074,5.4,2026-04-29T01:00:01.613
CVE-2025-10073,0.000490000,0.156150000,0.5208390836323489,2026-06-09,2026-06-09,CVE-2025-10073,4.3,2026-04-29T01:00:01.613
CVE-2025-10072,0.000640000,0.200320000,0.6362130830803202,2026-06-09,2026-06-09,CVE-2025-10072,6.3,2026-04-29T01:00:01.613
CVE-2025-10071,0.000640000,0.200320000,0.6362130830803202,2026-06-09,2026-06-09,CVE-2025-10071,6.3,2026-04-29T01:00:01.613
CVE-2025-10070,0.000640000,0.200320000,0.6362130830803202,2026-06-09,2026-06-09,CVE-2025-10070,6.3,2026-04-29T01:00:01.613
CVE-2025-10068,0.000660000,0.206710000,0.6486337289539056,2026-06-09,2026-06-09,CVE-2025-10068,9.8,2026-04-29T01:00:01.613
CVE-2025-10067,0.000670000,0.207270000,0.6618824178857301,2026-06-09,2026-06-09,CVE-2025-10067,6.1,2026-04-29T01:00:01.613
CVE-2025-10066,0.000670000,0.207270000,0.6618824178857301,2026-06-09,2026-06-09,CVE-2025-10066,6.1,2026-04-29T01:00:01.613
CVE-2025-10065,0.000670000,0.207270000,0.6618824178857301,2026-06-09,2026-06-09,CVE-2025-10065,6.1,2026-04-29T01:00:01.613
CVE-2025-10064,0.000670000,0.207270000,0.6618824178857301,2026-06-09,2026-06-09,CVE-2025-10064,6.1,2026-04-29T01:00:01.613
CVE-2025-10063,0.000670000,0.207270000,0.6618824178857301,2026-06-09,2026-06-09,CVE-2025-10063,6.1,2026-04-29T01:00:01.613
CVE-2025-10062,0.000690000,0.212820000,0.6756831355230472,2026-06-09,2026-06-09,CVE-2025-10062,9.8,2026-04-29T01:00:01.613
CVE-2025-10061,0.001400000,0.338690000,0.834115373999448,2026-06-09,2026-06-09,CVE-2025-10061,6.5,2025-11-13T16:58:52.193
CVE-2025-10060,0.004740000,0.651760000,0.9345845983991168,2026-06-09,2026-06-09,CVE-2025-10060,7.5,2025-09-18T16:14:27.200
CVE-2025-10059,0.000890000,0.253760000,0.7491029533535744,2026-06-09,2026-06-09,CVE-2025-10059,6.5,2025-09-22T16:55:12.757
CVE-2025-10046,0.001980000,0.417010000,0.8719293403256969,2026-06-09,2026-06-09,CVE-2025-10046,4.9,2026-04-15T00:35:42.020
CVE-2025-10044,0.000650000,0.204420000,0.6433894562517251,2026-06-09,2026-06-09,CVE-2025-10044,4.3,2026-04-15T00:35:42.020
CVE-2025-10034,0.002900000,0.527120000,0.9044990339497654,2026-06-09,2026-06-09,CVE-2025-10034,9.8,2025-09-29T18:29:06.463
CVE-2025-10033,0.000660000,0.206710000,0.6486337289539056,2026-06-09,2026-06-09,CVE-2025-10033,9.8,2026-04-29T01:00:01.613
CVE-2025-10032,0.000820000,0.240650000,0.7267457907811207,2026-06-09,2026-06-09,CVE-2025-10032,6.1,2026-04-29T01:00:01.613
CVE-2025-10031,0.000660000,0.206710000,0.6486337289539056,2026-06-09,2026-06-09,CVE-2025-10031,9.8,2026-04-29T01:00:01.613
CVE-2025-10030,0.000660000,0.206710000,0.6486337289539056,2026-06-09,2026-06-09,CVE-2025-10030,9.8,2026-04-29T01:00:01.613
CVE-2025-10029,0.000510000,0.162940000,0.5313276290367099,2026-06-09,2026-06-09,CVE-2025-10029,6.1,2026-04-29T01:00:01.613
CVE-2025-10028,0.000510000,0.162940000,0.5313276290367099,2026-06-09,2026-06-09,CVE-2025-10028,6.1,2026-04-29T01:00:01.613
CVE-2025-10027,0.000510000,0.162940000,0.5313276290367099,2026-06-09,2026-06-09,CVE-2025-10027,6.1,2026-04-29T01:00:01.613
CVE-2025-10003,0.001290000,0.318440000,0.8175545128346674,2026-06-09,2026-06-09,CVE-2025-10003,6.5,2026-04-15T00:35:42.020
CVE-2025-0034,0.000210000,0.059040000,0.14794369307203975,2026-06-09,2026-06-09,CVE-2025-0034,4.7,2026-04-15T00:35:42.020
CVE-2025-0032,0.000180000,0.047630000,0.09688103781396633,2026-06-09,2026-06-09,CVE-2025-0032,7.2,2026-04-15T00:35:42.020
CVE-2025-0011,0.001220000,0.308880000,0.8087220535467844,2026-06-09,2026-06-09,CVE-2025-0011,3.3,2026-04-15T00:35:42.020
CVE-2025-0010,0.000200000,0.056220000,0.13055478884902014,2026-06-09,2026-06-09,CVE-2025-0010,6.1,2026-04-15T00:35:42.020
CVE-2025-0009,0.000270000,0.082210000,0.2779464532155672,2026-06-09,2026-06-09,CVE-2025-0009,5.5,2026-04-15T00:35:42.020
CVE-2024-36354,0.000160000,0.036640000,0.054650841843775874,2026-06-09,2026-06-09,CVE-2024-36354,7.5,2026-04-15T00:35:42.020
CVE-2024-36352,0.000290000,0.088680000,0.29726745790781123,2026-06-09,2026-06-09,CVE-2024-36352,8.4,2026-04-15T00:35:42.020
CVE-2024-36346,0.000330000,0.101460000,0.34004968258349433,2026-06-09,2026-06-09,CVE-2024-36346,6.0,2026-04-15T00:35:42.020
CVE-2024-36342,0.000400000,0.122680000,0.4004968258349434,2026-06-09,2026-06-09,CVE-2024-36342,8.8,2026-04-15T00:35:42.020
CVE-2024-36331,0.000300000,0.090990000,0.3105161468396357,2026-06-09,2026-06-09,CVE-2024-36331,3.2,2026-04-15T00:35:42.020
CVE-2024-36326,0.000260000,0.077090000,0.25393320452663537,2026-06-09,2026-06-09,CVE-2024-36326,8.4,2026-04-15T00:35:42.020
CVE-2024-21970,0.000270000,0.080030000,0.2779464532155672,2026-06-09,2026-06-09,CVE-2024-21970,4.4,2026-04-15T00:35:42.020
CVE-2024-21947,0.000180000,0.048580000,0.09688103781396633,2026-06-09,2026-06-09,CVE-2024-21947,7.5,2026-04-15T00:35:42.020
CVE-2023-31365,0.000210000,0.059440000,0.14794369307203975,2026-06-09,2026-06-09,CVE-2023-31365,3.9,2026-04-15T00:35:42.020
CVE-2023-31351,0.000200000,0.057910000,0.13055478884902014,2026-06-09,2026-06-09,CVE-2023-31351,5.3,2026-04-15T00:35:42.020
CVE-2023-31330,0.000190000,0.054710000,0.11233784156776153,2026-06-09,2026-06-09,CVE-2023-31330,2.5,2026-04-15T00:35:42.020
CVE-2023-31326,0.000190000,0.052080000,0.11233784156776153,2026-06-09,2026-06-09,CVE-2023-31326,2.8,2026-04-15T00:35:42.020
CVE-2023-31325,0.000210000,0.061630000,0.14794369307203975,2026-06-09,2026-06-09,CVE-2023-31325,7.2,2026-04-15T00:35:42.020
CVE-2023-31322,0.000310000,0.094580000,0.32266077836047474,2026-06-09,2026-06-09,CVE-2023-31322,8.7,2026-04-15T00:35:42.020
CVE-2023-31306,0.000300000,0.089570000,0.3105161468396357,2026-06-09,2026-06-09,CVE-2023-31306,3.3,2026-04-15T00:35:42.020
CVE-2023-20516,0.000360000,0.110940000,0.3654430030361579,2026-06-09,2026-06-09,CVE-2023-20516,3.3,2026-04-15T00:35:42.020
CVE-2021-46750,0.000190000,0.053290000,0.11233784156776153,2026-06-09,2026-06-09,CVE-2021-46750,3.0,2026-04-15T00:35:42.020
CVE-2021-26383,0.000160000,0.040440000,0.054650841843775874,2026-06-09,2026-06-09,CVE-2021-26383,7.9,2026-04-15T00:35:42.020
CVE-2021-26377,0.000190000,0.051890000,0.11233784156776153,2026-06-09,2026-06-09,CVE-2021-26377,4.1,2026-04-15T00:35:42.020
CVE-2025-9114,0.004010000,0.611320000,0.9238200386420093,2026-06-09,2026-06-09,CVE-2025-9114,9.8,2026-04-15T00:35:42.020
CVE-2025-9113,0.010510000,0.779180000,0.9660502346121999,2026-06-09,2026-06-09,CVE-2025-9113,9.8,2026-04-15T00:35:42.020
CVE-2025-9112,0.004350000,0.633040000,0.9290643113441899,2026-06-09,2026-06-09,CVE-2025-9112,8.8,2026-04-15T00:35:42.020
CVE-2025-8085,0.109230000,0.935510000,0.9964118134142975,2026-06-09,2026-06-09,CVE-2025-8085,8.6,2026-02-09T18:19:09.703
CVE-2025-7709,0.000860000,0.247610000,0.7394424510074524,2026-06-09,2026-06-09,CVE-2025-7709,,2026-04-15T00:35:42.020
CVE-2025-5993,0.005890000,0.695700000,0.9478332873309412,2026-06-09,2026-06-09,CVE-2025-5993,,2026-04-15T00:35:42.020
CVE-2025-59033,0.000750000,0.226870000,0.7046646425614131,2026-06-09,2026-06-09,CVE-2025-59033,7.4,2026-04-15T00:35:42.020
CVE-2025-58782,0.005790000,0.692850000,0.9456251725089705,2026-06-09,2026-06-09,CVE-2025-58782,6.5,2025-11-19T16:17:33.997
CVE-2025-58757,0.013930000,0.807540000,0.9721225503726194,2026-06-09,2026-06-09,CVE-2025-58757,8.8,2025-09-19T15:26:11.050
CVE-2025-58756,0.027630000,0.863180000,0.9842671818934584,2026-06-09,2026-06-09,CVE-2025-58756,8.8,2025-09-19T15:26:29.890
CVE-2025-58755,0.002110000,0.436490000,0.8780016560861165,2026-06-09,2026-06-09,CVE-2025-58755,8.8,2025-09-19T15:25:37.963
CVE-2025-58752,0.000270000,0.079940000,0.2779464532155672,2026-06-09,2026-06-09,CVE-2025-58752,5.3,2025-09-17T16:12:20.913
CVE-2025-58751,0.014340000,0.810670000,0.9726745790781121,2026-06-09,2026-06-09,CVE-2025-58751,5.3,2025-09-17T16:21:36.240
CVE-2025-58746,0.000610000,0.193100000,0.6196522219155396,2026-06-09,2026-06-09,CVE-2025-58746,9.0,2026-04-15T00:35:42.020
CVE-2025-58745,0.006630000,0.715990000,0.9528015456803753,2026-06-09,2026-06-09,CVE-2025-58745,8.8,2025-09-17T16:24:10.920
CVE-2025-58454,0.000860000,0.247820000,0.7394424510074524,2026-06-09,2026-06-09,CVE-2025-58454,8.2,2025-09-17T16:29:29.123
CVE-2025-58453,0.000860000,0.247820000,0.7394424510074524,2026-06-09,2026-06-09,CVE-2025-58453,8.2,2025-09-17T16:31:24.797
CVE-2025-58452,0.000590000,0.186870000,0.6003312172232956,2026-06-09,2026-06-09,CVE-2025-58452,6.1,2025-09-17T16:35:57.123
CVE-2025-58451,0.001200000,0.304740000,0.8067899530775601,2026-06-09,2026-06-09,CVE-2025-58451,,2026-04-15T00:35:42.020
CVE-2025-58450,0.000570000,0.180060000,0.5810102125310516,2026-06-09,2026-06-09,CVE-2025-58450,,2026-04-15T00:35:42.020
CVE-2025-58449,0.002010000,0.421020000,0.8730333977366823,2026-06-09,2026-06-09,CVE-2025-58449,,2026-04-15T00:35:42.020
CVE-2025-58444,0.000540000,0.170290000,0.5600331217223296,2026-06-09,2026-06-09,CVE-2025-58444,,2026-04-15T00:35:42.020
CVE-2025-58422,0.000350000,0.105850000,0.35219431410433344,2026-06-09,2026-06-09,CVE-2025-58422,3.1,2026-04-15T00:35:42.020
CVE-2025-58365,0.007490000,0.735220000,0.9558377035605852,2026-06-09,2026-06-09,CVE-2025-58365,,2026-04-15T00:35:42.020
CVE-2025-57817,0.000990000,0.270990000,0.7816726469776428,2026-06-09,2026-06-09,CVE-2025-57817,7.2,2025-09-10T18:41:28.043
CVE-2025-57816,0.000420000,0.132010000,0.4242340601711289,2026-06-09,2026-06-09,CVE-2025-57816,7.5,2025-09-10T18:42:17.857
CVE-2025-57815,0.000740000,0.225040000,0.7008004416229644,2026-06-09,2026-06-09,CVE-2025-57815,6.5,2025-09-10T18:43:41.397
CVE-2025-57766,0.000720000,0.219650000,0.6939000828043058,2026-06-09,2026-06-09,CVE-2025-57766,4.8,2025-09-10T18:44:37.507
CVE-2025-57285,0.033170000,0.875200000,0.9864752967154292,2026-06-09,2026-06-09,CVE-2025-57285,9.8,2025-09-12T20:37:59.793
CVE-2025-57141,0.016910000,0.826060000,0.9757107369583218,2026-06-09,2026-06-09,CVE-2025-57141,9.8,2025-09-12T20:57:24.853
CVE-2025-56630,0.000500000,0.158630000,0.526635385040022,2026-06-09,2026-06-09,CVE-2025-56630,7.3,2025-09-08T20:36:30.930
CVE-2025-56267,0.002850000,0.521490000,0.902566933480541,2026-06-09,2026-06-09,CVE-2025-56267,9.8,2025-09-12T20:42:47.967
CVE-2025-56266,0.065010000,0.912900000,0.9942036985923268,2026-06-09,2026-06-09,CVE-2025-56266,9.8,2025-09-12T20:44:33.150
CVE-2025-56265,0.001470000,0.348040000,0.8410157328181065,2026-06-09,2026-06-09,CVE-2025-56265,8.8,2025-09-12T20:47:21.743
CVE-2025-55998,0.000550000,0.174150000,0.5658294231300027,2026-06-09,2026-06-09,CVE-2025-55998,8.1,2025-09-29T18:15:32.637
CVE-2025-55849,0.000510000,0.161720000,0.5313276290367099,2026-06-09,2026-06-09,CVE-2025-55849,8.4,2025-10-09T18:21:11.407
CVE-2025-54994,0.005070000,0.666770000,0.9367927132210875,2026-06-09,2026-06-09,CVE-2025-54994,,2026-04-15T00:35:42.020
CVE-2025-53838,0.000870000,0.249690000,0.7413745514766767,2026-06-09,2026-06-09,CVE-2025-53838,5.4,2025-10-06T15:02:15.163
CVE-2025-52389,0.000830000,0.242560000,0.730333977366823,2026-06-09,2026-06-09,CVE-2025-52389,8.8,2026-04-15T00:35:42.020
CVE-2025-52288,0.002050000,0.425720000,0.8741374551476677,2026-06-09,2026-06-09,CVE-2025-52288,7.5,2025-10-09T18:19:21.320
CVE-2025-52161,0.001230000,0.309000000,0.8114821970742478,2026-06-09,2026-06-09,CVE-2025-52161,9.8,2025-09-12T21:00:29.540
CVE-2025-51586,0.010300000,0.776980000,0.9657742202594535,2026-06-09,2026-06-09,CVE-2025-51586,3.7,2025-09-12T20:49:23.253
CVE-2025-43763,0.000530000,0.170130000,0.543472260557549,2026-06-09,2026-06-09,CVE-2025-43763,6.5,2025-12-12T20:27:55.020
CVE-2025-43722,0.000200000,0.057940000,0.13055478884902014,2026-06-09,2026-06-09,CVE-2025-43722,6.7,2026-02-20T18:38:47.087
CVE-2025-42912,0.000550000,0.173570000,0.5658294231300027,2026-06-09,2026-06-09,CVE-2025-42912,6.5,2026-04-15T00:35:42.020
CVE-2025-42911,0.000520000,0.165760000,0.5385040022081148,2026-06-09,2026-06-09,CVE-2025-42911,4.3,2025-10-23T12:45:48.857
CVE-2025-41708,0.000930000,0.259540000,0.7615235992271598,2026-06-09,2026-06-09,CVE-2025-41708,7.4,2026-04-15T00:35:42.020
CVE-2025-41682,0.000830000,0.241970000,0.730333977366823,2026-06-09,2026-06-09,CVE-2025-41682,8.8,2026-04-15T00:35:42.020
CVE-2025-41664,0.001300000,0.320540000,0.8186585702456528,2026-06-09,2026-06-09,CVE-2025-41664,7.5,2026-04-15T00:35:42.020
CVE-2025-40930,0.001680000,0.376490000,0.8567485509246481,2026-06-09,2026-06-09,CVE-2025-40930,7.5,2026-04-15T00:35:42.020
CVE-2025-40929,0.000920000,0.258780000,0.75848744134695,2026-06-09,2026-06-09,CVE-2025-40929,5.6,2026-04-15T00:35:42.020
CVE-2025-40928,0.002090000,0.433500000,0.8766215843223848,2026-06-09,2026-06-09,CVE-2025-40928,7.5,2026-04-15T00:35:42.020
CVE-2025-40642,0.007380000,0.732540000,0.9555616892078388,2026-06-09,2026-06-09,CVE-2025-40642,,2026-04-15T00:35:42.020
CVE-2025-40641,0.002580000,0.494060000,0.8970466464256142,2026-06-09,2026-06-09,CVE-2025-40641,,2026-04-15T00:35:42.020
CVE-2025-36855,0.002860000,0.523020000,0.9028429478332873,2026-06-09,2026-06-09,CVE-2025-36855,8.8,2026-04-15T00:35:42.020
CVE-2025-36854,0.003240000,0.557990000,0.9105713497101849,2026-06-09,2026-06-09,CVE-2025-36854,8.1,2026-04-15T00:35:42.020
CVE-2025-36853,0.002380000,0.470650000,0.8906983163124482,2026-06-09,2026-06-09,CVE-2025-36853,7.5,2026-04-15T00:35:42.020
CVE-2025-3212,0.000980000,0.269680000,0.7786364890974331,2026-06-09,2026-06-09,CVE-2025-3212,5.3,2025-12-18T15:42:39.857
CVE-2025-22956,0.001050000,0.280400000,0.7899530775600331,2026-06-09,2026-06-09,CVE-2025-22956,9.8,2026-04-15T00:35:42.020
CVE-2025-1761,0.000520000,0.166670000,0.5385040022081148,2026-06-09,2026-06-09,CVE-2025-1761,7.5,2025-09-17T16:41:04.240
CVE-2025-10121,0.000410000,0.128620000,0.4159536295887386,2026-06-09,2026-06-09,CVE-2025-10121,6.3,2026-04-29T01:00:01.613
CVE-2025-10120,0.005160000,0.670520000,0.9398288711012973,2026-06-09,2026-06-09,CVE-2025-10120,8.8,2025-09-10T16:41:54.140
CVE-2025-10118,0.000900000,0.255160000,0.7526911399392768,2026-06-09,2026-06-09,CVE-2025-10118,9.8,2026-04-29T01:00:01.613
CVE-2025-10117,0.000510000,0.162940000,0.5313276290367099,2026-06-09,2026-06-09,CVE-2025-10117,5.4,2026-04-29T01:00:01.613
CVE-2025-10116,0.000640000,0.199540000,0.6362130830803202,2026-06-09,2026-06-09,CVE-2025-10116,7.3,2026-04-29T01:00:01.613
CVE-2025-10115,0.000440000,0.139000000,0.4609439690863925,2026-06-09,2026-06-09,CVE-2025-10115,7.3,2026-04-29T01:00:01.613
CVE-2025-10114,0.000690000,0.212820000,0.6756831355230472,2026-06-09,2026-06-09,CVE-2025-10114,9.8,2026-04-29T01:00:01.613
CVE-2025-10113,0.000900000,0.255160000,0.7526911399392768,2026-06-09,2026-06-09,CVE-2025-10113,9.8,2026-04-29T01:00:01.613
CVE-2025-10112,0.000650000,0.204380000,0.6433894562517251,2026-06-09,2026-06-09,CVE-2025-10112,9.8,2026-04-29T01:00:01.613
CVE-2025-10111,0.000660000,0.206710000,0.6486337289539056,2026-06-09,2026-06-09,CVE-2025-10111,9.8,2026-04-29T01:00:01.613
CVE-2025-10110,0.000730000,0.222300000,0.6961081976262765,2026-06-09,2026-06-09,CVE-2025-10110,8.8,2026-04-29T01:00:01.613
CVE-2025-10109,0.000660000,0.206710000,0.6486337289539056,2026-06-09,2026-06-09,CVE-2025-10109,9.8,2026-04-29T01:00:01.613
CVE-2025-10108,0.000660000,0.206710000,0.6486337289539056,2026-06-09,2026-06-09,CVE-2025-10108,9.8,2026-04-29T01:00:01.613
CVE-2025-10106,0.000700000,0.216630000,0.6845155948109302,2026-06-09,2026-06-09,CVE-2025-10106,8.8,2026-04-29T01:00:01.613
CVE-2025-10105,0.000700000,0.216630000,0.6845155948109302,2026-06-09,2026-06-09,CVE-2025-10105,8.8,2026-04-29T01:00:01.613
CVE-2025-10104,0.000660000,0.206710000,0.6486337289539056,2026-06-09,2026-06-09,CVE-2025-10104,9.8,2026-04-29T01:00:01.613
CVE-2025-10103,0.000660000,0.206710000,0.6486337289539056,2026-06-09,2026-06-09,CVE-2025-10103,9.8,2026-04-29T01:00:01.613
CVE-2025-10102,0.000660000,0.206710000,0.6486337289539056,2026-06-09,2026-06-09,CVE-2025-10102,9.8,2026-04-29T01:00:01.613
CVE-2025-10100,0.000660000,0.206710000,0.6486337289539056,2026-06-09,2026-06-09,CVE-2025-10100,9.8,2026-04-29T01:00:01.613
CVE-2025-10099,0.000720000,0.219810000,0.6939000828043058,2026-06-09,2026-06-09,CVE-2025-10099,4.8,2026-04-29T01:00:01.613
CVE-2025-10098,0.000640000,0.201400000,0.6362130830803202,2026-06-09,2026-06-09,CVE-2025-10098,8.8,2026-04-29T01:00:01.613
CVE-2025-10097,0.000950000,0.263530000,0.7709080872205355,2026-06-09,2026-06-09,CVE-2025-10097,9.8,2026-03-10T15:08:16.603
CVE-2025-10096,0.000970000,0.266960000,0.7756003312172233,2026-06-09,2026-06-09,CVE-2025-10096,6.5,2026-04-29T01:00:01.613
CVE-2025-10093,0.000930000,0.260250000,0.7615235992271598,2026-06-09,2026-06-09,CVE-2025-10093,7.5,2025-09-29T18:27:40.350
CVE-2025-10092,0.000710000,0.218690000,0.6886558101021253,2026-06-09,2026-06-09,CVE-2025-10092,9.8,2026-04-29T01:00:01.613
CVE-2025-10091,0.000710000,0.218690000,0.6886558101021253,2026-06-09,2026-06-09,CVE-2025-10091,9.8,2026-04-29T01:00:01.613
CVE-2025-10090,0.017340000,0.828360000,0.9762627656638145,2026-06-09,2026-06-09,CVE-2025-10090,9.8,2026-04-29T01:00:01.613
CVE-2025-10088,0.000510000,0.162940000,0.5313276290367099,2026-06-09,2026-06-09,CVE-2025-10088,5.4,2026-04-29T01:00:01.613
CVE-2025-10087,0.000610000,0.191380000,0.6196522219155396,2026-06-09,2026-06-09,CVE-2025-10087,7.2,2026-04-29T01:00:01.613
CVE-2025-10086,0.000610000,0.191930000,0.6196522219155396,2026-06-09,2026-06-09,CVE-2025-10086,6.3,2026-04-29T01:00:01.613
CVE-2025-10085,0.000980000,0.269400000,0.7786364890974331,2026-06-09,2026-06-09,CVE-2025-10085,8.8,2026-04-29T01:00:01.613
CVE-2025-10084,0.000420000,0.132500000,0.4242340601711289,2026-06-09,2026-06-09,CVE-2025-10084,4.3,2026-04-29T01:00:01.613
CVE-2025-10083,0.001220000,0.307610000,0.8087220535467844,2026-06-09,2026-06-09,CVE-2025-10083,8.8,2026-04-29T01:00:01.613
CVE-2025-10082,0.000660000,0.206710000,0.6486337289539056,2026-06-09,2026-06-09,CVE-2025-10082,9.8,2026-04-29T01:00:01.613
CVE-2025-10081,0.001110000,0.290150000,0.7976814794369307,2026-06-09,2026-06-09,CVE-2025-10081,7.2,2026-04-29T01:00:01.613
CVE-2025-10080,0.000450000,0.141000000,0.46839635661054374,2026-06-09,2026-06-09,CVE-2025-10080,3.1,2026-04-29T01:00:01.613
CVE-2024-48341,0.000350000,0.108110000,0.35219431410433344,2026-06-09,2026-06-09,CVE-2024-48341,3.7,2025-09-18T15:42:05.877
CVE-2022-50238,0.001160000,0.299530000,0.8026497377863648,2026-06-09,2026-06-09,CVE-2022-50238,7.4,2026-04-15T00:35:42.020
CVE-2019-25225,0.000800000,0.235340000,0.7215015180789401,2026-06-09,2026-06-09,CVE-2019-25225,6.1,2025-09-19T15:18:42.913
CVE-2014-125128,0.000800000,0.235340000,0.7215015180789401,2026-06-09,2026-06-09,CVE-2014-125128,6.1,2025-09-19T15:14:35.680
CVE-2025-9994,0.000880000,0.250460000,0.7449627380623792,2026-06-09,2026-06-09,CVE-2025-9994,9.8,2026-04-15T00:35:42.020
CVE-2025-9951,0.007780000,0.740460000,0.9574937896770632,2026-06-09,2026-06-09,CVE-2025-9951,,2026-04-15T00:35:42.020
CVE-2025-9872,0.025840000,0.858740000,0.9834391388352194,2026-06-09,2026-06-09,CVE-2025-9872,8.8,2025-10-10T19:24:34.123
CVE-2025-9712,0.028010000,0.864080000,0.9848192105989512,2026-06-09,2026-06-09,CVE-2025-9712,8.8,2025-10-10T19:25:42.520
CVE-2025-9542,0.000620000,0.195160000,0.6254485233232128,2026-06-09,2026-06-09,CVE-2025-9542,5.4,2026-04-15T00:35:42.020
CVE-2025-9539,0.002870000,0.524850000,0.90339497653878,2026-06-09,2026-06-09,CVE-2025-9539,8.0,2026-04-15T00:35:42.020
CVE-2025-9489,0.001080000,0.285080000,0.7935412641457356,2026-06-09,2026-06-09,CVE-2025-9489,5.0,2026-04-15T00:35:42.020
CVE-2025-9364,0.000300000,0.091000000,0.3105161468396357,2026-06-09,2026-06-09,CVE-2025-9364,8.8,2025-09-10T14:09:05.267
CVE-2025-9166,0.001710000,0.381240000,0.8578526083356335,2026-06-09,2026-06-09,CVE-2025-9166,7.5,2025-10-20T19:05:29.813
CVE-2025-9161,0.001790000,0.392610000,0.863924924096053,2026-06-09,2026-06-09,CVE-2025-9161,8.8,2025-10-20T19:11:17.067
CVE-2025-9160,0.000420000,0.130980000,0.4242340601711289,2026-06-09,2026-06-09,CVE-2025-9160,,2026-04-15T00:35:42.020
CVE-2025-9111,0.000820000,0.241390000,0.7267457907811207,2026-06-09,2026-06-09,CVE-2025-9111,3.5,2025-11-13T21:15:55.120
CVE-2025-9065,0.000460000,0.144940000,0.4739166436654706,2026-06-09,2026-06-09,CVE-2025-9065,8.8,2025-10-20T19:17:27.270
CVE-2025-9061,0.000490000,0.157310000,0.5208390836323489,2026-06-09,2026-06-09,CVE-2025-9061,6.4,2026-04-15T00:35:42.020
CVE-2025-9058,0.000490000,0.157310000,0.5208390836323489,2026-06-09,2026-06-09,CVE-2025-9058,6.4,2026-04-15T00:35:42.020
CVE-2025-8889,0.000840000,0.244270000,0.7347502070107645,2026-06-09,2026-06-09,CVE-2025-8889,3.8,2026-01-30T20:38:51.963
CVE-2025-8712,0.008920000,0.759700000,0.9608059619100193,2026-06-09,2026-06-09,CVE-2025-8712,5.4,2025-09-24T19:56:42.603
CVE-2025-8711,0.001010000,0.273670000,0.7860888766215843,2026-06-09,2026-06-09,CVE-2025-8711,5.4,2025-09-24T19:58:44.190
CVE-2025-8277,0.000810000,0.238700000,0.7242616616064035,2026-06-09,2026-06-09,CVE-2025-8277,3.1,2026-05-19T14:16:29.150
CVE-2025-8008,0.000550000,0.174130000,0.5658294231300027,2026-06-09,2026-06-09,CVE-2025-8008,6.5,2025-09-17T15:42:27.340
CVE-2025-8007,0.000720000,0.220210000,0.6939000828043058,2026-06-09,2026-06-09,CVE-2025-8007,6.5,2025-09-17T15:47:58.823
CVE-2025-7970,0.000910000,0.257060000,0.7548992547612476,2026-06-09,2026-06-09,CVE-2025-7970,7.5,2025-09-17T15:59:35.430
CVE-2025-7350,0.006480000,0.712110000,0.95169748826939,2026-06-09,2026-06-09,CVE-2025-7350,,2026-04-15T00:35:42.020
CVE-2025-59019,0.000780000,0.231550000,0.7162572453767596,2026-06-09,2026-06-09,CVE-2025-59019,4.3,2025-09-26T14:09:51.020
CVE-2025-59018,0.000920000,0.257380000,0.75848744134695,2026-06-09,2026-06-09,CVE-2025-59018,6.5,2025-09-26T14:08:37.780
CVE-2025-59017,0.001000000,0.271910000,0.7838807617996136,2026-06-09,2026-06-09,CVE-2025-59017,8.8,2025-09-10T13:44:43.430
CVE-2025-59016,0.000780000,0.231550000,0.7162572453767596,2026-06-09,2026-06-09,CVE-2025-59016,4.3,2025-09-10T13:43:46.577
CVE-2025-59015,0.000620000,0.194990000,0.6254485233232128,2026-06-09,2026-06-09,CVE-2025-59015,6.5,2025-09-10T13:42:59.310
CVE-2025-59014,0.000350000,0.108010000,0.35219431410433344,2026-06-09,2026-06-09,CVE-2025-59014,2.7,2025-09-10T13:40:09.090
CVE-2025-59013,0.000500000,0.158710000,0.526635385040022,2026-06-09,2026-06-09,CVE-2025-59013,6.1,2025-09-10T13:38:40.473
CVE-2025-55148,0.027760000,0.863450000,0.9845431962462048,2026-06-09,2026-06-09,CVE-2025-55148,7.6,2025-09-24T19:58:37.017
CVE-2025-55147,0.003510000,0.578220000,0.9152635937068727,2026-06-09,2026-06-09,CVE-2025-55147,8.8,2025-09-24T19:58:28.357
CVE-2025-55146,0.010210000,0.776120000,0.9649461772012145,2026-06-09,2026-06-09,CVE-2025-55146,4.9,2025-09-24T19:58:20.130
CVE-2025-55145,0.005690000,0.689840000,0.9450731438034777,2026-06-09,2026-06-09,CVE-2025-55145,8.9,2025-09-24T19:58:03.083
CVE-2025-55144,0.014920000,0.814330000,0.9735026221363511,2026-06-09,2026-06-09,CVE-2025-55144,5.4,2025-09-24T19:57:29.287
CVE-2025-55143,0.000260000,0.077950000,0.25393320452663537,2026-06-09,2026-06-09,CVE-2025-55143,6.1,2025-09-24T19:57:14.347
CVE-2025-55142,0.038430000,0.884270000,0.9867513110681756,2026-06-09,2026-06-09,CVE-2025-55142,8.8,2025-09-24T19:56:55.957
CVE-2025-55141,0.038430000,0.884270000,0.9867513110681756,2026-06-09,2026-06-09,CVE-2025-55141,8.8,2025-09-24T19:50:26.923
CVE-2025-55139,0.007690000,0.739120000,0.9566657466188242,2026-06-09,2026-06-09,CVE-2025-55139,6.8,2025-09-24T19:50:14.403
CVE-2025-54236,0.721520000,0.987690000,0.9994479712945074,2026-06-09,2026-06-09,CVE-2025-54236,9.1,2026-05-12T22:00:01.607
CVE-2025-53609,0.001370000,0.333730000,0.8263869721225504,2026-06-09,2026-06-09,CVE-2025-53609,4.9,2025-09-10T15:14:32.080
CVE-2025-52915,0.000830000,0.243010000,0.730333977366823,2026-06-09,2026-06-09,CVE-2025-52915,7.2,2026-04-15T00:35:42.020
CVE-2025-52322,0.003380000,0.568690000,0.9127794645321556,2026-06-09,2026-06-09,CVE-2025-52322,7.5,2025-10-17T20:19:05.930
CVE-2025-52277,0.001560000,0.361640000,0.8492961634004969,2026-06-09,2026-06-09,CVE-2025-52277,6.1,2025-10-17T20:26:28.360
CVE-2025-48208,0.001160000,0.299590000,0.8026497377863648,2026-06-09,2026-06-09,CVE-2025-48208,8.8,2025-11-04T22:16:16.633
CVE-2025-47695,0.001760000,0.388860000,0.8606127518630969,2026-06-09,2026-06-09,CVE-2025-47695,7.5,2026-04-23T15:30:45.733
CVE-2025-47694,0.000470000,0.149160000,0.48330113165884625,2026-06-09,2026-06-09,CVE-2025-47694,7.1,2026-04-23T15:30:45.620
CVE-2025-47579,0.001040000,0.278340000,0.7885730057963014,2026-06-09,2026-06-09,CVE-2025-47579,8.1,2026-04-23T15:30:32.240
CVE-2025-47571,0.001440000,0.344480000,0.8357714601159261,2026-06-09,2026-06-09,CVE-2025-47571,7.5,2026-04-23T15:30:30.570
CVE-2025-47570,0.000470000,0.149160000,0.48330113165884625,2026-06-09,2026-06-09,CVE-2025-47570,7.1,2026-04-23T15:30:30.437
CVE-2025-47569,0.000590000,0.186650000,0.6003312172232956,2026-06-09,2026-06-09,CVE-2025-47569,9.3,2026-04-23T15:30:30.320
CVE-2025-47437,0.000520000,0.165760000,0.5385040022081148,2026-06-09,2026-06-09,CVE-2025-47437,6.4,2026-04-23T15:30:12.877
CVE-2025-47416,0.001570000,0.362090000,0.8501242064587359,2026-06-09,2026-06-09,CVE-2025-47416,,2026-04-15T00:35:42.020
CVE-2025-43778,0.000440000,0.139750000,0.4609439690863925,2026-06-09,2026-06-09,CVE-2025-43778,6.1,2025-12-12T20:28:13.700
CVE-2025-43777,0.000710000,0.218880000,0.6886558101021253,2026-06-09,2026-06-09,CVE-2025-43777,5.3,2025-12-12T20:29:25.130
CVE-2025-43776,0.000440000,0.138410000,0.4609439690863925,2026-06-09,2026-06-09,CVE-2025-43776,5.4,2025-12-16T16:12:02.497
CVE-2025-42958,0.000930000,0.259990000,0.7615235992271598,2026-06-09,2026-06-09,CVE-2025-42958,9.1,2026-04-15T00:35:42.020
CVE-2025-42944,0.004160000,0.620510000,0.9249240960529947,2026-06-09,2026-06-09,CVE-2025-42944,10.0,2026-04-15T00:35:42.020
CVE-2025-42938,0.002170000,0.443370000,0.8821418713773116,2026-06-09,2026-06-09,CVE-2025-42938,6.1,2026-04-15T00:35:42.020
CVE-2025-42933,0.000560000,0.178440000,0.5752139111233784,2026-06-09,2026-06-09,CVE-2025-42933,8.8,2026-04-15T00:35:42.020
CVE-2025-42930,0.001160000,0.298560000,0.8026497377863648,2026-06-09,2026-06-09,CVE-2025-42930,6.5,2026-04-15T00:35:42.020
CVE-2025-42929,0.000460000,0.145180000,0.4739166436654706,2026-06-09,2026-06-09,CVE-2025-42929,8.1,2026-04-15T00:35:42.020
CVE-2025-42927,0.000250000,0.075970000,0.22964394148495723,2026-06-09,2026-06-09,CVE-2025-42927,3.4,2026-04-15T00:35:42.020
CVE-2025-42926,0.000940000,0.261470000,0.768147943693072,2026-06-09,2026-06-09,CVE-2025-42926,5.3,2025-10-23T12:43:32.437
CVE-2025-42925,0.000620000,0.195350000,0.6254485233232128,2026-06-09,2026-06-09,CVE-2025-42925,4.3,2026-04-15T00:35:42.020
CVE-2025-42923,0.000320000,0.098830000,0.33038918023737235,2026-06-09,2026-06-09,CVE-2025-42923,4.3,2026-04-15T00:35:42.020
CVE-2025-42922,0.001450000,0.345430000,0.8365995031741651,2026-06-09,2026-06-09,CVE-2025-42922,9.9,2026-04-15T00:35:42.020
CVE-2025-42920,0.003870000,0.602020000,0.9213359094672923,2026-06-09,2026-06-09,CVE-2025-42920,6.1,2025-10-24T14:50:48.223
CVE-2025-42918,0.000520000,0.165760000,0.5385040022081148,2026-06-09,2026-06-09,CVE-2025-42918,4.3,2025-10-23T12:44:38.700
CVE-2025-42917,0.000550000,0.173570000,0.5658294231300027,2026-06-09,2026-06-09,CVE-2025-42917,6.5,2026-04-15T00:35:42.020
CVE-2025-42916,0.000460000,0.145180000,0.4739166436654706,2026-06-09,2026-06-09,CVE-2025-42916,8.1,2026-04-15T00:35:42.020
CVE-2025-42915,0.000520000,0.165760000,0.5385040022081148,2026-06-09,2026-06-09,CVE-2025-42915,5.4,2026-04-15T00:35:42.020
CVE-2025-42914,0.000410000,0.127790000,0.4159536295887386,2026-06-09,2026-06-09,CVE-2025-42914,3.1,2026-04-15T00:35:42.020
CVE-2025-42913,0.000410000,0.127790000,0.4159536295887386,2026-06-09,2026-06-09,CVE-2025-42913,3.1,2026-04-15T00:35:42.020
CVE-2025-41701,0.000710000,0.217650000,0.6886558101021253,2026-06-09,2026-06-09,CVE-2025-41701,7.8,2026-04-15T00:35:42.020
CVE-2025-40804,0.000520000,0.165470000,0.5385040022081148,2026-06-09,2026-06-09,CVE-2025-40804,9.1,2026-04-15T00:35:42.020
CVE-2025-40803,0.000390000,0.118820000,0.388076179961358,2026-06-09,2026-06-09,CVE-2025-40803,3.1,2025-10-03T19:36:39.793
CVE-2025-40802,0.000300000,0.090200000,0.3105161468396357,2026-06-09,2026-06-09,CVE-2025-40802,4.3,2025-10-03T19:37:59.347
CVE-2025-40798,0.001540000,0.358220000,0.847088048578526,2026-06-09,2026-06-09,CVE-2025-40798,7.5,2026-06-09T10:16:35.687
CVE-2025-40797,0.001540000,0.358220000,0.847088048578526,2026-06-09,2026-06-09,CVE-2025-40797,7.5,2026-06-09T10:16:35.570
CVE-2025-40796,0.001540000,0.358220000,0.847088048578526,2026-06-09,2026-06-09,CVE-2025-40796,7.5,2026-06-09T10:16:35.450
CVE-2025-40795,0.003740000,0.594270000,0.9177477228815898,2026-06-09,2026-06-09,CVE-2025-40795,9.8,2026-06-09T10:16:35.297
CVE-2025-40757,0.000660000,0.205780000,0.6486337289539056,2026-06-09,2026-06-09,CVE-2025-40757,5.3,2026-04-15T00:35:42.020
CVE-2025-40594,0.000430000,0.136420000,0.44714325144907535,2026-06-09,2026-06-09,CVE-2025-40594,9.8,2026-03-10T18:17:54.193
CVE-2025-39553,0.000580000,0.185140000,0.5873585426442175,2026-06-09,2026-06-09,CVE-2025-39553,4.3,2026-04-23T15:29:46.720
CVE-2025-39541,0.000640000,0.201500000,0.6362130830803202,2026-06-09,2026-06-09,CVE-2025-39541,6.5,2026-04-23T15:29:45.347
CVE-2025-39523,0.000640000,0.200290000,0.6362130830803202,2026-06-09,2026-06-09,CVE-2025-39523,4.7,2026-04-23T15:29:43.447
CVE-2025-33045,0.000270000,0.080010000,0.2779464532155672,2026-06-09,2026-06-09,CVE-2025-33045,6.7,2025-10-02T14:12:42.347
CVE-2025-32689,0.000910000,0.256650000,0.7548992547612476,2026-06-09,2026-06-09,CVE-2025-32689,7.5,2026-04-29T10:16:46.417
CVE-2025-32688,0.000730000,0.222530000,0.6961081976262765,2026-06-09,2026-06-09,CVE-2025-32688,5.4,2026-04-23T15:29:21.253
CVE-2025-32486,0.000970000,0.266150000,0.7756003312172233,2026-06-09,2026-06-09,CVE-2025-32486,9.8,2026-04-23T15:28:58.213
CVE-2025-30875,0.001450000,0.345590000,0.8365995031741651,2026-06-09,2026-06-09,CVE-2025-30875,5.9,2026-04-23T15:27:14.433
CVE-2025-24404,0.001020000,0.274670000,0.7863648909743307,2026-06-09,2026-06-09,CVE-2025-24404,8.8,2025-11-04T22:16:07.513
CVE-2025-10183,0.001270000,0.316220000,0.814794369307204,2026-06-09,2026-06-09,CVE-2025-10183,9.1,2026-04-15T00:35:42.020
CVE-2025-10134,0.009060000,0.761660000,0.9619100193210047,2026-06-09,2026-06-09,CVE-2025-10134,9.1,2026-04-15T00:35:42.020
CVE-2025-10123,0.006790000,0.720090000,0.9530775600331217,2026-06-09,2026-06-09,CVE-2025-10123,9.8,2026-04-29T01:00:01.613
CVE-2025-10122,0.000600000,0.188700000,0.6055754899254762,2026-06-09,2026-06-09,CVE-2025-10122,7.2,2026-04-29T01:00:01.613
CVE-2025-10107,0.002250000,0.453910000,0.8860060723157605,2026-06-09,2026-06-09,CVE-2025-10107,4.7,2026-04-29T01:00:01.613
CVE-2025-10095,0.000370000,0.114070000,0.3734474192658018,2026-06-09,2026-06-09,CVE-2025-10095,,2026-04-15T00:35:42.020
CVE-2024-45325,0.000370000,0.112280000,0.3734474192658018,2026-06-09,2026-06-09,CVE-2024-45325,6.7,2025-09-10T15:11:07.573
CVE-2025-57061,0.001390000,0.337850000,0.8294231300027601,2026-06-09,2026-06-09,CVE-2025-57061,7.5,2025-09-15T18:14:31.390
CVE-2025-57059,0.001390000,0.337850000,0.8294231300027601,2026-06-09,2026-06-09,CVE-2025-57059,7.5,2025-09-15T18:14:18.027
CVE-2025-57058,0.001390000,0.337850000,0.8294231300027601,2026-06-09,2026-06-09,CVE-2025-57058,7.5,2025-09-15T18:14:03.890
CVE-2025-57057,0.001390000,0.337850000,0.8294231300027601,2026-06-09,2026-06-09,CVE-2025-57057,7.5,2025-09-15T18:13:34.697
CVE-2025-55317,0.004620000,0.645590000,0.931548440518907,2026-06-09,2026-06-09,CVE-2025-55317,7.8,2025-09-12T14:51:32.717
CVE-2025-55316,0.006220000,0.705260000,0.9497653878001656,2026-06-09,2026-06-09,CVE-2025-55316,7.8,2025-09-12T14:50:22.087
CVE-2025-55245,0.004620000,0.645590000,0.931548440518907,2026-06-09,2026-06-09,CVE-2025-55245,7.8,2025-09-12T14:48:41.690
CVE-2025-55243,0.015500000,0.817860000,0.9740546508418437,2026-06-09,2026-06-09,CVE-2025-55243,7.5,2025-10-02T18:04:11.613
CVE-2025-55236,0.001830000,0.398730000,0.8664090532707701,2026-06-09,2026-06-09,CVE-2025-55236,7.8,2025-09-12T14:47:55.667
CVE-2025-55234,0.009720000,0.770290000,0.9641181341429754,2026-06-09,2026-06-09,CVE-2025-55234,9.8,2025-10-17T16:15:37.910
CVE-2025-55232,0.064550000,0.912560000,0.9939276842395804,2026-06-09,2026-06-09,CVE-2025-55232,9.8,2025-12-19T14:47:09.780
CVE-2025-55228,0.000980000,0.268790000,0.7786364890974331,2026-06-09,2026-06-09,CVE-2025-55228,7.8,2025-10-02T14:52:37.270
CVE-2025-55227,0.008720000,0.756100000,0.9599779188517803,2026-06-09,2026-06-09,CVE-2025-55227,8.8,2025-09-12T16:57:17.750
CVE-2025-55226,0.000490000,0.154940000,0.5208390836323489,2026-06-09,2026-06-09,CVE-2025-55226,6.7,2025-09-12T14:54:20.230
CVE-2025-55225,0.005270000,0.674200000,0.941208942865029,2026-06-09,2026-06-09,CVE-2025-55225,6.5,2025-09-12T14:53:59.267
CVE-2025-55224,0.000980000,0.268790000,0.7786364890974331,2026-06-09,2026-06-09,CVE-2025-55224,7.8,2025-09-12T14:53:22.403
CVE-2025-55223,0.000980000,0.268790000,0.7786364890974331,2026-06-09,2026-06-09,CVE-2025-55223,7.0,2025-09-12T14:52:42.357
CVE-2025-54919,0.001030000,0.276280000,0.7880209770908088,2026-06-09,2026-06-09,CVE-2025-54919,7.5,2025-09-12T16:56:56.560
CVE-2025-54918,0.009160000,0.763290000,0.9624620480264974,2026-06-09,2026-06-09,CVE-2025-54918,8.8,2025-10-02T14:52:16.013
CVE-2025-54917,0.003440000,0.572840000,0.913883521943141,2026-06-09,2026-06-09,CVE-2025-54917,4.3,2025-10-02T14:51:59.930
CVE-2025-54916,0.004490000,0.639680000,0.9309964118134143,2026-06-09,2026-06-09,CVE-2025-54916,7.8,2025-10-02T14:47:59.050
CVE-2025-54915,0.004170000,0.621450000,0.9254761247584874,2026-06-09,2026-06-09,CVE-2025-54915,6.7,2025-10-02T14:47:43.120
CVE-2025-54913,0.000980000,0.268790000,0.7786364890974331,2026-06-09,2026-06-09,CVE-2025-54913,7.8,2025-10-02T14:41:09.277
CVE-2025-54912,0.002900000,0.527200000,0.9044990339497654,2026-06-09,2026-06-09,CVE-2025-54912,7.8,2025-10-02T14:40:53.743
CVE-2025-54911,0.002060000,0.426830000,0.8746894838531604,2026-06-09,2026-06-09,CVE-2025-54911,7.3,2025-09-15T18:02:12.710
CVE-2025-54910,0.003840000,0.600130000,0.9207838807617996,2026-06-09,2026-06-09,CVE-2025-54910,8.4,2025-09-12T16:54:37.893
CVE-2025-54908,0.002070000,0.431460000,0.8749654982059067,2026-06-09,2026-06-09,CVE-2025-54908,7.8,2025-09-12T16:54:17.017
CVE-2025-54907,0.002070000,0.431460000,0.8749654982059067,2026-06-09,2026-06-09,CVE-2025-54907,7.8,2025-09-12T16:53:41.900
CVE-2025-54906,0.004390000,0.635230000,0.9298923544024289,2026-06-09,2026-06-09,CVE-2025-54906,7.8,2025-09-12T16:50:22.293
CVE-2025-54905,0.002260000,0.454290000,0.8865581010212531,2026-06-09,2026-06-09,CVE-2025-54905,7.1,2025-09-12T16:52:24.250
CVE-2025-54904,0.002720000,0.508670000,0.8989787468948385,2026-06-09,2026-06-09,CVE-2025-54904,7.8,2025-09-12T16:52:07.960
CVE-2025-54903,0.002720000,0.508670000,0.8989787468948385,2026-06-09,2026-06-09,CVE-2025-54903,7.8,2025-09-12T16:51:16.900
CVE-2025-54902,0.002720000,0.508670000,0.8989787468948385,2026-06-09,2026-06-09,CVE-2025-54902,7.8,2025-10-01T20:29:54.223
CVE-2025-54901,0.002700000,0.506640000,0.8987027325420922,2026-06-09,2026-06-09,CVE-2025-54901,5.5,2025-10-01T20:30:15.710
CVE-2025-54900,0.002720000,0.508670000,0.8989787468948385,2026-06-09,2026-06-09,CVE-2025-54900,7.8,2025-09-12T16:50:48.290
CVE-2025-54899,0.002720000,0.508670000,0.8989787468948385,2026-06-09,2026-06-09,CVE-2025-54899,7.8,2025-09-12T16:44:23.027
CVE-2025-54898,0.002720000,0.508670000,0.8989787468948385,2026-06-09,2026-06-09,CVE-2025-54898,7.8,2025-09-12T16:44:51.287
CVE-2025-54897,0.318500000,0.969140000,0.9975158708252829,2026-06-09,2026-06-09,CVE-2025-54897,8.8,2025-09-12T16:45:25.173
CVE-2025-54896,0.002720000,0.508670000,0.8989787468948385,2026-06-09,2026-06-09,CVE-2025-54896,7.8,2025-09-12T16:45:48.937
CVE-2025-54895,0.002400000,0.472630000,0.892906431134419,2026-06-09,2026-06-09,CVE-2025-54895,7.8,2025-10-02T18:03:20.903
CVE-2025-54894,0.003800000,0.598470000,0.9191277946453216,2026-06-09,2026-06-09,CVE-2025-54894,7.8,2025-10-02T18:03:12.120
CVE-2025-54709,0.001780000,0.391040000,0.862268837979575,2026-06-09,2026-06-09,CVE-2025-54709,8.1,2026-04-28T19:33:50.770
CVE-2025-54261,0.051930000,0.901180000,0.991995583770356,2026-06-09,2026-06-09,CVE-2025-54261,10.0,2025-10-03T12:34:44.777
CVE-2025-54252,0.000450000,0.141460000,0.46839635661054374,2026-06-09,2026-06-09,CVE-2025-54252,5.4,2025-09-12T14:14:17.757
CVE-2025-54251,0.094230000,0.929610000,0.9955837703560585,2026-06-09,2026-06-09,CVE-2025-54251,4.3,2025-10-02T14:43:16.193
CVE-2025-54250,0.006590000,0.715010000,0.9525255313276291,2026-06-09,2026-06-09,CVE-2025-54250,4.9,2025-09-12T14:22:03.050
CVE-2025-54249,0.056010000,0.905020000,0.9925476124758488,2026-06-09,2026-06-09,CVE-2025-54249,6.5,2025-09-12T14:21:46.463
CVE-2025-54248,0.002320000,0.462090000,0.8887662158432238,2026-06-09,2026-06-09,CVE-2025-54248,7.7,2025-09-12T14:21:57.403
CVE-2025-54247,0.003800000,0.598260000,0.9191277946453216,2026-06-09,2026-06-09,CVE-2025-54247,6.5,2025-09-12T14:21:33.017
CVE-2025-54246,0.000820000,0.241200000,0.7267457907811207,2026-06-09,2026-06-09,CVE-2025-54246,6.5,2025-09-12T14:21:20.777
CVE-2025-54116,0.002540000,0.489830000,0.8951145459563897,2026-06-09,2026-06-09,CVE-2025-54116,7.3,2025-10-02T18:03:02.620
CVE-2025-54115,0.003790000,0.597550000,0.9185757659398289,2026-06-09,2026-06-09,CVE-2025-54115,7.0,2025-11-11T15:15:36.177
CVE-2025-54114,0.001280000,0.317790000,0.815622412365443,2026-06-09,2026-06-09,CVE-2025-54114,7.0,2025-11-21T19:15:54.303
CVE-2025-54113,0.003440000,0.573080000,0.913883521943141,2026-06-09,2026-06-09,CVE-2025-54113,8.8,2025-10-01T20:29:39.270
CVE-2025-54112,0.001660000,0.374180000,0.85509246480817,2026-06-09,2026-06-09,CVE-2025-54112,7.0,2025-10-01T20:17:04.217
CVE-2025-54111,0.001660000,0.374180000,0.85509246480817,2026-06-09,2026-06-09,CVE-2025-54111,7.8,2025-10-01T20:00:39.310
CVE-2025-54110,0.003890000,0.603380000,0.9221639525255313,2026-06-09,2026-06-09,CVE-2025-54110,8.8,2025-10-01T19:56:19.163
CVE-2025-54109,0.005470000,0.682890000,0.942865028981507,2026-06-09,2026-06-09,CVE-2025-54109,6.7,2025-10-02T14:36:32.837
CVE-2025-54108,0.001280000,0.317790000,0.815622412365443,2026-06-09,2026-06-09,CVE-2025-54108,7.0,2025-10-02T14:36:24.210
CVE-2025-54107,0.004480000,0.639300000,0.9307203974606679,2026-06-09,2026-06-09,CVE-2025-54107,4.3,2025-10-02T16:33:56.073
CVE-2025-54106,0.004330000,0.630850000,0.9287882969914436,2026-06-09,2026-06-09,CVE-2025-54106,8.8,2025-10-02T16:32:57.737
CVE-2025-54105,0.001280000,0.317790000,0.815622412365443,2026-06-09,2026-06-09,CVE-2025-54105,7.0,2025-10-02T16:28:07.697
CVE-2025-54104,0.005470000,0.682890000,0.942865028981507,2026-06-09,2026-06-09,CVE-2025-54104,6.7,2025-10-02T16:27:57.370
CVE-2025-54103,0.001670000,0.376120000,0.8564725365719017,2026-06-09,2026-06-09,CVE-2025-54103,7.4,2025-10-02T17:10:58.520
CVE-2025-54102,0.003800000,0.598470000,0.9191277946453216,2026-06-09,2026-06-09,CVE-2025-54102,7.8,2025-10-02T15:01:04.387
CVE-2025-54101,0.004870000,0.658130000,0.934860612751863,2026-06-09,2026-06-09,CVE-2025-54101,4.8,2025-10-17T16:15:37.743
CVE-2025-54099,0.001660000,0.374180000,0.85509246480817,2026-06-09,2026-06-09,CVE-2025-54099,7.0,2025-10-02T16:56:33.693
CVE-2025-54098,0.005070000,0.666590000,0.9367927132210875,2026-06-09,2026-06-09,CVE-2025-54098,7.8,2025-10-02T16:56:20.283
CVE-2025-54097,0.005090000,0.667310000,0.9373447419265801,2026-06-09,2026-06-09,CVE-2025-54097,6.5,2025-10-02T16:37:25.310
CVE-2025-54096,0.005090000,0.667310000,0.9373447419265801,2026-06-09,2026-06-09,CVE-2025-54096,6.5,2025-10-02T16:36:31.197
CVE-2025-54095,0.004690000,0.649300000,0.933204526635385,2026-06-09,2026-06-09,CVE-2025-54095,6.5,2025-10-02T16:36:20.910
CVE-2025-54094,0.005470000,0.682890000,0.942865028981507,2026-06-09,2026-06-09,CVE-2025-54094,6.7,2025-10-02T17:12:34.027
CVE-2025-54093,0.001750000,0.386920000,0.8595086944521115,2026-06-09,2026-06-09,CVE-2025-54093,7.0,2025-10-02T17:12:22.567
CVE-2025-54092,0.002950000,0.530700000,0.9067071487717361,2026-06-09,2026-06-09,CVE-2025-54092,7.8,2025-10-02T17:11:58.067
CVE-2025-54091,0.005220000,0.672730000,0.9409329285122826,2026-06-09,2026-06-09,CVE-2025-54091,7.8,2025-10-02T17:11:46.033
CVE-2025-53810,0.005470000,0.682890000,0.942865028981507,2026-06-09,2026-06-09,CVE-2025-53810,6.7,2025-10-02T17:11:37.260
CVE-2025-53809,0.018580000,0.834190000,0.9770908087220536,2026-06-09,2026-06-09,CVE-2025-53809,6.5,2025-09-22T17:12:18.433
CVE-2025-53808,0.005470000,0.682890000,0.942865028981507,2026-06-09,2026-06-09,CVE-2025-53808,6.7,2025-10-02T17:52:33.157
CVE-2025-53807,0.001280000,0.317790000,0.815622412365443,2026-06-09,2026-06-09,CVE-2025-53807,7.0,2025-10-02T18:10:17.003
CVE-2025-53806,0.005090000,0.667310000,0.9373447419265801,2026-06-09,2026-06-09,CVE-2025-53806,6.5,2025-10-02T18:10:07.060
CVE-2025-53805,0.009340000,0.765630000,0.9627380623792438,2026-06-09,2026-06-09,CVE-2025-53805,7.5,2025-10-02T18:09:53.577
CVE-2025-53804,0.006360000,0.708860000,0.950869445211151,2026-06-09,2026-06-09,CVE-2025-53804,5.5,2025-10-02T18:09:39.647
CVE-2025-53803,0.006360000,0.708860000,0.950869445211151,2026-06-09,2026-06-09,CVE-2025-53803,5.5,2025-10-02T18:09:31.773
CVE-2025-53802,0.001660000,0.374180000,0.85509246480817,2026-06-09,2026-06-09,CVE-2025-53802,7.0,2025-10-02T18:54:11.783
CVE-2025-53801,0.003800000,0.598470000,0.9191277946453216,2026-06-09,2026-06-09,CVE-2025-53801,7.8,2025-10-02T18:54:02.340
CVE-2025-53800,0.005920000,0.696710000,0.9481093016836876,2026-06-09,2026-06-09,CVE-2025-53800,7.8,2025-10-02T18:50:51.397
CVE-2025-53799,0.003190000,0.552560000,0.9091912779464533,2026-06-09,2026-06-09,CVE-2025-53799,5.5,2026-05-22T14:49:53.277
CVE-2025-53798,0.004690000,0.649300000,0.933204526635385,2026-06-09,2026-06-09,CVE-2025-53798,6.5,2025-10-02T18:50:29.157
CVE-2025-53797,0.004690000,0.649300000,0.933204526635385,2026-06-09,2026-06-09,CVE-2025-53797,6.5,2025-10-02T18:45:20.750
CVE-2025-53796,0.005090000,0.667310000,0.9373447419265801,2026-06-09,2026-06-09,CVE-2025-53796,6.5,2025-10-02T18:45:13.933
CVE-2025-53348,0.000580000,0.183880000,0.5873585426442175,2026-06-09,2026-06-09,CVE-2025-53348,5.3,2026-04-29T10:16:49.740
CVE-2025-53340,0.000580000,0.185100000,0.5873585426442175,2026-06-09,2026-06-09,CVE-2025-53340,5.3,2026-04-23T15:32:31.417
CVE-2025-53303,0.001610000,0.367710000,0.853436378691692,2026-06-09,2026-06-09,CVE-2025-53303,8.8,2026-04-23T15:32:27.390
CVE-2025-53291,0.000710000,0.217850000,0.6886558101021253,2026-06-09,2026-06-09,CVE-2025-53291,5.4,2026-04-23T15:32:26.207
CVE-2025-49860,0.000580000,0.185100000,0.5873585426442175,2026-06-09,2026-06-09,CVE-2025-49860,5.3,2026-04-23T15:31:44.237
CVE-2025-49734,0.001250000,0.312550000,0.8131382831907259,2026-06-09,2026-06-09,CVE-2025-49734,7.0,2025-10-02T18:45:04.910
CVE-2025-49692,0.002860000,0.523430000,0.9028429478332873,2026-06-09,2026-06-09,CVE-2025-49692,7.8,2025-10-01T20:30:30.897
CVE-2025-49430,0.000550000,0.175550000,0.5658294231300027,2026-06-09,2026-06-09,CVE-2025-49430,7.2,2026-04-23T15:31:40.270
CVE-2025-48101,0.001120000,0.292700000,0.7982335081424234,2026-06-09,2026-06-09,CVE-2025-48101,8.8,2026-04-28T19:32:35.500
CVE-2025-47997,0.004580000,0.643620000,0.9312724261661607,2026-06-09,2026-06-09,CVE-2025-47997,5.3,2025-09-12T16:47:05.683
CVE-2025-9269,0.000820000,0.240120000,0.7267457907811207,2026-06-09,2026-06-09,CVE-2025-9269,,2026-04-15T00:35:42.020
CVE-2025-7635,0.000340000,0.105450000,0.34777808446039193,2026-06-09,2026-06-09,CVE-2025-7635,7.7,2025-12-22T20:01:56.000
CVE-2025-59008,0.000540000,0.171680000,0.5600331217223296,2026-06-09,2026-06-09,CVE-2025-59008,7.6,2026-04-23T15:34:01.963
CVE-2025-59005,0.000550000,0.173570000,0.5658294231300027,2026-06-09,2026-06-09,CVE-2025-59005,4.3,2026-04-23T15:34:01.543
CVE-2025-58997,0.000290000,0.086770000,0.29726745790781123,2026-06-09,2026-06-09,CVE-2025-58997,9.6,2026-04-23T15:34:01.170
CVE-2025-58993,0.000540000,0.171680000,0.5600331217223296,2026-06-09,2026-06-09,CVE-2025-58993,7.6,2026-04-23T15:34:00.753
CVE-2025-58991,0.000250000,0.073080000,0.22964394148495723,2026-06-09,2026-06-09,CVE-2025-58991,7.1,2026-04-28T19:34:26.597
CVE-2025-58990,0.000420000,0.131650000,0.4242340601711289,2026-06-09,2026-06-09,CVE-2025-58990,5.4,2026-04-23T15:34:00.410
CVE-2025-58989,0.000470000,0.147670000,0.48330113165884625,2026-06-09,2026-06-09,CVE-2025-58989,6.5,2026-04-23T15:34:00.293
CVE-2025-58988,0.000470000,0.147670000,0.48330113165884625,2026-06-09,2026-06-09,CVE-2025-58988,6.5,2026-04-23T15:34:00.177
CVE-2025-58987,0.000470000,0.147670000,0.48330113165884625,2026-06-09,2026-06-09,CVE-2025-58987,6.5,2026-04-23T15:34:00.060
CVE-2025-58985,0.000470000,0.147670000,0.48330113165884625,2026-06-09,2026-06-09,CVE-2025-58985,6.5,2026-04-23T15:33:59.763
CVE-2025-58984,0.000430000,0.135370000,0.44714325144907535,2026-06-09,2026-06-09,CVE-2025-58984,5.9,2026-04-23T15:33:59.660
CVE-2025-58983,0.000430000,0.135370000,0.44714325144907535,2026-06-09,2026-06-09,CVE-2025-58983,5.9,2026-04-23T15:33:59.550
CVE-2025-58982,0.000430000,0.135370000,0.44714325144907535,2026-06-09,2026-06-09,CVE-2025-58982,5.9,2026-04-28T19:34:26.060
CVE-2025-58981,0.000520000,0.165760000,0.5385040022081148,2026-06-09,2026-06-09,CVE-2025-58981,5.4,2026-04-23T15:33:59.323
CVE-2025-58980,0.000580000,0.185100000,0.5873585426442175,2026-06-09,2026-06-09,CVE-2025-58980,5.3,2026-04-23T15:33:59.207
CVE-2025-58979,0.000580000,0.183880000,0.5873585426442175,2026-06-09,2026-06-09,CVE-2025-58979,5.3,2026-04-23T15:33:59.083
CVE-2025-58978,0.000580000,0.185100000,0.5873585426442175,2026-06-09,2026-06-09,CVE-2025-58978,5.3,2026-04-23T15:33:58.970
CVE-2025-58977,0.000390000,0.120340000,0.388076179961358,2026-06-09,2026-06-09,CVE-2025-58977,4.9,2026-04-23T15:33:58.857
CVE-2025-58976,0.000520000,0.165760000,0.5385040022081148,2026-06-09,2026-06-09,CVE-2025-58976,4.3,2026-04-23T15:33:58.740
CVE-2025-58975,0.000260000,0.077150000,0.25393320452663537,2026-06-09,2026-06-09,CVE-2025-58975,4.3,2026-04-23T15:33:58.623
CVE-2025-58762,0.013930000,0.807560000,0.9721225503726194,2026-06-09,2026-06-09,CVE-2025-58762,7.2,2025-09-18T16:57:38.987
CVE-2025-58761,0.002390000,0.472060000,0.8915263593706872,2026-06-09,2026-06-09,CVE-2025-58761,7.5,2025-09-18T17:23:40.120
CVE-2025-58760,0.001780000,0.391370000,0.862268837979575,2026-06-09,2026-06-09,CVE-2025-58760,7.5,2025-09-18T17:30:18.970
CVE-2025-58759,0.001770000,0.390550000,0.8611647805685896,2026-06-09,2026-06-09,CVE-2025-58759,6.5,2025-10-08T20:52:36.920
CVE-2025-58758,0.000740000,0.223260000,0.7008004416229644,2026-06-09,2026-06-09,CVE-2025-58758,7.3,2025-10-08T20:53:57.603
CVE-2025-58753,0.000240000,0.072420000,0.21197902290919127,2026-06-09,2026-06-09,CVE-2025-58753,7.5,2025-09-18T17:35:49.163
CVE-2025-58442,0.000820000,0.239840000,0.7267457907811207,2026-06-09,2026-06-09,CVE-2025-58442,5.3,2026-04-15T00:35:42.020
CVE-2025-58435,0.000770000,0.230240000,0.7129450731438035,2026-06-09,2026-06-09,CVE-2025-58435,,2026-04-15T00:35:42.020
CVE-2025-58430,0.000300000,0.091380000,0.3105161468396357,2026-06-09,2026-06-09,CVE-2025-58430,6.1,2025-10-10T21:49:03.133
CVE-2025-58215,0.001580000,0.363900000,0.8517802925752139,2026-06-09,2026-06-09,CVE-2025-58215,8.1,2026-04-23T15:33:19.170
CVE-2025-58180,0.022190000,0.848160000,0.9804029809550097,2026-06-09,2026-06-09,CVE-2025-58180,8.8,2025-09-18T17:37:54.243
CVE-2025-58063,0.001060000,0.281300000,0.7910571349710185,2026-06-09,2026-06-09,CVE-2025-58063,7.1,2026-04-15T00:35:42.020
CVE-2025-57665,0.000920000,0.258450000,0.75848744134695,2026-06-09,2026-06-09,CVE-2025-57665,6.4,2025-10-17T19:49:18.167
CVE-2025-57540,0.000580000,0.184170000,0.5873585426442175,2026-06-09,2026-06-09,CVE-2025-57540,5.4,2025-09-17T20:11:20.417
CVE-2025-57539,0.000580000,0.184170000,0.5873585426442175,2026-06-09,2026-06-09,CVE-2025-57539,5.4,2025-09-18T17:41:04.430
CVE-2025-57538,0.000940000,0.262340000,0.768147943693072,2026-06-09,2026-06-09,CVE-2025-57538,5.4,2025-09-18T17:41:56.570
CVE-2025-57278,0.000580000,0.183500000,0.5873585426442175,2026-06-09,2026-06-09,CVE-2025-57278,8.8,2025-10-10T17:56:10.140
CVE-2025-57087,0.001390000,0.337850000,0.8294231300027601,2026-06-09,2026-06-09,CVE-2025-57087,7.5,2025-09-18T18:42:39.153
CVE-2025-57086,0.001390000,0.337850000,0.8294231300027601,2026-06-09,2026-06-09,CVE-2025-57086,7.5,2025-09-17T19:49:56.150
CVE-2025-57085,0.001470000,0.348540000,0.8410157328181065,2026-06-09,2026-06-09,CVE-2025-57085,9.8,2025-09-17T19:50:45.847
CVE-2025-57078,0.001390000,0.337850000,0.8294231300027601,2026-06-09,2026-06-09,CVE-2025-57078,7.5,2025-09-17T20:00:27.130
CVE-2025-57072,0.001390000,0.337850000,0.8294231300027601,2026-06-09,2026-06-09,CVE-2025-57072,7.5,2025-09-18T18:38:04.613
CVE-2025-57071,0.001390000,0.337850000,0.8294231300027601,2026-06-09,2026-06-09,CVE-2025-57071,7.5,2025-09-18T18:41:40.450
CVE-2025-57070,0.001390000,0.337850000,0.8294231300027601,2026-06-09,2026-06-09,CVE-2025-57070,7.5,2025-09-18T18:43:11.610
CVE-2025-57069,0.001390000,0.337850000,0.8294231300027601,2026-06-09,2026-06-09,CVE-2025-57069,7.5,2025-09-18T18:49:07.417
CVE-2025-57064,0.001390000,0.337850000,0.8294231300027601,2026-06-09,2026-06-09,CVE-2025-57064,7.5,2025-09-15T18:14:58.420
CVE-2025-57063,0.001390000,0.337850000,0.8294231300027601,2026-06-09,2026-06-09,CVE-2025-57063,7.5,2025-09-15T18:14:45.627
CVE-2025-57062,0.001390000,0.337850000,0.8294231300027601,2026-06-09,2026-06-09,CVE-2025-57062,7.5,2025-09-18T18:53:38.910
CVE-2025-57060,0.001390000,0.337850000,0.8294231300027601,2026-06-09,2026-06-09,CVE-2025-57060,7.5,2025-09-17T19:38:14.323
CVE-2025-55730,0.011710000,0.790400000,0.9685343637869169,2026-06-09,2026-06-09,CVE-2025-55730,10.0,2026-04-15T00:35:42.020
CVE-2025-55729,0.011710000,0.790400000,0.9685343637869169,2026-06-09,2026-06-09,CVE-2025-55729,10.0,2026-04-15T00:35:42.020
CVE-2025-55728,0.039960000,0.886610000,0.9889594258901463,2026-06-09,2026-06-09,CVE-2025-55728,9.8,2025-09-17T19:45:32.263
CVE-2025-55727,0.081770000,0.923560000,0.9950317416505658,2026-06-09,2026-06-09,CVE-2025-55727,9.8,2025-09-17T19:46:54.973
CVE-2025-55054,0.000430000,0.132770000,0.44714325144907535,2026-06-09,2026-06-09,CVE-2025-55054,6.1,2026-04-15T00:35:42.020
CVE-2025-55053,0.000420000,0.131580000,0.4242340601711289,2026-06-09,2026-06-09,CVE-2025-55053,6.5,2026-04-15T00:35:42.020
CVE-2025-55052,0.000650000,0.204280000,0.6433894562517251,2026-06-09,2026-06-09,CVE-2025-55052,4.3,2026-04-15T00:35:42.020
CVE-2025-55051,0.000880000,0.251270000,0.7449627380623792,2026-06-09,2026-06-09,CVE-2025-55051,10.0,2026-04-15T00:35:42.020
CVE-2025-55050,0.000880000,0.251270000,0.7449627380623792,2026-06-09,2026-06-09,CVE-2025-55050,9.8,2026-04-15T00:35:42.020
CVE-2025-55049,0.000650000,0.203850000,0.6433894562517251,2026-06-09,2026-06-09,CVE-2025-55049,9.1,2026-04-15T00:35:42.020
CVE-2025-55048,0.000950000,0.263980000,0.7709080872205355,2026-06-09,2026-06-09,CVE-2025-55048,9.8,2026-04-15T00:35:42.020
CVE-2025-55047,0.000260000,0.077780000,0.25393320452663537,2026-06-09,2026-06-09,CVE-2025-55047,8.4,2026-04-15T00:35:42.020
CVE-2025-5500,0.000220000,0.064850000,0.18078940104885455,2026-06-09,2026-06-09,CVE-2025-5500,5.3,2026-04-29T01:00:01.613
CVE-2025-54257,0.000570000,0.179140000,0.5810102125310516,2026-06-09,2026-06-09,CVE-2025-54257,7.8,2025-11-03T19:16:09.190
CVE-2025-54256,0.000200000,0.056540000,0.13055478884902014,2026-06-09,2026-06-09,CVE-2025-54256,8.6,2025-09-15T14:20:49.737
CVE-2025-54255,0.000910000,0.256590000,0.7548992547612476,2026-06-09,2026-06-09,CVE-2025-54255,4.0,2025-10-02T14:43:43.207
CVE-2025-54242,0.000570000,0.179140000,0.5810102125310516,2026-06-09,2026-06-09,CVE-2025-54242,7.8,2025-09-15T14:21:14.580
CVE-2025-54084,0.002260000,0.454790000,0.8865581010212531,2026-06-09,2026-06-09,CVE-2025-54084,,2026-04-15T00:35:42.020
CVE-2025-54083,0.000360000,0.110420000,0.3654430030361579,2026-06-09,2026-06-09,CVE-2025-54083,,2026-04-15T00:35:42.020
CVE-2025-53914,0.000320000,0.098210000,0.33038918023737235,2026-06-09,2026-06-09,CVE-2025-53914,,2026-04-15T00:35:42.020
CVE-2025-53913,0.000320000,0.098210000,0.33038918023737235,2026-06-09,2026-06-09,CVE-2025-53913,,2026-04-15T00:35:42.020
CVE-2025-5005,0.000820000,0.241340000,0.7267457907811207,2026-06-09,2026-06-09,CVE-2025-5005,7.3,2026-04-29T01:00:01.613
CVE-2025-47415,0.001530000,0.357740000,0.8451559481093017,2026-06-09,2026-06-09,CVE-2025-47415,,2026-04-15T00:35:42.020
CVE-2025-44595,0.000430000,0.132770000,0.44714325144907535,2026-06-09,2026-06-09,CVE-2025-44595,6.1,2025-09-18T20:33:03.940
CVE-2025-44594,0.000650000,0.203850000,0.6433894562517251,2026-06-09,2026-06-09,CVE-2025-44594,9.1,2025-09-17T19:34:21.873
CVE-2025-44593,0.000430000,0.132770000,0.44714325144907535,2026-06-09,2026-06-09,CVE-2025-44593,6.1,2025-09-18T20:33:52.180
CVE-2025-43786,0.000620000,0.194620000,0.6254485233232128,2026-06-09,2026-06-09,CVE-2025-43786,5.3,2025-12-16T15:11:25.593
CVE-2025-43781,0.000450000,0.140710000,0.46839635661054374,2026-06-09,2026-06-09,CVE-2025-43781,6.1,2025-12-16T15:29:46.143
CVE-2025-43775,0.000410000,0.126070000,0.4159536295887386,2026-06-09,2026-06-09,CVE-2025-43775,5.4,2025-12-16T15:04:29.380
CVE-2025-43491,0.000470000,0.149490000,0.48330113165884625,2026-06-09,2026-06-09,CVE-2025-43491,9.8,2026-01-16T16:36:19.900
CVE-2025-36125,0.000360000,0.109960000,0.3654430030361579,2026-06-09,2026-06-09,CVE-2025-36125,5.4,2025-12-19T14:38:50.407
CVE-2025-36011,0.000230000,0.067530000,0.20452663538504,2026-06-09,2026-06-09,CVE-2025-36011,4.3,2025-10-03T19:04:22.843
CVE-2025-34178,0.000350000,0.105670000,0.35219431410433344,2026-06-09,2026-06-09,CVE-2025-34178,5.4,2025-10-10T18:42:08.297
CVE-2025-34177,0.000350000,0.106020000,0.35219431410433344,2026-06-09,2026-06-09,CVE-2025-34177,5.4,2025-10-10T18:42:15.210
CVE-2025-34176,0.000780000,0.231930000,0.7162572453767596,2026-06-09,2026-06-09,CVE-2025-34176,4.3,2025-10-17T19:46:03.720
CVE-2025-34175,0.000710000,0.218570000,0.6886558101021253,2026-06-09,2026-06-09,CVE-2025-34175,6.1,2025-10-10T18:46:41.620
CVE-2025-34174,0.000470000,0.148430000,0.48330113165884625,2026-06-09,2026-06-09,CVE-2025-34174,5.4,2025-10-10T18:47:06.700
CVE-2025-34173,0.000920000,0.257680000,0.75848744134695,2026-06-09,2026-06-09,CVE-2025-34173,4.3,2025-10-20T14:50:04.643
CVE-2025-34172,0.000440000,0.136920000,0.4609439690863925,2026-06-09,2026-06-09,CVE-2025-34172,6.1,2025-10-10T18:47:46.710
CVE-2025-29089,0.000890000,0.253010000,0.7491029533535744,2026-06-09,2026-06-09,CVE-2025-29089,7.5,2026-04-15T00:35:42.020
CVE-2025-23344,0.000600000,0.188120000,0.6055754899254762,2026-06-09,2026-06-09,CVE-2025-23344,9.8,2025-09-18T20:24:59.437
CVE-2025-23343,0.000960000,0.265820000,0.7720121446315208,2026-06-09,2026-06-09,CVE-2025-23343,9.8,2025-09-18T20:14:18.620
CVE-2025-23342,0.000740000,0.224830000,0.7008004416229644,2026-06-09,2026-06-09,CVE-2025-23342,9.8,2025-09-18T20:13:33.893
CVE-2025-10199,0.000260000,0.076640000,0.25393320452663537,2026-06-09,2026-06-09,CVE-2025-10199,7.8,2025-11-03T19:15:44.660
CVE-2025-10198,0.000200000,0.056770000,0.13055478884902014,2026-06-09,2026-06-09,CVE-2025-10198,7.8,2026-01-20T17:15:48.180
CVE-2025-10170,0.003960000,0.608150000,0.9224399668782777,2026-06-09,2026-06-09,CVE-2025-10170,8.8,2026-01-08T16:15:32.210
CVE-2025-10169,0.005440000,0.681530000,0.9425890146287607,2026-06-09,2026-06-09,CVE-2025-10169,8.8,2026-01-08T16:16:32.870
CVE-2025-10164,0.001140000,0.296110000,0.8018216947281258,2026-06-09,2026-06-09,CVE-2025-10164,7.3,2026-04-29T01:00:01.613
CVE-2025-10159,0.000580000,0.184740000,0.5873585426442175,2026-06-09,2026-06-09,CVE-2025-10159,9.8,2026-04-15T00:35:42.020
CVE-2025-9997,0.001000000,0.272670000,0.7838807617996136,2026-06-09,2026-06-09,CVE-2025-9997,,2026-04-15T00:35:42.020
CVE-2025-9996,0.000990000,0.270520000,0.7816726469776428,2026-06-09,2026-06-09,CVE-2025-9996,,2026-04-15T00:35:42.020
CVE-2025-9979,0.000640000,0.201630000,0.6362130830803202,2026-06-09,2026-06-09,CVE-2025-9979,4.3,2026-04-15T00:35:42.020
CVE-2025-9943,0.002570000,0.493580000,0.8964946177201214,2026-06-09,2026-06-09,CVE-2025-9943,9.1,2026-04-15T00:35:42.020
CVE-2025-9888,0.000280000,0.085680000,0.29036709908915265,2026-06-09,2026-06-09,CVE-2025-9888,4.3,2026-04-15T00:35:42.020
CVE-2025-9857,0.000530000,0.168400000,0.543472260557549,2026-06-09,2026-06-09,CVE-2025-9857,6.4,2026-04-15T00:35:42.020
CVE-2025-9622,0.000350000,0.108000000,0.35219431410433344,2026-06-09,2026-06-09,CVE-2025-9622,4.3,2026-04-15T00:35:42.020
CVE-2025-9463,0.000560000,0.178180000,0.5752139111233784,2026-06-09,2026-06-09,CVE-2025-9463,6.5,2026-04-15T00:35:42.020
CVE-2025-9367,0.000550000,0.173850000,0.5658294231300027,2026-06-09,2026-06-09,CVE-2025-9367,5.5,2026-04-15T00:35:42.020
CVE-2025-8778,0.000640000,0.201650000,0.6362130830803202,2026-06-09,2026-06-09,CVE-2025-8778,4.3,2026-04-15T00:35:42.020
CVE-2025-8388,0.000530000,0.168400000,0.543472260557549,2026-06-09,2026-06-09,CVE-2025-8388,6.4,2026-04-15T00:35:42.020
CVE-2025-7843,0.000520000,0.165760000,0.5385040022081148,2026-06-09,2026-06-09,CVE-2025-7843,6.4,2026-04-15T00:35:42.020
CVE-2025-7826,0.000510000,0.162060000,0.5313276290367099,2026-06-09,2026-06-09,CVE-2025-7826,6.5,2026-04-15T00:35:42.020
CVE-2025-7746,0.000890000,0.252630000,0.7491029533535744,2026-06-09,2026-06-09,CVE-2025-7746,,2026-04-15T00:35:42.020
CVE-2025-7718,0.000830000,0.241970000,0.730333977366823,2026-06-09,2026-06-09,CVE-2025-7718,8.8,2026-04-15T00:35:42.020
CVE-2025-7049,0.000830000,0.241970000,0.730333977366823,2026-06-09,2026-06-09,CVE-2025-7049,8.8,2026-04-15T00:35:42.020
CVE-2025-6189,0.000480000,0.153050000,0.5136627104609439,2026-06-09,2026-06-09,CVE-2025-6189,6.5,2026-04-15T00:35:42.020
CVE-2025-59046,0.005280000,0.675310000,0.9414849572177754,2026-06-09,2026-06-09,CVE-2025-59046,9.8,2026-04-15T00:35:42.020
CVE-2025-59044,0.000260000,0.078010000,0.25393320452663537,2026-06-09,2026-06-09,CVE-2025-59044,4.4,2026-04-15T00:35:42.020
CVE-2025-59042,0.000250000,0.074300000,0.22964394148495723,2026-06-09,2026-06-09,CVE-2025-59042,,2026-04-15T00:35:42.020
CVE-2025-59039,0.001160000,0.299170000,0.8026497377863648,2026-06-09,2026-06-09,CVE-2025-59039,,2026-04-15T00:35:42.020
CVE-2025-59038,0.001160000,0.299170000,0.8026497377863648,2026-06-09,2026-06-09,CVE-2025-59038,,2026-04-15T00:35:42.020
CVE-2025-59037,0.000960000,0.265220000,0.7720121446315208,2026-06-09,2026-06-09,CVE-2025-59037,,2026-04-15T00:35:42.020
CVE-2025-59036,0.000850000,0.247040000,0.7380623792437206,2026-06-09,2026-06-09,CVE-2025-59036,5.5,2026-04-15T00:35:42.020
CVE-2025-58768,0.002200000,0.446810000,0.884073971846536,2026-06-09,2026-06-09,CVE-2025-58768,9.6,2025-09-18T20:26:13.443
CVE-2025-58765,0.000850000,0.245820000,0.7380623792437206,2026-06-09,2026-06-09,CVE-2025-58765,7.1,2026-04-15T00:35:42.020
CVE-2025-58764,0.006830000,0.720740000,0.9533535743858681,2026-06-09,2026-06-09,CVE-2025-58764,9.8,2025-10-24T14:46:37.453
CVE-2025-58763,0.008670000,0.755470000,0.9597019044990339,2026-06-09,2026-06-09,CVE-2025-58763,7.2,2025-09-18T20:30:01.190
CVE-2025-58750,0.000880000,0.251600000,0.7449627380623792,2026-06-09,2026-06-09,CVE-2025-58750,9.1,2025-09-17T20:35:43.327
CVE-2025-58462,0.001210000,0.306580000,0.8076179961357991,2026-06-09,2026-06-09,CVE-2025-58462,9.8,2025-09-26T13:39:18.220
CVE-2025-58448,0.000560000,0.176850000,0.5752139111233784,2026-06-09,2026-06-09,CVE-2025-58448,9.8,2025-09-17T20:36:12.373
CVE-2025-58447,0.006410000,0.710130000,0.9514214739166437,2026-06-09,2026-06-09,CVE-2025-58447,9.8,2025-09-17T20:53:21.610
CVE-2025-58135,0.000750000,0.226270000,0.7046646425614131,2026-06-09,2026-06-09,CVE-2025-58135,6.5,2025-10-06T17:58:01.900
CVE-2025-58134,0.000460000,0.145200000,0.4739166436654706,2026-06-09,2026-06-09,CVE-2025-58134,4.3,2025-10-06T17:47:34.463
CVE-2025-58131,0.000180000,0.047810000,0.09688103781396633,2026-06-09,2026-06-09,CVE-2025-58131,6.6,2026-04-15T00:35:42.020
CVE-2025-57633,0.004160000,0.620840000,0.9249240960529947,2026-06-09,2026-06-09,CVE-2025-57633,9.8,2026-04-15T00:35:42.020
CVE-2025-57573,0.000650000,0.202230000,0.6433894562517251,2026-06-09,2026-06-09,CVE-2025-57573,5.6,2025-09-17T20:58:07.797
CVE-2025-57572,0.000650000,0.202230000,0.6433894562517251,2026-06-09,2026-06-09,CVE-2025-57572,5.6,2025-09-17T20:58:33.297
CVE-2025-57571,0.000650000,0.202230000,0.6433894562517251,2026-06-09,2026-06-09,CVE-2025-57571,5.6,2025-09-17T20:58:45.243
CVE-2025-57570,0.000650000,0.202230000,0.6433894562517251,2026-06-09,2026-06-09,CVE-2025-57570,5.6,2025-09-17T20:59:57.910
CVE-2025-57569,0.000650000,0.202230000,0.6433894562517251,2026-06-09,2026-06-09,CVE-2025-57569,5.6,2025-09-17T21:01:39.773
CVE-2025-56578,0.000470000,0.147140000,0.48330113165884625,2026-06-09,2026-06-09,CVE-2025-56578,5.7,2026-04-15T00:35:42.020
CVE-2025-56466,0.000690000,0.213170000,0.6756831355230472,2026-06-09,2026-06-09,CVE-2025-56466,7.5,2025-10-06T17:13:37.450
CVE-2025-56413,0.003970000,0.609090000,0.9232680099365167,2026-06-09,2026-06-09,CVE-2025-56413,8.8,2025-11-18T17:41:44.543
CVE-2025-56407,0.000610000,0.190960000,0.6196522219155396,2026-06-09,2026-06-09,CVE-2025-56407,8.8,2025-10-06T17:16:11.120
CVE-2025-56406,0.000840000,0.243480000,0.7347502070107645,2026-06-09,2026-06-09,CVE-2025-56406,7.5,2026-04-15T00:35:42.020
CVE-2025-56405,0.001000000,0.271510000,0.7838807617996136,2026-06-09,2026-06-09,CVE-2025-56405,7.5,2025-09-17T20:31:22.920
CVE-2025-56404,0.001420000,0.341800000,0.8352194314104333,2026-06-09,2026-06-09,CVE-2025-56404,7.5,2025-09-17T20:32:54.887
CVE-2025-54260,0.000430000,0.133680000,0.44714325144907535,2026-06-09,2026-06-09,CVE-2025-54260,7.8,2025-09-12T15:01:41.767
CVE-2025-54259,0.000430000,0.133680000,0.44714325144907535,2026-06-09,2026-06-09,CVE-2025-54259,7.8,2025-09-12T15:02:52.680
CVE-2025-54258,0.000570000,0.179140000,0.5810102125310516,2026-06-09,2026-06-09,CVE-2025-54258,7.8,2025-09-12T15:02:57.290
CVE-2025-54245,0.000430000,0.133680000,0.44714325144907535,2026-06-09,2026-06-09,CVE-2025-54245,7.8,2025-09-12T18:35:32.953
CVE-2025-54244,0.000430000,0.133680000,0.44714325144907535,2026-06-09,2026-06-09,CVE-2025-54244,7.8,2025-09-12T18:35:29.047
CVE-2025-54243,0.000430000,0.133680000,0.44714325144907535,2026-06-09,2026-06-09,CVE-2025-54243,7.8,2025-09-12T18:35:23.673
CVE-2025-54241,0.000400000,0.125500000,0.4004968258349434,2026-06-09,2026-06-09,CVE-2025-54241,5.5,2025-09-12T14:29:30.777
CVE-2025-54240,0.000400000,0.125500000,0.4004968258349434,2026-06-09,2026-06-09,CVE-2025-54240,5.5,2025-09-12T14:29:22.800
CVE-2025-54239,0.000400000,0.125500000,0.4004968258349434,2026-06-09,2026-06-09,CVE-2025-54239,5.5,2025-09-12T14:29:06.223
CVE-2025-49461,0.000710000,0.217270000,0.6886558101021253,2026-06-09,2026-06-09,CVE-2025-49461,7.4,2025-10-06T17:45:49.187
CVE-2025-49460,0.000720000,0.219660000,0.6939000828043058,2026-06-09,2026-06-09,CVE-2025-49460,7.5,2025-10-17T19:42:52.870
CVE-2025-49459,0.000250000,0.072620000,0.22964394148495723,2026-06-09,2026-06-09,CVE-2025-49459,7.8,2026-04-15T00:35:42.020
CVE-2025-49458,0.001110000,0.290350000,0.7976814794369307,2026-06-09,2026-06-09,CVE-2025-49458,6.5,2025-10-17T19:43:11.910
CVE-2025-43938,0.000190000,0.053850000,0.11233784156776153,2026-06-09,2026-06-09,CVE-2025-43938,4.4,2025-10-20T14:02:23.670
CVE-2025-43888,0.000310000,0.092380000,0.32266077836047474,2026-06-09,2026-06-09,CVE-2025-43888,7.8,2025-10-20T14:25:24.523
CVE-2025-43887,0.000150000,0.034320000,0.050510626552580734,2026-06-09,2026-06-09,CVE-2025-43887,7.8,2025-10-20T14:28:39.700
CVE-2025-43886,0.000280000,0.082650000,0.29036709908915265,2026-06-09,2026-06-09,CVE-2025-43886,4.4,2025-10-20T14:38:02.060
CVE-2025-43885,0.000460000,0.146240000,0.4739166436654706,2026-06-09,2026-06-09,CVE-2025-43885,7.8,2025-10-20T14:38:20.800
CVE-2025-43884,0.000290000,0.087270000,0.29726745790781123,2026-06-09,2026-06-09,CVE-2025-43884,6.7,2025-09-17T20:20:39.270
CVE-2025-43725,0.000190000,0.055050000,0.11233784156776153,2026-06-09,2026-06-09,CVE-2025-43725,7.8,2025-11-04T15:26:42.623
CVE-2025-41714,0.011940000,0.792310000,0.9690863924924096,2026-06-09,2026-06-09,CVE-2025-41714,8.8,2026-04-15T00:35:42.020
CVE-2025-40979,0.000300000,0.090600000,0.3105161468396357,2026-06-09,2026-06-09,CVE-2025-40979,,2026-04-15T00:35:42.020
CVE-2025-40725,0.000890000,0.252630000,0.7491029533535744,2026-06-09,2026-06-09,CVE-2025-40725,,2026-04-15T00:35:42.020
CVE-2025-36759,0.000980000,0.268490000,0.7786364890974331,2026-06-09,2026-06-09,CVE-2025-36759,,2026-04-15T00:35:42.020
CVE-2025-36758,0.000900000,0.254080000,0.7526911399392768,2026-06-09,2026-06-09,CVE-2025-36758,,2026-04-15T00:35:42.020
CVE-2025-36757,0.000820000,0.240120000,0.7267457907811207,2026-06-09,2026-06-09,CVE-2025-36757,,2026-04-15T00:35:42.020
CVE-2025-36756,0.000770000,0.230240000,0.7129450731438035,2026-06-09,2026-06-09,CVE-2025-36756,,2026-04-15T00:35:42.020
CVE-2025-29592,0.002070000,0.431220000,0.8749654982059067,2026-06-09,2026-06-09,CVE-2025-29592,5.6,2025-11-19T17:06:38.830
CVE-2025-20340,0.000400000,0.124900000,0.4004968258349434,2026-06-09,2026-06-09,CVE-2025-20340,7.4,2026-04-15T00:35:42.020
CVE-2025-20248,0.000150000,0.034000000,0.050510626552580734,2026-06-09,2026-06-09,CVE-2025-20248,6.0,2026-04-15T00:35:42.020
CVE-2025-20159,0.000440000,0.137830000,0.4609439690863925,2026-06-09,2026-06-09,CVE-2025-20159,5.3,2026-04-15T00:35:42.020
CVE-2025-10231,0.000170000,0.042270000,0.06707148771736131,2026-06-09,2026-06-09,CVE-2025-10231,7.8,2025-09-22T18:25:11.643
CVE-2025-10227,0.000120000,0.017470000,0.030913607507590396,2026-06-09,2026-06-09,CVE-2025-10227,4.6,2025-12-19T13:48:18.410
CVE-2025-10226,0.008470000,0.752430000,0.9591498757935413,2026-06-09,2026-06-09,CVE-2025-10226,9.8,2025-12-19T13:54:04.383
CVE-2025-10225,0.002070000,0.430690000,0.8749654982059067,2026-06-09,2026-06-09,CVE-2025-10225,7.5,2025-10-08T12:15:35.553
CVE-2025-10224,0.001560000,0.361180000,0.8492961634004969,2026-06-09,2026-06-09,CVE-2025-10224,7.1,2025-10-08T12:15:35.323
CVE-2025-10223,0.000710000,0.218390000,0.6886558101021253,2026-06-09,2026-06-09,CVE-2025-10223,8.1,2025-10-08T12:15:35.013
CVE-2025-10222,0.000250000,0.072680000,0.22964394148495723,2026-06-09,2026-06-09,CVE-2025-10222,3.3,2025-10-08T12:15:34.840
CVE-2025-10221,0.000250000,0.073970000,0.22964394148495723,2026-06-09,2026-06-09,CVE-2025-10221,5.5,2025-12-19T14:24:48.670
CVE-2025-10220,0.008950000,0.759990000,0.9610819762627657,2026-06-09,2026-06-09,CVE-2025-10220,9.8,2025-12-19T14:34:29.803
CVE-2025-10215,0.000190000,0.054760000,0.11233784156776153,2026-06-09,2026-06-09,CVE-2025-10215,7.8,2026-01-20T20:43:36.617
CVE-2025-10214,0.000190000,0.054760000,0.11233784156776153,2026-06-09,2026-06-09,CVE-2025-10214,7.8,2026-01-29T16:07:21.720
CVE-2025-10213,0.000190000,0.054760000,0.11233784156776153,2026-06-09,2026-06-09,CVE-2025-10213,7.8,2026-01-29T01:50:08.670
CVE-2025-10197,0.000410000,0.128620000,0.4159536295887386,2026-06-09,2026-06-09,CVE-2025-10197,6.3,2026-04-29T01:00:01.613
CVE-2025-10195,0.000220000,0.064850000,0.18078940104885455,2026-06-09,2026-06-09,CVE-2025-10195,5.3,2026-04-29T01:00:01.613
CVE-2025-10172,0.003960000,0.608150000,0.9224399668782777,2026-06-09,2026-06-09,CVE-2025-10172,8.8,2026-01-12T17:33:23.210
CVE-2025-10171,0.003960000,0.608150000,0.9224399668782777,2026-06-09,2026-06-09,CVE-2025-10171,8.8,2026-01-08T16:06:26.037
CVE-2025-10142,0.000840000,0.243980000,0.7347502070107645,2026-06-09,2026-06-09,CVE-2025-10142,4.9,2026-04-15T00:35:42.020
CVE-2025-10126,0.000530000,0.168400000,0.543472260557549,2026-06-09,2026-06-09,CVE-2025-10126,6.4,2026-04-15T00:35:42.020
CVE-2025-10049,0.005130000,0.669200000,0.9392768423958046,2026-06-09,2026-06-09,CVE-2025-10049,7.2,2026-04-15T00:35:42.020
CVE-2025-10040,0.000580000,0.183920000,0.5873585426442175,2026-06-09,2026-06-09,CVE-2025-10040,7.7,2026-04-15T00:35:42.020
CVE-2025-10001,0.005130000,0.669200000,0.9392768423958046,2026-06-09,2026-06-09,CVE-2025-10001,7.2,2026-04-15T00:35:42.020
CVE-2025-9918,0.010570000,0.779850000,0.9666022633176925,2026-06-09,2026-06-09,CVE-2025-9918,,2026-04-15T00:35:42.020
CVE-2025-9910,0.000680000,0.211210000,0.6660226331769252,2026-06-09,2026-06-09,CVE-2025-9910,4.7,2026-04-15T00:35:42.020
CVE-2025-9874,0.000940000,0.261970000,0.768147943693072,2026-06-09,2026-06-09,CVE-2025-9874,7.5,2026-04-15T00:35:42.020
CVE-2025-9861,0.000530000,0.169880000,0.543472260557549,2026-06-09,2026-06-09,CVE-2025-9861,6.4,2026-04-15T00:35:42.020
CVE-2025-9860,0.000530000,0.169880000,0.543472260557549,2026-06-09,2026-06-09,CVE-2025-9860,6.4,2026-04-15T00:35:42.020
CVE-2025-9855,0.000530000,0.169880000,0.543472260557549,2026-06-09,2026-06-09,CVE-2025-9855,6.4,2026-04-15T00:35:42.020
CVE-2025-9850,0.000530000,0.169880000,0.543472260557549,2026-06-09,2026-06-09,CVE-2025-9850,6.4,2026-04-15T00:35:42.020
CVE-2025-9776,0.000640000,0.201710000,0.6362130830803202,2026-06-09,2026-06-09,CVE-2025-9776,6.5,2026-04-15T00:35:42.020
CVE-2025-9714,0.000120000,0.017240000,0.030913607507590396,2026-06-09,2026-06-09,CVE-2025-9714,5.5,2026-05-12T13:17:30.330
CVE-2025-9693,0.003280000,0.561000000,0.9111233784156776,2026-06-09,2026-06-09,CVE-2025-9693,8.0,2026-04-15T00:35:42.020
CVE-2025-9635,0.000230000,0.066550000,0.20452663538504,2026-06-09,2026-06-09,CVE-2025-9635,4.3,2026-04-15T00:35:42.020
CVE-2025-9634,0.000260000,0.076380000,0.25393320452663537,2026-06-09,2026-06-09,CVE-2025-9634,4.3,2026-04-15T00:35:42.020
CVE-2025-9633,0.000280000,0.085680000,0.29036709908915265,2026-06-09,2026-06-09,CVE-2025-9633,4.3,2026-04-15T00:35:42.020
CVE-2025-9632,0.000230000,0.066550000,0.20452663538504,2026-06-09,2026-06-09,CVE-2025-9632,4.3,2026-04-15T00:35:42.020
CVE-2025-9631,0.000230000,0.066550000,0.20452663538504,2026-06-09,2026-06-09,CVE-2025-9631,4.3,2026-04-15T00:35:42.020
CVE-2025-9628,0.000230000,0.066550000,0.20452663538504,2026-06-09,2026-06-09,CVE-2025-9628,4.3,2026-04-15T00:35:42.020
CVE-2025-9627,0.000230000,0.066550000,0.20452663538504,2026-06-09,2026-06-09,CVE-2025-9627,4.3,2026-04-15T00:35:42.020
CVE-2025-9623,0.000230000,0.066550000,0.20452663538504,2026-06-09,2026-06-09,CVE-2025-9623,4.3,2026-04-15T00:35:42.020
CVE-2025-9620,0.000230000,0.066530000,0.20452663538504,2026-06-09,2026-06-09,CVE-2025-9620,6.1,2026-04-15T00:35:42.020
CVE-2025-9617,0.000340000,0.104200000,0.34777808446039193,2026-06-09,2026-06-09,CVE-2025-9617,5.3,2026-04-15T00:35:42.020
CVE-2025-9451,0.000560000,0.178180000,0.5752139111233784,2026-06-09,2026-06-09,CVE-2025-9451,6.5,2026-04-15T00:35:42.020
CVE-2025-9128,0.000660000,0.205830000,0.6486337289539056,2026-06-09,2026-06-09,CVE-2025-9128,6.4,2026-04-15T00:35:42.020
CVE-2025-9123,0.000530000,0.168400000,0.543472260557549,2026-06-09,2026-06-09,CVE-2025-9123,6.4,2026-04-15T00:35:42.020
CVE-2025-9073,0.001490000,0.351260000,0.8423958045818383,2026-06-09,2026-06-09,CVE-2025-9073,7.5,2026-04-15T00:35:42.020
CVE-2025-9059,0.000270000,0.081620000,0.2779464532155672,2026-06-09,2026-06-09,CVE-2025-9059,,2026-04-15T00:35:42.020
CVE-2025-9034,0.000410000,0.128900000,0.4159536295887386,2026-06-09,2026-06-09,CVE-2025-9034,6.1,2026-04-15T00:35:42.020
CVE-2025-8721,0.000530000,0.168400000,0.543472260557549,2026-06-09,2026-06-09,CVE-2025-8721,6.4,2026-04-15T00:35:42.020
CVE-2025-8696,0.002260000,0.455040000,0.8865581010212531,2026-06-09,2026-06-09,CVE-2025-8696,7.5,2026-04-15T00:35:42.020
CVE-2025-8692,0.000630000,0.196750000,0.6293127242616616,2026-06-09,2026-06-09,CVE-2025-8692,4.9,2026-04-15T00:35:42.020
CVE-2025-8691,0.000530000,0.168400000,0.543472260557549,2026-06-09,2026-06-09,CVE-2025-8691,6.4,2026-04-15T00:35:42.020
CVE-2025-8689,0.000530000,0.168400000,0.543472260557549,2026-06-09,2026-06-09,CVE-2025-8689,6.4,2026-04-15T00:35:42.020
CVE-2025-8686,0.000660000,0.205830000,0.6486337289539056,2026-06-09,2026-06-09,CVE-2025-8686,6.4,2026-04-15T00:35:42.020
CVE-2025-8681,0.000470000,0.150200000,0.48330113165884625,2026-06-09,2026-06-09,CVE-2025-8681,5.4,2025-10-29T18:14:25.747
CVE-2025-8570,0.001120000,0.292870000,0.7982335081424234,2026-06-09,2026-06-09,CVE-2025-8570,9.8,2026-04-15T00:35:42.020
CVE-2025-8492,0.002590000,0.494970000,0.8975986751311068,2026-06-09,2026-06-09,CVE-2025-8492,5.3,2026-04-15T00:35:42.020
CVE-2025-8481,0.000260000,0.076380000,0.25393320452663537,2026-06-09,2026-06-09,CVE-2025-8481,4.3,2026-04-15T00:35:42.020
CVE-2025-8479,0.000280000,0.085680000,0.29036709908915265,2026-06-09,2026-06-09,CVE-2025-8479,4.3,2026-04-15T00:35:42.020
CVE-2025-8445,0.000530000,0.169880000,0.543472260557549,2026-06-09,2026-06-09,CVE-2025-8445,6.4,2026-04-15T00:35:42.020
CVE-2025-8425,0.000830000,0.241970000,0.730333977366823,2026-06-09,2026-06-09,CVE-2025-8425,8.8,2026-04-15T00:35:42.020
CVE-2025-8423,0.001090000,0.287450000,0.7949213359094673,2026-06-09,2026-06-09,CVE-2025-8423,5.4,2026-04-15T00:35:42.020
CVE-2025-8422,0.002320000,0.461430000,0.8887662158432238,2026-06-09,2026-06-09,CVE-2025-8422,7.5,2026-04-15T00:35:42.020
CVE-2025-8417,0.003740000,0.594160000,0.9177477228815898,2026-06-09,2026-06-09,CVE-2025-8417,8.1,2026-04-15T00:35:42.020
CVE-2025-8398,0.000530000,0.168400000,0.543472260557549,2026-06-09,2026-06-09,CVE-2025-8398,6.4,2026-04-15T00:35:42.020
CVE-2025-8392,0.000530000,0.168400000,0.543472260557549,2026-06-09,2026-06-09,CVE-2025-8392,6.4,2026-04-15T00:35:42.020
CVE-2025-8318,0.000530000,0.168400000,0.543472260557549,2026-06-09,2026-06-09,CVE-2025-8318,6.4,2026-04-15T00:35:42.020
CVE-2025-8316,0.000530000,0.168400000,0.543472260557549,2026-06-09,2026-06-09,CVE-2025-8316,6.4,2026-04-15T00:35:42.020
CVE-2025-8215,0.000530000,0.168400000,0.543472260557549,2026-06-09,2026-06-09,CVE-2025-8215,6.4,2026-04-15T00:35:42.020
CVE-2025-6088,0.000510000,0.163590000,0.5313276290367099,2026-06-09,2026-06-09,CVE-2025-6088,3.1,2025-10-16T16:00:19.400
CVE-2025-59052,0.000820000,0.239850000,0.7267457907811207,2026-06-09,2026-06-09,CVE-2025-59052,,2026-04-15T00:35:42.020
CVE-2025-59049,0.019070000,0.836420000,0.9776428374275462,2026-06-09,2026-06-09,CVE-2025-59049,7.5,2026-04-15T00:35:42.020
CVE-2025-59045,0.001220000,0.307310000,0.8087220535467844,2026-06-09,2026-06-09,CVE-2025-59045,,2026-04-15T00:35:42.020
CVE-2025-59041,0.005290000,0.675880000,0.9417609715705216,2026-06-09,2026-06-09,CVE-2025-59041,9.8,2025-10-22T18:40:53.837
CVE-2025-59035,0.000440000,0.139470000,0.4609439690863925,2026-06-09,2026-06-09,CVE-2025-59035,5.4,2025-09-17T21:23:56.843
CVE-2025-59034,0.000530000,0.168170000,0.543472260557549,2026-06-09,2026-06-09,CVE-2025-59034,4.3,2025-09-17T21:31:06.693
CVE-2025-58321,0.001040000,0.278870000,0.7885730057963014,2026-06-09,2026-06-09,CVE-2025-58321,10.0,2025-09-26T14:43:15.530
CVE-2025-58320,0.001230000,0.309180000,0.8114821970742478,2026-06-09,2026-06-09,CVE-2025-58320,7.3,2025-09-26T14:43:41.973
CVE-2025-5801,0.000530000,0.168400000,0.543472260557549,2026-06-09,2026-06-09,CVE-2025-5801,6.4,2026-04-15T00:35:42.020
CVE-2025-57642,0.044600000,0.893080000,0.9897874689483853,2026-06-09,2026-06-09,CVE-2025-57642,7.2,2025-10-17T19:28:54.450
CVE-2025-57520,0.000200000,0.057410000,0.13055478884902014,2026-06-09,2026-06-09,CVE-2025-57520,6.1,2025-09-16T17:35:50.310
CVE-2025-57392,0.000290000,0.087470000,0.29726745790781123,2026-06-09,2026-06-09,CVE-2025-57392,7.8,2025-09-17T21:22:34.947
CVE-2025-55976,0.001400000,0.339000000,0.834115373999448,2026-06-09,2026-06-09,CVE-2025-55976,8.4,2025-10-17T19:09:23.423
CVE-2025-54376,0.001550000,0.360150000,0.8487441346950041,2026-06-09,2026-06-09,CVE-2025-54376,7.5,2026-04-29T01:00:01.613
CVE-2025-54123,0.509330000,0.979210000,0.998343913883522,2026-06-09,2026-06-09,CVE-2025-54123,9.8,2025-09-17T21:17:53.460
CVE-2025-50892,0.000220000,0.064110000,0.18078940104885455,2026-06-09,2026-06-09,CVE-2025-50892,7.8,2025-10-20T14:37:01.910
CVE-2025-48041,0.002360000,0.467500000,0.8895942589014629,2026-06-09,2026-06-09,CVE-2025-48041,,2026-06-05T13:16:33.857
CVE-2025-48040,0.002380000,0.471200000,0.8906983163124482,2026-06-09,2026-06-09,CVE-2025-48040,,2026-06-05T13:16:33.680
CVE-2025-48039,0.002360000,0.467500000,0.8895942589014629,2026-06-09,2026-06-09,CVE-2025-48039,,2026-06-05T13:16:33.523
CVE-2025-48038,0.002360000,0.467500000,0.8895942589014629,2026-06-09,2026-06-09,CVE-2025-48038,,2026-06-05T13:16:33.373
CVE-2025-43785,0.000410000,0.127220000,0.4159536295887386,2026-06-09,2026-06-09,CVE-2025-43785,6.1,2025-12-16T15:07:24.647
CVE-2025-43784,0.000700000,0.216100000,0.6845155948109302,2026-06-09,2026-06-09,CVE-2025-43784,6.5,2025-12-16T14:45:25.463
CVE-2025-43783,0.000370000,0.114160000,0.3734474192658018,2026-06-09,2026-06-09,CVE-2025-43783,6.1,2025-12-16T14:45:55.890
CVE-2025-40695,0.000480000,0.152680000,0.5136627104609439,2026-06-09,2026-06-09,CVE-2025-40695,5.4,2025-09-12T15:31:11.180
CVE-2025-40694,0.000480000,0.152680000,0.5136627104609439,2026-06-09,2026-06-09,CVE-2025-40694,5.4,2025-09-12T15:31:24.010
CVE-2025-40693,0.000480000,0.152680000,0.5136627104609439,2026-06-09,2026-06-09,CVE-2025-40693,5.4,2025-09-12T15:31:37.410
CVE-2025-40692,0.000610000,0.192570000,0.6196522219155396,2026-06-09,2026-06-09,CVE-2025-40692,9.8,2025-09-12T15:31:47.440
CVE-2025-40691,0.000610000,0.192570000,0.6196522219155396,2026-06-09,2026-06-09,CVE-2025-40691,9.8,2025-09-12T15:31:54.967
CVE-2025-40690,0.000610000,0.192570000,0.6196522219155396,2026-06-09,2026-06-09,CVE-2025-40690,9.8,2025-09-12T15:32:04.580
CVE-2025-40689,0.000610000,0.192570000,0.6196522219155396,2026-06-09,2026-06-09,CVE-2025-40689,9.8,2025-09-12T15:32:20.270
CVE-2025-40687,0.000610000,0.192570000,0.6196522219155396,2026-06-09,2026-06-09,CVE-2025-40687,9.8,2025-09-12T15:32:29.880
CVE-2025-10250,0.000270000,0.079510000,0.2779464532155672,2026-06-09,2026-06-09,CVE-2025-10250,5.0,2026-04-29T01:00:01.613
CVE-2025-10247,0.000560000,0.178990000,0.5752139111233784,2026-06-09,2026-06-09,CVE-2025-10247,6.3,2026-04-29T01:00:01.613
CVE-2025-10246,0.000380000,0.115730000,0.37869169196798236,2026-06-09,2026-06-09,CVE-2025-10246,3.5,2026-04-29T01:00:01.613
CVE-2025-10245,0.000490000,0.154980000,0.5208390836323489,2026-06-09,2026-06-09,CVE-2025-10245,4.3,2026-04-29T01:00:01.613
CVE-2025-10236,0.002180000,0.444560000,0.8829699144355506,2026-06-09,2026-06-09,CVE-2025-10236,7.5,2026-04-29T01:00:01.613
CVE-2025-10235,0.000580000,0.184020000,0.5873585426442175,2026-06-09,2026-06-09,CVE-2025-10235,4.8,2026-04-29T01:00:01.613
CVE-2025-10234,0.000580000,0.184020000,0.5873585426442175,2026-06-09,2026-06-09,CVE-2025-10234,4.8,2026-04-29T01:00:01.613
CVE-2025-10233,0.001480000,0.350000000,0.8421197902290919,2026-06-09,2026-06-09,CVE-2025-10233,4.3,2026-04-29T01:00:01.613
CVE-2025-10232,0.000920000,0.258020000,0.75848744134695,2026-06-09,2026-06-09,CVE-2025-10232,5.4,2026-04-29T01:00:01.613
CVE-2025-10229,0.000490000,0.155260000,0.5208390836323489,2026-06-09,2026-06-09,CVE-2025-10229,4.3,2026-04-29T01:00:01.613
CVE-2025-10218,0.000680000,0.211300000,0.6660226331769252,2026-06-09,2026-06-09,CVE-2025-10218,9.8,2026-04-29T01:00:01.613
CVE-2025-10216,0.000340000,0.104170000,0.34777808446039193,2026-06-09,2026-06-09,CVE-2025-10216,2.6,2026-04-29T01:00:01.613
CVE-2025-10211,0.059660000,0.908470000,0.992823626828595,2026-06-09,2026-06-09,CVE-2025-10211,6.3,2026-04-29T01:00:01.613
CVE-2025-10210,0.008860000,0.758490000,0.960529947557273,2026-06-09,2026-06-09,CVE-2025-10210,8.8,2026-04-29T01:00:01.613
CVE-2025-10209,0.000650000,0.203980000,0.6433894562517251,2026-06-09,2026-06-09,CVE-2025-10209,5.4,2026-04-29T01:00:01.613
CVE-2025-10201,0.000370000,0.112920000,0.3734474192658018,2026-06-09,2026-06-09,CVE-2025-10201,8.8,2025-09-22T16:51:08.873
CVE-2025-10200,0.001180000,0.301840000,0.8062379243720673,2026-06-09,2026-06-09,CVE-2025-10200,8.8,2025-09-22T16:50:42.040
CVE-2025-0763,0.000550000,0.173570000,0.5658294231300027,2026-06-09,2026-06-09,CVE-2025-0763,4.3,2026-04-15T00:35:42.020
CVE-2024-47120,0.000200000,0.056960000,0.13055478884902014,2026-06-09,2026-06-09,CVE-2024-47120,6.8,2025-09-18T20:50:25.933
CVE-2024-45671,0.000270000,0.082230000,0.2779464532155672,2026-06-09,2026-06-09,CVE-2024-45671,7.5,2025-09-17T21:08:24.490
CVE-2024-45669,0.001240000,0.311260000,0.8125862544852333,2026-06-09,2026-06-09,CVE-2024-45669,6.5,2025-09-17T21:08:47.960
CVE-2025-9877,0.000530000,0.169880000,0.543472260557549,2026-06-09,2026-06-09,CVE-2025-9877,6.4,2026-04-15T00:35:42.020
CVE-2025-9807,0.001490000,0.351260000,0.8423958045818383,2026-06-09,2026-06-09,CVE-2025-9807,7.5,2026-04-15T00:35:42.020
CVE-2025-9319,0.000510000,0.162970000,0.5313276290367099,2026-06-09,2026-06-09,CVE-2025-9319,7.5,2026-04-15T00:35:42.020
CVE-2025-9214,0.000220000,0.064740000,0.18078940104885455,2026-06-09,2026-06-09,CVE-2025-9214,5.4,2026-04-15T00:35:42.020
CVE-2025-9201,0.000270000,0.080750000,0.2779464532155672,2026-06-09,2026-06-09,CVE-2025-9201,7.8,2026-04-15T00:35:42.020
CVE-2025-9018,0.001080000,0.285340000,0.7935412641457356,2026-06-09,2026-06-09,CVE-2025-9018,8.8,2026-04-15T00:35:42.020
CVE-2025-8716,0.000690000,0.213690000,0.6756831355230472,2026-06-09,2026-06-09,CVE-2025-8716,,2026-04-15T00:35:42.020
CVE-2025-8557,0.000450000,0.143740000,0.46839635661054374,2026-06-09,2026-06-09,CVE-2025-8557,8.8,2026-04-15T00:35:42.020
CVE-2025-8061,0.000090000,0.008860000,0.01186861716809274,2026-06-09,2026-06-09,CVE-2025-8061,7.0,2026-04-15T00:35:42.020
CVE-2025-59055,0.002770000,0.513760000,0.9011868617168093,2026-06-09,2026-06-09,CVE-2025-59055,7.2,2025-09-24T13:30:22.057
CVE-2025-59053,0.000930000,0.260150000,0.7615235992271598,2026-06-09,2026-06-09,CVE-2025-59053,9.6,2026-04-15T00:35:42.020
CVE-2025-59047,0.001320000,0.322380000,0.8214187137731161,2026-06-09,2026-06-09,CVE-2025-59047,,2026-04-15T00:35:42.020
CVE-2025-58754,0.003400000,0.570070000,0.913055478884902,2026-06-09,2026-06-09,CVE-2025-58754,7.5,2026-01-16T15:15:52.463
CVE-2025-58364,0.001840000,0.399620000,0.8669610819762628,2026-06-09,2026-06-09,CVE-2025-58364,6.5,2025-11-04T22:16:34.003
CVE-2025-58145,0.000750000,0.225870000,0.7046646425614131,2026-06-09,2026-06-09,CVE-2025-58145,7.5,2025-11-04T22:16:32.653
CVE-2025-58144,0.000970000,0.266380000,0.7756003312172233,2026-06-09,2026-06-09,CVE-2025-58144,7.5,2025-11-04T22:16:32.523
CVE-2025-58143,0.000840000,0.244210000,0.7347502070107645,2026-06-09,2026-06-09,CVE-2025-58143,9.8,2025-11-04T22:16:32.393
CVE-2025-58142,0.000450000,0.141220000,0.46839635661054374,2026-06-09,2026-06-09,CVE-2025-58142,9.8,2025-11-04T22:16:32.257
CVE-2025-58065,0.000290000,0.087500000,0.29726745790781123,2026-06-09,2026-06-09,CVE-2025-58065,6.5,2025-09-24T13:41:42.183
CVE-2025-58060,0.000540000,0.172950000,0.5600331217223296,2026-06-09,2026-06-09,CVE-2025-58060,8.0,2025-11-04T22:16:32.160
CVE-2025-56556,0.000790000,0.234650000,0.7195694176097157,2026-06-09,2026-06-09,CVE-2025-56556,3.8,2025-11-25T15:15:52.147
CVE-2025-55319,0.005090000,0.667570000,0.9373447419265801,2026-06-09,2026-06-09,CVE-2025-55319,9.8,2026-02-20T17:25:39.870
CVE-2025-43790,0.000930000,0.259710000,0.7615235992271598,2026-06-09,2026-06-09,CVE-2025-43790,8.1,2025-12-16T15:14:05.343
CVE-2025-43789,0.000520000,0.166360000,0.5385040022081148,2026-06-09,2026-06-09,CVE-2025-43789,5.3,2025-12-23T19:07:38.263
CVE-2025-43788,0.000750000,0.225700000,0.7046646425614131,2026-06-09,2026-06-09,CVE-2025-43788,4.3,2025-12-16T15:13:03.607
CVE-2025-43782,0.000750000,0.225700000,0.7046646425614131,2026-06-09,2026-06-09,CVE-2025-43782,4.3,2025-12-16T14:48:29.363
CVE-2025-40696,0.000480000,0.152680000,0.5136627104609439,2026-06-09,2026-06-09,CVE-2025-40696,5.4,2025-09-12T15:30:57.173
CVE-2025-40300,0.000390000,0.118030000,0.388076179961358,2026-06-09,2026-06-09,CVE-2025-40300,5.5,2026-05-12T13:17:18.637
CVE-2025-39791,0.000150000,0.028870000,0.050510626552580734,2026-06-09,2026-06-09,CVE-2025-39791,5.5,2025-11-25T18:20:14.283
CVE-2025-39790,0.000260000,0.079190000,0.25393320452663537,2026-06-09,2026-06-09,CVE-2025-39790,7.8,2026-05-12T13:17:11.633
CVE-2025-39789,0.000360000,0.109680000,0.3654430030361579,2026-06-09,2026-06-09,CVE-2025-39789,5.5,2025-11-25T18:22:51.720
CVE-2025-39788,0.000250000,0.074770000,0.22964394148495723,2026-06-09,2026-06-09,CVE-2025-39788,7.8,2026-05-12T13:17:11.440
CVE-2025-39787,0.000240000,0.069230000,0.21197902290919127,2026-06-09,2026-06-09,CVE-2025-39787,5.5,2026-05-12T13:17:11.270
CVE-2025-39786,0.000290000,0.087260000,0.29726745790781123,2026-06-09,2026-06-09,CVE-2025-39786,7.1,2025-11-25T18:44:51.740
CVE-2025-39785,0.000270000,0.082210000,0.2779464532155672,2026-06-09,2026-06-09,CVE-2025-39785,5.5,2025-11-25T18:47:36.567
CVE-2025-39784,0.000270000,0.082210000,0.2779464532155672,2026-06-09,2026-06-09,CVE-2025-39784,5.5,2025-11-25T18:49:03.547
CVE-2025-39783,0.000240000,0.070850000,0.21197902290919127,2026-06-09,2026-06-09,CVE-2025-39783,7.8,2026-05-12T13:17:11.103
CVE-2025-39782,0.000140000,0.028120000,0.043886282086668504,2026-06-09,2026-06-09,CVE-2025-39782,5.5,2026-05-12T13:17:10.913
CVE-2025-39781,0.000190000,0.055390000,0.11233784156776153,2026-06-09,2026-06-09,CVE-2025-39781,5.5,2025-11-25T18:49:43.003
CVE-2025-39780,0.000180000,0.050750000,0.09688103781396633,2026-06-09,2026-06-09,CVE-2025-39780,5.5,2025-11-25T19:08:03.367
CVE-2025-39779,0.000180000,0.050750000,0.09688103781396633,2026-06-09,2026-06-09,CVE-2025-39779,5.5,2025-11-25T19:08:58.510
CVE-2025-39777,0.000270000,0.082210000,0.2779464532155672,2026-06-09,2026-06-09,CVE-2025-39777,5.5,2025-11-25T19:09:23.363
CVE-2025-39776,0.000260000,0.079190000,0.25393320452663537,2026-06-09,2026-06-09,CVE-2025-39776,7.8,2026-05-12T13:17:10.737
CVE-2025-39775,0.000270000,0.082210000,0.2779464532155672,2026-06-09,2026-06-09,CVE-2025-39775,5.5,2025-11-25T19:54:17.880
CVE-2025-39774,0.000270000,0.082210000,0.2779464532155672,2026-06-09,2026-06-09,CVE-2025-39774,5.5,2025-11-25T19:55:05.873
CVE-2025-39773,0.000190000,0.054400000,0.11233784156776153,2026-06-09,2026-06-09,CVE-2025-39773,5.5,2026-05-12T13:17:10.583
CVE-2025-39772,0.000260000,0.077530000,0.25393320452663537,2026-06-09,2026-06-09,CVE-2025-39772,5.5,2026-05-12T13:17:10.410
CVE-2025-39771,0.000270000,0.082210000,0.2779464532155672,2026-06-09,2026-06-09,CVE-2025-39771,5.5,2025-11-25T19:55:53.850
CVE-2025-39770,0.000310000,0.093880000,0.32266077836047474,2026-06-09,2026-06-09,CVE-2025-39770,5.5,2026-05-12T13:17:10.227
CVE-2025-39769,0.000210000,0.061610000,0.14794369307203975,2026-06-09,2026-06-09,CVE-2025-39769,5.5,2025-11-25T19:56:42.420
CVE-2025-39768,0.000110000,0.015830000,0.026221363510902568,2026-06-09,2026-06-09,CVE-2025-39768,5.5,2025-11-25T19:57:15.460
CVE-2025-39767,0.000190000,0.052550000,0.11233784156776153,2026-06-09,2026-06-09,CVE-2025-39767,5.5,2025-11-25T19:57:59.820
CVE-2025-39766,0.000240000,0.070850000,0.21197902290919127,2026-06-09,2026-06-09,CVE-2025-39766,7.8,2026-05-12T13:17:10.073
CVE-2025-39765,0.000180000,0.050750000,0.09688103781396633,2026-06-09,2026-06-09,CVE-2025-39765,5.5,2025-11-25T19:58:32.573
CVE-2025-39764,0.000370000,0.113510000,0.3734474192658018,2026-06-09,2026-06-09,CVE-2025-39764,5.5,2026-04-18T09:16:11.663
CVE-2025-39763,0.000270000,0.082050000,0.2779464532155672,2026-06-09,2026-06-09,CVE-2025-39763,5.5,2026-03-17T16:30:58.270
CVE-2025-39762,0.000180000,0.050750000,0.09688103781396633,2026-06-09,2026-06-09,CVE-2025-39762,5.5,2025-11-26T16:25:47.433
CVE-2025-39761,0.000240000,0.070090000,0.21197902290919127,2026-06-09,2026-06-09,CVE-2025-39761,7.1,2025-11-26T16:25:41.300
CVE-2025-39760,0.000290000,0.088190000,0.29726745790781123,2026-06-09,2026-06-09,CVE-2025-39760,7.1,2026-05-12T13:17:09.927
CVE-2025-39759,0.000210000,0.059070000,0.14794369307203975,2026-06-09,2026-06-09,CVE-2025-39759,7.0,2026-05-12T13:17:09.780
CVE-2025-39758,0.000230000,0.068320000,0.20452663538504,2026-06-09,2026-06-09,CVE-2025-39758,5.5,2025-11-26T16:24:34.860
CVE-2025-39757,0.000240000,0.070850000,0.21197902290919127,2026-06-09,2026-06-09,CVE-2025-39757,7.1,2026-05-12T13:17:09.623
CVE-2025-39756,0.000400000,0.125750000,0.4004968258349434,2026-06-09,2026-06-09,CVE-2025-39756,5.5,2026-05-12T13:17:09.433
CVE-2025-39754,0.000190000,0.052550000,0.11233784156776153,2026-06-09,2026-06-09,CVE-2025-39754,4.7,2025-11-26T16:20:46.807
CVE-2025-39753,0.000190000,0.055390000,0.11233784156776153,2026-06-09,2026-06-09,CVE-2025-39753,5.5,2026-01-02T16:16:47.117
CVE-2025-39752,0.000240000,0.069230000,0.21197902290919127,2026-06-09,2026-06-09,CVE-2025-39752,5.5,2026-05-12T13:17:09.277
CVE-2025-39750,0.000240000,0.070090000,0.21197902290919127,2026-06-09,2026-06-09,CVE-2025-39750,7.1,2025-11-25T21:11:23.033
CVE-2025-39749,0.000240000,0.070850000,0.21197902290919127,2026-06-09,2026-06-09,CVE-2025-39749,7.0,2026-05-12T13:17:09.103
CVE-2025-39748,0.000250000,0.073470000,0.22964394148495723,2026-06-09,2026-06-09,CVE-2025-39748,5.5,2026-04-18T09:16:11.450
CVE-2025-39747,0.000320000,0.095580000,0.33038918023737235,2026-06-09,2026-06-09,CVE-2025-39747,5.5,2025-11-25T18:07:45.823
CVE-2025-39746,0.000290000,0.086800000,0.29726745790781123,2026-06-09,2026-06-09,CVE-2025-39746,5.5,2025-11-25T18:13:47.147
CVE-2025-39745,0.000160000,0.036950000,0.054650841843775874,2026-06-09,2026-06-09,CVE-2025-39745,5.5,2025-11-25T21:09:37.197
CVE-2025-39744,0.000350000,0.107450000,0.35219431410433344,2026-06-09,2026-06-09,CVE-2025-39744,7.1,2025-11-25T21:09:09.607
CVE-2025-39743,0.000190000,0.052770000,0.11233784156776153,2026-06-09,2026-06-09,CVE-2025-39743,7.8,2026-05-12T13:17:08.943
CVE-2025-39742,0.000240000,0.069230000,0.21197902290919127,2026-06-09,2026-06-09,CVE-2025-39742,5.5,2026-05-12T13:17:08.790
CVE-2025-39741,0.000270000,0.082210000,0.2779464532155672,2026-06-09,2026-06-09,CVE-2025-39741,5.5,2025-11-25T21:08:26.637
CVE-2025-39740,0.000290000,0.087260000,0.29726745790781123,2026-06-09,2026-06-09,CVE-2025-39740,7.8,2025-11-25T21:01:22.960
CVE-2025-39739,0.000230000,0.068320000,0.20452663538504,2026-06-09,2026-06-09,CVE-2025-39739,5.5,2025-11-25T17:49:23.880
CVE-2025-39738,0.000300000,0.090960000,0.3105161468396357,2026-06-09,2026-06-09,CVE-2025-39738,7.8,2026-05-12T13:17:08.613
CVE-2025-39737,0.000240000,0.069230000,0.21197902290919127,2026-06-09,2026-06-09,CVE-2025-39737,5.5,2026-05-12T13:17:08.433
CVE-2025-39736,0.000180000,0.051070000,0.09688103781396633,2026-06-09,2026-06-09,CVE-2025-39736,5.5,2026-05-12T13:17:08.257
CVE-2025-36222,0.000400000,0.124470000,0.4004968258349434,2026-06-09,2026-06-09,CVE-2025-36222,9.8,2025-10-02T19:31:43.080
CVE-2025-27466,0.000450000,0.141220000,0.46839635661054374,2026-06-09,2026-06-09,CVE-2025-27466,9.8,2025-11-04T22:16:08.697
CVE-2025-26499,0.000160000,0.039730000,0.054650841843775874,2026-06-09,2026-06-09,CVE-2025-26499,6.0,2026-04-15T00:35:42.020
CVE-2025-10278,0.000930000,0.260340000,0.7615235992271598,2026-06-09,2026-06-09,CVE-2025-10278,8.8,2026-04-29T01:00:01.613
CVE-2025-10277,0.000930000,0.260340000,0.7615235992271598,2026-06-09,2026-06-09,CVE-2025-10277,8.8,2026-04-29T01:00:01.613
CVE-2025-10276,0.000930000,0.260340000,0.7615235992271598,2026-06-09,2026-06-09,CVE-2025-10276,8.8,2026-04-29T01:00:01.613
CVE-2025-10275,0.000930000,0.260340000,0.7615235992271598,2026-06-09,2026-06-09,CVE-2025-10275,8.8,2026-04-29T01:00:01.613
CVE-2025-10274,0.000630000,0.198970000,0.6293127242616616,2026-06-09,2026-06-09,CVE-2025-10274,6.1,2026-04-29T01:00:01.613
CVE-2025-10273,0.001840000,0.399760000,0.8669610819762628,2026-06-09,2026-06-09,CVE-2025-10273,5.3,2026-04-29T01:00:01.613
CVE-2025-10272,0.000630000,0.198970000,0.6293127242616616,2026-06-09,2026-06-09,CVE-2025-10272,6.1,2026-04-29T01:00:01.613
CVE-2025-10271,0.000630000,0.198970000,0.6293127242616616,2026-06-09,2026-06-09,CVE-2025-10271,6.1,2026-04-29T01:00:01.613
CVE-2025-10269,0.000950000,0.263880000,0.7709080872205355,2026-06-09,2026-06-09,CVE-2025-10269,7.5,2026-04-15T00:35:42.020
CVE-2025-10255,0.000470000,0.149340000,0.48330113165884625,2026-06-09,2026-06-09,CVE-2025-10255,3.5,2026-04-29T01:00:01.613
CVE-2025-10254,0.000470000,0.149340000,0.48330113165884625,2026-06-09,2026-06-09,CVE-2025-10254,3.5,2026-04-29T01:00:01.613
CVE-2025-10253,0.000470000,0.149340000,0.48330113165884625,2026-06-09,2026-06-09,CVE-2025-10253,3.5,2026-04-29T01:00:01.613
CVE-2025-10252,0.000480000,0.152540000,0.5136627104609439,2026-06-09,2026-06-09,CVE-2025-10252,3.1,2026-04-29T01:00:01.613
CVE-2025-10251,0.000730000,0.222300000,0.6961081976262765,2026-06-09,2026-06-09,CVE-2025-10251,9.8,2026-04-29T01:00:01.613
CVE-2025-10193,0.000360000,0.109000000,0.3654430030361579,2026-06-09,2026-06-09,CVE-2025-10193,,2026-04-15T00:35:42.020
CVE-2025-10127,0.000960000,0.265610000,0.7720121446315208,2026-06-09,2026-06-09,CVE-2025-10127,9.8,2026-04-15T00:35:42.020
CVE-2025-9881,0.000230000,0.066530000,0.20452663538504,2026-06-09,2026-06-09,CVE-2025-9881,6.1,2026-04-15T00:35:42.020
CVE-2025-9880,0.000280000,0.085670000,0.29036709908915265,2026-06-09,2026-06-09,CVE-2025-9880,6.1,2026-04-15T00:35:42.020
CVE-2025-9879,0.000530000,0.169880000,0.543472260557549,2026-06-09,2026-06-09,CVE-2025-9879,6.4,2026-04-15T00:35:42.020
CVE-2025-9556,0.001280000,0.317510000,0.815622412365443,2026-06-09,2026-06-09,CVE-2025-9556,9.8,2026-04-15T00:35:42.020
CVE-2025-9086,0.003640000,0.588090000,0.9166436654706045,2026-06-09,2026-06-09,CVE-2025-9086,7.5,2026-06-02T14:16:40.553
CVE-2025-8699,0.000780000,0.232400000,0.7162572453767596,2026-06-09,2026-06-09,CVE-2025-8699,9.1,2026-04-15T00:35:42.020
CVE-2025-8575,0.020200000,0.841020000,0.978194866133039,2026-06-09,2026-06-09,CVE-2025-8575,7.2,2026-04-15T00:35:42.020
CVE-2025-8280,0.000650000,0.203930000,0.6433894562517251,2026-06-09,2026-06-09,CVE-2025-8280,5.8,2026-03-16T18:23:29.957
CVE-2025-7448,0.000360000,0.109090000,0.3654430030361579,2026-06-09,2026-06-09,CVE-2025-7448,,2026-04-15T00:35:42.020
CVE-2025-7337,0.000870000,0.248740000,0.7413745514766767,2026-06-09,2026-06-09,CVE-2025-7337,6.5,2025-09-20T02:55:16.800
CVE-2025-6769,0.000300000,0.091130000,0.3105161468396357,2026-06-09,2026-06-09,CVE-2025-6769,4.3,2025-09-20T02:55:46.933
CVE-2025-6638,0.000320000,0.097940000,0.33038918023737235,2026-06-09,2026-06-09,CVE-2025-6638,7.5,2025-10-21T13:33:08.580
CVE-2025-6454,0.000310000,0.092570000,0.32266077836047474,2026-06-09,2026-06-09,CVE-2025-6454,8.8,2025-09-20T02:56:00.287
CVE-2025-59139,0.000440000,0.138100000,0.4609439690863925,2026-06-09,2026-06-09,CVE-2025-59139,5.3,2025-09-17T20:35:36.607
CVE-2025-59058,0.000600000,0.188080000,0.6055754899254762,2026-06-09,2026-06-09,CVE-2025-59058,5.9,2026-04-15T00:35:42.020
CVE-2025-59054,0.000340000,0.104000000,0.34777808446039193,2026-06-09,2026-06-09,CVE-2025-59054,,2026-04-15T00:35:42.020
CVE-2025-58781,0.000290000,0.087670000,0.29726745790781123,2026-06-09,2026-06-09,CVE-2025-58781,4.8,2026-04-15T00:35:42.020
CVE-2025-58434,0.323620000,0.969490000,0.9977918851780293,2026-06-09,2026-06-09,CVE-2025-58434,9.8,2025-09-20T02:54:59.667
CVE-2025-57579,0.003590000,0.584470000,0.9163676511178581,2026-06-09,2026-06-09,CVE-2025-57579,8.0,2025-10-02T20:04:07.443
CVE-2025-57578,0.002650000,0.502580000,0.8978746894838532,2026-06-09,2026-06-09,CVE-2025-57578,8.0,2026-04-15T00:35:42.020
CVE-2025-57577,0.003090000,0.544080000,0.9075351918299751,2026-06-09,2026-06-09,CVE-2025-57577,8.0,2026-04-15T00:35:42.020
CVE-2025-56467,0.000730000,0.222160000,0.6961081976262765,2026-06-09,2026-06-09,CVE-2025-56467,6.5,2026-04-15T00:35:42.020
CVE-2025-55996,0.000470000,0.149160000,0.48330113165884625,2026-06-09,2026-06-09,CVE-2025-55996,6.3,2025-10-16T15:54:10.023
CVE-2025-55835,0.018750000,0.835000000,0.9773668230747999,2026-06-09,2026-06-09,CVE-2025-55835,9.8,2025-10-16T15:47:50.040
CVE-2025-52074,0.000590000,0.186870000,0.6003312172232956,2026-06-09,2026-06-09,CVE-2025-52074,6.1,2025-09-18T20:45:28.253
CVE-2025-45587,0.001000000,0.272080000,0.7838807617996136,2026-06-09,2026-06-09,CVE-2025-45587,7.0,2025-10-16T15:30:48.877
CVE-2025-45586,0.000960000,0.265520000,0.7720121446315208,2026-06-09,2026-06-09,CVE-2025-45586,7.5,2025-10-16T15:32:05.740
CVE-2025-45585,0.000460000,0.144220000,0.4739166436654706,2026-06-09,2026-06-09,CVE-2025-45585,5.4,2025-10-16T15:37:05.690
CVE-2025-45584,0.000750000,0.226290000,0.7046646425614131,2026-06-09,2026-06-09,CVE-2025-45584,7.5,2025-10-16T15:37:43.510
CVE-2025-45583,0.000940000,0.262040000,0.768147943693072,2026-06-09,2026-06-09,CVE-2025-45583,9.1,2025-10-16T15:39:07.447
CVE-2025-43796,0.002260000,0.454410000,0.8865581010212531,2026-06-09,2026-06-09,CVE-2025-43796,7.5,2025-12-16T15:24:46.057
CVE-2025-43795,0.000580000,0.182580000,0.5873585426442175,2026-06-09,2026-06-09,CVE-2025-43795,6.1,2025-12-16T15:20:46.490
CVE-2025-43787,0.000480000,0.152680000,0.5136627104609439,2026-06-09,2026-06-09,CVE-2025-43787,5.4,2025-12-16T15:12:32.193
CVE-2025-4235,0.000300000,0.090000000,0.3105161468396357,2026-06-09,2026-06-09,CVE-2025-4235,,2026-04-15T00:35:42.020
CVE-2025-4234,0.000290000,0.086090000,0.29726745790781123,2026-06-09,2026-06-09,CVE-2025-4234,,2026-04-15T00:35:42.020
CVE-2025-39798,0.000180000,0.047550000,0.09688103781396633,2026-06-09,2026-06-09,CVE-2025-39798,5.5,2026-05-12T13:17:12.147
CVE-2025-39797,0.000350000,0.105990000,0.35219431410433344,2026-06-09,2026-06-09,CVE-2025-39797,7.8,2025-11-24T18:04:53.373
CVE-2025-39796,0.000190000,0.055070000,0.11233784156776153,2026-06-09,2026-06-09,CVE-2025-39796,7.8,2025-11-24T18:08:31.347
CVE-2025-39795,0.000200000,0.058440000,0.13055478884902014,2026-06-09,2026-06-09,CVE-2025-39795,5.5,2026-05-12T13:17:11.983
CVE-2025-39794,0.000240000,0.069230000,0.21197902290919127,2026-06-09,2026-06-09,CVE-2025-39794,5.5,2026-05-12T13:17:11.813
CVE-2025-39793,0.000190000,0.055070000,0.11233784156776153,2026-06-09,2026-06-09,CVE-2025-39793,7.8,2025-11-25T14:43:59.203
CVE-2025-39792,0.000240000,0.071000000,0.21197902290919127,2026-06-09,2026-06-09,CVE-2025-39792,5.5,2025-11-25T18:16:38.180
CVE-2025-3650,0.000390000,0.119400000,0.388076179961358,2026-06-09,2026-06-09,CVE-2025-3650,3.5,2026-04-15T00:35:42.020
CVE-2025-27240,0.001040000,0.277830000,0.7885730057963014,2026-06-09,2026-06-09,CVE-2025-27240,7.2,2025-10-08T14:53:38.077
CVE-2025-27238,0.000330000,0.099080000,0.34004968258349433,2026-06-09,2026-06-09,CVE-2025-27238,3.5,2025-10-08T14:53:00.293
CVE-2025-27234,0.001640000,0.372110000,0.854264421749931,2026-06-09,2026-06-09,CVE-2025-27234,,2026-04-15T00:35:42.020
CVE-2025-27233,0.000430000,0.136790000,0.44714325144907535,2026-06-09,2026-06-09,CVE-2025-27233,,2026-04-15T00:35:42.020
CVE-2025-2256,0.000560000,0.178300000,0.5752139111233784,2026-06-09,2026-06-09,CVE-2025-2256,7.5,2025-09-20T02:56:22.680
CVE-2025-21043,0.049080000,0.898150000,0.991167540712117,2026-06-09,2026-06-09,CVE-2025-21043,9.8,2025-10-30T15:36:12.360
CVE-2025-21042,0.044120000,0.892370000,0.9895114545956389,2026-06-09,2026-06-09,CVE-2025-21042,9.8,2025-11-12T14:32:28.317
CVE-2025-1250,0.000810000,0.237380000,0.7242616616064035,2026-06-09,2026-06-09,CVE-2025-1250,6.5,2025-09-20T02:56:35.303
CVE-2025-10389,0.002110000,0.435940000,0.8780016560861165,2026-06-09,2026-06-09,CVE-2025-10389,8.8,2026-04-29T01:00:01.613
CVE-2025-10388,0.000420000,0.132190000,0.4242340601711289,2026-06-09,2026-06-09,CVE-2025-10388,3.5,2026-04-29T01:00:01.613
CVE-2025-10387,0.000630000,0.198530000,0.6293127242616616,2026-06-09,2026-06-09,CVE-2025-10387,8.8,2026-04-29T01:00:01.613
CVE-2025-10386,0.000450000,0.142040000,0.46839635661054374,2026-06-09,2026-06-09,CVE-2025-10386,4.3,2026-04-29T01:00:01.613
CVE-2025-10385,0.002090000,0.432640000,0.8766215843223848,2026-06-09,2026-06-09,CVE-2025-10385,8.8,2026-04-15T00:35:42.020
CVE-2025-10384,0.000630000,0.197930000,0.6293127242616616,2026-06-09,2026-06-09,CVE-2025-10384,5.4,2026-04-29T01:00:01.613
CVE-2025-10374,0.000640000,0.199540000,0.6362130830803202,2026-06-09,2026-06-09,CVE-2025-10374,7.3,2026-04-29T01:00:01.613
CVE-2025-10373,0.000470000,0.147730000,0.48330113165884625,2026-06-09,2026-06-09,CVE-2025-10373,6.1,2026-04-29T01:00:01.613
CVE-2025-10372,0.000470000,0.147730000,0.48330113165884625,2026-06-09,2026-06-09,CVE-2025-10372,5.4,2026-04-29T01:00:01.613
CVE-2025-10371,0.000840000,0.243870000,0.7347502070107645,2026-06-09,2026-06-09,CVE-2025-10371,7.3,2026-04-29T01:00:01.613
CVE-2025-10370,0.004250000,0.625850000,0.9263041678167264,2026-06-09,2026-06-09,CVE-2025-10370,5.4,2026-04-29T01:00:01.613
CVE-2025-10369,0.000650000,0.203040000,0.6433894562517251,2026-06-09,2026-06-09,CVE-2025-10369,6.1,2026-04-29T01:00:01.613
CVE-2025-10368,0.000530000,0.168240000,0.543472260557549,2026-06-09,2026-06-09,CVE-2025-10368,6.1,2026-04-29T01:00:01.613
CVE-2025-10367,0.000530000,0.168240000,0.543472260557549,2026-06-09,2026-06-09,CVE-2025-10367,6.1,2026-04-29T01:00:01.613
CVE-2025-10366,0.000530000,0.168240000,0.543472260557549,2026-06-09,2026-06-09,CVE-2025-10366,5.4,2026-04-29T01:00:01.613
CVE-2025-10365,0.001410000,0.340460000,0.834943417057687,2026-06-09,2026-06-09,CVE-2025-10365,,2026-04-15T00:35:42.020
CVE-2025-10364,0.002230000,0.450250000,0.8854540436102677,2026-06-09,2026-06-09,CVE-2025-10364,,2026-04-15T00:35:42.020
CVE-2025-10359,0.011640000,0.789820000,0.9679823350814243,2026-06-09,2026-06-09,CVE-2025-10359,9.8,2026-04-29T01:00:01.613
CVE-2025-10358,0.011640000,0.789820000,0.9679823350814243,2026-06-09,2026-06-09,CVE-2025-10358,9.8,2026-04-29T01:00:01.613
CVE-2025-10340,0.000540000,0.172570000,0.5600331217223296,2026-06-09,2026-06-09,CVE-2025-10340,3.5,2026-04-29T01:00:01.613
CVE-2025-10332,0.000360000,0.109660000,0.3654430030361579,2026-06-09,2026-06-09,CVE-2025-10332,5.4,2026-04-29T01:00:01.613
CVE-2025-10331,0.000480000,0.152900000,0.5136627104609439,2026-06-09,2026-06-09,CVE-2025-10331,5.4,2026-04-29T01:00:01.613
CVE-2025-10330,0.000680000,0.210720000,0.6660226331769252,2026-06-09,2026-06-09,CVE-2025-10330,6.1,2026-04-29T01:00:01.613
CVE-2025-10329,0.001320000,0.322490000,0.8214187137731161,2026-06-09,2026-06-09,CVE-2025-10329,9.8,2026-04-29T01:00:01.613
CVE-2025-10328,0.012760000,0.799280000,0.9699144355506486,2026-06-09,2026-06-09,CVE-2025-10328,9.8,2026-04-29T01:00:01.613
CVE-2025-10327,0.038560000,0.884530000,0.9875793541264146,2026-06-09,2026-06-09,CVE-2025-10327,9.8,2026-04-29T01:00:01.613
CVE-2025-10326,0.014490000,0.811560000,0.9729505934308584,2026-06-09,2026-06-09,CVE-2025-10326,9.8,2026-04-29T01:00:01.613
CVE-2025-10325,0.010680000,0.780840000,0.9668782776704389,2026-06-09,2026-06-09,CVE-2025-10325,8.8,2026-04-29T01:00:01.613
CVE-2025-10324,0.010250000,0.776490000,0.9652221915539608,2026-06-09,2026-06-09,CVE-2025-10324,9.8,2026-04-29T01:00:01.613
CVE-2025-10323,0.010250000,0.776490000,0.9652221915539608,2026-06-09,2026-06-09,CVE-2025-10323,9.8,2026-04-29T01:00:01.613
CVE-2025-10322,0.002100000,0.434010000,0.8771736130278774,2026-06-09,2026-06-09,CVE-2025-10322,5.3,2025-10-02T19:54:11.603
CVE-2025-10321,0.000700000,0.215190000,0.6845155948109302,2026-06-09,2026-06-09,CVE-2025-10321,5.3,2025-10-02T19:56:34.403
CVE-2025-10320,0.000440000,0.137070000,0.4609439690863925,2026-06-09,2026-06-09,CVE-2025-10320,3.1,2026-04-29T01:00:01.613
CVE-2025-10319,0.000500000,0.158450000,0.526635385040022,2026-06-09,2026-06-09,CVE-2025-10319,6.5,2026-04-29T01:00:01.613
CVE-2025-10318,0.001080000,0.285360000,0.7935412641457356,2026-06-09,2026-06-09,CVE-2025-10318,8.8,2026-04-29T01:00:01.613
CVE-2025-10291,0.000930000,0.260340000,0.7615235992271598,2026-06-09,2026-06-09,CVE-2025-10291,8.8,2026-04-29T01:00:01.613
CVE-2025-10288,0.000530000,0.170200000,0.543472260557549,2026-06-09,2026-06-09,CVE-2025-10288,5.3,2026-04-15T00:35:42.020
CVE-2025-10287,0.000450000,0.141000000,0.46839635661054374,2026-06-09,2026-06-09,CVE-2025-10287,3.1,2026-04-29T01:00:01.613
CVE-2025-10267,0.001510000,0.353870000,0.844603919403809,2026-06-09,2026-06-09,CVE-2025-10267,5.3,2026-04-15T00:35:42.020
CVE-2025-10266,0.001780000,0.390950000,0.862268837979575,2026-06-09,2026-06-09,CVE-2025-10266,9.8,2026-04-15T00:35:42.020
CVE-2025-10265,0.003870000,0.601880000,0.9213359094672923,2026-06-09,2026-06-09,CVE-2025-10265,8.8,2026-04-15T00:35:42.020
CVE-2025-10264,0.001200000,0.305590000,0.8067899530775601,2026-06-09,2026-06-09,CVE-2025-10264,10.0,2026-04-15T00:35:42.020
CVE-2025-10176,0.023470000,0.852050000,0.9815070383659951,2026-06-09,2026-06-09,CVE-2025-10176,7.2,2026-04-15T00:35:42.020
CVE-2025-10148,0.002900000,0.527360000,0.9044990339497654,2026-06-09,2026-06-09,CVE-2025-10148,5.3,2026-01-20T14:55:47.997
CVE-2025-10094,0.000550000,0.173980000,0.5658294231300027,2026-06-09,2026-06-09,CVE-2025-10094,6.5,2025-09-20T02:56:50.697
CVE-2024-45434,0.024930000,0.856130000,0.9826110957769804,2026-06-09,2026-06-09,CVE-2024-45434,9.8,2025-10-02T20:00:43.860
CVE-2024-45433,0.000350000,0.106730000,0.35219431410433344,2026-06-09,2026-06-09,CVE-2024-45433,6.5,2025-10-02T20:02:34.333
CVE-2024-45432,0.001000000,0.271510000,0.7838807617996136,2026-06-09,2026-06-09,CVE-2024-45432,7.5,2025-10-02T20:03:09.920
CVE-2024-45431,0.002040000,0.425250000,0.873585426442175,2026-06-09,2026-06-09,CVE-2024-45431,5.3,2025-10-02T20:03:21.330
CVE-2025-9826,0.000200000,0.057250000,0.13055478884902014,2026-06-09,2026-06-09,CVE-2025-9826,5.4,2026-02-23T11:16:21.393
CVE-2025-9084,0.000430000,0.133460000,0.44714325144907535,2026-06-09,2026-06-09,CVE-2025-9084,6.1,2025-09-16T15:59:24.377
CVE-2025-9078,0.000350000,0.107150000,0.35219431410433344,2026-06-09,2026-06-09,CVE-2025-9078,4.3,2025-09-16T15:58:12.830
CVE-2025-9076,0.000630000,0.197100000,0.6293127242616616,2026-06-09,2026-06-09,CVE-2025-9076,6.5,2025-09-20T02:52:38.957
CVE-2025-9072,0.000450000,0.142460000,0.46839635661054374,2026-06-09,2026-06-09,CVE-2025-9072,5.4,2025-09-16T16:00:26.390
CVE-2025-6051,0.000400000,0.123260000,0.4004968258349434,2026-06-09,2026-06-09,CVE-2025-6051,5.3,2025-10-21T14:16:24.770
CVE-2025-59378,0.000250000,0.074380000,0.22964394148495723,2026-06-09,2026-06-09,CVE-2025-59378,5.7,2026-04-15T00:35:42.020
CVE-2025-59375,0.001020000,0.274550000,0.7863648909743307,2026-06-09,2026-06-09,CVE-2025-59375,7.5,2026-05-12T13:17:22.640
CVE-2025-59364,0.000090000,0.009530000,0.01186861716809274,2026-06-09,2026-06-09,CVE-2025-59364,5.3,2026-04-15T00:35:42.020
CVE-2025-59363,0.000690000,0.214000000,0.6756831355230472,2026-06-09,2026-06-09,CVE-2025-59363,7.7,2026-04-15T00:35:42.020
CVE-2025-59361,0.015220000,0.816270000,0.9737786364890975,2026-06-09,2026-06-09,CVE-2025-59361,9.8,2025-10-14T14:43:52.970
CVE-2025-59360,0.026460000,0.860390000,0.9837151531879658,2026-06-09,2026-06-09,CVE-2025-59360,9.8,2025-10-14T14:43:35.363
CVE-2025-59359,0.020670000,0.842670000,0.979022909191278,2026-06-09,2026-06-09,CVE-2025-59359,9.8,2025-10-14T14:43:12.827
CVE-2025-59358,0.005010000,0.663840000,0.9359646701628485,2026-06-09,2026-06-09,CVE-2025-59358,7.5,2025-10-14T14:42:44.847
CVE-2025-43794,0.000410000,0.127220000,0.4159536295887386,2026-06-09,2026-06-09,CVE-2025-43794,4.8,2025-12-16T15:25:44.663
CVE-2025-41713,0.001790000,0.392470000,0.863924924096053,2026-06-09,2026-06-09,CVE-2025-41713,6.5,2026-04-15T00:35:42.020
CVE-2025-39804,0.000260000,0.077470000,0.25393320452663537,2026-06-09,2026-06-09,CVE-2025-39804,7.8,2025-11-24T17:51:26.380
CVE-2025-39803,0.000110000,0.014010000,0.026221363510902568,2026-06-09,2026-06-09,CVE-2025-39803,7.8,2025-11-24T17:55:07.587
CVE-2025-39802,0.000260000,0.077470000,0.25393320452663537,2026-06-09,2026-06-09,CVE-2025-39802,7.8,2025-11-24T18:00:57.393
CVE-2025-39801,0.000200000,0.057730000,0.13055478884902014,2026-06-09,2026-06-09,CVE-2025-39801,5.5,2026-05-12T13:17:12.437
CVE-2025-39800,0.000230000,0.068240000,0.20452663538504,2026-06-09,2026-06-09,CVE-2025-39800,5.5,2026-05-12T13:17:12.307
CVE-2025-36035,0.000140000,0.024990000,0.043886282086668504,2026-06-09,2026-06-09,CVE-2025-36035,5.1,2025-12-19T13:29:49.780
CVE-2025-3025,0.000170000,0.045740000,0.06707148771736131,2026-06-09,2026-06-09,CVE-2025-3025,7.3,2026-04-15T00:35:42.020
CVE-2025-10453,0.000790000,0.233660000,0.7195694176097157,2026-06-09,2026-06-09,CVE-2025-10453,5.3,2026-04-15T00:35:42.020
CVE-2025-10452,0.002240000,0.451640000,0.8857300579630141,2026-06-09,2026-06-09,CVE-2025-10452,9.8,2026-04-15T00:35:42.020
CVE-2025-10446,0.000810000,0.238260000,0.7242616616064035,2026-06-09,2026-06-09,CVE-2025-10446,9.8,2026-04-29T01:00:01.613
CVE-2025-10445,0.000810000,0.238260000,0.7242616616064035,2026-06-09,2026-06-09,CVE-2025-10445,9.8,2026-04-29T01:00:01.613
CVE-2025-10444,0.000810000,0.238260000,0.7242616616064035,2026-06-09,2026-06-09,CVE-2025-10444,9.8,2026-04-29T01:00:01.613
CVE-2025-10443,0.006010000,0.699120000,0.9486613303891802,2026-06-09,2026-06-09,CVE-2025-10443,8.8,2025-09-19T19:22:53.663
CVE-2025-10442,0.011280000,0.786740000,0.9674303063759315,2026-06-09,2026-06-09,CVE-2025-10442,8.8,2026-04-29T01:00:01.613
CVE-2025-10441,0.003490000,0.577070000,0.9147115650013801,2026-06-09,2026-06-09,CVE-2025-10441,6.3,2026-04-29T01:00:01.613
CVE-2025-10440,0.003490000,0.577070000,0.9147115650013801,2026-06-09,2026-06-09,CVE-2025-10440,6.3,2026-04-29T01:00:01.613
CVE-2025-10436,0.000610000,0.193520000,0.6196522219155396,2026-06-09,2026-06-09,CVE-2025-10436,9.8,2026-04-29T01:00:01.613
CVE-2025-10435,0.000600000,0.188290000,0.6055754899254762,2026-06-09,2026-06-09,CVE-2025-10435,9.8,2026-04-29T01:00:01.613
CVE-2025-10434,0.000410000,0.128320000,0.4159536295887386,2026-06-09,2026-06-09,CVE-2025-10434,2.4,2026-04-29T01:00:01.613
CVE-2025-10433,0.001100000,0.289950000,0.7965774220259454,2026-06-09,2026-06-09,CVE-2025-10433,6.3,2026-04-29T01:00:01.613
CVE-2025-10432,0.007910000,0.742790000,0.9580458183825559,2026-06-09,2026-06-09,CVE-2025-10432,9.8,2025-09-20T02:53:14.723
CVE-2025-10431,0.000580000,0.182930000,0.5873585426442175,2026-06-09,2026-06-09,CVE-2025-10431,8.8,2026-04-29T01:00:01.613
CVE-2025-10430,0.000830000,0.243070000,0.730333977366823,2026-06-09,2026-06-09,CVE-2025-10430,8.8,2026-04-29T01:00:01.613
CVE-2025-10429,0.000580000,0.182930000,0.5873585426442175,2026-06-09,2026-06-09,CVE-2025-10429,8.8,2026-04-29T01:00:01.613
CVE-2025-10428,0.000960000,0.264770000,0.7720121446315208,2026-06-09,2026-06-09,CVE-2025-10428,8.8,2026-04-29T01:00:01.613
CVE-2025-10427,0.000960000,0.264770000,0.7720121446315208,2026-06-09,2026-06-09,CVE-2025-10427,8.8,2026-04-29T01:00:01.613
CVE-2025-10426,0.000600000,0.188290000,0.6055754899254762,2026-06-09,2026-06-09,CVE-2025-10426,9.8,2026-04-29T01:00:01.613
CVE-2025-10425,0.001160000,0.299360000,0.8026497377863648,2026-06-09,2026-06-09,CVE-2025-10425,9.8,2026-04-29T01:00:01.613
CVE-2025-10424,0.001160000,0.299360000,0.8026497377863648,2026-06-09,2026-06-09,CVE-2025-10424,9.8,2026-04-29T01:00:01.613
CVE-2025-10423,0.000750000,0.226240000,0.7046646425614131,2026-06-09,2026-06-09,CVE-2025-10423,3.7,2026-04-29T01:00:01.613
CVE-2025-10422,0.000690000,0.212630000,0.6756831355230472,2026-06-09,2026-06-09,CVE-2025-10422,4.3,2026-04-29T01:00:01.613
CVE-2025-10421,0.000580000,0.182930000,0.5873585426442175,2026-06-09,2026-06-09,CVE-2025-10421,8.8,2026-04-29T01:00:01.613
CVE-2025-10420,0.000580000,0.182930000,0.5873585426442175,2026-06-09,2026-06-09,CVE-2025-10420,8.8,2026-04-29T01:00:01.613
CVE-2025-10419,0.000780000,0.233330000,0.7162572453767596,2026-06-09,2026-06-09,CVE-2025-10419,8.8,2026-04-29T01:00:01.613
CVE-2025-10418,0.000780000,0.233330000,0.7162572453767596,2026-06-09,2026-06-09,CVE-2025-10418,8.8,2026-04-29T01:00:01.613
CVE-2025-10417,0.000810000,0.238260000,0.7242616616064035,2026-06-09,2026-06-09,CVE-2025-10417,9.8,2026-04-29T01:00:01.613
CVE-2025-10416,0.000600000,0.188290000,0.6055754899254762,2026-06-09,2026-06-09,CVE-2025-10416,9.8,2026-04-29T01:00:01.613
CVE-2025-10415,0.000600000,0.188290000,0.6055754899254762,2026-06-09,2026-06-09,CVE-2025-10415,9.8,2026-04-29T01:00:01.613
CVE-2025-10414,0.000600000,0.188290000,0.6055754899254762,2026-06-09,2026-06-09,CVE-2025-10414,9.8,2026-04-29T01:00:01.613
CVE-2025-10413,0.000600000,0.188290000,0.6055754899254762,2026-06-09,2026-06-09,CVE-2025-10413,9.8,2026-04-29T01:00:01.613
CVE-2025-10411,0.000600000,0.188770000,0.6055754899254762,2026-06-09,2026-06-09,CVE-2025-10411,6.1,2026-04-29T01:00:01.613
CVE-2025-10410,0.000950000,0.262770000,0.7709080872205355,2026-06-09,2026-06-09,CVE-2025-10410,9.8,2026-04-29T01:00:01.613
CVE-2025-10409,0.000580000,0.182930000,0.5873585426442175,2026-06-09,2026-06-09,CVE-2025-10409,8.8,2026-04-29T01:00:01.613
CVE-2025-10408,0.000580000,0.182930000,0.5873585426442175,2026-06-09,2026-06-09,CVE-2025-10408,8.8,2026-04-29T01:00:01.613
CVE-2025-10407,0.000580000,0.182930000,0.5873585426442175,2026-06-09,2026-06-09,CVE-2025-10407,8.8,2026-04-29T01:00:01.613
CVE-2025-10405,0.000600000,0.188290000,0.6055754899254762,2026-06-09,2026-06-09,CVE-2025-10405,9.8,2026-04-29T01:00:01.613
CVE-2025-10404,0.000610000,0.193520000,0.6196522219155396,2026-06-09,2026-06-09,CVE-2025-10404,9.8,2026-04-29T01:00:01.613
CVE-2025-10403,0.000600000,0.188290000,0.6055754899254762,2026-06-09,2026-06-09,CVE-2025-10403,9.8,2026-04-29T01:00:01.613
CVE-2025-10402,0.000600000,0.188290000,0.6055754899254762,2026-06-09,2026-06-09,CVE-2025-10402,9.8,2026-04-29T01:00:01.613
CVE-2025-10401,0.005100000,0.668010000,0.9387248136903119,2026-06-09,2026-06-09,CVE-2025-10401,8.8,2026-04-29T01:00:01.613
CVE-2025-10400,0.000580000,0.182930000,0.5873585426442175,2026-06-09,2026-06-09,CVE-2025-10400,8.8,2026-04-29T01:00:01.613
CVE-2025-10399,0.000300000,0.090320000,0.3105161468396357,2026-06-09,2026-06-09,CVE-2025-10399,6.3,2026-04-29T01:00:01.613
CVE-2025-10398,0.000980000,0.269720000,0.7786364890974331,2026-06-09,2026-06-09,CVE-2025-10398,8.8,2026-04-29T01:00:01.613
CVE-2025-10397,0.000800000,0.235360000,0.7215015180789401,2026-06-09,2026-06-09,CVE-2025-10397,7.2,2026-04-29T01:00:01.613
CVE-2025-10396,0.000600000,0.188290000,0.6055754899254762,2026-06-09,2026-06-09,CVE-2025-10396,9.8,2026-04-29T01:00:01.613
CVE-2025-10395,0.000800000,0.235360000,0.7215015180789401,2026-06-09,2026-06-09,CVE-2025-10395,7.2,2025-10-08T14:24:08.327
CVE-2025-10394,0.000930000,0.260760000,0.7615235992271598,2026-06-09,2026-06-09,CVE-2025-10394,7.2,2026-04-29T01:00:01.613
CVE-2025-10393,0.000550000,0.174950000,0.5658294231300027,2026-06-09,2026-06-09,CVE-2025-10393,6.3,2026-04-29T01:00:01.613
CVE-2025-10392,0.001530000,0.356800000,0.8451559481093017,2026-06-09,2026-06-09,CVE-2025-10392,9.8,2026-04-15T00:35:42.020
CVE-2025-10391,0.000910000,0.256330000,0.7548992547612476,2026-06-09,2026-06-09,CVE-2025-10391,8.8,2026-04-29T01:00:01.613
CVE-2025-10390,0.001840000,0.399710000,0.8669610819762628,2026-06-09,2026-06-09,CVE-2025-10390,8.8,2026-04-29T01:00:01.613
CVE-2025-10204,0.024460000,0.854930000,0.9823350814242341,2026-06-09,2026-06-09,CVE-2025-10204,,2026-04-15T00:35:42.020
CVE-2025-0164,0.000150000,0.030450000,0.050510626552580734,2026-06-09,2026-06-09,CVE-2025-0164,2.3,2025-12-15T18:21:45.593
CVE-2022-50256,0.000170000,0.045630000,0.06707148771736131,2026-06-09,2026-06-09,CVE-2022-50256,7.8,2025-11-25T16:52:25.453
CVE-2022-50255,0.000220000,0.065430000,0.18078940104885455,2026-06-09,2026-06-09,CVE-2022-50255,7.1,2025-11-25T16:49:15.010
CVE-2022-50254,0.000250000,0.073200000,0.22964394148495723,2026-06-09,2026-06-09,CVE-2022-50254,5.5,2025-11-25T16:49:01.373
CVE-2022-50253,0.000170000,0.043870000,0.06707148771736131,2026-06-09,2026-06-09,CVE-2022-50253,5.5,2025-11-26T16:26:21.480
CVE-2022-50252,0.000160000,0.040730000,0.054650841843775874,2026-06-09,2026-06-09,CVE-2022-50252,7.8,2025-11-26T16:25:58.033
CVE-2022-50251,0.000200000,0.057680000,0.13055478884902014,2026-06-09,2026-06-09,CVE-2022-50251,5.5,2025-11-26T16:25:52.580
CVE-2022-50250,0.000170000,0.043870000,0.06707148771736131,2026-06-09,2026-06-09,CVE-2022-50250,5.5,2025-11-25T14:40:20.927
CVE-2022-50249,0.000200000,0.057680000,0.13055478884902014,2026-06-09,2026-06-09,CVE-2022-50249,5.5,2025-11-25T14:40:36.660
CVE-2022-50248,0.000220000,0.062340000,0.18078940104885455,2026-06-09,2026-06-09,CVE-2022-50248,7.8,2025-11-25T14:41:11.917
CVE-2022-50247,0.000220000,0.063150000,0.18078940104885455,2026-06-09,2026-06-09,CVE-2022-50247,5.5,2025-11-24T19:57:15.157
CVE-2022-50246,0.000210000,0.061280000,0.14794369307203975,2026-06-09,2026-06-09,CVE-2022-50246,5.5,2025-11-24T19:57:47.357
CVE-2022-50245,0.000200000,0.058720000,0.13055478884902014,2026-06-09,2026-06-09,CVE-2022-50245,7.8,2025-11-24T19:58:44.563
CVE-2022-50244,0.000200000,0.057680000,0.13055478884902014,2026-06-09,2026-06-09,CVE-2022-50244,5.5,2025-11-24T19:59:03.517
CVE-2022-50243,0.000220000,0.062340000,0.18078940104885455,2026-06-09,2026-06-09,CVE-2022-50243,7.8,2025-11-24T20:04:28.100
CVE-2022-50242,0.000200000,0.057680000,0.13055478884902014,2026-06-09,2026-06-09,CVE-2022-50242,5.5,2025-11-24T20:05:04.953
CVE-2022-50241,0.000320000,0.095650000,0.33038918023737235,2026-06-09,2026-06-09,CVE-2022-50241,7.8,2025-11-25T14:42:06.403
CVE-2022-50240,0.000220000,0.062340000,0.18078940104885455,2026-06-09,2026-06-09,CVE-2022-50240,7.8,2025-11-24T17:25:46.107
CVE-2022-50239,0.000220000,0.065430000,0.18078940104885455,2026-06-09,2026-06-09,CVE-2022-50239,7.1,2025-11-24T17:26:12.443
CVE-2022-50236,0.000110000,0.013530000,0.026221363510902568,2026-06-09,2026-06-09,CVE-2022-50236,5.5,2025-11-24T17:35:33.767
CVE-2022-50235,0.000210000,0.062080000,0.14794369307203975,2026-06-09,2026-06-09,CVE-2022-50235,7.8,2025-11-24T17:41:12.310
CVE-2022-50234,0.000220000,0.062340000,0.18078940104885455,2026-06-09,2026-06-09,CVE-2022-50234,7.8,2025-11-24T17:46:10.130
CVE-2025-59377,0.000480000,0.151480000,0.5136627104609439,2026-06-09,2026-06-09,CVE-2025-59377,9.8,2025-09-20T02:50:49.953
CVE-2025-59376,0.000110000,0.013820000,0.026221363510902568,2026-06-09,2026-06-09,CVE-2025-59376,5.3,2025-09-20T02:51:25.153
CVE-2025-56710,0.000200000,0.057470000,0.13055478884902014,2026-06-09,2026-06-09,CVE-2025-56710,7.3,2025-09-20T02:51:37.760
CVE-2025-50944,0.000640000,0.201160000,0.6362130830803202,2026-06-09,2026-06-09,CVE-2025-50944,8.8,2025-10-14T19:41:19.230
CVE-2025-50110,0.000440000,0.137220000,0.4609439690863925,2026-06-09,2026-06-09,CVE-2025-50110,8.8,2026-04-15T00:35:42.020
CVE-2025-46408,0.000450000,0.142490000,0.46839635661054374,2026-06-09,2026-06-09,CVE-2025-46408,9.8,2025-10-17T14:51:26.313
CVE-2025-10448,0.000600000,0.188290000,0.6055754899254762,2026-06-09,2026-06-09,CVE-2025-10448,9.8,2026-04-29T01:00:01.613
CVE-2025-10447,0.001160000,0.299360000,0.8026497377863648,2026-06-09,2026-06-09,CVE-2025-10447,9.8,2026-04-29T01:00:01.613
CVE-2023-53198,0.000170000,0.040950000,0.06707148771736131,2026-06-09,2026-06-09,CVE-2023-53198,5.5,2025-12-02T19:19:05.830
CVE-2023-53197,0.000210000,0.060070000,0.14794369307203975,2026-06-09,2026-06-09,CVE-2023-53197,5.5,2025-12-02T19:14:45.553
CVE-2023-53196,0.000210000,0.061280000,0.14794369307203975,2026-06-09,2026-06-09,CVE-2023-53196,5.5,2025-12-02T19:13:50.160
CVE-2023-53195,0.000170000,0.040950000,0.06707148771736131,2026-06-09,2026-06-09,CVE-2023-53195,5.5,2025-12-02T02:40:14.647
CVE-2023-53194,0.000220000,0.065430000,0.18078940104885455,2026-06-09,2026-06-09,CVE-2023-53194,7.8,2025-12-02T02:40:36.330
CVE-2023-53193,0.000220000,0.063150000,0.18078940104885455,2026-06-09,2026-06-09,CVE-2023-53193,5.5,2025-12-02T02:41:55.950
CVE-2023-53192,0.000210000,0.062080000,0.14794369307203975,2026-06-09,2026-06-09,CVE-2023-53192,7.8,2025-12-02T02:42:17.983
CVE-2023-53191,0.000210000,0.061280000,0.14794369307203975,2026-06-09,2026-06-09,CVE-2023-53191,5.5,2025-12-02T02:42:36.110
CVE-2023-53190,0.000170000,0.040950000,0.06707148771736131,2026-06-09,2026-06-09,CVE-2023-53190,5.5,2025-12-02T02:42:50.530
CVE-2023-53189,0.000210000,0.061280000,0.14794369307203975,2026-06-09,2026-06-09,CVE-2023-53189,5.5,2025-12-02T02:55:18.420
CVE-2023-53188,0.000160000,0.040560000,0.054650841843775874,2026-06-09,2026-06-09,CVE-2023-53188,4.7,2025-12-02T02:55:34.407
CVE-2023-53187,0.000170000,0.045630000,0.06707148771736131,2026-06-09,2026-06-09,CVE-2023-53187,7.8,2025-12-02T02:55:45.260
CVE-2023-53186,0.000170000,0.042920000,0.06707148771736131,2026-06-09,2026-06-09,CVE-2023-53186,4.7,2025-12-02T02:56:07.880
CVE-2023-53185,0.000200000,0.057680000,0.13055478884902014,2026-06-09,2026-06-09,CVE-2023-53185,5.5,2025-12-02T02:56:18.970
CVE-2023-53184,0.000200000,0.058590000,0.13055478884902014,2026-06-09,2026-06-09,CVE-2023-53184,7.8,2025-12-02T19:12:41.433
CVE-2023-53182,0.000170000,0.043870000,0.06707148771736131,2026-06-09,2026-06-09,CVE-2023-53182,5.5,2025-12-02T02:57:13.687
CVE-2023-53181,0.000170000,0.040950000,0.06707148771736131,2026-06-09,2026-06-09,CVE-2023-53181,5.5,2025-12-02T02:57:23.177
CVE-2023-53180,0.000250000,0.073200000,0.22964394148495723,2026-06-09,2026-06-09,CVE-2023-53180,5.5,2025-12-02T02:57:51.230
CVE-2023-53179,0.000200000,0.058720000,0.13055478884902014,2026-06-09,2026-06-09,CVE-2023-53179,7.8,2025-12-02T02:57:31.997
CVE-2023-53178,0.000140000,0.026840000,0.043886282086668504,2026-06-09,2026-06-09,CVE-2023-53178,4.7,2025-12-02T02:57:41.047
CVE-2023-53177,0.000170000,0.040950000,0.06707148771736131,2026-06-09,2026-06-09,CVE-2023-53177,5.5,2025-12-02T02:58:19.630
CVE-2023-53176,0.000170000,0.043870000,0.06707148771736131,2026-06-09,2026-06-09,CVE-2023-53176,5.5,2025-12-02T02:58:00.767
CVE-2023-53175,0.000220000,0.063150000,0.18078940104885455,2026-06-09,2026-06-09,CVE-2023-53175,5.5,2025-12-02T02:58:09.733
CVE-2023-53174,0.000210000,0.061280000,0.14794369307203975,2026-06-09,2026-06-09,CVE-2023-53174,5.5,2025-12-02T02:58:29.733
CVE-2023-53173,0.000210000,0.060070000,0.14794369307203975,2026-06-09,2026-06-09,CVE-2023-53173,5.5,2025-12-02T02:58:40.677
CVE-2023-53172,0.000250000,0.073200000,0.22964394148495723,2026-06-09,2026-06-09,CVE-2023-53172,5.5,2025-12-02T19:09:53.717
CVE-2023-53171,0.000210000,0.060690000,0.14794369307203975,2026-06-09,2026-06-09,CVE-2023-53171,5.5,2025-12-02T02:58:59.253
CVE-2023-53170,0.000250000,0.073200000,0.22964394148495723,2026-06-09,2026-06-09,CVE-2023-53170,5.5,2025-12-03T19:16:20.797
CVE-2023-53169,0.000220000,0.063150000,0.18078940104885455,2026-06-09,2026-06-09,CVE-2023-53169,5.5,2025-12-02T19:06:38.720
CVE-2023-53168,0.000170000,0.040950000,0.06707148771736131,2026-06-09,2026-06-09,CVE-2023-53168,5.5,2025-11-24T21:02:45.563
CVE-2023-53167,0.000250000,0.072750000,0.22964394148495723,2026-06-09,2026-06-09,CVE-2023-53167,5.5,2025-11-24T21:02:37.190
CVE-2023-53166,0.000130000,0.020920000,0.036157880209770905,2026-06-09,2026-06-09,CVE-2023-53166,4.7,2025-11-24T21:02:32.000
CVE-2023-53165,0.000200000,0.057100000,0.13055478884902014,2026-06-09,2026-06-09,CVE-2023-53165,5.5,2025-11-24T21:02:23.880
CVE-2023-53164,0.000210000,0.061280000,0.14794369307203975,2026-06-09,2026-06-09,CVE-2023-53164,5.5,2025-11-24T21:02:18.403
CVE-2023-53163,0.000220000,0.063150000,0.18078940104885455,2026-06-09,2026-06-09,CVE-2023-53163,5.5,2025-11-24T21:01:50.630
CVE-2023-53153,0.000220000,0.062340000,0.18078940104885455,2026-06-09,2026-06-09,CVE-2023-53153,7.8,2025-11-24T21:01:22.723
CVE-2023-53152,0.000170000,0.040950000,0.06707148771736131,2026-06-09,2026-06-09,CVE-2023-53152,5.5,2025-11-24T21:01:16.823
CVE-2023-53151,0.000140000,0.028120000,0.043886282086668504,2026-06-09,2026-06-09,CVE-2023-53151,5.5,2025-11-24T21:00:20.200
CVE-2023-53150,0.000180000,0.051310000,0.09688103781396633,2026-06-09,2026-06-09,CVE-2023-53150,5.5,2025-11-25T17:03:47.783
CVE-2023-53149,0.000160000,0.037870000,0.054650841843775874,2026-06-09,2026-06-09,CVE-2023-53149,5.5,2025-11-25T17:03:43.000
CVE-2023-53148,0.000200000,0.056510000,0.13055478884902014,2026-06-09,2026-06-09,CVE-2023-53148,7.8,2025-11-25T17:03:32.480
CVE-2023-53147,0.000210000,0.061280000,0.14794369307203975,2026-06-09,2026-06-09,CVE-2023-53147,5.5,2025-11-25T17:03:26.743
CVE-2022-50306,0.000140000,0.027640000,0.043886282086668504,2026-06-09,2026-06-09,CVE-2022-50306,7.1,2025-12-04T15:31:07.530
CVE-2022-50305,0.000170000,0.045630000,0.06707148771736131,2026-06-09,2026-06-09,CVE-2022-50305,7.8,2025-12-04T15:31:13.883
CVE-2022-50304,0.000220000,0.062520000,0.18078940104885455,2026-06-09,2026-06-09,CVE-2022-50304,5.5,2025-12-04T15:31:23.977
CVE-2022-50303,0.000230000,0.066290000,0.20452663538504,2026-06-09,2026-06-09,CVE-2022-50303,7.8,2025-12-04T15:31:34.053
CVE-2022-50302,0.000210000,0.060690000,0.14794369307203975,2026-06-09,2026-06-09,CVE-2022-50302,5.5,2025-12-04T15:31:49.697
CVE-2022-50301,0.000200000,0.058720000,0.13055478884902014,2026-06-09,2026-06-09,CVE-2022-50301,7.8,2025-12-04T15:32:33.170
CVE-2022-50300,0.000220000,0.065430000,0.18078940104885455,2026-06-09,2026-06-09,CVE-2022-50300,7.8,2025-12-04T15:33:20.600
CVE-2022-50299,0.000210000,0.061280000,0.14794369307203975,2026-06-09,2026-06-09,CVE-2022-50299,5.5,2025-12-04T15:33:30.630
CVE-2022-50298,0.000220000,0.063150000,0.18078940104885455,2026-06-09,2026-06-09,CVE-2022-50298,5.5,2025-12-04T15:33:39.543
CVE-2022-50297,0.000200000,0.057680000,0.13055478884902014,2026-06-09,2026-06-09,CVE-2022-50297,5.5,2025-12-04T15:33:54.417
CVE-2022-50296,0.000160000,0.038930000,0.054650841843775874,2026-06-09,2026-06-09,CVE-2022-50296,5.5,2025-12-04T15:34:09.233
CVE-2022-50295,0.000250000,0.073200000,0.22964394148495723,2026-06-09,2026-06-09,CVE-2022-50295,5.5,2025-12-04T18:52:56.973
CVE-2022-50294,0.000210000,0.061280000,0.14794369307203975,2026-06-09,2026-06-09,CVE-2022-50294,5.5,2025-12-03T19:27:08.237
CVE-2022-50293,0.000150000,0.032310000,0.050510626552580734,2026-06-09,2026-06-09,CVE-2022-50293,5.5,2025-12-04T18:53:12.567
CVE-2022-50292,0.000250000,0.073200000,0.22964394148495723,2026-06-09,2026-06-09,CVE-2022-50292,5.5,2025-12-04T18:53:55.843
CVE-2022-50291,0.000210000,0.061280000,0.14794369307203975,2026-06-09,2026-06-09,CVE-2022-50291,5.5,2025-12-04T18:54:12.970
CVE-2022-50289,0.000200000,0.057680000,0.13055478884902014,2026-06-09,2026-06-09,CVE-2022-50289,5.5,2025-12-03T19:26:03.923
CVE-2022-50288,0.000210000,0.061280000,0.14794369307203975,2026-06-09,2026-06-09,CVE-2022-50288,5.5,2025-12-03T19:25:31.920
CVE-2022-50287,0.000170000,0.040950000,0.06707148771736131,2026-06-09,2026-06-09,CVE-2022-50287,5.5,2025-12-03T19:23:03.087
CVE-2022-50286,0.000170000,0.043870000,0.06707148771736131,2026-06-09,2026-06-09,CVE-2022-50286,5.5,2025-12-23T17:15:45.760
CVE-2022-50285,0.000210000,0.061280000,0.14794369307203975,2026-06-09,2026-06-09,CVE-2022-50285,5.5,2025-12-04T18:54:33.920
CVE-2022-50284,0.000170000,0.040950000,0.06707148771736131,2026-06-09,2026-06-09,CVE-2022-50284,5.5,2025-12-03T19:20:00.620
CVE-2022-50283,0.000260000,0.077470000,0.25393320452663537,2026-06-09,2026-06-09,CVE-2022-50283,7.8,2025-12-04T18:55:35.373
CVE-2022-50282,0.000200000,0.057680000,0.13055478884902014,2026-06-09,2026-06-09,CVE-2022-50282,5.5,2025-12-04T18:56:27.057
CVE-2022-50281,0.000210000,0.060690000,0.14794369307203975,2026-06-09,2026-06-09,CVE-2022-50281,5.5,2025-12-04T18:56:35.393
CVE-2022-50280,0.000200000,0.057680000,0.13055478884902014,2026-06-09,2026-06-09,CVE-2022-50280,5.5,2025-12-04T14:55:40.777
CVE-2022-50279,0.000220000,0.062340000,0.18078940104885455,2026-06-09,2026-06-09,CVE-2022-50279,7.1,2025-12-03T19:18:01.133
CVE-2022-50278,0.000200000,0.057680000,0.13055478884902014,2026-06-09,2026-06-09,CVE-2022-50278,5.5,2025-12-03T19:17:01.023
CVE-2022-50277,0.000120000,0.017080000,0.030913607507590396,2026-06-09,2026-06-09,CVE-2022-50277,5.5,2025-12-03T18:31:12.860
CVE-2022-50276,0.000280000,0.085260000,0.29036709908915265,2026-06-09,2026-06-09,CVE-2022-50276,5.5,2025-12-03T18:30:20.230
CVE-2022-50275,0.000210000,0.061280000,0.14794369307203975,2026-06-09,2026-06-09,CVE-2022-50275,5.5,2025-12-03T19:16:53.663
CVE-2022-50274,0.000170000,0.045200000,0.06707148771736131,2026-06-09,2026-06-09,CVE-2022-50274,7.8,2025-12-03T18:21:27.363
CVE-2022-50273,0.000210000,0.061280000,0.14794369307203975,2026-06-09,2026-06-09,CVE-2022-50273,5.5,2025-12-03T18:20:36.103
CVE-2022-50272,0.000200000,0.057680000,0.13055478884902014,2026-06-09,2026-06-09,CVE-2022-50272,5.5,2025-12-03T18:19:31.887
CVE-2022-50271,0.000210000,0.061280000,0.14794369307203975,2026-06-09,2026-06-09,CVE-2022-50271,5.5,2025-12-03T18:18:35.573
CVE-2022-50270,0.000260000,0.079290000,0.25393320452663537,2026-06-09,2026-06-09,CVE-2022-50270,7.1,2026-01-23T16:39:12.573
CVE-2022-50269,0.000220000,0.063150000,0.18078940104885455,2026-06-09,2026-06-09,CVE-2022-50269,5.5,2025-12-03T18:17:11.063
CVE-2022-50268,0.000200000,0.057680000,0.13055478884902014,2026-06-09,2026-06-09,CVE-2022-50268,5.5,2025-12-03T18:16:12.043
CVE-2022-50267,0.000220000,0.063150000,0.18078940104885455,2026-06-09,2026-06-09,CVE-2022-50267,5.5,2025-12-03T18:15:12.883
CVE-2022-50266,0.000170000,0.040950000,0.06707148771736131,2026-06-09,2026-06-09,CVE-2022-50266,5.5,2025-12-02T19:27:30.377
CVE-2022-50265,0.000210000,0.061280000,0.14794369307203975,2026-06-09,2026-06-09,CVE-2022-50265,5.5,2025-12-03T18:14:05.767
CVE-2022-50264,0.000210000,0.061280000,0.14794369307203975,2026-06-09,2026-06-09,CVE-2022-50264,5.5,2025-12-02T19:22:11.253
CVE-2022-50263,0.000170000,0.040950000,0.06707148771736131,2026-06-09,2026-06-09,CVE-2022-50263,5.5,2025-12-02T19:21:08.623
CVE-2022-50262,0.000240000,0.070190000,0.21197902290919127,2026-06-09,2026-06-09,CVE-2022-50262,5.5,2025-12-02T19:20:01.900
CVE-2022-50261,0.000160000,0.038930000,0.054650841843775874,2026-06-09,2026-06-09,CVE-2022-50261,5.5,2025-11-25T17:02:57.720
CVE-2022-50260,0.000290000,0.088450000,0.29726745790781123,2026-06-09,2026-06-09,CVE-2022-50260,5.5,2025-11-25T17:02:41.887
CVE-2022-50259,0.000160000,0.040560000,0.054650841843775874,2026-06-09,2026-06-09,CVE-2022-50259,4.7,2025-11-25T17:02:21.320
CVE-2022-50258,0.000170000,0.045200000,0.06707148771736131,2026-06-09,2026-06-09,CVE-2022-50258,7.8,2025-11-25T17:02:11.130
CVE-2022-50257,0.000240000,0.070580000,0.21197902290919127,2026-06-09,2026-06-09,CVE-2022-50257,5.5,2025-11-25T17:02:00.230
CVE-2025-8396,0.001350000,0.330880000,0.824454871653326,2026-06-09,2026-06-09,CVE-2025-8396,,2026-04-15T00:35:42.020
CVE-2025-6202,0.000100000,0.012220000,0.02263317692520011,2026-06-09,2026-06-09,CVE-2025-6202,,2026-04-15T00:35:42.020
CVE-2025-52053,0.656470000,0.985180000,0.9988959425890146,2026-06-09,2026-06-09,CVE-2025-52053,9.8,2025-09-20T02:49:46.760
CVE-2025-36082,0.000190000,0.055520000,0.11233784156776153,2026-06-09,2026-06-09,CVE-2025-36082,3.3,2025-09-24T13:17:27.520
CVE-2025-10491,0.000210000,0.061720000,0.14794369307203975,2026-06-09,2026-06-09,CVE-2025-10491,7.8,2026-04-15T00:35:42.020
CVE-2025-10459,0.000600000,0.188290000,0.6055754899254762,2026-06-09,2026-06-09,CVE-2025-10459,9.8,2026-04-29T01:00:01.613
CVE-2023-53262,0.000220000,0.065430000,0.18078940104885455,2026-06-09,2026-06-09,CVE-2023-53262,7.8,2026-01-14T19:16:16.087
CVE-2023-53261,0.000370000,0.112510000,0.3734474192658018,2026-06-09,2026-06-09,CVE-2023-53261,5.5,2026-01-14T19:16:15.927
CVE-2023-53260,0.000170000,0.040950000,0.06707148771736131,2026-06-09,2026-06-09,CVE-2023-53260,5.5,2026-01-14T18:16:38.670
CVE-2023-53259,0.000210000,0.059740000,0.14794369307203975,2026-06-09,2026-06-09,CVE-2023-53259,7.1,2026-01-16T19:50:14.687
CVE-2023-53258,0.000170000,0.040950000,0.06707148771736131,2026-06-09,2026-06-09,CVE-2023-53258,5.5,2026-01-14T18:16:38.503
CVE-2023-53257,0.000180000,0.049730000,0.09688103781396633,2026-06-09,2026-06-09,CVE-2023-53257,7.8,2026-01-14T18:16:38.343
CVE-2023-53256,0.000270000,0.080170000,0.2779464532155672,2026-06-09,2026-06-09,CVE-2023-53256,5.5,2026-01-14T18:16:38.190
CVE-2023-53255,0.000210000,0.061280000,0.14794369307203975,2026-06-09,2026-06-09,CVE-2023-53255,5.5,2026-01-14T18:16:38.027
CVE-2023-53254,0.000190000,0.051880000,0.11233784156776153,2026-06-09,2026-06-09,CVE-2023-53254,7.1,2026-01-14T18:16:37.867
CVE-2023-53253,0.000260000,0.077470000,0.25393320452663537,2026-06-09,2026-06-09,CVE-2023-53253,7.8,2026-01-14T18:16:37.720
CVE-2023-53252,0.000170000,0.045630000,0.06707148771736131,2026-06-09,2026-06-09,CVE-2023-53252,7.8,2026-01-14T18:16:37.560
CVE-2023-53251,0.000210000,0.060690000,0.14794369307203975,2026-06-09,2026-06-09,CVE-2023-53251,5.5,2026-01-14T18:16:37.343
CVE-2023-53250,0.000220000,0.063150000,0.18078940104885455,2026-06-09,2026-06-09,CVE-2023-53250,5.5,2026-01-14T18:16:37.163
CVE-2023-53249,0.000210000,0.061280000,0.14794369307203975,2026-06-09,2026-06-09,CVE-2023-53249,5.5,2026-01-14T18:16:36.990
CVE-2023-53248,0.000220000,0.062520000,0.18078940104885455,2026-06-09,2026-06-09,CVE-2023-53248,5.5,2026-01-14T18:16:36.830
CVE-2023-53247,0.000080000,0.008040000,0.004416229643941485,2026-06-09,2026-06-09,CVE-2023-53247,5.5,2026-01-14T18:16:36.673
CVE-2023-53246,0.000370000,0.113750000,0.3734474192658018,2026-06-09,2026-06-09,CVE-2023-53246,5.5,2026-01-05T11:16:12.970
CVE-2023-53245,0.000280000,0.085260000,0.29036709908915265,2026-06-09,2026-06-09,CVE-2023-53245,5.5,2026-01-14T18:16:36.500
CVE-2023-53244,0.000170000,0.046040000,0.06707148771736131,2026-06-09,2026-06-09,CVE-2023-53244,5.5,2026-01-14T18:16:36.030
CVE-2023-53243,0.000210000,0.060690000,0.14794369307203975,2026-06-09,2026-06-09,CVE-2023-53243,5.5,2026-01-14T18:16:35.863
CVE-2023-53242,0.000210000,0.061280000,0.14794369307203975,2026-06-09,2026-06-09,CVE-2023-53242,5.5,2026-01-14T18:16:35.713
CVE-2023-53241,0.000210000,0.060690000,0.14794369307203975,2026-06-09,2026-06-09,CVE-2023-53241,5.5,2026-01-14T18:16:35.553
CVE-2023-53240,0.000220000,0.062520000,0.18078940104885455,2026-06-09,2026-06-09,CVE-2023-53240,5.5,2026-01-14T18:16:35.390
CVE-2023-53239,0.000210000,0.061280000,0.14794369307203975,2026-06-09,2026-06-09,CVE-2023-53239,5.5,2026-01-14T18:16:35.223
CVE-2023-53238,0.000220000,0.062340000,0.18078940104885455,2026-06-09,2026-06-09,CVE-2023-53238,7.1,2026-01-14T18:16:35.057
CVE-2023-53237,0.000220000,0.063150000,0.18078940104885455,2026-06-09,2026-06-09,CVE-2023-53237,5.5,2026-01-14T18:16:34.900
CVE-2023-53236,0.000250000,0.073200000,0.22964394148495723,2026-06-09,2026-06-09,CVE-2023-53236,5.5,2026-01-14T18:16:34.757
CVE-2023-53235,0.000260000,0.077470000,0.25393320452663537,2026-06-09,2026-06-09,CVE-2023-53235,7.8,2026-01-14T18:16:34.587
CVE-2023-53234,0.000280000,0.085260000,0.29036709908915265,2026-06-09,2026-06-09,CVE-2023-53234,5.5,2026-01-14T18:16:34.417
CVE-2023-53233,0.000160000,0.039690000,0.054650841843775874,2026-06-09,2026-06-09,CVE-2023-53233,5.5,2026-01-14T18:16:34.250
CVE-2023-53232,0.000140000,0.028780000,0.043886282086668504,2026-06-09,2026-06-09,CVE-2023-53232,7.1,2026-03-17T16:35:01.950
CVE-2023-53231,0.000320000,0.098090000,0.33038918023737235,2026-06-09,2026-06-09,CVE-2023-53231,5.5,2026-01-14T18:16:34.100
CVE-2023-53230,0.000170000,0.046040000,0.06707148771736131,2026-06-09,2026-06-09,CVE-2023-53230,5.5,2026-01-14T18:16:33.950
CVE-2023-53229,0.000210000,0.061280000,0.14794369307203975,2026-06-09,2026-06-09,CVE-2023-53229,5.5,2026-01-14T18:16:33.710
CVE-2023-53228,0.000220000,0.063150000,0.18078940104885455,2026-06-09,2026-06-09,CVE-2023-53228,5.5,2026-03-25T11:16:04.887
CVE-2023-53226,0.000200000,0.057680000,0.13055478884902014,2026-06-09,2026-06-09,CVE-2023-53226,5.5,2026-01-14T18:16:33.177
CVE-2023-53225,0.000210000,0.061280000,0.14794369307203975,2026-06-09,2026-06-09,CVE-2023-53225,5.5,2026-01-14T18:16:32.823
CVE-2023-53224,0.000210000,0.061280000,0.14794369307203975,2026-06-09,2026-06-09,CVE-2023-53224,5.5,2026-01-14T18:16:32.560
CVE-2023-53223,0.000170000,0.043870000,0.06707148771736131,2026-06-09,2026-06-09,CVE-2023-53223,5.5,2026-01-14T18:16:32.307
CVE-2023-53222,0.000210000,0.059490000,0.14794369307203975,2026-06-09,2026-06-09,CVE-2023-53222,7.1,2026-01-14T18:16:32.003
CVE-2023-53221,0.000280000,0.085580000,0.29036709908915265,2026-06-09,2026-06-09,CVE-2023-53221,5.5,2026-01-14T18:16:31.613
CVE-2023-53220,0.000170000,0.043870000,0.06707148771736131,2026-06-09,2026-06-09,CVE-2023-53220,5.5,2026-01-14T18:16:31.300
CVE-2023-53219,0.000220000,0.062340000,0.18078940104885455,2026-06-09,2026-06-09,CVE-2023-53219,7.8,2026-01-14T18:16:30.093
CVE-2023-53218,0.000230000,0.066290000,0.20452663538504,2026-06-09,2026-06-09,CVE-2023-53218,7.8,2026-01-14T18:16:29.897
CVE-2023-53217,0.000220000,0.062340000,0.18078940104885455,2026-06-09,2026-06-09,CVE-2023-53217,7.8,2026-01-14T18:16:29.740
CVE-2023-53216,0.000210000,0.062080000,0.14794369307203975,2026-06-09,2026-06-09,CVE-2023-53216,7.8,2026-01-14T18:16:29.593
CVE-2023-53215,0.000170000,0.045200000,0.06707148771736131,2026-06-09,2026-06-09,CVE-2023-53215,7.8,2026-01-14T18:16:29.427
CVE-2023-53214,0.000260000,0.078990000,0.25393320452663537,2026-06-09,2026-06-09,CVE-2023-53214,7.8,2026-01-14T18:16:29.260
CVE-2023-53213,0.000160000,0.040730000,0.054650841843775874,2026-06-09,2026-06-09,CVE-2023-53213,7.1,2026-01-14T18:16:29.097
CVE-2023-53211,0.000170000,0.040950000,0.06707148771736131,2026-06-09,2026-06-09,CVE-2023-53211,5.5,2026-01-14T18:16:28.943
CVE-2023-53210,0.000220000,0.063150000,0.18078940104885455,2026-06-09,2026-06-09,CVE-2023-53210,5.5,2026-01-14T18:16:28.790
CVE-2023-53209,0.000190000,0.051620000,0.11233784156776153,2026-06-09,2026-06-09,CVE-2023-53209,5.5,2026-01-14T18:16:28.617
CVE-2023-53208,0.000170000,0.040950000,0.06707148771736131,2026-06-09,2026-06-09,CVE-2023-53208,5.5,2026-01-14T18:16:28.463
CVE-2023-53207,0.000170000,0.040950000,0.06707148771736131,2026-06-09,2026-06-09,CVE-2023-53207,5.5,2026-01-14T18:16:28.293
CVE-2023-53206,0.000250000,0.073200000,0.22964394148495723,2026-06-09,2026-06-09,CVE-2023-53206,5.5,2025-12-04T15:06:28.720
CVE-2023-53205,0.000220000,0.065430000,0.18078940104885455,2026-06-09,2026-06-09,CVE-2023-53205,7.8,2025-12-04T15:06:38.500
CVE-2023-53204,0.000160000,0.040560000,0.054650841843775874,2026-06-09,2026-06-09,CVE-2023-53204,4.7,2025-12-04T15:06:57.090
CVE-2023-53203,0.000250000,0.073200000,0.22964394148495723,2026-06-09,2026-06-09,CVE-2023-53203,5.5,2025-12-04T15:07:07.453
CVE-2023-53202,0.000260000,0.077260000,0.25393320452663537,2026-06-09,2026-06-09,CVE-2023-53202,5.5,2025-12-03T19:41:02.513
CVE-2023-53201,0.000210000,0.061280000,0.14794369307203975,2026-06-09,2026-06-09,CVE-2023-53201,5.5,2025-12-04T15:07:21.827
CVE-2023-53200,0.000220000,0.063150000,0.18078940104885455,2026-06-09,2026-06-09,CVE-2023-53200,5.5,2025-12-04T15:07:32.157
CVE-2023-53199,0.000210000,0.061280000,0.14794369307203975,2026-06-09,2026-06-09,CVE-2023-53199,5.5,2025-12-03T19:39:44.743
CVE-2022-50337,0.000210000,0.060690000,0.14794369307203975,2026-06-09,2026-06-09,CVE-2022-50337,5.5,2025-12-04T13:56:39.980
CVE-2022-50336,0.000220000,0.063150000,0.18078940104885455,2026-06-09,2026-06-09,CVE-2022-50336,5.5,2025-12-04T13:53:50.990
CVE-2022-50335,0.000220000,0.063150000,0.18078940104885455,2026-06-09,2026-06-09,CVE-2022-50335,5.5,2025-12-04T13:50:35.600
CVE-2022-50334,0.000170000,0.043870000,0.06707148771736131,2026-06-09,2026-06-09,CVE-2022-50334,5.5,2025-12-04T13:49:16.740
CVE-2022-50333,0.000160000,0.040730000,0.054650841843775874,2026-06-09,2026-06-09,CVE-2022-50333,7.1,2025-12-04T13:48:21.410
CVE-2022-50332,0.000250000,0.073200000,0.22964394148495723,2026-06-09,2026-06-09,CVE-2022-50332,5.5,2025-12-04T13:46:08.200
CVE-2022-50331,0.000170000,0.040950000,0.06707148771736131,2026-06-09,2026-06-09,CVE-2022-50331,5.5,2025-12-03T19:36:00.050
CVE-2022-50330,0.000210000,0.061280000,0.14794369307203975,2026-06-09,2026-06-09,CVE-2022-50330,5.5,2025-12-04T13:44:36.560
CVE-2022-50329,0.000210000,0.062080000,0.14794369307203975,2026-06-09,2026-06-09,CVE-2022-50329,7.8,2025-12-04T13:43:46.143
CVE-2022-50328,0.000320000,0.095650000,0.33038918023737235,2026-06-09,2026-06-09,CVE-2022-50328,7.8,2025-12-04T13:42:22.360
CVE-2022-50327,0.000340000,0.103280000,0.34777808446039193,2026-06-09,2026-06-09,CVE-2022-50327,5.5,2026-01-16T20:07:10.330
CVE-2022-50326,0.000250000,0.073200000,0.22964394148495723,2026-06-09,2026-06-09,CVE-2022-50326,5.5,2025-12-03T19:32:23.900
CVE-2022-50325,0.000170000,0.045630000,0.06707148771736131,2026-06-09,2026-06-09,CVE-2022-50325,7.8,2025-12-04T13:41:37.063
CVE-2022-50324,0.000160000,0.038930000,0.054650841843775874,2026-06-09,2026-06-09,CVE-2022-50324,5.5,2025-12-03T19:30:24.373
CVE-2022-50323,0.000170000,0.040950000,0.06707148771736131,2026-06-09,2026-06-09,CVE-2022-50323,5.5,2025-12-04T15:07:59.800
CVE-2022-50322,0.000170000,0.040950000,0.06707148771736131,2026-06-09,2026-06-09,CVE-2022-50322,5.5,2025-12-04T15:12:01.390
CVE-2022-50321,0.000210000,0.061280000,0.14794369307203975,2026-06-09,2026-06-09,CVE-2022-50321,5.5,2025-12-03T19:29:55.420
CVE-2022-50320,0.000180000,0.049730000,0.09688103781396633,2026-06-09,2026-06-09,CVE-2022-50320,7.8,2025-12-04T15:19:05.830
CVE-2022-50319,0.000220000,0.063150000,0.18078940104885455,2026-06-09,2026-06-09,CVE-2022-50319,5.5,2025-12-04T15:19:17.463
CVE-2022-50318,0.000210000,0.061280000,0.14794369307203975,2026-06-09,2026-06-09,CVE-2022-50318,5.5,2025-12-04T15:19:27.877
CVE-2022-50317,0.000210000,0.061280000,0.14794369307203975,2026-06-09,2026-06-09,CVE-2022-50317,5.5,2025-12-04T15:19:42.590
CVE-2022-50316,0.000220000,0.062520000,0.18078940104885455,2026-06-09,2026-06-09,CVE-2022-50316,5.5,2025-12-03T19:29:19.307
CVE-2022-50315,0.000170000,0.045200000,0.06707148771736131,2026-06-09,2026-06-09,CVE-2022-50315,7.8,2025-12-04T15:21:57.063
CVE-2022-50314,0.000170000,0.043870000,0.06707148771736131,2026-06-09,2026-06-09,CVE-2022-50314,5.5,2025-12-04T15:22:06.630
CVE-2022-50313,0.000210000,0.061280000,0.14794369307203975,2026-06-09,2026-06-09,CVE-2022-50313,5.5,2025-12-04T15:22:16.860
CVE-2022-50312,0.000200000,0.057680000,0.13055478884902014,2026-06-09,2026-06-09,CVE-2022-50312,5.5,2025-12-04T15:22:27.233
CVE-2022-50311,0.000210000,0.061280000,0.14794369307203975,2026-06-09,2026-06-09,CVE-2022-50311,5.5,2025-12-04T15:23:00.490
CVE-2022-50310,0.000260000,0.077470000,0.25393320452663537,2026-06-09,2026-06-09,CVE-2022-50310,7.8,2025-12-04T15:23:20.263
CVE-2022-50309,0.000200000,0.057680000,0.13055478884902014,2026-06-09,2026-06-09,CVE-2022-50309,5.5,2025-12-04T15:28:59.283
CVE-2022-50308,0.000210000,0.060690000,0.14794369307203975,2026-06-09,2026-06-09,CVE-2022-50308,5.5,2025-12-04T15:29:24.480
CVE-2022-50307,0.000260000,0.079290000,0.25393320452663537,2026-06-09,2026-06-09,CVE-2022-50307,7.1,2025-12-04T15:30:58.510
CVE-2025-6999,0.001810000,0.394940000,0.8653049958597847,2026-06-09,2026-06-09,CVE-2025-6999,,2026-04-15T00:35:42.020
CVE-2025-6947,0.001340000,0.330240000,0.8239028429478333,2026-06-09,2026-06-09,CVE-2025-6947,,2026-04-15T00:35:42.020
CVE-2025-59399,0.000260000,0.077970000,0.25393320452663537,2026-06-09,2026-06-09,CVE-2025-59399,3.1,2026-04-15T00:35:42.020
CVE-2025-59398,0.000290000,0.087780000,0.29726745790781123,2026-06-09,2026-06-09,CVE-2025-59398,3.1,2026-04-15T00:35:42.020
CVE-2025-59397,0.000630000,0.197380000,0.6293127242616616,2026-06-09,2026-06-09,CVE-2025-59397,5.0,2026-04-15T00:35:42.020
CVE-2025-59332,0.000830000,0.241700000,0.730333977366823,2026-06-09,2026-06-09,CVE-2025-59332,8.6,2026-04-15T00:35:42.020
CVE-2025-59331,0.001380000,0.335270000,0.8266629864752967,2026-06-09,2026-06-09,CVE-2025-59331,,2026-04-15T00:35:42.020
CVE-2025-59330,0.001380000,0.335270000,0.8266629864752967,2026-06-09,2026-06-09,CVE-2025-59330,,2026-04-15T00:35:42.020
CVE-2025-59328,0.025440000,0.857670000,0.9831631244824731,2026-06-09,2026-06-09,CVE-2025-59328,6.5,2025-11-04T22:16:34.780
CVE-2025-59162,0.001380000,0.335270000,0.8266629864752967,2026-06-09,2026-06-09,CVE-2025-59162,,2026-04-15T00:35:42.020
CVE-2025-59155,0.000910000,0.256850000,0.7548992547612476,2026-06-09,2026-06-09,CVE-2025-59155,,2026-04-15T00:35:42.020
CVE-2025-59154,0.000330000,0.101200000,0.34004968258349433,2026-06-09,2026-06-09,CVE-2025-59154,5.9,2026-04-15T00:35:42.020
CVE-2025-59145,0.001380000,0.335270000,0.8266629864752967,2026-06-09,2026-06-09,CVE-2025-59145,,2026-04-15T00:35:42.020
CVE-2025-59144,0.001380000,0.335270000,0.8266629864752967,2026-06-09,2026-06-09,CVE-2025-59144,,2026-04-15T00:35:42.020
CVE-2025-59143,0.001380000,0.335270000,0.8266629864752967,2026-06-09,2026-06-09,CVE-2025-59143,,2026-04-15T00:35:42.020
CVE-2025-59142,0.001380000,0.335270000,0.8266629864752967,2026-06-09,2026-06-09,CVE-2025-59142,,2026-04-15T00:35:42.020
CVE-2025-59141,0.001380000,0.335270000,0.8266629864752967,2026-06-09,2026-06-09,CVE-2025-59141,,2026-04-15T00:35:42.020
CVE-2025-59140,0.001380000,0.335270000,0.8266629864752967,2026-06-09,2026-06-09,CVE-2025-59140,,2026-04-15T00:35:42.020
CVE-2025-59056,0.001750000,0.387260000,0.8595086944521115,2026-06-09,2026-06-09,CVE-2025-59056,7.5,2025-10-17T14:36:35.073
CVE-2025-58748,0.016060000,0.821090000,0.9748826939000828,2026-06-09,2026-06-09,CVE-2025-58748,9.8,2025-09-19T19:31:28.080
CVE-2025-58177,0.000410000,0.127150000,0.4159536295887386,2026-06-09,2026-06-09,CVE-2025-58177,5.4,2025-10-14T19:34:18.003
CVE-2025-58172,0.001850000,0.401640000,0.8677891250345018,2026-06-09,2026-06-09,CVE-2025-58172,,2026-04-15T00:35:42.020
CVE-2025-58046,0.016550000,0.824060000,0.9754347226055755,2026-06-09,2026-06-09,CVE-2025-58046,9.8,2025-09-19T19:31:40.467
CVE-2025-58045,0.025370000,0.857480000,0.9828871101297267,2026-06-09,2026-06-09,CVE-2025-58045,9.8,2025-09-19T19:34:04.427
CVE-2025-57248,0.001120000,0.291760000,0.7982335081424234,2026-06-09,2026-06-09,CVE-2025-57248,7.3,2025-09-20T02:48:48.503
CVE-2025-57176,0.005600000,0.686720000,0.9447971294507315,2026-06-09,2026-06-09,CVE-2025-57176,6.5,2026-04-15T00:35:42.020
CVE-2025-57174,0.016910000,0.826200000,0.9757107369583218,2026-06-09,2026-06-09,CVE-2025-57174,9.8,2026-04-15T00:35:42.020
CVE-2025-57118,0.001240000,0.310850000,0.8125862544852333,2026-06-09,2026-06-09,CVE-2025-57118,9.8,2025-09-18T16:48:50.220
CVE-2025-57117,0.000790000,0.234020000,0.7195694176097157,2026-06-09,2026-06-09,CVE-2025-57117,5.4,2025-09-18T16:48:43.503
CVE-2025-57104,0.000310000,0.093570000,0.32266077836047474,2026-06-09,2026-06-09,CVE-2025-57104,5.4,2025-09-20T02:47:42.020
CVE-2025-56448,0.000520000,0.164480000,0.5385040022081148,2026-06-09,2026-06-09,CVE-2025-56448,6.8,2025-10-14T19:33:01.220
CVE-2025-56274,0.000670000,0.209040000,0.6618824178857301,2026-06-09,2026-06-09,CVE-2025-56274,8.1,2026-04-09T19:49:33.170
CVE-2025-56252,0.000680000,0.210920000,0.6660226331769252,2026-06-09,2026-06-09,CVE-2025-56252,6.1,2025-09-20T02:49:13.163
CVE-2025-55211,0.000850000,0.246430000,0.7380623792437206,2026-06-09,2026-06-09,CVE-2025-55211,8.8,2025-10-17T14:46:44.293
CVE-2025-52344,0.000930000,0.259620000,0.7615235992271598,2026-06-09,2026-06-09,CVE-2025-52344,6.1,2026-02-05T17:03:34.150
CVE-2025-52048,0.000590000,0.186820000,0.6003312172232956,2026-06-09,2026-06-09,CVE-2025-52048,6.5,2025-09-20T02:57:59.197
CVE-2025-49089,0.000680000,0.209510000,0.6660226331769252,2026-06-09,2026-06-09,CVE-2025-49089,6.3,2025-10-02T18:49:15.050
CVE-2025-45091,0.000440000,0.137540000,0.4609439690863925,2026-06-09,2026-06-09,CVE-2025-45091,5.4,2026-04-15T00:35:42.020
CVE-2025-43802,0.000440000,0.139310000,0.4609439690863925,2026-06-09,2026-06-09,CVE-2025-43802,6.1,2025-12-12T15:26:41.343
CVE-2025-43800,0.000440000,0.139310000,0.4609439690863925,2026-06-09,2026-06-09,CVE-2025-43800,6.1,2025-12-16T16:12:49.820
CVE-2025-43799,0.000730000,0.222280000,0.6961081976262765,2026-06-09,2026-06-09,CVE-2025-43799,6.5,2025-12-16T16:37:52.680
CVE-2025-43798,0.000430000,0.134470000,0.44714325144907535,2026-06-09,2026-06-09,CVE-2025-43798,6.5,2025-12-16T16:36:29.873
CVE-2025-43797,0.000870000,0.248920000,0.7413745514766767,2026-06-09,2026-06-09,CVE-2025-43797,5.4,2025-12-16T15:22:57.737
CVE-2025-43793,0.000890000,0.252870000,0.7491029533535744,2026-06-09,2026-06-09,CVE-2025-43793,7.5,2025-12-16T15:26:47.283
CVE-2025-43792,0.000660000,0.206490000,0.6486337289539056,2026-06-09,2026-06-09,CVE-2025-43792,5.3,2025-12-16T15:28:12.483
CVE-2025-43791,0.000440000,0.139310000,0.4609439690863925,2026-06-09,2026-06-09,CVE-2025-43791,6.1,2025-12-16T15:15:20.870
CVE-2025-43314,0.000210000,0.059600000,0.14794369307203975,2026-06-09,2026-06-09,CVE-2025-43314,5.5,2026-04-02T19:20:24.583
CVE-2025-43312,0.000190000,0.053440000,0.11233784156776153,2026-06-09,2026-06-09,CVE-2025-43312,5.5,2026-04-02T19:20:24.257
CVE-2025-43311,0.000260000,0.076040000,0.25393320452663537,2026-06-09,2026-06-09,CVE-2025-43311,5.1,2026-04-02T19:20:24.083
CVE-2025-43310,0.000260000,0.077760000,0.25393320452663537,2026-06-09,2026-06-09,CVE-2025-43310,4.4,2026-04-02T19:20:23.913
CVE-2025-43308,0.000500000,0.160430000,0.526635385040022,2026-06-09,2026-06-09,CVE-2025-43308,5.3,2026-04-02T19:20:23.597
CVE-2025-43307,0.000260000,0.077490000,0.25393320452663537,2026-06-09,2026-06-09,CVE-2025-43307,4.0,2025-11-03T19:15:58.910
CVE-2025-43305,0.000250000,0.073240000,0.22964394148495723,2026-06-09,2026-06-09,CVE-2025-43305,5.5,2026-04-02T19:20:23.277
CVE-2025-43304,0.000140000,0.024880000,0.043886282086668504,2026-06-09,2026-06-09,CVE-2025-43304,7.0,2026-04-02T19:20:23.110
CVE-2025-43303,0.000200000,0.057760000,0.13055478884902014,2026-06-09,2026-06-09,CVE-2025-43303,5.5,2026-04-02T19:20:22.920
CVE-2025-43302,0.000180000,0.047370000,0.09688103781396633,2026-06-09,2026-06-09,CVE-2025-43302,5.5,2026-04-02T19:20:22.717
CVE-2025-43301,0.000200000,0.056550000,0.13055478884902014,2026-06-09,2026-06-09,CVE-2025-43301,3.3,2026-04-02T19:20:22.530
CVE-2025-43299,0.000250000,0.073930000,0.22964394148495723,2026-06-09,2026-06-09,CVE-2025-43299,5.5,2026-04-02T19:20:22.120
CVE-2025-43298,0.000400000,0.123090000,0.4004968258349434,2026-06-09,2026-06-09,CVE-2025-43298,7.8,2026-04-02T19:20:21.950
CVE-2025-43297,0.000240000,0.071120000,0.21197902290919127,2026-06-09,2026-06-09,CVE-2025-43297,6.2,2025-11-03T19:15:57.527
CVE-2025-43295,0.000190000,0.053440000,0.11233784156776153,2026-06-09,2026-06-09,CVE-2025-43295,5.5,2026-04-02T19:20:21.463
CVE-2025-43294,0.000290000,0.086400000,0.29726745790781123,2026-06-09,2026-06-09,CVE-2025-43294,3.3,2026-04-02T19:20:21.280
CVE-2025-43293,0.000260000,0.078950000,0.25393320452663537,2026-06-09,2026-06-09,CVE-2025-43293,5.5,2026-04-02T19:20:21.110
CVE-2025-43292,0.000190000,0.052170000,0.11233784156776153,2026-06-09,2026-06-09,CVE-2025-43292,5.5,2026-04-02T19:20:20.940
CVE-2025-43291,0.000170000,0.040960000,0.06707148771736131,2026-06-09,2026-06-09,CVE-2025-43291,5.5,2026-04-02T19:20:20.770
CVE-2025-43287,0.000260000,0.077170000,0.25393320452663537,2026-06-09,2026-06-09,CVE-2025-43287,7.1,2025-11-03T19:15:56.633
CVE-2025-43286,0.000310000,0.094360000,0.32266077836047474,2026-06-09,2026-06-09,CVE-2025-43286,7.8,2026-04-02T19:20:20.290
CVE-2025-43285,0.000180000,0.047510000,0.09688103781396633,2026-06-09,2026-06-09,CVE-2025-43285,5.5,2026-04-02T19:20:20.110
CVE-2025-43283,0.000290000,0.086760000,0.29726745790781123,2026-06-09,2026-06-09,CVE-2025-43283,3.3,2025-11-03T19:15:56.190
CVE-2025-43279,0.000280000,0.084290000,0.29036709908915265,2026-06-09,2026-06-09,CVE-2025-43279,6.2,2025-11-03T19:15:56.043
CVE-2025-43272,0.001390000,0.337160000,0.8294231300027601,2026-06-09,2026-06-09,CVE-2025-43272,6.5,2026-04-02T19:20:18.117
CVE-2025-43263,0.000200000,0.058760000,0.13055478884902014,2026-06-09,2026-06-09,CVE-2025-43263,7.1,2025-11-03T19:15:55.273
CVE-2025-43262,0.000290000,0.088920000,0.29726745790781123,2026-06-09,2026-06-09,CVE-2025-43262,5.1,2025-11-03T19:15:55.100
CVE-2025-43231,0.000260000,0.076950000,0.25393320452663537,2026-06-09,2026-06-09,CVE-2025-43231,5.5,2025-11-03T19:15:54.777
CVE-2025-43208,0.000250000,0.074640000,0.22964394148495723,2026-06-09,2026-06-09,CVE-2025-43208,5.5,2025-11-03T19:15:53.760
CVE-2025-43207,0.000220000,0.062690000,0.18078940104885455,2026-06-09,2026-06-09,CVE-2025-43207,5.5,2025-11-03T19:15:53.620
CVE-2025-43204,0.000190000,0.051850000,0.11233784156776153,2026-06-09,2026-06-09,CVE-2025-43204,7.8,2025-11-03T19:15:53.473
CVE-2025-43203,0.000250000,0.072940000,0.22964394148495723,2026-06-09,2026-06-09,CVE-2025-43203,4.0,2026-04-02T19:20:04.020
CVE-2025-43190,0.000200000,0.056420000,0.13055478884902014,2026-06-09,2026-06-09,CVE-2025-43190,5.5,2026-04-02T19:20:01.727
CVE-2025-31271,0.000600000,0.188750000,0.6055754899254762,2026-06-09,2026-06-09,CVE-2025-31271,7.5,2025-11-03T19:15:51.490
CVE-2025-31270,0.000250000,0.074640000,0.22964394148495723,2026-06-09,2026-06-09,CVE-2025-31270,5.5,2025-11-03T19:15:51.347
CVE-2025-31269,0.000210000,0.059050000,0.14794369307203975,2026-06-09,2026-06-09,CVE-2025-31269,5.5,2026-04-02T19:19:58.677
CVE-2025-31268,0.000180000,0.047510000,0.09688103781396633,2026-06-09,2026-06-09,CVE-2025-31268,5.5,2026-04-02T19:19:58.503
CVE-2025-31255,0.001440000,0.344600000,0.8357714601159261,2026-06-09,2026-06-09,CVE-2025-31255,9.8,2026-04-02T19:19:55.903
CVE-2025-31254,0.000660000,0.206200000,0.6486337289539056,2026-06-09,2026-06-09,CVE-2025-31254,5.4,2025-11-03T19:15:50.523
CVE-2025-30468,0.000570000,0.179580000,0.5810102125310516,2026-06-09,2026-06-09,CVE-2025-30468,6.5,2025-11-03T19:15:49.837
CVE-2025-24197,0.000250000,0.073240000,0.22964394148495723,2026-06-09,2026-06-09,CVE-2025-24197,5.5,2026-04-02T19:19:17.030
CVE-2025-24088,0.000850000,0.246390000,0.7380623792437206,2026-06-09,2026-06-09,CVE-2025-24088,7.5,2025-11-03T19:15:48.593
CVE-2025-10485,0.000450000,0.142040000,0.46839635661054374,2026-06-09,2026-06-09,CVE-2025-10485,4.3,2026-04-29T01:00:01.613
CVE-2025-10483,0.000580000,0.182930000,0.5873585426442175,2026-06-09,2026-06-09,CVE-2025-10483,8.8,2026-04-29T01:00:01.613
CVE-2025-10482,0.000600000,0.188290000,0.6055754899254762,2026-06-09,2026-06-09,CVE-2025-10482,9.8,2026-04-29T01:00:01.613
CVE-2025-10481,0.000580000,0.182930000,0.5873585426442175,2026-06-09,2026-06-09,CVE-2025-10481,8.8,2026-04-29T01:00:01.613
CVE-2025-10480,0.000980000,0.269330000,0.7786364890974331,2026-06-09,2026-06-09,CVE-2025-10480,9.8,2026-04-29T01:00:01.613
CVE-2025-10479,0.000610000,0.193520000,0.6196522219155396,2026-06-09,2026-06-09,CVE-2025-10479,9.8,2026-04-29T01:00:01.613
CVE-2025-10477,0.000610000,0.192750000,0.6196522219155396,2026-06-09,2026-06-09,CVE-2025-10477,9.8,2026-04-29T01:00:01.613
CVE-2025-10475,0.000240000,0.070490000,0.21197902290919127,2026-06-09,2026-06-09,CVE-2025-10475,5.5,2026-04-29T01:00:01.613
CVE-2025-10473,0.000630000,0.198530000,0.6293127242616616,2026-06-09,2026-06-09,CVE-2025-10473,9.8,2026-04-29T01:00:01.613
CVE-2025-10472,0.003480000,0.576330000,0.9144355506486337,2026-06-09,2026-06-09,CVE-2025-10472,7.5,2025-11-21T15:11:16.497
CVE-2025-10471,0.000830000,0.242260000,0.730333977366823,2026-06-09,2026-06-09,CVE-2025-10471,8.8,2026-04-29T01:00:01.613
CVE-2025-10203,0.000330000,0.102050000,0.34004968258349433,2026-06-09,2026-06-09,CVE-2025-10203,7.8,2026-04-15T00:35:42.020
CVE-2025-9808,0.011520000,0.788790000,0.9677063207286779,2026-06-09,2026-06-09,CVE-2025-9808,5.3,2026-04-15T00:35:42.020
CVE-2025-6575,0.000380000,0.117140000,0.37869169196798236,2026-06-09,2026-06-09,CVE-2025-6575,6.1,2026-06-05T15:16:42.563
CVE-2025-59453,0.000190000,0.054560000,0.11233784156776153,2026-06-09,2026-06-09,CVE-2025-59453,3.2,2026-04-15T00:35:42.020
CVE-2025-59437,0.000190000,0.054640000,0.11233784156776153,2026-06-09,2026-06-09,CVE-2025-59437,3.2,2026-04-15T00:35:42.020
CVE-2025-59436,0.000190000,0.054640000,0.11233784156776153,2026-06-09,2026-06-09,CVE-2025-59436,3.2,2026-04-15T00:35:42.020
CVE-2025-56706,0.003140000,0.548580000,0.9083632348882141,2026-06-09,2026-06-09,CVE-2025-56706,8.0,2025-09-19T20:57:13.170
CVE-2025-56697,0.000530000,0.168650000,0.543472260557549,2026-06-09,2026-06-09,CVE-2025-56697,6.1,2025-09-18T16:49:00.817
CVE-2025-5519,0.000770000,0.230470000,0.7129450731438035,2026-06-09,2026-06-09,CVE-2025-5519,6.5,2026-06-05T15:16:41.683
CVE-2025-5518,0.000570000,0.179720000,0.5810102125310516,2026-06-09,2026-06-09,CVE-2025-5518,6.5,2026-06-05T15:16:41.580
CVE-2025-4688,0.000540000,0.171920000,0.5600331217223296,2026-06-09,2026-06-09,CVE-2025-4688,9.8,2026-06-05T16:16:33.003
CVE-2025-43375,0.000540000,0.171170000,0.5600331217223296,2026-06-09,2026-06-09,CVE-2025-43375,5.5,2025-11-03T19:16:05.653
CVE-2025-43372,0.000500000,0.157800000,0.526635385040022,2026-06-09,2026-06-09,CVE-2025-43372,7.8,2026-04-02T19:20:35.230
CVE-2025-43371,0.000200000,0.058760000,0.13055478884902014,2026-06-09,2026-06-09,CVE-2025-43371,8.2,2025-11-03T19:16:05.363
CVE-2025-43370,0.000270000,0.081600000,0.2779464532155672,2026-06-09,2026-06-09,CVE-2025-43370,4.0,2025-11-03T19:16:05.230
CVE-2025-43369,0.000220000,0.062690000,0.18078940104885455,2026-06-09,2026-06-09,CVE-2025-43369,5.5,2025-11-03T19:16:05.093
CVE-2025-43368,0.000990000,0.270320000,0.7816726469776428,2026-06-09,2026-06-09,CVE-2025-43368,4.3,2026-05-12T13:17:19.563
CVE-2025-43367,0.000230000,0.068120000,0.20452663538504,2026-06-09,2026-06-09,CVE-2025-43367,5.5,2026-04-02T19:20:34.453
CVE-2025-43366,0.000210000,0.060860000,0.14794369307203975,2026-06-09,2026-06-09,CVE-2025-43366,5.5,2025-11-03T19:16:04.663
CVE-2025-43362,0.001230000,0.309750000,0.8114821970742478,2026-06-09,2026-06-09,CVE-2025-43362,9.8,2026-04-02T19:20:33.843
CVE-2025-43359,0.001820000,0.396880000,0.8658570245652774,2026-06-09,2026-06-09,CVE-2025-43359,9.8,2026-04-02T19:20:33.303
CVE-2025-43358,0.000180000,0.046230000,0.09688103781396633,2026-06-09,2026-06-09,CVE-2025-43358,8.8,2026-04-02T19:20:33.120
CVE-2025-43357,0.000240000,0.072480000,0.21197902290919127,2026-06-09,2026-06-09,CVE-2025-43357,3.3,2026-05-26T22:16:40.930
CVE-2025-43356,0.000870000,0.249040000,0.7413745514766767,2026-06-09,2026-06-09,CVE-2025-43356,6.5,2026-04-02T19:20:32.753
CVE-2025-43355,0.000180000,0.047370000,0.09688103781396633,2026-06-09,2026-06-09,CVE-2025-43355,5.5,2026-04-02T19:20:32.537
CVE-2025-43354,0.000220000,0.063240000,0.18078940104885455,2026-06-09,2026-06-09,CVE-2025-43354,5.5,2026-04-02T19:20:32.347
CVE-2025-43353,0.000190000,0.053440000,0.11233784156776153,2026-06-09,2026-06-09,CVE-2025-43353,5.5,2026-04-02T19:20:32.173
CVE-2025-43349,0.000210000,0.061550000,0.14794369307203975,2026-06-09,2026-06-09,CVE-2025-43349,2.8,2026-04-02T19:20:31.653
CVE-2025-43347,0.002150000,0.441030000,0.8818658570245653,2026-06-09,2026-06-09,CVE-2025-43347,9.8,2026-04-02T19:20:31.280
CVE-2025-43346,0.000180000,0.049580000,0.09688103781396633,2026-06-09,2026-06-09,CVE-2025-43346,5.5,2026-04-02T19:20:31.073
CVE-2025-43344,0.000290000,0.086800000,0.29726745790781123,2026-06-09,2026-06-09,CVE-2025-43344,3.3,2026-04-02T19:20:30.683
CVE-2025-43343,0.003230000,0.556600000,0.9100193210046923,2026-06-09,2026-06-09,CVE-2025-43343,9.8,2026-04-02T19:20:30.460
CVE-2025-43342,0.005540000,0.684790000,0.9442451007452387,2026-06-09,2026-06-09,CVE-2025-43342,9.8,2026-04-02T19:20:30.237
CVE-2025-43341,0.000230000,0.068200000,0.20452663538504,2026-06-09,2026-06-09,CVE-2025-43341,7.8,2026-04-02T19:20:30.067
CVE-2025-43340,0.000220000,0.062630000,0.18078940104885455,2026-06-09,2026-06-09,CVE-2025-43340,7.8,2025-11-03T19:16:02.230
CVE-2025-43337,0.000190000,0.054910000,0.11233784156776153,2026-06-09,2026-06-09,CVE-2025-43337,5.5,2026-04-02T19:20:29.567
CVE-2025-43333,0.000220000,0.062630000,0.18078940104885455,2026-06-09,2026-06-09,CVE-2025-43333,7.8,2025-11-03T19:16:01.940
CVE-2025-43332,0.000240000,0.070580000,0.21197902290919127,2026-06-09,2026-06-09,CVE-2025-43332,5.2,2026-04-02T19:20:28.750
CVE-2025-43331,0.000260000,0.077490000,0.25393320452663537,2026-06-09,2026-06-09,CVE-2025-43331,4.0,2025-11-03T19:16:01.653
CVE-2025-43330,0.000230000,0.068120000,0.20452663538504,2026-06-09,2026-06-09,CVE-2025-43330,8.2,2026-04-02T19:20:27.317
CVE-2025-43329,0.000180000,0.051110000,0.09688103781396633,2026-06-09,2026-06-09,CVE-2025-43329,8.8,2026-04-02T19:20:27.110
CVE-2025-43328,0.000210000,0.062200000,0.14794369307203975,2026-06-09,2026-06-09,CVE-2025-43328,3.3,2025-11-03T19:16:01.167
CVE-2025-43327,0.001130000,0.295140000,0.8009936516698868,2026-06-09,2026-06-09,CVE-2025-43327,6.5,2026-04-02T19:20:26.760
CVE-2025-43326,0.000200000,0.057760000,0.13055478884902014,2026-06-09,2026-06-09,CVE-2025-43326,5.5,2026-04-02T19:20:26.517
CVE-2025-43325,0.000220000,0.062690000,0.18078940104885455,2026-06-09,2026-06-09,CVE-2025-43325,5.5,2025-11-03T19:16:00.730
CVE-2025-43321,0.000210000,0.059330000,0.14794369307203975,2026-06-09,2026-06-09,CVE-2025-43321,5.5,2026-04-02T19:20:25.777
CVE-2025-43319,0.000210000,0.059330000,0.14794369307203975,2026-06-09,2026-06-09,CVE-2025-43319,5.5,2026-04-02T19:20:25.430
CVE-2025-43318,0.000290000,0.086500000,0.29726745790781123,2026-06-09,2026-06-09,CVE-2025-43318,6.2,2025-11-03T19:16:00.247
CVE-2025-43317,0.000180000,0.047510000,0.09688103781396633,2026-06-09,2026-06-09,CVE-2025-43317,5.5,2026-04-02T19:20:25.100
CVE-2025-43316,0.000230000,0.068200000,0.20452663538504,2026-06-09,2026-06-09,CVE-2025-43316,7.8,2026-04-02T19:20:24.927
CVE-2025-43315,0.000210000,0.059330000,0.14794369307203975,2026-06-09,2026-06-09,CVE-2025-43315,5.5,2026-04-02T19:20:24.753
CVE-2025-41249,0.001120000,0.293390000,0.7982335081424234,2026-06-09,2026-06-09,CVE-2025-41249,7.5,2026-04-15T00:35:42.020
CVE-2025-41248,0.000900000,0.254810000,0.7526911399392768,2026-06-09,2026-06-09,CVE-2025-41248,7.5,2026-04-15T00:35:42.020
CVE-2025-26711,0.000390000,0.118830000,0.388076179961358,2026-06-09,2026-06-09,CVE-2025-26711,5.7,2026-04-15T00:35:42.020
CVE-2025-26710,0.000280000,0.083080000,0.29036709908915265,2026-06-09,2026-06-09,CVE-2025-26710,3.5,2026-04-15T00:35:42.020
CVE-2025-2404,0.000530000,0.168470000,0.543472260557549,2026-06-09,2026-06-09,CVE-2025-2404,4.3,2026-06-06T08:16:51.620
CVE-2025-10316,0.000800000,0.235460000,0.7215015180789401,2026-06-09,2026-06-09,CVE-2025-10316,,2026-04-15T00:35:42.020
CVE-2025-10016,0.000250000,0.075180000,0.22964394148495723,2026-06-09,2026-06-09,CVE-2025-10016,,2026-04-15T00:35:42.020
CVE-2025-10015,0.000220000,0.065050000,0.18078940104885455,2026-06-09,2026-06-09,CVE-2025-10015,,2026-04-15T00:35:42.020
CVE-2024-12913,0.000270000,0.079970000,0.2779464532155672,2026-06-09,2026-06-09,CVE-2024-12913,8.8,2026-06-01T15:16:27.690
CVE-2024-12367,0.000800000,0.236270000,0.7215015180789401,2026-06-09,2026-06-09,CVE-2024-12367,8.6,2026-06-01T15:16:27.207
CVE-2023-53303,0.000250000,0.073200000,0.22964394148495723,2026-06-09,2026-06-09,CVE-2023-53303,5.5,2026-01-14T19:16:22.920
CVE-2023-53302,0.000170000,0.043870000,0.06707148771736131,2026-06-09,2026-06-09,CVE-2023-53302,5.5,2026-01-14T19:16:22.650
CVE-2023-53301,0.000170000,0.045630000,0.06707148771736131,2026-06-09,2026-06-09,CVE-2023-53301,7.1,2026-03-17T16:31:15.140
CVE-2023-53300,0.000220000,0.063150000,0.18078940104885455,2026-06-09,2026-06-09,CVE-2023-53300,5.5,2026-01-14T19:16:22.490
CVE-2023-53299,0.000200000,0.057680000,0.13055478884902014,2026-06-09,2026-06-09,CVE-2023-53299,5.5,2026-01-14T19:16:22.323
CVE-2023-53298,0.000210000,0.061280000,0.14794369307203975,2026-06-09,2026-06-09,CVE-2023-53298,5.5,2026-01-14T19:16:22.157
CVE-2023-53297,0.000170000,0.043870000,0.06707148771736131,2026-06-09,2026-06-09,CVE-2023-53297,5.5,2026-01-14T19:16:21.960
CVE-2023-53296,0.000210000,0.061280000,0.14794369307203975,2026-06-09,2026-06-09,CVE-2023-53296,5.5,2026-01-14T19:16:21.793
CVE-2023-53295,0.000170000,0.043870000,0.06707148771736131,2026-06-09,2026-06-09,CVE-2023-53295,5.5,2026-01-14T19:16:21.640
CVE-2023-53294,0.000210000,0.060690000,0.14794369307203975,2026-06-09,2026-06-09,CVE-2023-53294,5.5,2026-01-14T19:16:21.480
CVE-2023-53292,0.000190000,0.054200000,0.11233784156776153,2026-06-09,2026-06-09,CVE-2023-53292,5.5,2026-06-01T17:16:24.907
CVE-2023-53291,0.000210000,0.061280000,0.14794369307203975,2026-06-09,2026-06-09,CVE-2023-53291,5.5,2026-01-14T19:16:21.163
CVE-2023-53290,0.000210000,0.061280000,0.14794369307203975,2026-06-09,2026-06-09,CVE-2023-53290,5.5,2026-01-14T19:16:20.993
CVE-2023-53289,0.000200000,0.057680000,0.13055478884902014,2026-06-09,2026-06-09,CVE-2023-53289,5.5,2026-01-14T19:16:20.830
CVE-2023-53288,0.000170000,0.043870000,0.06707148771736131,2026-06-09,2026-06-09,CVE-2023-53288,5.5,2026-01-14T19:16:20.667
CVE-2023-53287,0.000220000,0.063150000,0.18078940104885455,2026-06-09,2026-06-09,CVE-2023-53287,5.5,2026-01-14T19:16:20.500
CVE-2023-53286,0.000320000,0.095650000,0.33038918023737235,2026-06-09,2026-06-09,CVE-2023-53286,7.8,2026-01-14T19:16:20.343
CVE-2023-53285,0.000160000,0.040730000,0.054650841843775874,2026-06-09,2026-06-09,CVE-2023-53285,7.8,2026-01-14T19:16:20.180
CVE-2023-53284,0.000170000,0.040950000,0.06707148771736131,2026-06-09,2026-06-09,CVE-2023-53284,5.5,2026-01-14T19:16:20.017
CVE-2023-53282,0.000180000,0.049730000,0.09688103781396633,2026-06-09,2026-06-09,CVE-2023-53282,7.8,2026-01-14T19:16:19.860
CVE-2023-53281,0.000160000,0.039690000,0.054650841843775874,2026-06-09,2026-06-09,CVE-2023-53281,5.5,2026-01-14T19:16:19.697
CVE-2023-53280,0.000250000,0.075030000,0.22964394148495723,2026-06-09,2026-06-09,CVE-2023-53280,5.5,2026-01-14T19:16:19.530
CVE-2023-53279,0.000210000,0.060070000,0.14794369307203975,2026-06-09,2026-06-09,CVE-2023-53279,5.5,2026-01-14T19:16:19.360
CVE-2023-53278,0.000170000,0.040950000,0.06707148771736131,2026-06-09,2026-06-09,CVE-2023-53278,5.5,2026-01-14T19:16:19.203
CVE-2023-53277,0.000170000,0.043870000,0.06707148771736131,2026-06-09,2026-06-09,CVE-2023-53277,5.5,2026-01-14T19:16:19.037
CVE-2023-53276,0.000160000,0.038930000,0.054650841843775874,2026-06-09,2026-06-09,CVE-2023-53276,5.5,2026-01-14T19:16:18.877
CVE-2023-53275,0.000170000,0.043870000,0.06707148771736131,2026-06-09,2026-06-09,CVE-2023-53275,5.5,2026-01-14T19:16:18.717
CVE-2023-53274,0.000310000,0.092180000,0.32266077836047474,2026-06-09,2026-06-09,CVE-2023-53274,7.8,2026-01-14T19:16:18.553
CVE-2023-53273,0.000210000,0.060690000,0.14794369307203975,2026-06-09,2026-06-09,CVE-2023-53273,5.5,2026-01-14T19:16:18.377
CVE-2023-53272,0.000210000,0.062080000,0.14794369307203975,2026-06-09,2026-06-09,CVE-2023-53272,7.1,2026-01-14T19:16:18.190
CVE-2023-53271,0.000210000,0.061280000,0.14794369307203975,2026-06-09,2026-06-09,CVE-2023-53271,5.5,2026-01-14T19:16:18.013
CVE-2023-53270,0.000210000,0.060690000,0.14794369307203975,2026-06-09,2026-06-09,CVE-2023-53270,5.5,2026-01-14T19:16:17.833
CVE-2023-53269,0.000170000,0.040950000,0.06707148771736131,2026-06-09,2026-06-09,CVE-2023-53269,5.5,2026-01-14T19:16:17.660
CVE-2023-53268,0.000210000,0.061280000,0.14794369307203975,2026-06-09,2026-06-09,CVE-2023-53268,5.5,2026-01-14T19:16:17.477
CVE-2023-53267,0.000170000,0.040950000,0.06707148771736131,2026-06-09,2026-06-09,CVE-2023-53267,5.5,2026-01-14T19:16:17.283
CVE-2023-53266,0.000250000,0.073200000,0.22964394148495723,2026-06-09,2026-06-09,CVE-2023-53266,5.5,2026-01-14T19:16:17.087
CVE-2023-53265,0.000170000,0.045200000,0.06707148771736131,2026-06-09,2026-06-09,CVE-2023-53265,7.1,2026-01-14T19:16:16.877
CVE-2023-53264,0.000220000,0.063150000,0.18078940104885455,2026-06-09,2026-06-09,CVE-2023-53264,5.5,2026-01-14T19:16:16.450
CVE-2023-53263,0.000200000,0.058590000,0.13055478884902014,2026-06-09,2026-06-09,CVE-2023-53263,7.8,2026-01-14T19:16:16.240
CVE-2025-8894,0.000480000,0.153180000,0.5136627104609439,2026-06-09,2026-06-09,CVE-2025-8894,7.8,2025-09-19T13:51:12.743
CVE-2025-8893,0.000480000,0.153180000,0.5136627104609439,2026-06-09,2026-06-09,CVE-2025-8893,7.8,2025-09-19T13:52:47.467
CVE-2025-8446,0.000500000,0.160010000,0.526635385040022,2026-06-09,2026-06-09,CVE-2025-8446,4.3,2026-04-15T00:35:42.020
CVE-2025-8276,0.000470000,0.147920000,0.48330113165884625,2026-06-09,2026-06-09,CVE-2025-8276,4.3,2026-06-05T13:16:34.753
CVE-2025-8057,0.000600000,0.189220000,0.6055754899254762,2026-06-09,2026-06-09,CVE-2025-8057,6.5,2026-06-05T13:16:34.503
CVE-2025-7744,0.000550000,0.174310000,0.5658294231300027,2026-06-09,2026-06-09,CVE-2025-7744,9.8,2026-06-05T13:16:34.003
CVE-2025-7743,0.000210000,0.060570000,0.14794369307203975,2026-06-09,2026-06-09,CVE-2025-7743,9.6,2026-06-05T14:16:33.243
CVE-2025-7355,0.000600000,0.189220000,0.6055754899254762,2026-06-09,2026-06-09,CVE-2025-7355,6.5,2026-06-05T15:16:44.117
CVE-2025-59333,0.001390000,0.336630000,0.8294231300027601,2026-06-09,2026-06-09,CVE-2025-59333,8.1,2025-10-08T19:18:04.110
CVE-2025-59270,0.000390000,0.119040000,0.388076179961358,2026-06-09,2026-06-09,CVE-2025-59270,3.1,2025-09-26T13:55:40.717
CVE-2025-58749,0.000910000,0.256640000,0.7548992547612476,2026-06-09,2026-06-09,CVE-2025-58749,5.3,2025-09-20T02:58:23.390
CVE-2025-57145,0.000380000,0.115060000,0.37869169196798236,2026-06-09,2026-06-09,CVE-2025-57145,5.4,2025-10-08T19:25:00.497
CVE-2025-57119,0.001710000,0.380480000,0.8578526083356335,2026-06-09,2026-06-09,CVE-2025-57119,9.8,2025-09-18T16:49:30.343
CVE-2025-56295,0.000340000,0.103890000,0.34777808446039193,2026-06-09,2026-06-09,CVE-2025-56295,7.3,2025-09-18T16:50:45.427
CVE-2025-56293,0.000480000,0.153520000,0.5136627104609439,2026-06-09,2026-06-09,CVE-2025-56293,5.4,2025-10-23T20:06:00.793
CVE-2025-56289,0.000380000,0.116060000,0.37869169196798236,2026-06-09,2026-06-09,CVE-2025-56289,5.4,2025-09-18T16:50:34.927
CVE-2025-56280,0.000410000,0.127400000,0.4159536295887386,2026-06-09,2026-06-09,CVE-2025-56280,5.4,2025-09-18T16:49:42.477
CVE-2025-56276,0.000410000,0.127400000,0.4159536295887386,2026-06-09,2026-06-09,CVE-2025-56276,5.4,2025-09-18T16:49:14.950
CVE-2025-55834,0.000670000,0.209120000,0.6618824178857301,2026-06-09,2026-06-09,CVE-2025-55834,6.1,2025-09-20T03:02:12.203
CVE-2025-55118,0.000330000,0.100370000,0.34004968258349433,2026-06-09,2026-06-09,CVE-2025-55118,8.9,2026-04-15T00:35:42.020
CVE-2025-55117,0.000700000,0.215700000,0.6845155948109302,2026-06-09,2026-06-09,CVE-2025-55117,5.3,2025-10-10T14:12:25.770
CVE-2025-55116,0.000200000,0.057840000,0.13055478884902014,2026-06-09,2026-06-09,CVE-2025-55116,8.8,2025-10-10T14:10:51.570
CVE-2025-55115,0.000230000,0.068040000,0.20452663538504,2026-06-09,2026-06-09,CVE-2025-55115,8.8,2025-10-10T14:10:38.947
CVE-2025-55114,0.000330000,0.101830000,0.34004968258349433,2026-06-09,2026-06-09,CVE-2025-55114,5.3,2026-04-15T00:35:42.020
CVE-2025-55113,0.000550000,0.174120000,0.5658294231300027,2026-06-09,2026-06-09,CVE-2025-55113,10.0,2025-10-10T14:08:43.800
CVE-2025-55112,0.000240000,0.071040000,0.21197902290919127,2026-06-09,2026-06-09,CVE-2025-55112,7.4,2025-10-10T14:01:21.850
CVE-2025-55111,0.000180000,0.050140000,0.09688103781396633,2026-06-09,2026-06-09,CVE-2025-55111,5.5,2025-09-29T12:08:29.103
CVE-2025-55110,0.000250000,0.075050000,0.22964394148495723,2026-06-09,2026-06-09,CVE-2025-55110,5.5,2026-04-15T00:35:42.020
CVE-2025-55109,0.000590000,0.186840000,0.6003312172232956,2026-06-09,2026-06-09,CVE-2025-55109,9.0,2025-10-10T14:16:19.660
CVE-2025-52044,0.000710000,0.217520000,0.6886558101021253,2026-06-09,2026-06-09,CVE-2025-52044,7.5,2025-09-20T02:58:35.227
CVE-2025-4953,0.000450000,0.142000000,0.46839635661054374,2026-06-09,2026-06-09,CVE-2025-4953,7.4,2026-04-15T00:35:42.020
CVE-2025-44034,0.002050000,0.426410000,0.8741374551476677,2026-06-09,2026-06-09,CVE-2025-44034,8.0,2025-11-19T17:06:31.153
CVE-2025-41243,0.064170000,0.912290000,0.9930996411813414,2026-06-09,2026-06-09,CVE-2025-41243,10.0,2026-04-15T00:35:42.020
CVE-2025-39836,0.000170000,0.045630000,0.06707148771736131,2026-06-09,2026-06-09,CVE-2025-39836,7.8,2026-01-14T19:16:44.713
CVE-2025-39835,0.000230000,0.065940000,0.20452663538504,2026-06-09,2026-06-09,CVE-2025-39835,7.8,2026-05-12T13:17:14.397
CVE-2025-39834,0.000250000,0.073200000,0.22964394148495723,2026-06-09,2026-06-09,CVE-2025-39834,5.5,2026-01-14T19:16:44.567
CVE-2025-39833,0.000250000,0.073200000,0.22964394148495723,2026-06-09,2026-06-09,CVE-2025-39833,5.5,2026-01-14T19:16:44.403
CVE-2025-39832,0.000170000,0.042920000,0.06707148771736131,2026-06-09,2026-06-09,CVE-2025-39832,5.5,2026-01-14T19:16:44.230
CVE-2025-39831,0.000170000,0.040950000,0.06707148771736131,2026-06-09,2026-06-09,CVE-2025-39831,5.5,2026-01-14T19:16:44.080
CVE-2025-39830,0.000250000,0.073200000,0.22964394148495723,2026-06-09,2026-06-09,CVE-2025-39830,5.5,2026-01-14T19:16:43.920
CVE-2025-39829,0.000170000,0.040950000,0.06707148771736131,2026-06-09,2026-06-09,CVE-2025-39829,5.5,2026-01-14T19:16:43.763
CVE-2025-39828,0.000170000,0.043070000,0.06707148771736131,2026-06-09,2026-06-09,CVE-2025-39828,7.8,2026-05-12T13:17:14.217
CVE-2025-39827,0.000260000,0.078740000,0.25393320452663537,2026-06-09,2026-06-09,CVE-2025-39827,5.5,2026-05-12T13:17:14.080
CVE-2025-39826,0.000190000,0.051690000,0.11233784156776153,2026-06-09,2026-06-09,CVE-2025-39826,7.0,2026-05-12T13:17:13.943
CVE-2025-39825,0.000180000,0.050010000,0.09688103781396633,2026-06-09,2026-06-09,CVE-2025-39825,4.7,2026-05-12T13:17:13.817
CVE-2025-39824,0.000210000,0.061790000,0.14794369307203975,2026-06-09,2026-06-09,CVE-2025-39824,7.8,2026-05-12T13:17:13.640
CVE-2025-39823,0.000230000,0.066560000,0.20452663538504,2026-06-09,2026-06-09,CVE-2025-39823,7.8,2026-05-12T13:17:13.497
CVE-2025-39822,0.000270000,0.079980000,0.2779464532155672,2026-06-09,2026-06-09,CVE-2025-39822,5.5,2026-01-14T19:16:43.610
CVE-2025-39821,0.000310000,0.093840000,0.32266077836047474,2026-06-09,2026-06-09,CVE-2025-39821,7.8,2026-01-14T19:16:43.453
CVE-2025-39820,0.000250000,0.073200000,0.22964394148495723,2026-06-09,2026-06-09,CVE-2025-39820,5.5,2026-01-14T19:16:43.290
CVE-2025-39819,0.000330000,0.101650000,0.34004968258349433,2026-06-09,2026-06-09,CVE-2025-39819,5.5,2026-05-12T13:17:13.363
CVE-2025-39818,0.000170000,0.042320000,0.06707148771736131,2026-06-09,2026-06-09,CVE-2025-39818,7.8,2026-01-14T19:16:43.127
CVE-2025-39817,0.000220000,0.062900000,0.18078940104885455,2026-06-09,2026-06-09,CVE-2025-39817,7.1,2026-05-12T13:17:13.213
CVE-2025-39816,0.000220000,0.063150000,0.18078940104885455,2026-06-09,2026-06-09,CVE-2025-39816,5.5,2026-04-11T13:16:35.397
CVE-2025-39815,0.000170000,0.040950000,0.06707148771736131,2026-06-09,2026-06-09,CVE-2025-39815,5.5,2026-01-14T19:16:42.827
CVE-2025-39814,0.000250000,0.073200000,0.22964394148495723,2026-06-09,2026-06-09,CVE-2025-39814,5.5,2026-01-14T19:16:42.667
CVE-2025-39813,0.000170000,0.041400000,0.06707148771736131,2026-06-09,2026-06-09,CVE-2025-39813,4.7,2026-05-12T13:17:13.053
CVE-2025-39812,0.000170000,0.041750000,0.06707148771736131,2026-06-09,2026-06-09,CVE-2025-39812,5.5,2026-05-12T13:17:12.890
CVE-2025-39811,0.000170000,0.040950000,0.06707148771736131,2026-06-09,2026-06-09,CVE-2025-39811,5.5,2026-01-14T19:16:42.503
CVE-2025-39810,0.000200000,0.058590000,0.13055478884902014,2026-06-09,2026-06-09,CVE-2025-39810,7.8,2026-01-14T19:16:42.327
CVE-2025-39809,0.000260000,0.077470000,0.25393320452663537,2026-06-09,2026-06-09,CVE-2025-39809,7.8,2026-01-14T19:16:42.167
CVE-2025-39808,0.000210000,0.060400000,0.14794369307203975,2026-06-09,2026-06-09,CVE-2025-39808,5.5,2026-05-12T13:17:12.743
CVE-2025-39807,0.000170000,0.040950000,0.06707148771736131,2026-06-09,2026-06-09,CVE-2025-39807,5.5,2026-01-14T19:16:41.983
CVE-2025-39806,0.000240000,0.069600000,0.21197902290919127,2026-06-09,2026-06-09,CVE-2025-39806,7.1,2026-05-12T13:17:12.580
CVE-2025-39805,0.000300000,0.091870000,0.3105161468396357,2026-06-09,2026-06-09,CVE-2025-39805,5.5,2025-12-06T22:15:51.780
CVE-2025-36244,0.000100000,0.013030000,0.02263317692520011,2026-06-09,2026-06-09,CVE-2025-36244,5.5,2025-10-17T14:34:38.477
CVE-2025-30075,0.000170000,0.042250000,0.06707148771736131,2026-06-09,2026-06-09,CVE-2025-30075,2.2,2026-04-15T00:35:42.020
CVE-2025-10546,0.002390000,0.471980000,0.8915263593706872,2026-06-09,2026-06-09,CVE-2025-10546,,2026-04-15T00:35:42.020
CVE-2025-10537,0.000970000,0.266460000,0.7756003312172233,2026-06-09,2026-06-09,CVE-2025-10537,8.8,2026-04-13T15:16:37.560
CVE-2025-10536,0.000310000,0.092410000,0.32266077836047474,2026-06-09,2026-06-09,CVE-2025-10536,6.2,2026-04-13T15:16:37.373
CVE-2025-10535,0.000680000,0.210710000,0.6660226331769252,2026-06-09,2026-06-09,CVE-2025-10535,7.5,2026-04-13T15:16:37.213
CVE-2025-10534,0.000540000,0.171830000,0.5600331217223296,2026-06-09,2026-06-09,CVE-2025-10534,8.1,2026-04-13T15:16:37.050
CVE-2025-10533,0.001360000,0.332190000,0.8255589290643114,2026-06-09,2026-06-09,CVE-2025-10533,8.8,2026-04-13T15:16:36.860
CVE-2025-10532,0.001000000,0.271870000,0.7838807617996136,2026-06-09,2026-06-09,CVE-2025-10532,6.5,2026-04-13T15:16:36.677
CVE-2025-10531,0.000420000,0.132370000,0.4242340601711289,2026-06-09,2026-06-09,CVE-2025-10531,5.4,2026-04-13T15:16:36.513
CVE-2025-10530,0.000560000,0.178980000,0.5752139111233784,2026-06-09,2026-06-09,CVE-2025-10530,6.5,2026-04-13T15:16:36.337
CVE-2025-10529,0.000880000,0.250930000,0.7449627380623792,2026-06-09,2026-06-09,CVE-2025-10529,6.5,2026-04-13T15:16:36.150
CVE-2025-10528,0.001300000,0.319860000,0.8186585702456528,2026-06-09,2026-06-09,CVE-2025-10528,7.3,2026-04-13T15:16:35.970
CVE-2025-10527,0.000830000,0.241920000,0.730333977366823,2026-06-09,2026-06-09,CVE-2025-10527,7.1,2026-04-13T15:16:35.760
CVE-2025-10290,0.000440000,0.137350000,0.4609439690863925,2026-06-09,2026-06-09,CVE-2025-10290,6.5,2026-04-13T15:16:35.563
CVE-2024-13174,0.000530000,0.168480000,0.543472260557549,2026-06-09,2026-06-09,CVE-2024-13174,8.6,2026-06-01T13:16:28.077
CVE-2024-13149,0.000550000,0.174310000,0.5658294231300027,2026-06-09,2026-06-09,CVE-2024-13149,9.8,2026-06-01T13:16:27.630
CVE-2024-12796,0.000510000,0.162010000,0.5313276290367099,2026-06-09,2026-06-09,CVE-2024-12796,5.3,2026-06-01T15:16:27.580
CVE-2023-53304,0.000210000,0.061280000,0.14794369307203975,2026-06-09,2026-06-09,CVE-2023-53304,5.5,2026-01-14T19:16:23.073
CVE-2022-50352,0.000280000,0.085260000,0.29036709908915265,2026-06-09,2026-06-09,CVE-2022-50352,5.5,2026-01-14T19:16:06.373
CVE-2022-50351,0.000170000,0.040950000,0.06707148771736131,2026-06-09,2026-06-09,CVE-2022-50351,5.5,2026-01-14T19:16:06.210
CVE-2022-50350,0.000130000,0.020920000,0.036157880209770905,2026-06-09,2026-06-09,CVE-2022-50350,4.7,2026-01-14T19:16:06.033
CVE-2022-50349,0.000160000,0.038930000,0.054650841843775874,2026-06-09,2026-06-09,CVE-2022-50349,5.5,2026-01-14T19:16:05.860
CVE-2022-50348,0.000210000,0.061280000,0.14794369307203975,2026-06-09,2026-06-09,CVE-2022-50348,5.5,2026-01-14T19:16:05.680
CVE-2022-50347,0.000200000,0.057680000,0.13055478884902014,2026-06-09,2026-06-09,CVE-2022-50347,5.5,2026-01-14T19:16:05.480
CVE-2022-50346,0.000160000,0.038930000,0.054650841843775874,2026-06-09,2026-06-09,CVE-2022-50346,5.5,2026-01-14T19:16:05.280
CVE-2022-50344,0.000160000,0.038930000,0.054650841843775874,2026-06-09,2026-06-09,CVE-2022-50344,5.5,2026-01-14T19:16:05.073
CVE-2022-50343,0.000200000,0.057680000,0.13055478884902014,2026-06-09,2026-06-09,CVE-2022-50343,5.5,2026-01-14T19:16:04.853
CVE-2022-50342,0.000220000,0.063150000,0.18078940104885455,2026-06-09,2026-06-09,CVE-2022-50342,5.5,2026-01-14T19:16:04.657
CVE-2022-50341,0.000120000,0.018190000,0.030913607507590396,2026-06-09,2026-06-09,CVE-2022-50341,5.5,2026-01-14T19:16:04.480
CVE-2022-50340,0.000180000,0.049850000,0.09688103781396633,2026-06-09,2026-06-09,CVE-2022-50340,5.5,2026-01-14T19:16:04.270
CVE-2022-50339,0.000150000,0.034040000,0.050510626552580734,2026-06-09,2026-06-09,CVE-2022-50339,7.0,2026-01-14T19:16:04.033
CVE-2009-20007,0.622620000,0.983850000,0.9986199282362683,2026-06-09,2026-06-09,CVE-2009-20007,,2026-04-15T00:35:42.020
CVE-2009-20006,0.763560000,0.989530000,0.9997239856472536,2026-06-09,2026-06-09,CVE-2009-20006,,2026-04-15T00:35:42.020
CVE-2009-20005,0.693480000,0.986650000,0.999171956941761,2026-06-09,2026-06-09,CVE-2009-20005,,2026-04-15T00:35:42.020
CVE-2025-8942,0.000640000,0.199700000,0.6362130830803202,2026-06-09,2026-06-09,CVE-2025-8942,9.1,2026-04-15T00:35:42.020
CVE-2025-8006,0.000470000,0.150610000,0.48330113165884625,2026-06-09,2026-06-09,CVE-2025-8006,7.8,2025-09-22T20:40:23.807
CVE-2025-8005,0.000470000,0.150610000,0.48330113165884625,2026-06-09,2026-06-09,CVE-2025-8005,7.8,2025-09-22T20:12:02.530
CVE-2025-8004,0.000470000,0.150610000,0.48330113165884625,2026-06-09,2026-06-09,CVE-2025-8004,7.8,2025-09-22T20:19:59.650
CVE-2025-8003,0.000470000,0.150610000,0.48330113165884625,2026-06-09,2026-06-09,CVE-2025-8003,7.8,2025-09-22T20:19:35.580
CVE-2025-8002,0.000470000,0.150610000,0.48330113165884625,2026-06-09,2026-06-09,CVE-2025-8002,7.8,2025-09-22T20:19:03.047
CVE-2025-8001,0.000470000,0.150610000,0.48330113165884625,2026-06-09,2026-06-09,CVE-2025-8001,7.8,2025-09-22T20:18:37.620
CVE-2025-8000,0.000470000,0.150610000,0.48330113165884625,2026-06-09,2026-06-09,CVE-2025-8000,7.8,2025-09-22T20:20:15.730
CVE-2025-7999,0.000470000,0.150610000,0.48330113165884625,2026-06-09,2026-06-09,CVE-2025-7999,7.8,2025-09-22T20:40:30.340
CVE-2025-7998,0.000470000,0.150610000,0.48330113165884625,2026-06-09,2026-06-09,CVE-2025-7998,7.8,2025-09-22T20:40:37.300
CVE-2025-7997,0.000470000,0.150610000,0.48330113165884625,2026-06-09,2026-06-09,CVE-2025-7997,7.8,2025-09-22T20:40:43.070
CVE-2025-7996,0.000470000,0.150610000,0.48330113165884625,2026-06-09,2026-06-09,CVE-2025-7996,7.8,2025-09-22T20:40:49.807
CVE-2025-7995,0.000470000,0.150610000,0.48330113165884625,2026-06-09,2026-06-09,CVE-2025-7995,7.8,2025-09-22T20:40:54.690
CVE-2025-7994,0.000470000,0.150610000,0.48330113165884625,2026-06-09,2026-06-09,CVE-2025-7994,7.8,2025-09-22T20:42:57.193
CVE-2025-7993,0.000470000,0.150610000,0.48330113165884625,2026-06-09,2026-06-09,CVE-2025-7993,7.8,2025-09-22T20:42:40.550
CVE-2025-7992,0.000680000,0.211900000,0.6660226331769252,2026-06-09,2026-06-09,CVE-2025-7992,7.8,2025-09-22T20:41:58.777
CVE-2025-7991,0.000680000,0.211900000,0.6660226331769252,2026-06-09,2026-06-09,CVE-2025-7991,7.8,2025-09-22T20:42:08.630
CVE-2025-7990,0.000680000,0.211900000,0.6660226331769252,2026-06-09,2026-06-09,CVE-2025-7990,7.8,2025-09-22T20:42:18.870
CVE-2025-7989,0.000680000,0.211900000,0.6660226331769252,2026-06-09,2026-06-09,CVE-2025-7989,7.8,2025-09-22T20:42:28.860
CVE-2025-7988,0.000680000,0.211900000,0.6660226331769252,2026-06-09,2026-06-09,CVE-2025-7988,7.8,2025-09-22T20:51:49.130
CVE-2025-7987,0.000680000,0.211900000,0.6660226331769252,2026-06-09,2026-06-09,CVE-2025-7987,7.8,2025-09-22T20:51:35.990
CVE-2025-7986,0.000680000,0.211900000,0.6660226331769252,2026-06-09,2026-06-09,CVE-2025-7986,7.8,2025-09-22T20:51:27.197
CVE-2025-7985,0.000680000,0.211900000,0.6660226331769252,2026-06-09,2026-06-09,CVE-2025-7985,7.8,2025-09-22T20:47:31.333
CVE-2025-7984,0.000680000,0.211900000,0.6660226331769252,2026-06-09,2026-06-09,CVE-2025-7984,7.8,2025-09-22T20:47:25.950
CVE-2025-7983,0.000630000,0.196310000,0.6293127242616616,2026-06-09,2026-06-09,CVE-2025-7983,7.8,2025-09-22T20:51:17.560
CVE-2025-7982,0.000680000,0.211900000,0.6660226331769252,2026-06-09,2026-06-09,CVE-2025-7982,7.8,2025-09-22T20:47:20.933
CVE-2025-7981,0.000680000,0.211900000,0.6660226331769252,2026-06-09,2026-06-09,CVE-2025-7981,7.8,2025-09-22T20:51:09.477
CVE-2025-7980,0.000680000,0.211900000,0.6660226331769252,2026-06-09,2026-06-09,CVE-2025-7980,7.8,2025-09-22T20:50:53.870
CVE-2025-7979,0.000630000,0.196310000,0.6293127242616616,2026-06-09,2026-06-09,CVE-2025-7979,7.8,2025-09-22T20:50:47.843
CVE-2025-7978,0.000680000,0.211900000,0.6660226331769252,2026-06-09,2026-06-09,CVE-2025-7978,7.8,2025-09-22T20:50:33.893
CVE-2025-7977,0.000680000,0.211900000,0.6660226331769252,2026-06-09,2026-06-09,CVE-2025-7977,7.8,2025-09-22T20:47:13.527
CVE-2025-59416,0.000750000,0.226650000,0.7046646425614131,2026-06-09,2026-06-09,CVE-2025-59416,,2026-04-15T00:35:42.020
CVE-2025-59415,0.000670000,0.208210000,0.6618824178857301,2026-06-09,2026-06-09,CVE-2025-59415,5.4,2025-10-08T17:15:10.517
CVE-2025-59414,0.000210000,0.061610000,0.14794369307203975,2026-06-09,2026-06-09,CVE-2025-59414,3.1,2025-12-03T18:47:40.983
CVE-2025-59410,0.000290000,0.088290000,0.29726745790781123,2026-06-09,2026-06-09,CVE-2025-59410,3.7,2025-09-18T16:54:11.567
CVE-2025-59354,0.000390000,0.118840000,0.388076179961358,2026-06-09,2026-06-09,CVE-2025-59354,5.3,2025-09-18T20:08:13.900
CVE-2025-59353,0.000560000,0.177930000,0.5752139111233784,2026-06-09,2026-06-09,CVE-2025-59353,7.5,2025-09-18T20:08:55.557
CVE-2025-59352,0.018370000,0.833190000,0.9768147943693072,2026-06-09,2026-06-09,CVE-2025-59352,9.8,2025-09-18T20:09:03.333
CVE-2025-59351,0.000750000,0.227050000,0.7046646425614131,2026-06-09,2026-06-09,CVE-2025-59351,5.3,2025-09-18T20:09:21.403
CVE-2025-59350,0.001500000,0.352510000,0.8443279050510627,2026-06-09,2026-06-09,CVE-2025-59350,5.3,2025-09-18T20:15:45.780
CVE-2025-59349,0.000310000,0.094790000,0.32266077836047474,2026-06-09,2026-06-09,CVE-2025-59349,3.3,2025-09-18T20:17:51.190
CVE-2025-59348,0.000910000,0.256540000,0.7548992547612476,2026-06-09,2026-06-09,CVE-2025-59348,7.5,2025-09-18T20:18:46.437
CVE-2025-59347,0.000400000,0.122920000,0.4004968258349434,2026-06-09,2026-06-09,CVE-2025-59347,6.5,2025-09-18T20:19:08.377
CVE-2025-59346,0.000800000,0.236290000,0.7215015180789401,2026-06-09,2026-06-09,CVE-2025-59346,5.3,2025-09-18T20:20:38.387
CVE-2025-59345,0.000640000,0.199670000,0.6362130830803202,2026-06-09,2026-06-09,CVE-2025-59345,9.1,2025-10-13T16:15:33.740
CVE-2025-59342,0.064480000,0.912520000,0.9936516698868341,2026-06-09,2026-06-09,CVE-2025-59342,,2026-04-15T00:35:42.020
CVE-2025-59341,0.009010000,0.760850000,0.9616340049682583,2026-06-09,2026-06-09,CVE-2025-59341,,2026-04-15T00:35:42.020
CVE-2025-59340,0.012670000,0.798350000,0.9696384211979023,2026-06-09,2026-06-09,CVE-2025-59340,10.0,2025-09-26T13:11:40.227
CVE-2025-59339,0.000150000,0.029320000,0.050510626552580734,2026-06-09,2026-06-09,CVE-2025-59339,4.4,2026-04-15T00:35:42.020
CVE-2025-59304,0.045540000,0.894120000,0.9900634833011317,2026-06-09,2026-06-09,CVE-2025-59304,9.8,2025-10-08T18:28:20.703
CVE-2025-58767,0.000840000,0.244930000,0.7347502070107645,2026-06-09,2026-06-09,CVE-2025-58767,5.3,2025-09-30T13:07:07.207
CVE-2025-58766,0.000780000,0.233110000,0.7162572453767596,2026-06-09,2026-06-09,CVE-2025-58766,9.0,2026-04-15T00:35:42.020
CVE-2025-58432,0.000560000,0.177190000,0.5752139111233784,2026-06-09,2026-06-09,CVE-2025-58432,7.8,2025-09-22T14:24:42.423
CVE-2025-58431,0.000380000,0.117460000,0.37869169196798236,2026-06-09,2026-06-09,CVE-2025-58431,6.2,2025-09-22T14:21:36.897
CVE-2025-56648,0.000130000,0.020740000,0.036157880209770905,2026-06-09,2026-06-09,CVE-2025-56648,6.5,2026-01-26T17:16:11.320
CVE-2025-5305,0.000510000,0.163790000,0.5313276290367099,2026-06-09,2026-06-09,CVE-2025-5305,9.8,2026-04-15T00:35:42.020
CVE-2025-37122,0.000470000,0.149940000,0.48330113165884625,2026-06-09,2026-06-09,CVE-2025-37122,6.1,2026-04-15T00:35:42.020
CVE-2025-35436,0.000710000,0.216840000,0.6886558101021253,2026-06-09,2026-06-09,CVE-2025-35436,7.5,2025-12-19T12:34:10.813
CVE-2025-35435,0.001830000,0.398540000,0.8664090532707701,2026-06-09,2026-06-09,CVE-2025-35435,4.3,2025-09-26T14:39:46.340
CVE-2025-35434,0.000900000,0.254890000,0.7526911399392768,2026-06-09,2026-06-09,CVE-2025-35434,9.8,2025-09-23T15:44:11.473
CVE-2025-35433,0.000830000,0.243180000,0.730333977366823,2026-06-09,2026-06-09,CVE-2025-35433,8.8,2025-09-23T15:43:59.143
CVE-2025-35432,0.002560000,0.492590000,0.8953905603091361,2026-06-09,2026-06-09,CVE-2025-35432,7.5,2025-09-23T15:44:35.963
CVE-2025-35431,0.000820000,0.241420000,0.7267457907811207,2026-06-09,2026-06-09,CVE-2025-35431,5.4,2025-09-26T14:36:09.630
CVE-2025-35430,0.000760000,0.227960000,0.7099089152635937,2026-06-09,2026-06-09,CVE-2025-35430,6.5,2025-10-08T19:01:53.113
CVE-2025-23337,0.000310000,0.092590000,0.32266077836047474,2026-06-09,2026-06-09,CVE-2025-23337,6.7,2026-04-15T00:35:42.020
CVE-2025-23336,0.000750000,0.226710000,0.7046646425614131,2026-06-09,2026-06-09,CVE-2025-23336,7.5,2025-09-25T20:18:06.233
CVE-2025-23329,0.001210000,0.306610000,0.8076179961357991,2026-06-09,2026-06-09,CVE-2025-23329,7.5,2025-09-25T20:18:47.033
CVE-2025-23328,0.001300000,0.320300000,0.8186585702456528,2026-06-09,2026-06-09,CVE-2025-23328,7.5,2025-09-25T20:20:12.717
CVE-2025-23316,0.006350000,0.708400000,0.9505934308584046,2026-06-09,2026-06-09,CVE-2025-23316,9.8,2025-09-25T20:20:35.247
CVE-2025-23268,0.002210000,0.447360000,0.8846260005520287,2026-06-09,2026-06-09,CVE-2025-23268,9.8,2025-10-08T17:13:54.433
CVE-2025-10644,0.015580000,0.818410000,0.9743306651945901,2026-06-09,2026-06-09,CVE-2025-10644,9.4,2025-09-19T12:58:57.850
CVE-2025-10643,0.001820000,0.397620000,0.8658570245652774,2026-06-09,2026-06-09,CVE-2025-10643,9.1,2025-09-19T12:59:05.550
CVE-2025-10642,0.000420000,0.132190000,0.4242340601711289,2026-06-09,2026-06-09,CVE-2025-10642,3.5,2026-04-15T00:35:42.020
CVE-2025-10634,0.002380000,0.470680000,0.8906983163124482,2026-06-09,2026-06-09,CVE-2025-10634,8.8,2026-04-29T01:00:01.613
CVE-2025-10632,0.000460000,0.145290000,0.4739166436654706,2026-06-09,2026-06-09,CVE-2025-10632,5.4,2026-04-29T01:00:01.613
CVE-2025-10631,0.000460000,0.145290000,0.4739166436654706,2026-06-09,2026-06-09,CVE-2025-10631,5.4,2026-04-29T01:00:01.613
CVE-2025-10629,0.003140000,0.548480000,0.9083632348882141,2026-06-09,2026-06-09,CVE-2025-10629,8.8,2026-04-29T01:00:01.613
CVE-2025-10628,0.006940000,0.723190000,0.9539056030913607,2026-06-09,2026-06-09,CVE-2025-10628,8.8,2026-04-29T01:00:01.613
CVE-2025-10627,0.000580000,0.182930000,0.5873585426442175,2026-06-09,2026-06-09,CVE-2025-10627,8.8,2026-04-29T01:00:01.613
CVE-2025-10626,0.000580000,0.182930000,0.5873585426442175,2026-06-09,2026-06-09,CVE-2025-10626,8.8,2026-04-29T01:00:01.613
CVE-2025-10625,0.000580000,0.182930000,0.5873585426442175,2026-06-09,2026-06-09,CVE-2025-10625,8.8,2026-04-29T01:00:01.613
CVE-2025-10624,0.000600000,0.188290000,0.6055754899254762,2026-06-09,2026-06-09,CVE-2025-10624,9.8,2026-04-29T01:00:01.613
CVE-2025-10623,0.000600000,0.188290000,0.6055754899254762,2026-06-09,2026-06-09,CVE-2025-10623,9.8,2026-04-29T01:00:01.613
CVE-2025-10621,0.000600000,0.188290000,0.6055754899254762,2026-06-09,2026-06-09,CVE-2025-10621,9.8,2026-04-29T01:00:01.613
CVE-2025-10620,0.000580000,0.182930000,0.5873585426442175,2026-06-09,2026-06-09,CVE-2025-10620,8.8,2026-04-29T01:00:01.613
CVE-2025-10619,0.003420000,0.571810000,0.9136075075903947,2026-06-09,2026-06-09,CVE-2025-10619,6.3,2026-04-29T01:00:01.613
CVE-2025-10618,0.000580000,0.182930000,0.5873585426442175,2026-06-09,2026-06-09,CVE-2025-10618,8.8,2026-04-29T01:00:01.613
CVE-2025-10617,0.000780000,0.231920000,0.7162572453767596,2026-06-09,2026-06-09,CVE-2025-10617,8.8,2026-04-29T01:00:01.613
CVE-2025-10616,0.000960000,0.264770000,0.7720121446315208,2026-06-09,2026-06-09,CVE-2025-10616,8.8,2026-04-29T01:00:01.613
CVE-2025-10615,0.000960000,0.264770000,0.7720121446315208,2026-06-09,2026-06-09,CVE-2025-10615,8.8,2026-04-29T01:00:01.613
CVE-2025-10614,0.000600000,0.188770000,0.6055754899254762,2026-06-09,2026-06-09,CVE-2025-10614,6.1,2026-04-29T01:00:01.613
CVE-2025-10613,0.000580000,0.182930000,0.5873585426442175,2026-06-09,2026-06-09,CVE-2025-10613,8.8,2026-04-29T01:00:01.613
CVE-2025-10608,0.000900000,0.254550000,0.7526911399392768,2026-06-09,2026-06-09,CVE-2025-10608,8.8,2026-04-29T01:00:01.613
CVE-2025-10607,0.000530000,0.167880000,0.543472260557549,2026-06-09,2026-06-09,CVE-2025-10607,6.5,2026-04-29T01:00:01.613
CVE-2025-10606,0.000700000,0.216720000,0.6845155948109302,2026-06-09,2026-06-09,CVE-2025-10606,6.1,2026-04-29T01:00:01.613
CVE-2025-10605,0.000700000,0.216720000,0.6845155948109302,2026-06-09,2026-06-09,CVE-2025-10605,6.1,2026-04-29T01:00:01.613
CVE-2025-10604,0.000620000,0.194660000,0.6254485233232128,2026-06-09,2026-06-09,CVE-2025-10604,9.8,2026-04-29T01:00:01.613
CVE-2025-10603,0.000620000,0.194660000,0.6254485233232128,2026-06-09,2026-06-09,CVE-2025-10603,9.8,2026-04-29T01:00:01.613
CVE-2023-49565,0.002010000,0.421230000,0.8730333977366823,2026-06-09,2026-06-09,CVE-2023-49565,8.4,2026-04-15T00:35:42.020
CVE-2023-49564,0.001590000,0.364840000,0.852608335633453,2026-06-09,2026-06-09,CVE-2023-49564,8.8,2026-04-15T00:35:42.020
CVE-2025-9992,0.000480000,0.152260000,0.5136627104609439,2026-06-09,2026-06-09,CVE-2025-9992,6.4,2026-04-15T00:35:42.020
CVE-2025-9083,0.005210000,0.672440000,0.9406569141595363,2026-06-09,2026-06-09,CVE-2025-9083,9.8,2025-12-23T18:59:02.377
CVE-2025-8565,0.000860000,0.247280000,0.7394424510074524,2026-06-09,2026-06-09,CVE-2025-8565,8.1,2026-04-15T00:35:42.020
CVE-2025-6237,0.001120000,0.293700000,0.7982335081424234,2026-06-09,2026-06-09,CVE-2025-6237,9.8,2026-04-15T00:35:42.020
CVE-2025-4444,0.000880000,0.250400000,0.7449627380623792,2026-06-09,2026-06-09,CVE-2025-4444,3.7,2026-04-15T00:35:42.020
CVE-2025-40678,0.000870000,0.249540000,0.7413745514766767,2026-06-09,2026-06-09,CVE-2025-40678,,2026-04-15T00:35:42.020
CVE-2025-40677,0.002220000,0.448450000,0.8851780292575214,2026-06-09,2026-06-09,CVE-2025-40677,,2026-04-15T00:35:42.020
CVE-2025-30187,0.000120000,0.017390000,0.030913607507590396,2026-06-09,2026-06-09,CVE-2025-30187,3.7,2026-04-15T00:35:42.020
CVE-2025-10673,0.000600000,0.188290000,0.6055754899254762,2026-06-09,2026-06-09,CVE-2025-10673,9.8,2026-04-29T01:00:01.613
CVE-2025-10672,0.000250000,0.073240000,0.22964394148495723,2026-06-09,2026-06-09,CVE-2025-10672,7.8,2026-04-29T01:00:01.613
CVE-2025-10671,0.000540000,0.171720000,0.5600331217223296,2026-06-09,2026-06-09,CVE-2025-10671,3.7,2026-04-29T01:00:01.613
CVE-2025-10670,0.000600000,0.188290000,0.6055754899254762,2026-06-09,2026-06-09,CVE-2025-10670,9.8,2026-04-29T01:00:01.613
CVE-2025-10669,0.000550000,0.174950000,0.5658294231300027,2026-06-09,2026-06-09,CVE-2025-10669,6.3,2026-04-29T01:00:01.613
CVE-2025-10668,0.000600000,0.188290000,0.6055754899254762,2026-06-09,2026-06-09,CVE-2025-10668,9.8,2026-04-29T01:00:01.613
CVE-2025-10667,0.000600000,0.188290000,0.6055754899254762,2026-06-09,2026-06-09,CVE-2025-10667,9.8,2026-04-29T01:00:01.613
CVE-2025-10666,0.076150000,0.920330000,0.9947557272978195,2026-06-09,2026-06-09,CVE-2025-10666,9.8,2026-02-03T22:16:27.113
CVE-2025-10665,0.000630000,0.198530000,0.6293127242616616,2026-06-09,2026-06-09,CVE-2025-10665,9.8,2026-04-29T01:00:01.613
CVE-2025-10664,0.000600000,0.188290000,0.6055754899254762,2026-06-09,2026-06-09,CVE-2025-10664,9.8,2026-04-29T01:00:01.613
CVE-2025-10663,0.000620000,0.194660000,0.6254485233232128,2026-06-09,2026-06-09,CVE-2025-10663,9.8,2026-04-29T01:00:01.613
CVE-2025-10662,0.000600000,0.188900000,0.6055754899254762,2026-06-09,2026-06-09,CVE-2025-10662,9.8,2026-04-29T01:00:01.613
CVE-2025-10493,0.040010000,0.886710000,0.9892354402428927,2026-06-09,2026-06-09,CVE-2025-10493,5.3,2026-04-15T00:35:42.020
CVE-2025-10207,0.001140000,0.295470000,0.8018216947281258,2026-06-09,2026-06-09,CVE-2025-10207,7.2,2026-04-15T00:35:42.020
CVE-2025-0547,0.000640000,0.200890000,0.6362130830803202,2026-06-09,2026-06-09,CVE-2025-0547,4.7,2026-06-06T08:16:46.967
CVE-2024-48851,0.006840000,0.720900000,0.9536295887386144,2026-06-09,2026-06-09,CVE-2024-48851,7.2,2026-04-15T00:35:42.020
CVE-2024-25011,0.000460000,0.144890000,0.4739166436654706,2026-06-09,2026-06-09,CVE-2024-25011,5.3,2026-04-15T00:35:42.020
CVE-2024-13151,0.000640000,0.200380000,0.6362130830803202,2026-06-09,2026-06-09,CVE-2024-13151,9.8,2026-06-01T13:16:27.857
CVE-2023-53418,0.000170000,0.044610000,0.06707148771736131,2026-06-09,2026-06-09,CVE-2023-53418,5.5,2026-01-14T20:16:00.320
CVE-2023-53417,0.000170000,0.044610000,0.06707148771736131,2026-06-09,2026-06-09,CVE-2023-53417,5.5,2026-01-14T20:16:00.133
CVE-2023-53416,0.000210000,0.060070000,0.14794369307203975,2026-06-09,2026-06-09,CVE-2023-53416,5.5,2026-01-14T20:15:59.880
CVE-2023-53415,0.000210000,0.060070000,0.14794369307203975,2026-06-09,2026-06-09,CVE-2023-53415,5.5,2026-01-14T20:15:59.717
CVE-2023-53414,0.000210000,0.060070000,0.14794369307203975,2026-06-09,2026-06-09,CVE-2023-53414,5.5,2026-01-14T20:15:59.543
CVE-2023-53413,0.000210000,0.060070000,0.14794369307203975,2026-06-09,2026-06-09,CVE-2023-53413,5.5,2026-01-14T20:15:59.387
CVE-2023-53412,0.000170000,0.044610000,0.06707148771736131,2026-06-09,2026-06-09,CVE-2023-53412,5.5,2026-01-14T20:15:59.223
CVE-2023-53411,0.000250000,0.074730000,0.22964394148495723,2026-06-09,2026-06-09,CVE-2023-53411,5.5,2026-01-14T20:15:59.067
CVE-2023-53410,0.000170000,0.043310000,0.06707148771736131,2026-06-09,2026-06-09,CVE-2023-53410,5.5,2026-01-14T20:15:58.910
CVE-2023-53409,0.000210000,0.060070000,0.14794369307203975,2026-06-09,2026-06-09,CVE-2023-53409,5.5,2026-01-14T20:15:58.760
CVE-2023-53408,0.000210000,0.060070000,0.14794369307203975,2026-06-09,2026-06-09,CVE-2023-53408,5.5,2026-01-14T20:15:58.600
CVE-2023-53407,0.000170000,0.044610000,0.06707148771736131,2026-06-09,2026-06-09,CVE-2023-53407,5.5,2026-01-14T20:15:58.440
CVE-2023-53406,0.000210000,0.060070000,0.14794369307203975,2026-06-09,2026-06-09,CVE-2023-53406,5.5,2026-01-14T19:16:40.760
CVE-2023-53405,0.000210000,0.060070000,0.14794369307203975,2026-06-09,2026-06-09,CVE-2023-53405,5.5,2026-01-14T19:16:40.580
CVE-2023-53404,0.000210000,0.060070000,0.14794369307203975,2026-06-09,2026-06-09,CVE-2023-53404,5.5,2026-01-14T19:16:40.420
CVE-2023-53403,0.000210000,0.060070000,0.14794369307203975,2026-06-09,2026-06-09,CVE-2023-53403,5.5,2026-01-14T19:16:40.257
CVE-2023-53402,0.000210000,0.060070000,0.14794369307203975,2026-06-09,2026-06-09,CVE-2023-53402,5.5,2026-01-14T19:16:40.097
CVE-2023-53401,0.000170000,0.040950000,0.06707148771736131,2026-06-09,2026-06-09,CVE-2023-53401,4.7,2026-01-14T19:16:39.937
CVE-2023-53400,0.000170000,0.043870000,0.06707148771736131,2026-06-09,2026-06-09,CVE-2023-53400,5.5,2026-01-14T19:16:39.773
CVE-2023-53399,0.000210000,0.060690000,0.14794369307203975,2026-06-09,2026-06-09,CVE-2023-53399,5.5,2026-01-14T19:16:39.613
CVE-2023-53398,0.000170000,0.045630000,0.06707148771736131,2026-06-09,2026-06-09,CVE-2023-53398,7.8,2026-01-14T19:16:39.457
CVE-2023-53397,0.000210000,0.061280000,0.14794369307203975,2026-06-09,2026-06-09,CVE-2023-53397,5.5,2026-01-14T19:16:39.283
CVE-2023-53396,0.000210000,0.060690000,0.14794369307203975,2026-06-09,2026-06-09,CVE-2023-53396,5.5,2026-01-14T19:16:39.100
CVE-2023-53395,0.000170000,0.045200000,0.06707148771736131,2026-06-09,2026-06-09,CVE-2023-53395,7.8,2026-01-14T19:16:38.753
CVE-2023-53394,0.000250000,0.073200000,0.22964394148495723,2026-06-09,2026-06-09,CVE-2023-53394,5.5,2026-01-14T19:16:38.380
CVE-2023-53393,0.000220000,0.063150000,0.18078940104885455,2026-06-09,2026-06-09,CVE-2023-53393,5.5,2026-01-14T19:16:38.207
CVE-2023-53392,0.000170000,0.045630000,0.06707148771736131,2026-06-09,2026-06-09,CVE-2023-53392,7.1,2026-03-17T16:36:34.700
CVE-2023-53391,0.000210000,0.060690000,0.14794369307203975,2026-06-09,2026-06-09,CVE-2023-53391,5.5,2026-01-14T19:16:38.023
CVE-2023-53390,0.000210000,0.060070000,0.14794369307203975,2026-06-09,2026-06-09,CVE-2023-53390,5.5,2026-01-14T19:16:37.627
CVE-2023-53389,0.000220000,0.063150000,0.18078940104885455,2026-06-09,2026-06-09,CVE-2023-53389,5.5,2026-01-14T19:16:37.433
CVE-2023-53388,0.000220000,0.062340000,0.18078940104885455,2026-06-09,2026-06-09,CVE-2023-53388,7.8,2026-01-14T19:16:37.260
CVE-2023-53387,0.000140000,0.027460000,0.043886282086668504,2026-06-09,2026-06-09,CVE-2023-53387,5.5,2026-01-14T19:16:37.110
CVE-2023-53386,0.000220000,0.062340000,0.18078940104885455,2026-06-09,2026-06-09,CVE-2023-53386,7.8,2026-01-14T19:16:36.947
CVE-2023-53385,0.000170000,0.040950000,0.06707148771736131,2026-06-09,2026-06-09,CVE-2023-53385,5.5,2026-01-14T19:16:36.790
CVE-2023-53384,0.000200000,0.057680000,0.13055478884902014,2026-06-09,2026-06-09,CVE-2023-53384,5.5,2026-01-14T19:16:36.623
CVE-2023-53383,0.000140000,0.027460000,0.043886282086668504,2026-06-09,2026-06-09,CVE-2023-53383,5.5,2026-01-14T19:16:36.470
CVE-2023-53382,0.000170000,0.040950000,0.06707148771736131,2026-06-09,2026-06-09,CVE-2023-53382,5.5,2026-01-14T19:16:36.307
CVE-2023-53381,0.000210000,0.060690000,0.14794369307203975,2026-06-09,2026-06-09,CVE-2023-53381,5.5,2026-01-14T19:16:36.143
CVE-2023-53380,0.000210000,0.061280000,0.14794369307203975,2026-06-09,2026-06-09,CVE-2023-53380,5.5,2026-01-14T19:16:35.980
CVE-2023-53379,0.000210000,0.061280000,0.14794369307203975,2026-06-09,2026-06-09,CVE-2023-53379,5.5,2026-01-14T19:16:35.810
CVE-2023-53378,0.000170000,0.040950000,0.06707148771736131,2026-06-09,2026-06-09,CVE-2023-53378,5.5,2026-01-14T19:16:35.660
CVE-2023-53377,0.000220000,0.065430000,0.18078940104885455,2026-06-09,2026-06-09,CVE-2023-53377,7.8,2026-01-14T19:16:35.487
CVE-2023-53376,0.000110000,0.015170000,0.026221363510902568,2026-06-09,2026-06-09,CVE-2023-53376,7.1,2026-01-14T19:16:35.330
CVE-2023-53375,0.000210000,0.061280000,0.14794369307203975,2026-06-09,2026-06-09,CVE-2023-53375,5.5,2026-01-14T19:16:35.153
CVE-2023-53374,0.000170000,0.045630000,0.06707148771736131,2026-06-09,2026-06-09,CVE-2023-53374,7.8,2026-01-14T19:16:35.000
CVE-2023-53373,0.000220000,0.062340000,0.18078940104885455,2026-06-09,2026-06-09,CVE-2023-53373,7.8,2026-01-14T19:16:34.837
CVE-2023-53372,0.000220000,0.062340000,0.18078940104885455,2026-06-09,2026-06-09,CVE-2023-53372,7.8,2026-01-14T19:16:34.673
CVE-2023-53371,0.000170000,0.040950000,0.06707148771736131,2026-06-09,2026-06-09,CVE-2023-53371,5.5,2026-01-14T19:16:34.517
CVE-2023-53370,0.000170000,0.040950000,0.06707148771736131,2026-06-09,2026-06-09,CVE-2023-53370,5.5,2026-01-14T19:16:34.350
CVE-2023-53369,0.000210000,0.061280000,0.14794369307203975,2026-06-09,2026-06-09,CVE-2023-53369,5.5,2026-01-14T19:16:34.187
CVE-2022-50400,0.000370000,0.113750000,0.3734474192658018,2026-06-09,2026-06-09,CVE-2022-50400,5.5,2026-01-14T19:16:15.613
CVE-2022-50399,0.000220000,0.063150000,0.18078940104885455,2026-06-09,2026-06-09,CVE-2022-50399,5.5,2026-01-14T19:16:15.450
CVE-2022-50398,0.000250000,0.073200000,0.22964394148495723,2026-06-09,2026-06-09,CVE-2022-50398,5.5,2026-01-14T19:16:15.290
CVE-2022-50396,0.000190000,0.051600000,0.11233784156776153,2026-06-09,2026-06-09,CVE-2022-50396,5.5,2026-01-14T19:16:15.120
CVE-2022-50395,0.000210000,0.061280000,0.14794369307203975,2026-06-09,2026-06-09,CVE-2022-50395,5.5,2026-01-14T19:16:14.957
CVE-2022-50394,0.000200000,0.058720000,0.13055478884902014,2026-06-09,2026-06-09,CVE-2022-50394,7.1,2026-01-14T19:16:14.790
CVE-2022-50393,0.000170000,0.040950000,0.06707148771736131,2026-06-09,2026-06-09,CVE-2022-50393,5.5,2026-01-14T19:16:14.633
CVE-2022-50392,0.000220000,0.063150000,0.18078940104885455,2026-06-09,2026-06-09,CVE-2022-50392,5.5,2026-01-14T19:16:14.373
CVE-2022-50391,0.000170000,0.040950000,0.06707148771736131,2026-06-09,2026-06-09,CVE-2022-50391,5.5,2026-01-14T19:16:14.180
CVE-2022-50390,0.000240000,0.068550000,0.21197902290919127,2026-06-09,2026-06-09,CVE-2022-50390,5.5,2026-03-17T16:35:18.550
CVE-2022-50389,0.000210000,0.061280000,0.14794369307203975,2026-06-09,2026-06-09,CVE-2022-50389,5.5,2026-01-14T19:16:13.670
CVE-2022-50388,0.000210000,0.060690000,0.14794369307203975,2026-06-09,2026-06-09,CVE-2022-50388,5.5,2026-01-14T19:16:13.500
CVE-2022-50387,0.000220000,0.063150000,0.18078940104885455,2026-06-09,2026-06-09,CVE-2022-50387,5.5,2026-01-14T19:16:13.350
CVE-2022-50386,0.000600000,0.188470000,0.6055754899254762,2026-06-09,2026-06-09,CVE-2022-50386,8.0,2026-01-14T19:16:13.183
CVE-2022-50385,0.000210000,0.060690000,0.14794369307203975,2026-06-09,2026-06-09,CVE-2022-50385,5.5,2026-01-14T19:16:12.597
CVE-2022-50384,0.000200000,0.058720000,0.13055478884902014,2026-06-09,2026-06-09,CVE-2022-50384,7.8,2026-01-14T19:16:12.420
CVE-2022-50383,0.000170000,0.040950000,0.06707148771736131,2026-06-09,2026-06-09,CVE-2022-50383,5.5,2026-01-14T19:16:12.260
CVE-2022-50382,0.000160000,0.039690000,0.054650841843775874,2026-06-09,2026-06-09,CVE-2022-50382,5.5,2026-01-14T19:16:12.097
CVE-2022-50381,0.000160000,0.038930000,0.054650841843775874,2026-06-09,2026-06-09,CVE-2022-50381,5.5,2026-01-14T19:16:11.923
CVE-2022-50380,0.000210000,0.061280000,0.14794369307203975,2026-06-09,2026-06-09,CVE-2022-50380,5.5,2026-01-14T19:16:11.760
CVE-2022-50379,0.000130000,0.022640000,0.036157880209770905,2026-06-09,2026-06-09,CVE-2022-50379,4.7,2026-01-14T19:16:11.593
CVE-2022-50378,0.000220000,0.065430000,0.18078940104885455,2026-06-09,2026-06-09,CVE-2022-50378,7.8,2026-01-14T19:16:11.400
CVE-2022-50376,0.000210000,0.061280000,0.14794369307203975,2026-06-09,2026-06-09,CVE-2022-50376,5.5,2026-01-14T19:16:11.180
CVE-2022-50375,0.000210000,0.061280000,0.14794369307203975,2026-06-09,2026-06-09,CVE-2022-50375,5.5,2026-01-14T19:16:10.967
CVE-2025-58992,0.000420000,0.130810000,0.4242340601711289,2026-06-09,2026-06-09,CVE-2025-58992,6.5,2026-04-23T15:34:00.630
CVE-2025-58974,0.000420000,0.130810000,0.4242340601711289,2026-06-09,2026-06-09,CVE-2025-58974,6.5,2026-04-23T15:33:58.503
CVE-2025-58973,0.001570000,0.362050000,0.8501242064587359,2026-06-09,2026-06-09,CVE-2025-58973,7.5,2026-04-23T15:33:58.390
CVE-2025-58969,0.000570000,0.179390000,0.5810102125310516,2026-06-09,2026-06-09,CVE-2025-58969,5.3,2026-04-23T15:33:58.130
CVE-2025-58968,0.000510000,0.161360000,0.5313276290367099,2026-06-09,2026-06-09,CVE-2025-58968,5.0,2026-04-23T15:33:58.020
CVE-2025-58965,0.000420000,0.130810000,0.4242340601711289,2026-06-09,2026-06-09,CVE-2025-58965,6.5,2026-04-28T19:34:25.007
CVE-2025-58962,0.000510000,0.161360000,0.5313276290367099,2026-06-09,2026-06-09,CVE-2025-58962,6.4,2026-04-23T15:33:57.313
CVE-2025-58960,0.000390000,0.118690000,0.388076179961358,2026-06-09,2026-06-09,CVE-2025-58960,5.9,2026-04-23T15:33:57.203
CVE-2025-58957,0.000530000,0.169620000,0.543472260557549,2026-06-09,2026-06-09,CVE-2025-58957,4.3,2026-04-23T15:33:56.783
CVE-2025-58956,0.000220000,0.064580000,0.18078940104885455,2026-06-09,2026-06-09,CVE-2025-58956,7.1,2026-04-23T15:33:56.673
CVE-2025-58704,0.000420000,0.130810000,0.4242340601711289,2026-06-09,2026-06-09,CVE-2025-58704,6.5,2026-04-23T15:33:36.633
CVE-2025-58703,0.000420000,0.130810000,0.4242340601711289,2026-06-09,2026-06-09,CVE-2025-58703,6.5,2026-04-23T15:33:36.520
CVE-2025-58702,0.000420000,0.130810000,0.4242340601711289,2026-06-09,2026-06-09,CVE-2025-58702,6.5,2026-04-23T15:33:36.410
CVE-2025-58691,0.000420000,0.130810000,0.4242340601711289,2026-06-09,2026-06-09,CVE-2025-58691,6.5,2026-04-23T15:33:36.300
CVE-2025-58690,0.000220000,0.064580000,0.18078940104885455,2026-06-09,2026-06-09,CVE-2025-58690,7.1,2026-04-23T15:33:36.177
CVE-2025-58689,0.000420000,0.130810000,0.4242340601711289,2026-06-09,2026-06-09,CVE-2025-58689,6.5,2026-04-23T15:33:36.063
CVE-2025-58688,0.000220000,0.064580000,0.18078940104885455,2026-06-09,2026-06-09,CVE-2025-58688,7.1,2026-04-23T15:33:35.950
CVE-2025-58687,0.000220000,0.064580000,0.18078940104885455,2026-06-09,2026-06-09,CVE-2025-58687,7.1,2026-04-23T15:33:35.837
CVE-2025-58686,0.000530000,0.167120000,0.543472260557549,2026-06-09,2026-06-09,CVE-2025-58686,8.5,2026-04-23T15:33:35.723
CVE-2025-58685,0.000570000,0.179390000,0.5810102125310516,2026-06-09,2026-06-09,CVE-2025-58685,5.3,2026-04-23T15:33:35.620
CVE-2025-58684,0.000420000,0.130810000,0.4242340601711289,2026-06-09,2026-06-09,CVE-2025-58684,6.5,2026-04-23T15:33:35.507
CVE-2025-58683,0.000420000,0.130810000,0.4242340601711289,2026-06-09,2026-06-09,CVE-2025-58683,6.5,2026-04-23T15:33:35.397
CVE-2025-58682,0.000420000,0.130810000,0.4242340601711289,2026-06-09,2026-06-09,CVE-2025-58682,6.5,2026-04-23T15:33:35.283
CVE-2025-58681,0.000570000,0.180670000,0.5810102125310516,2026-06-09,2026-06-09,CVE-2025-58681,5.3,2026-04-23T15:33:35.173
CVE-2025-58680,0.000600000,0.189220000,0.6055754899254762,2026-06-09,2026-06-09,CVE-2025-58680,6.5,2026-04-23T15:33:35.037
CVE-2025-58679,0.000570000,0.180670000,0.5810102125310516,2026-06-09,2026-06-09,CVE-2025-58679,5.3,2026-04-23T15:33:34.900
CVE-2025-58678,0.000600000,0.189220000,0.6055754899254762,2026-06-09,2026-06-09,CVE-2025-58678,6.5,2026-04-23T15:33:34.787
CVE-2025-58677,0.000220000,0.064580000,0.18078940104885455,2026-06-09,2026-06-09,CVE-2025-58677,7.1,2026-04-23T15:33:34.673
CVE-2025-58676,0.000220000,0.064580000,0.18078940104885455,2026-06-09,2026-06-09,CVE-2025-58676,7.1,2026-04-23T15:33:34.547
CVE-2025-58675,0.000230000,0.068000000,0.20452663538504,2026-06-09,2026-06-09,CVE-2025-58675,4.3,2026-04-23T15:33:34.423
CVE-2025-58673,0.000500000,0.160410000,0.526635385040022,2026-06-09,2026-06-09,CVE-2025-58673,5.4,2026-04-23T15:33:34.220
CVE-2025-58672,0.000690000,0.213780000,0.6756831355230472,2026-06-09,2026-06-09,CVE-2025-58672,5.4,2026-04-23T15:33:34.110
CVE-2025-58671,0.000420000,0.132010000,0.4242340601711289,2026-06-09,2026-06-09,CVE-2025-58671,7.1,2026-04-23T15:33:34.000
CVE-2025-58670,0.000220000,0.064580000,0.18078940104885455,2026-06-09,2026-06-09,CVE-2025-58670,7.1,2026-04-23T15:33:33.893
CVE-2025-58669,0.000390000,0.118690000,0.388076179961358,2026-06-09,2026-06-09,CVE-2025-58669,5.9,2026-04-23T15:33:33.780
CVE-2025-58668,0.000650000,0.204290000,0.6433894562517251,2026-06-09,2026-06-09,CVE-2025-58668,9.8,2026-04-23T15:33:33.660
CVE-2025-58667,0.000690000,0.213780000,0.6756831355230472,2026-06-09,2026-06-09,CVE-2025-58667,5.4,2026-04-23T15:33:33.547
CVE-2025-58666,0.000530000,0.169620000,0.543472260557549,2026-06-09,2026-06-09,CVE-2025-58666,4.3,2026-04-23T15:33:33.437
CVE-2025-58665,0.000390000,0.118690000,0.388076179961358,2026-06-09,2026-06-09,CVE-2025-58665,5.9,2026-04-23T15:33:33.327
CVE-2025-58664,0.000530000,0.169620000,0.543472260557549,2026-06-09,2026-06-09,CVE-2025-58664,4.3,2026-04-23T15:33:33.217
CVE-2025-58663,0.000530000,0.169620000,0.543472260557549,2026-06-09,2026-06-09,CVE-2025-58663,4.3,2026-04-23T15:33:33.103
CVE-2025-58662,0.001450000,0.345600000,0.8365995031741651,2026-06-09,2026-06-09,CVE-2025-58662,7.2,2026-04-23T15:33:32.990
CVE-2025-58661,0.000390000,0.118690000,0.388076179961358,2026-06-09,2026-06-09,CVE-2025-58661,5.9,2026-04-23T15:33:32.877
CVE-2025-58660,0.000690000,0.213780000,0.6756831355230472,2026-06-09,2026-06-09,CVE-2025-58660,5.4,2026-04-23T15:33:32.763
CVE-2025-58659,0.000570000,0.180670000,0.5810102125310516,2026-06-09,2026-06-09,CVE-2025-58659,5.3,2026-04-23T15:33:32.650
CVE-2025-58658,0.000390000,0.118690000,0.388076179961358,2026-06-09,2026-06-09,CVE-2025-58658,5.9,2026-04-28T19:34:12.520
CVE-2025-58657,0.000220000,0.064580000,0.18078940104885455,2026-06-09,2026-06-09,CVE-2025-58657,7.1,2026-04-23T15:33:32.427
CVE-2025-58656,0.000570000,0.180670000,0.5810102125310516,2026-06-09,2026-06-09,CVE-2025-58656,5.3,2026-04-23T15:33:32.313
CVE-2025-58655,0.000390000,0.118690000,0.388076179961358,2026-06-09,2026-06-09,CVE-2025-58655,5.9,2026-04-23T15:33:32.200
CVE-2025-58654,0.000420000,0.130810000,0.4242340601711289,2026-06-09,2026-06-09,CVE-2025-58654,6.5,2026-04-23T15:33:32.087
CVE-2025-58653,0.000420000,0.130810000,0.4242340601711289,2026-06-09,2026-06-09,CVE-2025-58653,6.5,2026-04-23T15:33:31.977
CVE-2025-58652,0.000420000,0.130810000,0.4242340601711289,2026-06-09,2026-06-09,CVE-2025-58652,6.5,2026-04-23T15:33:31.867
CVE-2025-58651,0.000420000,0.130810000,0.4242340601711289,2026-06-09,2026-06-09,CVE-2025-58651,6.5,2026-04-23T15:33:31.753
CVE-2025-58650,0.000690000,0.213780000,0.6756831355230472,2026-06-09,2026-06-09,CVE-2025-58650,5.4,2026-04-23T15:33:31.640
CVE-2025-58649,0.000590000,0.186180000,0.6003312172232956,2026-06-09,2026-06-09,CVE-2025-58649,4.3,2026-04-23T15:33:31.527
CVE-2025-58648,0.000420000,0.130810000,0.4242340601711289,2026-06-09,2026-06-09,CVE-2025-58648,6.5,2026-04-23T15:33:31.410
CVE-2025-58647,0.000390000,0.118690000,0.388076179961358,2026-06-09,2026-06-09,CVE-2025-58647,5.9,2026-04-23T15:33:31.293
CVE-2025-58646,0.000390000,0.118690000,0.388076179961358,2026-06-09,2026-06-09,CVE-2025-58646,5.9,2026-04-23T15:33:31.180
CVE-2025-58645,0.000390000,0.118690000,0.388076179961358,2026-06-09,2026-06-09,CVE-2025-58645,5.9,2026-04-23T15:33:31.070
CVE-2025-58271,0.000390000,0.118690000,0.388076179961358,2026-06-09,2026-06-09,CVE-2025-58271,5.9,2026-04-23T15:33:25.460
CVE-2025-58270,0.000220000,0.064580000,0.18078940104885455,2026-06-09,2026-06-09,CVE-2025-58270,7.1,2026-04-23T15:33:25.353
CVE-2025-58269,0.000570000,0.180670000,0.5810102125310516,2026-06-09,2026-06-09,CVE-2025-58269,5.3,2026-04-23T15:33:25.240
CVE-2025-58268,0.000220000,0.064580000,0.18078940104885455,2026-06-09,2026-06-09,CVE-2025-58268,7.1,2026-04-23T15:33:25.130
CVE-2025-58267,0.000220000,0.064580000,0.18078940104885455,2026-06-09,2026-06-09,CVE-2025-58267,7.1,2026-04-23T15:33:25.020
CVE-2025-58266,0.000390000,0.118690000,0.388076179961358,2026-06-09,2026-06-09,CVE-2025-58266,5.9,2026-04-23T15:33:24.910
CVE-2025-58265,0.000420000,0.130810000,0.4242340601711289,2026-06-09,2026-06-09,CVE-2025-58265,6.5,2026-04-28T19:34:08.137
CVE-2025-58264,0.000420000,0.130810000,0.4242340601711289,2026-06-09,2026-06-09,CVE-2025-58264,6.5,2026-04-23T15:33:24.630
CVE-2025-58263,0.000420000,0.130810000,0.4242340601711289,2026-06-09,2026-06-09,CVE-2025-58263,6.5,2026-04-23T15:33:24.520
CVE-2025-58262,0.000220000,0.064580000,0.18078940104885455,2026-06-09,2026-06-09,CVE-2025-58262,7.1,2026-04-23T15:33:24.403
CVE-2025-58261,0.000220000,0.064580000,0.18078940104885455,2026-06-09,2026-06-09,CVE-2025-58261,7.1,2026-04-23T15:33:24.277
CVE-2025-58260,0.000420000,0.130810000,0.4242340601711289,2026-06-09,2026-06-09,CVE-2025-58260,6.5,2026-04-23T15:33:24.160
CVE-2025-58259,0.000210000,0.062130000,0.14794369307203975,2026-06-09,2026-06-09,CVE-2025-58259,7.1,2026-04-23T15:33:24.047
CVE-2025-58258,0.000510000,0.161360000,0.5313276290367099,2026-06-09,2026-06-09,CVE-2025-58258,4.3,2026-04-23T15:33:23.937
CVE-2025-58257,0.000420000,0.130810000,0.4242340601711289,2026-06-09,2026-06-09,CVE-2025-58257,6.5,2026-04-23T15:33:23.823
CVE-2025-58256,0.000390000,0.118690000,0.388076179961358,2026-06-09,2026-06-09,CVE-2025-58256,5.9,2026-04-23T15:33:23.710
CVE-2025-58255,0.000260000,0.077230000,0.25393320452663537,2026-06-09,2026-06-09,CVE-2025-58255,9.6,2026-04-23T15:33:23.603
CVE-2025-58254,0.000420000,0.130810000,0.4242340601711289,2026-06-09,2026-06-09,CVE-2025-58254,6.5,2026-04-23T15:33:23.493
CVE-2025-58253,0.000420000,0.130810000,0.4242340601711289,2026-06-09,2026-06-09,CVE-2025-58253,6.5,2026-04-23T15:33:23.387
CVE-2025-58252,0.000590000,0.186180000,0.6003312172232956,2026-06-09,2026-06-09,CVE-2025-58252,4.3,2026-04-23T15:33:23.277
CVE-2025-58251,0.000530000,0.169620000,0.543472260557549,2026-06-09,2026-06-09,CVE-2025-58251,4.3,2026-04-23T15:33:23.167
CVE-2025-58250,0.000200000,0.056630000,0.13055478884902014,2026-06-09,2026-06-09,CVE-2025-58250,8.8,2026-04-23T15:33:23.057
CVE-2025-58249,0.000590000,0.186180000,0.6003312172232956,2026-06-09,2026-06-09,CVE-2025-58249,4.3,2026-04-23T15:33:22.947
CVE-2025-58248,0.000420000,0.130810000,0.4242340601711289,2026-06-09,2026-06-09,CVE-2025-58248,6.5,2026-04-23T15:33:22.837
CVE-2025-58247,0.000570000,0.180670000,0.5810102125310516,2026-06-09,2026-06-09,CVE-2025-58247,5.3,2026-04-23T15:33:22.723
CVE-2025-58245,0.000390000,0.118690000,0.388076179961358,2026-06-09,2026-06-09,CVE-2025-58245,5.9,2026-04-23T15:33:22.517
CVE-2025-58244,0.000260000,0.077230000,0.25393320452663537,2026-06-09,2026-06-09,CVE-2025-58244,8.8,2026-04-23T15:33:22.403
CVE-2025-58242,0.000420000,0.130810000,0.4242340601711289,2026-06-09,2026-06-09,CVE-2025-58242,6.5,2026-04-23T15:33:22.147
CVE-2025-58241,0.000420000,0.130810000,0.4242340601711289,2026-06-09,2026-06-09,CVE-2025-58241,6.5,2026-04-23T15:33:22.030
CVE-2025-58240,0.001060000,0.282070000,0.7910571349710185,2026-06-09,2026-06-09,CVE-2025-58240,6.5,2026-04-23T15:33:21.910
CVE-2025-58239,0.001060000,0.282070000,0.7910571349710185,2026-06-09,2026-06-09,CVE-2025-58239,6.5,2026-04-23T15:33:21.793
CVE-2025-58238,0.000420000,0.130810000,0.4242340601711289,2026-06-09,2026-06-09,CVE-2025-58238,6.5,2026-04-23T15:33:21.687
CVE-2025-58237,0.000420000,0.130810000,0.4242340601711289,2026-06-09,2026-06-09,CVE-2025-58237,6.5,2026-04-23T15:33:21.573
CVE-2025-58236,0.000230000,0.068000000,0.20452663538504,2026-06-09,2026-06-09,CVE-2025-58236,4.3,2026-04-23T15:33:21.463
CVE-2025-58235,0.000420000,0.130810000,0.4242340601711289,2026-06-09,2026-06-09,CVE-2025-58235,6.5,2026-04-23T15:33:21.350
CVE-2025-58234,0.000380000,0.116060000,0.37869169196798236,2026-06-09,2026-06-09,CVE-2025-58234,5.4,2026-04-23T15:33:21.233
CVE-2025-58233,0.000420000,0.130810000,0.4242340601711289,2026-06-09,2026-06-09,CVE-2025-58233,6.5,2026-04-23T15:33:21.123
CVE-2025-58232,0.000420000,0.130810000,0.4242340601711289,2026-06-09,2026-06-09,CVE-2025-58232,6.5,2026-04-23T15:33:21.010
CVE-2025-58231,0.000420000,0.130810000,0.4242340601711289,2026-06-09,2026-06-09,CVE-2025-58231,6.5,2026-04-23T15:33:20.897
CVE-2025-58230,0.000420000,0.130810000,0.4242340601711289,2026-06-09,2026-06-09,CVE-2025-58230,6.5,2026-04-23T15:33:20.780
CVE-2025-58229,0.000420000,0.130810000,0.4242340601711289,2026-06-09,2026-06-09,CVE-2025-58229,6.5,2026-04-23T15:33:20.667
CVE-2025-9960,0.000800000,0.235970000,0.7215015180789401,2026-06-09,2026-06-09,CVE-2025-9960,,2026-04-15T00:35:42.020
CVE-2025-9495,0.000300000,0.091980000,0.3105161468396357,2026-06-09,2026-06-09,CVE-2025-9495,,2026-04-15T00:35:42.020
CVE-2025-9494,0.002390000,0.471310000,0.8915263593706872,2026-06-09,2026-06-09,CVE-2025-9494,,2026-04-15T00:35:42.020
CVE-2025-9321,0.002880000,0.525550000,0.9036709908915264,2026-06-09,2026-06-09,CVE-2025-9321,9.8,2026-04-15T00:35:42.020
CVE-2025-8902,0.000480000,0.152260000,0.5136627104609439,2026-06-09,2026-06-09,CVE-2025-8902,6.4,2026-04-15T00:35:42.020
CVE-2025-8892,0.000480000,0.153180000,0.5136627104609439,2026-06-09,2026-06-09,CVE-2025-8892,7.8,2025-09-25T18:24:00.030
CVE-2025-59592,0.000420000,0.130810000,0.4242340601711289,2026-06-09,2026-06-09,CVE-2025-59592,6.5,2026-04-23T15:34:06.750
CVE-2025-59591,0.000530000,0.169620000,0.543472260557549,2026-06-09,2026-06-09,CVE-2025-59591,4.3,2026-04-23T15:34:06.637
CVE-2025-59590,0.000390000,0.118690000,0.388076179961358,2026-06-09,2026-06-09,CVE-2025-59590,5.9,2026-04-23T15:34:06.523
CVE-2025-59589,0.000420000,0.130810000,0.4242340601711289,2026-06-09,2026-06-09,CVE-2025-59589,6.5,2026-04-23T15:34:06.413
CVE-2025-59588,0.001570000,0.362050000,0.8501242064587359,2026-06-09,2026-06-09,CVE-2025-59588,7.5,2026-04-23T15:34:06.300
CVE-2025-59587,0.000420000,0.130810000,0.4242340601711289,2026-06-09,2026-06-09,CVE-2025-59587,6.5,2026-04-23T15:34:06.183
CVE-2025-59586,0.000420000,0.130810000,0.4242340601711289,2026-06-09,2026-06-09,CVE-2025-59586,6.5,2026-04-23T15:34:06.070
CVE-2025-59585,0.000420000,0.130810000,0.4242340601711289,2026-06-09,2026-06-09,CVE-2025-59585,6.5,2026-04-23T15:34:05.950
CVE-2025-59584,0.000420000,0.130810000,0.4242340601711289,2026-06-09,2026-06-09,CVE-2025-59584,6.5,2026-04-23T15:34:05.817
CVE-2025-59583,0.000420000,0.130810000,0.4242340601711289,2026-06-09,2026-06-09,CVE-2025-59583,6.5,2026-04-23T15:34:05.667
CVE-2025-59582,0.005590000,0.686520000,0.9445211150979851,2026-06-09,2026-06-09,CVE-2025-59582,5.3,2026-04-23T15:34:05.547
CVE-2025-59581,0.000720000,0.219600000,0.6939000828043058,2026-06-09,2026-06-09,CVE-2025-59581,6.5,2026-04-23T15:34:05.433
CVE-2025-59577,0.001030000,0.276570000,0.7880209770908088,2026-06-09,2026-06-09,CVE-2025-59577,4.3,2026-04-23T15:34:05.320
CVE-2025-59576,0.000530000,0.169620000,0.543472260557549,2026-06-09,2026-06-09,CVE-2025-59576,6.5,2026-04-23T15:34:05.210
CVE-2025-59574,0.000420000,0.130810000,0.4242340601711289,2026-06-09,2026-06-09,CVE-2025-59574,6.5,2026-04-23T15:34:05.097
CVE-2025-59573,0.000510000,0.162010000,0.5313276290367099,2026-06-09,2026-06-09,CVE-2025-59573,5.3,2026-04-23T15:34:04.970
CVE-2025-59572,0.000260000,0.077230000,0.25393320452663537,2026-06-09,2026-06-09,CVE-2025-59572,8.8,2026-04-23T15:34:04.857
CVE-2025-59570,0.000490000,0.154020000,0.5208390836323489,2026-06-09,2026-06-09,CVE-2025-59570,7.6,2026-04-23T15:34:04.743
CVE-2025-59569,0.000420000,0.130810000,0.4242340601711289,2026-06-09,2026-06-09,CVE-2025-59569,6.5,2026-04-23T15:34:04.630
CVE-2025-59568,0.000230000,0.068000000,0.20452663538504,2026-06-09,2026-06-09,CVE-2025-59568,4.3,2026-04-23T15:34:04.510
CVE-2025-59567,0.000460000,0.145200000,0.4739166436654706,2026-06-09,2026-06-09,CVE-2025-59567,5.5,2026-04-23T15:34:04.400
CVE-2025-59565,0.000420000,0.130810000,0.4242340601711289,2026-06-09,2026-06-09,CVE-2025-59565,6.5,2026-04-23T15:34:04.133
CVE-2025-59562,0.000630000,0.198230000,0.6293127242616616,2026-06-09,2026-06-09,CVE-2025-59562,5.5,2026-04-23T15:34:04.023
CVE-2025-59561,0.000530000,0.169620000,0.543472260557549,2026-06-09,2026-06-09,CVE-2025-59561,4.3,2026-04-23T15:34:03.910
CVE-2025-59559,0.000530000,0.169620000,0.543472260557549,2026-06-09,2026-06-09,CVE-2025-59559,4.3,2026-04-23T15:34:03.793
CVE-2025-59553,0.000420000,0.130810000,0.4242340601711289,2026-06-09,2026-06-09,CVE-2025-59553,6.5,2026-04-23T15:34:03.530
CVE-2025-59552,0.000420000,0.130810000,0.4242340601711289,2026-06-09,2026-06-09,CVE-2025-59552,6.5,2026-04-23T15:34:03.420
CVE-2025-59551,0.000530000,0.169620000,0.543472260557549,2026-06-09,2026-06-09,CVE-2025-59551,4.3,2026-04-23T15:34:03.310
CVE-2025-59549,0.000420000,0.130810000,0.4242340601711289,2026-06-09,2026-06-09,CVE-2025-59549,6.5,2026-04-23T15:34:03.193
CVE-2025-59535,0.001260000,0.313250000,0.8134142975434723,2026-06-09,2026-06-09,CVE-2025-59535,6.5,2025-09-29T12:53:14.557
CVE-2025-59532,0.001050000,0.280270000,0.7899530775600331,2026-06-09,2026-06-09,CVE-2025-59532,,2026-04-15T00:35:42.020
CVE-2025-59528,0.852650000,0.993780000,1.0,2026-06-09,2026-06-09,CVE-2025-59528,10.0,2025-09-23T16:45:09.443
CVE-2025-59527,0.002180000,0.443950000,0.8829699144355506,2026-06-09,2026-06-09,CVE-2025-59527,7.5,2025-09-23T16:47:43.363
CVE-2025-59526,0.001070000,0.283480000,0.7932652497929892,2026-06-09,2026-06-09,CVE-2025-59526,,2026-04-15T00:35:42.020
CVE-2025-59434,0.000810000,0.238560000,0.7242616616064035,2026-06-09,2026-06-09,CVE-2025-59434,9.6,2026-04-15T00:35:42.020
CVE-2025-59433,0.000400000,0.124430000,0.4004968258349434,2026-06-09,2026-06-09,CVE-2025-59433,5.3,2026-04-15T00:35:42.020
CVE-2025-59432,0.000990000,0.271240000,0.7816726469776428,2026-06-09,2026-06-09,CVE-2025-59432,,2026-04-15T00:35:42.020
CVE-2025-59430,0.000780000,0.232210000,0.7162572453767596,2026-06-09,2026-06-09,CVE-2025-59430,8.2,2026-04-15T00:35:42.020
CVE-2025-58915,0.000420000,0.130810000,0.4242340601711289,2026-06-09,2026-06-09,CVE-2025-58915,6.5,2026-04-23T15:33:52.140
CVE-2025-57205,0.000680000,0.211300000,0.6660226331769252,2026-06-09,2026-06-09,CVE-2025-57205,5.4,2025-10-03T17:43:02.160
CVE-2025-57204,0.000680000,0.211300000,0.6660226331769252,2026-06-09,2026-06-09,CVE-2025-57204,5.4,2025-10-03T17:45:38.487
CVE-2025-57203,0.000730000,0.222020000,0.6961081976262765,2026-06-09,2026-06-09,CVE-2025-57203,4.8,2025-10-03T17:49:07.950
CVE-2025-47910,0.000170000,0.042050000,0.06707148771736131,2026-06-09,2026-06-09,CVE-2025-47910,5.4,2026-04-15T00:35:42.020
CVE-2025-43814,0.000880000,0.250460000,0.7449627380623792,2026-06-09,2026-06-09,CVE-2025-43814,6.5,2025-12-12T19:36:16.690
CVE-2025-43810,0.000760000,0.228220000,0.7099089152635937,2026-06-09,2026-06-09,CVE-2025-43810,4.3,2025-12-12T19:36:56.567
CVE-2025-43806,0.000750000,0.225700000,0.7046646425614131,2026-06-09,2026-06-09,CVE-2025-43806,4.3,2025-12-12T19:37:57.703
CVE-2025-42907,0.000530000,0.169620000,0.543472260557549,2026-06-09,2026-06-09,CVE-2025-42907,4.3,2026-04-15T00:35:42.020
CVE-2025-39880,0.000240000,0.069600000,0.21197902290919127,2026-06-09,2026-06-09,CVE-2025-39880,7.8,2026-01-20T20:27:54.100
CVE-2025-39879,0.000250000,0.073200000,0.22964394148495723,2026-06-09,2026-06-09,CVE-2025-39879,5.5,2026-01-14T20:16:10.457
CVE-2025-39878,0.000250000,0.073200000,0.22964394148495723,2026-06-09,2026-06-09,CVE-2025-39878,5.5,2026-01-14T20:16:10.283
CVE-2025-39877,0.000240000,0.069600000,0.21197902290919127,2026-06-09,2026-06-09,CVE-2025-39877,7.8,2026-01-20T20:29:36.387
CVE-2025-39876,0.000400000,0.121910000,0.4004968258349434,2026-06-09,2026-06-09,CVE-2025-39876,5.5,2026-01-20T20:33:01.007
CVE-2025-39875,0.000250000,0.073200000,0.22964394148495723,2026-06-09,2026-06-09,CVE-2025-39875,5.5,2026-01-14T20:16:10.007
CVE-2025-39874,0.000250000,0.073200000,0.22964394148495723,2026-06-09,2026-06-09,CVE-2025-39874,5.5,2026-01-14T20:16:09.857
CVE-2025-39873,0.000240000,0.071210000,0.21197902290919127,2026-06-09,2026-06-09,CVE-2025-39873,7.8,2026-01-20T20:33:41.183
CVE-2025-39872,0.000300000,0.090930000,0.3105161468396357,2026-06-09,2026-06-09,CVE-2025-39872,5.5,2026-01-08T10:15:49.230
CVE-2025-39871,0.000250000,0.073830000,0.22964394148495723,2026-06-09,2026-06-09,CVE-2025-39871,7.8,2026-01-11T17:15:53.330
CVE-2025-39870,0.000240000,0.069600000,0.21197902290919127,2026-06-09,2026-06-09,CVE-2025-39870,7.8,2026-01-20T20:40:34.427
CVE-2025-39869,0.000320000,0.097860000,0.33038918023737235,2026-06-09,2026-06-09,CVE-2025-39869,7.1,2026-01-20T20:41:15.407
CVE-2025-39868,0.000260000,0.077470000,0.25393320452663537,2026-06-09,2026-06-09,CVE-2025-39868,7.8,2026-01-14T20:16:09.690
CVE-2025-26399,0.305260000,0.968150000,0.9972398564725365,2026-06-09,2026-06-09,CVE-2025-26399,9.8,2026-03-10T13:11:15.553
CVE-2025-1131,0.000640000,0.201570000,0.6362130830803202,2026-06-09,2026-06-09,CVE-2025-1131,7.8,2025-11-03T18:15:48.883
CVE-2025-10843,0.000680000,0.210310000,0.6660226331769252,2026-06-09,2026-06-09,CVE-2025-10843,9.8,2026-04-29T01:00:01.613
CVE-2025-10842,0.000600000,0.188290000,0.6055754899254762,2026-06-09,2026-06-09,CVE-2025-10842,9.8,2026-04-29T01:00:01.613
CVE-2025-10841,0.000600000,0.188290000,0.6055754899254762,2026-06-09,2026-06-09,CVE-2025-10841,9.8,2026-04-29T01:00:01.613
CVE-2025-10840,0.000580000,0.182930000,0.5873585426442175,2026-06-09,2026-06-09,CVE-2025-10840,8.8,2026-04-29T01:00:01.613
CVE-2025-10839,0.000580000,0.182930000,0.5873585426442175,2026-06-09,2026-06-09,CVE-2025-10839,8.8,2026-04-29T01:00:01.613
CVE-2025-10838,0.004630000,0.646890000,0.9321004692243997,2026-06-09,2026-06-09,CVE-2025-10838,8.8,2025-10-03T15:09:55.663
CVE-2025-10837,0.000420000,0.132620000,0.4242340601711289,2026-06-09,2026-06-09,CVE-2025-10837,5.4,2026-04-29T01:00:01.613
CVE-2025-10836,0.000600000,0.188290000,0.6055754899254762,2026-06-09,2026-06-09,CVE-2025-10836,9.8,2026-04-29T01:00:01.613
CVE-2025-10835,0.000780000,0.233330000,0.7162572453767596,2026-06-09,2026-06-09,CVE-2025-10835,8.8,2026-04-29T01:00:01.613
CVE-2025-10834,0.000600000,0.188290000,0.6055754899254762,2026-06-09,2026-06-09,CVE-2025-10834,9.8,2026-04-29T01:00:01.613
CVE-2025-10833,0.000650000,0.203920000,0.6433894562517251,2026-06-09,2026-06-09,CVE-2025-10833,9.8,2026-04-29T01:00:01.613
CVE-2025-10832,0.000600000,0.188290000,0.6055754899254762,2026-06-09,2026-06-09,CVE-2025-10832,9.8,2026-04-29T01:00:01.613
CVE-2025-10831,0.000810000,0.238260000,0.7242616616064035,2026-06-09,2026-06-09,CVE-2025-10831,9.8,2026-04-29T01:00:01.613
CVE-2025-10830,0.000600000,0.188290000,0.6055754899254762,2026-06-09,2026-06-09,CVE-2025-10830,9.8,2026-04-29T01:00:01.613
CVE-2025-10829,0.000600000,0.188290000,0.6055754899254762,2026-06-09,2026-06-09,CVE-2025-10829,9.8,2026-04-29T01:00:01.613
CVE-2025-10828,0.000580000,0.182930000,0.5873585426442175,2026-06-09,2026-06-09,CVE-2025-10828,8.8,2026-04-29T01:00:01.613
CVE-2025-10827,0.000570000,0.180350000,0.5810102125310516,2026-06-09,2026-06-09,CVE-2025-10827,6.1,2026-04-29T01:00:01.613
CVE-2025-10826,0.000580000,0.182930000,0.5873585426442175,2026-06-09,2026-06-09,CVE-2025-10826,8.8,2026-04-29T01:00:01.613
CVE-2025-10825,0.000580000,0.182930000,0.5873585426442175,2026-06-09,2026-06-09,CVE-2025-10825,8.8,2026-04-29T01:00:01.613
CVE-2025-10824,0.000240000,0.068690000,0.21197902290919127,2026-06-09,2026-06-09,CVE-2025-10824,5.3,2026-04-29T01:00:01.613
CVE-2025-10823,0.000380000,0.115060000,0.37869169196798236,2026-06-09,2026-06-09,CVE-2025-10823,3.3,2026-04-29T01:00:01.613
CVE-2025-10822,0.000470000,0.149400000,0.48330113165884625,2026-06-09,2026-06-09,CVE-2025-10822,4.3,2026-04-29T01:00:01.613
CVE-2025-10821,0.000470000,0.149400000,0.48330113165884625,2026-06-09,2026-06-09,CVE-2025-10821,4.3,2026-04-29T01:00:01.613
CVE-2025-10820,0.000510000,0.162570000,0.5313276290367099,2026-06-09,2026-06-09,CVE-2025-10820,4.3,2026-04-29T01:00:01.613
CVE-2025-10819,0.000510000,0.162570000,0.5313276290367099,2026-06-09,2026-06-09,CVE-2025-10819,4.3,2026-04-29T01:00:01.613
CVE-2025-10817,0.000620000,0.194660000,0.6254485233232128,2026-06-09,2026-06-09,CVE-2025-10817,9.8,2026-04-29T01:00:01.613
CVE-2025-10816,0.000730000,0.221990000,0.6961081976262765,2026-06-09,2026-06-09,CVE-2025-10816,9.8,2026-04-29T01:00:01.613
CVE-2025-10815,0.003340000,0.565340000,0.912227435826663,2026-06-09,2026-06-09,CVE-2025-10815,8.8,2025-09-25T18:07:11.053
CVE-2025-10814,0.003140000,0.548480000,0.9083632348882141,2026-06-09,2026-06-09,CVE-2025-10814,8.8,2026-04-29T01:00:01.613
CVE-2025-10813,0.000620000,0.194660000,0.6254485233232128,2026-06-09,2026-06-09,CVE-2025-10813,9.8,2026-04-29T01:00:01.613
CVE-2025-10812,0.000600000,0.188290000,0.6055754899254762,2026-06-09,2026-06-09,CVE-2025-10812,9.8,2026-04-29T01:00:01.613
CVE-2025-10380,0.000760000,0.228760000,0.7099089152635937,2026-06-09,2026-06-09,CVE-2025-10380,8.8,2026-04-15T00:35:42.020
CVE-2025-9966,0.000260000,0.076760000,0.25393320452663537,2026-06-09,2026-06-09,CVE-2025-9966,,2026-04-15T00:35:42.020
CVE-2025-9965,0.003800000,0.598270000,0.9191277946453216,2026-06-09,2026-06-09,CVE-2025-9965,,2026-04-15T00:35:42.020
CVE-2025-9964,0.000390000,0.120450000,0.388076179961358,2026-06-09,2026-06-09,CVE-2025-9964,,2026-04-15T00:35:42.020
CVE-2025-9963,0.000400000,0.124520000,0.4004968258349434,2026-06-09,2026-06-09,CVE-2025-9963,,2026-04-15T00:35:42.020
CVE-2025-9962,0.001130000,0.294230000,0.8009936516698868,2026-06-09,2026-06-09,CVE-2025-9962,,2026-04-15T00:35:42.020
CVE-2025-9900,0.000530000,0.168810000,0.543472260557549,2026-06-09,2026-06-09,CVE-2025-9900,8.8,2026-04-20T22:16:22.580
CVE-2025-9846,0.004310000,0.629330000,0.9285122826386972,2026-06-09,2026-06-09,CVE-2025-9846,10.0,2026-06-05T12:16:35.490
CVE-2025-9844,0.000890000,0.253720000,0.7491029533535744,2026-06-09,2026-06-09,CVE-2025-9844,8.8,2026-04-15T00:35:42.020
CVE-2025-9798,0.000530000,0.169250000,0.543472260557549,2026-06-09,2026-06-09,CVE-2025-9798,8.9,2026-06-05T12:16:35.357
CVE-2025-9588,0.005940000,0.697000000,0.948385316036434,2026-06-09,2026-06-09,CVE-2025-9588,9.8,2026-06-05T12:16:35.193
CVE-2025-9342,0.000600000,0.189220000,0.6055754899254762,2026-06-09,2026-06-09,CVE-2025-9342,6.5,2026-06-05T12:16:35.060
CVE-2025-9054,0.002170000,0.443440000,0.8821418713773116,2026-06-09,2026-06-09,CVE-2025-9054,9.8,2026-04-15T00:35:42.020
CVE-2025-9031,0.000410000,0.127040000,0.4159536295887386,2026-06-09,2026-06-09,CVE-2025-9031,4.3,2026-06-05T12:16:34.667
CVE-2025-8410,0.000520000,0.166640000,0.5385040022081148,2026-06-09,2026-06-09,CVE-2025-8410,7.4,2025-10-01T18:38:30.100
CVE-2025-8354,0.000480000,0.153180000,0.5136627104609439,2026-06-09,2026-06-09,CVE-2025-8354,7.8,2025-10-02T21:16:01.800
CVE-2025-8282,0.000350000,0.107050000,0.35219431410433344,2026-06-09,2026-06-09,CVE-2025-8282,3.5,2026-04-15T00:35:42.020
CVE-2025-7106,0.000490000,0.154230000,0.5208390836323489,2026-06-09,2026-06-09,CVE-2025-7106,5.3,2025-10-20T19:00:25.837
CVE-2025-6921,0.000380000,0.117200000,0.37869169196798236,2026-06-09,2026-06-09,CVE-2025-6921,7.5,2025-10-10T21:31:30.230
CVE-2025-60020,0.000600000,0.190480000,0.6055754899254762,2026-06-09,2026-06-09,CVE-2025-60020,6.4,2026-04-15T00:35:42.020
CVE-2025-59826,0.000700000,0.214620000,0.6845155948109302,2026-06-09,2026-06-09,CVE-2025-59826,7.6,2025-10-08T16:35:50.263
CVE-2025-59825,0.000350000,0.108350000,0.35219431410433344,2026-06-09,2026-06-09,CVE-2025-59825,,2026-04-15T00:35:42.020
CVE-2025-59822,0.001080000,0.285620000,0.7935412641457356,2026-06-09,2026-06-09,CVE-2025-59822,7.5,2025-10-08T17:35:04.200
CVE-2025-59821,0.000470000,0.148260000,0.48330113165884625,2026-06-09,2026-06-09,CVE-2025-59821,6.1,2025-09-29T12:58:27.157
CVE-2025-59548,0.000380000,0.116900000,0.37869169196798236,2026-06-09,2026-06-09,CVE-2025-59548,6.1,2025-09-29T12:58:02.710
CVE-2025-59547,0.001090000,0.287420000,0.7949213359094673,2026-06-09,2026-06-09,CVE-2025-59547,5.3,2025-09-29T12:57:09.407
CVE-2025-59546,0.000380000,0.116900000,0.37869169196798236,2026-06-09,2026-06-09,CVE-2025-59546,4.8,2025-09-29T12:56:28.353
CVE-2025-59545,0.000980000,0.268260000,0.7786364890974331,2026-06-09,2026-06-09,CVE-2025-59545,9.0,2025-09-29T12:56:04.663
CVE-2025-59539,0.000410000,0.128240000,0.4159536295887386,2026-06-09,2026-06-09,CVE-2025-59539,5.4,2025-09-29T12:42:58.927
CVE-2025-59534,0.000690000,0.214090000,0.6756831355230472,2026-06-09,2026-06-09,CVE-2025-59534,7.8,2025-10-08T17:41:50.037
CVE-2025-59484,0.000230000,0.066020000,0.20452663538504,2026-06-09,2026-06-09,CVE-2025-59484,8.3,2026-04-15T00:35:42.020
CVE-2025-58674,0.000390000,0.118690000,0.388076179961358,2026-06-09,2026-06-09,CVE-2025-58674,5.9,2026-04-28T19:34:13.510
CVE-2025-58473,0.001300000,0.319700000,0.8186585702456528,2026-06-09,2026-06-09,CVE-2025-58473,5.9,2026-04-15T00:35:42.020
CVE-2025-58457,0.001120000,0.293490000,0.7982335081424234,2026-06-09,2026-06-09,CVE-2025-58457,4.3,2025-11-04T22:16:34.103
CVE-2025-58354,0.000880000,0.250850000,0.7449627380623792,2026-06-09,2026-06-09,CVE-2025-58354,,2026-04-15T00:35:42.020
CVE-2025-58319,0.000180000,0.051440000,0.09688103781396633,2026-06-09,2026-06-09,CVE-2025-58319,7.8,2025-09-25T18:19:38.530
CVE-2025-58317,0.000070000,0.005700000,0.0024841291747170853,2026-06-09,2026-06-09,CVE-2025-58317,7.8,2025-09-25T18:19:30.327
CVE-2025-58246,0.000590000,0.186180000,0.6003312172232956,2026-06-09,2026-06-09,CVE-2025-58246,4.3,2026-04-28T19:34:06.973
CVE-2025-58069,0.000570000,0.180670000,0.5810102125310516,2026-06-09,2026-06-09,CVE-2025-58069,5.3,2026-04-15T00:35:42.020
CVE-2025-57882,0.001300000,0.319700000,0.8186585702456528,2026-06-09,2026-06-09,CVE-2025-57882,5.9,2026-04-15T00:35:42.020
CVE-2025-57639,0.039950000,0.886610000,0.9886834115373999,2026-06-09,2026-06-09,CVE-2025-57639,6.5,2025-09-25T16:09:17.580
CVE-2025-57638,0.001170000,0.299820000,0.805133866961082,2026-06-09,2026-06-09,CVE-2025-57638,7.5,2025-09-25T16:09:10.880
CVE-2025-57637,0.001790000,0.392470000,0.863924924096053,2026-06-09,2026-06-09,CVE-2025-57637,7.5,2025-09-25T16:09:01.097
CVE-2025-57636,0.023310000,0.851540000,0.9812310240132487,2026-06-09,2026-06-09,CVE-2025-57636,6.5,2025-09-25T16:07:18.607
CVE-2025-57407,0.000440000,0.139310000,0.4609439690863925,2026-06-09,2026-06-09,CVE-2025-57407,5.4,2025-10-08T18:10:20.997
CVE-2025-5717,0.008010000,0.744540000,0.9583218327353022,2026-06-09,2026-06-09,CVE-2025-5717,7.2,2025-11-21T21:34:06.837
CVE-2025-56394,0.001170000,0.299820000,0.805133866961082,2026-06-09,2026-06-09,CVE-2025-56394,7.5,2025-10-08T17:56:44.457
CVE-2025-56311,0.000480000,0.152480000,0.5136627104609439,2026-06-09,2026-06-09,CVE-2025-56311,6.5,2026-04-15T00:35:42.020
CVE-2025-56304,0.000510000,0.161980000,0.5313276290367099,2026-06-09,2026-06-09,CVE-2025-56304,6.1,2025-10-08T18:09:35.137
CVE-2025-56146,0.000380000,0.115810000,0.37869169196798236,2026-06-09,2026-06-09,CVE-2025-56146,5.3,2026-04-15T00:35:42.020
CVE-2025-55780,0.000860000,0.248360000,0.7394424510074524,2026-06-09,2026-06-09,CVE-2025-55780,7.5,2025-10-08T18:04:01.977
CVE-2025-55069,0.000620000,0.195910000,0.6254485233232128,2026-06-09,2026-06-09,CVE-2025-55069,8.3,2026-04-15T00:35:42.020
CVE-2025-55038,0.000420000,0.130340000,0.4242340601711289,2026-06-09,2026-06-09,CVE-2025-55038,6.8,2026-04-15T00:35:42.020
CVE-2025-54855,0.000090000,0.010710000,0.01186861716809274,2026-06-09,2026-06-09,CVE-2025-54855,4.2,2026-04-15T00:35:42.020
CVE-2025-54081,0.000190000,0.051860000,0.11233784156776153,2026-06-09,2026-06-09,CVE-2025-54081,7.0,2025-10-08T17:48:27.567
CVE-2025-52905,0.001350000,0.330820000,0.824454871653326,2026-06-09,2026-06-09,CVE-2025-52905,7.5,2025-10-08T18:06:28.473
CVE-2025-51005,0.002000000,0.420350000,0.8727573833839359,2026-06-09,2026-06-09,CVE-2025-51005,7.5,2025-10-08T17:54:03.633
CVE-2025-4993,0.001090000,0.287040000,0.7949213359094673,2026-06-09,2026-06-09,CVE-2025-4993,9.1,2026-04-01T02:16:01.313
CVE-2025-48459,0.006250000,0.706080000,0.9503174165056583,2026-06-09,2026-06-09,CVE-2025-48459,5.3,2025-11-04T22:16:17.327
CVE-2025-48392,0.005050000,0.666030000,0.9365166988683411,2026-06-09,2026-06-09,CVE-2025-48392,7.5,2025-11-04T22:16:17.157
CVE-2025-4760,0.000380000,0.116900000,0.37869169196798236,2026-06-09,2026-06-09,CVE-2025-4760,4.8,2025-11-21T21:29:56.007
CVE-2025-4582,0.000260000,0.077470000,0.25393320452663537,2026-06-09,2026-06-09,CVE-2025-4582,7.1,2026-04-01T02:16:01.093
CVE-2025-45326,0.002370000,0.469180000,0.890422301959702,2026-06-09,2026-06-09,CVE-2025-45326,6.5,2025-10-17T15:11:07.393
CVE-2025-43819,0.000480000,0.151830000,0.5136627104609439,2026-06-09,2026-06-09,CVE-2025-43819,6.5,2025-12-15T18:20:14.943
CVE-2025-43779,0.000330000,0.101970000,0.34004968258349433,2026-06-09,2026-06-09,CVE-2025-43779,6.1,2025-12-15T18:19:33.093
CVE-2025-41716,0.000430000,0.135900000,0.44714325144907535,2026-06-09,2026-06-09,CVE-2025-41716,5.3,2026-04-15T00:35:42.020
CVE-2025-41715,0.001320000,0.323200000,0.8214187137731161,2026-06-09,2026-06-09,CVE-2025-41715,9.8,2026-04-15T00:35:42.020
CVE-2025-39890,0.000190000,0.054220000,0.11233784156776153,2026-06-09,2026-06-09,CVE-2025-39890,5.5,2026-01-14T18:16:39.223
CVE-2025-39889,0.000070000,0.004980000,0.0024841291747170853,2026-06-09,2026-06-09,CVE-2025-39889,5.5,2026-04-02T09:16:19.227
CVE-2025-39888,0.000260000,0.077470000,0.25393320452663537,2026-06-09,2026-06-09,CVE-2025-39888,7.8,2026-01-14T20:16:11.270
CVE-2025-39887,0.000250000,0.073200000,0.22964394148495723,2026-06-09,2026-06-09,CVE-2025-39887,5.5,2026-01-14T20:16:11.100
CVE-2025-39886,0.000220000,0.063150000,0.18078940104885455,2026-06-09,2026-06-09,CVE-2025-39886,5.5,2026-01-14T20:16:10.937
CVE-2025-39885,0.000310000,0.092450000,0.32266077836047474,2026-06-09,2026-06-09,CVE-2025-39885,5.5,2026-01-16T19:29:02.180
CVE-2025-39884,0.000130000,0.020920000,0.036157880209770905,2026-06-09,2026-06-09,CVE-2025-39884,4.7,2026-01-14T20:16:10.780
CVE-2025-39883,0.000270000,0.082260000,0.2779464532155672,2026-06-09,2026-06-09,CVE-2025-39883,7.1,2026-01-16T19:26:44.733
CVE-2025-39882,0.000220000,0.065430000,0.18078940104885455,2026-06-09,2026-06-09,CVE-2025-39882,7.8,2026-01-14T20:16:10.620
CVE-2025-39881,0.000240000,0.069600000,0.21197902290919127,2026-06-09,2026-06-09,CVE-2025-39881,7.8,2026-01-16T19:26:01.513
CVE-2025-29084,0.002390000,0.471540000,0.8915263593706872,2026-06-09,2026-06-09,CVE-2025-29084,6.5,2025-09-25T16:09:31.223
CVE-2025-29083,0.002390000,0.471540000,0.8915263593706872,2026-06-09,2026-06-09,CVE-2025-29083,6.5,2025-09-25T16:09:45.757
CVE-2025-1255,0.001090000,0.287040000,0.7949213359094673,2026-06-09,2026-06-09,CVE-2025-1255,9.1,2025-10-02T13:44:49.900
CVE-2025-10906,0.000270000,0.080340000,0.2779464532155672,2026-06-09,2026-06-09,CVE-2025-10906,8.4,2026-04-29T01:00:01.613
CVE-2025-10857,0.000600000,0.188290000,0.6055754899254762,2026-06-09,2026-06-09,CVE-2025-10857,9.8,2026-04-29T01:00:01.613
CVE-2025-10851,0.000600000,0.188290000,0.6055754899254762,2026-06-09,2026-06-09,CVE-2025-10851,9.8,2026-04-29T01:00:01.613
CVE-2025-10848,0.000580000,0.182930000,0.5873585426442175,2026-06-09,2026-06-09,CVE-2025-10848,8.8,2026-04-29T01:00:01.613
CVE-2025-10846,0.000560000,0.177060000,0.5752139111233784,2026-06-09,2026-06-09,CVE-2025-10846,8.8,2026-04-29T01:00:01.613
CVE-2025-10845,0.000560000,0.177060000,0.5752139111233784,2026-06-09,2026-06-09,CVE-2025-10845,8.8,2026-04-29T01:00:01.613
CVE-2025-10844,0.000560000,0.177060000,0.5752139111233784,2026-06-09,2026-06-09,CVE-2025-10844,8.8,2026-04-29T01:00:01.613
CVE-2025-10548,0.005110000,0.668470000,0.9390008280430583,2026-06-09,2026-06-09,CVE-2025-10548,6.5,2026-04-15T00:35:42.020
CVE-2025-10412,0.010510000,0.779180000,0.9660502346121999,2026-06-09,2026-06-09,CVE-2025-10412,9.8,2026-04-15T00:35:42.020
CVE-2025-10244,0.001200000,0.304960000,0.8067899530775601,2026-06-09,2026-06-09,CVE-2025-10244,8.7,2025-12-01T18:23:22.233
CVE-2025-10184,0.001810000,0.395130000,0.8653049958597847,2026-06-09,2026-06-09,CVE-2025-10184,,2026-04-15T00:35:42.020
CVE-2025-10147,0.007600000,0.737280000,0.9563897322660778,2026-06-09,2026-06-09,CVE-2025-10147,9.8,2026-04-15T00:35:42.020
CVE-2025-0672,0.000400000,0.122410000,0.4004968258349434,2026-06-09,2026-06-09,CVE-2025-0672,3.8,2025-10-03T16:38:03.687
CVE-2025-0663,0.000270000,0.081580000,0.2779464532155672,2026-06-09,2026-06-09,CVE-2025-0663,6.8,2025-10-06T13:44:26.807
CVE-2025-0209,0.000740000,0.224670000,0.7008004416229644,2026-06-09,2026-06-09,CVE-2025-0209,6.1,2025-10-06T13:45:48.313
CVE-2024-6429,0.000500000,0.158440000,0.526635385040022,2026-06-09,2026-06-09,CVE-2024-6429,4.3,2025-10-06T13:39:38.010
CVE-2024-58241,0.000200000,0.057560000,0.13055478884902014,2026-06-09,2026-06-09,CVE-2024-58241,5.5,2026-01-14T20:16:06.653
CVE-2024-4598,0.001360000,0.332440000,0.8255589290643114,2026-06-09,2026-06-09,CVE-2024-4598,6.5,2026-01-09T02:34:20.723
CVE-2024-21935,0.000820000,0.240000000,0.7267457907811207,2026-06-09,2026-06-09,CVE-2024-21935,5.0,2026-04-15T00:35:42.020
CVE-2024-21927,0.001020000,0.275640000,0.7863648909743307,2026-06-09,2026-06-09,CVE-2024-21927,5.0,2026-04-15T00:35:42.020
CVE-2017-20200,0.000360000,0.109530000,0.3654430030361579,2026-06-09,2026-06-09,CVE-2017-20200,3.7,2026-04-29T01:00:01.613
CVE-2025-9353,0.000540000,0.171950000,0.5600331217223296,2026-06-09,2026-06-09,CVE-2025-9353,6.4,2026-04-15T00:35:42.020
CVE-2025-8869,0.000220000,0.065320000,0.18078940104885455,2026-06-09,2026-06-09,CVE-2025-8869,,2026-04-15T00:35:42.020
CVE-2025-59824,0.000310000,0.094890000,0.32266077836047474,2026-06-09,2026-06-09,CVE-2025-59824,5.4,2025-12-22T14:09:39.370
CVE-2025-59525,0.000380000,0.116170000,0.37869169196798236,2026-06-09,2026-06-09,CVE-2025-59525,6.1,2025-09-29T14:04:23.910
CVE-2025-59524,0.000290000,0.086830000,0.29726745790781123,2026-06-09,2026-06-09,CVE-2025-59524,6.1,2025-09-29T14:04:48.430
CVE-2025-59343,0.000330000,0.099960000,0.34004968258349433,2026-06-09,2026-06-09,CVE-2025-59343,,2026-04-15T00:35:42.020
CVE-2025-59305,0.001220000,0.308450000,0.8087220535467844,2026-06-09,2026-06-09,CVE-2025-59305,7.6,2025-12-02T18:09:52.547
CVE-2025-59251,0.000870000,0.249900000,0.7413745514766767,2026-06-09,2026-06-09,CVE-2025-59251,7.6,2025-11-20T00:16:10.533
CVE-2025-57354,0.008500000,0.752690000,0.9594258901462877,2026-06-09,2026-06-09,CVE-2025-57354,6.5,2026-04-15T00:35:42.020
CVE-2025-57353,0.001310000,0.321200000,0.8208666850676235,2026-06-09,2026-06-09,CVE-2025-57353,5.3,2026-04-15T00:35:42.020
CVE-2025-57352,0.001640000,0.371780000,0.854264421749931,2026-06-09,2026-06-09,CVE-2025-57352,5.3,2026-04-15T00:35:42.020
CVE-2025-57351,0.002500000,0.484230000,0.8948385316036434,2026-06-09,2026-06-09,CVE-2025-57351,6.5,2026-04-15T00:35:42.020
CVE-2025-57350,0.002180000,0.444150000,0.8829699144355506,2026-06-09,2026-06-09,CVE-2025-57350,8.6,2025-10-17T14:56:11.183
CVE-2025-57349,0.002420000,0.476340000,0.8934584598399117,2026-06-09,2026-06-09,CVE-2025-57349,7.5,2025-10-17T14:49:25.293
CVE-2025-57348,0.002420000,0.476530000,0.8934584598399117,2026-06-09,2026-06-09,CVE-2025-57348,6.5,2025-10-17T14:50:43.533
CVE-2025-57347,0.002040000,0.425530000,0.873585426442175,2026-06-09,2026-06-09,CVE-2025-57347,9.8,2025-10-17T14:53:19.667
CVE-2025-57330,0.001450000,0.346090000,0.8365995031741651,2026-06-09,2026-06-09,CVE-2025-57330,7.5,2025-10-17T14:54:26.210
CVE-2025-57329,0.001450000,0.346090000,0.8365995031741651,2026-06-09,2026-06-09,CVE-2025-57329,7.5,2025-10-20T16:30:54.410
CVE-2025-57328,0.001450000,0.346090000,0.8365995031741651,2026-06-09,2026-06-09,CVE-2025-57328,7.5,2025-10-20T16:50:08.890
CVE-2025-57327,0.001450000,0.346090000,0.8365995031741651,2026-06-09,2026-06-09,CVE-2025-57327,7.5,2025-10-20T16:50:36.657
CVE-2025-57326,0.001450000,0.346090000,0.8365995031741651,2026-06-09,2026-06-09,CVE-2025-57326,7.5,2025-10-16T16:23:24.223
CVE-2025-57325,0.001450000,0.346090000,0.8365995031741651,2026-06-09,2026-06-09,CVE-2025-57325,7.5,2025-10-20T16:54:41.423
CVE-2025-57323,0.001450000,0.346090000,0.8365995031741651,2026-06-09,2026-06-09,CVE-2025-57323,7.5,2025-10-17T13:21:12.710
CVE-2025-57321,0.001530000,0.357560000,0.8451559481093017,2026-06-09,2026-06-09,CVE-2025-57321,9.8,2025-10-17T13:24:09.090
CVE-2025-56819,0.105390000,0.934170000,0.9961357990615513,2026-06-09,2026-06-09,CVE-2025-56819,9.8,2025-10-10T21:30:04.943
CVE-2025-56816,0.022560000,0.849330000,0.9809550096605023,2026-06-09,2026-06-09,CVE-2025-56816,8.8,2025-10-10T21:06:27.993
CVE-2025-56815,0.001890000,0.406140000,0.8688931824454872,2026-06-09,2026-06-09,CVE-2025-56815,7.1,2025-10-10T21:07:03.727
CVE-2025-56241,0.002330000,0.462330000,0.8893182445487166,2026-06-09,2026-06-09,CVE-2025-56241,7.5,2026-04-15T00:35:42.020
CVE-2025-55322,0.001730000,0.384430000,0.8592326800993652,2026-06-09,2026-06-09,CVE-2025-55322,7.3,2025-10-01T20:31:58.350
CVE-2025-55178,0.002200000,0.447030000,0.884073971846536,2026-06-09,2026-06-09,CVE-2025-55178,5.3,2026-04-15T00:35:42.020
CVE-2025-52907,0.002650000,0.501920000,0.8978746894838532,2026-06-09,2026-06-09,CVE-2025-52907,8.8,2025-10-14T19:44:48.410
CVE-2025-52906,0.008800000,0.757340000,0.9602539332045267,2026-06-09,2026-06-09,CVE-2025-52906,9.8,2025-10-14T19:45:06.873
CVE-2025-48869,0.001100000,0.289190000,0.7965774220259454,2026-06-09,2026-06-09,CVE-2025-48869,7.5,2025-09-29T14:05:30.127
CVE-2025-48868,0.046820000,0.895560000,0.9906155120066243,2026-06-09,2026-06-09,CVE-2025-48868,7.2,2025-09-29T14:06:57.020
CVE-2025-48867,0.000630000,0.197920000,0.6293127242616616,2026-06-09,2026-06-09,CVE-2025-48867,4.8,2025-09-29T14:06:04.530
CVE-2025-47329,0.000190000,0.051810000,0.11233784156776153,2026-06-09,2026-06-09,CVE-2025-47329,7.8,2025-09-25T15:58:55.557
CVE-2025-47328,0.000590000,0.187210000,0.6003312172232956,2026-06-09,2026-06-09,CVE-2025-47328,7.5,2025-09-25T16:01:15.057
CVE-2025-47327,0.000190000,0.051810000,0.11233784156776153,2026-06-09,2026-06-09,CVE-2025-47327,7.8,2025-09-25T16:03:48.773
CVE-2025-47326,0.000590000,0.187210000,0.6003312172232956,2026-06-09,2026-06-09,CVE-2025-47326,7.5,2025-09-25T16:03:58.223
CVE-2025-47318,0.000760000,0.229090000,0.7099089152635937,2026-06-09,2026-06-09,CVE-2025-47318,7.5,2025-11-28T16:14:16.630
CVE-2025-47317,0.000190000,0.051810000,0.11233784156776153,2026-06-09,2026-06-09,CVE-2025-47317,7.8,2025-09-25T16:04:08.330
CVE-2025-47316,0.000190000,0.051810000,0.11233784156776153,2026-06-09,2026-06-09,CVE-2025-47316,7.8,2025-09-25T16:04:16.090
CVE-2025-47315,0.000190000,0.051810000,0.11233784156776153,2026-06-09,2026-06-09,CVE-2025-47315,7.8,2025-09-25T16:04:23.580
CVE-2025-47314,0.000280000,0.084090000,0.29036709908915265,2026-06-09,2026-06-09,CVE-2025-47314,7.8,2025-09-25T16:07:28.137
CVE-2025-27077,0.000190000,0.051810000,0.11233784156776153,2026-06-09,2026-06-09,CVE-2025-27077,7.8,2025-09-25T16:07:38.010
CVE-2025-27037,0.000190000,0.051810000,0.11233784156776153,2026-06-09,2026-06-09,CVE-2025-27037,7.8,2025-09-25T16:07:48.703
CVE-2025-27036,0.000170000,0.044090000,0.06707148771736131,2026-06-09,2026-06-09,CVE-2025-27036,6.1,2025-09-25T16:08:00.893
CVE-2025-27034,0.000570000,0.179340000,0.5810102125310516,2026-06-09,2026-06-09,CVE-2025-27034,9.8,2025-11-28T16:46:33.673
CVE-2025-27033,0.000170000,0.044090000,0.06707148771736131,2026-06-09,2026-06-09,CVE-2025-27033,6.1,2025-09-25T16:08:17.913
CVE-2025-27032,0.000170000,0.044230000,0.06707148771736131,2026-06-09,2026-06-09,CVE-2025-27032,7.8,2025-11-28T15:53:01.813
CVE-2025-27030,0.000170000,0.044090000,0.06707148771736131,2026-06-09,2026-06-09,CVE-2025-27030,6.1,2025-09-25T16:08:27.300
CVE-2025-23354,0.000250000,0.074850000,0.22964394148495723,2026-06-09,2026-06-09,CVE-2025-23354,7.8,2025-10-10T18:24:20.567
CVE-2025-23353,0.000250000,0.074850000,0.22964394148495723,2026-06-09,2026-06-09,CVE-2025-23353,7.8,2025-10-10T18:21:55.320
CVE-2025-23349,0.000250000,0.074850000,0.22964394148495723,2026-06-09,2026-06-09,CVE-2025-23349,7.8,2025-10-10T18:24:05.753
CVE-2025-23348,0.000250000,0.074850000,0.22964394148495723,2026-06-09,2026-06-09,CVE-2025-23348,7.8,2025-10-10T18:24:13.447
CVE-2025-23346,0.000260000,0.077270000,0.25393320452663537,2026-06-09,2026-06-09,CVE-2025-23346,3.3,2025-10-06T14:27:13.597
CVE-2025-23340,0.000320000,0.098190000,0.33038918023737235,2026-06-09,2026-06-09,CVE-2025-23340,3.3,2025-11-03T19:15:48.320
CVE-2025-23339,0.000200000,0.058100000,0.13055478884902014,2026-06-09,2026-06-09,CVE-2025-23339,7.8,2025-11-03T19:15:48.200
CVE-2025-23338,0.000320000,0.095610000,0.33038918023737235,2026-06-09,2026-06-09,CVE-2025-23338,5.5,2025-11-03T19:15:48.077
CVE-2025-23308,0.000170000,0.045020000,0.06707148771736131,2026-06-09,2026-06-09,CVE-2025-23308,7.8,2025-11-03T19:15:47.953
CVE-2025-23275,0.000160000,0.039120000,0.054650841843775874,2026-06-09,2026-06-09,CVE-2025-23275,7.1,2025-10-06T14:51:06.530
CVE-2025-23274,0.000190000,0.053850000,0.11233784156776153,2026-06-09,2026-06-09,CVE-2025-23274,4.5,2026-04-15T00:35:42.020
CVE-2025-23273,0.000160000,0.036740000,0.054650841843775874,2026-06-09,2026-06-09,CVE-2025-23273,4.7,2025-10-06T14:55:05.330
CVE-2025-23272,0.000180000,0.047800000,0.09688103781396633,2026-06-09,2026-06-09,CVE-2025-23272,5.7,2026-04-15T00:35:42.020
CVE-2025-23271,0.000320000,0.098190000,0.33038918023737235,2026-06-09,2026-06-09,CVE-2025-23271,3.3,2025-11-03T19:15:47.817
CVE-2025-23255,0.000260000,0.077270000,0.25393320452663537,2026-06-09,2026-06-09,CVE-2025-23255,3.3,2025-10-06T14:55:54.300
CVE-2025-23248,0.000260000,0.077270000,0.25393320452663537,2026-06-09,2026-06-09,CVE-2025-23248,3.3,2025-10-06T14:56:42.147
CVE-2025-21488,0.000550000,0.173670000,0.5658294231300027,2026-06-09,2026-06-09,CVE-2025-21488,8.2,2025-11-28T15:50:19.660
CVE-2025-21487,0.000550000,0.173670000,0.5658294231300027,2026-06-09,2026-06-09,CVE-2025-21487,8.2,2025-11-28T16:18:34.940
CVE-2025-21484,0.000550000,0.173670000,0.5658294231300027,2026-06-09,2026-06-09,CVE-2025-21484,8.2,2026-02-10T20:16:25.640
CVE-2025-21483,0.000570000,0.179340000,0.5810102125310516,2026-06-09,2026-06-09,CVE-2025-21483,9.8,2025-11-28T16:47:34.690
CVE-2025-21482,0.000150000,0.033650000,0.050510626552580734,2026-06-09,2026-06-09,CVE-2025-21482,7.1,2025-12-02T16:44:06.523
CVE-2025-21481,0.000130000,0.022460000,0.036157880209770905,2026-06-09,2026-06-09,CVE-2025-21481,7.8,2025-09-25T16:08:36.067
CVE-2025-21476,0.000190000,0.051810000,0.11233784156776153,2026-06-09,2026-06-09,CVE-2025-21476,7.8,2025-09-25T16:08:48.700
CVE-2025-20365,0.000240000,0.068740000,0.21197902290919127,2026-06-09,2026-06-09,CVE-2025-20365,4.3,2026-04-15T00:35:42.020
CVE-2025-20364,0.000100000,0.012650000,0.02263317692520011,2026-06-09,2026-06-09,CVE-2025-20364,4.3,2026-04-15T00:35:42.020
CVE-2025-20352,0.039540000,0.886010000,0.9884073971846536,2026-06-09,2026-06-09,CVE-2025-20352,7.7,2025-10-28T13:58:42.437
CVE-2025-20339,0.000330000,0.099750000,0.34004968258349433,2026-06-09,2026-06-09,CVE-2025-20339,5.8,2026-04-15T00:35:42.020
CVE-2025-20338,0.000120000,0.016490000,0.030913607507590396,2026-06-09,2026-06-09,CVE-2025-20338,6.7,2025-11-14T23:41:58.313
CVE-2025-20334,0.000750000,0.227230000,0.7046646425614131,2026-06-09,2026-06-09,CVE-2025-20334,8.8,2026-04-15T00:35:42.020
CVE-2025-20327,0.001890000,0.405530000,0.8688931824454872,2026-06-09,2026-06-09,CVE-2025-20327,7.7,2026-04-15T00:35:42.020
CVE-2025-20316,0.000330000,0.099750000,0.34004968258349433,2026-06-09,2026-06-09,CVE-2025-20316,5.3,2026-04-15T00:35:42.020
CVE-2025-20315,0.001540000,0.358220000,0.847088048578526,2026-06-09,2026-06-09,CVE-2025-20315,8.6,2026-04-15T00:35:42.020
CVE-2025-20314,0.000980000,0.268750000,0.7786364890974331,2026-06-09,2026-06-09,CVE-2025-20314,6.7,2026-04-15T00:35:42.020
CVE-2025-20313,0.001210000,0.305750000,0.8076179961357991,2026-06-09,2026-06-09,CVE-2025-20313,6.7,2026-04-15T00:35:42.020
CVE-2025-20312,0.001130000,0.295010000,0.8009936516698868,2026-06-09,2026-06-09,CVE-2025-20312,7.7,2026-04-15T00:35:42.020
CVE-2025-20311,0.000350000,0.108020000,0.35219431410433344,2026-06-09,2026-06-09,CVE-2025-20311,7.4,2026-04-15T00:35:42.020
CVE-2025-20293,0.000280000,0.085730000,0.29036709908915265,2026-06-09,2026-06-09,CVE-2025-20293,5.3,2026-04-15T00:35:42.020
CVE-2025-20240,0.000430000,0.136080000,0.44714325144907535,2026-06-09,2026-06-09,CVE-2025-20240,6.1,2026-04-15T00:35:42.020
CVE-2025-20160,0.000920000,0.258040000,0.75848744134695,2026-06-09,2026-06-09,CVE-2025-20160,8.1,2026-04-15T00:35:42.020
CVE-2025-20149,0.000330000,0.099150000,0.34004968258349433,2026-06-09,2026-06-09,CVE-2025-20149,6.5,2026-04-15T00:35:42.020
CVE-2025-10909,0.000100000,0.011540000,0.02263317692520011,2026-06-09,2026-06-09,CVE-2025-10909,2.4,2026-04-29T01:00:01.613
CVE-2025-10892,0.001330000,0.323630000,0.8227987855368479,2026-06-09,2026-06-09,CVE-2025-10892,8.8,2025-09-25T15:55:41.970
CVE-2025-10891,0.001790000,0.392280000,0.863924924096053,2026-06-09,2026-06-09,CVE-2025-10891,8.8,2025-09-25T15:55:54.730
CVE-2025-10890,0.000620000,0.195620000,0.6254485233232128,2026-06-09,2026-06-09,CVE-2025-10890,9.1,2025-09-25T15:56:42.057
CVE-2025-10585,0.015760000,0.819330000,0.9746066795473365,2026-06-09,2026-06-09,CVE-2025-10585,9.8,2025-10-30T15:55:01.903
CVE-2025-10502,0.001210000,0.306750000,0.8076179961357991,2026-06-09,2026-06-09,CVE-2025-10502,8.8,2025-09-25T15:56:56.943
CVE-2025-10501,0.001660000,0.374200000,0.85509246480817,2026-06-09,2026-06-09,CVE-2025-10501,8.8,2025-09-25T15:57:08.893
CVE-2025-10500,0.001800000,0.394260000,0.8650289815070383,2026-06-09,2026-06-09,CVE-2025-10500,8.8,2025-09-25T15:57:18.723
CVE-2025-10360,0.000370000,0.114770000,0.3734474192658018,2026-06-09,2026-06-09,CVE-2025-10360,,2026-04-15T00:35:42.020
CVE-2025-60249,0.000350000,0.107490000,0.35219431410433344,2026-06-09,2026-06-09,CVE-2025-60249,6.4,2026-04-15T00:35:42.020
CVE-2025-60019,0.000380000,0.115840000,0.37869169196798236,2026-06-09,2026-06-09,CVE-2025-60019,3.7,2026-04-15T00:35:42.020
CVE-2025-60018,0.000440000,0.138380000,0.4609439690863925,2026-06-09,2026-06-09,CVE-2025-60018,4.8,2026-04-15T00:35:42.020
CVE-2025-59841,0.000740000,0.224190000,0.7008004416229644,2026-06-09,2026-06-09,CVE-2025-59841,9.8,2025-10-08T16:31:08.920
CVE-2025-59839,0.000400000,0.122750000,0.4004968258349434,2026-06-09,2026-06-09,CVE-2025-59839,5.4,2025-10-14T20:02:18.213
CVE-2025-59838,0.000260000,0.078280000,0.25393320452663537,2026-06-09,2026-06-09,CVE-2025-59838,5.4,2025-10-28T16:15:38.673
CVE-2025-59834,0.017950000,0.831390000,0.9765387800165609,2026-06-09,2026-06-09,CVE-2025-59834,9.8,2025-10-14T20:05:46.243
CVE-2025-59833,0.000790000,0.233700000,0.7195694176097157,2026-06-09,2026-06-09,CVE-2025-59833,7.5,2025-10-08T16:34:35.253
CVE-2025-59832,0.000990000,0.270130000,0.7816726469776428,2026-06-09,2026-06-09,CVE-2025-59832,9.9,2025-09-29T14:03:20.917
CVE-2025-59831,0.001470000,0.348990000,0.8410157328181065,2026-06-09,2026-06-09,CVE-2025-59831,8.8,2025-10-16T15:45:42.370
CVE-2025-59830,0.001400000,0.338230000,0.834115373999448,2026-06-09,2026-06-09,CVE-2025-59830,7.5,2025-10-10T16:43:14.337
CVE-2025-59828,0.000800000,0.236270000,0.7215015180789401,2026-06-09,2026-06-09,CVE-2025-59828,9.8,2025-11-26T17:01:17.137
CVE-2025-59827,0.000360000,0.111130000,0.3654430030361579,2026-06-09,2026-06-09,CVE-2025-59827,9.8,2025-10-08T16:35:24.860
CVE-2025-59823,0.000790000,0.235030000,0.7195694176097157,2026-06-09,2026-06-09,CVE-2025-59823,9.9,2026-04-15T00:35:42.020
CVE-2025-59814,0.000450000,0.141220000,0.46839635661054374,2026-06-09,2026-06-09,CVE-2025-59814,8.8,2026-04-15T00:35:42.020
CVE-2025-59426,0.001530000,0.357200000,0.8451559481093017,2026-06-09,2026-06-09,CVE-2025-59426,4.3,2025-10-08T16:11:34.600
CVE-2025-59422,0.000320000,0.098790000,0.33038918023737235,2026-06-09,2026-06-09,CVE-2025-59422,3.1,2025-10-14T14:10:41.773
CVE-2025-57632,0.002880000,0.525530000,0.9036709908915264,2026-06-09,2026-06-09,CVE-2025-57632,7.5,2026-04-15T00:35:42.020
CVE-2025-57623,0.001770000,0.390250000,0.8611647805685896,2026-06-09,2026-06-09,CVE-2025-57623,5.3,2025-09-29T13:07:01.900
CVE-2025-57446,0.002100000,0.434530000,0.8771736130278774,2026-06-09,2026-06-09,CVE-2025-57446,7.5,2026-04-15T00:35:42.020
CVE-2025-57324,0.001700000,0.379320000,0.8573005796301407,2026-06-09,2026-06-09,CVE-2025-57324,6.5,2025-10-16T15:48:57.257
CVE-2025-57320,0.001330000,0.324510000,0.8227987855368479,2026-06-09,2026-06-09,CVE-2025-57320,6.5,2025-10-16T15:48:45.107
CVE-2025-57319,0.001060000,0.282170000,0.7910571349710185,2026-06-09,2026-06-09,CVE-2025-57319,7.5,2026-04-15T00:35:42.020
CVE-2025-57318,0.001450000,0.346090000,0.8365995031741651,2026-06-09,2026-06-09,CVE-2025-57318,7.5,2025-10-16T15:48:31.657
CVE-2025-57317,0.001220000,0.307930000,0.8087220535467844,2026-06-09,2026-06-09,CVE-2025-57317,7.5,2025-10-16T15:49:06.760
CVE-2025-55560,0.001590000,0.365210000,0.852608335633453,2026-06-09,2026-06-09,CVE-2025-55560,7.5,2025-10-14T19:59:06.197
CVE-2025-55559,0.000680000,0.211330000,0.6660226331769252,2026-06-09,2026-06-09,CVE-2025-55559,7.5,2025-10-03T18:05:01.767
CVE-2025-55558,0.001170000,0.300370000,0.805133866961082,2026-06-09,2026-06-09,CVE-2025-55558,7.5,2025-10-03T18:06:47.473
CVE-2025-55557,0.000680000,0.211010000,0.6660226331769252,2026-06-09,2026-06-09,CVE-2025-55557,7.5,2025-10-03T18:07:23.250
CVE-2025-55556,0.000320000,0.098270000,0.33038918023737235,2026-06-09,2026-06-09,CVE-2025-55556,6.5,2025-10-03T18:08:04.730
CVE-2025-55554,0.000620000,0.194740000,0.6254485233232128,2026-06-09,2026-06-09,CVE-2025-55554,5.3,2025-10-03T18:08:42.013
CVE-2025-55553,0.000680000,0.211010000,0.6660226331769252,2026-06-09,2026-06-09,CVE-2025-55553,7.5,2025-10-03T18:10:04.140
CVE-2025-55552,0.001090000,0.287270000,0.7949213359094673,2026-06-09,2026-06-09,CVE-2025-55552,7.5,2025-10-03T18:10:41.903
CVE-2025-55551,0.001120000,0.293430000,0.7982335081424234,2026-06-09,2026-06-09,CVE-2025-55551,7.5,2025-10-03T17:56:10.580
CVE-2025-5494,0.000340000,0.104480000,0.34777808446039193,2026-06-09,2026-06-09,CVE-2025-5494,7.8,2025-10-22T19:42:49.503
CVE-2025-54520,0.000290000,0.088190000,0.29726745790781123,2026-06-09,2026-06-09,CVE-2025-54520,,2026-04-15T00:35:42.020
CVE-2025-48707,0.000310000,0.095380000,0.32266077836047474,2026-06-09,2026-06-09,CVE-2025-48707,7.5,2025-10-14T19:43:56.150
CVE-2025-46153,0.000990000,0.271470000,0.7816726469776428,2026-06-09,2026-06-09,CVE-2025-46153,5.3,2025-10-03T17:56:58.610
CVE-2025-46152,0.000870000,0.250210000,0.7413745514766767,2026-06-09,2026-06-09,CVE-2025-46152,5.3,2025-10-03T17:57:35.997
CVE-2025-46150,0.000760000,0.228790000,0.7099089152635937,2026-06-09,2026-06-09,CVE-2025-46150,5.3,2025-10-03T17:58:05.150
CVE-2025-46149,0.000250000,0.075080000,0.22964394148495723,2026-06-09,2026-06-09,CVE-2025-46149,5.3,2025-10-03T17:58:39.477
CVE-2025-46148,0.000760000,0.228790000,0.7099089152635937,2026-06-09,2026-06-09,CVE-2025-46148,5.3,2025-10-03T17:59:26.460
CVE-2025-43993,0.000190000,0.052790000,0.11233784156776153,2026-06-09,2026-06-09,CVE-2025-43993,7.8,2026-01-16T17:05:29.587
CVE-2025-43943,0.000160000,0.039260000,0.054650841843775874,2026-06-09,2026-06-09,CVE-2025-43943,6.7,2026-01-16T17:05:06.013
CVE-2025-43816,0.001290000,0.318000000,0.8175545128346674,2026-06-09,2026-06-09,CVE-2025-43816,7.5,2025-12-15T18:20:34.090
CVE-2025-40838,0.000480000,0.153260000,0.5136627104609439,2026-06-09,2026-06-09,CVE-2025-40838,7.5,2026-04-29T01:00:01.613
CVE-2025-40837,0.000690000,0.214220000,0.6756831355230472,2026-06-09,2026-06-09,CVE-2025-40837,8.8,2025-10-02T17:59:04.630
CVE-2025-40836,0.001750000,0.387900000,0.8595086944521115,2026-06-09,2026-06-09,CVE-2025-40836,9.8,2025-10-02T17:59:39.937
CVE-2025-40698,0.000390000,0.118720000,0.388076179961358,2026-06-09,2026-06-09,CVE-2025-40698,,2026-04-15T00:35:42.020
CVE-2025-36857,0.000180000,0.047740000,0.09688103781396633,2026-06-09,2026-06-09,CVE-2025-36857,3.3,2025-12-11T18:20:20.510
CVE-2025-36601,0.000420000,0.129670000,0.4242340601711289,2026-06-09,2026-06-09,CVE-2025-36601,7.5,2026-02-20T18:38:47.087
CVE-2025-34227,0.046460000,0.895120000,0.990339497653878,2026-06-09,2026-06-09,CVE-2025-34227,8.8,2025-10-14T19:53:44.770
CVE-2025-33116,0.000210000,0.062150000,0.14794369307203975,2026-06-09,2026-06-09,CVE-2025-33116,5.4,2025-12-22T13:55:37.600
CVE-2025-29157,0.002290000,0.458180000,0.8884902014904775,2026-06-09,2026-06-09,CVE-2025-29157,6.5,2025-10-14T19:42:02.270
CVE-2025-29156,0.000890000,0.253770000,0.7491029533535744,2026-06-09,2026-06-09,CVE-2025-29156,6.1,2025-10-14T19:42:45.427
CVE-2025-29155,0.001680000,0.376440000,0.8567485509246481,2026-06-09,2026-06-09,CVE-2025-29155,6.5,2025-10-03T18:36:50.123
CVE-2025-27262,0.000380000,0.116470000,0.37869169196798236,2026-06-09,2026-06-09,CVE-2025-27262,7.8,2025-10-02T18:01:12.827
CVE-2025-27261,0.000390000,0.120920000,0.388076179961358,2026-06-09,2026-06-09,CVE-2025-27261,9.8,2025-10-02T17:57:29.247
CVE-2025-26333,0.000500000,0.158710000,0.526635385040022,2026-06-09,2026-06-09,CVE-2025-26333,7.5,2026-01-16T17:07:01.633
CVE-2025-26278,0.001450000,0.346090000,0.8365995031741651,2026-06-09,2026-06-09,CVE-2025-26278,7.5,2026-04-15T00:35:42.020
CVE-2025-21056,0.000470000,0.148260000,0.48330113165884625,2026-06-09,2026-06-09,CVE-2025-21056,6.6,2026-04-15T00:35:42.020
CVE-2025-20363,0.064440000,0.912480000,0.9933756555340878,2026-06-09,2026-06-09,CVE-2025-20363,9.0,2026-02-10T17:12:01.947
CVE-2025-20362,0.434960000,0.975900000,0.9980678995307756,2026-06-09,2026-06-09,CVE-2025-20362,8.6,2025-11-06T14:51:19.950
CVE-2025-20333,0.265540000,0.964450000,0.9969638421197903,2026-06-09,2026-06-09,CVE-2025-20333,9.9,2025-10-28T13:58:58.610
CVE-2025-10967,0.000300000,0.091760000,0.3105161468396357,2026-06-09,2026-06-09,CVE-2025-10967,7.3,2026-04-29T01:00:01.613
CVE-2025-10965,0.000770000,0.231460000,0.7129450731438035,2026-06-09,2026-06-09,CVE-2025-10965,6.3,2026-04-29T01:00:01.613
CVE-2025-10964,0.005810000,0.693500000,0.9459011868617168,2026-06-09,2026-06-09,CVE-2025-10964,8.8,2026-04-29T01:00:01.613
CVE-2025-10963,0.005810000,0.693500000,0.9459011868617168,2026-06-09,2026-06-09,CVE-2025-10963,8.8,2026-04-29T01:00:01.613
CVE-2025-10962,0.005810000,0.693500000,0.9459011868617168,2026-06-09,2026-06-09,CVE-2025-10962,8.8,2026-04-29T01:00:01.613
CVE-2025-10961,0.007140000,0.727480000,0.9552856748550924,2026-06-09,2026-06-09,CVE-2025-10961,8.0,2025-10-07T20:51:25.537
CVE-2025-10960,0.005810000,0.693500000,0.9459011868617168,2026-06-09,2026-06-09,CVE-2025-10960,8.8,2026-04-29T01:00:01.613
CVE-2025-10959,0.005810000,0.693500000,0.9459011868617168,2026-06-09,2026-06-09,CVE-2025-10959,8.8,2026-04-29T01:00:01.613
CVE-2025-10958,0.005810000,0.693500000,0.9459011868617168,2026-06-09,2026-06-09,CVE-2025-10958,8.8,2026-04-29T01:00:01.613
CVE-2025-10957,0.002560000,0.492030000,0.8953905603091361,2026-06-09,2026-06-09,CVE-2025-10957,,2026-04-15T00:35:42.020
CVE-2025-10953,0.006240000,0.705880000,0.950041402152912,2026-06-09,2026-06-09,CVE-2025-10953,8.8,2026-02-10T14:15:15.790
CVE-2025-10952,0.000420000,0.130110000,0.4242340601711289,2026-06-09,2026-06-09,CVE-2025-10952,5.3,2026-04-15T00:35:42.020
CVE-2025-10951,0.000680000,0.211600000,0.6660226331769252,2026-06-09,2026-06-09,CVE-2025-10951,7.3,2026-04-29T01:00:01.613
CVE-2025-10950,0.000890000,0.252270000,0.7491029533535744,2026-06-09,2026-06-09,CVE-2025-10950,6.3,2026-04-29T01:00:01.613
CVE-2025-10949,0.000290000,0.086550000,0.29726745790781123,2026-06-09,2026-06-09,CVE-2025-10949,2.4,2026-04-29T01:00:01.613
CVE-2025-10948,0.002270000,0.455720000,0.8876621584322385,2026-06-09,2026-06-09,CVE-2025-10948,8.8,2026-04-15T00:35:42.020
CVE-2025-10947,0.000430000,0.135620000,0.44714325144907535,2026-06-09,2026-06-09,CVE-2025-10947,5.3,2026-04-15T00:35:42.020
CVE-2025-10946,0.000290000,0.088890000,0.29726745790781123,2026-06-09,2026-06-09,CVE-2025-10946,3.5,2026-04-15T00:35:42.020
CVE-2025-10945,0.000290000,0.088890000,0.29726745790781123,2026-06-09,2026-06-09,CVE-2025-10945,3.5,2026-04-15T00:35:42.020
CVE-2025-10944,0.000290000,0.088890000,0.29726745790781123,2026-06-09,2026-06-09,CVE-2025-10944,3.5,2026-04-15T00:35:42.020
CVE-2025-10943,0.000290000,0.088890000,0.29726745790781123,2026-06-09,2026-06-09,CVE-2025-10943,3.5,2026-04-15T00:35:42.020
CVE-2025-10942,0.004300000,0.628930000,0.9282362682859508,2026-06-09,2026-06-09,CVE-2025-10942,8.8,2026-04-15T00:35:42.020
CVE-2025-10941,0.000160000,0.039590000,0.054650841843775874,2026-06-09,2026-06-09,CVE-2025-10941,7.8,2026-04-15T00:35:42.020
CVE-2025-10940,0.000200000,0.058540000,0.13055478884902014,2026-06-09,2026-06-09,CVE-2025-10940,4.8,2026-04-29T01:00:01.613
CVE-2025-10911,0.000190000,0.054890000,0.11233784156776153,2026-06-09,2026-06-09,CVE-2025-10911,5.5,2026-04-27T21:16:22.437
CVE-2025-10894,0.003100000,0.545470000,0.9078112061827215,2026-06-09,2026-06-09,CVE-2025-10894,9.6,2026-04-15T00:35:42.020
CVE-2025-10880,0.000630000,0.198500000,0.6293127242616616,2026-06-09,2026-06-09,CVE-2025-10880,7.5,2025-09-29T14:44:22.307
CVE-2025-10879,0.000540000,0.171910000,0.5600331217223296,2026-06-09,2026-06-09,CVE-2025-10879,5.3,2025-09-29T14:43:01.933
CVE-2025-10542,0.001960000,0.414210000,0.8716533259729506,2026-06-09,2026-06-09,CVE-2025-10542,9.8,2026-04-15T00:35:42.020
CVE-2025-10541,0.000180000,0.048700000,0.09688103781396633,2026-06-09,2026-06-09,CVE-2025-10541,7.8,2026-04-15T00:35:42.020
CVE-2025-10540,0.000180000,0.047500000,0.09688103781396633,2026-06-09,2026-06-09,CVE-2025-10540,6.5,2026-04-15T00:35:42.020
CVE-2025-10467,0.000410000,0.126290000,0.4159536295887386,2026-06-09,2026-06-09,CVE-2025-10467,8.9,2026-06-05T09:16:25.180
CVE-2025-10449,0.000580000,0.184120000,0.5873585426442175,2026-06-09,2026-06-09,CVE-2025-10449,8.6,2026-06-05T09:16:24.687
CVE-2025-10438,0.000580000,0.184120000,0.5873585426442175,2026-06-09,2026-06-09,CVE-2025-10438,8.6,2026-06-05T11:16:34.487
CVE-2024-48014,0.001220000,0.308090000,0.8087220535467844,2026-06-09,2026-06-09,CVE-2024-48014,7.5,2026-01-16T17:08:33.163
CVE-2020-36851,0.009100000,0.762260000,0.962186033673751,2026-06-09,2026-06-09,CVE-2020-36851,,2026-05-26T14:16:24.590
CVE-2025-9985,0.021110000,0.844430000,0.9795749378967706,2026-06-09,2026-06-09,CVE-2025-9985,5.3,2026-04-15T00:35:42.020
CVE-2025-9984,0.000720000,0.220060000,0.6939000828043058,2026-06-09,2026-06-09,CVE-2025-9984,5.3,2026-04-15T00:35:42.020
CVE-2025-9490,0.000430000,0.136580000,0.44714325144907535,2026-06-09,2026-06-09,CVE-2025-9490,6.4,2026-04-15T00:35:42.020
CVE-2025-9044,0.000460000,0.146750000,0.4739166436654706,2026-06-09,2026-06-09,CVE-2025-9044,6.4,2026-04-15T00:35:42.020
CVE-2025-8906,0.000350000,0.107490000,0.35219431410433344,2026-06-09,2026-06-09,CVE-2025-8906,6.4,2026-04-15T00:35:42.020
CVE-2025-8200,0.000350000,0.106490000,0.35219431410433344,2026-06-09,2026-06-09,CVE-2025-8200,6.4,2026-04-15T00:35:42.020
CVE-2025-60251,0.000190000,0.055280000,0.11233784156776153,2026-06-09,2026-06-09,CVE-2025-60251,5.0,2026-04-15T00:35:42.020
CVE-2025-60250,0.000220000,0.063460000,0.18078940104885455,2026-06-09,2026-06-09,CVE-2025-60250,4.7,2026-04-15T00:35:42.020
CVE-2025-60119,0.000410000,0.128150000,0.4159536295887386,2026-06-09,2026-06-09,CVE-2025-60119,5.3,2026-04-23T15:34:15.323
CVE-2025-60118,0.000400000,0.124550000,0.4004968258349434,2026-06-09,2026-06-09,CVE-2025-60118,8.5,2026-04-23T15:34:15.200
CVE-2025-60117,0.000160000,0.039220000,0.054650841843775874,2026-06-09,2026-06-09,CVE-2025-60117,4.3,2026-04-23T15:34:15.083
CVE-2025-60116,0.000660000,0.205130000,0.6486337289539056,2026-06-09,2026-06-09,CVE-2025-60116,8.8,2026-04-23T15:34:14.963
CVE-2025-60115,0.000160000,0.039220000,0.054650841843775874,2026-06-09,2026-06-09,CVE-2025-60115,4.3,2026-04-23T15:34:14.850
CVE-2025-60114,0.000490000,0.155910000,0.5208390836323489,2026-06-09,2026-06-09,CVE-2025-60114,6.6,2026-04-23T15:34:14.723
CVE-2025-60113,0.000160000,0.039220000,0.054650841843775874,2026-06-09,2026-06-09,CVE-2025-60113,4.3,2026-04-23T15:34:14.610
CVE-2025-60112,0.000320000,0.097600000,0.33038918023737235,2026-06-09,2026-06-09,CVE-2025-60112,6.5,2026-04-23T15:34:14.493
CVE-2025-60111,0.000180000,0.051230000,0.09688103781396633,2026-06-09,2026-06-09,CVE-2025-60111,8.8,2026-04-23T15:34:14.373
CVE-2025-60110,0.000400000,0.124550000,0.4004968258349434,2026-06-09,2026-06-09,CVE-2025-60110,8.5,2026-04-23T15:34:14.260
CVE-2025-60109,0.000400000,0.124550000,0.4004968258349434,2026-06-09,2026-06-09,CVE-2025-60109,8.5,2026-04-23T15:34:14.147
CVE-2025-60108,0.000400000,0.124550000,0.4004968258349434,2026-06-09,2026-06-09,CVE-2025-60108,8.5,2026-04-23T15:34:14.037
CVE-2025-60107,0.000400000,0.124550000,0.4004968258349434,2026-06-09,2026-06-09,CVE-2025-60107,8.5,2026-04-23T15:34:13.927
CVE-2025-60106,0.000540000,0.171840000,0.5600331217223296,2026-06-09,2026-06-09,CVE-2025-60106,4.9,2026-04-23T15:34:13.817
CVE-2025-60105,0.000320000,0.097600000,0.33038918023737235,2026-06-09,2026-06-09,CVE-2025-60105,6.5,2026-04-23T15:34:13.707
CVE-2025-60104,0.000300000,0.089720000,0.3105161468396357,2026-06-09,2026-06-09,CVE-2025-60104,5.9,2026-04-23T15:34:13.593
CVE-2025-60103,0.000560000,0.178890000,0.5752139111233784,2026-06-09,2026-06-09,CVE-2025-60103,5.4,2026-04-23T15:34:13.483
CVE-2025-60102,0.000320000,0.097600000,0.33038918023737235,2026-06-09,2026-06-09,CVE-2025-60102,6.5,2026-04-23T15:34:13.373
CVE-2025-60101,0.000300000,0.089720000,0.3105161468396357,2026-06-09,2026-06-09,CVE-2025-60101,5.9,2026-04-23T15:34:13.260
CVE-2025-60100,0.000470000,0.150620000,0.48330113165884625,2026-06-09,2026-06-09,CVE-2025-60100,5.3,2026-04-23T15:34:13.150
CVE-2025-60099,0.000320000,0.097600000,0.33038918023737235,2026-06-09,2026-06-09,CVE-2025-60099,6.5,2026-04-23T15:34:13.043
CVE-2025-60098,0.000600000,0.189500000,0.6055754899254762,2026-06-09,2026-06-09,CVE-2025-60098,6.5,2026-04-23T15:34:12.933
CVE-2025-60097,0.000560000,0.178890000,0.5752139111233784,2026-06-09,2026-06-09,CVE-2025-60097,5.4,2026-04-23T15:34:12.823
CVE-2025-60096,0.000560000,0.178890000,0.5752139111233784,2026-06-09,2026-06-09,CVE-2025-60096,5.4,2026-04-23T15:34:12.713
CVE-2025-60095,0.000410000,0.127040000,0.4159536295887386,2026-06-09,2026-06-09,CVE-2025-60095,4.3,2026-04-23T15:34:12.600
CVE-2025-60094,0.000390000,0.121840000,0.388076179961358,2026-06-09,2026-06-09,CVE-2025-60094,4.3,2026-04-23T15:34:12.490
CVE-2025-60093,0.000160000,0.039220000,0.054650841843775874,2026-06-09,2026-06-09,CVE-2025-60093,4.3,2026-04-23T15:34:12.377
CVE-2025-60092,0.000410000,0.128150000,0.4159536295887386,2026-06-09,2026-06-09,CVE-2025-60092,5.3,2026-04-23T15:34:12.267
CVE-2025-60040,0.000320000,0.097600000,0.33038918023737235,2026-06-09,2026-06-09,CVE-2025-60040,6.5,2026-04-23T15:34:07.403
CVE-2025-60017,0.000470000,0.147750000,0.48330113165884625,2026-06-09,2026-06-09,CVE-2025-60017,8.2,2026-04-15T00:35:42.020
CVE-2025-59817,0.000360000,0.109220000,0.3654430030361579,2026-06-09,2026-06-09,CVE-2025-59817,8.4,2026-04-15T00:35:42.020
CVE-2025-59816,0.000300000,0.091290000,0.3105161468396357,2026-06-09,2026-06-09,CVE-2025-59816,7.3,2026-04-15T00:35:42.020
CVE-2025-59815,0.000360000,0.109220000,0.3654430030361579,2026-06-09,2026-06-09,CVE-2025-59815,8.4,2026-04-15T00:35:42.020
CVE-2025-59408,0.000560000,0.176700000,0.5752139111233784,2026-06-09,2026-06-09,CVE-2025-59408,7.3,2025-10-23T18:13:51.323
CVE-2025-59404,0.000710000,0.218190000,0.6886558101021253,2026-06-09,2026-06-09,CVE-2025-59404,7.5,2025-10-23T18:27:35.910
CVE-2025-59402,0.000310000,0.094170000,0.32266077836047474,2026-06-09,2026-06-09,CVE-2025-59402,5.4,2025-10-23T18:07:25.300
CVE-2025-59012,0.000320000,0.098470000,0.33038918023737235,2026-06-09,2026-06-09,CVE-2025-59012,7.1,2026-04-23T15:34:02.297
CVE-2025-59011,0.000660000,0.204930000,0.6486337289539056,2026-06-09,2026-06-09,CVE-2025-59011,7.5,2026-04-23T15:34:02.187
CVE-2025-59010,0.000490000,0.154540000,0.5208390836323489,2026-06-09,2026-06-09,CVE-2025-59010,7.5,2026-04-23T15:34:02.077
CVE-2025-59002,0.000650000,0.202750000,0.6433894562517251,2026-06-09,2026-06-09,CVE-2025-59002,7.7,2026-04-23T15:34:01.430
CVE-2025-58919,0.000420000,0.131090000,0.4242340601711289,2026-06-09,2026-06-09,CVE-2025-58919,5.3,2026-04-23T15:33:52.637
CVE-2025-58917,0.000320000,0.097600000,0.33038918023737235,2026-06-09,2026-06-09,CVE-2025-58917,6.5,2026-04-23T15:33:52.430
CVE-2025-58914,0.000160000,0.039220000,0.054650841843775874,2026-06-09,2026-06-09,CVE-2025-58914,4.3,2026-04-23T15:33:52.027
CVE-2025-56769,0.002120000,0.438010000,0.8785536847916091,2026-06-09,2026-06-09,CVE-2025-56769,6.5,2025-10-03T18:37:41.687
CVE-2025-54831,0.000840000,0.243600000,0.7347502070107645,2026-06-09,2026-06-09,CVE-2025-54831,6.5,2025-11-04T22:16:29.567
CVE-2025-4957,0.000320000,0.098470000,0.33038918023737235,2026-06-09,2026-06-09,CVE-2025-4957,7.1,2026-04-23T15:31:57.213
CVE-2025-48326,0.000390000,0.121840000,0.388076179961358,2026-06-09,2026-06-09,CVE-2025-48326,6.5,2026-04-23T15:31:06.650
CVE-2025-48107,0.000320000,0.098470000,0.33038918023737235,2026-06-09,2026-06-09,CVE-2025-48107,7.1,2026-04-23T15:30:48.670
CVE-2025-35027,0.002790000,0.515550000,0.9017388904223019,2026-06-09,2026-06-09,CVE-2025-35027,7.3,2026-01-12T16:54:07.000
CVE-2025-27006,0.000320000,0.097600000,0.33038918023737235,2026-06-09,2026-06-09,CVE-2025-27006,6.5,2026-04-23T15:26:14.073
CVE-2025-26482,0.000470000,0.149190000,0.48330113165884625,2026-06-09,2026-06-09,CVE-2025-26482,4.9,2026-01-16T17:04:00.983
CVE-2025-1862,0.004690000,0.649310000,0.933204526635385,2026-06-09,2026-06-09,CVE-2025-1862,7.2,2025-10-06T13:43:41.447
CVE-2025-1396,0.000330000,0.099800000,0.34004968258349433,2026-06-09,2026-06-09,CVE-2025-1396,5.3,2025-10-06T13:44:11.523
CVE-2025-11021,0.000820000,0.241180000,0.7267457907811207,2026-06-09,2026-06-09,CVE-2025-11021,7.5,2026-04-15T00:35:42.020
CVE-2025-11005,0.008950000,0.760100000,0.9610819762627657,2026-06-09,2026-06-09,CVE-2025-11005,9.8,2025-10-16T15:45:04.160
CVE-2025-11000,0.000270000,0.080240000,0.2779464532155672,2026-06-09,2026-06-09,CVE-2025-11000,5.5,2026-04-29T01:00:01.613
CVE-2025-10999,0.000350000,0.107350000,0.35219431410433344,2026-06-09,2026-06-09,CVE-2025-10999,5.5,2026-04-29T01:00:01.613
CVE-2025-10998,0.000350000,0.107350000,0.35219431410433344,2026-06-09,2026-06-09,CVE-2025-10998,5.5,2026-04-29T01:00:01.613
CVE-2025-10997,0.000340000,0.105140000,0.34777808446039193,2026-06-09,2026-06-09,CVE-2025-10997,7.8,2026-04-29T01:00:01.613
CVE-2025-10996,0.000340000,0.105140000,0.34777808446039193,2026-06-09,2026-06-09,CVE-2025-10996,7.8,2026-04-29T01:00:01.613
CVE-2025-10995,0.000400000,0.125620000,0.4004968258349434,2026-06-09,2026-06-09,CVE-2025-10995,7.8,2026-04-29T01:00:01.613
CVE-2025-10994,0.000340000,0.105140000,0.34777808446039193,2026-06-09,2026-06-09,CVE-2025-10994,7.8,2026-04-29T01:00:01.613
CVE-2025-10993,0.000640000,0.200590000,0.6362130830803202,2026-06-09,2026-06-09,CVE-2025-10993,7.2,2025-10-03T20:21:39.660
CVE-2025-10992,0.000390000,0.118040000,0.388076179961358,2026-06-09,2026-06-09,CVE-2025-10992,5.3,2026-04-15T00:35:42.020
CVE-2025-10989,0.000770000,0.230770000,0.7129450731438035,2026-06-09,2026-06-09,CVE-2025-10989,8.8,2026-04-29T01:00:01.613
CVE-2025-10988,0.000740000,0.224550000,0.7008004416229644,2026-06-09,2026-06-09,CVE-2025-10988,8.8,2026-04-29T01:00:01.613
CVE-2025-10987,0.000740000,0.224550000,0.7008004416229644,2026-06-09,2026-06-09,CVE-2025-10987,8.8,2026-04-29T01:00:01.613
CVE-2025-10981,0.000380000,0.115380000,0.37869169196798236,2026-06-09,2026-06-09,CVE-2025-10981,6.5,2026-04-29T01:00:01.613
CVE-2025-10980,0.000380000,0.115380000,0.37869169196798236,2026-06-09,2026-06-09,CVE-2025-10980,6.5,2026-04-29T01:00:01.613
CVE-2025-10979,0.000380000,0.115380000,0.37869169196798236,2026-06-09,2026-06-09,CVE-2025-10979,6.5,2026-04-29T01:00:01.613
CVE-2025-10978,0.000380000,0.115380000,0.37869169196798236,2026-06-09,2026-06-09,CVE-2025-10978,6.5,2026-04-29T01:00:01.613
CVE-2025-10977,0.000380000,0.115380000,0.37869169196798236,2026-06-09,2026-06-09,CVE-2025-10977,5.3,2026-04-29T01:00:01.613
CVE-2025-10976,0.000380000,0.115380000,0.37869169196798236,2026-06-09,2026-06-09,CVE-2025-10976,5.3,2026-04-29T01:00:01.613
CVE-2025-10975,0.000890000,0.253800000,0.7491029533535744,2026-06-09,2026-06-09,CVE-2025-10975,6.3,2026-04-29T01:00:01.613
CVE-2025-10974,0.000890000,0.253800000,0.7491029533535744,2026-06-09,2026-06-09,CVE-2025-10974,6.3,2026-04-29T01:00:01.613
CVE-2025-10973,0.000300000,0.091760000,0.3105161468396357,2026-06-09,2026-06-09,CVE-2025-10973,7.3,2026-04-29T01:00:01.613
CVE-2025-10871,0.000200000,0.057170000,0.13055478884902014,2026-06-09,2026-06-09,CVE-2025-10871,7.2,2025-09-29T13:09:51.657
CVE-2025-10867,0.000290000,0.088440000,0.29726745790781123,2026-06-09,2026-06-09,CVE-2025-10867,6.5,2025-09-29T13:09:42.110
CVE-2025-10858,0.000960000,0.264540000,0.7720121446315208,2026-06-09,2026-06-09,CVE-2025-10858,7.5,2025-09-29T13:09:35.627
CVE-2025-10752,0.000170000,0.042500000,0.06707148771736131,2026-06-09,2026-06-09,CVE-2025-10752,4.3,2026-04-15T00:35:42.020
CVE-2025-10747,0.004970000,0.662280000,0.9356886558101021,2026-06-09,2026-06-09,CVE-2025-10747,7.2,2026-04-15T00:35:42.020
CVE-2025-10745,0.002210000,0.447880000,0.8846260005520287,2026-06-09,2026-06-09,CVE-2025-10745,5.3,2026-04-15T00:35:42.020
CVE-2025-10490,0.000230000,0.066330000,0.20452663538504,2026-06-09,2026-06-09,CVE-2025-10490,4.4,2026-04-15T00:35:42.020
CVE-2025-10377,0.000140000,0.024370000,0.043886282086668504,2026-06-09,2026-06-09,CVE-2025-10377,4.3,2026-04-15T00:35:42.020
CVE-2025-10307,0.033100000,0.875050000,0.9861992823626828,2026-06-09,2026-06-09,CVE-2025-10307,6.5,2026-04-15T00:35:42.020
CVE-2025-10180,0.000140000,0.027750000,0.043886282086668504,2026-06-09,2026-06-09,CVE-2025-10180,6.4,2026-04-15T00:35:42.020
CVE-2025-10178,0.000490000,0.154340000,0.5208390836323489,2026-06-09,2026-06-09,CVE-2025-10178,6.4,2026-04-15T00:35:42.020
CVE-2025-10173,0.000440000,0.136840000,0.4609439690863925,2026-06-09,2026-06-09,CVE-2025-10173,2.7,2026-04-15T00:35:42.020
CVE-2025-10137,0.000990000,0.270960000,0.7816726469776428,2026-06-09,2026-06-09,CVE-2025-10137,5.4,2026-04-15T00:35:42.020
CVE-2025-10136,0.000350000,0.107490000,0.35219431410433344,2026-06-09,2026-06-09,CVE-2025-10136,6.4,2026-04-15T00:35:42.020
CVE-2025-10037,0.000290000,0.087400000,0.29726745790781123,2026-06-09,2026-06-09,CVE-2025-10037,4.9,2026-04-15T00:35:42.020
CVE-2025-10036,0.000290000,0.087400000,0.29726745790781123,2026-06-09,2026-06-09,CVE-2025-10036,4.9,2026-04-15T00:35:42.020
CVE-2025-9958,0.000080000,0.007490000,0.004416229643941485,2026-06-09,2026-06-09,CVE-2025-9958,7.7,2025-11-06T18:15:45.953
CVE-2025-9642,0.000380000,0.116230000,0.37869169196798236,2026-06-09,2026-06-09,CVE-2025-9642,9.6,2025-09-29T13:10:11.653
CVE-2025-9267,0.000270000,0.080890000,0.2779464532155672,2026-06-09,2026-06-09,CVE-2025-9267,,2026-04-15T00:35:42.020
CVE-2025-7691,0.000090000,0.010090000,0.01186861716809274,2026-06-09,2026-06-09,CVE-2025-7691,8.8,2025-09-29T13:10:00.373
CVE-2025-6396,0.000270000,0.079680000,0.2779464532155672,2026-06-09,2026-06-09,CVE-2025-6396,6.1,2026-06-05T15:16:42.237
CVE-2025-60219,0.000720000,0.220300000,0.6939000828043058,2026-06-09,2026-06-09,CVE-2025-60219,10.0,2026-04-23T15:34:24.327
CVE-2025-60186,0.000300000,0.089720000,0.3105161468396357,2026-06-09,2026-06-09,CVE-2025-60186,5.9,2026-04-23T15:34:21.987
CVE-2025-60185,0.000300000,0.089720000,0.3105161468396357,2026-06-09,2026-06-09,CVE-2025-60185,5.9,2026-04-23T15:34:21.873
CVE-2025-60184,0.000300000,0.089720000,0.3105161468396357,2026-06-09,2026-06-09,CVE-2025-60184,5.9,2026-04-23T15:34:21.760
CVE-2025-60181,0.000300000,0.091220000,0.3105161468396357,2026-06-09,2026-06-09,CVE-2025-60181,5.4,2026-04-23T15:34:21.633
CVE-2025-60179,0.000300000,0.089720000,0.3105161468396357,2026-06-09,2026-06-09,CVE-2025-60179,5.9,2026-04-28T19:34:40.440
CVE-2025-60177,0.000300000,0.089720000,0.3105161468396357,2026-06-09,2026-06-09,CVE-2025-60177,5.9,2026-04-28T19:34:40.253
CVE-2025-60173,0.000170000,0.043730000,0.06707148771736131,2026-06-09,2026-06-09,CVE-2025-60173,7.1,2026-04-23T15:34:21.320
CVE-2025-60172,0.000170000,0.043730000,0.06707148771736131,2026-06-09,2026-06-09,CVE-2025-60172,7.1,2026-04-23T15:34:21.207
CVE-2025-60171,0.000170000,0.043730000,0.06707148771736131,2026-06-09,2026-06-09,CVE-2025-60171,7.1,2026-04-28T19:34:39.860
CVE-2025-60170,0.000170000,0.043730000,0.06707148771736131,2026-06-09,2026-06-09,CVE-2025-60170,7.1,2026-04-23T15:34:20.990
CVE-2025-60169,0.000170000,0.043730000,0.06707148771736131,2026-06-09,2026-06-09,CVE-2025-60169,7.1,2026-04-23T15:34:20.873
CVE-2025-60167,0.000410000,0.127040000,0.4159536295887386,2026-06-09,2026-06-09,CVE-2025-60167,4.3,2026-04-23T15:34:20.763
CVE-2025-60166,0.000390000,0.121840000,0.388076179961358,2026-06-09,2026-06-09,CVE-2025-60166,4.3,2026-04-23T15:34:20.643
CVE-2025-60165,0.000390000,0.121840000,0.388076179961358,2026-06-09,2026-06-09,CVE-2025-60165,4.3,2026-04-23T15:34:20.530
CVE-2025-60164,0.000170000,0.043730000,0.06707148771736131,2026-06-09,2026-06-09,CVE-2025-60164,7.1,2026-04-23T15:34:20.420
CVE-2025-60163,0.000320000,0.097600000,0.33038918023737235,2026-06-09,2026-06-09,CVE-2025-60163,6.5,2026-04-23T15:34:20.300
CVE-2025-60162,0.000320000,0.097600000,0.33038918023737235,2026-06-09,2026-06-09,CVE-2025-60162,6.5,2026-04-23T15:34:20.177
CVE-2025-60161,0.000300000,0.091220000,0.3105161468396357,2026-06-09,2026-06-09,CVE-2025-60161,5.4,2026-04-23T15:34:20.063
CVE-2025-60160,0.000300000,0.089720000,0.3105161468396357,2026-06-09,2026-06-09,CVE-2025-60160,5.9,2026-04-23T15:34:19.943
CVE-2025-60159,0.000390000,0.121840000,0.388076179961358,2026-06-09,2026-06-09,CVE-2025-60159,4.3,2026-04-23T15:34:19.823
CVE-2025-60158,0.000300000,0.089720000,0.3105161468396357,2026-06-09,2026-06-09,CVE-2025-60158,5.9,2026-04-23T15:34:19.700
CVE-2025-60157,0.000320000,0.097600000,0.33038918023737235,2026-06-09,2026-06-09,CVE-2025-60157,6.5,2026-04-23T15:34:19.583
CVE-2025-60156,0.000200000,0.056860000,0.13055478884902014,2026-06-09,2026-06-09,CVE-2025-60156,9.6,2026-04-28T19:34:38.980
CVE-2025-60155,0.000420000,0.131090000,0.4242340601711289,2026-06-09,2026-06-09,CVE-2025-60155,5.3,2026-04-23T15:34:19.360
CVE-2025-60154,0.000300000,0.089720000,0.3105161468396357,2026-06-09,2026-06-09,CVE-2025-60154,5.9,2026-04-23T15:34:19.250
CVE-2025-60153,0.001290000,0.317980000,0.8175545128346674,2026-06-09,2026-06-09,CVE-2025-60153,7.5,2026-04-23T15:34:19.137
CVE-2025-60152,0.000390000,0.121840000,0.388076179961358,2026-06-09,2026-06-09,CVE-2025-60152,4.3,2026-04-23T15:34:19.027
CVE-2025-60150,0.001290000,0.317980000,0.8175545128346674,2026-06-09,2026-06-09,CVE-2025-60150,7.5,2026-04-23T15:34:18.920
CVE-2025-60149,0.000300000,0.089720000,0.3105161468396357,2026-06-09,2026-06-09,CVE-2025-60149,5.9,2026-04-23T15:34:18.813
CVE-2025-60148,0.000390000,0.121840000,0.388076179961358,2026-06-09,2026-06-09,CVE-2025-60148,4.3,2026-04-23T15:34:18.697
CVE-2025-60147,0.000320000,0.097600000,0.33038918023737235,2026-06-09,2026-06-09,CVE-2025-60147,6.5,2026-04-23T15:34:18.583
CVE-2025-60146,0.000300000,0.089720000,0.3105161468396357,2026-06-09,2026-06-09,CVE-2025-60146,5.9,2026-04-23T15:34:18.467
CVE-2025-60145,0.000160000,0.039220000,0.054650841843775874,2026-06-09,2026-06-09,CVE-2025-60145,4.3,2026-04-23T15:34:18.357
CVE-2025-60144,0.000300000,0.089720000,0.3105161468396357,2026-06-09,2026-06-09,CVE-2025-60144,5.9,2026-04-23T15:34:18.247
CVE-2025-60143,0.000390000,0.121840000,0.388076179961358,2026-06-09,2026-06-09,CVE-2025-60143,4.3,2026-04-28T19:34:38.207
CVE-2025-60142,0.000320000,0.097600000,0.33038918023737235,2026-06-09,2026-06-09,CVE-2025-60142,6.5,2026-04-23T15:34:18.020
CVE-2025-60141,0.000300000,0.089720000,0.3105161468396357,2026-06-09,2026-06-09,CVE-2025-60141,5.9,2026-04-23T15:34:17.910
CVE-2025-60140,0.000410000,0.128150000,0.4159536295887386,2026-06-09,2026-06-09,CVE-2025-60140,5.3,2026-04-23T15:34:17.793
CVE-2025-60139,0.000160000,0.039220000,0.054650841843775874,2026-06-09,2026-06-09,CVE-2025-60139,4.3,2026-04-23T15:34:17.680
CVE-2025-60138,0.000320000,0.097600000,0.33038918023737235,2026-06-09,2026-06-09,CVE-2025-60138,6.5,2026-04-23T15:34:17.567
CVE-2025-60137,0.000160000,0.039220000,0.054650841843775874,2026-06-09,2026-06-09,CVE-2025-60137,4.3,2026-04-23T15:34:17.453
CVE-2025-60136,0.000300000,0.089720000,0.3105161468396357,2026-06-09,2026-06-09,CVE-2025-60136,5.9,2026-04-23T15:34:17.330
CVE-2025-60133,0.000300000,0.089720000,0.3105161468396357,2026-06-09,2026-06-09,CVE-2025-60133,5.9,2026-04-23T15:34:17.013
CVE-2025-60130,0.000420000,0.131090000,0.4242340601711289,2026-06-09,2026-06-09,CVE-2025-60130,5.3,2026-04-23T15:34:16.600
CVE-2025-60129,0.000420000,0.131090000,0.4242340601711289,2026-06-09,2026-06-09,CVE-2025-60129,5.3,2026-04-23T15:34:16.483
CVE-2025-60128,0.000390000,0.121840000,0.388076179961358,2026-06-09,2026-06-09,CVE-2025-60128,4.3,2026-04-23T15:34:16.363
CVE-2025-60127,0.000560000,0.178890000,0.5752139111233784,2026-06-09,2026-06-09,CVE-2025-60127,5.4,2026-04-23T15:34:16.253
CVE-2025-60126,0.001710000,0.381050000,0.8578526083356335,2026-06-09,2026-06-09,CVE-2025-60126,8.8,2026-04-23T15:34:16.147
CVE-2025-60125,0.000410000,0.128150000,0.4159536295887386,2026-06-09,2026-06-09,CVE-2025-60125,5.3,2026-04-23T15:34:16.007
CVE-2025-60124,0.000320000,0.097600000,0.33038918023737235,2026-06-09,2026-06-09,CVE-2025-60124,6.5,2026-04-23T15:34:15.873
CVE-2025-60123,0.000390000,0.121840000,0.388076179961358,2026-06-09,2026-06-09,CVE-2025-60123,4.3,2026-04-23T15:34:15.763
CVE-2025-60122,0.000390000,0.121840000,0.388076179961358,2026-06-09,2026-06-09,CVE-2025-60122,4.3,2026-04-23T15:34:15.660
CVE-2025-60121,0.000420000,0.131090000,0.4242340601711289,2026-06-09,2026-06-09,CVE-2025-60121,5.3,2026-04-23T15:34:15.547
CVE-2025-60120,0.000420000,0.132150000,0.4242340601711289,2026-06-09,2026-06-09,CVE-2025-60120,5.3,2026-04-23T15:34:15.433
CVE-2025-59844,0.002780000,0.514370000,0.9014628760695557,2026-06-09,2026-06-09,CVE-2025-59844,,2026-04-15T00:35:42.020
CVE-2025-59843,0.000170000,0.043760000,0.06707148771736131,2026-06-09,2026-06-09,CVE-2025-59843,5.3,2026-01-29T00:16:07.250
CVE-2025-59842,0.000340000,0.105250000,0.34777808446039193,2026-06-09,2026-06-09,CVE-2025-59842,4.3,2025-10-22T16:27:14.567
CVE-2025-59362,0.001750000,0.387560000,0.8595086944521115,2026-06-09,2026-06-09,CVE-2025-59362,4.0,2025-10-07T18:50:14.290
CVE-2025-58385,0.000210000,0.060550000,0.14794369307203975,2026-06-09,2026-06-09,CVE-2025-58385,7.1,2025-10-07T18:51:40.840
CVE-2025-57292,0.000370000,0.113190000,0.3734474192658018,2026-06-09,2026-06-09,CVE-2025-57292,6.1,2025-10-07T19:05:10.933
CVE-2025-56463,0.000290000,0.086560000,0.29726745790781123,2026-06-09,2026-06-09,CVE-2025-56463,6.8,2025-10-07T18:52:53.413
CVE-2025-56383,0.000270000,0.081390000,0.2779464532155672,2026-06-09,2026-06-09,CVE-2025-56383,8.4,2026-04-15T00:35:42.020
CVE-2025-55848,0.001120000,0.292490000,0.7982335081424234,2026-06-09,2026-06-09,CVE-2025-55848,8.8,2026-03-09T15:18:06.967
CVE-2025-55847,0.000740000,0.224230000,0.7008004416229644,2026-06-09,2026-06-09,CVE-2025-55847,8.8,2025-10-03T19:22:45.967
CVE-2025-55187,0.000660000,0.204780000,0.6486337289539056,2026-06-09,2026-06-09,CVE-2025-55187,9.9,2025-10-08T20:20:03.193
CVE-2025-5069,0.000090000,0.010100000,0.01186861716809274,2026-06-09,2026-06-09,CVE-2025-5069,6.5,2025-09-29T13:12:20.940
CVE-2025-45994,0.000680000,0.209890000,0.6660226331769252,2026-06-09,2026-06-09,CVE-2025-45994,7.5,2025-10-03T19:28:20.387
CVE-2025-36326,0.000300000,0.089620000,0.3105161468396357,2026-06-09,2026-06-09,CVE-2025-36326,7.5,2025-10-03T19:14:39.327
CVE-2025-36274,0.000490000,0.156540000,0.5208390836323489,2026-06-09,2026-06-09,CVE-2025-36274,7.5,2025-12-11T22:12:13.223
CVE-2025-26258,0.000270000,0.079680000,0.2779464532155672,2026-06-09,2026-06-09,CVE-2025-26258,6.1,2025-11-06T22:19:59.617
CVE-2025-11060,0.000490000,0.154230000,0.5208390836323489,2026-06-09,2026-06-09,CVE-2025-11060,5.7,2026-04-15T00:35:42.020
CVE-2025-11042,0.001000000,0.272620000,0.7838807617996136,2026-06-09,2026-06-09,CVE-2025-11042,7.5,2025-09-29T13:11:50.067
CVE-2025-11034,0.000520000,0.165230000,0.5385040022081148,2026-06-09,2026-06-09,CVE-2025-11034,4.3,2026-04-29T01:00:01.613
CVE-2025-11033,0.000500000,0.158570000,0.526635385040022,2026-06-09,2026-06-09,CVE-2025-11033,9.8,2026-04-29T01:00:01.613
CVE-2025-11032,0.000460000,0.145020000,0.4739166436654706,2026-06-09,2026-06-09,CVE-2025-11032,9.8,2026-04-29T01:00:01.613
CVE-2025-11031,0.002120000,0.437920000,0.8785536847916091,2026-06-09,2026-06-09,CVE-2025-11031,5.3,2025-10-07T18:31:56.343
CVE-2025-11030,0.000510000,0.160830000,0.5313276290367099,2026-06-09,2026-06-09,CVE-2025-11030,7.3,2026-04-29T01:00:01.613
CVE-2025-11029,0.000300000,0.090880000,0.3105161468396357,2026-06-09,2026-06-09,CVE-2025-11029,8.8,2026-04-29T01:00:01.613
CVE-2025-11028,0.000580000,0.183590000,0.5873585426442175,2026-06-09,2026-06-09,CVE-2025-11028,7.5,2025-10-07T18:54:00.803
CVE-2025-11027,0.000290000,0.088260000,0.29726745790781123,2026-06-09,2026-06-09,CVE-2025-11027,5.4,2026-04-29T01:00:01.613
CVE-2025-11026,0.000440000,0.136910000,0.4609439690863925,2026-06-09,2026-06-09,CVE-2025-11026,7.5,2026-04-29T01:00:01.613
CVE-2025-11025,0.000360000,0.111790000,0.3654430030361579,2026-06-09,2026-06-09,CVE-2025-11025,5.3,2026-06-04T20:16:55.080
CVE-2025-11019,0.000200000,0.058540000,0.13055478884902014,2026-06-09,2026-06-09,CVE-2025-11019,4.8,2026-04-29T01:00:01.613
CVE-2025-11018,0.003970000,0.609200000,0.9232680099365167,2026-06-09,2026-06-09,CVE-2025-11018,7.5,2025-10-08T20:24:44.240
CVE-2025-11017,0.000350000,0.107350000,0.35219431410433344,2026-06-09,2026-06-09,CVE-2025-11017,5.5,2026-04-29T01:00:01.613
CVE-2025-11016,0.000590000,0.187760000,0.6003312172232956,2026-06-09,2026-06-09,CVE-2025-11016,4.3,2026-04-29T01:00:01.613
CVE-2025-11015,0.000170000,0.046110000,0.06707148771736131,2026-06-09,2026-06-09,CVE-2025-11015,5.3,2026-04-29T01:00:01.613
CVE-2025-11014,0.000340000,0.105140000,0.34777808446039193,2026-06-09,2026-06-09,CVE-2025-11014,7.8,2026-04-29T01:00:01.613
CVE-2025-11013,0.000300000,0.091610000,0.3105161468396357,2026-06-09,2026-06-09,CVE-2025-11013,5.5,2026-04-29T01:00:01.613
CVE-2025-11012,0.000300000,0.091210000,0.3105161468396357,2026-06-09,2026-06-09,CVE-2025-11012,7.8,2026-04-29T01:00:01.613
CVE-2025-11011,0.000310000,0.092820000,0.32266077836047474,2026-06-09,2026-06-09,CVE-2025-11011,5.5,2026-04-29T01:00:01.613
CVE-2025-11010,0.000190000,0.054620000,0.11233784156776153,2026-06-09,2026-06-09,CVE-2025-11010,5.3,2026-04-29T01:00:01.613
CVE-2025-10868,0.000150000,0.032460000,0.050510626552580734,2026-06-09,2026-06-09,CVE-2025-10868,5.3,2025-09-29T13:11:31.930
CVE-2025-10544,0.000500000,0.160250000,0.526635385040022,2026-06-09,2026-06-09,CVE-2025-10544,,2026-04-15T00:35:42.020
CVE-2025-9944,0.000140000,0.026890000,0.043886282086668504,2026-06-09,2026-06-09,CVE-2025-9944,4.3,2026-04-15T00:35:42.020
CVE-2025-9899,0.000130000,0.023480000,0.036157880209770905,2026-06-09,2026-06-09,CVE-2025-9899,6.1,2026-04-15T00:35:42.020
CVE-2025-9898,0.000140000,0.026890000,0.043886282086668504,2026-06-09,2026-06-09,CVE-2025-9898,4.3,2026-04-15T00:35:42.020
CVE-2025-9896,0.000140000,0.026890000,0.043886282086668504,2026-06-09,2026-06-09,CVE-2025-9896,4.3,2026-04-15T00:35:42.020
CVE-2025-9894,0.000140000,0.026890000,0.043886282086668504,2026-06-09,2026-06-09,CVE-2025-9894,4.3,2026-04-15T00:35:42.020
CVE-2025-9893,0.000140000,0.026890000,0.043886282086668504,2026-06-09,2026-06-09,CVE-2025-9893,4.3,2026-04-15T00:35:42.020
CVE-2025-9816,0.004130000,0.618920000,0.9243720673475021,2026-06-09,2026-06-09,CVE-2025-9816,7.2,2026-04-15T00:35:42.020
CVE-2025-8440,0.000350000,0.106490000,0.35219431410433344,2026-06-09,2026-06-09,CVE-2025-8440,6.4,2026-04-15T00:35:42.020
CVE-2025-8014,0.001620000,0.368890000,0.8537123930444384,2026-06-09,2026-06-09,CVE-2025-8014,7.5,2025-10-03T18:23:37.553
CVE-2025-7647,0.000210000,0.060190000,0.14794369307203975,2026-06-09,2026-06-09,CVE-2025-7647,7.3,2026-04-15T00:35:42.020
CVE-2025-59945,0.000470000,0.148450000,0.48330113165884625,2026-06-09,2026-06-09,CVE-2025-59945,8.1,2025-12-11T21:18:59.340
CVE-2025-59939,0.000560000,0.178250000,0.5752139111233784,2026-06-09,2026-06-09,CVE-2025-59939,8.8,2025-10-06T15:05:36.037
CVE-2025-59938,0.000960000,0.264310000,0.7720121446315208,2026-06-09,2026-06-09,CVE-2025-59938,6.5,2025-10-16T17:33:38.680
CVE-2025-59936,0.000630000,0.199180000,0.6293127242616616,2026-06-09,2026-06-09,CVE-2025-59936,9.4,2026-04-15T00:35:42.020
CVE-2025-59934,0.000280000,0.085250000,0.29036709908915265,2026-06-09,2026-06-09,CVE-2025-59934,9.4,2026-04-15T00:35:42.020
CVE-2025-59932,0.000670000,0.207970000,0.6618824178857301,2026-06-09,2026-06-09,CVE-2025-59932,8.2,2025-10-08T16:56:50.940
CVE-2025-59845,0.000180000,0.047260000,0.09688103781396633,2026-06-09,2026-06-09,CVE-2025-59845,8.2,2026-04-15T00:35:42.020
CVE-2025-58384,0.022110000,0.847890000,0.9801269666022633,2026-06-09,2026-06-09,CVE-2025-58384,10.0,2026-04-15T00:35:42.020
CVE-2025-57692,0.000770000,0.230390000,0.7129450731438035,2026-06-09,2026-06-09,CVE-2025-57692,6.8,2025-10-07T19:10:33.520
CVE-2025-36239,0.000750000,0.225790000,0.7046646425614131,2026-06-09,2026-06-09,CVE-2025-36239,6.1,2025-12-11T22:09:47.937
CVE-2025-36144,0.000140000,0.024410000,0.043886282086668504,2026-06-09,2026-06-09,CVE-2025-36144,5.5,2025-10-03T19:15:18.317
CVE-2025-3193,0.000970000,0.266980000,0.7756003312172233,2026-06-09,2026-06-09,CVE-2025-3193,7.5,2025-10-05T00:15:31.013
CVE-2025-11120,0.003850000,0.601020000,0.921059895114546,2026-06-09,2026-06-09,CVE-2025-11120,8.8,2025-10-03T13:42:17.047
CVE-2025-11119,0.000420000,0.129400000,0.4242340601711289,2026-06-09,2026-06-09,CVE-2025-11119,6.1,2026-04-29T01:00:01.613
CVE-2025-11118,0.000460000,0.144080000,0.4739166436654706,2026-06-09,2026-06-09,CVE-2025-11118,9.8,2026-04-29T01:00:01.613
CVE-2025-11117,0.002480000,0.483070000,0.8945625172508971,2026-06-09,2026-06-09,CVE-2025-11117,8.8,2025-10-03T13:38:34.747
CVE-2025-11116,0.000460000,0.144080000,0.4739166436654706,2026-06-09,2026-06-09,CVE-2025-11116,9.8,2026-04-29T01:00:01.613
CVE-2025-11115,0.000460000,0.144080000,0.4739166436654706,2026-06-09,2026-06-09,CVE-2025-11115,9.8,2026-04-29T01:00:01.613
CVE-2025-11114,0.000440000,0.138800000,0.4609439690863925,2026-06-09,2026-06-09,CVE-2025-11114,8.8,2026-04-29T01:00:01.613
CVE-2025-11113,0.000460000,0.144890000,0.4739166436654706,2026-06-09,2026-06-09,CVE-2025-11113,8.8,2026-04-29T01:00:01.613
CVE-2025-11112,0.000420000,0.129400000,0.4242340601711289,2026-06-09,2026-06-09,CVE-2025-11112,6.1,2026-04-29T01:00:01.613
CVE-2025-11111,0.000460000,0.144080000,0.4739166436654706,2026-06-09,2026-06-09,CVE-2025-11111,9.8,2026-04-29T01:00:01.613
CVE-2025-11110,0.000460000,0.144080000,0.4739166436654706,2026-06-09,2026-06-09,CVE-2025-11110,9.8,2026-04-29T01:00:01.613
CVE-2025-11109,0.000460000,0.144080000,0.4739166436654706,2026-06-09,2026-06-09,CVE-2025-11109,9.8,2026-04-29T01:00:01.613
CVE-2025-11108,0.000470000,0.150110000,0.48330113165884625,2026-06-09,2026-06-09,CVE-2025-11108,9.8,2026-04-29T01:00:01.613
CVE-2025-11107,0.000470000,0.150110000,0.48330113165884625,2026-06-09,2026-06-09,CVE-2025-11107,9.8,2026-04-29T01:00:01.613
CVE-2025-11106,0.000470000,0.150110000,0.48330113165884625,2026-06-09,2026-06-09,CVE-2025-11106,9.8,2026-04-29T01:00:01.613
CVE-2025-11105,0.000470000,0.150110000,0.48330113165884625,2026-06-09,2026-06-09,CVE-2025-11105,9.8,2026-04-29T01:00:01.613
CVE-2025-11104,0.000440000,0.138800000,0.4609439690863925,2026-06-09,2026-06-09,CVE-2025-11104,8.8,2026-04-29T01:00:01.613
CVE-2025-11103,0.000870000,0.249420000,0.7413745514766767,2026-06-09,2026-06-09,CVE-2025-11103,7.2,2026-04-29T01:00:01.613
CVE-2025-11102,0.000470000,0.150110000,0.48330113165884625,2026-06-09,2026-06-09,CVE-2025-11102,9.8,2026-04-29T01:00:01.613
CVE-2025-11101,0.000430000,0.136460000,0.44714325144907535,2026-06-09,2026-06-09,CVE-2025-11101,9.8,2026-04-29T01:00:01.613
CVE-2025-11100,0.002120000,0.437040000,0.8785536847916091,2026-06-09,2026-06-09,CVE-2025-11100,8.8,2026-04-29T01:00:01.613
CVE-2025-11099,0.002120000,0.437040000,0.8785536847916091,2026-06-09,2026-06-09,CVE-2025-11099,8.8,2026-04-29T01:00:01.613
CVE-2025-11098,0.002120000,0.437040000,0.8785536847916091,2026-06-09,2026-06-09,CVE-2025-11098,8.8,2026-04-29T01:00:01.613
CVE-2025-11097,0.002120000,0.437040000,0.8785536847916091,2026-06-09,2026-06-09,CVE-2025-11097,8.8,2026-04-29T01:00:01.613
CVE-2025-11096,0.002120000,0.437040000,0.8785536847916091,2026-06-09,2026-06-09,CVE-2025-11096,8.8,2026-04-29T01:00:01.613
CVE-2025-11095,0.002120000,0.437040000,0.8785536847916091,2026-06-09,2026-06-09,CVE-2025-11095,8.8,2026-04-29T01:00:01.613
CVE-2025-11094,0.000420000,0.131340000,0.4242340601711289,2026-06-09,2026-06-09,CVE-2025-11094,9.8,2026-04-29T01:00:01.613
CVE-2025-11092,0.002120000,0.437040000,0.8785536847916091,2026-06-09,2026-06-09,CVE-2025-11092,8.8,2026-04-29T01:00:01.613
CVE-2025-11091,0.002570000,0.493810000,0.8964946177201214,2026-06-09,2026-06-09,CVE-2025-11091,8.8,2025-10-03T14:45:31.690
CVE-2025-11090,0.000640000,0.199790000,0.6362130830803202,2026-06-09,2026-06-09,CVE-2025-11090,8.8,2026-04-29T01:00:01.613
CVE-2025-11089,0.000500000,0.158570000,0.526635385040022,2026-06-09,2026-06-09,CVE-2025-11089,9.8,2026-04-29T01:00:01.613
CVE-2025-11088,0.000440000,0.138800000,0.4609439690863925,2026-06-09,2026-06-09,CVE-2025-11088,8.8,2026-04-29T01:00:01.613
CVE-2025-11083,0.000260000,0.079150000,0.25393320452663537,2026-06-09,2026-06-09,CVE-2025-11083,7.8,2026-05-12T13:16:28.353
CVE-2025-11082,0.000240000,0.068720000,0.21197902290919127,2026-06-09,2026-06-09,CVE-2025-11082,7.8,2026-05-12T13:16:28.147
CVE-2025-11081,0.000300000,0.091610000,0.3105161468396357,2026-06-09,2026-06-09,CVE-2025-11081,5.5,2026-04-29T01:00:01.613
CVE-2025-11080,0.000360000,0.111080000,0.3654430030361579,2026-06-09,2026-06-09,CVE-2025-11080,4.3,2026-04-29T01:00:01.613
CVE-2025-11079,0.004140000,0.619240000,0.9246480817002484,2026-06-09,2026-06-09,CVE-2025-11079,9.8,2025-10-03T15:00:13.840
CVE-2025-11078,0.000700000,0.216690000,0.6845155948109302,2026-06-09,2026-06-09,CVE-2025-11078,8.8,2026-04-29T01:00:01.613
CVE-2025-11077,0.000420000,0.130420000,0.4242340601711289,2026-06-09,2026-06-09,CVE-2025-11077,9.8,2026-04-29T01:00:01.613
CVE-2025-11076,0.000460000,0.144080000,0.4739166436654706,2026-06-09,2026-06-09,CVE-2025-11076,9.8,2026-04-29T01:00:01.613
CVE-2025-11075,0.000460000,0.144080000,0.4739166436654706,2026-06-09,2026-06-09,CVE-2025-11075,9.8,2026-04-29T01:00:01.613
CVE-2025-11074,0.000460000,0.144080000,0.4739166436654706,2026-06-09,2026-06-09,CVE-2025-11074,9.8,2026-04-29T01:00:01.613
CVE-2025-11073,0.001460000,0.347250000,0.8401876897598675,2026-06-09,2026-06-09,CVE-2025-11073,4.7,2026-04-29T01:00:01.613
CVE-2025-11071,0.000470000,0.150860000,0.48330113165884625,2026-06-09,2026-06-09,CVE-2025-11071,7.2,2026-04-29T01:00:01.613
CVE-2025-11070,0.000500000,0.158570000,0.526635385040022,2026-06-09,2026-06-09,CVE-2025-11070,9.8,2026-04-29T01:00:01.613
CVE-2025-11069,0.000360000,0.111170000,0.3654430030361579,2026-06-09,2026-06-09,CVE-2025-11069,4.8,2026-04-29T01:00:01.613
CVE-2025-11068,0.000360000,0.111170000,0.3654430030361579,2026-06-09,2026-06-09,CVE-2025-11068,4.8,2026-04-29T01:00:01.613
CVE-2025-11067,0.000360000,0.111170000,0.3654430030361579,2026-06-09,2026-06-09,CVE-2025-11067,4.8,2026-04-29T01:00:01.613
CVE-2025-11066,0.000460000,0.144080000,0.4739166436654706,2026-06-09,2026-06-09,CVE-2025-11066,9.8,2026-04-29T01:00:01.613
CVE-2025-11064,0.000460000,0.144080000,0.4739166436654706,2026-06-09,2026-06-09,CVE-2025-11064,9.8,2026-04-29T01:00:01.613
CVE-2025-11063,0.000460000,0.144080000,0.4739166436654706,2026-06-09,2026-06-09,CVE-2025-11063,9.8,2026-04-29T01:00:01.613
CVE-2025-11062,0.000570000,0.180090000,0.5810102125310516,2026-06-09,2026-06-09,CVE-2025-11062,9.8,2026-04-29T01:00:01.613
CVE-2025-11061,0.000460000,0.144080000,0.4739166436654706,2026-06-09,2026-06-09,CVE-2025-11061,9.8,2026-04-29T01:00:01.613
CVE-2025-11057,0.000460000,0.144080000,0.4739166436654706,2026-06-09,2026-06-09,CVE-2025-11057,9.8,2026-04-29T01:00:01.613
CVE-2025-11056,0.000480000,0.153650000,0.5136627104609439,2026-06-09,2026-06-09,CVE-2025-11056,9.8,2026-04-29T01:00:01.613
CVE-2025-11055,0.000460000,0.144080000,0.4739166436654706,2026-06-09,2026-06-09,CVE-2025-11055,9.8,2026-04-29T01:00:01.613
CVE-2025-11054,0.000440000,0.138800000,0.4609439690863925,2026-06-09,2026-06-09,CVE-2025-11054,8.8,2026-04-29T01:00:01.613
CVE-2025-11053,0.000460000,0.144080000,0.4739166436654706,2026-06-09,2026-06-09,CVE-2025-11053,9.8,2026-04-29T01:00:01.613
CVE-2025-11052,0.000500000,0.158570000,0.526635385040022,2026-06-09,2026-06-09,CVE-2025-11052,9.8,2026-04-29T01:00:01.613
CVE-2025-11051,0.000430000,0.133280000,0.44714325144907535,2026-06-09,2026-06-09,CVE-2025-11051,6.5,2025-10-03T15:37:20.437
CVE-2025-11050,0.000700000,0.216690000,0.6845155948109302,2026-06-09,2026-06-09,CVE-2025-11050,8.8,2026-04-29T01:00:01.613
CVE-2025-11049,0.000700000,0.216690000,0.6845155948109302,2026-06-09,2026-06-09,CVE-2025-11049,8.8,2026-04-29T01:00:01.613
CVE-2025-11048,0.000700000,0.216690000,0.6845155948109302,2026-06-09,2026-06-09,CVE-2025-11048,8.8,2026-04-29T01:00:01.613
CVE-2025-11047,0.000700000,0.216690000,0.6845155948109302,2026-06-09,2026-06-09,CVE-2025-11047,8.8,2026-04-29T01:00:01.613
CVE-2025-11046,0.001040000,0.278470000,0.7885730057963014,2026-06-09,2026-06-09,CVE-2025-11046,9.8,2026-04-29T01:00:01.613
CVE-2025-11045,0.003550000,0.581110000,0.9160916367651117,2026-06-09,2026-06-09,CVE-2025-11045,7.3,2026-04-29T01:00:01.613
CVE-2025-11041,0.000440000,0.138800000,0.4609439690863925,2026-06-09,2026-06-09,CVE-2025-11041,8.8,2026-04-29T01:00:01.613
CVE-2025-11040,0.000460000,0.144080000,0.4739166436654706,2026-06-09,2026-06-09,CVE-2025-11040,9.8,2026-04-29T01:00:01.613
CVE-2025-11039,0.000470000,0.150110000,0.48330113165884625,2026-06-09,2026-06-09,CVE-2025-11039,9.8,2026-04-29T01:00:01.613
CVE-2025-11038,0.000410000,0.127950000,0.4159536295887386,2026-06-09,2026-06-09,CVE-2025-11038,8.8,2026-04-29T01:00:01.613
CVE-2025-11037,0.000490000,0.154360000,0.5208390836323489,2026-06-09,2026-06-09,CVE-2025-11037,9.8,2026-04-29T01:00:01.613
CVE-2025-11036,0.000490000,0.154360000,0.5208390836323489,2026-06-09,2026-06-09,CVE-2025-11036,9.8,2026-04-29T01:00:01.613
CVE-2025-11035,0.000450000,0.140230000,0.46839635661054374,2026-06-09,2026-06-09,CVE-2025-11035,9.8,2026-04-29T01:00:01.613
CVE-2025-10954,0.001380000,0.336480000,0.8266629864752967,2026-06-09,2026-06-09,CVE-2025-10954,7.5,2025-10-03T18:30:04.820
CVE-2025-10657,0.000200000,0.057340000,0.13055478884902014,2026-06-09,2026-06-09,CVE-2025-10657,,2026-04-15T00:35:42.020
CVE-2025-10499,0.000130000,0.019830000,0.036157880209770905,2026-06-09,2026-06-09,CVE-2025-10499,4.3,2025-12-23T18:57:13.767
CVE-2025-10498,0.000130000,0.019830000,0.036157880209770905,2026-06-09,2026-06-09,CVE-2025-10498,5.4,2025-12-23T18:58:20.957
CVE-2024-43192,0.000140000,0.026250000,0.043886282086668504,2026-06-09,2026-06-09,CVE-2024-43192,8.8,2025-12-11T22:10:37.530
CVE-2025-9904,0.000350000,0.108530000,0.35219431410433344,2026-06-09,2026-06-09,CVE-2025-9904,5.3,2026-04-15T00:35:42.020
CVE-2025-9903,0.000530000,0.169250000,0.543472260557549,2026-06-09,2026-06-09,CVE-2025-9903,5.9,2026-04-15T00:35:42.020
CVE-2025-9648,0.009790000,0.771350000,0.9646701628484681,2026-06-09,2026-06-09,CVE-2025-9648,,2026-04-15T00:35:42.020
CVE-2025-8868,0.198530000,0.955870000,0.9966878277670439,2026-06-09,2026-06-09,CVE-2025-8868,8.8,2025-10-16T17:14:27.610
CVE-2025-7698,0.000570000,0.181040000,0.5810102125310516,2026-06-09,2026-06-09,CVE-2025-7698,5.9,2026-04-15T00:35:42.020
CVE-2025-7104,0.000530000,0.167720000,0.543472260557549,2026-06-09,2026-06-09,CVE-2025-7104,7.5,2025-10-16T16:45:42.937
CVE-2025-6724,0.000650000,0.203120000,0.6433894562517251,2026-06-09,2026-06-09,CVE-2025-6724,8.8,2025-10-16T17:15:23.400
CVE-2025-61659,0.000210000,0.060100000,0.14794369307203975,2026-06-09,2026-06-09,CVE-2025-61659,6.8,2026-04-15T00:35:42.020
CVE-2025-57879,0.000350000,0.108520000,0.35219431410433344,2026-06-09,2026-06-09,CVE-2025-57879,6.1,2025-10-17T14:15:25.803
CVE-2025-57878,0.000350000,0.108520000,0.35219431410433344,2026-06-09,2026-06-09,CVE-2025-57878,6.1,2025-10-17T14:15:18.050
CVE-2025-57877,0.000310000,0.092380000,0.32266077836047474,2026-06-09,2026-06-09,CVE-2025-57877,4.8,2025-10-17T14:15:14.017
CVE-2025-57876,0.000310000,0.092380000,0.32266077836047474,2026-06-09,2026-06-09,CVE-2025-57876,4.8,2025-10-17T14:15:05.600
CVE-2025-57875,0.000310000,0.092380000,0.32266077836047474,2026-06-09,2026-06-09,CVE-2025-57875,4.8,2025-10-17T14:14:55.633
CVE-2025-57874,0.000310000,0.092380000,0.32266077836047474,2026-06-09,2026-06-09,CVE-2025-57874,4.8,2025-10-17T14:14:46.523
CVE-2025-57873,0.000310000,0.092380000,0.32266077836047474,2026-06-09,2026-06-09,CVE-2025-57873,4.8,2025-10-17T14:14:40.383
CVE-2025-57872,0.000350000,0.108520000,0.35219431410433344,2026-06-09,2026-06-09,CVE-2025-57872,6.1,2025-10-17T14:14:32.447
CVE-2025-57871,0.000310000,0.092380000,0.32266077836047474,2026-06-09,2026-06-09,CVE-2025-57871,4.8,2025-10-17T14:08:29.920
CVE-2025-57516,0.028740000,0.865640000,0.9853712393044438,2026-06-09,2026-06-09,CVE-2025-57516,8.2,2025-12-23T18:49:30.547
CVE-2025-57483,0.000310000,0.095070000,0.32266077836047474,2026-06-09,2026-06-09,CVE-2025-57483,8.1,2026-04-15T00:35:42.020
CVE-2025-57428,0.000460000,0.144540000,0.4739166436654706,2026-06-09,2026-06-09,CVE-2025-57428,6.5,2026-04-15T00:35:42.020
CVE-2025-57424,0.000290000,0.086320000,0.29726745790781123,2026-06-09,2026-06-09,CVE-2025-57424,7.3,2026-04-15T00:35:42.020
CVE-2025-57266,0.002170000,0.443440000,0.8821418713773116,2026-06-09,2026-06-09,CVE-2025-57266,9.8,2026-04-15T00:35:42.020
CVE-2025-57197,0.000300000,0.089250000,0.3105161468396357,2026-06-09,2026-06-09,CVE-2025-57197,6.0,2026-04-15T00:35:42.020
CVE-2025-56807,0.000370000,0.113190000,0.3734474192658018,2026-06-09,2026-06-09,CVE-2025-56807,6.1,2025-10-16T16:32:12.737
CVE-2025-56795,0.000600000,0.190640000,0.6055754899254762,2026-06-09,2026-06-09,CVE-2025-56795,9.0,2025-10-16T15:42:33.617
CVE-2025-56764,0.000470000,0.149690000,0.48330113165884625,2026-06-09,2026-06-09,CVE-2025-56764,5.3,2025-11-11T19:15:34.910
CVE-2025-56449,0.000670000,0.208950000,0.6618824178857301,2026-06-09,2026-06-09,CVE-2025-56449,8.2,2026-04-15T00:35:42.020
CVE-2025-56234,0.000700000,0.214420000,0.6845155948109302,2026-06-09,2026-06-09,CVE-2025-56234,7.5,2026-04-15T00:35:42.020
CVE-2025-56233,0.001220000,0.307930000,0.8087220535467844,2026-06-09,2026-06-09,CVE-2025-56233,7.5,2026-04-15T00:35:42.020
CVE-2025-55795,0.000350000,0.107660000,0.35219431410433344,2026-06-09,2026-06-09,CVE-2025-55795,3.5,2025-10-16T17:09:46.393
CVE-2025-54591,0.000690000,0.213540000,0.6756831355230472,2026-06-09,2026-06-09,CVE-2025-54591,7.5,2025-10-03T16:06:32.667
CVE-2025-51495,0.003410000,0.571190000,0.9133314932376484,2026-06-09,2026-06-09,CVE-2025-51495,7.5,2025-10-16T17:00:47.237
CVE-2025-48006,0.000270000,0.080400000,0.2779464532155672,2026-06-09,2026-06-09,CVE-2025-48006,9.1,2025-10-14T18:18:55.560
CVE-2025-45376,0.000120000,0.018430000,0.030913607507590396,2026-06-09,2026-06-09,CVE-2025-45376,7.8,2025-10-29T17:58:13.290
CVE-2025-43400,0.001770000,0.389580000,0.8611647805685896,2026-06-09,2026-06-09,CVE-2025-43400,6.3,2026-04-02T19:20:39.930
CVE-2025-41252,0.000740000,0.223940000,0.7008004416229644,2026-06-09,2026-06-09,CVE-2025-41252,7.5,2026-04-15T00:35:42.020
CVE-2025-41251,0.000690000,0.212260000,0.6756831355230472,2026-06-09,2026-06-09,CVE-2025-41251,8.1,2026-04-15T00:35:42.020
CVE-2025-41250,0.000830000,0.243160000,0.730333977366823,2026-06-09,2026-06-09,CVE-2025-41250,8.5,2026-04-15T00:35:42.020
CVE-2025-41246,0.000330000,0.100980000,0.34004968258349433,2026-06-09,2026-06-09,CVE-2025-41246,7.6,2026-04-15T00:35:42.020
CVE-2025-41245,0.000570000,0.179460000,0.5810102125310516,2026-06-09,2026-06-09,CVE-2025-41245,4.9,2026-04-15T00:35:42.020
CVE-2025-41244,0.005290000,0.675620000,0.9417609715705216,2026-06-09,2026-06-09,CVE-2025-41244,7.8,2025-11-06T13:58:13.620
CVE-2025-36352,0.000210000,0.062150000,0.14794369307203975,2026-06-09,2026-06-09,CVE-2025-36352,5.4,2025-10-03T17:54:10.850
CVE-2025-36351,0.000400000,0.124880000,0.4004968258349434,2026-06-09,2026-06-09,CVE-2025-36351,4.3,2025-10-03T17:53:55.820
CVE-2025-36099,0.000730000,0.221980000,0.6961081976262765,2026-06-09,2026-06-09,CVE-2025-36099,4.9,2025-10-03T17:54:19.180
CVE-2025-35034,0.000920000,0.259120000,0.75848744134695,2026-06-09,2026-06-09,CVE-2025-35034,6.1,2026-01-02T20:32:33.447
CVE-2025-35033,0.000390000,0.118330000,0.388076179961358,2026-06-09,2026-06-09,CVE-2025-35033,4.3,2026-01-02T20:32:22.373
CVE-2025-35032,0.000340000,0.105030000,0.34777808446039193,2026-06-09,2026-06-09,CVE-2025-35032,9.9,2026-01-02T20:31:06.037
CVE-2025-35031,0.000140000,0.026250000,0.043886282086668504,2026-06-09,2026-06-09,CVE-2025-35031,5.5,2026-01-02T20:30:04.493
CVE-2025-35030,0.000210000,0.061510000,0.14794369307203975,2026-06-09,2026-06-09,CVE-2025-35030,8.8,2026-01-02T20:28:53.033
CVE-2025-34235,0.007560000,0.736650000,0.9561137179133314,2026-06-09,2026-06-09,CVE-2025-34235,7.8,2025-10-09T17:55:21.890
CVE-2025-34234,0.000760000,0.227620000,0.7099089152635937,2026-06-09,2026-06-09,CVE-2025-34234,7.5,2025-10-09T17:55:04.450
CVE-2025-34233,0.000940000,0.261720000,0.768147943693072,2026-06-09,2026-06-09,CVE-2025-34233,6.8,2025-10-09T17:50:38.163
CVE-2025-34232,0.000970000,0.267010000,0.7756003312172233,2026-06-09,2026-06-09,CVE-2025-34232,5.3,2025-10-09T19:17:18.387
CVE-2025-34231,0.001950000,0.412800000,0.8711012972674579,2026-06-09,2026-06-09,CVE-2025-34231,8.6,2025-10-09T16:14:08.317
CVE-2025-34230,0.000970000,0.267010000,0.7756003312172233,2026-06-09,2026-06-09,CVE-2025-34230,5.8,2025-10-09T16:13:49.590
CVE-2025-34229,0.000970000,0.267010000,0.7756003312172233,2026-06-09,2026-06-09,CVE-2025-34229,5.8,2025-10-09T16:13:24.893
CVE-2025-34228,0.002900000,0.527340000,0.9044990339497654,2026-06-09,2026-06-09,CVE-2025-34228,8.6,2025-10-09T19:17:04.187
CVE-2025-34225,0.002900000,0.527340000,0.9044990339497654,2026-06-09,2026-06-09,CVE-2025-34225,8.6,2025-10-09T19:16:47.253
CVE-2025-34224,0.009400000,0.766400000,0.96301407673199,2026-06-09,2026-06-09,CVE-2025-34224,9.1,2025-10-09T18:23:34.493
CVE-2025-34223,0.020560000,0.842300000,0.9787468948385316,2026-06-09,2026-06-09,CVE-2025-34223,9.8,2025-10-09T18:13:32.420
CVE-2025-34222,0.001540000,0.358790000,0.847088048578526,2026-06-09,2026-06-09,CVE-2025-34222,9.1,2025-10-09T18:13:17.547
CVE-2025-34221,0.030440000,0.869480000,0.9856472536571902,2026-06-09,2026-06-09,CVE-2025-34221,9.8,2025-10-09T18:11:54.903
CVE-2025-34220,0.002470000,0.481710000,0.8942865028981507,2026-06-09,2026-06-09,CVE-2025-34220,5.3,2025-10-09T18:05:10.110
CVE-2025-34218,0.006020000,0.699560000,0.9489373447419266,2026-06-09,2026-06-09,CVE-2025-34218,9.8,2025-10-09T18:04:33.063
CVE-2025-34216,0.009440000,0.766980000,0.9632900910847364,2026-06-09,2026-06-09,CVE-2025-34216,9.8,2025-10-09T18:04:23.007
CVE-2025-34215,0.016170000,0.821820000,0.9751587082528291,2026-06-09,2026-06-09,CVE-2025-34215,9.8,2025-10-18T01:50:20.127
CVE-2025-34212,0.006580000,0.714780000,0.9522495169748827,2026-06-09,2026-06-09,CVE-2025-34212,9.8,2025-10-09T18:03:58.000
CVE-2025-34211,0.000530000,0.168180000,0.543472260557549,2026-06-09,2026-06-09,CVE-2025-34211,4.9,2025-10-03T16:16:31.273
CVE-2025-34209,0.001640000,0.371550000,0.854264421749931,2026-06-09,2026-06-09,CVE-2025-34209,7.2,2025-10-03T16:18:25.587
CVE-2025-34207,0.001470000,0.348970000,0.8410157328181065,2026-06-09,2026-06-09,CVE-2025-34207,9.8,2025-10-03T16:23:41.507
CVE-2025-34196,0.001060000,0.282400000,0.7910571349710185,2026-06-09,2026-06-09,CVE-2025-34196,9.8,2025-10-16T16:27:21.273
CVE-2025-30247,0.013590000,0.805270000,0.971846536019873,2026-06-09,2026-06-09,CVE-2025-30247,,2026-04-15T00:35:42.020
CVE-2025-11155,0.000270000,0.080590000,0.2779464532155672,2026-06-09,2026-06-09,CVE-2025-11155,,2026-04-15T00:35:42.020
CVE-2025-11147,0.000260000,0.079030000,0.25393320452663537,2026-06-09,2026-06-09,CVE-2025-11147,5.4,2025-10-16T15:54:26.323
CVE-2025-11146,0.000260000,0.079030000,0.25393320452663537,2026-06-09,2026-06-09,CVE-2025-11146,5.4,2025-10-16T15:54:35.073
CVE-2025-11141,0.001330000,0.324030000,0.8227987855368479,2026-06-09,2026-06-09,CVE-2025-11141,4.7,2026-04-29T01:00:01.613
CVE-2025-11140,0.000510000,0.163220000,0.5313276290367099,2026-06-09,2026-06-09,CVE-2025-11140,9.8,2026-04-29T01:00:01.613
CVE-2025-11139,0.001460000,0.347560000,0.8401876897598675,2026-06-09,2026-06-09,CVE-2025-11139,9.8,2026-04-29T01:00:01.613
CVE-2025-11138,0.006940000,0.723020000,0.9539056030913607,2026-06-09,2026-06-09,CVE-2025-11138,8.8,2026-04-29T01:00:01.613
CVE-2025-11137,0.000290000,0.088890000,0.29726745790781123,2026-06-09,2026-06-09,CVE-2025-11137,3.5,2026-04-29T01:00:01.613
CVE-2025-11136,0.000900000,0.255360000,0.7526911399392768,2026-06-09,2026-06-09,CVE-2025-11136,7.2,2026-04-29T01:00:01.613
CVE-2025-11135,0.001100000,0.289500000,0.7965774220259454,2026-06-09,2026-06-09,CVE-2025-11135,7.3,2026-04-29T01:00:01.613
CVE-2025-11134,0.000290000,0.086550000,0.29726745790781123,2026-06-09,2026-06-09,CVE-2025-11134,2.4,2026-04-29T01:00:01.613
CVE-2025-11130,0.000280000,0.085060000,0.29036709908915265,2026-06-09,2026-06-09,CVE-2025-11130,8.4,2026-04-29T01:00:01.613
CVE-2025-11126,0.001720000,0.381810000,0.8589566657466188,2026-06-09,2026-06-09,CVE-2025-11126,9.8,2026-04-15T00:35:42.020
CVE-2025-11125,0.000310000,0.095080000,0.32266077836047474,2026-06-09,2026-06-09,CVE-2025-11125,4.3,2026-04-29T01:00:01.613
CVE-2025-11124,0.000440000,0.139180000,0.4609439690863925,2026-06-09,2026-06-09,CVE-2025-11124,5.4,2026-04-29T01:00:01.613
CVE-2025-11123,0.003880000,0.602440000,0.921887938172785,2026-06-09,2026-06-09,CVE-2025-11123,8.8,2025-10-03T13:46:21.990
CVE-2025-11122,0.003540000,0.580720000,0.9155396080596191,2026-06-09,2026-06-09,CVE-2025-11122,8.8,2025-10-03T13:46:15.367
CVE-2025-11121,0.011140000,0.785480000,0.9671542920231853,2026-06-09,2026-06-09,CVE-2025-11121,8.8,2026-04-29T01:00:01.613
CVE-2025-10504,0.000240000,0.071840000,0.21197902290919127,2026-06-09,2026-06-09,CVE-2025-10504,6.1,2026-04-15T00:35:42.020
CVE-2025-10346,0.000260000,0.078340000,0.25393320452663537,2026-06-09,2026-06-09,CVE-2025-10346,6.1,2025-10-02T19:45:36.960
CVE-2025-10345,0.000260000,0.078340000,0.25393320452663537,2026-06-09,2026-06-09,CVE-2025-10345,6.1,2025-10-02T19:47:33.867
CVE-2025-10344,0.000260000,0.078340000,0.25393320452663537,2026-06-09,2026-06-09,CVE-2025-10344,6.1,2025-10-02T19:47:43.570
CVE-2025-10343,0.000260000,0.078340000,0.25393320452663537,2026-06-09,2026-06-09,CVE-2025-10343,6.1,2025-10-02T19:47:50.333
CVE-2025-10342,0.000260000,0.078340000,0.25393320452663537,2026-06-09,2026-06-09,CVE-2025-10342,6.1,2025-10-02T19:48:32.613
CVE-2025-10341,0.000260000,0.078340000,0.25393320452663537,2026-06-09,2026-06-09,CVE-2025-10341,6.1,2025-10-02T19:48:57.400
CVE-2024-57412,0.000260000,0.077300000,0.25393320452663537,2026-06-09,2026-06-09,CVE-2024-57412,7.5,2026-04-15T00:35:42.020
CVE-2024-5200,0.000240000,0.072300000,0.21197902290919127,2026-06-09,2026-06-09,CVE-2024-5200,4.8,2026-04-15T00:35:42.020
CVE-2024-13150,0.000420000,0.131160000,0.4242340601711289,2026-06-09,2026-06-09,CVE-2024-13150,9.8,2026-06-01T13:16:27.743
CVE-2025-9993,0.000920000,0.257700000,0.75848744134695,2026-06-09,2026-06-09,CVE-2025-9993,8.1,2026-04-15T00:35:42.020
CVE-2025-9991,0.003190000,0.553010000,0.9091912779464533,2026-06-09,2026-06-09,CVE-2025-9991,8.1,2026-04-15T00:35:42.020
CVE-2025-9948,0.000130000,0.019830000,0.036157880209770905,2026-06-09,2026-06-09,CVE-2025-9948,4.3,2026-04-15T00:35:42.020
CVE-2025-9946,0.000130000,0.019810000,0.036157880209770905,2026-06-09,2026-06-09,CVE-2025-9946,6.1,2026-04-15T00:35:42.020
CVE-2025-9852,0.000350000,0.106490000,0.35219431410433344,2026-06-09,2026-06-09,CVE-2025-9852,6.4,2026-04-15T00:35:42.020
CVE-2025-9762,0.004400000,0.635340000,0.9301683687551753,2026-06-09,2026-06-09,CVE-2025-9762,9.8,2026-04-15T00:35:42.020
CVE-2025-9232,0.000690000,0.214110000,0.6756831355230472,2026-06-09,2026-06-09,CVE-2025-9232,5.9,2026-06-02T14:16:41.150
CVE-2025-9231,0.000380000,0.116200000,0.37869169196798236,2026-06-09,2026-06-09,CVE-2025-9231,6.5,2026-06-02T14:16:40.957
CVE-2025-9230,0.000410000,0.126660000,0.4159536295887386,2026-06-09,2026-06-09,CVE-2025-9230,7.5,2026-06-02T14:16:40.760
CVE-2025-8877,0.001080000,0.286220000,0.7935412641457356,2026-06-09,2026-06-09,CVE-2025-8877,7.5,2026-04-15T00:35:42.020
CVE-2025-8777,0.000350000,0.106490000,0.35219431410433344,2026-06-09,2026-06-09,CVE-2025-8777,6.4,2026-04-15T00:35:42.020
CVE-2025-8625,0.007800000,0.740790000,0.9577698040298096,2026-06-09,2026-06-09,CVE-2025-8625,9.8,2026-04-15T00:35:42.020
CVE-2025-8624,0.000350000,0.106490000,0.35219431410433344,2026-06-09,2026-06-09,CVE-2025-8624,6.4,2026-04-15T00:35:42.020
CVE-2025-8623,0.000350000,0.106490000,0.35219431410433344,2026-06-09,2026-06-09,CVE-2025-8623,6.4,2026-04-15T00:35:42.020
CVE-2025-8608,0.000350000,0.106490000,0.35219431410433344,2026-06-09,2026-06-09,CVE-2025-8608,6.4,2026-04-15T00:35:42.020
CVE-2025-8566,0.000350000,0.106490000,0.35219431410433344,2026-06-09,2026-06-09,CVE-2025-8566,6.4,2026-04-15T00:35:42.020
CVE-2025-8560,0.000350000,0.106490000,0.35219431410433344,2026-06-09,2026-06-09,CVE-2025-8560,6.4,2026-04-15T00:35:42.020
CVE-2025-8559,0.000690000,0.213630000,0.6756831355230472,2026-06-09,2026-06-09,CVE-2025-8559,6.5,2026-04-15T00:35:42.020
CVE-2025-8214,0.000350000,0.106490000,0.35219431410433344,2026-06-09,2026-06-09,CVE-2025-8214,6.4,2026-04-15T00:35:42.020
CVE-2025-8122,0.000420000,0.129630000,0.4242340601711289,2026-06-09,2026-06-09,CVE-2025-8122,8.8,2025-11-26T14:36:51.600
CVE-2025-8121,0.000420000,0.129630000,0.4242340601711289,2026-06-09,2026-06-09,CVE-2025-8121,8.8,2025-11-26T14:37:18.227
CVE-2025-8120,0.004640000,0.647060000,0.932376483577146,2026-06-09,2026-06-09,CVE-2025-8120,9.8,2025-11-26T14:37:44.743
CVE-2025-8119,0.000160000,0.039220000,0.054650841843775874,2026-06-09,2026-06-09,CVE-2025-8119,4.3,2025-11-26T14:40:55.727
CVE-2025-8118,0.000400000,0.124000000,0.4004968258349434,2026-06-09,2026-06-09,CVE-2025-8118,6.5,2025-11-26T14:40:13.943
CVE-2025-8117,0.000430000,0.136010000,0.44714325144907535,2026-06-09,2026-06-09,CVE-2025-8117,7.5,2025-11-26T14:41:41.900
CVE-2025-8116,0.000470000,0.149940000,0.48330113165884625,2026-06-09,2026-06-09,CVE-2025-8116,6.1,2025-11-26T14:41:54.577
CVE-2025-7779,0.000160000,0.037690000,0.054650841843775874,2026-06-09,2026-06-09,CVE-2025-7779,8.8,2026-04-15T00:35:42.020
CVE-2025-7493,0.001220000,0.308870000,0.8087220535467844,2026-06-09,2026-06-09,CVE-2025-7493,9.1,2026-04-15T00:35:42.020
CVE-2025-7065,0.004640000,0.647060000,0.932376483577146,2026-06-09,2026-06-09,CVE-2025-7065,9.8,2025-11-26T14:42:14.750
CVE-2025-7063,0.009510000,0.767710000,0.9635661054374828,2026-06-09,2026-06-09,CVE-2025-7063,9.8,2025-11-26T14:42:30.940
CVE-2025-7052,0.000250000,0.074450000,0.22964394148495723,2026-06-09,2026-06-09,CVE-2025-7052,8.8,2026-04-15T00:35:42.020
CVE-2025-7038,0.004910000,0.660170000,0.9351366271046094,2026-06-09,2026-06-09,CVE-2025-7038,8.2,2026-04-15T00:35:42.020
CVE-2025-6941,0.000430000,0.136580000,0.44714325144907535,2026-06-09,2026-06-09,CVE-2025-6941,6.4,2026-04-15T00:35:42.020
CVE-2025-6815,0.000320000,0.098030000,0.33038918023737235,2026-06-09,2026-06-09,CVE-2025-6815,5.5,2026-04-15T00:35:42.020
CVE-2025-61586,0.000960000,0.264950000,0.7720121446315208,2026-06-09,2026-06-09,CVE-2025-61586,5.3,2025-10-03T15:39:40.233
CVE-2025-61584,0.000710000,0.217700000,0.6886558101021253,2026-06-09,2026-06-09,CVE-2025-61584,,2026-04-15T00:35:42.020
CVE-2025-59956,0.000740000,0.224020000,0.7008004416229644,2026-06-09,2026-06-09,CVE-2025-59956,6.5,2025-10-08T15:05:53.100
CVE-2025-59954,0.001320000,0.323370000,0.8214187137731161,2026-06-09,2026-06-09,CVE-2025-59954,9.8,2025-10-08T15:08:19.490
CVE-2025-59952,0.000250000,0.075050000,0.22964394148495723,2026-06-09,2026-06-09,CVE-2025-59952,,2026-04-15T00:35:42.020
CVE-2025-59950,0.000360000,0.110030000,0.3654430030361579,2026-06-09,2026-06-09,CVE-2025-59950,5.4,2025-10-03T15:52:28.380
CVE-2025-59948,0.000380000,0.117810000,0.37869169196798236,2026-06-09,2026-06-09,CVE-2025-59948,5.4,2025-10-03T15:55:15.470
CVE-2025-59942,0.000730000,0.223040000,0.6961081976262765,2026-06-09,2026-06-09,CVE-2025-59942,7.5,2025-10-18T01:15:14.350
CVE-2025-59941,0.000540000,0.171690000,0.5600331217223296,2026-06-09,2026-06-09,CVE-2025-59941,6.5,2025-10-18T01:21:51.237
CVE-2025-59940,0.001260000,0.314430000,0.8134142975434723,2026-06-09,2026-06-09,CVE-2025-59940,6.5,2026-04-15T00:35:42.020
CVE-2025-59937,0.000770000,0.229310000,0.7129450731438035,2026-06-09,2026-06-09,CVE-2025-59937,9.1,2025-10-16T15:55:27.077
CVE-2025-59933,0.000270000,0.080340000,0.2779464532155672,2026-06-09,2026-06-09,CVE-2025-59933,7.8,2025-12-24T15:16:01.733
CVE-2025-59668,0.000710000,0.218630000,0.6886558101021253,2026-06-09,2026-06-09,CVE-2025-59668,7.5,2026-04-15T00:35:42.020
CVE-2025-59163,0.001850000,0.401340000,0.8677891250345018,2026-06-09,2026-06-09,CVE-2025-59163,,2026-04-15T00:35:42.020
CVE-2025-57852,0.000120000,0.019410000,0.030913607507590396,2026-06-09,2026-06-09,CVE-2025-57852,6.4,2026-04-15T00:35:42.020
CVE-2025-57769,0.000370000,0.112910000,0.3734474192658018,2026-06-09,2026-06-09,CVE-2025-57769,6.1,2025-10-03T15:58:53.477
CVE-2025-56301,0.002130000,0.439200000,0.8810378139663263,2026-06-09,2026-06-09,CVE-2025-56301,7.5,2025-10-17T20:45:34.003
CVE-2025-56018,0.000430000,0.134800000,0.44714325144907535,2026-06-09,2026-06-09,CVE-2025-56018,6.1,2026-04-09T19:50:03.230
CVE-2025-55797,0.001040000,0.279010000,0.7885730057963014,2026-06-09,2026-06-09,CVE-2025-55797,6.5,2025-10-07T13:37:54.860
CVE-2025-54875,0.000890000,0.252990000,0.7491029533535744,2026-06-09,2026-06-09,CVE-2025-54875,9.8,2025-10-03T15:59:35.287
CVE-2025-54592,0.000970000,0.266970000,0.7756003312172233,2026-06-09,2026-06-09,CVE-2025-54592,9.8,2025-10-03T16:04:21.927
CVE-2025-54477,0.000430000,0.133130000,0.44714325144907535,2026-06-09,2026-06-09,CVE-2025-54477,5.3,2026-04-15T00:35:42.020
CVE-2025-54476,0.000560000,0.176940000,0.5752139111233784,2026-06-09,2026-06-09,CVE-2025-54476,,2026-04-15T00:35:42.020
CVE-2025-52050,0.000410000,0.126520000,0.4159536295887386,2026-06-09,2026-06-09,CVE-2025-52050,6.5,2025-10-03T16:19:39.793
CVE-2025-52049,0.000410000,0.126520000,0.4159536295887386,2026-06-09,2026-06-09,CVE-2025-52049,6.5,2025-10-03T16:19:48.057
CVE-2025-52047,0.000410000,0.126520000,0.4159536295887386,2026-06-09,2026-06-09,CVE-2025-52047,6.5,2025-10-03T16:20:38.850
CVE-2025-52043,0.000410000,0.126520000,0.4159536295887386,2026-06-09,2026-06-09,CVE-2025-52043,6.5,2025-10-03T16:20:49.803
CVE-2025-43820,0.000330000,0.101120000,0.34004968258349433,2026-06-09,2026-06-09,CVE-2025-43820,5.4,2025-12-11T22:02:48.697
CVE-2025-43818,0.000330000,0.101120000,0.34004968258349433,2026-06-09,2026-06-09,CVE-2025-43818,6.1,2025-12-11T22:04:21.680
CVE-2025-43817,0.000330000,0.101120000,0.34004968258349433,2026-06-09,2026-06-09,CVE-2025-43817,6.1,2025-12-11T21:48:06.107
CVE-2025-43815,0.000330000,0.101970000,0.34004968258349433,2026-06-09,2026-06-09,CVE-2025-43815,6.1,2025-12-11T22:05:02.473
CVE-2025-43813,0.001980000,0.418200000,0.8719293403256969,2026-06-09,2026-06-09,CVE-2025-43813,8.2,2025-12-11T21:57:45.920
CVE-2025-43812,0.000330000,0.101120000,0.34004968258349433,2026-06-09,2026-06-09,CVE-2025-43812,5.4,2025-12-11T21:58:07.870
CVE-2025-43811,0.000330000,0.101120000,0.34004968258349433,2026-06-09,2026-06-09,CVE-2025-43811,5.4,2025-12-11T22:06:17.830
CVE-2025-41099,0.000410000,0.127970000,0.4159536295887386,2026-06-09,2026-06-09,CVE-2025-41099,6.5,2025-10-08T18:19:30.180
CVE-2025-41098,0.000490000,0.157180000,0.5208390836323489,2026-06-09,2026-06-09,CVE-2025-41098,7.5,2025-10-08T18:19:18.320
CVE-2025-41097,0.000380000,0.115300000,0.37869169196798236,2026-06-09,2026-06-09,CVE-2025-41097,4.3,2025-10-08T18:18:37.897
CVE-2025-41096,0.000380000,0.115300000,0.37869169196798236,2026-06-09,2026-06-09,CVE-2025-41096,4.3,2025-10-08T18:18:33.003
CVE-2025-41095,0.000380000,0.115300000,0.37869169196798236,2026-06-09,2026-06-09,CVE-2025-41095,4.3,2025-10-08T18:18:28.020
CVE-2025-41094,0.000380000,0.115300000,0.37869169196798236,2026-06-09,2026-06-09,CVE-2025-41094,4.3,2025-10-08T18:18:20.577
CVE-2025-41093,0.000380000,0.115300000,0.37869169196798236,2026-06-09,2026-06-09,CVE-2025-41093,4.3,2025-10-08T18:17:00.197
CVE-2025-41092,0.000380000,0.115300000,0.37869169196798236,2026-06-09,2026-06-09,CVE-2025-41092,4.3,2025-10-08T18:16:44.180
CVE-2025-41091,0.000380000,0.115300000,0.37869169196798236,2026-06-09,2026-06-09,CVE-2025-41091,4.3,2025-10-08T18:53:10.993
CVE-2025-36245,0.000370000,0.112440000,0.3734474192658018,2026-06-09,2026-06-09,CVE-2025-36245,8.8,2025-10-18T01:24:24.603
CVE-2025-34217,0.001890000,0.405640000,0.8688931824454872,2026-06-09,2026-06-09,CVE-2025-34217,9.8,2025-10-07T14:02:24.590
CVE-2025-28016,0.000490000,0.156390000,0.5208390836323489,2026-06-09,2026-06-09,CVE-2025-28016,4.8,2025-10-07T13:42:23.450
CVE-2025-11178,0.000060000,0.003800000,0.001380071763731714,2026-06-09,2026-06-09,CVE-2025-11178,7.3,2026-04-15T00:35:42.020
CVE-2025-11163,0.000370000,0.114470000,0.3734474192658018,2026-06-09,2026-06-09,CVE-2025-11163,4.3,2026-04-15T00:35:42.020
CVE-2025-11153,0.000390000,0.118010000,0.388076179961358,2026-06-09,2026-06-09,CVE-2025-11153,7.5,2026-04-13T15:16:39.020
CVE-2025-11152,0.000620000,0.195550000,0.6254485233232128,2026-06-09,2026-06-09,CVE-2025-11152,8.6,2026-04-13T15:16:38.857
CVE-2025-11149,0.000190000,0.054030000,0.11233784156776153,2026-06-09,2026-06-09,CVE-2025-11149,7.5,2026-04-15T00:35:42.020
CVE-2025-11148,0.000940000,0.261120000,0.768147943693072,2026-06-09,2026-06-09,CVE-2025-11148,9.8,2026-04-15T00:35:42.020
CVE-2025-10991,0.000280000,0.085540000,0.29036709908915265,2026-06-09,2026-06-09,CVE-2025-10991,,2026-04-15T00:35:42.020
CVE-2025-10859,0.000190000,0.051740000,0.11233784156776153,2026-06-09,2026-06-09,CVE-2025-10859,4.0,2026-04-13T15:16:37.753
CVE-2025-10217,0.000660000,0.207070000,0.6486337289539056,2026-06-09,2026-06-09,CVE-2025-10217,,2026-04-15T00:35:42.020
CVE-2025-10196,0.000350000,0.106490000,0.35219431410433344,2026-06-09,2026-06-09,CVE-2025-10196,6.4,2026-04-15T00:35:42.020
CVE-2025-10191,0.000430000,0.136580000,0.44714325144907535,2026-06-09,2026-06-09,CVE-2025-10191,6.4,2026-04-15T00:35:42.020
CVE-2025-10189,0.000350000,0.107490000,0.35219431410433344,2026-06-09,2026-06-09,CVE-2025-10189,6.4,2026-04-15T00:35:42.020
CVE-2025-10182,0.000350000,0.107490000,0.35219431410433344,2026-06-09,2026-06-09,CVE-2025-10182,6.4,2026-04-15T00:35:42.020
CVE-2025-10179,0.000350000,0.107490000,0.35219431410433344,2026-06-09,2026-06-09,CVE-2025-10179,6.4,2026-04-15T00:35:42.020
CVE-2025-10168,0.000350000,0.106490000,0.35219431410433344,2026-06-09,2026-06-09,CVE-2025-10168,6.4,2026-04-15T00:35:42.020
CVE-2025-10131,0.000350000,0.107490000,0.35219431410433344,2026-06-09,2026-06-09,CVE-2025-10131,6.4,2026-04-15T00:35:42.020
CVE-2025-10130,0.000430000,0.136580000,0.44714325144907535,2026-06-09,2026-06-09,CVE-2025-10130,6.4,2026-04-15T00:35:42.020
CVE-2025-10128,0.000350000,0.107490000,0.35219431410433344,2026-06-09,2026-06-09,CVE-2025-10128,6.4,2026-04-15T00:35:42.020
CVE-2025-10000,0.001120000,0.293540000,0.7982335081424234,2026-06-09,2026-06-09,CVE-2025-10000,6.4,2026-04-15T00:35:42.020
CVE-2024-58040,0.000310000,0.092140000,0.32266077836047474,2026-06-09,2026-06-09,CVE-2024-58040,9.1,2026-03-09T17:17:45.437
CVE-2025-61792,0.000180000,0.050700000,0.09688103781396633,2026-06-09,2026-06-09,CVE-2025-61792,6.4,2026-04-15T00:35:42.020
CVE-2025-6034,0.000180000,0.051440000,0.09688103781396633,2026-06-09,2026-06-09,CVE-2025-6034,7.8,2025-10-07T13:20:48.400
CVE-2025-6033,0.000180000,0.051440000,0.09688103781396633,2026-06-09,2026-06-09,CVE-2025-6033,7.8,2025-10-07T13:24:30.283
CVE-2025-57254,0.000640000,0.199960000,0.6362130830803202,2026-06-09,2026-06-09,CVE-2025-57254,6.5,2026-04-15T00:35:42.020
CVE-2025-56676,0.001350000,0.330530000,0.824454871653326,2026-06-09,2026-06-09,CVE-2025-56676,5.4,2025-10-18T01:49:15.320
CVE-2025-56675,0.000310000,0.093110000,0.32266077836047474,2026-06-09,2026-06-09,CVE-2025-56675,3.5,2026-04-15T00:35:42.020
CVE-2025-56572,0.004260000,0.626560000,0.9265801821694728,2026-06-09,2026-06-09,CVE-2025-56572,7.5,2025-10-08T14:26:03.170
CVE-2025-56571,0.000880000,0.251760000,0.7449627380623792,2026-06-09,2026-06-09,CVE-2025-56571,7.5,2025-10-08T14:34:26.070
CVE-2025-56520,0.001350000,0.331310000,0.824454871653326,2026-06-09,2026-06-09,CVE-2025-56520,5.3,2025-10-07T13:20:03.270
CVE-2025-56513,0.005170000,0.670940000,0.94038089980679,2026-06-09,2026-06-09,CVE-2025-56513,9.8,2026-05-11T16:17:27.477
CVE-2025-56392,0.000480000,0.152700000,0.5136627104609439,2026-06-09,2026-06-09,CVE-2025-56392,8.1,2025-10-15T18:38:52.640
CVE-2025-56207,0.000600000,0.190610000,0.6055754899254762,2026-06-09,2026-06-09,CVE-2025-56207,6.5,2026-04-15T00:35:42.020
CVE-2025-56200,0.000540000,0.170970000,0.5600331217223296,2026-06-09,2026-06-09,CVE-2025-56200,6.1,2025-10-18T01:48:26.373
CVE-2025-56132,0.024070000,0.853900000,0.9817830527187413,2026-06-09,2026-06-09,CVE-2025-56132,7.3,2025-10-15T18:38:42.897
CVE-2025-55191,0.000490000,0.156830000,0.5208390836323489,2026-06-09,2026-06-09,CVE-2025-55191,5.3,2025-10-07T13:11:21.697
CVE-2025-43827,0.000510000,0.163480000,0.5313276290367099,2026-06-09,2026-06-09,CVE-2025-43827,4.3,2025-12-15T18:20:51.497
CVE-2025-43826,0.000330000,0.101120000,0.34004968258349433,2026-06-09,2026-06-09,CVE-2025-43826,5.4,2025-12-15T18:21:10.470
CVE-2025-36262,0.000660000,0.206840000,0.6486337289539056,2026-06-09,2026-06-09,CVE-2025-36262,4.9,2025-10-03T17:52:19.390
CVE-2025-36132,0.000210000,0.062150000,0.14794369307203975,2026-06-09,2026-06-09,CVE-2025-36132,5.4,2025-10-03T17:52:05.920
CVE-2025-24525,0.000470000,0.150620000,0.48330113165884625,2026-06-09,2026-06-09,CVE-2025-24525,7.5,2026-04-15T00:35:42.020
CVE-2025-23293,0.000280000,0.084480000,0.29036709908915265,2026-06-09,2026-06-09,CVE-2025-23293,8.7,2026-04-15T00:35:42.020
CVE-2025-23292,0.000160000,0.037120000,0.054650841843775874,2026-06-09,2026-06-09,CVE-2025-23292,4.6,2026-04-15T00:35:42.020
CVE-2025-23291,0.000070000,0.006780000,0.0024841291747170853,2026-06-09,2026-06-09,CVE-2025-23291,2.4,2026-04-15T00:35:42.020
CVE-2025-11195,0.000150000,0.029420000,0.050510626552580734,2026-06-09,2026-06-09,CVE-2025-11195,3.3,2025-10-08T14:15:51.740
CVE-2025-10725,0.001780000,0.391390000,0.862268837979575,2026-06-09,2026-06-09,CVE-2025-10725,9.9,2026-04-15T00:35:42.020
CVE-2025-10659,0.012830000,0.799770000,0.970190449903395,2026-06-09,2026-06-09,CVE-2025-10659,9.8,2026-04-15T00:35:42.020
CVE-2024-55017,0.000590000,0.187930000,0.6003312172232956,2026-06-09,2026-06-09,CVE-2024-55017,7.5,2026-04-15T00:35:42.020
