cve,epss,percentile,percentile_subset,timestamp,date,cve.id,cvss_baseScore,cve.lastModified
CVE-2025-9815,0.000780000,0.235110000,0.8273947246645071,2025-12-16,2025-12-16,CVE-2025-9815,7.8,2025-09-04T16:13:28.567
CVE-2025-9814,0.000370000,0.107380000,0.36742248958815366,2025-12-16,2025-12-16,CVE-2025-9814,9.8,2025-09-03T15:46:35.893
CVE-2025-9813,0.001090000,0.299090000,0.8773715872281351,2025-12-16,2025-12-16,CVE-2025-9813,8.8,2025-09-04T17:48:17.693
CVE-2025-9812,0.001090000,0.299090000,0.8773715872281351,2025-12-16,2025-12-16,CVE-2025-9812,8.8,2025-09-04T17:01:04.197
CVE-2025-9811,0.000370000,0.107380000,0.36742248958815366,2025-12-16,2025-12-16,CVE-2025-9811,9.8,2025-09-03T15:46:46.483
CVE-2025-9810,0.000160000,0.026210000,0.06293382693197594,2025-12-16,2025-12-16,CVE-2025-9810,5.8,2025-12-08T15:27:15.590
CVE-2025-9809,0.003970000,0.598230000,0.9585839888940305,2025-12-16,2025-12-16,CVE-2025-9809,9.8,2025-12-08T15:18:11.893
CVE-2025-9806,0.000140000,0.020280000,0.04835724201758445,2025-12-16,2025-12-16,CVE-2025-9806,6.4,2025-10-21T13:42:28.893
CVE-2025-9805,0.000670000,0.209180000,0.7933826931975937,2025-12-16,2025-12-16,CVE-2025-9805,7.5,2025-11-14T20:34:38.053
CVE-2025-9802,0.000380000,0.112630000,0.4012031466913466,2025-12-16,2025-12-16,CVE-2025-9802,4.7,2025-09-02T15:55:25.420
CVE-2025-9801,0.001170000,0.312720000,0.8875520592318371,2025-12-16,2025-12-16,CVE-2025-9801,8.1,2025-11-14T20:36:09.667
CVE-2025-9800,0.000550000,0.172610000,0.7142526608051828,2025-12-16,2025-12-16,CVE-2025-9800,6.1,2025-11-14T20:37:54.983
CVE-2025-9799,0.000430000,0.132380000,0.5279962980101804,2025-12-16,2025-12-16,CVE-2025-9799,5.0,2025-12-02T19:04:22.443
CVE-2025-9797,0.000400000,0.120750000,0.4701527070800555,2025-12-16,2025-12-16,CVE-2025-9797,2.4,2025-09-02T15:55:25.420
CVE-2025-9796,0.000450000,0.136920000,0.561082832022212,2025-12-16,2025-12-16,CVE-2025-9796,4.1,2025-09-04T16:54:57.613
CVE-2025-9795,0.000300000,0.081130000,0.3216103655714947,2025-12-16,2025-12-16,CVE-2025-9795,5.4,2025-09-04T16:53:20.223
CVE-2025-9794,0.000550000,0.173460000,0.7142526608051828,2025-12-16,2025-12-16,CVE-2025-9794,9.8,2025-09-03T15:53:51.967
CVE-2025-9793,0.000370000,0.107380000,0.36742248958815366,2025-12-16,2025-12-16,CVE-2025-9793,9.8,2025-09-03T15:54:00.297
CVE-2025-9792,0.000370000,0.107380000,0.36742248958815366,2025-12-16,2025-12-16,CVE-2025-9792,9.8,2025-09-03T15:54:07.633
CVE-2025-9791,0.001120000,0.304400000,0.8808422026839426,2025-12-16,2025-12-16,CVE-2025-9791,9.8,2025-09-04T16:20:55.250
CVE-2025-9790,0.000390000,0.114110000,0.4097639981490051,2025-12-16,2025-12-16,CVE-2025-9790,9.8,2025-10-23T20:06:00.793
CVE-2025-9789,0.000510000,0.157970000,0.6850994909763998,2025-12-16,2025-12-16,CVE-2025-9789,9.8,2025-11-13T15:27:28.533
CVE-2025-9788,0.000370000,0.107380000,0.36742248958815366,2025-12-16,2025-12-16,CVE-2025-9788,9.8,2025-09-03T15:56:21.750
CVE-2025-9786,0.000370000,0.107380000,0.36742248958815366,2025-12-16,2025-12-16,CVE-2025-9786,9.8,2025-09-03T15:56:35.567
CVE-2025-9783,0.001670000,0.382700000,0.9099953725127256,2025-12-16,2025-12-16,CVE-2025-9783,8.8,2025-09-04T16:52:53.580
CVE-2025-9782,0.001670000,0.382700000,0.9099953725127256,2025-12-16,2025-12-16,CVE-2025-9782,8.8,2025-09-04T16:42:23.857
CVE-2025-9781,0.001670000,0.382700000,0.9099953725127256,2025-12-16,2025-12-16,CVE-2025-9781,8.8,2025-09-04T16:42:38.633
CVE-2025-9780,0.001670000,0.382700000,0.9099953725127256,2025-12-16,2025-12-16,CVE-2025-9780,8.8,2025-09-04T16:42:51.847
CVE-2025-9779,0.001670000,0.382700000,0.9099953725127256,2025-12-16,2025-12-16,CVE-2025-9779,8.8,2025-09-04T16:42:59.583
CVE-2025-9778,0.000140000,0.019890000,0.04835724201758445,2025-12-16,2025-12-16,CVE-2025-9778,7.0,2025-09-04T16:19:21.700
CVE-2025-9775,0.000620000,0.195470000,0.7639981490050902,2025-12-16,2025-12-16,CVE-2025-9775,9.8,2025-09-04T16:00:55.390
CVE-2025-9774,0.000340000,0.093780000,0.3322535863026377,2025-12-16,2025-12-16,CVE-2025-9774,4.3,2025-09-04T16:16:03.660
CVE-2025-9773,0.000470000,0.145490000,0.6291068949560389,2025-12-16,2025-12-16,CVE-2025-9773,6.1,2025-09-04T16:16:38.873
CVE-2025-9772,0.000620000,0.195470000,0.7639981490050902,2025-12-16,2025-12-16,CVE-2025-9772,9.8,2025-09-04T16:17:45.597
CVE-2025-9771,0.000370000,0.107380000,0.36742248958815366,2025-12-16,2025-12-16,CVE-2025-9771,9.8,2025-09-03T16:05:59.463
CVE-2025-9770,0.000400000,0.119290000,0.4701527070800555,2025-12-16,2025-12-16,CVE-2025-9770,9.8,2025-09-04T16:43:11.837
CVE-2025-9769,0.000510000,0.159370000,0.6850994909763998,2025-12-16,2025-12-16,CVE-2025-9769,6.2,2025-09-04T16:43:56.927
CVE-2025-9768,0.000370000,0.109070000,0.36742248958815366,2025-12-16,2025-12-16,CVE-2025-9768,9.8,2025-09-04T16:44:09.123
CVE-2025-9767,0.000390000,0.114110000,0.4097639981490051,2025-12-16,2025-12-16,CVE-2025-9767,9.8,2025-09-05T17:58:21.963
CVE-2025-9766,0.000390000,0.114110000,0.4097639981490051,2025-12-16,2025-12-16,CVE-2025-9766,9.8,2025-09-08T13:50:02.277
CVE-2025-9765,0.000390000,0.114110000,0.4097639981490051,2025-12-16,2025-12-16,CVE-2025-9765,9.8,2025-09-08T13:28:16.387
CVE-2025-9764,0.000390000,0.114110000,0.4097639981490051,2025-12-16,2025-12-16,CVE-2025-9764,9.8,2025-09-08T13:33:13.147
CVE-2025-9763,0.000390000,0.114110000,0.4097639981490051,2025-12-16,2025-12-16,CVE-2025-9763,9.8,2025-09-08T13:40:09.430
CVE-2025-9761,0.000390000,0.114110000,0.4097639981490051,2025-12-16,2025-12-16,CVE-2025-9761,9.8,2025-09-08T13:45:56.043
CVE-2025-9760,0.000640000,0.199540000,0.7783433595557612,2025-12-16,2025-12-16,CVE-2025-9760,8.8,2025-09-27T00:28:31.297
CVE-2025-9759,0.000390000,0.114110000,0.4097639981490051,2025-12-16,2025-12-16,CVE-2025-9759,9.8,2025-09-08T13:53:29.567
CVE-2025-9758,0.000370000,0.109070000,0.36742248958815366,2025-12-16,2025-12-16,CVE-2025-9758,9.8,2025-09-11T21:16:26.307
CVE-2025-9757,0.000390000,0.114110000,0.4097639981490051,2025-12-16,2025-12-16,CVE-2025-9757,9.8,2025-09-08T13:54:13.633
CVE-2025-9756,0.000370000,0.109070000,0.36742248958815366,2025-12-16,2025-12-16,CVE-2025-9756,8.8,2025-09-08T14:02:39.200
CVE-2025-9755,0.000470000,0.145490000,0.6291068949560389,2025-12-16,2025-12-16,CVE-2025-9755,6.1,2025-09-05T19:54:52.480
CVE-2025-9754,0.000370000,0.105910000,0.36742248958815366,2025-12-16,2025-12-16,CVE-2025-9754,5.4,2025-09-04T18:46:58.453
CVE-2025-9753,0.000440000,0.133570000,0.549976862563628,2025-12-16,2025-12-16,CVE-2025-9753,4.8,2025-09-04T18:46:50.757
CVE-2025-9752,0.004010000,0.600600000,0.9592781119851921,2025-12-16,2025-12-16,CVE-2025-9752,9.8,2025-09-04T18:47:25.440
CVE-2025-9751,0.000390000,0.114110000,0.4097639981490051,2025-12-16,2025-12-16,CVE-2025-9751,9.8,2025-09-08T14:06:05.217
CVE-2025-9570,0.000700000,0.217890000,0.8010180472003702,2025-12-16,2025-12-16,CVE-2025-9570,4.9,2025-09-25T14:18:25.953
CVE-2025-9569,0.000590000,0.184750000,0.7457195742711707,2025-12-16,2025-12-16,CVE-2025-9569,6.1,2025-09-25T14:18:03.243
CVE-2025-9568,0.000590000,0.184750000,0.7457195742711707,2025-12-16,2025-12-16,CVE-2025-9568,6.1,2025-09-25T14:18:31.453
CVE-2025-9567,0.000590000,0.184750000,0.7457195742711707,2025-12-16,2025-12-16,CVE-2025-9567,6.1,2025-09-25T14:18:08.317
CVE-2025-9375,0.000840000,0.249810000,0.8391948172142527,2025-12-16,2025-12-16,CVE-2025-9375,,2025-09-08T21:15:34.570
CVE-2025-8662,0.000930000,0.266120000,0.8537714021286441,2025-12-16,2025-12-16,CVE-2025-8662,4.3,2025-09-04T16:56:19.207
CVE-2025-7731,0.000180000,0.037350000,0.15131883387320685,2025-12-16,2025-12-16,CVE-2025-7731,7.5,2025-09-02T15:55:25.420
CVE-2025-7405,0.001860000,0.406170000,0.918093475242943,2025-12-16,2025-12-16,CVE-2025-7405,7.3,2025-09-02T15:55:25.420
CVE-2025-6507,0.001090000,0.299030000,0.8773715872281351,2025-12-16,2025-12-16,CVE-2025-6507,9.8,2025-09-02T15:55:25.420
CVE-2025-58318,0.000260000,0.064090000,0.3040259139287367,2025-12-16,2025-12-16,CVE-2025-58318,,2025-09-02T15:55:25.420
CVE-2025-58178,0.000480000,0.149910000,0.6385932438685794,2025-12-16,2025-12-16,CVE-2025-58178,7.8,2025-09-02T15:55:25.420
CVE-2025-58162,0.001130000,0.307120000,0.8833873206848681,2025-12-16,2025-12-16,CVE-2025-58162,6.5,2025-09-03T15:48:23.827
CVE-2025-58161,0.001570000,0.371470000,0.9062933826931976,2025-12-16,2025-12-16,CVE-2025-58161,4.3,2025-09-03T15:48:43.537
CVE-2025-57808,0.060430000,0.903700000,0.9923646459972235,2025-12-16,2025-12-16,CVE-2025-57808,8.1,2025-09-10T19:03:00.280
CVE-2025-57799,0.014420000,0.802440000,0.9840351689032855,2025-12-16,2025-12-16,CVE-2025-57799,,2025-09-02T15:55:25.420
CVE-2025-55007,0.000380000,0.110870000,0.4012031466913466,2025-12-16,2025-12-16,CVE-2025-55007,5.3,2025-09-05T17:57:12.773
CVE-2025-54857,0.008350000,0.740000000,0.9780194354465526,2025-12-16,2025-12-16,CVE-2025-54857,9.8,2025-09-02T15:55:25.420
CVE-2025-44017,0.000410000,0.121660000,0.475937066173068,2025-12-16,2025-12-16,CVE-2025-44017,4.3,2025-09-02T15:55:25.420
CVE-2025-41690,0.000360000,0.102350000,0.3486811661267932,2025-12-16,2025-12-16,CVE-2025-41690,7.4,2025-09-02T15:55:25.420
CVE-2025-41030,0.000990000,0.283110000,0.8651087459509487,2025-12-16,2025-12-16,CVE-2025-41030,,2025-09-02T15:55:25.420
CVE-2025-36133,0.000170000,0.031010000,0.09093012494215641,2025-12-16,2025-12-16,CVE-2025-36133,5.9,2025-09-02T15:55:25.420
CVE-2025-3586,0.002860000,0.517260000,0.9428505321610365,2025-12-16,2025-12-16,CVE-2025-3586,7.2,2025-12-12T20:08:45.127
CVE-2025-33102,0.000180000,0.039970000,0.15131883387320685,2025-12-16,2025-12-16,CVE-2025-33102,7.5,2025-09-03T16:04:24.403
CVE-2025-33099,0.000280000,0.073130000,0.3125867653863952,2025-12-16,2025-12-16,CVE-2025-33099,5.9,2025-09-03T16:04:38.267
CVE-2025-33084,0.000200000,0.046170000,0.24086071263304026,2025-12-16,2025-12-16,CVE-2025-33084,5.9,2025-09-03T16:04:50.150
CVE-2025-33083,0.000360000,0.104830000,0.3486811661267932,2025-12-16,2025-12-16,CVE-2025-33083,5.4,2025-09-03T16:05:02.183
CVE-2025-33082,0.000360000,0.104830000,0.3486811661267932,2025-12-16,2025-12-16,CVE-2025-33082,5.4,2025-09-03T16:05:38.653
CVE-2025-2412,0.000980000,0.276080000,0.8623322535863026,2025-12-16,2025-12-16,CVE-2025-2412,8.6,2025-09-02T15:55:25.420
CVE-2025-20708,0.003390000,0.561310000,0.951411383618695,2025-12-16,2025-12-16,CVE-2025-20708,8.1,2025-09-03T16:06:40.560
CVE-2025-20707,0.000060000,0.002980000,0.01064322073114299,2025-12-16,2025-12-16,CVE-2025-20707,6.7,2025-09-03T16:06:46.333
CVE-2025-20706,0.000070000,0.003360000,0.015964831096714482,2025-12-16,2025-12-16,CVE-2025-20706,7.8,2025-09-03T16:06:51.920
CVE-2025-20705,0.000070000,0.003360000,0.015964831096714482,2025-12-16,2025-12-16,CVE-2025-20705,7.8,2025-09-03T16:07:32.640
CVE-2025-20704,0.002490000,0.480410000,0.9382230448866266,2025-12-16,2025-12-16,CVE-2025-20704,8.8,2025-09-03T16:07:22.770
CVE-2025-20703,0.003800000,0.588110000,0.9567329939842666,2025-12-16,2025-12-16,CVE-2025-20703,7.5,2025-09-03T16:07:38.867
CVE-2025-0656,0.000970000,0.275110000,0.8597871355853771,2025-12-16,2025-12-16,CVE-2025-0656,6.1,2025-09-03T16:05:47.800
CVE-2025-0610,0.000260000,0.063250000,0.3040259139287367,2025-12-16,2025-12-16,CVE-2025-0610,8.6,2025-09-02T15:55:25.420
CVE-2024-28988,0.009260000,0.754280000,0.979176307265155,2025-12-16,2025-12-16,CVE-2024-28988,9.8,2025-11-14T23:32:43.077
CVE-2024-12925,0.000310000,0.082780000,0.32577510411846367,2025-12-16,2025-12-16,CVE-2024-12925,7.3,2025-09-02T15:55:25.420
CVE-2024-12924,0.000420000,0.125430000,0.4872744099953725,2025-12-16,2025-12-16,CVE-2024-12924,6.3,2025-09-02T15:55:25.420
CVE-2024-12914,0.000420000,0.124970000,0.4872744099953725,2025-12-16,2025-12-16,CVE-2024-12914,4.3,2025-09-02T15:55:25.420
CVE-2022-38696,0.000910000,0.262020000,0.8509949097639982,2025-12-16,2025-12-16,CVE-2022-38696,9.8,2025-09-02T15:55:25.420
CVE-2022-38695,0.000200000,0.046090000,0.24086071263304026,2025-12-16,2025-12-16,CVE-2022-38695,7.8,2025-09-02T15:55:25.420
CVE-2022-38694,0.002880000,0.519180000,0.9435446552521981,2025-12-16,2025-12-16,CVE-2022-38694,7.8,2025-09-02T15:55:25.420
CVE-2022-38693,0.000910000,0.262020000,0.8509949097639982,2025-12-16,2025-12-16,CVE-2022-38693,9.8,2025-09-02T15:55:25.420
CVE-2022-38692,0.000700000,0.215830000,0.8010180472003702,2025-12-16,2025-12-16,CVE-2022-38692,9.8,2025-09-02T15:55:25.420
CVE-2022-38691,0.001380000,0.345200000,0.8993521517815826,2025-12-16,2025-12-16,CVE-2022-38691,7.8,2025-09-02T15:55:25.420
CVE-2025-9837,0.000390000,0.114110000,0.4097639981490051,2025-12-16,2025-12-16,CVE-2025-9837,9.8,2025-09-05T17:40:24.190
CVE-2025-9836,0.000460000,0.141400000,0.6200832947709394,2025-12-16,2025-12-16,CVE-2025-9836,4.3,2025-11-26T16:29:06.563
CVE-2025-9835,0.000480000,0.150470000,0.6385932438685794,2025-12-16,2025-12-16,CVE-2025-9835,4.3,2025-09-05T17:44:00.117
CVE-2025-9834,0.000370000,0.105910000,0.36742248958815366,2025-12-16,2025-12-16,CVE-2025-9834,5.4,2025-09-05T17:46:46.433
CVE-2025-9833,0.000390000,0.114110000,0.4097639981490051,2025-12-16,2025-12-16,CVE-2025-9833,9.8,2025-09-05T17:47:55.323
CVE-2025-9832,0.000550000,0.173460000,0.7142526608051828,2025-12-16,2025-12-16,CVE-2025-9832,9.8,2025-09-05T17:50:31.347
CVE-2025-9831,0.000390000,0.114110000,0.4097639981490051,2025-12-16,2025-12-16,CVE-2025-9831,9.8,2025-09-05T17:54:03.170
CVE-2025-9830,0.000390000,0.114110000,0.4097639981490051,2025-12-16,2025-12-16,CVE-2025-9830,9.8,2025-09-05T18:02:42.197
CVE-2025-9829,0.000510000,0.157970000,0.6850994909763998,2025-12-16,2025-12-16,CVE-2025-9829,9.8,2025-09-05T18:03:25.270
CVE-2025-9828,0.000660000,0.206200000,0.7873669597408607,2025-12-16,2025-12-16,CVE-2025-9828,5.9,2025-10-03T15:05:39.963
CVE-2025-9784,0.004230000,0.614920000,0.9622859787135586,2025-12-16,2025-12-16,CVE-2025-9784,7.5,2025-12-11T23:15:51.433
CVE-2025-9696,0.000130000,0.014200000,0.04349838037945396,2025-12-16,2025-12-16,CVE-2025-9696,,2025-09-04T15:36:56.447
CVE-2025-9573,0.004250000,0.615570000,0.962517353077279,2025-12-16,2025-12-16,CVE-2025-9573,,2025-09-02T15:55:25.420
CVE-2025-9330,0.000210000,0.048240000,0.26862563627950026,2025-12-16,2025-12-16,CVE-2025-9330,7.8,2025-09-08T13:52:46.100
CVE-2025-9329,0.000850000,0.252210000,0.8417399352151782,2025-12-16,2025-12-16,CVE-2025-9329,7.8,2025-09-08T13:51:41.663
CVE-2025-9328,0.000850000,0.252210000,0.8417399352151782,2025-12-16,2025-12-16,CVE-2025-9328,7.8,2025-09-08T13:52:41.887
CVE-2025-9327,0.000350000,0.100120000,0.33896344285053215,2025-12-16,2025-12-16,CVE-2025-9327,5.5,2025-09-08T13:51:51.967
CVE-2025-9326,0.000850000,0.252210000,0.8417399352151782,2025-12-16,2025-12-16,CVE-2025-9326,7.8,2025-09-08T13:52:16.540
CVE-2025-9325,0.000350000,0.100120000,0.33896344285053215,2025-12-16,2025-12-16,CVE-2025-9325,5.5,2025-09-08T13:52:37.100
CVE-2025-9324,0.000350000,0.100120000,0.33896344285053215,2025-12-16,2025-12-16,CVE-2025-9324,5.5,2025-09-08T13:52:30.743
CVE-2025-9323,0.000350000,0.100120000,0.33896344285053215,2025-12-16,2025-12-16,CVE-2025-9323,5.5,2025-09-08T13:51:34.297
CVE-2025-9276,0.006790000,0.708880000,0.9733919481721425,2025-12-16,2025-12-16,CVE-2025-9276,9.8,2025-09-04T15:36:56.447
CVE-2025-9275,0.000790000,0.239520000,0.8287829708468302,2025-12-16,2025-12-16,CVE-2025-9275,7.8,2025-09-15T14:43:03.917
CVE-2025-9274,0.000630000,0.197630000,0.7700138824618232,2025-12-16,2025-12-16,CVE-2025-9274,7.8,2025-09-15T14:43:01.750
CVE-2025-9273,0.002170000,0.443010000,0.9303563165201296,2025-12-16,2025-12-16,CVE-2025-9273,4.3,2025-09-04T15:36:56.447
CVE-2025-9189,0.000410000,0.121880000,0.475937066173068,2025-12-16,2025-12-16,CVE-2025-9189,7.8,2025-10-09T19:52:55.733
CVE-2025-9188,0.002600000,0.491410000,0.9396112910689496,2025-12-16,2025-12-16,CVE-2025-9188,7.8,2025-10-09T19:53:26.143
CVE-2025-8614,0.000210000,0.048240000,0.26862563627950026,2025-12-16,2025-12-16,CVE-2025-8614,7.8,2025-09-10T14:36:09.027
CVE-2025-8613,0.012270000,0.786280000,0.9821841739935215,2025-12-16,2025-12-16,CVE-2025-8613,7.2,2025-09-04T15:36:56.447
CVE-2025-8302,0.000220000,0.051120000,0.2834335955576122,2025-12-16,2025-12-16,CVE-2025-8302,8.8,2025-09-10T15:00:15.943
CVE-2025-8301,0.000220000,0.051120000,0.2834335955576122,2025-12-16,2025-12-16,CVE-2025-8301,7.8,2025-09-10T15:00:04.563
CVE-2025-8300,0.000220000,0.051120000,0.2834335955576122,2025-12-16,2025-12-16,CVE-2025-8300,8.8,2025-09-10T15:00:11.357
CVE-2025-8299,0.000220000,0.051120000,0.2834335955576122,2025-12-16,2025-12-16,CVE-2025-8299,8.8,2025-09-10T14:59:58.543
CVE-2025-8298,0.000180000,0.040130000,0.15131883387320685,2025-12-16,2025-12-16,CVE-2025-8298,3.8,2025-09-10T15:00:07.030
CVE-2025-7976,0.002860000,0.517580000,0.9428505321610365,2025-12-16,2025-12-16,CVE-2025-7976,7.8,2025-09-24T20:43:08.907
CVE-2025-7975,0.003890000,0.593300000,0.9578898658028691,2025-12-16,2025-12-16,CVE-2025-7975,7.8,2025-09-24T20:42:21.560
CVE-2025-7974,0.000930000,0.267150000,0.8537714021286441,2025-12-16,2025-12-16,CVE-2025-7974,3.7,2025-09-04T15:36:56.447
CVE-2025-6685,0.013240000,0.793860000,0.982878297084683,2025-12-16,2025-12-16,CVE-2025-6685,8.8,2025-09-04T15:36:56.447
CVE-2025-6519,0.000620000,0.194700000,0.7639981490050902,2025-12-16,2025-12-16,CVE-2025-6519,9.8,2025-10-10T14:18:29.190
CVE-2025-57778,0.000410000,0.121880000,0.475937066173068,2025-12-16,2025-12-16,CVE-2025-57778,7.8,2025-10-09T19:53:55.477
CVE-2025-57777,0.000250000,0.059930000,0.2998611753817677,2025-12-16,2025-12-16,CVE-2025-57777,7.8,2025-10-09T19:54:18.407
CVE-2025-57776,0.000410000,0.121880000,0.475937066173068,2025-12-16,2025-12-16,CVE-2025-57776,7.8,2025-10-09T19:54:39.950
CVE-2025-57775,0.000410000,0.121880000,0.475937066173068,2025-12-16,2025-12-16,CVE-2025-57775,7.8,2025-10-09T19:55:02.193
CVE-2025-57774,0.000410000,0.121880000,0.475937066173068,2025-12-16,2025-12-16,CVE-2025-57774,7.8,2025-10-09T19:33:54.973
CVE-2025-57616,0.000750000,0.228150000,0.8169828782970847,2025-12-16,2025-12-16,CVE-2025-57616,7.5,2025-09-10T18:25:12.660
CVE-2025-57615,0.000750000,0.228670000,0.8169828782970847,2025-12-16,2025-12-16,CVE-2025-57615,7.5,2025-09-10T18:31:27.533
CVE-2025-57614,0.001220000,0.320820000,0.8896344285053216,2025-12-16,2025-12-16,CVE-2025-57614,7.5,2025-09-10T18:31:47.433
CVE-2025-57613,0.000750000,0.228670000,0.8169828782970847,2025-12-16,2025-12-16,CVE-2025-57613,7.5,2025-09-10T18:33:24.547
CVE-2025-57612,0.000750000,0.228670000,0.8169828782970847,2025-12-16,2025-12-16,CVE-2025-57612,7.5,2025-09-10T18:35:48.720
CVE-2025-57611,0.000540000,0.168710000,0.7084683017121703,2025-12-16,2025-12-16,CVE-2025-57611,5.3,2025-09-10T18:36:58.663
CVE-2025-57140,0.000460000,0.141320000,0.6200832947709394,2025-12-16,2025-12-16,CVE-2025-57140,9.8,2025-09-04T17:46:32.590
CVE-2025-5662,0.008330000,0.739590000,0.977788061082832,2025-12-16,2025-12-16,CVE-2025-5662,9.8,2025-09-02T15:55:25.420
CVE-2025-56254,0.000370000,0.109200000,0.36742248958815366,2025-12-16,2025-12-16,CVE-2025-56254,4.3,2025-09-04T17:02:44.477
CVE-2025-55824,0.000560000,0.174720000,0.7221193891716797,2025-12-16,2025-12-16,CVE-2025-55824,6.5,2025-09-05T18:06:02.743
CVE-2025-55476,0.000340000,0.096980000,0.3322535863026377,2025-12-16,2025-12-16,CVE-2025-55476,6.5,2025-09-05T18:10:09.907
CVE-2025-55474,0.000500000,0.156670000,0.6753817677001388,2025-12-16,2025-12-16,CVE-2025-55474,6.1,2025-09-05T18:01:33.103
CVE-2025-55473,0.000390000,0.116000000,0.4097639981490051,2025-12-16,2025-12-16,CVE-2025-55473,6.1,2025-09-04T15:36:56.447
CVE-2025-55472,0.000380000,0.110330000,0.4012031466913466,2025-12-16,2025-12-16,CVE-2025-55472,6.5,2025-09-11T21:19:43.863
CVE-2025-55373,0.001080000,0.298310000,0.8762147154095327,2025-12-16,2025-12-16,CVE-2025-55373,5.3,2025-09-11T21:19:36.443
CVE-2025-55372,0.000750000,0.228670000,0.8169828782970847,2025-12-16,2025-12-16,CVE-2025-55372,5.3,2025-09-11T21:17:29.997
CVE-2025-54599,0.000570000,0.179790000,0.7279037482646923,2025-12-16,2025-12-16,CVE-2025-54599,7.5,2025-09-10T18:48:37.770
CVE-2025-52551,0.000610000,0.192700000,0.7570569180934752,2025-12-16,2025-12-16,CVE-2025-52551,,2025-09-02T15:55:25.420
CVE-2025-52550,0.000260000,0.064190000,0.3040259139287367,2025-12-16,2025-12-16,CVE-2025-52550,7.2,2025-10-01T18:20:33.640
CVE-2025-52549,0.000650000,0.204350000,0.7841277186487737,2025-12-16,2025-12-16,CVE-2025-52549,9.8,2025-10-01T18:23:48.017
CVE-2025-52548,0.000380000,0.112630000,0.4012031466913466,2025-12-16,2025-12-16,CVE-2025-52548,4.9,2025-10-01T18:25:16.733
CVE-2025-52547,0.000890000,0.257930000,0.8484497917630727,2025-12-16,2025-12-16,CVE-2025-52547,7.5,2025-10-01T18:25:49.187
CVE-2025-52546,0.000840000,0.249210000,0.8391948172142527,2025-12-16,2025-12-16,CVE-2025-52546,6.1,2025-10-01T18:26:57.600
CVE-2025-52545,0.000490000,0.154280000,0.6503933364183249,2025-12-16,2025-12-16,CVE-2025-52545,7.5,2025-10-01T18:27:05.687
CVE-2025-52544,0.001020000,0.286960000,0.8713558537714021,2025-12-16,2025-12-16,CVE-2025-52544,7.5,2025-10-01T18:27:30.030
CVE-2025-52543,0.000750000,0.228650000,0.8169828782970847,2025-12-16,2025-12-16,CVE-2025-52543,7.5,2025-10-01T18:27:55.450
CVE-2025-51966,0.000510000,0.158150000,0.6850994909763998,2025-12-16,2025-12-16,CVE-2025-51966,6.1,2025-09-05T18:26:30.580
CVE-2025-50757,0.143500000,0.941680000,0.996298010180472,2025-12-16,2025-12-16,CVE-2025-50757,6.5,2025-09-04T17:47:15.087
CVE-2025-50755,0.143500000,0.941680000,0.996298010180472,2025-12-16,2025-12-16,CVE-2025-50755,6.5,2025-09-04T17:47:08.720
CVE-2025-50565,0.000350000,0.097610000,0.33896344285053215,2025-12-16,2025-12-16,CVE-2025-50565,6.5,2025-09-05T18:51:43.197
CVE-2025-46810,0.000210000,0.049100000,0.26862563627950026,2025-12-16,2025-12-16,CVE-2025-46810,,2025-09-02T15:55:25.420
CVE-2025-46047,0.000220000,0.051390000,0.2834335955576122,2025-12-16,2025-12-16,CVE-2025-46047,6.5,2025-09-04T17:46:45.237
CVE-2025-43726,0.000160000,0.028550000,0.06293382693197594,2025-12-16,2025-12-16,CVE-2025-43726,7.8,2025-11-04T15:37:09.027
CVE-2025-41031,0.000990000,0.283110000,0.8651087459509487,2025-12-16,2025-12-16,CVE-2025-41031,,2025-09-02T15:55:25.420
CVE-2025-36162,0.000370000,0.105160000,0.36742248958815366,2025-12-16,2025-12-16,CVE-2025-36162,4.3,2025-09-04T15:36:56.447
CVE-2025-32100,0.000450000,0.138910000,0.561082832022212,2025-12-16,2025-12-16,CVE-2025-32100,6.5,2025-09-05T19:09:42.710
CVE-2025-32098,0.000460000,0.143020000,0.6200832947709394,2025-12-16,2025-12-16,CVE-2025-32098,5.3,2025-09-05T19:33:29.087
CVE-2025-2414,0.000980000,0.276080000,0.8623322535863026,2025-12-16,2025-12-16,CVE-2025-2414,8.6,2025-09-02T15:55:25.420
CVE-2025-2413,0.000980000,0.276080000,0.8623322535863026,2025-12-16,2025-12-16,CVE-2025-2413,8.6,2025-09-02T15:55:25.420
CVE-2025-22418,0.000050000,0.002000000,0.0034706154558074966,2025-12-16,2025-12-16,CVE-2025-22418,7.8,2025-09-04T16:39:53.440
CVE-2025-22417,0.000040000,0.001360000,0.0013882461823229986,2025-12-16,2025-12-16,CVE-2025-22417,7.3,2025-09-04T16:39:57.460
CVE-2025-22416,0.000050000,0.002000000,0.0034706154558074966,2025-12-16,2025-12-16,CVE-2025-22416,7.8,2025-09-04T16:40:02.630
CVE-2025-0670,0.000470000,0.144760000,0.6291068949560389,2025-12-16,2025-12-16,CVE-2025-0670,4.7,2025-09-02T15:55:25.420
CVE-2025-0640,0.000470000,0.144760000,0.6291068949560389,2025-12-16,2025-12-16,CVE-2025-0640,4.7,2025-09-02T15:55:25.420
CVE-2024-58259,0.000190000,0.042150000,0.2038408144377603,2025-12-16,2025-12-16,CVE-2024-58259,8.2,2025-09-02T15:55:25.420
CVE-2024-52284,0.000160000,0.026940000,0.06293382693197594,2025-12-16,2025-12-16,CVE-2024-52284,7.7,2025-09-02T15:55:25.420
CVE-2024-51423,0.000950000,0.271470000,0.8567792688570106,2025-12-16,2025-12-16,CVE-2024-51423,6.1,2025-09-10T18:55:05.597
CVE-2024-49730,0.000050000,0.002300000,0.0034706154558074966,2025-12-16,2025-12-16,CVE-2024-49730,7.8,2025-09-04T16:40:08.027
CVE-2024-49728,0.000050000,0.001870000,0.0034706154558074966,2025-12-16,2025-12-16,CVE-2024-49728,5.5,2025-09-04T16:40:12.073
CVE-2024-49722,0.000060000,0.003150000,0.01064322073114299,2025-12-16,2025-12-16,CVE-2024-49722,5.5,2025-09-04T17:47:47.153
CVE-2024-49720,0.000060000,0.003080000,0.01064322073114299,2025-12-16,2025-12-16,CVE-2024-49720,7.8,2025-09-04T17:47:36.147
CVE-2024-48705,0.159290000,0.945200000,0.996760758907913,2025-12-16,2025-12-16,CVE-2024-48705,6.5,2025-09-04T17:47:01.483
CVE-2024-40653,0.000110000,0.010520000,0.03863951874132346,2025-12-16,2025-12-16,CVE-2024-40653,7.3,2025-09-04T17:47:27.360
CVE-2024-12974,0.000420000,0.124970000,0.4872744099953725,2025-12-16,2025-12-16,CVE-2024-12974,4.3,2025-09-02T15:55:25.420
CVE-2024-12973,0.000230000,0.053730000,0.2892179546506247,2025-12-16,2025-12-16,CVE-2024-12973,4.7,2025-09-02T15:55:25.420
CVE-2024-12972,0.000420000,0.124970000,0.4872744099953725,2025-12-16,2025-12-16,CVE-2024-12972,4.3,2025-09-02T15:55:25.420
CVE-2025-9901,0.000680000,0.211610000,0.7970846830171217,2025-12-16,2025-12-16,CVE-2025-9901,5.9,2025-09-04T15:36:56.447
CVE-2025-9848,0.000800000,0.241470000,0.8331790837575197,2025-12-16,2025-12-16,CVE-2025-9848,7.5,2025-09-10T18:12:02.770
CVE-2025-9847,0.000510000,0.158580000,0.6850994909763998,2025-12-16,2025-12-16,CVE-2025-9847,9.8,2025-09-10T18:14:19.687
CVE-2025-9845,0.000370000,0.105910000,0.36742248958815366,2025-12-16,2025-12-16,CVE-2025-9845,5.4,2025-09-08T13:57:12.637
CVE-2025-9843,0.000430000,0.128840000,0.5279962980101804,2025-12-16,2025-12-16,CVE-2025-9843,7.5,2025-10-20T19:46:43.710
CVE-2025-9842,0.000430000,0.128840000,0.5279962980101804,2025-12-16,2025-12-16,CVE-2025-9842,7.5,2025-10-20T19:48:43.440
CVE-2025-9841,0.000460000,0.142760000,0.6200832947709394,2025-12-16,2025-12-16,CVE-2025-9841,8.8,2025-10-23T20:06:00.793
CVE-2025-9840,0.000370000,0.109070000,0.36742248958815366,2025-12-16,2025-12-16,CVE-2025-9840,9.8,2025-09-05T17:35:22.710
CVE-2025-9839,0.000390000,0.114110000,0.4097639981490051,2025-12-16,2025-12-16,CVE-2025-9839,9.8,2025-09-05T17:37:06.910
CVE-2025-9838,0.000390000,0.114110000,0.4097639981490051,2025-12-16,2025-12-16,CVE-2025-9838,9.8,2025-09-05T17:38:42.373
CVE-2025-9822,0.000390000,0.114980000,0.4097639981490051,2025-12-16,2025-12-16,CVE-2025-9822,5.5,2025-09-04T15:36:56.447
CVE-2025-9821,0.000280000,0.073700000,0.3125867653863952,2025-12-16,2025-12-16,CVE-2025-9821,2.7,2025-09-04T15:36:56.447
CVE-2025-9817,0.000200000,0.046920000,0.24086071263304026,2025-12-16,2025-12-16,CVE-2025-9817,7.5,2025-12-05T16:26:10.933
CVE-2025-9785,0.000490000,0.152390000,0.6503933364183249,2025-12-16,2025-12-16,CVE-2025-9785,,2025-09-04T15:36:56.447
CVE-2025-9378,0.000430000,0.129070000,0.5279962980101804,2025-12-16,2025-12-16,CVE-2025-9378,6.4,2025-09-04T15:36:56.447
CVE-2025-9260,0.001940000,0.415620000,0.9220268394261916,2025-12-16,2025-12-16,CVE-2025-9260,6.5,2025-09-04T15:36:56.447
CVE-2025-9219,0.000370000,0.107680000,0.36742248958815366,2025-12-16,2025-12-16,CVE-2025-9219,4.3,2025-09-04T15:36:56.447
CVE-2025-8663,0.000480000,0.149970000,0.6385932438685794,2025-12-16,2025-12-16,CVE-2025-8663,6.5,2025-11-26T16:27:53.490
CVE-2025-7039,0.000930000,0.267290000,0.8537714021286441,2025-12-16,2025-12-16,CVE-2025-7039,3.7,2025-09-04T15:36:56.447
CVE-2025-58351,0.000450000,0.139860000,0.561082832022212,2025-12-16,2025-12-16,CVE-2025-58351,6.8,2025-10-20T18:46:57.850
CVE-2025-58272,0.000090000,0.007050000,0.03077279037482647,2025-12-16,2025-12-16,CVE-2025-58272,3.7,2025-09-04T15:36:56.447
CVE-2025-58210,0.000420000,0.125880000,0.4872744099953725,2025-12-16,2025-12-16,CVE-2025-58210,5.3,2025-09-04T15:36:56.447
CVE-2025-58176,0.002370000,0.467740000,0.9354465525219806,2025-12-16,2025-12-16,CVE-2025-58176,8.8,2025-09-11T21:20:57.600
CVE-2025-58163,0.003360000,0.559640000,0.950023137436372,2025-12-16,2025-12-16,CVE-2025-58163,8.8,2025-09-08T15:03:47.560
CVE-2025-57806,0.000050000,0.001970000,0.0034706154558074966,2025-12-16,2025-12-16,CVE-2025-57806,,2025-09-04T15:36:56.447
CVE-2025-54588,0.000080000,0.005420000,0.025451180009254976,2025-12-16,2025-12-16,CVE-2025-54588,7.5,2025-09-08T15:19:04.350
CVE-2025-53694,0.000630000,0.197670000,0.7700138824618232,2025-12-16,2025-12-16,CVE-2025-53694,7.5,2025-09-08T18:11:15.357
CVE-2025-53693,0.001560000,0.369070000,0.9060620083294771,2025-12-16,2025-12-16,CVE-2025-53693,9.8,2025-09-08T18:28:13.110
CVE-2025-53691,0.011670000,0.781030000,0.9817214252660805,2025-12-16,2025-12-16,CVE-2025-53691,8.8,2025-09-08T18:30:40.133
CVE-2025-47421,0.000610000,0.191910000,0.7570569180934752,2025-12-16,2025-12-16,CVE-2025-47421,,2025-09-04T15:36:56.447
CVE-2025-41000,0.000610000,0.192700000,0.7570569180934752,2025-12-16,2025-12-16,CVE-2025-41000,,2025-09-04T15:36:56.447
CVE-2025-38678,0.000180000,0.036050000,0.15131883387320685,2025-12-16,2025-12-16,CVE-2025-38678,5.5,2025-12-06T22:15:51.587
CVE-2025-3701,0.000390000,0.116660000,0.4097639981490051,2025-12-16,2025-12-16,CVE-2025-3701,4.3,2025-09-04T15:36:56.447
CVE-2025-26416,0.001160000,0.311360000,0.8859324386857936,2025-12-16,2025-12-16,CVE-2025-26416,9.8,2025-09-04T16:37:27.790
CVE-2025-26210,0.000780000,0.235060000,0.8273947246645071,2025-12-16,2025-12-16,CVE-2025-26210,8.8,2025-09-26T13:58:31.357
CVE-2025-2416,0.000980000,0.276080000,0.8623322535863026,2025-12-16,2025-12-16,CVE-2025-2416,8.6,2025-09-04T15:36:56.447
CVE-2025-2415,0.000980000,0.276080000,0.8623322535863026,2025-12-16,2025-12-16,CVE-2025-2415,8.6,2025-09-04T15:36:56.447
CVE-2025-22442,0.000030000,0.001110000,0.0011568718186024988,2025-12-16,2025-12-16,CVE-2025-22442,7.0,2025-09-04T16:37:40.630
CVE-2025-22439,0.000040000,0.001360000,0.0013882461823229986,2025-12-16,2025-12-16,CVE-2025-22439,7.3,2025-09-04T16:37:34.810
CVE-2025-22438,0.000050000,0.002300000,0.0034706154558074966,2025-12-16,2025-12-16,CVE-2025-22438,7.8,2025-09-04T16:37:48.160
CVE-2025-22437,0.000070000,0.003520000,0.015964831096714482,2025-12-16,2025-12-16,CVE-2025-22437,7.8,2025-09-04T16:37:56.803
CVE-2025-22435,0.000280000,0.070540000,0.3125867653863952,2025-12-16,2025-12-16,CVE-2025-22435,9.8,2025-09-04T16:38:05.697
CVE-2025-22434,0.000070000,0.003520000,0.015964831096714482,2025-12-16,2025-12-16,CVE-2025-22434,7.8,2025-09-04T16:38:14.710
CVE-2025-22433,0.000090000,0.006790000,0.03077279037482647,2025-12-16,2025-12-16,CVE-2025-22433,7.8,2025-09-04T16:38:21.577
CVE-2025-22431,0.000070000,0.003420000,0.015964831096714482,2025-12-16,2025-12-16,CVE-2025-22431,5.5,2025-09-04T16:39:07.903
CVE-2025-22430,0.000050000,0.001870000,0.0034706154558074966,2025-12-16,2025-12-16,CVE-2025-22430,5.5,2025-09-04T16:38:27.680
CVE-2025-22429,0.000360000,0.101810000,0.3486811661267932,2025-12-16,2025-12-16,CVE-2025-22429,9.8,2025-09-04T16:39:18.600
CVE-2025-22428,0.000040000,0.001750000,0.0013882461823229986,2025-12-16,2025-12-16,CVE-2025-22428,7.8,2025-09-04T16:39:12.667
CVE-2025-22427,0.000050000,0.002170000,0.0034706154558074966,2025-12-16,2025-12-16,CVE-2025-22427,7.3,2025-09-04T16:39:24.680
CVE-2025-22423,0.001510000,0.363280000,0.9035168903285516,2025-12-16,2025-12-16,CVE-2025-22423,7.5,2025-09-04T16:39:29.267
CVE-2025-22422,0.000090000,0.006810000,0.03077279037482647,2025-12-16,2025-12-16,CVE-2025-22422,7.8,2025-09-04T16:39:34.760
CVE-2025-22421,0.000050000,0.001810000,0.0034706154558074966,2025-12-16,2025-12-16,CVE-2025-22421,5.5,2025-09-04T16:39:43.093
CVE-2025-22419,0.000040000,0.001360000,0.0013882461823229986,2025-12-16,2025-12-16,CVE-2025-22419,7.3,2025-09-04T16:39:48.287
CVE-2025-21041,0.000180000,0.039790000,0.15131883387320685,2025-12-16,2025-12-16,CVE-2025-21041,5.5,2025-09-19T20:13:14.480
CVE-2025-21040,0.000210000,0.049180000,0.26862563627950026,2025-12-16,2025-12-16,CVE-2025-21040,3.3,2025-09-05T16:43:58.663
CVE-2025-21039,0.000210000,0.049180000,0.26862563627950026,2025-12-16,2025-12-16,CVE-2025-21039,3.3,2025-09-05T16:49:12.003
CVE-2025-21038,0.000210000,0.049180000,0.26862563627950026,2025-12-16,2025-12-16,CVE-2025-21038,3.3,2025-09-05T16:52:00.727
CVE-2025-21037,0.000210000,0.049440000,0.26862563627950026,2025-12-16,2025-12-16,CVE-2025-21037,4.3,2025-09-09T16:22:16.267
CVE-2025-21036,0.000150000,0.025460000,0.05529847292919945,2025-12-16,2025-12-16,CVE-2025-21036,5.0,2025-09-09T16:22:42.107
CVE-2025-21035,0.000240000,0.055990000,0.2940768162887552,2025-12-16,2025-12-16,CVE-2025-21035,4.6,2025-09-29T18:23:48.250
CVE-2025-21034,0.000180000,0.036510000,0.15131883387320685,2025-12-16,2025-12-16,CVE-2025-21034,7.8,2025-09-11T21:23:51.530
CVE-2025-21033,0.000180000,0.038080000,0.15131883387320685,2025-12-16,2025-12-16,CVE-2025-21033,5.5,2025-09-11T21:23:42.060
CVE-2025-21032,0.000250000,0.059140000,0.2998611753817677,2025-12-16,2025-12-16,CVE-2025-21032,6.8,2025-09-11T21:23:27.173
CVE-2025-21031,0.000200000,0.046120000,0.24086071263304026,2025-12-16,2025-12-16,CVE-2025-21031,6.8,2025-09-05T16:40:29.537
CVE-2025-21030,0.000230000,0.055650000,0.2892179546506247,2025-12-16,2025-12-16,CVE-2025-21030,4.3,2025-09-04T15:36:56.447
CVE-2025-21029,0.000210000,0.049180000,0.26862563627950026,2025-12-16,2025-12-16,CVE-2025-21029,3.3,2025-09-11T21:22:53.583
CVE-2025-21028,0.000200000,0.046000000,0.24086071263304026,2025-12-16,2025-12-16,CVE-2025-21028,5.5,2025-09-11T21:22:12.790
CVE-2025-21027,0.000230000,0.053040000,0.2892179546506247,2025-12-16,2025-12-16,CVE-2025-21027,4.4,2025-09-11T21:21:13.930
CVE-2025-21026,0.000210000,0.049550000,0.26862563627950026,2025-12-16,2025-12-16,CVE-2025-21026,3.3,2025-09-11T21:21:25.810
CVE-2025-21025,0.000220000,0.049970000,0.2834335955576122,2025-12-16,2025-12-16,CVE-2025-21025,4.4,2025-09-11T21:20:31.480
CVE-2025-1740,0.001000000,0.284770000,0.8683479870430356,2025-12-16,2025-12-16,CVE-2025-1740,9.8,2025-09-04T15:36:56.447
CVE-2025-0878,0.000570000,0.178140000,0.7279037482646923,2025-12-16,2025-12-16,CVE-2025-0878,4.7,2025-09-04T15:36:56.447
CVE-2024-43166,0.000940000,0.267670000,0.8556223970384081,2025-12-16,2025-12-16,CVE-2024-43166,9.8,2025-11-04T22:16:03.300
CVE-2024-43115,0.000680000,0.210100000,0.7970846830171217,2025-12-16,2025-12-16,CVE-2024-43115,8.8,2025-11-04T22:16:03.113
CVE-2024-32444,0.000580000,0.183760000,0.7376214715409533,2025-12-16,2025-12-16,CVE-2024-32444,9.8,2025-09-04T15:36:56.447
CVE-2024-13068,0.000250000,0.060690000,0.2998611753817677,2025-12-16,2025-12-16,CVE-2024-13068,7.3,2025-09-04T15:36:56.447
CVE-2024-13066,0.000360000,0.103520000,0.3486811661267932,2025-12-16,2025-12-16,CVE-2024-13066,4.3,2025-09-04T15:36:56.447
CVE-2024-13065,0.000430000,0.130580000,0.5279962980101804,2025-12-16,2025-12-16,CVE-2024-13065,6.3,2025-09-04T15:36:56.447
CVE-2024-13064,0.000420000,0.124970000,0.4872744099953725,2025-12-16,2025-12-16,CVE-2024-13064,4.3,2025-09-04T15:36:56.447
CVE-2024-13063,0.000470000,0.146950000,0.6291068949560389,2025-12-16,2025-12-16,CVE-2024-13063,6.8,2025-09-04T15:36:56.447
CVE-2023-3666,0.000400000,0.118830000,0.4701527070800555,2025-12-16,2025-12-16,CVE-2023-3666,3.3,2025-09-04T15:36:56.447
CVE-2023-21483,0.000170000,0.032270000,0.09093012494215641,2025-12-16,2025-12-16,CVE-2023-21483,5.5,2025-09-09T16:23:40.953
CVE-2023-21482,0.000220000,0.052450000,0.2834335955576122,2025-12-16,2025-12-16,CVE-2023-21482,4.6,2025-10-01T20:40:12.210
CVE-2023-21481,0.000720000,0.222390000,0.8114298935677927,2025-12-16,2025-12-16,CVE-2023-21481,7.5,2025-10-01T20:41:03.650
CVE-2023-21480,0.000390000,0.113210000,0.4097639981490051,2025-12-16,2025-12-16,CVE-2023-21480,7.8,2025-09-19T20:33:52.943
CVE-2023-21479,0.000880000,0.257100000,0.8465987968533086,2025-12-16,2025-12-16,CVE-2023-21479,5.3,2025-09-04T15:36:56.447
CVE-2023-21478,0.000260000,0.063050000,0.3040259139287367,2025-12-16,2025-12-16,CVE-2023-21478,5.5,2025-09-19T20:34:05.350
CVE-2023-21477,0.000170000,0.033030000,0.09093012494215641,2025-12-16,2025-12-16,CVE-2023-21477,7.9,2025-09-04T15:36:56.447
CVE-2023-21476,0.000200000,0.046090000,0.24086071263304026,2025-12-16,2025-12-16,CVE-2023-21476,7.8,2025-09-05T16:44:32.270
CVE-2023-21475,0.000200000,0.046090000,0.24086071263304026,2025-12-16,2025-12-16,CVE-2023-21475,7.8,2025-09-05T16:45:04.773
CVE-2023-21474,0.000160000,0.028880000,0.06293382693197594,2025-12-16,2025-12-16,CVE-2023-21474,7.1,2025-09-19T20:36:06.023
CVE-2023-21473,0.000650000,0.203080000,0.7841277186487737,2025-12-16,2025-12-16,CVE-2023-21473,6.8,2025-09-05T16:45:40.743
CVE-2023-21472,0.000650000,0.203080000,0.7841277186487737,2025-12-16,2025-12-16,CVE-2023-21472,6.8,2025-09-05T16:46:00.447
CVE-2023-21471,0.000210000,0.049550000,0.26862563627950026,2025-12-16,2025-12-16,CVE-2023-21471,3.3,2025-09-05T16:46:21.070
CVE-2023-21470,0.000210000,0.049550000,0.26862563627950026,2025-12-16,2025-12-16,CVE-2023-21470,3.3,2025-09-19T20:36:42.210
CVE-2023-21469,0.000210000,0.049550000,0.26862563627950026,2025-12-16,2025-12-16,CVE-2023-21469,3.3,2025-09-19T20:36:54.527
CVE-2023-21468,0.000180000,0.037260000,0.15131883387320685,2025-12-16,2025-12-16,CVE-2023-21468,7.8,2025-09-19T20:37:04.000
CVE-2023-21467,0.000960000,0.273100000,0.8581675150393336,2025-12-16,2025-12-16,CVE-2023-21467,9.8,2025-09-08T14:58:47.333
CVE-2023-21466,0.000120000,0.012320000,0.040953262378528456,2025-12-16,2025-12-16,CVE-2023-21466,3.3,2025-09-08T15:02:31.317
CVE-2014-125127,0.000560000,0.176460000,0.7221193891716797,2025-12-16,2025-12-16,CVE-2014-125127,7.5,2025-09-04T15:36:56.447
CVE-2025-9959,0.000570000,0.177980000,0.7279037482646923,2025-12-16,2025-12-16,CVE-2025-9959,7.6,2025-09-04T15:35:29.497
CVE-2025-9926,0.000370000,0.107380000,0.36742248958815366,2025-12-16,2025-12-16,CVE-2025-9926,9.8,2025-09-08T16:46:58.010
CVE-2025-9925,0.000390000,0.114110000,0.4097639981490051,2025-12-16,2025-12-16,CVE-2025-9925,9.8,2025-09-08T16:47:17.650
CVE-2025-9924,0.000390000,0.114110000,0.4097639981490051,2025-12-16,2025-12-16,CVE-2025-9924,9.8,2025-09-08T16:43:02.070
CVE-2025-9923,0.000570000,0.177590000,0.7279037482646923,2025-12-16,2025-12-16,CVE-2025-9923,6.1,2025-09-08T16:42:51.653
CVE-2025-9922,0.000480000,0.148500000,0.6385932438685794,2025-12-16,2025-12-16,CVE-2025-9922,6.1,2025-09-09T15:43:27.150
CVE-2025-9921,0.000360000,0.101640000,0.3486811661267932,2025-12-16,2025-12-16,CVE-2025-9921,5.4,2025-09-09T15:43:13.497
CVE-2025-9920,0.000560000,0.177260000,0.7221193891716797,2025-12-16,2025-12-16,CVE-2025-9920,7.2,2025-09-09T15:42:48.693
CVE-2025-9919,0.000390000,0.114110000,0.4097639981490051,2025-12-16,2025-12-16,CVE-2025-9919,9.8,2025-09-10T18:04:23.810
CVE-2025-9867,0.000380000,0.111600000,0.4012031466913466,2025-12-16,2025-12-16,CVE-2025-9867,5.4,2025-09-04T16:12:58.900
CVE-2025-9866,0.000580000,0.180940000,0.7376214715409533,2025-12-16,2025-12-16,CVE-2025-9866,8.8,2025-09-04T16:12:56.293
CVE-2025-9865,0.000380000,0.111600000,0.4012031466913466,2025-12-16,2025-12-16,CVE-2025-9865,5.4,2025-09-04T16:12:54.513
CVE-2025-9824,0.000600000,0.187790000,0.7515039333641832,2025-12-16,2025-12-16,CVE-2025-9824,5.9,2025-09-04T15:35:29.497
CVE-2025-9823,0.000700000,0.215140000,0.8010180472003702,2025-12-16,2025-12-16,CVE-2025-9823,,2025-09-04T15:35:29.497
CVE-2025-9365,0.001390000,0.345730000,0.8998149005090236,2025-12-16,2025-12-16,CVE-2025-9365,7.8,2025-09-04T15:35:29.497
CVE-2025-58644,0.000660000,0.204740000,0.7873669597408607,2025-12-16,2025-12-16,CVE-2025-58644,7.2,2025-09-04T15:35:29.497
CVE-2025-58643,0.000660000,0.204740000,0.7873669597408607,2025-12-16,2025-12-16,CVE-2025-58643,7.2,2025-09-04T15:35:29.497
CVE-2025-58642,0.000660000,0.204740000,0.7873669597408607,2025-12-16,2025-12-16,CVE-2025-58642,7.2,2025-09-04T15:35:29.497
CVE-2025-58641,0.000400000,0.119210000,0.4701527070800555,2025-12-16,2025-12-16,CVE-2025-58641,5.4,2025-09-04T15:35:29.497
CVE-2025-58640,0.000450000,0.138340000,0.561082832022212,2025-12-16,2025-12-16,CVE-2025-58640,6.5,2025-09-04T15:35:29.497
CVE-2025-58639,0.000530000,0.166880000,0.6982878297084683,2025-12-16,2025-12-16,CVE-2025-58639,5.4,2025-09-04T15:35:29.497
CVE-2025-58637,0.001700000,0.387690000,0.9113836186950486,2025-12-16,2025-12-16,CVE-2025-58637,7.5,2025-09-04T15:35:29.497
CVE-2025-58635,0.000420000,0.125880000,0.4872744099953725,2025-12-16,2025-12-16,CVE-2025-58635,5.3,2025-09-04T15:35:29.497
CVE-2025-58634,0.000420000,0.125880000,0.4872744099953725,2025-12-16,2025-12-16,CVE-2025-58634,5.3,2025-09-04T15:35:29.497
CVE-2025-58633,0.000450000,0.138340000,0.561082832022212,2025-12-16,2025-12-16,CVE-2025-58633,6.5,2025-09-04T15:35:29.497
CVE-2025-58632,0.000450000,0.138340000,0.561082832022212,2025-12-16,2025-12-16,CVE-2025-58632,6.5,2025-09-04T15:35:29.497
CVE-2025-58631,0.000420000,0.124970000,0.4872744099953725,2025-12-16,2025-12-16,CVE-2025-58631,5.9,2025-09-04T15:35:29.497
CVE-2025-58630,0.000420000,0.124970000,0.4872744099953725,2025-12-16,2025-12-16,CVE-2025-58630,5.9,2025-09-04T15:35:29.497
CVE-2025-58626,0.000450000,0.138340000,0.561082832022212,2025-12-16,2025-12-16,CVE-2025-58626,6.5,2025-09-04T15:35:29.497
CVE-2025-58625,0.000420000,0.124970000,0.4872744099953725,2025-12-16,2025-12-16,CVE-2025-58625,5.9,2025-09-04T15:35:29.497
CVE-2025-58624,0.000450000,0.138340000,0.561082832022212,2025-12-16,2025-12-16,CVE-2025-58624,6.5,2025-09-04T15:35:29.497
CVE-2025-58623,0.000450000,0.138340000,0.561082832022212,2025-12-16,2025-12-16,CVE-2025-58623,6.5,2025-09-04T15:35:29.497
CVE-2025-58622,0.000390000,0.116660000,0.4097639981490051,2025-12-16,2025-12-16,CVE-2025-58622,4.3,2025-09-04T15:35:29.497
CVE-2025-58621,0.000450000,0.138340000,0.561082832022212,2025-12-16,2025-12-16,CVE-2025-58621,6.5,2025-09-04T15:35:29.497
CVE-2025-58620,0.000450000,0.138340000,0.561082832022212,2025-12-16,2025-12-16,CVE-2025-58620,6.5,2025-09-04T15:35:29.497
CVE-2025-58618,0.000450000,0.138340000,0.561082832022212,2025-12-16,2025-12-16,CVE-2025-58618,6.5,2025-09-04T15:35:29.497
CVE-2025-58617,0.000390000,0.116660000,0.4097639981490051,2025-12-16,2025-12-16,CVE-2025-58617,4.3,2025-09-04T15:35:29.497
CVE-2025-58616,0.000550000,0.171630000,0.7142526608051828,2025-12-16,2025-12-16,CVE-2025-58616,6.5,2025-09-04T15:35:29.497
CVE-2025-58615,0.000350000,0.097690000,0.33896344285053215,2025-12-16,2025-12-16,CVE-2025-58615,4.4,2025-09-04T15:35:29.497
CVE-2025-58614,0.000450000,0.138340000,0.561082832022212,2025-12-16,2025-12-16,CVE-2025-58614,6.5,2025-09-04T15:35:29.497
CVE-2025-58613,0.000420000,0.127380000,0.4872744099953725,2025-12-16,2025-12-16,CVE-2025-58613,5.3,2025-09-04T15:35:29.497
CVE-2025-58612,0.000450000,0.138340000,0.561082832022212,2025-12-16,2025-12-16,CVE-2025-58612,6.5,2025-09-04T15:35:29.497
CVE-2025-58611,0.000200000,0.044440000,0.24086071263304026,2025-12-16,2025-12-16,CVE-2025-58611,4.3,2025-09-04T15:35:29.497
CVE-2025-58610,0.000450000,0.138340000,0.561082832022212,2025-12-16,2025-12-16,CVE-2025-58610,6.5,2025-09-04T15:35:29.497
CVE-2025-58609,0.000450000,0.138340000,0.561082832022212,2025-12-16,2025-12-16,CVE-2025-58609,6.5,2025-09-04T15:35:29.497
CVE-2025-58608,0.001700000,0.387690000,0.9113836186950486,2025-12-16,2025-12-16,CVE-2025-58608,7.5,2025-09-04T15:35:29.497
CVE-2025-58607,0.000450000,0.138340000,0.561082832022212,2025-12-16,2025-12-16,CVE-2025-58607,6.5,2025-09-04T15:35:29.497
CVE-2025-58606,0.000390000,0.116660000,0.4097639981490051,2025-12-16,2025-12-16,CVE-2025-58606,5.0,2025-09-04T15:35:29.497
CVE-2025-58605,0.000450000,0.138340000,0.561082832022212,2025-12-16,2025-12-16,CVE-2025-58605,6.5,2025-09-04T15:35:29.497
CVE-2025-58604,0.000410000,0.122460000,0.475937066173068,2025-12-16,2025-12-16,CVE-2025-58604,7.6,2025-09-04T15:35:29.497
CVE-2025-58603,0.000420000,0.125880000,0.4872744099953725,2025-12-16,2025-12-16,CVE-2025-58603,5.3,2025-09-04T15:35:29.497
CVE-2025-58602,0.000450000,0.138340000,0.561082832022212,2025-12-16,2025-12-16,CVE-2025-58602,6.5,2025-09-04T15:35:29.497
CVE-2025-58601,0.000390000,0.116660000,0.4097639981490051,2025-12-16,2025-12-16,CVE-2025-58601,4.3,2025-09-04T15:35:29.497
CVE-2025-58600,0.000600000,0.187510000,0.7515039333641832,2025-12-16,2025-12-16,CVE-2025-58600,5.3,2025-09-04T15:35:29.497
CVE-2025-58599,0.000390000,0.116660000,0.4097639981490051,2025-12-16,2025-12-16,CVE-2025-58599,4.3,2025-09-04T15:35:29.497
CVE-2025-58598,0.000420000,0.127740000,0.4872744099953725,2025-12-16,2025-12-16,CVE-2025-58598,6.6,2025-09-04T15:35:29.497
CVE-2025-58597,0.000530000,0.166880000,0.6982878297084683,2025-12-16,2025-12-16,CVE-2025-58597,4.3,2025-09-04T15:35:29.497
CVE-2025-58596,0.000420000,0.124970000,0.4872744099953725,2025-12-16,2025-12-16,CVE-2025-58596,5.9,2025-09-04T15:35:29.497
CVE-2025-58594,0.000390000,0.116660000,0.4097639981490051,2025-12-16,2025-12-16,CVE-2025-58594,4.3,2025-09-04T15:35:29.497
CVE-2025-58593,0.000450000,0.138340000,0.561082832022212,2025-12-16,2025-12-16,CVE-2025-58593,6.5,2025-09-04T15:35:29.497
CVE-2025-58460,0.000380000,0.111480000,0.4012031466913466,2025-12-16,2025-12-16,CVE-2025-58460,4.2,2025-11-04T22:16:34.507
CVE-2025-58459,0.000500000,0.156420000,0.6753817677001388,2025-12-16,2025-12-16,CVE-2025-58459,4.3,2025-11-04T22:16:34.370
CVE-2025-58458,0.000640000,0.199130000,0.7783433595557612,2025-12-16,2025-12-16,CVE-2025-58458,4.3,2025-11-04T22:16:34.240
CVE-2025-57833,0.000130000,0.015920000,0.04349838037945396,2025-12-16,2025-12-16,CVE-2025-57833,8.1,2025-11-04T22:16:31.930
CVE-2025-57151,0.000710000,0.218610000,0.8047200370198982,2025-12-16,2025-12-16,CVE-2025-57151,8.8,2025-09-04T17:51:51.447
CVE-2025-57150,0.000840000,0.248920000,0.8391948172142527,2025-12-16,2025-12-16,CVE-2025-57150,7.2,2025-09-04T17:51:46.387
CVE-2025-57149,0.000390000,0.113040000,0.4097639981490051,2025-12-16,2025-12-16,CVE-2025-57149,6.5,2025-09-04T17:51:40.233
CVE-2025-57148,0.000750000,0.228530000,0.8169828782970847,2025-12-16,2025-12-16,CVE-2025-57148,9.1,2025-09-04T17:50:12.477
CVE-2025-57147,0.000430000,0.130000000,0.5279962980101804,2025-12-16,2025-12-16,CVE-2025-57147,7.5,2025-09-08T17:18:49.497
CVE-2025-57146,0.000380000,0.111440000,0.4012031466913466,2025-12-16,2025-12-16,CVE-2025-57146,8.1,2025-09-08T17:25:56.817
CVE-2025-57052,0.001350000,0.339710000,0.8981952799629801,2025-12-16,2025-12-16,CVE-2025-57052,9.8,2025-11-03T19:16:12.460
CVE-2025-56803,0.001540000,0.366860000,0.9049051365108746,2025-12-16,2025-12-16,CVE-2025-56803,8.4,2025-09-26T14:02:46.583
CVE-2025-56761,0.000520000,0.163510000,0.6929662193428968,2025-12-16,2025-12-16,CVE-2025-56761,5.4,2025-09-09T18:27:28.537
CVE-2025-56760,0.000770000,0.234670000,0.8255437297547432,2025-12-16,2025-12-16,CVE-2025-56760,4.3,2025-09-09T18:30:48.923
CVE-2025-56752,0.002810000,0.512010000,0.9421564090698751,2025-12-16,2025-12-16,CVE-2025-56752,9.4,2025-09-29T18:36:43.327
CVE-2025-56689,0.000540000,0.171080000,0.7084683017121703,2025-12-16,2025-12-16,CVE-2025-56689,4.6,2025-09-16T16:15:42.230
CVE-2025-56608,0.000530000,0.165390000,0.6982878297084683,2025-12-16,2025-12-16,CVE-2025-56608,4.2,2025-09-08T17:40:36.713
CVE-2025-56498,0.034740000,0.871600000,0.99074502545118,2025-12-16,2025-12-16,CVE-2025-56498,5.3,2025-09-09T15:58:46.043
CVE-2025-56435,0.001350000,0.339470000,0.8981952799629801,2025-12-16,2025-12-16,CVE-2025-56435,5.3,2025-09-09T15:59:26.683
CVE-2025-56139,0.000500000,0.155640000,0.6753817677001388,2025-12-16,2025-12-16,CVE-2025-56139,5.3,2025-09-08T18:37:24.330
CVE-2025-55944,0.000920000,0.264350000,0.8528459046737622,2025-12-16,2025-12-16,CVE-2025-55944,6.1,2025-09-09T16:04:57.400
CVE-2025-55852,0.000770000,0.232510000,0.8255437297547432,2025-12-16,2025-12-16,CVE-2025-55852,7.5,2025-09-08T14:03:07.520
CVE-2025-55748,0.013450000,0.795520000,0.9831096714484036,2025-12-16,2025-12-16,CVE-2025-55748,7.5,2025-09-10T17:24:13.273
CVE-2025-55747,0.045320000,0.887640000,0.9916705229060621,2025-12-16,2025-12-16,CVE-2025-55747,9.1,2025-09-10T17:47:28.840
CVE-2025-55162,0.000070000,0.004590000,0.015964831096714482,2025-12-16,2025-12-16,CVE-2025-55162,8.8,2025-09-08T18:42:05.630
CVE-2025-53690,0.085350000,0.920690000,0.994447015270708,2025-12-16,2025-12-16,CVE-2025-53690,9.0,2025-10-30T20:39:16.593
CVE-2025-52494,0.000630000,0.197440000,0.7700138824618232,2025-12-16,2025-12-16,CVE-2025-52494,7.5,2025-09-08T18:50:48.793
CVE-2025-45805,0.000550000,0.172270000,0.7142526608051828,2025-12-16,2025-12-16,CVE-2025-45805,7.6,2025-09-08T18:57:54.867
CVE-2025-36193,0.000170000,0.034030000,0.09093012494215641,2025-12-16,2025-12-16,CVE-2025-36193,6.7,2025-09-29T18:35:52.077
CVE-2025-20336,0.000210000,0.049650000,0.26862563627950026,2025-12-16,2025-12-16,CVE-2025-20336,5.3,2025-09-04T15:35:29.497
CVE-2025-20335,0.000510000,0.160450000,0.6850994909763998,2025-12-16,2025-12-16,CVE-2025-20335,5.3,2025-09-04T15:35:29.497
CVE-2025-20330,0.000540000,0.171000000,0.7084683017121703,2025-12-16,2025-12-16,CVE-2025-20330,6.1,2025-09-10T17:36:51.947
CVE-2025-20328,0.000490000,0.153410000,0.6503933364183249,2025-12-16,2025-12-16,CVE-2025-20328,5.4,2025-09-10T17:54:12.020
CVE-2025-20326,0.000300000,0.078300000,0.3216103655714947,2025-12-16,2025-12-16,CVE-2025-20326,8.8,2025-09-10T18:03:13.847
CVE-2025-20291,0.000310000,0.083040000,0.32577510411846367,2025-12-16,2025-12-16,CVE-2025-20291,6.1,2025-09-09T18:06:53.997
CVE-2025-20287,0.000600000,0.188350000,0.7515039333641832,2025-12-16,2025-12-16,CVE-2025-20287,8.8,2025-09-09T18:11:59.287
CVE-2025-20280,0.000450000,0.140080000,0.561082832022212,2025-12-16,2025-12-16,CVE-2025-20280,4.8,2025-09-09T18:20:44.523
CVE-2025-20270,0.000550000,0.172170000,0.7142526608051828,2025-12-16,2025-12-16,CVE-2025-20270,6.5,2025-09-09T18:15:53.293
CVE-2025-0280,0.000160000,0.028560000,0.06293382693197594,2025-12-16,2025-12-16,CVE-2025-0280,7.5,2025-09-04T15:35:29.497
CVE-2025-9942,0.000480000,0.149700000,0.6385932438685794,2025-12-16,2025-12-16,CVE-2025-9942,8.8,2025-09-04T17:52:15.997
CVE-2025-9941,0.000480000,0.149700000,0.6385932438685794,2025-12-16,2025-12-16,CVE-2025-9941,8.8,2025-09-04T17:52:24.107
CVE-2025-9940,0.000370000,0.105910000,0.36742248958815366,2025-12-16,2025-12-16,CVE-2025-9940,5.4,2025-09-04T17:52:37.127
CVE-2025-9939,0.000370000,0.105910000,0.36742248958815366,2025-12-16,2025-12-16,CVE-2025-9939,5.4,2025-09-04T17:52:46.113
CVE-2025-9938,0.000910000,0.263810000,0.8509949097639982,2025-12-16,2025-12-16,CVE-2025-9938,8.8,2025-09-29T18:30:16.607
CVE-2025-9937,0.000510000,0.157850000,0.6850994909763998,2025-12-16,2025-12-16,CVE-2025-9937,5.4,2025-09-04T15:35:29.497
CVE-2025-9936,0.000350000,0.097600000,0.33896344285053215,2025-12-16,2025-12-16,CVE-2025-9936,4.3,2025-10-09T20:44:10.210
CVE-2025-9935,0.023970000,0.845790000,0.987968533086534,2025-12-16,2025-12-16,CVE-2025-9935,9.8,2025-09-29T18:32:03.733
CVE-2025-9934,0.021980000,0.839390000,0.987505784359093,2025-12-16,2025-12-16,CVE-2025-9934,9.8,2025-09-29T18:34:55.073
CVE-2025-9933,0.000390000,0.114110000,0.4097639981490051,2025-12-16,2025-12-16,CVE-2025-9933,9.8,2025-09-08T16:43:21.790
CVE-2025-9932,0.000370000,0.107380000,0.36742248958815366,2025-12-16,2025-12-16,CVE-2025-9932,9.8,2025-09-08T16:43:28.063
CVE-2025-9931,0.000470000,0.145490000,0.6291068949560389,2025-12-16,2025-12-16,CVE-2025-9931,6.1,2025-10-09T20:11:47.637
CVE-2025-9930,0.000370000,0.107380000,0.36742248958815366,2025-12-16,2025-12-16,CVE-2025-9930,9.8,2025-09-08T16:43:41.247
CVE-2025-9929,0.000440000,0.133570000,0.549976862563628,2025-12-16,2025-12-16,CVE-2025-9929,4.8,2025-09-08T16:45:40.747
CVE-2025-9928,0.000370000,0.107380000,0.36742248958815366,2025-12-16,2025-12-16,CVE-2025-9928,9.8,2025-09-05T16:39:50.020
CVE-2025-9927,0.000390000,0.114110000,0.4097639981490051,2025-12-16,2025-12-16,CVE-2025-9927,9.8,2025-09-05T16:40:07.910
CVE-2025-9616,0.000190000,0.042810000,0.2038408144377603,2025-12-16,2025-12-16,CVE-2025-9616,5.3,2025-09-04T15:35:29.497
CVE-2025-9519,0.003380000,0.560660000,0.950485886163813,2025-12-16,2025-12-16,CVE-2025-9519,7.2,2025-09-04T15:35:29.497
CVE-2025-9518,0.009380000,0.755820000,0.979639055992596,2025-12-16,2025-12-16,CVE-2025-9518,7.2,2025-09-04T15:35:29.497
CVE-2025-9517,0.003940000,0.596440000,0.9583526145303101,2025-12-16,2025-12-16,CVE-2025-9517,7.2,2025-09-04T15:35:29.497
CVE-2025-9516,0.000530000,0.164760000,0.6982878297084683,2025-12-16,2025-12-16,CVE-2025-9516,4.9,2025-09-04T15:35:29.497
CVE-2025-9467,0.001260000,0.326810000,0.8940305414160111,2025-12-16,2025-12-16,CVE-2025-9467,,2025-09-04T15:35:29.497
CVE-2025-8268,0.001150000,0.309590000,0.8845441925034706,2025-12-16,2025-12-16,CVE-2025-8268,6.5,2025-09-04T15:35:29.497
CVE-2025-7388,0.003460000,0.565790000,0.9521055067098565,2025-12-16,2025-12-16,CVE-2025-7388,8.4,2025-09-04T15:35:29.497
CVE-2025-7385,0.001850000,0.405480000,0.917167977788061,2025-12-16,2025-12-16,CVE-2025-7385,,2025-09-04T15:35:29.497
CVE-2025-6984,0.000590000,0.186880000,0.7457195742711707,2025-12-16,2025-12-16,CVE-2025-6984,7.5,2025-09-04T15:35:29.497
CVE-2025-6085,0.004180000,0.612120000,0.961129106894956,2025-12-16,2025-12-16,CVE-2025-6085,7.2,2025-09-04T15:35:29.497
CVE-2025-58358,0.001460000,0.356420000,0.9021286441462286,2025-12-16,2025-12-16,CVE-2025-58358,7.5,2025-09-04T15:35:29.497
CVE-2025-58357,0.000560000,0.176490000,0.7221193891716797,2025-12-16,2025-12-16,CVE-2025-58357,9.6,2025-09-04T15:35:29.497
CVE-2025-58355,0.000740000,0.226830000,0.8144377602961592,2025-12-16,2025-12-16,CVE-2025-58355,7.7,2025-09-04T15:35:29.497
CVE-2025-58064,0.001150000,0.309400000,0.8845441925034706,2025-12-16,2025-12-16,CVE-2025-58064,,2025-09-04T15:35:29.497
CVE-2025-58057,0.000340000,0.095790000,0.3322535863026377,2025-12-16,2025-12-16,CVE-2025-58057,7.5,2025-09-08T16:45:55.143
CVE-2025-58056,0.000240000,0.058410000,0.2940768162887552,2025-12-16,2025-12-16,CVE-2025-58056,7.5,2025-09-08T16:46:36.847
CVE-2025-57263,0.000450000,0.139040000,0.561082832022212,2025-12-16,2025-12-16,CVE-2025-57263,7.2,2025-09-18T16:51:13.593
CVE-2025-43772,0.005850000,0.683000000,0.9703840814437761,2025-12-16,2025-12-16,CVE-2025-43772,,2025-09-04T15:35:29.497
CVE-2025-41063,0.000390000,0.115950000,0.4097639981490051,2025-12-16,2025-12-16,CVE-2025-41063,5.4,2025-09-04T17:50:21.547
CVE-2025-41062,0.000390000,0.115950000,0.4097639981490051,2025-12-16,2025-12-16,CVE-2025-41062,5.4,2025-09-04T17:50:28.117
CVE-2025-41061,0.000390000,0.115950000,0.4097639981490051,2025-12-16,2025-12-16,CVE-2025-41061,5.4,2025-09-04T17:50:34.057
CVE-2025-41060,0.000390000,0.115950000,0.4097639981490051,2025-12-16,2025-12-16,CVE-2025-41060,5.4,2025-09-04T17:50:43.737
CVE-2025-41059,0.000390000,0.115950000,0.4097639981490051,2025-12-16,2025-12-16,CVE-2025-41059,5.4,2025-09-04T17:50:51.110
CVE-2025-41058,0.000390000,0.115950000,0.4097639981490051,2025-12-16,2025-12-16,CVE-2025-41058,5.4,2025-09-04T17:51:01.063
CVE-2025-41057,0.000390000,0.115950000,0.4097639981490051,2025-12-16,2025-12-16,CVE-2025-41057,5.4,2025-09-04T17:51:08.280
CVE-2025-41056,0.000390000,0.115950000,0.4097639981490051,2025-12-16,2025-12-16,CVE-2025-41056,5.4,2025-09-04T17:51:15.420
CVE-2025-41055,0.000390000,0.115950000,0.4097639981490051,2025-12-16,2025-12-16,CVE-2025-41055,5.4,2025-09-04T17:51:21.303
CVE-2025-41054,0.000390000,0.115950000,0.4097639981490051,2025-12-16,2025-12-16,CVE-2025-41054,5.4,2025-09-04T17:53:06.430
CVE-2025-41053,0.000390000,0.115950000,0.4097639981490051,2025-12-16,2025-12-16,CVE-2025-41053,5.4,2025-09-04T17:51:58.813
CVE-2025-41052,0.000390000,0.115950000,0.4097639981490051,2025-12-16,2025-12-16,CVE-2025-41052,5.4,2025-09-04T17:52:06.157
CVE-2025-41051,0.000390000,0.115950000,0.4097639981490051,2025-12-16,2025-12-16,CVE-2025-41051,5.4,2025-09-04T18:42:43.010
CVE-2025-41050,0.000390000,0.115950000,0.4097639981490051,2025-12-16,2025-12-16,CVE-2025-41050,5.4,2025-09-04T18:42:57.860
CVE-2025-41049,0.000390000,0.115950000,0.4097639981490051,2025-12-16,2025-12-16,CVE-2025-41049,5.4,2025-09-04T18:43:04.660
CVE-2025-41048,0.000390000,0.115950000,0.4097639981490051,2025-12-16,2025-12-16,CVE-2025-41048,5.4,2025-09-04T18:43:10.727
CVE-2025-41047,0.000390000,0.115950000,0.4097639981490051,2025-12-16,2025-12-16,CVE-2025-41047,5.4,2025-09-04T18:43:17.077
CVE-2025-41046,0.000390000,0.115950000,0.4097639981490051,2025-12-16,2025-12-16,CVE-2025-41046,5.4,2025-09-04T18:43:23.220
CVE-2025-41045,0.000390000,0.115950000,0.4097639981490051,2025-12-16,2025-12-16,CVE-2025-41045,5.4,2025-09-04T18:43:29.777
CVE-2025-41044,0.000390000,0.115950000,0.4097639981490051,2025-12-16,2025-12-16,CVE-2025-41044,5.4,2025-09-04T18:43:36.850
CVE-2025-41043,0.000390000,0.115950000,0.4097639981490051,2025-12-16,2025-12-16,CVE-2025-41043,5.4,2025-09-04T18:43:45.480
CVE-2025-41042,0.000390000,0.115950000,0.4097639981490051,2025-12-16,2025-12-16,CVE-2025-41042,5.4,2025-09-04T18:43:52.737
CVE-2025-41041,0.000390000,0.115950000,0.4097639981490051,2025-12-16,2025-12-16,CVE-2025-41041,5.4,2025-09-04T18:44:02.050
CVE-2025-41040,0.000390000,0.115950000,0.4097639981490051,2025-12-16,2025-12-16,CVE-2025-41040,5.4,2025-09-04T18:44:08.297
CVE-2025-41039,0.000390000,0.115950000,0.4097639981490051,2025-12-16,2025-12-16,CVE-2025-41039,5.4,2025-09-04T18:44:19.723
CVE-2025-41038,0.000390000,0.115950000,0.4097639981490051,2025-12-16,2025-12-16,CVE-2025-41038,5.4,2025-09-04T18:44:27.037
CVE-2025-41037,0.000390000,0.115950000,0.4097639981490051,2025-12-16,2025-12-16,CVE-2025-41037,5.4,2025-09-04T18:44:34.860
CVE-2025-41036,0.000390000,0.115950000,0.4097639981490051,2025-12-16,2025-12-16,CVE-2025-41036,5.4,2025-09-04T18:44:41.557
CVE-2025-41035,0.000450000,0.138850000,0.561082832022212,2025-12-16,2025-12-16,CVE-2025-41035,6.5,2025-09-04T18:44:52.747
CVE-2025-41034,0.000450000,0.139640000,0.561082832022212,2025-12-16,2025-12-16,CVE-2025-41034,9.8,2025-09-04T18:45:05.477
CVE-2025-41033,0.000450000,0.139640000,0.561082832022212,2025-12-16,2025-12-16,CVE-2025-41033,9.8,2025-09-04T18:45:25.733
CVE-2025-41032,0.000450000,0.139640000,0.561082832022212,2025-12-16,2025-12-16,CVE-2025-41032,9.8,2025-09-04T18:45:32.453
CVE-2025-36909,0.000200000,0.044010000,0.24086071263304026,2025-12-16,2025-12-16,CVE-2025-36909,5.3,2025-09-05T16:37:11.297
CVE-2025-36908,0.000080000,0.004850000,0.025451180009254976,2025-12-16,2025-12-16,CVE-2025-36908,6.7,2025-09-05T16:37:18.477
CVE-2025-36907,0.000090000,0.006000000,0.03077279037482647,2025-12-16,2025-12-16,CVE-2025-36907,7.3,2025-09-05T16:37:25.577
CVE-2025-36906,0.000080000,0.004760000,0.025451180009254976,2025-12-16,2025-12-16,CVE-2025-36906,7.8,2025-09-08T16:46:22.173
CVE-2025-36905,0.000100000,0.007800000,0.034706154558074964,2025-12-16,2025-12-16,CVE-2025-36905,7.8,2025-09-05T16:37:31.443
CVE-2025-36904,0.000290000,0.074720000,0.3167515039333642,2025-12-16,2025-12-16,CVE-2025-36904,9.8,2025-09-05T16:37:36.547
CVE-2025-36903,0.000080000,0.004760000,0.025451180009254976,2025-12-16,2025-12-16,CVE-2025-36903,7.8,2025-09-05T16:37:42.460
CVE-2025-36902,0.000080000,0.004850000,0.025451180009254976,2025-12-16,2025-12-16,CVE-2025-36902,6.7,2025-09-05T16:37:51.477
CVE-2025-36901,0.000180000,0.036200000,0.15131883387320685,2025-12-16,2025-12-16,CVE-2025-36901,8.8,2025-09-05T16:38:04.860
CVE-2025-36900,0.000080000,0.004850000,0.025451180009254976,2025-12-16,2025-12-16,CVE-2025-36900,6.7,2025-09-05T16:38:11.317
CVE-2025-36899,0.000080000,0.005590000,0.025451180009254976,2025-12-16,2025-12-16,CVE-2025-36899,8.4,2025-09-05T16:38:22.310
CVE-2025-36898,0.000100000,0.007800000,0.034706154558074964,2025-12-16,2025-12-16,CVE-2025-36898,7.8,2025-09-05T16:38:27.463
CVE-2025-36897,0.001870000,0.407260000,0.9190189726978251,2025-12-16,2025-12-16,CVE-2025-36897,9.8,2025-09-05T16:38:32.233
CVE-2025-36896,0.000290000,0.074720000,0.3167515039333642,2025-12-16,2025-12-16,CVE-2025-36896,9.8,2025-09-05T16:38:40.553
CVE-2025-36895,0.000210000,0.049540000,0.26862563627950026,2025-12-16,2025-12-16,CVE-2025-36895,7.5,2025-09-05T16:38:46.360
CVE-2025-36894,0.002030000,0.426010000,0.9252660805182785,2025-12-16,2025-12-16,CVE-2025-36894,7.5,2025-09-05T16:38:51.837
CVE-2025-36893,0.000070000,0.003590000,0.015964831096714482,2025-12-16,2025-12-16,CVE-2025-36893,5.5,2025-09-05T16:38:57.910
CVE-2025-36892,0.000280000,0.070310000,0.3125867653863952,2025-12-16,2025-12-16,CVE-2025-36892,7.5,2025-09-05T16:39:03.253
CVE-2025-36891,0.000270000,0.068080000,0.3098102730217492,2025-12-16,2025-12-16,CVE-2025-36891,8.8,2025-09-05T16:39:08.087
CVE-2025-36890,0.000290000,0.074720000,0.3167515039333642,2025-12-16,2025-12-16,CVE-2025-36890,9.8,2025-09-29T23:03:48.843
CVE-2025-36887,0.000080000,0.004760000,0.025451180009254976,2025-12-16,2025-12-16,CVE-2025-36887,7.8,2025-09-05T16:39:25.790
CVE-2025-2694,0.000340000,0.094010000,0.3322535863026377,2025-12-16,2025-12-16,CVE-2025-2694,4.8,2025-09-10T17:15:33.390
CVE-2025-2667,0.000380000,0.111780000,0.4012031466913466,2025-12-16,2025-12-16,CVE-2025-2667,4.9,2025-09-10T17:19:28.017
CVE-2025-25048,0.000490000,0.151730000,0.6503933364183249,2025-12-16,2025-12-16,CVE-2025-25048,6.5,2025-12-02T21:36:35.033
CVE-2025-2417,0.000980000,0.276080000,0.8623322535863026,2025-12-16,2025-12-16,CVE-2025-2417,8.6,2025-09-04T15:35:29.497
CVE-2025-2411,0.000980000,0.276080000,0.8623322535863026,2025-12-16,2025-12-16,CVE-2025-2411,8.6,2025-09-04T15:35:29.497
CVE-2024-56190,0.000080000,0.005000000,0.025451180009254976,2025-12-16,2025-12-16,CVE-2024-56190,7.8,2025-09-05T16:39:31.230
CVE-2024-56189,0.000670000,0.208570000,0.7933826931975937,2025-12-16,2025-12-16,CVE-2024-56189,6.5,2025-09-26T17:19:42.197
CVE-2024-43184,0.000970000,0.275110000,0.8597871355853771,2025-12-16,2025-12-16,CVE-2024-43184,6.1,2025-12-02T21:33:55.763
CVE-2024-34598,0.000190000,0.041310000,0.2038408144377603,2025-12-16,2025-12-16,CVE-2024-34598,7.7,2025-09-04T15:35:29.497
CVE-2024-13073,0.000570000,0.178140000,0.7279037482646923,2025-12-16,2025-12-16,CVE-2024-13073,4.7,2025-09-04T15:35:29.497
CVE-2024-13071,0.000420000,0.124970000,0.4872744099953725,2025-12-16,2025-12-16,CVE-2024-13071,4.3,2025-09-04T15:35:29.497
CVE-2022-39888,0.000180000,0.037630000,0.15131883387320685,2025-12-16,2025-12-16,CVE-2022-39888,4.3,2025-09-04T15:35:29.497
CVE-2025-9636,0.000220000,0.050040000,0.2834335955576122,2025-12-16,2025-12-16,CVE-2025-9636,7.9,2025-09-11T21:26:47.250
CVE-2025-8311,0.015730000,0.810530000,0.984729291994447,2025-12-16,2025-12-16,CVE-2025-8311,,2025-09-11T15:15:38.867
CVE-2025-6785,0.000420000,0.124470000,0.4872744099953725,2025-12-16,2025-12-16,CVE-2025-6785,,2025-09-04T15:35:29.497
CVE-2025-57576,0.000390000,0.115950000,0.4097639981490051,2025-12-16,2025-12-16,CVE-2025-57576,5.4,2025-09-10T17:04:53.493
CVE-2025-38730,0.000180000,0.038510000,0.15131883387320685,2025-12-16,2025-12-16,CVE-2025-38730,7.8,2025-11-25T21:50:46.317
CVE-2025-38729,0.000490000,0.153250000,0.6503933364183249,2025-12-16,2025-12-16,CVE-2025-38729,,2025-11-03T18:16:38.067
CVE-2025-38728,0.000360000,0.104690000,0.3486811661267932,2025-12-16,2025-12-16,CVE-2025-38728,,2025-11-03T18:16:37.967
CVE-2025-38727,0.000490000,0.153250000,0.6503933364183249,2025-12-16,2025-12-16,CVE-2025-38727,,2025-11-03T18:16:37.840
CVE-2025-38726,0.000170000,0.033770000,0.09093012494215641,2025-12-16,2025-12-16,CVE-2025-38726,5.5,2025-11-25T21:50:39.817
CVE-2025-38725,0.000360000,0.104690000,0.3486811661267932,2025-12-16,2025-12-16,CVE-2025-38725,,2025-11-03T18:16:37.737
CVE-2025-38724,0.000710000,0.220020000,0.8047200370198982,2025-12-16,2025-12-16,CVE-2025-38724,,2025-11-03T18:16:37.637
CVE-2025-38723,0.000360000,0.104690000,0.3486811661267932,2025-12-16,2025-12-16,CVE-2025-38723,,2025-11-03T18:16:37.530
CVE-2025-38722,0.000180000,0.037150000,0.15131883387320685,2025-12-16,2025-12-16,CVE-2025-38722,7.8,2025-11-25T21:47:55.617
CVE-2025-38721,0.000490000,0.153250000,0.6503933364183249,2025-12-16,2025-12-16,CVE-2025-38721,,2025-11-03T18:16:37.420
CVE-2025-38720,0.000140000,0.017370000,0.04835724201758445,2025-12-16,2025-12-16,CVE-2025-38720,5.5,2025-11-25T21:47:46.150
CVE-2025-38719,0.000170000,0.034920000,0.09093012494215641,2025-12-16,2025-12-16,CVE-2025-38719,5.5,2025-12-02T20:05:31.550
CVE-2025-38718,0.000490000,0.153250000,0.6503933364183249,2025-12-16,2025-12-16,CVE-2025-38718,,2025-11-03T18:16:37.310
CVE-2025-38717,0.000130000,0.016930000,0.04349838037945396,2025-12-16,2025-12-16,CVE-2025-38717,4.7,2025-11-25T22:07:31.647
CVE-2025-38716,0.000170000,0.034120000,0.09093012494215641,2025-12-16,2025-12-16,CVE-2025-38716,5.5,2025-11-25T22:07:21.850
CVE-2025-38715,0.000490000,0.153250000,0.6503933364183249,2025-12-16,2025-12-16,CVE-2025-38715,,2025-11-03T18:16:37.200
CVE-2025-38714,0.000490000,0.153250000,0.6503933364183249,2025-12-16,2025-12-16,CVE-2025-38714,,2025-11-03T18:16:37.087
CVE-2025-38713,0.000490000,0.153250000,0.6503933364183249,2025-12-16,2025-12-16,CVE-2025-38713,,2025-11-03T18:16:36.970
CVE-2025-38712,0.000490000,0.153250000,0.6503933364183249,2025-12-16,2025-12-16,CVE-2025-38712,,2025-11-03T18:16:36.867
CVE-2025-38711,0.000360000,0.104690000,0.3486811661267932,2025-12-16,2025-12-16,CVE-2025-38711,,2025-11-03T18:16:36.760
CVE-2025-38710,0.000160000,0.028310000,0.06293382693197594,2025-12-16,2025-12-16,CVE-2025-38710,5.5,2025-11-25T22:07:05.383
CVE-2025-38709,0.000170000,0.034120000,0.09093012494215641,2025-12-16,2025-12-16,CVE-2025-38709,5.5,2025-12-03T20:00:20.867
CVE-2025-38708,0.000710000,0.220020000,0.8047200370198982,2025-12-16,2025-12-16,CVE-2025-38708,,2025-11-03T18:16:36.653
CVE-2025-38707,0.000360000,0.104690000,0.3486811661267932,2025-12-16,2025-12-16,CVE-2025-38707,,2025-11-03T18:16:36.550
CVE-2025-38706,0.000490000,0.153250000,0.6503933364183249,2025-12-16,2025-12-16,CVE-2025-38706,,2025-11-03T18:16:36.443
CVE-2025-38705,0.000160000,0.028310000,0.06293382693197594,2025-12-16,2025-12-16,CVE-2025-38705,5.5,2025-11-24T19:43:18.883
CVE-2025-38704,0.000170000,0.030930000,0.09093012494215641,2025-12-16,2025-12-16,CVE-2025-38704,7.8,2025-11-24T19:50:25.427
CVE-2025-38703,0.000180000,0.037150000,0.15131883387320685,2025-12-16,2025-12-16,CVE-2025-38703,7.8,2025-11-24T19:45:00.563
CVE-2025-38702,0.000450000,0.138880000,0.561082832022212,2025-12-16,2025-12-16,CVE-2025-38702,,2025-11-03T18:16:36.330
CVE-2025-38701,0.000490000,0.153250000,0.6503933364183249,2025-12-16,2025-12-16,CVE-2025-38701,,2025-11-03T18:16:36.223
CVE-2025-38700,0.000490000,0.153250000,0.6503933364183249,2025-12-16,2025-12-16,CVE-2025-38700,,2025-11-03T18:16:36.117
CVE-2025-38699,0.000490000,0.153250000,0.6503933364183249,2025-12-16,2025-12-16,CVE-2025-38699,,2025-11-03T18:16:36.003
CVE-2025-38698,0.000490000,0.153250000,0.6503933364183249,2025-12-16,2025-12-16,CVE-2025-38698,,2025-11-03T18:16:35.890
CVE-2025-38697,0.000490000,0.153250000,0.6503933364183249,2025-12-16,2025-12-16,CVE-2025-38697,,2025-11-03T18:16:35.770
CVE-2025-38696,0.000490000,0.153250000,0.6503933364183249,2025-12-16,2025-12-16,CVE-2025-38696,,2025-11-03T18:16:35.640
CVE-2025-38695,0.000490000,0.153250000,0.6503933364183249,2025-12-16,2025-12-16,CVE-2025-38695,,2025-11-03T18:16:35.527
CVE-2025-38694,0.000490000,0.153250000,0.6503933364183249,2025-12-16,2025-12-16,CVE-2025-38694,,2025-11-03T18:16:35.403
CVE-2025-38693,0.000490000,0.153250000,0.6503933364183249,2025-12-16,2025-12-16,CVE-2025-38693,,2025-11-03T18:16:35.280
CVE-2025-38692,0.000180000,0.035540000,0.15131883387320685,2025-12-16,2025-12-16,CVE-2025-38692,5.5,2025-11-24T19:45:16.833
CVE-2025-38691,0.000490000,0.153250000,0.6503933364183249,2025-12-16,2025-12-16,CVE-2025-38691,,2025-11-03T18:16:35.170
CVE-2025-38690,0.000190000,0.042720000,0.2038408144377603,2025-12-16,2025-12-16,CVE-2025-38690,5.5,2025-11-24T19:47:00.657
CVE-2025-38689,0.000190000,0.042720000,0.2038408144377603,2025-12-16,2025-12-16,CVE-2025-38689,5.5,2025-11-24T19:47:21.780
CVE-2025-38688,0.000180000,0.037150000,0.15131883387320685,2025-12-16,2025-12-16,CVE-2025-38688,7.8,2025-11-24T19:47:43.183
CVE-2025-38687,0.000710000,0.220020000,0.8047200370198982,2025-12-16,2025-12-16,CVE-2025-38687,,2025-11-03T18:16:35.030
CVE-2025-38686,0.000170000,0.033770000,0.09093012494215641,2025-12-16,2025-12-16,CVE-2025-38686,5.5,2025-11-24T19:48:02.293
CVE-2025-38685,0.000530000,0.165980000,0.6982878297084683,2025-12-16,2025-12-16,CVE-2025-38685,,2025-11-03T18:16:34.910
CVE-2025-38684,0.000490000,0.153250000,0.6503933364183249,2025-12-16,2025-12-16,CVE-2025-38684,,2025-11-03T18:16:34.793
CVE-2025-38683,0.000490000,0.153250000,0.6503933364183249,2025-12-16,2025-12-16,CVE-2025-38683,,2025-11-03T18:16:34.683
CVE-2025-38682,0.000190000,0.042980000,0.2038408144377603,2025-12-16,2025-12-16,CVE-2025-38682,7.8,2025-11-25T22:06:13.123
CVE-2025-38681,0.000490000,0.153250000,0.6503933364183249,2025-12-16,2025-12-16,CVE-2025-38681,,2025-11-03T18:16:34.577
CVE-2025-38680,0.000490000,0.153250000,0.6503933364183249,2025-12-16,2025-12-16,CVE-2025-38680,,2025-11-03T18:16:34.470
CVE-2025-38679,0.000420000,0.125760000,0.4872744099953725,2025-12-16,2025-12-16,CVE-2025-38679,,2025-11-03T18:16:34.360
CVE-2025-26462,0.000050000,0.001950000,0.0034706154558074966,2025-12-16,2025-12-16,CVE-2025-26462,7.8,2025-09-08T14:11:29.327
CVE-2025-26458,0.000070000,0.003520000,0.015964831096714482,2025-12-16,2025-12-16,CVE-2025-26458,7.8,2025-09-08T14:11:52.740
CVE-2025-26456,0.000120000,0.012580000,0.040953262378528456,2025-12-16,2025-12-16,CVE-2025-26456,5.5,2025-09-08T16:41:23.340
CVE-2025-26455,0.000050000,0.002300000,0.0034706154558074966,2025-12-16,2025-12-16,CVE-2025-26455,7.8,2025-09-05T19:14:05.457
CVE-2025-26453,0.000050000,0.001810000,0.0034706154558074966,2025-12-16,2025-12-16,CVE-2025-26453,5.5,2025-09-08T14:12:14.103
CVE-2025-26452,0.000050000,0.002000000,0.0034706154558074966,2025-12-16,2025-12-16,CVE-2025-26452,7.8,2025-09-05T19:13:54.293
CVE-2025-26450,0.000050000,0.002000000,0.0034706154558074966,2025-12-16,2025-12-16,CVE-2025-26450,7.8,2025-09-08T14:12:30.373
CVE-2025-26449,0.000050000,0.002270000,0.0034706154558074966,2025-12-16,2025-12-16,CVE-2025-26449,5.5,2025-09-08T14:12:39.347
CVE-2025-26448,0.000050000,0.001870000,0.0034706154558074966,2025-12-16,2025-12-16,CVE-2025-26448,5.5,2025-09-08T14:13:11.063
CVE-2025-26445,0.000040000,0.001720000,0.0013882461823229986,2025-12-16,2025-12-16,CVE-2025-26445,5.5,2025-09-08T14:13:20.910
CVE-2025-26444,0.000070000,0.003520000,0.015964831096714482,2025-12-16,2025-12-16,CVE-2025-26444,7.8,2025-09-08T14:13:37.513
CVE-2025-26443,0.000050000,0.002080000,0.0034706154558074966,2025-12-16,2025-12-16,CVE-2025-26443,7.3,2025-09-08T14:14:00.603
CVE-2025-26442,0.000040000,0.001670000,0.0013882461823229986,2025-12-16,2025-12-16,CVE-2025-26442,5.5,2025-09-29T22:48:47.203
CVE-2025-26441,0.000540000,0.171010000,0.7084683017121703,2025-12-16,2025-12-16,CVE-2025-26441,6.5,2025-09-08T14:15:47.460
CVE-2025-26440,0.000060000,0.003000000,0.01064322073114299,2025-12-16,2025-12-16,CVE-2025-26440,7.8,2025-09-08T14:12:56.513
CVE-2025-26438,0.001060000,0.293950000,0.8739009717723276,2025-12-16,2025-12-16,CVE-2025-26438,8.8,2025-09-05T19:13:43.690
CVE-2025-26437,0.000040000,0.001720000,0.0013882461823229986,2025-12-16,2025-12-16,CVE-2025-26437,5.5,2025-09-08T14:16:07.843
CVE-2025-26436,0.000070000,0.003360000,0.015964831096714482,2025-12-16,2025-12-16,CVE-2025-26436,7.8,2025-09-29T22:48:26.493
CVE-2025-26435,0.000050000,0.001950000,0.0034706154558074966,2025-12-16,2025-12-16,CVE-2025-26435,7.8,2025-09-29T22:46:34.803
CVE-2025-26432,0.000050000,0.002270000,0.0034706154558074966,2025-12-16,2025-12-16,CVE-2025-26432,5.5,2025-09-05T19:00:36.720
CVE-2025-26430,0.000050000,0.001950000,0.0034706154558074966,2025-12-16,2025-12-16,CVE-2025-26430,7.8,2025-09-29T22:44:44.350
CVE-2025-26429,0.000060000,0.002860000,0.01064322073114299,2025-12-16,2025-12-16,CVE-2025-26429,5.5,2025-09-05T19:13:32.637
CVE-2025-26428,0.000050000,0.002040000,0.0034706154558074966,2025-12-16,2025-12-16,CVE-2025-26428,3.2,2025-09-05T19:12:05.557
CVE-2025-26427,0.000050000,0.001780000,0.0034706154558074966,2025-12-16,2025-12-16,CVE-2025-26427,4.4,2025-09-05T19:11:56.987
CVE-2025-26426,0.000140000,0.017380000,0.04835724201758445,2025-12-16,2025-12-16,CVE-2025-26426,5.1,2025-09-05T19:11:41.917
CVE-2025-26425,0.000050000,0.002070000,0.0034706154558074966,2025-12-16,2025-12-16,CVE-2025-26425,4.0,2025-09-05T19:11:30.167
CVE-2025-26424,0.000050000,0.002070000,0.0034706154558074966,2025-12-16,2025-12-16,CVE-2025-26424,4.0,2025-09-05T19:11:21.010
CVE-2025-26423,0.000060000,0.002710000,0.01064322073114299,2025-12-16,2025-12-16,CVE-2025-26423,6.2,2025-09-05T19:11:12.930
CVE-2025-26422,0.000050000,0.002120000,0.0034706154558074966,2025-12-16,2025-12-16,CVE-2025-26422,4.0,2025-09-05T18:55:05.537
CVE-2025-26421,0.000070000,0.003950000,0.015964831096714482,2025-12-16,2025-12-16,CVE-2025-26421,4.0,2025-09-05T18:55:28.810
CVE-2025-26420,0.000040000,0.001610000,0.0013882461823229986,2025-12-16,2025-12-16,CVE-2025-26420,4.4,2025-09-05T18:55:46.920
CVE-2025-23302,0.000160000,0.028590000,0.06293382693197594,2025-12-16,2025-12-16,CVE-2025-23302,4.2,2025-09-05T17:47:24.833
CVE-2025-23301,0.000160000,0.028590000,0.06293382693197594,2025-12-16,2025-12-16,CVE-2025-23301,4.2,2025-09-05T17:47:24.833
CVE-2025-23262,0.000150000,0.022030000,0.05529847292919945,2025-12-16,2025-12-16,CVE-2025-23262,6.3,2025-09-05T17:47:24.833
CVE-2025-23261,0.000170000,0.030880000,0.09093012494215641,2025-12-16,2025-12-16,CVE-2025-23261,5.5,2025-09-05T17:47:24.833
CVE-2025-23259,0.000440000,0.132880000,0.549976862563628,2025-12-16,2025-12-16,CVE-2025-23259,6.5,2025-09-05T17:47:24.833
CVE-2025-23258,0.000150000,0.021690000,0.05529847292919945,2025-12-16,2025-12-16,CVE-2025-23258,7.3,2025-09-05T17:47:24.833
CVE-2025-23257,0.000150000,0.021690000,0.05529847292919945,2025-12-16,2025-12-16,CVE-2025-23257,7.3,2025-09-05T17:47:24.833
CVE-2025-23256,0.000160000,0.027790000,0.06293382693197594,2025-12-16,2025-12-16,CVE-2025-23256,8.7,2025-09-05T17:47:24.833
CVE-2025-22425,0.000080000,0.004780000,0.025451180009254976,2025-12-16,2025-12-16,CVE-2025-22425,5.1,2025-09-05T18:56:05.070
CVE-2025-0087,0.000070000,0.003610000,0.015964831096714482,2025-12-16,2025-12-16,CVE-2025-0087,5.1,2025-09-05T18:56:18.247
CVE-2025-0077,0.000080000,0.005140000,0.025451180009254976,2025-12-16,2025-12-16,CVE-2025-0077,4.0,2025-09-05T18:57:56.653
CVE-2024-49739,0.000050000,0.002030000,0.0034706154558074966,2025-12-16,2025-12-16,CVE-2024-49739,4.0,2025-09-05T18:58:48.627
CVE-2023-35657,0.000050000,0.002030000,0.0034706154558074966,2025-12-16,2025-12-16,CVE-2023-35657,4.0,2025-09-05T18:59:09.560
CVE-2025-9990,0.003430000,0.563450000,0.9516427579824156,2025-12-16,2025-12-16,CVE-2025-9990,8.1,2025-09-05T17:47:10.303
CVE-2025-8944,0.000390000,0.116660000,0.4097639981490051,2025-12-16,2025-12-16,CVE-2025-8944,4.3,2025-09-05T17:47:10.303
CVE-2025-8684,0.000430000,0.130850000,0.5279962980101804,2025-12-16,2025-12-16,CVE-2025-8684,6.4,2025-09-05T17:47:10.303
CVE-2025-7445,0.000050000,0.002440000,0.0034706154558074966,2025-12-16,2025-12-16,CVE-2025-7445,6.5,2025-09-05T17:47:10.303
CVE-2025-58401,0.000090000,0.006220000,0.03077279037482647,2025-12-16,2025-12-16,CVE-2025-58401,6.8,2025-09-05T17:47:10.303
CVE-2025-58400,0.000190000,0.043730000,0.2038408144377603,2025-12-16,2025-12-16,CVE-2025-58400,6.7,2025-09-05T17:47:10.303
CVE-2025-58362,0.000460000,0.142110000,0.6200832947709394,2025-12-16,2025-12-16,CVE-2025-58362,7.5,2025-09-17T20:35:24.260
CVE-2025-58361,0.000640000,0.201760000,0.7783433595557612,2025-12-16,2025-12-16,CVE-2025-58361,9.3,2025-09-05T17:47:10.303
CVE-2025-58359,0.000240000,0.058320000,0.2940768162887552,2025-12-16,2025-12-16,CVE-2025-58359,,2025-09-05T17:47:10.303
CVE-2025-58353,0.000640000,0.201760000,0.7783433595557612,2025-12-16,2025-12-16,CVE-2025-58353,8.2,2025-09-05T17:47:10.303
CVE-2025-58352,0.000520000,0.162660000,0.6929662193428968,2025-12-16,2025-12-16,CVE-2025-58352,6.5,2025-09-18T16:25:36.483
CVE-2025-58313,0.000070000,0.004220000,0.015964831096714482,2025-12-16,2025-12-16,CVE-2025-58313,2.5,2025-09-11T12:12:52.007
CVE-2025-58296,0.000070000,0.003500000,0.015964831096714482,2025-12-16,2025-12-16,CVE-2025-58296,4.7,2025-09-11T12:13:13.660
CVE-2025-58281,0.000090000,0.007020000,0.03077279037482647,2025-12-16,2025-12-16,CVE-2025-58281,5.5,2025-09-11T12:13:25.333
CVE-2025-58280,0.000320000,0.089130000,0.32855159648310966,2025-12-16,2025-12-16,CVE-2025-58280,5.5,2025-09-11T12:13:47.110
CVE-2025-58276,0.000090000,0.006290000,0.03077279037482647,2025-12-16,2025-12-16,CVE-2025-58276,5.5,2025-09-11T12:14:04.980
CVE-2025-58179,0.017480000,0.820510000,0.9854234150856085,2025-12-16,2025-12-16,CVE-2025-58179,7.2,2025-09-05T17:47:10.303
CVE-2025-55739,0.001250000,0.324650000,0.8926422952336881,2025-12-16,2025-12-16,CVE-2025-55739,,2025-09-05T17:47:10.303
CVE-2025-55671,0.000180000,0.039340000,0.15131883387320685,2025-12-16,2025-12-16,CVE-2025-55671,7.8,2025-09-05T17:47:10.303
CVE-2025-55305,0.000070000,0.003940000,0.015964831096714482,2025-12-16,2025-12-16,CVE-2025-55305,6.1,2025-09-05T17:47:10.303
CVE-2025-55244,0.000990000,0.283250000,0.8651087459509487,2025-12-16,2025-12-16,CVE-2025-55244,9.0,2025-10-17T15:46:21.553
CVE-2025-55242,0.001160000,0.311710000,0.8859324386857936,2025-12-16,2025-12-16,CVE-2025-55242,7.5,2025-09-18T16:32:57.687
CVE-2025-55241,0.000930000,0.266860000,0.8537714021286441,2025-12-16,2025-12-16,CVE-2025-55241,10.0,2025-09-24T19:15:37.787
CVE-2025-55238,0.001120000,0.305170000,0.8808422026839426,2025-12-16,2025-12-16,CVE-2025-55238,7.5,2025-09-10T17:00:19.680
CVE-2025-55209,0.000700000,0.215140000,0.8010180472003702,2025-12-16,2025-12-16,CVE-2025-55209,,2025-09-05T17:47:10.303
CVE-2025-55190,0.065750000,0.907920000,0.9928273947246645,2025-12-16,2025-12-16,CVE-2025-55190,9.9,2025-09-19T15:20:53.823
CVE-2025-55037,0.007800000,0.730520000,0.9766311892642295,2025-12-16,2025-12-16,CVE-2025-55037,9.8,2025-09-05T17:47:10.303
CVE-2025-54914,0.001870000,0.407810000,0.9190189726978251,2025-12-16,2025-12-16,CVE-2025-54914,9.8,2025-10-20T19:21:37.337
CVE-2025-48581,0.000040000,0.001600000,0.0013882461823229986,2025-12-16,2025-12-16,CVE-2025-48581,8.4,2025-11-18T05:16:07.390
CVE-2025-48563,0.000080000,0.004760000,0.025451180009254976,2025-12-16,2025-12-16,CVE-2025-48563,7.8,2025-09-08T14:03:37.943
CVE-2025-48562,0.000060000,0.003020000,0.01064322073114299,2025-12-16,2025-12-16,CVE-2025-48562,5.0,2025-09-26T14:01:36.763
CVE-2025-48561,0.000120000,0.012500000,0.040953262378528456,2025-12-16,2025-12-16,CVE-2025-48561,5.5,2025-09-26T14:00:49.093
CVE-2025-48560,0.000060000,0.003080000,0.01064322073114299,2025-12-16,2025-12-16,CVE-2025-48560,5.5,2025-09-08T14:04:18.790
CVE-2025-48559,0.000080000,0.005880000,0.025451180009254976,2025-12-16,2025-12-16,CVE-2025-48559,5.5,2025-09-05T19:02:15.230
CVE-2025-48558,0.000070000,0.003890000,0.015964831096714482,2025-12-16,2025-12-16,CVE-2025-48558,7.8,2025-09-05T19:02:24.653
CVE-2025-48556,0.000100000,0.008560000,0.034706154558074964,2025-12-16,2025-12-16,CVE-2025-48556,7.3,2025-09-05T19:02:34.320
CVE-2025-48554,0.000080000,0.005840000,0.025451180009254976,2025-12-16,2025-12-16,CVE-2025-48554,6.1,2025-09-05T19:02:44.690
CVE-2025-48553,0.000080000,0.004760000,0.025451180009254976,2025-12-16,2025-12-16,CVE-2025-48553,7.8,2025-09-08T16:38:10.970
CVE-2025-48552,0.000080000,0.004760000,0.025451180009254976,2025-12-16,2025-12-16,CVE-2025-48552,7.8,2025-09-08T16:38:23.923
CVE-2025-48551,0.000060000,0.002630000,0.01064322073114299,2025-12-16,2025-12-16,CVE-2025-48551,5.0,2025-09-05T19:02:54.367
CVE-2025-48550,0.000090000,0.006590000,0.03077279037482647,2025-12-16,2025-12-16,CVE-2025-48550,5.5,2025-09-05T19:03:02.300
CVE-2025-48549,0.000090000,0.007260000,0.03077279037482647,2025-12-16,2025-12-16,CVE-2025-48549,7.8,2025-09-05T19:03:19.523
CVE-2025-48548,0.000070000,0.004460000,0.015964831096714482,2025-12-16,2025-12-16,CVE-2025-48548,7.3,2025-09-05T19:03:41.150
CVE-2025-48547,0.000060000,0.003190000,0.01064322073114299,2025-12-16,2025-12-16,CVE-2025-48547,7.3,2025-09-08T16:39:40.177
CVE-2025-48546,0.000090000,0.006770000,0.03077279037482647,2025-12-16,2025-12-16,CVE-2025-48546,7.8,2025-09-08T16:39:52.283
CVE-2025-48545,0.000060000,0.003080000,0.01064322073114299,2025-12-16,2025-12-16,CVE-2025-48545,5.5,2025-09-05T19:03:55.807
CVE-2025-48544,0.000090000,0.006280000,0.03077279037482647,2025-12-16,2025-12-16,CVE-2025-48544,7.8,2025-09-05T19:04:17.477
CVE-2025-48543,0.003070000,0.534440000,0.945858398889403,2025-12-16,2025-12-16,CVE-2025-48543,8.8,2025-10-23T14:52:51.863
CVE-2025-48542,0.000070000,0.004680000,0.015964831096714482,2025-12-16,2025-12-16,CVE-2025-48542,5.5,2025-09-05T19:04:26.180
CVE-2025-48541,0.000110000,0.010580000,0.03863951874132346,2025-12-16,2025-12-16,CVE-2025-48541,7.8,2025-09-05T19:04:33.883
CVE-2025-48540,0.000100000,0.008400000,0.034706154558074964,2025-12-16,2025-12-16,CVE-2025-48540,7.8,2025-09-05T19:04:45.957
CVE-2025-48539,0.000170000,0.033350000,0.09093012494215641,2025-12-16,2025-12-16,CVE-2025-48539,8.0,2025-09-05T19:04:54.330
CVE-2025-48538,0.000070000,0.004140000,0.015964831096714482,2025-12-16,2025-12-16,CVE-2025-48538,5.5,2025-09-05T19:05:02.497
CVE-2025-48537,0.000110000,0.010580000,0.03863951874132346,2025-12-16,2025-12-16,CVE-2025-48537,7.1,2025-09-05T19:05:16.413
CVE-2025-48535,0.000490000,0.151390000,0.6503933364183249,2025-12-16,2025-12-16,CVE-2025-48535,7.8,2025-09-05T19:05:25.907
CVE-2025-48534,0.000450000,0.138350000,0.561082832022212,2025-12-16,2025-12-16,CVE-2025-48534,8.8,2025-09-05T19:05:33.460
CVE-2025-48533,0.000060000,0.002870000,0.01064322073114299,2025-12-16,2025-12-16,CVE-2025-48533,7.0,2025-09-05T19:05:42.783
CVE-2025-48532,0.000060000,0.003190000,0.01064322073114299,2025-12-16,2025-12-16,CVE-2025-48532,7.3,2025-09-05T19:10:54.623
CVE-2025-48531,0.000100000,0.007800000,0.034706154558074964,2025-12-16,2025-12-16,CVE-2025-48531,7.8,2025-09-05T19:10:48.640
CVE-2025-48530,0.001870000,0.407260000,0.9190189726978251,2025-12-16,2025-12-16,CVE-2025-48530,8.1,2025-09-05T19:10:37.743
CVE-2025-48529,0.000060000,0.003080000,0.01064322073114299,2025-12-16,2025-12-16,CVE-2025-48529,5.5,2025-09-05T19:10:30.733
CVE-2025-48528,0.000070000,0.004210000,0.015964831096714482,2025-12-16,2025-12-16,CVE-2025-48528,4.0,2025-09-05T19:10:19.983
CVE-2025-48527,0.000070000,0.004500000,0.015964831096714482,2025-12-16,2025-12-16,CVE-2025-48527,6.2,2025-09-05T19:10:11.137
CVE-2025-48526,0.000070000,0.004210000,0.015964831096714482,2025-12-16,2025-12-16,CVE-2025-48526,4.0,2025-09-05T19:15:31.657
CVE-2025-48524,0.000060000,0.003230000,0.01064322073114299,2025-12-16,2025-12-16,CVE-2025-48524,5.5,2025-09-08T14:04:43.763
CVE-2025-48523,0.000070000,0.003890000,0.015964831096714482,2025-12-16,2025-12-16,CVE-2025-48523,7.8,2025-09-05T19:15:19.957
CVE-2025-48522,0.000100000,0.007800000,0.034706154558074964,2025-12-16,2025-12-16,CVE-2025-48522,7.8,2025-09-08T16:40:27.910
CVE-2025-48395,0.000710000,0.218250000,0.8047200370198982,2025-12-16,2025-12-16,CVE-2025-48395,4.7,2025-09-05T17:47:10.303
CVE-2025-41408,0.000430000,0.130940000,0.5279962980101804,2025-12-16,2025-12-16,CVE-2025-41408,4.3,2025-09-05T17:47:10.303
CVE-2025-32350,0.000070000,0.003890000,0.015964831096714482,2025-12-16,2025-12-16,CVE-2025-32350,7.8,2025-09-08T14:04:56.523
CVE-2025-32349,0.000090000,0.007360000,0.03077279037482647,2025-12-16,2025-12-16,CVE-2025-32349,7.8,2025-09-08T14:05:18.693
CVE-2025-32347,0.000070000,0.003890000,0.015964831096714482,2025-12-16,2025-12-16,CVE-2025-32347,7.8,2025-09-08T14:05:28.820
CVE-2025-32346,0.000070000,0.003890000,0.015964831096714482,2025-12-16,2025-12-16,CVE-2025-32346,7.8,2025-09-08T14:05:36.853
CVE-2025-32345,0.000070000,0.003890000,0.015964831096714482,2025-12-16,2025-12-16,CVE-2025-32345,7.8,2025-09-08T16:40:40.663
CVE-2025-32333,0.000070000,0.003890000,0.015964831096714482,2025-12-16,2025-12-16,CVE-2025-32333,7.8,2025-09-08T14:06:10.520
CVE-2025-32332,0.000080000,0.004760000,0.025451180009254976,2025-12-16,2025-12-16,CVE-2025-32332,7.8,2025-09-08T14:06:33.690
CVE-2025-32331,0.000100000,0.007800000,0.034706154558074964,2025-12-16,2025-12-16,CVE-2025-32331,7.8,2025-09-08T14:07:51.173
CVE-2025-32330,0.000200000,0.045320000,0.24086071263304026,2025-12-16,2025-12-16,CVE-2025-32330,5.7,2025-09-08T14:08:06.807
CVE-2025-32327,0.000090000,0.006280000,0.03077279037482647,2025-12-16,2025-12-16,CVE-2025-32327,7.8,2025-09-08T14:08:28.517
CVE-2025-32326,0.000070000,0.003890000,0.015964831096714482,2025-12-16,2025-12-16,CVE-2025-32326,7.8,2025-09-08T14:09:09.560
CVE-2025-32325,0.000080000,0.004760000,0.025451180009254976,2025-12-16,2025-12-16,CVE-2025-32325,7.8,2025-09-08T14:09:19.417
CVE-2025-32324,0.000070000,0.003890000,0.015964831096714482,2025-12-16,2025-12-16,CVE-2025-32324,7.8,2025-09-08T14:09:35.763
CVE-2025-32323,0.000110000,0.010580000,0.03863951874132346,2025-12-16,2025-12-16,CVE-2025-32323,7.8,2025-09-08T14:09:46.420
CVE-2025-32322,0.000110000,0.010080000,0.03863951874132346,2025-12-16,2025-12-16,CVE-2025-32322,7.8,2025-09-05T18:59:59.360
CVE-2025-32321,0.000070000,0.003890000,0.015964831096714482,2025-12-16,2025-12-16,CVE-2025-32321,7.8,2025-09-08T14:09:52.410
CVE-2025-32312,0.000260000,0.062980000,0.3040259139287367,2025-12-16,2025-12-16,CVE-2025-32312,7.8,2025-09-05T19:14:29.530
CVE-2025-26464,0.000100000,0.007800000,0.034706154558074964,2025-12-16,2025-12-16,CVE-2025-26464,7.8,2025-09-08T14:10:13.103
CVE-2025-26463,0.000050000,0.002270000,0.0034706154558074966,2025-12-16,2025-12-16,CVE-2025-26463,5.5,2025-09-05T19:14:18.263
CVE-2025-26454,0.000090000,0.007360000,0.03077279037482647,2025-12-16,2025-12-16,CVE-2025-26454,7.8,2025-09-08T14:10:25.473
CVE-2025-26439,0.000100000,0.007800000,0.034706154558074964,2025-12-16,2025-12-16,CVE-2025-26439,7.8,2025-09-05T19:08:32.547
CVE-2025-26431,0.000100000,0.007800000,0.034706154558074964,2025-12-16,2025-12-16,CVE-2025-26431,7.8,2025-09-05T18:59:29.447
CVE-2025-26419,0.000070000,0.003380000,0.015964831096714482,2025-12-16,2025-12-16,CVE-2025-26419,3.3,2025-09-05T18:59:44.977
CVE-2025-22441,0.000060000,0.003190000,0.01064322073114299,2025-12-16,2025-12-16,CVE-2025-22441,7.3,2025-09-05T19:15:07.143
CVE-2025-22415,0.000070000,0.004210000,0.015964831096714482,2025-12-16,2025-12-16,CVE-2025-22415,4.0,2025-09-05T19:08:58.430
CVE-2025-22414,0.000070000,0.003890000,0.015964831096714482,2025-12-16,2025-12-16,CVE-2025-22414,7.8,2025-09-05T19:08:51.160
CVE-2025-0089,0.000240000,0.058010000,0.2940768162887552,2025-12-16,2025-12-16,CVE-2025-0089,7.8,2025-09-08T16:40:54.243
CVE-2025-0076,0.000060000,0.002880000,0.01064322073114299,2025-12-16,2025-12-16,CVE-2025-0076,3.3,2025-09-05T19:14:58.947
CVE-2024-49731,0.000050000,0.002070000,0.0034706154558074966,2025-12-16,2025-12-16,CVE-2024-49731,4.0,2025-09-05T19:08:43.963
CVE-2024-49714,0.000080000,0.004760000,0.025451180009254976,2025-12-16,2025-12-16,CVE-2024-49714,7.8,2025-09-05T19:14:50.013
CVE-2024-40664,0.001090000,0.298980000,0.8773715872281351,2025-12-16,2025-12-16,CVE-2024-40664,6.2,2025-09-08T14:03:20.720
CVE-2025-58883,0.000420000,0.124970000,0.4872744099953725,2025-12-16,2025-12-16,CVE-2025-58883,5.9,2025-09-05T17:47:10.303
CVE-2025-58882,0.000450000,0.138340000,0.561082832022212,2025-12-16,2025-12-16,CVE-2025-58882,6.5,2025-09-05T17:47:10.303
CVE-2025-58881,0.000440000,0.135040000,0.549976862563628,2025-12-16,2025-12-16,CVE-2025-58881,8.5,2025-09-05T17:47:10.303
CVE-2025-58880,0.000450000,0.138340000,0.561082832022212,2025-12-16,2025-12-16,CVE-2025-58880,6.5,2025-09-05T17:47:10.303
CVE-2025-58878,0.000200000,0.044440000,0.24086071263304026,2025-12-16,2025-12-16,CVE-2025-58878,6.5,2025-09-05T17:47:10.303
CVE-2025-58876,0.000450000,0.138340000,0.561082832022212,2025-12-16,2025-12-16,CVE-2025-58876,6.5,2025-09-05T17:47:10.303
CVE-2025-58875,0.000450000,0.138340000,0.561082832022212,2025-12-16,2025-12-16,CVE-2025-58875,6.5,2025-09-05T17:47:10.303
CVE-2025-58874,0.000450000,0.138340000,0.561082832022212,2025-12-16,2025-12-16,CVE-2025-58874,6.5,2025-09-05T17:47:10.303
CVE-2025-58873,0.000420000,0.124970000,0.4872744099953725,2025-12-16,2025-12-16,CVE-2025-58873,5.9,2025-09-05T17:47:10.303
CVE-2025-58872,0.000460000,0.140800000,0.6200832947709394,2025-12-16,2025-12-16,CVE-2025-58872,6.5,2025-09-05T17:47:10.303
CVE-2025-58871,0.000450000,0.138340000,0.561082832022212,2025-12-16,2025-12-16,CVE-2025-58871,6.5,2025-09-05T17:47:10.303
CVE-2025-58870,0.000450000,0.138340000,0.561082832022212,2025-12-16,2025-12-16,CVE-2025-58870,6.5,2025-09-05T17:47:10.303
CVE-2025-58869,0.000190000,0.042740000,0.2038408144377603,2025-12-16,2025-12-16,CVE-2025-58869,6.5,2025-09-05T17:47:10.303
CVE-2025-58868,0.000450000,0.138340000,0.561082832022212,2025-12-16,2025-12-16,CVE-2025-58868,6.5,2025-09-05T17:47:10.303
CVE-2025-58867,0.000450000,0.138340000,0.561082832022212,2025-12-16,2025-12-16,CVE-2025-58867,6.5,2025-09-05T17:47:10.303
CVE-2025-58866,0.000380000,0.109590000,0.4012031466913466,2025-12-16,2025-12-16,CVE-2025-58866,2.7,2025-09-05T17:47:10.303
CVE-2025-58865,0.000200000,0.044440000,0.24086071263304026,2025-12-16,2025-12-16,CVE-2025-58865,4.3,2025-09-05T17:47:10.303
CVE-2025-58864,0.000450000,0.138340000,0.561082832022212,2025-12-16,2025-12-16,CVE-2025-58864,6.5,2025-09-05T17:47:10.303
CVE-2025-58863,0.000450000,0.138340000,0.561082832022212,2025-12-16,2025-12-16,CVE-2025-58863,6.5,2025-09-05T17:47:10.303
CVE-2025-58862,0.000450000,0.138340000,0.561082832022212,2025-12-16,2025-12-16,CVE-2025-58862,6.5,2025-09-05T17:47:10.303
CVE-2025-58861,0.000190000,0.043490000,0.2038408144377603,2025-12-16,2025-12-16,CVE-2025-58861,7.1,2025-09-05T17:47:10.303
CVE-2025-58860,0.000190000,0.043490000,0.2038408144377603,2025-12-16,2025-12-16,CVE-2025-58860,7.1,2025-09-05T17:47:10.303
CVE-2025-58859,0.000190000,0.043490000,0.2038408144377603,2025-12-16,2025-12-16,CVE-2025-58859,7.1,2025-09-05T17:47:10.303
CVE-2025-58858,0.000450000,0.138340000,0.561082832022212,2025-12-16,2025-12-16,CVE-2025-58858,6.5,2025-09-05T17:47:10.303
CVE-2025-58857,0.000450000,0.139800000,0.561082832022212,2025-12-16,2025-12-16,CVE-2025-58857,7.1,2025-09-05T17:47:10.303
CVE-2025-58856,0.000260000,0.064810000,0.3040259139287367,2025-12-16,2025-12-16,CVE-2025-58856,6.5,2025-09-05T17:47:10.303
CVE-2025-58855,0.000450000,0.139800000,0.561082832022212,2025-12-16,2025-12-16,CVE-2025-58855,7.1,2025-09-05T17:47:10.303
CVE-2025-58854,0.000190000,0.043490000,0.2038408144377603,2025-12-16,2025-12-16,CVE-2025-58854,7.1,2025-09-05T17:47:10.303
CVE-2025-58853,0.000190000,0.043490000,0.2038408144377603,2025-12-16,2025-12-16,CVE-2025-58853,7.1,2025-09-05T17:47:10.303
CVE-2025-58852,0.000190000,0.043490000,0.2038408144377603,2025-12-16,2025-12-16,CVE-2025-58852,7.1,2025-09-05T17:47:10.303
CVE-2025-58851,0.000450000,0.138340000,0.561082832022212,2025-12-16,2025-12-16,CVE-2025-58851,6.5,2025-09-05T17:47:10.303
CVE-2025-58850,0.000450000,0.138340000,0.561082832022212,2025-12-16,2025-12-16,CVE-2025-58850,6.5,2025-09-05T17:47:10.303
CVE-2025-58849,0.000190000,0.043490000,0.2038408144377603,2025-12-16,2025-12-16,CVE-2025-58849,7.1,2025-09-05T17:47:10.303
CVE-2025-58848,0.000190000,0.043490000,0.2038408144377603,2025-12-16,2025-12-16,CVE-2025-58848,7.1,2025-09-05T17:47:10.303
CVE-2025-58847,0.000190000,0.043490000,0.2038408144377603,2025-12-16,2025-12-16,CVE-2025-58847,7.1,2025-09-05T17:47:10.303
CVE-2025-58846,0.000190000,0.043490000,0.2038408144377603,2025-12-16,2025-12-16,CVE-2025-58846,7.1,2025-09-05T17:47:10.303
CVE-2025-58845,0.000190000,0.043490000,0.2038408144377603,2025-12-16,2025-12-16,CVE-2025-58845,7.1,2025-09-05T17:47:10.303
CVE-2025-58844,0.000190000,0.043490000,0.2038408144377603,2025-12-16,2025-12-16,CVE-2025-58844,7.1,2025-09-05T17:47:10.303
CVE-2025-58843,0.000190000,0.043490000,0.2038408144377603,2025-12-16,2025-12-16,CVE-2025-58843,7.1,2025-09-05T17:47:10.303
CVE-2025-58842,0.000450000,0.138340000,0.561082832022212,2025-12-16,2025-12-16,CVE-2025-58842,6.5,2025-09-05T17:47:10.303
CVE-2025-58841,0.000500000,0.157420000,0.6753817677001388,2025-12-16,2025-12-16,CVE-2025-58841,5.5,2025-09-05T17:47:10.303
CVE-2025-58840,0.000450000,0.138340000,0.561082832022212,2025-12-16,2025-12-16,CVE-2025-58840,6.5,2025-09-05T17:47:10.303
CVE-2025-58839,0.000660000,0.204740000,0.7873669597408607,2025-12-16,2025-12-16,CVE-2025-58839,7.2,2025-09-05T17:47:10.303
CVE-2025-58838,0.000450000,0.138340000,0.561082832022212,2025-12-16,2025-12-16,CVE-2025-58838,6.5,2025-09-05T17:47:10.303
CVE-2025-58837,0.000450000,0.138340000,0.561082832022212,2025-12-16,2025-12-16,CVE-2025-58837,6.5,2025-09-05T17:47:10.303
CVE-2025-58836,0.000450000,0.138340000,0.561082832022212,2025-12-16,2025-12-16,CVE-2025-58836,6.5,2025-09-05T17:47:10.303
CVE-2025-58835,0.000640000,0.200150000,0.7783433595557612,2025-12-16,2025-12-16,CVE-2025-58835,5.3,2025-09-05T17:47:10.303
CVE-2025-58834,0.000450000,0.138340000,0.561082832022212,2025-12-16,2025-12-16,CVE-2025-58834,6.5,2025-09-05T17:47:10.303
CVE-2025-58833,0.000240000,0.057350000,0.2940768162887552,2025-12-16,2025-12-16,CVE-2025-58833,8.8,2025-09-05T17:47:10.303
CVE-2025-58832,0.000420000,0.124970000,0.4872744099953725,2025-12-16,2025-12-16,CVE-2025-58832,5.9,2025-09-05T17:47:10.303
CVE-2025-58831,0.000200000,0.044440000,0.24086071263304026,2025-12-16,2025-12-16,CVE-2025-58831,4.3,2025-09-05T17:47:10.303
CVE-2025-58830,0.000450000,0.138340000,0.561082832022212,2025-12-16,2025-12-16,CVE-2025-58830,6.5,2025-09-05T17:47:10.303
CVE-2025-58829,0.000370000,0.109200000,0.36742248958815366,2025-12-16,2025-12-16,CVE-2025-58829,4.9,2025-09-05T17:47:10.303
CVE-2025-58828,0.000450000,0.138340000,0.561082832022212,2025-12-16,2025-12-16,CVE-2025-58828,6.5,2025-09-05T17:47:10.303
CVE-2025-58827,0.000390000,0.116170000,0.4097639981490051,2025-12-16,2025-12-16,CVE-2025-58827,3.8,2025-09-05T17:47:10.303
CVE-2025-58826,0.000450000,0.138340000,0.561082832022212,2025-12-16,2025-12-16,CVE-2025-58826,6.5,2025-09-05T17:47:10.303
CVE-2025-58825,0.000420000,0.124970000,0.4872744099953725,2025-12-16,2025-12-16,CVE-2025-58825,5.9,2025-09-05T17:47:10.303
CVE-2025-58824,0.000390000,0.116660000,0.4097639981490051,2025-12-16,2025-12-16,CVE-2025-58824,4.3,2025-09-05T17:47:10.303
CVE-2025-58823,0.000450000,0.138340000,0.561082832022212,2025-12-16,2025-12-16,CVE-2025-58823,6.5,2025-09-05T17:47:10.303
CVE-2025-58822,0.000450000,0.138340000,0.561082832022212,2025-12-16,2025-12-16,CVE-2025-58822,6.5,2025-09-05T17:47:10.303
CVE-2025-58821,0.000420000,0.124970000,0.4872744099953725,2025-12-16,2025-12-16,CVE-2025-58821,5.9,2025-09-05T17:47:10.303
CVE-2025-58820,0.000420000,0.124970000,0.4872744099953725,2025-12-16,2025-12-16,CVE-2025-58820,5.9,2025-09-05T17:47:10.303
CVE-2025-58819,0.000590000,0.184190000,0.7457195742711707,2025-12-16,2025-12-16,CVE-2025-58819,9.1,2025-09-05T17:47:10.303
CVE-2025-58818,0.000200000,0.046390000,0.24086071263304026,2025-12-16,2025-12-16,CVE-2025-58818,5.4,2025-09-05T17:47:10.303
CVE-2025-58817,0.000390000,0.116660000,0.4097639981490051,2025-12-16,2025-12-16,CVE-2025-58817,4.3,2025-09-05T17:47:10.303
CVE-2025-58816,0.000410000,0.123350000,0.475937066173068,2025-12-16,2025-12-16,CVE-2025-58816,3.5,2025-09-05T17:47:10.303
CVE-2025-58815,0.000660000,0.204740000,0.7873669597408607,2025-12-16,2025-12-16,CVE-2025-58815,7.2,2025-09-05T17:47:10.303
CVE-2025-58814,0.000450000,0.138340000,0.561082832022212,2025-12-16,2025-12-16,CVE-2025-58814,6.5,2025-09-05T17:47:10.303
CVE-2025-58813,0.000390000,0.116660000,0.4097639981490051,2025-12-16,2025-12-16,CVE-2025-58813,4.3,2025-09-05T17:47:10.303
CVE-2025-58812,0.000450000,0.138340000,0.561082832022212,2025-12-16,2025-12-16,CVE-2025-58812,6.5,2025-09-05T17:47:10.303
CVE-2025-58811,0.000420000,0.124970000,0.4872744099953725,2025-12-16,2025-12-16,CVE-2025-58811,5.9,2025-09-05T17:47:10.303
CVE-2025-58810,0.000420000,0.124970000,0.4872744099953725,2025-12-16,2025-12-16,CVE-2025-58810,5.9,2025-09-05T17:47:10.303
CVE-2025-58809,0.000190000,0.043490000,0.2038408144377603,2025-12-16,2025-12-16,CVE-2025-58809,7.1,2025-09-05T17:47:10.303
CVE-2025-58808,0.000450000,0.138340000,0.561082832022212,2025-12-16,2025-12-16,CVE-2025-58808,6.5,2025-09-05T17:47:10.303
CVE-2025-58807,0.000190000,0.043490000,0.2038408144377603,2025-12-16,2025-12-16,CVE-2025-58807,7.1,2025-09-05T17:47:10.303
CVE-2025-58806,0.000190000,0.043490000,0.2038408144377603,2025-12-16,2025-12-16,CVE-2025-58806,7.1,2025-09-05T17:47:10.303
CVE-2025-58805,0.000420000,0.124970000,0.4872744099953725,2025-12-16,2025-12-16,CVE-2025-58805,5.9,2025-09-05T17:47:10.303
CVE-2025-58804,0.000200000,0.044440000,0.24086071263304026,2025-12-16,2025-12-16,CVE-2025-58804,4.3,2025-09-05T17:47:10.303
CVE-2025-58802,0.000200000,0.044440000,0.24086071263304026,2025-12-16,2025-12-16,CVE-2025-58802,4.3,2025-09-05T17:47:10.303
CVE-2025-58801,0.000200000,0.046390000,0.24086071263304026,2025-12-16,2025-12-16,CVE-2025-58801,5.4,2025-09-05T17:47:10.303
CVE-2025-58800,0.000200000,0.044440000,0.24086071263304026,2025-12-16,2025-12-16,CVE-2025-58800,4.3,2025-09-05T17:47:10.303
CVE-2025-58799,0.000200000,0.044440000,0.24086071263304026,2025-12-16,2025-12-16,CVE-2025-58799,4.3,2025-09-05T17:47:10.303
CVE-2025-58798,0.000200000,0.044440000,0.24086071263304026,2025-12-16,2025-12-16,CVE-2025-58798,4.3,2025-09-05T17:47:10.303
CVE-2025-58797,0.000410000,0.123170000,0.475937066173068,2025-12-16,2025-12-16,CVE-2025-58797,5.3,2025-09-05T17:47:10.303
CVE-2025-58796,0.000450000,0.138340000,0.561082832022212,2025-12-16,2025-12-16,CVE-2025-58796,6.5,2025-09-05T17:47:10.303
CVE-2025-58795,0.000380000,0.111260000,0.4012031466913466,2025-12-16,2025-12-16,CVE-2025-58795,4.3,2025-09-15T12:15:33.283
CVE-2025-58794,0.000200000,0.044440000,0.24086071263304026,2025-12-16,2025-12-16,CVE-2025-58794,4.3,2025-09-05T17:47:10.303
CVE-2025-58793,0.000450000,0.138340000,0.561082832022212,2025-12-16,2025-12-16,CVE-2025-58793,6.5,2025-09-05T17:47:10.303
CVE-2025-58792,0.000200000,0.044440000,0.24086071263304026,2025-12-16,2025-12-16,CVE-2025-58792,4.3,2025-09-05T17:47:10.303
CVE-2025-58791,0.000420000,0.124970000,0.4872744099953725,2025-12-16,2025-12-16,CVE-2025-58791,5.9,2025-09-05T17:47:10.303
CVE-2025-58790,0.000450000,0.138340000,0.561082832022212,2025-12-16,2025-12-16,CVE-2025-58790,6.5,2025-09-05T17:47:10.303
CVE-2025-58789,0.000410000,0.122460000,0.475937066173068,2025-12-16,2025-12-16,CVE-2025-58789,7.6,2025-09-05T17:47:10.303
CVE-2025-58788,0.000410000,0.122460000,0.475937066173068,2025-12-16,2025-12-16,CVE-2025-58788,7.6,2025-09-05T17:47:10.303
CVE-2025-58787,0.000450000,0.138340000,0.561082832022212,2025-12-16,2025-12-16,CVE-2025-58787,6.5,2025-09-05T17:47:10.303
CVE-2025-58786,0.000450000,0.138340000,0.561082832022212,2025-12-16,2025-12-16,CVE-2025-58786,6.5,2025-09-05T17:47:10.303
CVE-2025-58785,0.000530000,0.166880000,0.6982878297084683,2025-12-16,2025-12-16,CVE-2025-58785,5.4,2025-09-05T17:47:10.303
CVE-2025-58784,0.000450000,0.138340000,0.561082832022212,2025-12-16,2025-12-16,CVE-2025-58784,6.5,2025-09-05T17:47:10.303
CVE-2025-58783,0.000390000,0.116660000,0.4097639981490051,2025-12-16,2025-12-16,CVE-2025-58783,4.3,2025-09-05T17:47:10.303
CVE-2025-10011,0.000370000,0.109070000,0.36742248958815366,2025-12-16,2025-12-16,CVE-2025-10011,8.8,2025-09-26T12:45:25.380
CVE-2024-21977,0.000150000,0.024920000,0.05529847292919945,2025-12-16,2025-12-16,CVE-2024-21977,3.2,2025-09-05T17:47:10.303
CVE-2025-9999,0.000440000,0.132840000,0.549976862563628,2025-12-16,2025-12-16,CVE-2025-9999,,2025-09-05T17:47:10.303
CVE-2025-9998,0.000220000,0.052490000,0.2834335955576122,2025-12-16,2025-12-16,CVE-2025-9998,,2025-09-05T17:47:10.303
CVE-2025-9709,0.000450000,0.136870000,0.561082832022212,2025-12-16,2025-12-16,CVE-2025-9709,,2025-09-08T16:25:38.810
CVE-2025-9057,0.000350000,0.099460000,0.33896344285053215,2025-12-16,2025-12-16,CVE-2025-9057,6.4,2025-09-08T16:25:38.810
CVE-2025-8695,0.000480000,0.147770000,0.6385932438685794,2025-12-16,2025-12-16,CVE-2025-8695,5.4,2025-09-05T17:47:10.303
CVE-2025-58887,0.000450000,0.138340000,0.561082832022212,2025-12-16,2025-12-16,CVE-2025-58887,6.5,2025-09-05T17:47:10.303
CVE-2025-58886,0.000420000,0.124970000,0.4872744099953725,2025-12-16,2025-12-16,CVE-2025-58886,5.9,2025-09-05T17:47:10.303
CVE-2025-58884,0.000420000,0.124970000,0.4872744099953725,2025-12-16,2025-12-16,CVE-2025-58884,5.9,2025-09-05T17:47:10.303
CVE-2025-58780,0.000470000,0.145420000,0.6291068949560389,2025-12-16,2025-12-16,CVE-2025-58780,7.2,2025-09-08T21:15:34.090
CVE-2025-58628,0.000450000,0.136450000,0.561082832022212,2025-12-16,2025-12-16,CVE-2025-58628,9.3,2025-09-05T17:47:10.303
CVE-2025-58214,0.001720000,0.389920000,0.9143914854234151,2025-12-16,2025-12-16,CVE-2025-58214,8.1,2025-09-05T17:47:10.303
CVE-2025-58206,0.001720000,0.389920000,0.9143914854234151,2025-12-16,2025-12-16,CVE-2025-58206,8.1,2025-09-05T17:47:10.303
CVE-2025-57889,0.001700000,0.387690000,0.9113836186950486,2025-12-16,2025-12-16,CVE-2025-57889,7.5,2025-09-05T17:47:10.303
CVE-2025-54744,0.000390000,0.116660000,0.4097639981490051,2025-12-16,2025-12-16,CVE-2025-54744,6.5,2025-09-05T17:47:10.303
CVE-2025-53571,0.000390000,0.116660000,0.4097639981490051,2025-12-16,2025-12-16,CVE-2025-53571,6.5,2025-09-05T17:47:10.303
CVE-2025-53307,0.000450000,0.139800000,0.561082832022212,2025-12-16,2025-12-16,CVE-2025-53307,7.1,2025-09-05T17:47:10.303
CVE-2025-49401,0.000610000,0.191180000,0.7570569180934752,2025-12-16,2025-12-16,CVE-2025-49401,9.8,2025-09-05T17:47:10.303
CVE-2025-48317,0.000650000,0.202940000,0.7841277186487737,2025-12-16,2025-12-16,CVE-2025-48317,7.5,2025-09-05T17:47:10.303
CVE-2025-48105,0.000450000,0.138340000,0.561082832022212,2025-12-16,2025-12-16,CVE-2025-48105,6.5,2025-09-05T17:47:10.303
CVE-2025-48104,0.000190000,0.043490000,0.2038408144377603,2025-12-16,2025-12-16,CVE-2025-48104,7.1,2025-09-05T17:47:10.303
CVE-2025-48103,0.000450000,0.138340000,0.561082832022212,2025-12-16,2025-12-16,CVE-2025-48103,6.5,2025-09-05T17:47:10.303
CVE-2025-48102,0.000420000,0.124970000,0.4872744099953725,2025-12-16,2025-12-16,CVE-2025-48102,5.9,2025-09-05T17:47:10.303
CVE-2025-39726,0.000130000,0.016930000,0.04349838037945396,2025-12-16,2025-12-16,CVE-2025-39726,4.7,2025-11-25T18:05:49.350
CVE-2025-39725,0.000170000,0.034920000,0.09093012494215641,2025-12-16,2025-12-16,CVE-2025-39725,5.5,2025-11-25T21:01:10.547
CVE-2025-39724,0.000470000,0.146080000,0.6291068949560389,2025-12-16,2025-12-16,CVE-2025-39724,,2025-11-03T18:16:44.733
CVE-2025-39723,0.000170000,0.035290000,0.09093012494215641,2025-12-16,2025-12-16,CVE-2025-39723,7.8,2025-11-25T21:01:02.797
CVE-2025-39722,0.000170000,0.034920000,0.09093012494215641,2025-12-16,2025-12-16,CVE-2025-39722,5.5,2025-11-25T17:44:11.147
CVE-2025-39721,0.000210000,0.049490000,0.26862563627950026,2025-12-16,2025-12-16,CVE-2025-39721,5.5,2025-11-25T17:45:32.147
CVE-2025-39720,0.000170000,0.033770000,0.09093012494215641,2025-12-16,2025-12-16,CVE-2025-39720,5.5,2025-11-25T17:46:33.250
CVE-2025-39719,0.000360000,0.104690000,0.3486811661267932,2025-12-16,2025-12-16,CVE-2025-39719,,2025-11-03T18:16:44.620
CVE-2025-39718,0.000360000,0.104690000,0.3486811661267932,2025-12-16,2025-12-16,CVE-2025-39718,,2025-11-03T18:16:44.450
CVE-2025-39717,0.000190000,0.042980000,0.2038408144377603,2025-12-16,2025-12-16,CVE-2025-39717,7.8,2025-11-25T17:48:11.943
CVE-2025-39716,0.000360000,0.104690000,0.3486811661267932,2025-12-16,2025-12-16,CVE-2025-39716,,2025-11-03T18:16:44.140
CVE-2025-39715,0.000360000,0.104690000,0.3486811661267932,2025-12-16,2025-12-16,CVE-2025-39715,,2025-11-03T18:16:43.887
CVE-2025-39714,0.000490000,0.153250000,0.6503933364183249,2025-12-16,2025-12-16,CVE-2025-39714,,2025-11-03T18:16:43.660
CVE-2025-39713,0.001160000,0.311590000,0.8859324386857936,2025-12-16,2025-12-16,CVE-2025-39713,,2025-11-03T18:16:43.483
CVE-2025-39712,0.000170000,0.031390000,0.09093012494215641,2025-12-16,2025-12-16,CVE-2025-39712,5.5,2025-11-25T20:56:08.080
CVE-2025-39711,0.000180000,0.037150000,0.15131883387320685,2025-12-16,2025-12-16,CVE-2025-39711,7.8,2025-11-25T21:16:06.437
CVE-2025-39710,0.000490000,0.153250000,0.6503933364183249,2025-12-16,2025-12-16,CVE-2025-39710,,2025-11-03T18:16:43.217
CVE-2025-39709,0.000490000,0.153250000,0.6503933364183249,2025-12-16,2025-12-16,CVE-2025-39709,,2025-11-03T18:16:42.910
CVE-2025-39708,0.000190000,0.042720000,0.2038408144377603,2025-12-16,2025-12-16,CVE-2025-39708,5.5,2025-11-25T21:15:53.460
CVE-2025-39707,0.000170000,0.034920000,0.09093012494215641,2025-12-16,2025-12-16,CVE-2025-39707,5.5,2025-11-25T21:15:47.960
CVE-2025-39706,0.000360000,0.104690000,0.3486811661267932,2025-12-16,2025-12-16,CVE-2025-39706,,2025-11-03T18:16:42.750
CVE-2025-39705,0.000170000,0.034920000,0.09093012494215641,2025-12-16,2025-12-16,CVE-2025-39705,5.5,2025-11-25T21:15:42.683
CVE-2025-39704,0.000190000,0.042720000,0.2038408144377603,2025-12-16,2025-12-16,CVE-2025-39704,5.5,2025-11-25T21:15:34.557
CVE-2025-39703,0.000490000,0.153250000,0.6503933364183249,2025-12-16,2025-12-16,CVE-2025-39703,,2025-11-03T18:16:42.527
CVE-2025-39702,0.000360000,0.104690000,0.3486811661267932,2025-12-16,2025-12-16,CVE-2025-39702,,2025-11-03T18:16:42.303
CVE-2025-39701,0.000360000,0.104690000,0.3486811661267932,2025-12-16,2025-12-16,CVE-2025-39701,,2025-11-03T18:16:42.133
CVE-2025-39700,0.000260000,0.063410000,0.3040259139287367,2025-12-16,2025-12-16,CVE-2025-39700,5.5,2025-11-25T21:15:03.620
CVE-2025-39699,0.000190000,0.042720000,0.2038408144377603,2025-12-16,2025-12-16,CVE-2025-39699,5.5,2025-11-25T21:13:40.067
CVE-2025-39698,0.000230000,0.053500000,0.2892179546506247,2025-12-16,2025-12-16,CVE-2025-39698,5.5,2025-11-25T21:31:12.100
CVE-2025-39697,0.000490000,0.153250000,0.6503933364183249,2025-12-16,2025-12-16,CVE-2025-39697,,2025-11-03T18:16:41.860
CVE-2025-39696,0.000230000,0.052980000,0.2892179546506247,2025-12-16,2025-12-16,CVE-2025-39696,5.5,2025-11-25T21:30:13.343
CVE-2025-39695,0.000170000,0.034920000,0.09093012494215641,2025-12-16,2025-12-16,CVE-2025-39695,5.5,2025-11-25T21:29:51.113
CVE-2025-39694,0.000360000,0.104690000,0.3486811661267932,2025-12-16,2025-12-16,CVE-2025-39694,,2025-11-03T18:16:41.570
CVE-2025-39693,0.000360000,0.104690000,0.3486811661267932,2025-12-16,2025-12-16,CVE-2025-39693,,2025-11-03T18:16:41.317
CVE-2025-39692,0.000360000,0.104690000,0.3486811661267932,2025-12-16,2025-12-16,CVE-2025-39692,,2025-11-03T18:16:41.177
CVE-2025-39691,0.000490000,0.153250000,0.6503933364183249,2025-12-16,2025-12-16,CVE-2025-39691,,2025-11-03T18:16:41.050
CVE-2025-39690,0.000190000,0.042720000,0.2038408144377603,2025-12-16,2025-12-16,CVE-2025-39690,5.5,2025-11-25T21:29:08.727
CVE-2025-39689,0.000490000,0.153250000,0.6503933364183249,2025-12-16,2025-12-16,CVE-2025-39689,,2025-11-03T18:16:39.610
CVE-2025-39687,0.000490000,0.153250000,0.6503933364183249,2025-12-16,2025-12-16,CVE-2025-39687,,2025-11-03T18:16:39.493
CVE-2025-39686,0.000360000,0.104690000,0.3486811661267932,2025-12-16,2025-12-16,CVE-2025-39686,,2025-11-03T18:16:39.387
CVE-2025-39685,0.000360000,0.104690000,0.3486811661267932,2025-12-16,2025-12-16,CVE-2025-39685,,2025-11-03T18:16:39.290
CVE-2025-39684,0.000360000,0.104690000,0.3486811661267932,2025-12-16,2025-12-16,CVE-2025-39684,,2025-11-03T18:16:39.193
CVE-2025-39683,0.000490000,0.153250000,0.6503933364183249,2025-12-16,2025-12-16,CVE-2025-39683,,2025-11-03T18:16:39.083
CVE-2025-39682,0.000360000,0.104690000,0.3486811661267932,2025-12-16,2025-12-16,CVE-2025-39682,,2025-11-03T18:16:38.987
CVE-2025-39681,0.000490000,0.153250000,0.6503933364183249,2025-12-16,2025-12-16,CVE-2025-39681,,2025-11-03T18:16:38.877
CVE-2025-39680,0.000190000,0.041820000,0.2038408144377603,2025-12-16,2025-12-16,CVE-2025-39680,7.1,2025-11-25T21:29:02.230
CVE-2025-39679,0.000170000,0.033770000,0.09093012494215641,2025-12-16,2025-12-16,CVE-2025-39679,5.5,2025-11-25T21:28:54.547
CVE-2025-39678,0.000170000,0.034920000,0.09093012494215641,2025-12-16,2025-12-16,CVE-2025-39678,5.5,2025-11-25T21:28:44.973
CVE-2025-39677,0.000190000,0.042720000,0.2038408144377603,2025-12-16,2025-12-16,CVE-2025-39677,5.5,2025-11-25T21:28:36.563
CVE-2025-39676,0.000490000,0.153250000,0.6503933364183249,2025-12-16,2025-12-16,CVE-2025-39676,,2025-11-03T18:16:38.767
CVE-2025-39675,0.000360000,0.104690000,0.3486811661267932,2025-12-16,2025-12-16,CVE-2025-39675,,2025-11-03T18:16:38.677
CVE-2025-39674,0.000190000,0.042720000,0.2038408144377603,2025-12-16,2025-12-16,CVE-2025-39674,5.5,2025-11-25T21:28:05.853
CVE-2025-39673,0.000360000,0.104690000,0.3486811661267932,2025-12-16,2025-12-16,CVE-2025-39673,,2025-11-03T18:16:38.580
CVE-2025-38737,0.000170000,0.034920000,0.09093012494215641,2025-12-16,2025-12-16,CVE-2025-38737,5.5,2025-11-25T22:03:13.657
CVE-2025-38736,0.000360000,0.104690000,0.3486811661267932,2025-12-16,2025-12-16,CVE-2025-38736,,2025-11-03T18:16:38.383
CVE-2025-38735,0.000360000,0.104690000,0.3486811661267932,2025-12-16,2025-12-16,CVE-2025-38735,,2025-11-03T18:16:38.287
CVE-2025-38734,0.000180000,0.038510000,0.15131883387320685,2025-12-16,2025-12-16,CVE-2025-38734,7.8,2025-11-25T21:59:17.530
CVE-2025-38733,0.000170000,0.034920000,0.09093012494215641,2025-12-16,2025-12-16,CVE-2025-38733,5.5,2025-11-25T21:59:04.250
CVE-2025-38732,0.000490000,0.153250000,0.6503933364183249,2025-12-16,2025-12-16,CVE-2025-38732,,2025-11-03T18:16:38.177
CVE-2025-38731,0.000190000,0.042980000,0.2038408144377603,2025-12-16,2025-12-16,CVE-2025-38731,7.8,2025-11-25T21:51:00.783
CVE-2025-35452,0.000450000,0.139850000,0.561082832022212,2025-12-16,2025-12-16,CVE-2025-35452,9.8,2025-09-08T16:25:59.157
CVE-2025-35451,0.000450000,0.139850000,0.561082832022212,2025-12-16,2025-12-16,CVE-2025-35451,9.8,2025-09-08T16:25:59.157
CVE-2025-32320,0.000070000,0.003890000,0.015964831096714482,2025-12-16,2025-12-16,CVE-2025-32320,7.8,2025-09-08T16:39:26.370
CVE-2025-32318,0.000840000,0.248790000,0.8391948172142527,2025-12-16,2025-12-16,CVE-2025-32318,8.8,2025-09-08T16:39:18.520
CVE-2025-32317,0.000060000,0.003080000,0.01064322073114299,2025-12-16,2025-12-16,CVE-2025-32317,5.5,2025-09-08T16:39:05.173
CVE-2025-32316,0.000070000,0.003590000,0.015964831096714482,2025-12-16,2025-12-16,CVE-2025-32316,5.5,2025-09-08T16:38:55.070
CVE-2025-30200,0.000090000,0.006510000,0.03077279037482647,2025-12-16,2025-12-16,CVE-2025-30200,6.3,2025-09-23T17:12:03.670
CVE-2025-30199,0.000170000,0.033840000,0.09093012494215641,2025-12-16,2025-12-16,CVE-2025-30199,7.2,2025-09-23T17:11:48.730
CVE-2025-30198,0.000140000,0.018280000,0.04835724201758445,2025-12-16,2025-12-16,CVE-2025-30198,6.3,2025-09-23T17:11:29.170
CVE-2025-27003,0.000200000,0.044440000,0.24086071263304026,2025-12-16,2025-12-16,CVE-2025-27003,4.3,2025-09-05T17:47:10.303
CVE-2025-26461,0.000060000,0.003210000,0.01064322073114299,2025-12-16,2025-12-16,CVE-2025-26461,3.3,2025-09-08T16:38:50.637
CVE-2025-26434,0.000070000,0.003590000,0.015964831096714482,2025-12-16,2025-12-16,CVE-2025-26434,5.5,2025-09-08T16:38:44.803
CVE-2025-10026,0.000370000,0.105910000,0.36742248958815366,2025-12-16,2025-12-16,CVE-2025-10026,6.1,2025-09-10T16:45:15.147
CVE-2025-10025,0.000390000,0.114110000,0.4097639981490051,2025-12-16,2025-12-16,CVE-2025-10025,9.8,2025-09-10T16:47:06.400
CVE-2025-10014,0.000450000,0.138880000,0.561082832022212,2025-12-16,2025-12-16,CVE-2025-10014,3.1,2025-10-31T14:47:01.837
CVE-2025-10013,0.000480000,0.147610000,0.6385932438685794,2025-12-16,2025-12-16,CVE-2025-10013,6.3,2025-09-08T14:25:56.210
CVE-2025-10012,0.000370000,0.109070000,0.36742248958815366,2025-12-16,2025-12-16,CVE-2025-10012,8.8,2025-09-08T14:24:12.217
CVE-2024-0028,0.000060000,0.003080000,0.01064322073114299,2025-12-16,2025-12-16,CVE-2024-0028,5.5,2025-09-08T16:38:34.340
CVE-2025-9961,0.001150000,0.309160000,0.8845441925034706,2025-12-16,2025-12-16,CVE-2025-9961,,2025-09-08T16:25:38.810
CVE-2025-9853,0.000430000,0.129070000,0.5279962980101804,2025-12-16,2025-12-16,CVE-2025-9853,6.4,2025-09-08T16:25:38.810
CVE-2025-9849,0.000460000,0.140860000,0.6200832947709394,2025-12-16,2025-12-16,CVE-2025-9849,5.3,2025-09-08T16:25:38.810
CVE-2025-9566,0.001100000,0.301280000,0.8794539565016196,2025-12-16,2025-12-16,CVE-2025-9566,8.1,2025-11-13T10:15:55.043
CVE-2025-9515,0.003070000,0.534850000,0.945858398889403,2025-12-16,2025-12-16,CVE-2025-9515,7.2,2025-09-08T16:25:38.810
CVE-2025-9493,0.000450000,0.139450000,0.561082832022212,2025-12-16,2025-12-16,CVE-2025-9493,6.4,2025-09-08T16:25:38.810
CVE-2025-9442,0.000450000,0.139450000,0.561082832022212,2025-12-16,2025-12-16,CVE-2025-9442,6.4,2025-09-08T16:25:38.810
CVE-2025-9126,0.000480000,0.150860000,0.6385932438685794,2025-12-16,2025-12-16,CVE-2025-9126,6.4,2025-09-08T16:25:38.810
CVE-2025-9085,0.000350000,0.099700000,0.33896344285053215,2025-12-16,2025-12-16,CVE-2025-9085,4.9,2025-09-08T16:25:38.810
CVE-2025-8722,0.000450000,0.139450000,0.561082832022212,2025-12-16,2025-12-16,CVE-2025-8722,6.4,2025-09-08T16:25:38.810
CVE-2025-8564,0.000430000,0.129070000,0.5279962980101804,2025-12-16,2025-12-16,CVE-2025-8564,6.4,2025-09-08T16:25:38.810
CVE-2025-8360,0.000430000,0.129070000,0.5279962980101804,2025-12-16,2025-12-16,CVE-2025-8360,6.4,2025-09-08T16:25:38.810
CVE-2025-8359,0.004470000,0.628120000,0.9648310967144841,2025-12-16,2025-12-16,CVE-2025-8359,9.8,2025-09-08T16:25:38.810
CVE-2025-8149,0.000430000,0.129070000,0.5279962980101804,2025-12-16,2025-12-16,CVE-2025-8149,6.4,2025-09-08T16:25:38.810
CVE-2025-7368,0.000570000,0.179210000,0.7279037482646923,2025-12-16,2025-12-16,CVE-2025-7368,5.3,2025-09-08T16:25:38.810
CVE-2025-7366,0.002880000,0.519140000,0.9435446552521981,2025-12-16,2025-12-16,CVE-2025-7366,7.3,2025-09-08T16:25:38.810
CVE-2025-7045,0.003840000,0.590000000,0.956964368347987,2025-12-16,2025-12-16,CVE-2025-7045,6.5,2025-09-08T16:25:38.810
CVE-2025-7040,0.000780000,0.237760000,0.8273947246645071,2025-12-16,2025-12-16,CVE-2025-7040,8.2,2025-09-08T16:25:38.810
CVE-2025-6757,0.000450000,0.139450000,0.561082832022212,2025-12-16,2025-12-16,CVE-2025-6757,6.4,2025-09-08T16:25:38.810
CVE-2025-6067,0.000430000,0.129070000,0.5279962980101804,2025-12-16,2025-12-16,CVE-2025-6067,6.4,2025-09-08T16:25:38.810
CVE-2025-58446,0.000810000,0.242560000,0.8345673299398426,2025-12-16,2025-12-16,CVE-2025-58446,7.5,2025-09-18T15:57:02.380
CVE-2025-58445,0.000620000,0.195550000,0.7639981490050902,2025-12-16,2025-12-16,CVE-2025-58445,7.5,2025-09-10T19:43:08.493
CVE-2025-58443,0.082260000,0.918990000,0.9942156409069876,2025-12-16,2025-12-16,CVE-2025-58443,9.1,2025-09-29T13:49:57.557
CVE-2025-58439,0.000440000,0.135920000,0.549976862563628,2025-12-16,2025-12-16,CVE-2025-58439,9.1,2025-10-27T18:03:37.790
CVE-2025-58438,0.026100000,0.851910000,0.988894030541416,2025-12-16,2025-12-16,CVE-2025-58438,,2025-11-03T19:16:14.203
CVE-2025-58437,0.000450000,0.137620000,0.561082832022212,2025-12-16,2025-12-16,CVE-2025-58437,8.1,2025-10-17T13:54:43.823
CVE-2025-58374,0.000410000,0.121950000,0.475937066173068,2025-12-16,2025-12-16,CVE-2025-58374,7.8,2025-09-15T18:07:55.513
CVE-2025-58373,0.000280000,0.071270000,0.3125867653863952,2025-12-16,2025-12-16,CVE-2025-58373,6.5,2025-09-15T18:08:02.383
CVE-2025-58372,0.001020000,0.288630000,0.8713558537714021,2025-12-16,2025-12-16,CVE-2025-58372,9.8,2025-09-15T18:08:35.817
CVE-2025-58371,0.003060000,0.534230000,0.9456270245256826,2025-12-16,2025-12-16,CVE-2025-58371,9.8,2025-09-15T18:08:40.367
CVE-2025-58370,0.001580000,0.372360000,0.906987505784359,2025-12-16,2025-12-16,CVE-2025-58370,8.1,2025-09-10T15:11:46.347
CVE-2025-58369,0.000860000,0.253360000,0.8433595557612217,2025-12-16,2025-12-16,CVE-2025-58369,5.3,2025-11-07T12:15:34.797
CVE-2025-58367,0.004890000,0.647860000,0.9669134659879686,2025-12-16,2025-12-16,CVE-2025-58367,,2025-09-08T16:25:38.810
CVE-2025-58366,0.000580000,0.182060000,0.7376214715409533,2025-12-16,2025-12-16,CVE-2025-58366,,2025-09-08T16:25:38.810
CVE-2025-57807,0.000430000,0.131070000,0.5279962980101804,2025-12-16,2025-12-16,CVE-2025-57807,9.8,2025-11-03T19:16:12.893
CVE-2025-53791,0.000520000,0.164130000,0.6929662193428968,2025-12-16,2025-12-16,CVE-2025-53791,4.7,2025-09-10T16:00:24.180
CVE-2025-48042,0.000580000,0.180670000,0.7376214715409533,2025-12-16,2025-12-16,CVE-2025-48042,,2025-09-08T16:25:38.810
CVE-2025-39734,0.000360000,0.104690000,0.3486811661267932,2025-12-16,2025-12-16,CVE-2025-39734,,2025-11-03T18:16:45.060
CVE-2025-39733,0.000170000,0.034920000,0.09093012494215641,2025-12-16,2025-12-16,CVE-2025-39733,5.5,2025-11-25T17:50:56.983
CVE-2025-39732,0.000170000,0.033770000,0.09093012494215641,2025-12-16,2025-12-16,CVE-2025-39732,5.5,2025-11-25T17:52:03.647
CVE-2025-39731,0.000360000,0.104690000,0.3486811661267932,2025-12-16,2025-12-16,CVE-2025-39731,,2025-11-03T18:16:44.960
CVE-2025-39730,0.000710000,0.220020000,0.8047200370198982,2025-12-16,2025-12-16,CVE-2025-39730,,2025-11-03T18:16:44.840
CVE-2025-39729,0.000190000,0.042720000,0.2038408144377603,2025-12-16,2025-12-16,CVE-2025-39729,5.5,2025-11-25T17:55:42.410
CVE-2025-39727,0.000180000,0.037150000,0.15131883387320685,2025-12-16,2025-12-16,CVE-2025-39727,7.8,2025-11-25T17:59:53.117
CVE-2025-36100,0.000170000,0.033280000,0.09093012494215641,2025-12-16,2025-12-16,CVE-2025-36100,5.1,2025-09-08T16:25:38.810
CVE-2025-10079,0.000370000,0.107380000,0.36742248958815366,2025-12-16,2025-12-16,CVE-2025-10079,9.8,2025-09-18T15:54:38.660
CVE-2025-10078,0.000390000,0.114110000,0.4097639981490051,2025-12-16,2025-12-16,CVE-2025-10078,9.8,2025-09-09T16:51:49.687
CVE-2025-10077,0.000370000,0.107380000,0.36742248958815366,2025-12-16,2025-12-16,CVE-2025-10077,9.8,2025-09-09T15:52:50.727
CVE-2025-10076,0.000370000,0.107380000,0.36742248958815366,2025-12-16,2025-12-16,CVE-2025-10076,9.8,2025-09-09T15:52:43.040
CVE-2025-10075,0.000340000,0.093500000,0.3322535863026377,2025-12-16,2025-12-16,CVE-2025-10075,5.4,2025-09-09T15:52:25.713
CVE-2025-10074,0.000370000,0.105910000,0.36742248958815366,2025-12-16,2025-12-16,CVE-2025-10074,5.4,2025-09-09T15:52:14.107
CVE-2025-10073,0.000350000,0.099650000,0.33896344285053215,2025-12-16,2025-12-16,CVE-2025-10073,4.3,2025-09-09T15:52:05.773
CVE-2025-10072,0.000480000,0.147610000,0.6385932438685794,2025-12-16,2025-12-16,CVE-2025-10072,6.3,2025-09-09T15:51:44.783
CVE-2025-10071,0.000480000,0.147610000,0.6385932438685794,2025-12-16,2025-12-16,CVE-2025-10071,6.3,2025-09-09T15:45:12.823
CVE-2025-10070,0.000480000,0.147610000,0.6385932438685794,2025-12-16,2025-12-16,CVE-2025-10070,6.3,2025-09-09T15:44:41.517
CVE-2025-10068,0.000390000,0.114110000,0.4097639981490051,2025-12-16,2025-12-16,CVE-2025-10068,9.8,2025-09-09T16:54:56.577
CVE-2025-10067,0.000480000,0.148500000,0.6385932438685794,2025-12-16,2025-12-16,CVE-2025-10067,6.1,2025-09-09T17:00:43.287
CVE-2025-10066,0.000480000,0.148500000,0.6385932438685794,2025-12-16,2025-12-16,CVE-2025-10066,6.1,2025-09-09T17:52:12.487
CVE-2025-10065,0.000480000,0.148500000,0.6385932438685794,2025-12-16,2025-12-16,CVE-2025-10065,6.1,2025-09-09T17:57:06.247
CVE-2025-10064,0.000480000,0.148500000,0.6385932438685794,2025-12-16,2025-12-16,CVE-2025-10064,6.1,2025-09-10T19:25:02.577
CVE-2025-10063,0.000480000,0.148500000,0.6385932438685794,2025-12-16,2025-12-16,CVE-2025-10063,6.1,2025-09-10T19:39:23.587
CVE-2025-10062,0.000370000,0.107380000,0.36742248958815366,2025-12-16,2025-12-16,CVE-2025-10062,9.8,2025-09-09T15:43:56.757
CVE-2025-10061,0.000600000,0.189580000,0.7515039333641832,2025-12-16,2025-12-16,CVE-2025-10061,6.5,2025-11-13T16:58:52.193
CVE-2025-10060,0.001740000,0.391870000,0.9155483572420176,2025-12-16,2025-12-16,CVE-2025-10060,7.5,2025-09-18T16:14:27.200
CVE-2025-10059,0.000490000,0.154440000,0.6503933364183249,2025-12-16,2025-12-16,CVE-2025-10059,6.5,2025-09-22T16:55:12.757
CVE-2025-10046,0.001330000,0.337000000,0.8968070337806571,2025-12-16,2025-12-16,CVE-2025-10046,4.9,2025-09-08T16:25:38.810
CVE-2025-10044,0.000500000,0.154570000,0.6753817677001388,2025-12-16,2025-12-16,CVE-2025-10044,4.3,2025-11-07T12:15:33.860
CVE-2025-10034,0.000690000,0.212790000,0.7989356779268857,2025-12-16,2025-12-16,CVE-2025-10034,9.8,2025-09-29T18:29:06.463
CVE-2025-10033,0.000390000,0.114110000,0.4097639981490051,2025-12-16,2025-12-16,CVE-2025-10033,9.8,2025-09-10T19:44:00.340
CVE-2025-10032,0.000590000,0.185340000,0.7457195742711707,2025-12-16,2025-12-16,CVE-2025-10032,6.1,2025-09-10T18:16:30.280
CVE-2025-10031,0.000390000,0.114110000,0.4097639981490051,2025-12-16,2025-12-16,CVE-2025-10031,9.8,2025-09-10T18:16:12.827
CVE-2025-10030,0.000390000,0.114110000,0.4097639981490051,2025-12-16,2025-12-16,CVE-2025-10030,9.8,2025-09-10T18:15:37.933
CVE-2025-10029,0.000370000,0.105910000,0.36742248958815366,2025-12-16,2025-12-16,CVE-2025-10029,6.1,2025-09-10T19:46:51.947
CVE-2025-10028,0.000370000,0.105910000,0.36742248958815366,2025-12-16,2025-12-16,CVE-2025-10028,6.1,2025-09-10T19:49:13.320
CVE-2025-10027,0.000370000,0.105910000,0.36742248958815366,2025-12-16,2025-12-16,CVE-2025-10027,6.1,2025-09-10T15:56:17.327
CVE-2025-10003,0.000740000,0.226800000,0.8144377602961592,2025-12-16,2025-12-16,CVE-2025-10003,6.5,2025-09-08T16:25:38.810
CVE-2025-0034,0.000180000,0.036530000,0.15131883387320685,2025-12-16,2025-12-16,CVE-2025-0034,4.7,2025-09-08T16:25:38.810
CVE-2025-0032,0.000160000,0.027750000,0.06293382693197594,2025-12-16,2025-12-16,CVE-2025-0032,7.2,2025-09-08T16:25:38.810
CVE-2025-0011,0.000180000,0.035360000,0.15131883387320685,2025-12-16,2025-12-16,CVE-2025-0011,3.3,2025-09-08T16:25:38.810
CVE-2025-0010,0.000210000,0.048220000,0.26862563627950026,2025-12-16,2025-12-16,CVE-2025-0010,6.1,2025-09-08T16:25:38.810
CVE-2025-0009,0.000190000,0.042720000,0.2038408144377603,2025-12-16,2025-12-16,CVE-2025-0009,5.5,2025-09-08T16:25:38.810
CVE-2024-36354,0.000150000,0.023610000,0.05529847292919945,2025-12-16,2025-12-16,CVE-2024-36354,7.5,2025-09-23T22:15:33.817
CVE-2024-36352,0.000190000,0.042210000,0.2038408144377603,2025-12-16,2025-12-16,CVE-2024-36352,8.4,2025-09-08T16:25:38.810
CVE-2024-36346,0.000260000,0.064990000,0.3040259139287367,2025-12-16,2025-12-16,CVE-2024-36346,6.0,2025-09-08T16:25:38.810
CVE-2024-36342,0.000300000,0.079960000,0.3216103655714947,2025-12-16,2025-12-16,CVE-2024-36342,8.8,2025-09-23T22:15:33.657
CVE-2024-36331,0.000190000,0.042020000,0.2038408144377603,2025-12-16,2025-12-16,CVE-2024-36331,3.2,2025-11-03T18:15:41.813
CVE-2024-36326,0.000170000,0.032270000,0.09093012494215641,2025-12-16,2025-12-16,CVE-2024-36326,8.4,2025-09-08T16:25:38.810
CVE-2024-21970,0.000170000,0.032260000,0.09093012494215641,2025-12-16,2025-12-16,CVE-2024-21970,4.4,2025-09-08T16:25:38.810
CVE-2024-21947,0.000170000,0.033420000,0.09093012494215641,2025-12-16,2025-12-16,CVE-2024-21947,7.5,2025-09-23T22:15:33.333
CVE-2023-31365,0.000180000,0.038350000,0.15131883387320685,2025-12-16,2025-12-16,CVE-2023-31365,3.9,2025-09-08T16:25:38.810
CVE-2023-31351,0.000170000,0.032260000,0.09093012494215641,2025-12-16,2025-12-16,CVE-2023-31351,5.3,2025-09-08T16:25:38.810
CVE-2023-31330,0.000160000,0.028530000,0.06293382693197594,2025-12-16,2025-12-16,CVE-2023-31330,2.5,2025-09-08T16:25:38.810
CVE-2023-31326,0.000160000,0.026490000,0.06293382693197594,2025-12-16,2025-12-16,CVE-2023-31326,2.8,2025-09-08T16:25:38.810
CVE-2023-31325,0.000170000,0.033030000,0.09093012494215641,2025-12-16,2025-12-16,CVE-2023-31325,7.2,2025-09-08T16:25:38.810
CVE-2023-31322,0.000200000,0.044040000,0.24086071263304026,2025-12-16,2025-12-16,CVE-2023-31322,8.7,2025-09-08T16:25:38.810
CVE-2023-31306,0.000200000,0.043880000,0.24086071263304026,2025-12-16,2025-12-16,CVE-2023-31306,3.3,2025-09-08T16:25:38.810
CVE-2023-20516,0.000350000,0.097690000,0.33896344285053215,2025-12-16,2025-12-16,CVE-2023-20516,3.3,2025-09-08T16:25:38.810
CVE-2021-46750,0.000160000,0.027420000,0.06293382693197594,2025-12-16,2025-12-16,CVE-2021-46750,3.0,2025-09-08T16:25:38.810
CVE-2021-26383,0.000180000,0.037430000,0.15131883387320685,2025-12-16,2025-12-16,CVE-2021-26383,7.9,2025-09-08T16:25:38.810
CVE-2021-26377,0.000160000,0.028020000,0.06293382693197594,2025-12-16,2025-12-16,CVE-2021-26377,4.1,2025-09-08T16:25:38.810
CVE-2025-9114,0.002210000,0.446960000,0.9312818139750115,2025-12-16,2025-12-16,CVE-2025-9114,9.8,2025-09-09T16:28:43.660
CVE-2025-9113,0.002240000,0.450630000,0.9319759370661731,2025-12-16,2025-12-16,CVE-2025-9113,9.8,2025-09-09T16:28:43.660
CVE-2025-9112,0.003030000,0.531660000,0.9447015270708006,2025-12-16,2025-12-16,CVE-2025-9112,8.8,2025-09-09T16:28:43.660
CVE-2025-8085,0.078320000,0.916590000,0.9937528921795465,2025-12-16,2025-12-16,CVE-2025-8085,8.6,2025-09-08T19:15:37.450
CVE-2025-7709,0.000590000,0.185890000,0.7457195742711707,2025-12-16,2025-12-16,CVE-2025-7709,,2025-11-18T23:15:58.500
CVE-2025-5993,0.004090000,0.605700000,0.9599722350763535,2025-12-16,2025-12-16,CVE-2025-5993,,2025-09-08T16:25:38.810
CVE-2025-59033,0.000610000,0.193380000,0.7570569180934752,2025-12-16,2025-12-16,CVE-2025-59033,7.4,2025-11-17T16:15:48.010
CVE-2025-58782,0.001860000,0.406620000,0.918093475242943,2025-12-16,2025-12-16,CVE-2025-58782,6.5,2025-11-19T16:17:33.997
CVE-2025-58757,0.003040000,0.532310000,0.9451642757982416,2025-12-16,2025-12-16,CVE-2025-58757,8.8,2025-09-19T15:26:11.050
CVE-2025-58756,0.005050000,0.654650000,0.9673762147154096,2025-12-16,2025-12-16,CVE-2025-58756,8.8,2025-09-19T15:26:29.890
CVE-2025-58755,0.000990000,0.283610000,0.8651087459509487,2025-12-16,2025-12-16,CVE-2025-58755,8.8,2025-09-19T15:25:37.963
CVE-2025-58752,0.000250000,0.061840000,0.2998611753817677,2025-12-16,2025-12-16,CVE-2025-58752,5.3,2025-09-17T16:12:20.913
CVE-2025-58751,0.020860000,0.835120000,0.9872744099953725,2025-12-16,2025-12-16,CVE-2025-58751,5.3,2025-09-17T16:21:36.240
CVE-2025-58746,0.000560000,0.175190000,0.7221193891716797,2025-12-16,2025-12-16,CVE-2025-58746,9.0,2025-09-09T16:28:43.660
CVE-2025-58745,0.002260000,0.452810000,0.933364183248496,2025-12-16,2025-12-16,CVE-2025-58745,8.8,2025-09-17T16:24:10.920
CVE-2025-58454,0.000480000,0.149230000,0.6385932438685794,2025-12-16,2025-12-16,CVE-2025-58454,8.2,2025-09-17T16:29:29.123
CVE-2025-58453,0.000480000,0.149230000,0.6385932438685794,2025-12-16,2025-12-16,CVE-2025-58453,8.2,2025-09-17T16:31:24.797
CVE-2025-58452,0.000510000,0.158150000,0.6850994909763998,2025-12-16,2025-12-16,CVE-2025-58452,6.1,2025-09-17T16:35:57.123
CVE-2025-58451,0.000630000,0.196830000,0.7700138824618232,2025-12-16,2025-12-16,CVE-2025-58451,,2025-09-09T16:28:43.660
CVE-2025-58450,0.000450000,0.139000000,0.561082832022212,2025-12-16,2025-12-16,CVE-2025-58450,,2025-09-09T16:28:43.660
CVE-2025-58449,0.001300000,0.332470000,0.895881536325775,2025-12-16,2025-12-16,CVE-2025-58449,,2025-09-09T16:28:43.660
CVE-2025-58444,0.000330000,0.091690000,0.3301712170291532,2025-12-16,2025-12-16,CVE-2025-58444,,2025-09-09T16:28:43.660
CVE-2025-58422,0.000270000,0.066660000,0.3098102730217492,2025-12-16,2025-12-16,CVE-2025-58422,3.1,2025-09-08T16:25:38.810
CVE-2025-58365,0.004440000,0.627000000,0.9643683479870431,2025-12-16,2025-12-16,CVE-2025-58365,,2025-09-09T16:28:43.660
CVE-2025-57817,0.000540000,0.169890000,0.7084683017121703,2025-12-16,2025-12-16,CVE-2025-57817,7.2,2025-09-10T18:41:28.043
CVE-2025-57816,0.000590000,0.186590000,0.7457195742711707,2025-12-16,2025-12-16,CVE-2025-57816,7.5,2025-09-10T18:42:17.857
CVE-2025-57815,0.000660000,0.206320000,0.7873669597408607,2025-12-16,2025-12-16,CVE-2025-57815,6.5,2025-09-10T18:43:41.397
CVE-2025-57766,0.000530000,0.168370000,0.6982878297084683,2025-12-16,2025-12-16,CVE-2025-57766,4.8,2025-09-10T18:44:37.507
CVE-2025-57285,0.011140000,0.776200000,0.9810273021749191,2025-12-16,2025-12-16,CVE-2025-57285,9.8,2025-09-12T20:37:59.793
CVE-2025-57141,0.005840000,0.682580000,0.9701527070800555,2025-12-16,2025-12-16,CVE-2025-57141,9.8,2025-09-12T20:57:24.853
CVE-2025-56630,0.000400000,0.118760000,0.4701527070800555,2025-12-16,2025-12-16,CVE-2025-56630,7.3,2025-09-08T20:36:30.930
CVE-2025-56267,0.001080000,0.297910000,0.8762147154095327,2025-12-16,2025-12-16,CVE-2025-56267,9.8,2025-09-12T20:42:47.967
CVE-2025-56266,0.001080000,0.297910000,0.8762147154095327,2025-12-16,2025-12-16,CVE-2025-56266,9.8,2025-09-12T20:44:33.150
CVE-2025-56265,0.000890000,0.258580000,0.8484497917630727,2025-12-16,2025-12-16,CVE-2025-56265,8.8,2025-09-12T20:47:21.743
CVE-2025-55998,0.000580000,0.182190000,0.7376214715409533,2025-12-16,2025-12-16,CVE-2025-55998,8.1,2025-09-29T18:15:32.637
CVE-2025-55849,0.000250000,0.059390000,0.2998611753817677,2025-12-16,2025-12-16,CVE-2025-55849,8.4,2025-10-09T18:21:11.407
CVE-2025-54994,0.006280000,0.695570000,0.9720037019898196,2025-12-16,2025-12-16,CVE-2025-54994,,2025-09-09T16:28:43.660
CVE-2025-53838,0.000500000,0.155350000,0.6753817677001388,2025-12-16,2025-12-16,CVE-2025-53838,5.4,2025-10-06T15:02:15.163
CVE-2025-52389,0.000850000,0.250960000,0.8417399352151782,2025-12-16,2025-12-16,CVE-2025-52389,8.8,2025-09-09T16:28:43.660
CVE-2025-52288,0.000820000,0.244250000,0.8361869504858862,2025-12-16,2025-12-16,CVE-2025-52288,7.5,2025-10-09T18:19:21.320
CVE-2025-52161,0.000670000,0.209730000,0.7933826931975937,2025-12-16,2025-12-16,CVE-2025-52161,9.8,2025-09-12T21:00:29.540
CVE-2025-51586,0.011520000,0.779700000,0.98149005090236,2025-12-16,2025-12-16,CVE-2025-51586,3.7,2025-09-12T20:49:23.253
CVE-2025-43763,0.000390000,0.113110000,0.4097639981490051,2025-12-16,2025-12-16,CVE-2025-43763,6.5,2025-12-12T20:27:55.020
CVE-2025-43722,0.000160000,0.029810000,0.06293382693197594,2025-12-16,2025-12-16,CVE-2025-43722,6.7,2025-10-09T18:29:23.237
CVE-2025-42912,0.000390000,0.116660000,0.4097639981490051,2025-12-16,2025-12-16,CVE-2025-42912,6.5,2025-09-09T16:28:43.660
CVE-2025-42911,0.000370000,0.109200000,0.36742248958815366,2025-12-16,2025-12-16,CVE-2025-42911,4.3,2025-10-23T12:45:48.857
CVE-2025-41708,0.000370000,0.107610000,0.36742248958815366,2025-12-16,2025-12-16,CVE-2025-41708,7.4,2025-09-08T16:25:38.810
CVE-2025-41682,0.000580000,0.183640000,0.7376214715409533,2025-12-16,2025-12-16,CVE-2025-41682,8.8,2025-09-08T16:25:38.810
CVE-2025-41664,0.001080000,0.298500000,0.8762147154095327,2025-12-16,2025-12-16,CVE-2025-41664,7.5,2025-09-08T16:25:38.810
CVE-2025-40930,0.000800000,0.241320000,0.8331790837575197,2025-12-16,2025-12-16,CVE-2025-40930,7.5,2025-11-04T22:16:12.810
CVE-2025-40929,0.000640000,0.201870000,0.7783433595557612,2025-12-16,2025-12-16,CVE-2025-40929,5.6,2025-11-04T22:16:12.663
CVE-2025-40928,0.001000000,0.284380000,0.8683479870430356,2025-12-16,2025-12-16,CVE-2025-40928,7.5,2025-11-04T22:16:12.510
CVE-2025-40642,0.004370000,0.623980000,0.9639055992596021,2025-12-16,2025-12-16,CVE-2025-40642,,2025-09-08T16:25:38.810
CVE-2025-40641,0.002450000,0.476590000,0.9372975474317445,2025-12-16,2025-12-16,CVE-2025-40641,,2025-09-08T16:25:38.810
CVE-2025-36855,0.001070000,0.295920000,0.8755205923183711,2025-12-16,2025-12-16,CVE-2025-36855,8.8,2025-09-08T16:25:38.810
CVE-2025-36854,0.001290000,0.331560000,0.8954187875983342,2025-12-16,2025-12-16,CVE-2025-36854,8.1,2025-09-08T16:25:38.810
CVE-2025-36853,0.001100000,0.301710000,0.8794539565016196,2025-12-16,2025-12-16,CVE-2025-36853,7.5,2025-09-08T16:25:38.810
CVE-2025-3212,0.000580000,0.183120000,0.7376214715409533,2025-12-16,2025-12-16,CVE-2025-3212,5.3,2025-09-08T20:15:34.517
CVE-2025-22956,0.000640000,0.200400000,0.7783433595557612,2025-12-16,2025-12-16,CVE-2025-22956,9.8,2025-09-09T18:15:32.870
CVE-2025-1761,0.000570000,0.177420000,0.7279037482646923,2025-12-16,2025-12-16,CVE-2025-1761,7.5,2025-09-17T16:41:04.240
CVE-2025-10121,0.000390000,0.116100000,0.4097639981490051,2025-12-16,2025-12-16,CVE-2025-10121,6.3,2025-09-09T16:28:43.660
CVE-2025-10120,0.001120000,0.304400000,0.8808422026839426,2025-12-16,2025-12-16,CVE-2025-10120,8.8,2025-09-10T16:41:54.140
CVE-2025-10118,0.000520000,0.164310000,0.6929662193428968,2025-12-16,2025-12-16,CVE-2025-10118,9.8,2025-09-10T16:42:55.187
CVE-2025-10117,0.000370000,0.105910000,0.36742248958815366,2025-12-16,2025-12-16,CVE-2025-10117,5.4,2025-09-10T16:43:43.853
CVE-2025-10116,0.000570000,0.178070000,0.7279037482646923,2025-12-16,2025-12-16,CVE-2025-10116,7.3,2025-09-09T16:28:43.660
CVE-2025-10115,0.000420000,0.126080000,0.4872744099953725,2025-12-16,2025-12-16,CVE-2025-10115,7.3,2025-09-09T16:28:43.660
CVE-2025-10114,0.000370000,0.107380000,0.36742248958815366,2025-12-16,2025-12-16,CVE-2025-10114,9.8,2025-09-10T16:44:28.623
CVE-2025-10113,0.000520000,0.164310000,0.6929662193428968,2025-12-16,2025-12-16,CVE-2025-10113,9.8,2025-09-10T16:44:08.300
CVE-2025-10112,0.000170000,0.032140000,0.09093012494215641,2025-12-16,2025-12-16,CVE-2025-10112,9.8,2025-09-10T16:44:43.440
CVE-2025-10111,0.000390000,0.114110000,0.4097639981490051,2025-12-16,2025-12-16,CVE-2025-10111,9.8,2025-09-10T16:41:34.427
CVE-2025-10110,0.000360000,0.102610000,0.3486811661267932,2025-12-16,2025-12-16,CVE-2025-10110,8.8,2025-09-10T16:41:18.860
CVE-2025-10109,0.000390000,0.114110000,0.4097639981490051,2025-12-16,2025-12-16,CVE-2025-10109,9.8,2025-09-10T16:41:44.920
CVE-2025-10108,0.000390000,0.114110000,0.4097639981490051,2025-12-16,2025-12-16,CVE-2025-10108,9.8,2025-09-10T18:02:55.213
CVE-2025-10106,0.000370000,0.109070000,0.36742248958815366,2025-12-16,2025-12-16,CVE-2025-10106,8.8,2025-09-10T18:06:28.050
CVE-2025-10105,0.000370000,0.109070000,0.36742248958815366,2025-12-16,2025-12-16,CVE-2025-10105,8.8,2025-09-10T18:05:59.417
CVE-2025-10104,0.000390000,0.114110000,0.4097639981490051,2025-12-16,2025-12-16,CVE-2025-10104,9.8,2025-11-13T15:55:10.843
CVE-2025-10103,0.000390000,0.114110000,0.4097639981490051,2025-12-16,2025-12-16,CVE-2025-10103,9.8,2025-11-13T15:57:08.600
CVE-2025-10102,0.000390000,0.114110000,0.4097639981490051,2025-12-16,2025-12-16,CVE-2025-10102,9.8,2025-11-13T15:59:35.050
CVE-2025-10100,0.000390000,0.114110000,0.4097639981490051,2025-12-16,2025-12-16,CVE-2025-10100,9.8,2025-09-12T20:47:57.507
CVE-2025-10099,0.000440000,0.133570000,0.549976862563628,2025-12-16,2025-12-16,CVE-2025-10099,4.8,2025-09-11T15:39:42.777
CVE-2025-10098,0.000370000,0.109070000,0.36742248958815366,2025-12-16,2025-12-16,CVE-2025-10098,8.8,2025-09-12T20:52:00.780
CVE-2025-10097,0.000530000,0.166640000,0.6982878297084683,2025-12-16,2025-12-16,CVE-2025-10097,9.8,2025-09-12T20:53:05.000
CVE-2025-10096,0.000640000,0.201400000,0.7783433595557612,2025-12-16,2025-12-16,CVE-2025-10096,6.5,2025-11-14T20:32:04.760
CVE-2025-10093,0.000720000,0.222510000,0.8114298935677927,2025-12-16,2025-12-16,CVE-2025-10093,7.5,2025-09-29T18:27:40.350
CVE-2025-10092,0.000630000,0.197280000,0.7700138824618232,2025-12-16,2025-12-16,CVE-2025-10092,9.8,2025-10-09T18:41:19.333
CVE-2025-10091,0.000630000,0.197280000,0.7700138824618232,2025-12-16,2025-12-16,CVE-2025-10091,9.8,2025-10-09T18:49:48.293
CVE-2025-10090,0.000450000,0.139970000,0.561082832022212,2025-12-16,2025-12-16,CVE-2025-10090,9.8,2025-10-09T18:50:28.127
CVE-2025-10088,0.000370000,0.105910000,0.36742248958815366,2025-12-16,2025-12-16,CVE-2025-10088,5.4,2025-09-08T20:38:45.420
CVE-2025-10087,0.000350000,0.100310000,0.33896344285053215,2025-12-16,2025-12-16,CVE-2025-10087,7.2,2025-11-17T19:05:33.057
CVE-2025-10086,0.000470000,0.144570000,0.6291068949560389,2025-12-16,2025-12-16,CVE-2025-10086,6.3,2025-10-09T20:44:25.740
CVE-2025-10085,0.000570000,0.177610000,0.7279037482646923,2025-12-16,2025-12-16,CVE-2025-10085,8.8,2025-11-17T19:05:40.370
CVE-2025-10084,0.000340000,0.095080000,0.3322535863026377,2025-12-16,2025-12-16,CVE-2025-10084,4.3,2025-10-31T14:41:38.347
CVE-2025-10083,0.000640000,0.199540000,0.7783433595557612,2025-12-16,2025-12-16,CVE-2025-10083,8.8,2025-11-17T19:05:35.693
CVE-2025-10082,0.000390000,0.114110000,0.4097639981490051,2025-12-16,2025-12-16,CVE-2025-10082,9.8,2025-09-09T16:32:56.007
CVE-2025-10081,0.000640000,0.199530000,0.7783433595557612,2025-12-16,2025-12-16,CVE-2025-10081,7.2,2025-11-17T19:05:44.620
CVE-2025-10080,0.000370000,0.108130000,0.36742248958815366,2025-12-16,2025-12-16,CVE-2025-10080,3.1,2025-09-08T16:25:38.810
CVE-2024-48341,0.000270000,0.068160000,0.3098102730217492,2025-12-16,2025-12-16,CVE-2024-48341,3.7,2025-09-18T15:42:05.877
CVE-2022-50238,0.000760000,0.231280000,0.8234613604812587,2025-12-16,2025-12-16,CVE-2022-50238,7.4,2025-11-17T16:15:43.917
CVE-2019-25225,0.000510000,0.161020000,0.6850994909763998,2025-12-16,2025-12-16,CVE-2019-25225,6.1,2025-09-19T15:18:42.913
CVE-2014-125128,0.000510000,0.161020000,0.6850994909763998,2025-12-16,2025-12-16,CVE-2014-125128,6.1,2025-09-19T15:14:35.680
CVE-2025-9994,0.001140000,0.308180000,0.8838500694123091,2025-12-16,2025-12-16,CVE-2025-9994,9.8,2025-11-03T19:16:18.503
CVE-2025-9951,0.004000000,0.600100000,0.9590467376214715,2025-12-16,2025-12-16,CVE-2025-9951,,2025-09-09T16:28:43.660
CVE-2025-9872,0.007760000,0.729680000,0.976399814900509,2025-12-16,2025-12-16,CVE-2025-9872,8.8,2025-10-10T19:24:34.123
CVE-2025-9712,0.006690000,0.706310000,0.973160573808422,2025-12-16,2025-12-16,CVE-2025-9712,8.8,2025-10-10T19:25:42.520
CVE-2025-9542,0.000450000,0.136750000,0.561082832022212,2025-12-16,2025-12-16,CVE-2025-9542,5.4,2025-09-09T16:28:43.660
CVE-2025-9539,0.002140000,0.440350000,0.929199444701527,2025-12-16,2025-12-16,CVE-2025-9539,8.0,2025-09-09T16:28:43.660
CVE-2025-9489,0.000840000,0.248680000,0.8391948172142527,2025-12-16,2025-12-16,CVE-2025-9489,5.0,2025-09-09T16:28:43.660
CVE-2025-9364,0.000080000,0.005190000,0.025451180009254976,2025-12-16,2025-12-16,CVE-2025-9364,8.8,2025-09-10T14:09:05.267
CVE-2025-9166,0.001040000,0.290870000,0.8722813512262841,2025-12-16,2025-12-16,CVE-2025-9166,7.5,2025-10-20T19:05:29.813
CVE-2025-9161,0.000300000,0.081630000,0.3216103655714947,2025-12-16,2025-12-16,CVE-2025-9161,8.8,2025-10-20T19:11:17.067
CVE-2025-9160,0.000280000,0.071900000,0.3125867653863952,2025-12-16,2025-12-16,CVE-2025-9160,,2025-09-09T16:28:43.660
CVE-2025-9111,0.000460000,0.143450000,0.6200832947709394,2025-12-16,2025-12-16,CVE-2025-9111,3.5,2025-11-13T21:15:55.120
CVE-2025-9065,0.000100000,0.008920000,0.034706154558074964,2025-12-16,2025-12-16,CVE-2025-9065,8.8,2025-10-20T19:17:27.270
CVE-2025-9061,0.000350000,0.099460000,0.33896344285053215,2025-12-16,2025-12-16,CVE-2025-9061,6.4,2025-09-09T16:28:43.660
CVE-2025-9058,0.000350000,0.099460000,0.33896344285053215,2025-12-16,2025-12-16,CVE-2025-9058,6.4,2025-09-09T16:28:43.660
CVE-2025-8889,0.000380000,0.109590000,0.4012031466913466,2025-12-16,2025-12-16,CVE-2025-8889,3.8,2025-11-13T21:15:54.960
CVE-2025-8712,0.004630000,0.635460000,0.965756594169366,2025-12-16,2025-12-16,CVE-2025-8712,5.4,2025-09-24T19:56:42.603
CVE-2025-8711,0.001060000,0.294230000,0.8739009717723276,2025-12-16,2025-12-16,CVE-2025-8711,5.4,2025-09-24T19:58:44.190
CVE-2025-8277,0.000720000,0.221390000,0.8114298935677927,2025-12-16,2025-12-16,CVE-2025-8277,3.1,2025-09-09T16:28:43.660
CVE-2025-8008,0.000330000,0.090640000,0.3301712170291532,2025-12-16,2025-12-16,CVE-2025-8008,6.5,2025-09-17T15:42:27.340
CVE-2025-8007,0.000660000,0.205370000,0.7873669597408607,2025-12-16,2025-12-16,CVE-2025-8007,6.5,2025-09-17T15:47:58.823
CVE-2025-7970,0.000490000,0.154420000,0.6503933364183249,2025-12-16,2025-12-16,CVE-2025-7970,7.5,2025-09-17T15:59:35.430
CVE-2025-7350,0.006450000,0.700030000,0.9729291994447016,2025-12-16,2025-12-16,CVE-2025-7350,,2025-09-09T16:28:43.660
CVE-2025-59019,0.000430000,0.130600000,0.5279962980101804,2025-12-16,2025-12-16,CVE-2025-59019,4.3,2025-09-26T14:09:51.020
CVE-2025-59018,0.000480000,0.149970000,0.6385932438685794,2025-12-16,2025-12-16,CVE-2025-59018,6.5,2025-09-26T14:08:37.780
CVE-2025-59017,0.000620000,0.193720000,0.7639981490050902,2025-12-16,2025-12-16,CVE-2025-59017,8.8,2025-09-10T13:44:43.430
CVE-2025-59016,0.000430000,0.130600000,0.5279962980101804,2025-12-16,2025-12-16,CVE-2025-59016,4.3,2025-09-10T13:43:46.577
CVE-2025-59015,0.000430000,0.132270000,0.5279962980101804,2025-12-16,2025-12-16,CVE-2025-59015,6.5,2025-09-10T13:42:59.310
CVE-2025-59014,0.000560000,0.176470000,0.7221193891716797,2025-12-16,2025-12-16,CVE-2025-59014,2.7,2025-09-10T13:40:09.090
CVE-2025-59013,0.000380000,0.112070000,0.4012031466913466,2025-12-16,2025-12-16,CVE-2025-59013,6.1,2025-09-10T13:38:40.473
CVE-2025-55148,0.012450000,0.787740000,0.982415548357242,2025-12-16,2025-12-16,CVE-2025-55148,7.6,2025-09-24T19:58:37.017
CVE-2025-55147,0.004040000,0.602850000,0.9597408607126331,2025-12-16,2025-12-16,CVE-2025-55147,8.8,2025-09-24T19:58:28.357
CVE-2025-55146,0.007270000,0.719840000,0.9750115687181861,2025-12-16,2025-12-16,CVE-2025-55146,4.9,2025-09-24T19:58:20.130
CVE-2025-55145,0.004790000,0.643180000,0.9664507172605276,2025-12-16,2025-12-16,CVE-2025-55145,8.9,2025-09-24T19:58:03.083
CVE-2025-55144,0.010940000,0.774120000,0.9805645534474781,2025-12-16,2025-12-16,CVE-2025-55144,5.4,2025-09-24T19:57:29.287
CVE-2025-55143,0.000420000,0.128460000,0.4872744099953725,2025-12-16,2025-12-16,CVE-2025-55143,6.1,2025-09-24T19:57:14.347
CVE-2025-55142,0.027930000,0.856190000,0.9891254049051366,2025-12-16,2025-12-16,CVE-2025-55142,8.8,2025-09-24T19:56:55.957
CVE-2025-55141,0.027930000,0.856190000,0.9891254049051366,2025-12-16,2025-12-16,CVE-2025-55141,8.8,2025-09-24T19:50:26.923
CVE-2025-55139,0.003790000,0.587640000,0.956501619620546,2025-12-16,2025-12-16,CVE-2025-55139,6.8,2025-09-24T19:50:14.403
CVE-2025-54236,0.591500000,0.981370000,0.998149005090236,2025-12-16,2025-12-16,CVE-2025-54236,9.1,2025-12-16T02:00:02.520
CVE-2025-53609,0.000820000,0.245210000,0.8361869504858862,2025-12-16,2025-12-16,CVE-2025-53609,4.9,2025-09-10T15:14:32.080
CVE-2025-52915,0.000500000,0.156900000,0.6753817677001388,2025-12-16,2025-12-16,CVE-2025-52915,7.2,2025-09-10T14:15:37.800
CVE-2025-52322,0.002220000,0.447680000,0.9317445627024525,2025-12-16,2025-12-16,CVE-2025-52322,7.5,2025-10-17T20:19:05.930
CVE-2025-52277,0.000950000,0.271470000,0.8567792688570106,2025-12-16,2025-12-16,CVE-2025-52277,6.1,2025-10-17T20:26:28.360
CVE-2025-48208,0.000700000,0.215020000,0.8010180472003702,2025-12-16,2025-12-16,CVE-2025-48208,8.8,2025-11-04T22:16:16.633
CVE-2025-47695,0.001700000,0.387690000,0.9113836186950486,2025-12-16,2025-12-16,CVE-2025-47695,7.5,2025-09-11T17:14:36.413
CVE-2025-47694,0.000210000,0.047650000,0.26862563627950026,2025-12-16,2025-12-16,CVE-2025-47694,7.1,2025-09-11T17:14:36.413
CVE-2025-47579,0.000310000,0.084670000,0.32577510411846367,2025-12-16,2025-12-16,CVE-2025-47579,9.0,2025-09-11T17:14:36.413
CVE-2025-47571,0.001430000,0.351980000,0.9016658954187876,2025-12-16,2025-12-16,CVE-2025-47571,7.5,2025-09-11T17:14:36.413
CVE-2025-47570,0.000450000,0.139800000,0.561082832022212,2025-12-16,2025-12-16,CVE-2025-47570,7.1,2025-09-11T17:14:36.413
CVE-2025-47569,0.000450000,0.136450000,0.561082832022212,2025-12-16,2025-12-16,CVE-2025-47569,9.3,2025-09-11T17:14:36.413
CVE-2025-47437,0.000260000,0.063020000,0.3040259139287367,2025-12-16,2025-12-16,CVE-2025-47437,6.4,2025-09-11T17:14:36.413
CVE-2025-47416,0.000940000,0.269310000,0.8556223970384081,2025-12-16,2025-12-16,CVE-2025-47416,,2025-09-09T16:28:43.660
CVE-2025-43778,0.000490000,0.154050000,0.6503933364183249,2025-12-16,2025-12-16,CVE-2025-43778,6.1,2025-12-12T20:28:13.700
CVE-2025-43777,0.000430000,0.130600000,0.5279962980101804,2025-12-16,2025-12-16,CVE-2025-43777,5.3,2025-12-12T20:29:25.130
CVE-2025-43776,0.002020000,0.425150000,0.924109208699676,2025-12-16,2025-12-16,CVE-2025-43776,,2025-09-09T16:28:43.660
CVE-2025-42958,0.001040000,0.291850000,0.8722813512262841,2025-12-16,2025-12-16,CVE-2025-42958,9.1,2025-09-09T16:28:43.660
CVE-2025-42944,0.000200000,0.045480000,0.24086071263304026,2025-12-16,2025-12-16,CVE-2025-42944,10.0,2025-11-12T19:15:36.020
CVE-2025-42938,0.001340000,0.338510000,0.8975011568718186,2025-12-16,2025-12-16,CVE-2025-42938,6.1,2025-09-09T16:28:43.660
CVE-2025-42933,0.000340000,0.095850000,0.3322535863026377,2025-12-16,2025-12-16,CVE-2025-42933,8.8,2025-09-09T16:28:43.660
CVE-2025-42930,0.000880000,0.256640000,0.8465987968533086,2025-12-16,2025-12-16,CVE-2025-42930,6.5,2025-09-09T16:28:43.660
CVE-2025-42929,0.000520000,0.162260000,0.6929662193428968,2025-12-16,2025-12-16,CVE-2025-42929,8.1,2025-09-09T16:28:43.660
CVE-2025-42927,0.000160000,0.028530000,0.06293382693197594,2025-12-16,2025-12-16,CVE-2025-42927,3.4,2025-09-09T16:28:43.660
CVE-2025-42926,0.000760000,0.231870000,0.8234613604812587,2025-12-16,2025-12-16,CVE-2025-42926,5.3,2025-10-23T12:43:32.437
CVE-2025-42925,0.000410000,0.122160000,0.475937066173068,2025-12-16,2025-12-16,CVE-2025-42925,4.3,2025-09-09T16:28:43.660
CVE-2025-42923,0.000210000,0.049410000,0.26862563627950026,2025-12-16,2025-12-16,CVE-2025-42923,4.3,2025-09-09T16:28:43.660
CVE-2025-42922,0.000710000,0.218610000,0.8047200370198982,2025-12-16,2025-12-16,CVE-2025-42922,9.9,2025-09-09T16:28:43.660
CVE-2025-42920,0.001680000,0.384040000,0.9111522443313281,2025-12-16,2025-12-16,CVE-2025-42920,6.1,2025-10-24T14:50:48.223
CVE-2025-42918,0.000370000,0.109200000,0.36742248958815366,2025-12-16,2025-12-16,CVE-2025-42918,4.3,2025-10-23T12:44:38.700
CVE-2025-42917,0.000390000,0.116660000,0.4097639981490051,2025-12-16,2025-12-16,CVE-2025-42917,6.5,2025-09-09T16:28:43.660
CVE-2025-42916,0.000520000,0.162260000,0.6929662193428968,2025-12-16,2025-12-16,CVE-2025-42916,8.1,2025-09-09T16:28:43.660
CVE-2025-42915,0.000370000,0.109200000,0.36742248958815366,2025-12-16,2025-12-16,CVE-2025-42915,5.4,2025-09-09T16:28:43.660
CVE-2025-42914,0.000390000,0.116660000,0.4097639981490051,2025-12-16,2025-12-16,CVE-2025-42914,3.1,2025-09-09T16:28:43.660
CVE-2025-42913,0.000390000,0.116660000,0.4097639981490051,2025-12-16,2025-12-16,CVE-2025-42913,3.1,2025-09-09T16:28:43.660
CVE-2025-41701,0.000510000,0.159270000,0.6850994909763998,2025-12-16,2025-12-16,CVE-2025-41701,7.8,2025-09-09T16:28:43.660
CVE-2025-40804,0.000680000,0.211610000,0.7970846830171217,2025-12-16,2025-12-16,CVE-2025-40804,9.1,2025-09-09T16:28:43.660
CVE-2025-40803,0.000210000,0.048750000,0.26862563627950026,2025-12-16,2025-12-16,CVE-2025-40803,3.1,2025-10-03T19:36:39.793
CVE-2025-40802,0.000210000,0.047190000,0.26862563627950026,2025-12-16,2025-12-16,CVE-2025-40802,4.3,2025-10-03T19:37:59.347
CVE-2025-40798,0.001220000,0.320270000,0.8896344285053216,2025-12-16,2025-12-16,CVE-2025-40798,7.5,2025-10-14T10:15:39.447
CVE-2025-40797,0.001220000,0.320270000,0.8896344285053216,2025-12-16,2025-12-16,CVE-2025-40797,7.5,2025-10-14T10:15:39.317
CVE-2025-40796,0.001220000,0.320270000,0.8896344285053216,2025-12-16,2025-12-16,CVE-2025-40796,7.5,2025-10-14T10:15:39.187
CVE-2025-40795,0.001750000,0.393940000,0.9157797316057381,2025-12-16,2025-12-16,CVE-2025-40795,9.8,2025-10-14T10:15:39.027
CVE-2025-40757,0.000410000,0.123170000,0.475937066173068,2025-12-16,2025-12-16,CVE-2025-40757,5.3,2025-09-09T16:28:43.660
CVE-2025-40594,0.000380000,0.111520000,0.4012031466913466,2025-12-16,2025-12-16,CVE-2025-40594,9.8,2025-10-20T19:20:29.113
CVE-2025-39553,0.000260000,0.063020000,0.3040259139287367,2025-12-16,2025-12-16,CVE-2025-39553,4.3,2025-09-11T17:14:36.413
CVE-2025-39541,0.000290000,0.074590000,0.3167515039333642,2025-12-16,2025-12-16,CVE-2025-39541,6.5,2025-09-11T17:14:36.413
CVE-2025-39523,0.000220000,0.050040000,0.2834335955576122,2025-12-16,2025-12-16,CVE-2025-39523,4.7,2025-09-11T17:14:36.413
CVE-2025-33045,0.000180000,0.037210000,0.15131883387320685,2025-12-16,2025-12-16,CVE-2025-33045,6.7,2025-10-02T14:12:42.347
CVE-2025-32689,0.000640000,0.200150000,0.7783433595557612,2025-12-16,2025-12-16,CVE-2025-32689,7.5,2025-09-09T18:45:52.390
CVE-2025-32688,0.000260000,0.063020000,0.3040259139287367,2025-12-16,2025-12-16,CVE-2025-32688,5.4,2025-09-09T18:45:52.390
CVE-2025-32486,0.000420000,0.127500000,0.4872744099953725,2025-12-16,2025-12-16,CVE-2025-32486,9.8,2025-09-09T18:45:52.390
CVE-2025-30875,0.000190000,0.041880000,0.2038408144377603,2025-12-16,2025-12-16,CVE-2025-30875,5.9,2025-09-09T18:45:52.390
CVE-2025-24404,0.000780000,0.234850000,0.8273947246645071,2025-12-16,2025-12-16,CVE-2025-24404,8.8,2025-11-04T22:16:07.513
CVE-2025-10183,0.000830000,0.246820000,0.8380379453956501,2025-12-16,2025-12-16,CVE-2025-10183,9.1,2025-09-09T16:28:43.660
CVE-2025-10134,0.003850000,0.590730000,0.9571957427117076,2025-12-16,2025-12-16,CVE-2025-10134,9.1,2025-09-09T16:28:43.660
CVE-2025-10123,0.005700000,0.678370000,0.9696899583526145,2025-12-16,2025-12-16,CVE-2025-10123,9.8,2025-09-24T18:43:47.917
CVE-2025-10122,0.000340000,0.094710000,0.3322535863026377,2025-12-16,2025-12-16,CVE-2025-10122,7.2,2025-10-08T14:23:59.793
CVE-2025-10107,0.003300000,0.554270000,0.9479407681628875,2025-12-16,2025-12-16,CVE-2025-10107,4.7,2025-09-09T16:28:43.660
CVE-2025-10095,0.000270000,0.068930000,0.3098102730217492,2025-12-16,2025-12-16,CVE-2025-10095,,2025-09-10T07:15:44.107
CVE-2024-45325,0.000240000,0.055730000,0.2940768162887552,2025-12-16,2025-12-16,CVE-2024-45325,6.7,2025-09-10T15:11:07.573
CVE-2025-57061,0.000750000,0.227870000,0.8169828782970847,2025-12-16,2025-12-16,CVE-2025-57061,7.5,2025-09-15T18:14:31.390
CVE-2025-57059,0.000750000,0.227870000,0.8169828782970847,2025-12-16,2025-12-16,CVE-2025-57059,7.5,2025-09-15T18:14:18.027
CVE-2025-57058,0.000750000,0.227870000,0.8169828782970847,2025-12-16,2025-12-16,CVE-2025-57058,7.5,2025-09-15T18:14:03.890
CVE-2025-57057,0.000750000,0.227870000,0.8169828782970847,2025-12-16,2025-12-16,CVE-2025-57057,7.5,2025-09-15T18:13:34.697
CVE-2025-55317,0.001000000,0.284230000,0.8683479870430356,2025-12-16,2025-12-16,CVE-2025-55317,7.8,2025-09-12T14:51:32.717
CVE-2025-55316,0.001330000,0.336420000,0.8968070337806571,2025-12-16,2025-12-16,CVE-2025-55316,7.8,2025-09-12T14:50:22.087
CVE-2025-55245,0.001000000,0.284230000,0.8683479870430356,2025-12-16,2025-12-16,CVE-2025-55245,7.8,2025-09-12T14:48:41.690
CVE-2025-55243,0.001090000,0.300010000,0.8773715872281351,2025-12-16,2025-12-16,CVE-2025-55243,7.5,2025-10-02T18:04:11.613
CVE-2025-55236,0.001150000,0.308940000,0.8845441925034706,2025-12-16,2025-12-16,CVE-2025-55236,7.8,2025-09-12T14:47:55.667
CVE-2025-55234,0.006210000,0.693830000,0.971772327626099,2025-12-16,2025-12-16,CVE-2025-55234,9.8,2025-10-17T16:15:37.910
CVE-2025-55232,0.004790000,0.643210000,0.9664507172605276,2025-12-16,2025-12-16,CVE-2025-55232,9.8,2025-09-11T17:14:25.240
CVE-2025-55228,0.000470000,0.144670000,0.6291068949560389,2025-12-16,2025-12-16,CVE-2025-55228,7.8,2025-10-02T14:52:37.270
CVE-2025-55227,0.001130000,0.306980000,0.8833873206848681,2025-12-16,2025-12-16,CVE-2025-55227,8.8,2025-09-12T16:57:17.750
CVE-2025-55226,0.000460000,0.140390000,0.6200832947709394,2025-12-16,2025-12-16,CVE-2025-55226,6.7,2025-09-12T14:54:20.230
CVE-2025-55225,0.000740000,0.226960000,0.8144377602961592,2025-12-16,2025-12-16,CVE-2025-55225,6.5,2025-09-12T14:53:59.267
CVE-2025-55224,0.000470000,0.144670000,0.6291068949560389,2025-12-16,2025-12-16,CVE-2025-55224,7.8,2025-09-12T14:53:22.403
CVE-2025-55223,0.000470000,0.144670000,0.6291068949560389,2025-12-16,2025-12-16,CVE-2025-55223,7.0,2025-09-12T14:52:42.357
CVE-2025-54919,0.000460000,0.140390000,0.6200832947709394,2025-12-16,2025-12-16,CVE-2025-54919,7.5,2025-09-12T16:56:56.560
CVE-2025-54918,0.001530000,0.365390000,0.9046737621471541,2025-12-16,2025-12-16,CVE-2025-54918,8.8,2025-10-02T14:52:16.013
CVE-2025-54917,0.000870000,0.255220000,0.8442850532161037,2025-12-16,2025-12-16,CVE-2025-54917,4.3,2025-10-02T14:51:59.930
CVE-2025-54916,0.000880000,0.257620000,0.8465987968533086,2025-12-16,2025-12-16,CVE-2025-54916,7.8,2025-10-02T14:47:59.050
CVE-2025-54915,0.001930000,0.414570000,0.9217954650624711,2025-12-16,2025-12-16,CVE-2025-54915,6.7,2025-10-02T14:47:43.120
CVE-2025-54913,0.000470000,0.144670000,0.6291068949560389,2025-12-16,2025-12-16,CVE-2025-54913,7.8,2025-10-02T14:41:09.277
CVE-2025-54912,0.000660000,0.205090000,0.7873669597408607,2025-12-16,2025-12-16,CVE-2025-54912,7.8,2025-10-02T14:40:53.743
CVE-2025-54911,0.000780000,0.237190000,0.8273947246645071,2025-12-16,2025-12-16,CVE-2025-54911,7.3,2025-09-15T18:02:12.710
CVE-2025-54910,0.000660000,0.206790000,0.7873669597408607,2025-12-16,2025-12-16,CVE-2025-54910,8.4,2025-09-12T16:54:37.893
CVE-2025-54908,0.000790000,0.238630000,0.8287829708468302,2025-12-16,2025-12-16,CVE-2025-54908,7.8,2025-09-12T16:54:17.017
CVE-2025-54907,0.000790000,0.238630000,0.8287829708468302,2025-12-16,2025-12-16,CVE-2025-54907,7.8,2025-09-12T16:53:41.900
CVE-2025-54906,0.000960000,0.273010000,0.8581675150393336,2025-12-16,2025-12-16,CVE-2025-54906,7.8,2025-09-12T16:50:22.293
CVE-2025-54905,0.000700000,0.215690000,0.8010180472003702,2025-12-16,2025-12-16,CVE-2025-54905,7.1,2025-09-12T16:52:24.250
CVE-2025-54904,0.000790000,0.238630000,0.8287829708468302,2025-12-16,2025-12-16,CVE-2025-54904,7.8,2025-09-12T16:52:07.960
CVE-2025-54903,0.000790000,0.238630000,0.8287829708468302,2025-12-16,2025-12-16,CVE-2025-54903,7.8,2025-09-12T16:51:16.900
CVE-2025-54902,0.000790000,0.238630000,0.8287829708468302,2025-12-16,2025-12-16,CVE-2025-54902,7.8,2025-10-01T20:29:54.223
CVE-2025-54901,0.000580000,0.183980000,0.7376214715409533,2025-12-16,2025-12-16,CVE-2025-54901,5.5,2025-10-01T20:30:15.710
CVE-2025-54900,0.000790000,0.238630000,0.8287829708468302,2025-12-16,2025-12-16,CVE-2025-54900,7.8,2025-09-12T16:50:48.290
CVE-2025-54899,0.000790000,0.238630000,0.8287829708468302,2025-12-16,2025-12-16,CVE-2025-54899,7.8,2025-09-12T16:44:23.027
CVE-2025-54898,0.000790000,0.238630000,0.8287829708468302,2025-12-16,2025-12-16,CVE-2025-54898,7.8,2025-09-12T16:44:51.287
CVE-2025-54897,0.025840000,0.851210000,0.9886626561776956,2025-12-16,2025-12-16,CVE-2025-54897,8.8,2025-09-12T16:45:25.173
CVE-2025-54896,0.000790000,0.238630000,0.8287829708468302,2025-12-16,2025-12-16,CVE-2025-54896,7.8,2025-09-12T16:45:48.937
CVE-2025-54895,0.000640000,0.201020000,0.7783433595557612,2025-12-16,2025-12-16,CVE-2025-54895,7.8,2025-10-02T18:03:20.903
CVE-2025-54894,0.000660000,0.205090000,0.7873669597408607,2025-12-16,2025-12-16,CVE-2025-54894,7.8,2025-10-02T18:03:12.120
CVE-2025-54709,0.001720000,0.389920000,0.9143914854234151,2025-12-16,2025-12-16,CVE-2025-54709,8.1,2025-09-11T17:14:25.240
CVE-2025-54261,0.018080000,0.823260000,0.9858861638130495,2025-12-16,2025-12-16,CVE-2025-54261,10.0,2025-10-03T12:34:44.777
CVE-2025-54252,0.000530000,0.167790000,0.6982878297084683,2025-12-16,2025-12-16,CVE-2025-54252,5.4,2025-09-12T14:14:17.757
CVE-2025-54251,0.180030000,0.949250000,0.9972235076353541,2025-12-16,2025-12-16,CVE-2025-54251,4.3,2025-10-02T14:43:16.193
CVE-2025-54250,0.002100000,0.434590000,0.928273947246645,2025-12-16,2025-12-16,CVE-2025-54250,4.9,2025-09-12T14:22:03.050
CVE-2025-54249,0.131290000,0.938670000,0.9960666358167515,2025-12-16,2025-12-16,CVE-2025-54249,6.5,2025-09-12T14:21:46.463
CVE-2025-54248,0.001300000,0.332480000,0.895881536325775,2025-12-16,2025-12-16,CVE-2025-54248,7.7,2025-09-12T14:21:57.403
CVE-2025-54247,0.001450000,0.354530000,0.9018972697825081,2025-12-16,2025-12-16,CVE-2025-54247,6.5,2025-09-12T14:21:33.017
CVE-2025-54246,0.000580000,0.181910000,0.7376214715409533,2025-12-16,2025-12-16,CVE-2025-54246,6.5,2025-09-12T14:21:20.777
CVE-2025-54116,0.000590000,0.185400000,0.7457195742711707,2025-12-16,2025-12-16,CVE-2025-54116,7.3,2025-10-02T18:03:02.620
CVE-2025-54115,0.000790000,0.239230000,0.8287829708468302,2025-12-16,2025-12-16,CVE-2025-54115,7.0,2025-11-11T15:15:36.177
CVE-2025-54114,0.000470000,0.144670000,0.6291068949560389,2025-12-16,2025-12-16,CVE-2025-54114,7.0,2025-11-21T19:15:54.303
CVE-2025-54113,0.000830000,0.247240000,0.8380379453956501,2025-12-16,2025-12-16,CVE-2025-54113,8.8,2025-10-01T20:29:39.270
CVE-2025-54112,0.000600000,0.189640000,0.7515039333641832,2025-12-16,2025-12-16,CVE-2025-54112,7.0,2025-10-01T20:17:04.217
CVE-2025-54111,0.000600000,0.189640000,0.7515039333641832,2025-12-16,2025-12-16,CVE-2025-54111,7.8,2025-10-01T20:00:39.310
CVE-2025-54110,0.000640000,0.199440000,0.7783433595557612,2025-12-16,2025-12-16,CVE-2025-54110,8.8,2025-10-01T19:56:19.163
CVE-2025-54109,0.001880000,0.408750000,0.9197130957889866,2025-12-16,2025-12-16,CVE-2025-54109,6.7,2025-10-02T14:36:32.837
CVE-2025-54108,0.000470000,0.144670000,0.6291068949560389,2025-12-16,2025-12-16,CVE-2025-54108,7.0,2025-10-02T14:36:24.210
CVE-2025-54107,0.000870000,0.255670000,0.8442850532161037,2025-12-16,2025-12-16,CVE-2025-54107,4.3,2025-10-02T16:33:56.073
CVE-2025-54106,0.000910000,0.262110000,0.8509949097639982,2025-12-16,2025-12-16,CVE-2025-54106,8.8,2025-10-02T16:32:57.737
CVE-2025-54105,0.000470000,0.144670000,0.6291068949560389,2025-12-16,2025-12-16,CVE-2025-54105,7.0,2025-10-02T16:28:07.697
CVE-2025-54104,0.001880000,0.408750000,0.9197130957889866,2025-12-16,2025-12-16,CVE-2025-54104,6.7,2025-10-02T16:27:57.370
CVE-2025-54103,0.000610000,0.191340000,0.7570569180934752,2025-12-16,2025-12-16,CVE-2025-54103,7.4,2025-10-02T17:10:58.520
CVE-2025-54102,0.000660000,0.205090000,0.7873669597408607,2025-12-16,2025-12-16,CVE-2025-54102,7.8,2025-10-02T15:01:04.387
CVE-2025-54101,0.001180000,0.314330000,0.8882461823229986,2025-12-16,2025-12-16,CVE-2025-54101,4.8,2025-10-17T16:15:37.743
CVE-2025-54099,0.000600000,0.189640000,0.7515039333641832,2025-12-16,2025-12-16,CVE-2025-54099,7.0,2025-10-02T16:56:33.693
CVE-2025-54098,0.000810000,0.243350000,0.8345673299398426,2025-12-16,2025-12-16,CVE-2025-54098,7.8,2025-10-02T16:56:20.283
CVE-2025-54097,0.000740000,0.226960000,0.8144377602961592,2025-12-16,2025-12-16,CVE-2025-54097,6.5,2025-10-02T16:37:25.310
CVE-2025-54096,0.000740000,0.226960000,0.8144377602961592,2025-12-16,2025-12-16,CVE-2025-54096,6.5,2025-10-02T16:36:31.197
CVE-2025-54095,0.000740000,0.226960000,0.8144377602961592,2025-12-16,2025-12-16,CVE-2025-54095,6.5,2025-10-02T16:36:20.910
CVE-2025-54094,0.001880000,0.408750000,0.9197130957889866,2025-12-16,2025-12-16,CVE-2025-54094,6.7,2025-10-02T17:12:34.027
CVE-2025-54093,0.000470000,0.144670000,0.6291068949560389,2025-12-16,2025-12-16,CVE-2025-54093,7.0,2025-10-02T17:12:22.567
CVE-2025-54092,0.000510000,0.159300000,0.6850994909763998,2025-12-16,2025-12-16,CVE-2025-54092,7.8,2025-10-02T17:11:58.067
CVE-2025-54091,0.000900000,0.261370000,0.8503007866728366,2025-12-16,2025-12-16,CVE-2025-54091,7.8,2025-10-02T17:11:46.033
CVE-2025-53810,0.001880000,0.408750000,0.9197130957889866,2025-12-16,2025-12-16,CVE-2025-53810,6.7,2025-10-02T17:11:37.260
CVE-2025-53809,0.002310000,0.458910000,0.9349838037945396,2025-12-16,2025-12-16,CVE-2025-53809,6.5,2025-09-22T17:12:18.433
CVE-2025-53808,0.001880000,0.408750000,0.9197130957889866,2025-12-16,2025-12-16,CVE-2025-53808,6.7,2025-10-02T17:52:33.157
CVE-2025-53807,0.000470000,0.144670000,0.6291068949560389,2025-12-16,2025-12-16,CVE-2025-53807,7.0,2025-10-02T18:10:17.003
CVE-2025-53806,0.000740000,0.226960000,0.8144377602961592,2025-12-16,2025-12-16,CVE-2025-53806,6.5,2025-10-02T18:10:07.060
CVE-2025-53805,0.001220000,0.320750000,0.8896344285053216,2025-12-16,2025-12-16,CVE-2025-53805,7.5,2025-10-02T18:09:53.577
CVE-2025-53804,0.000770000,0.233510000,0.8255437297547432,2025-12-16,2025-12-16,CVE-2025-53804,5.5,2025-10-02T18:09:39.647
CVE-2025-53803,0.000770000,0.233510000,0.8255437297547432,2025-12-16,2025-12-16,CVE-2025-53803,5.5,2025-10-02T18:09:31.773
CVE-2025-53802,0.000600000,0.189640000,0.7515039333641832,2025-12-16,2025-12-16,CVE-2025-53802,7.0,2025-10-02T18:54:11.783
CVE-2025-53801,0.000660000,0.205090000,0.7873669597408607,2025-12-16,2025-12-16,CVE-2025-53801,7.8,2025-10-02T18:54:02.340
CVE-2025-53800,0.001640000,0.379050000,0.9088385006941231,2025-12-16,2025-12-16,CVE-2025-53800,7.8,2025-10-02T18:50:51.397
CVE-2025-53799,0.001100000,0.301980000,0.8794539565016196,2025-12-16,2025-12-16,CVE-2025-53799,5.5,2025-10-02T18:50:42.580
CVE-2025-53798,0.000740000,0.226960000,0.8144377602961592,2025-12-16,2025-12-16,CVE-2025-53798,6.5,2025-10-02T18:50:29.157
CVE-2025-53797,0.000740000,0.226960000,0.8144377602961592,2025-12-16,2025-12-16,CVE-2025-53797,6.5,2025-10-02T18:45:20.750
CVE-2025-53796,0.000740000,0.226960000,0.8144377602961592,2025-12-16,2025-12-16,CVE-2025-53796,6.5,2025-10-02T18:45:13.933
CVE-2025-53348,0.000420000,0.125880000,0.4872744099953725,2025-12-16,2025-12-16,CVE-2025-53348,5.3,2025-09-11T17:14:36.413
CVE-2025-53340,0.000420000,0.127380000,0.4872744099953725,2025-12-16,2025-12-16,CVE-2025-53340,5.3,2025-09-11T17:14:36.413
CVE-2025-53303,0.000710000,0.219150000,0.8047200370198982,2025-12-16,2025-12-16,CVE-2025-53303,8.8,2025-09-11T17:14:36.413
CVE-2025-53291,0.000530000,0.166880000,0.6982878297084683,2025-12-16,2025-12-16,CVE-2025-53291,5.4,2025-09-11T17:14:36.413
CVE-2025-49860,0.000420000,0.127380000,0.4872744099953725,2025-12-16,2025-12-16,CVE-2025-49860,5.3,2025-09-11T17:14:36.413
CVE-2025-49734,0.000560000,0.174460000,0.7221193891716797,2025-12-16,2025-12-16,CVE-2025-49734,7.0,2025-10-02T18:45:04.910
CVE-2025-49692,0.000610000,0.190180000,0.7570569180934752,2025-12-16,2025-12-16,CVE-2025-49692,7.8,2025-10-01T20:30:30.897
CVE-2025-49430,0.000400000,0.119210000,0.4701527070800555,2025-12-16,2025-12-16,CVE-2025-49430,7.2,2025-09-11T17:14:36.413
CVE-2025-48101,0.000600000,0.188380000,0.7515039333641832,2025-12-16,2025-12-16,CVE-2025-48101,8.8,2025-09-11T17:14:36.413
CVE-2025-47997,0.001160000,0.311020000,0.8859324386857936,2025-12-16,2025-12-16,CVE-2025-47997,5.3,2025-09-12T16:47:05.683
CVE-2025-9269,0.000610000,0.192700000,0.7570569180934752,2025-12-16,2025-12-16,CVE-2025-9269,,2025-09-11T17:14:25.240
CVE-2025-7635,0.000210000,0.048090000,0.26862563627950026,2025-12-16,2025-12-16,CVE-2025-7635,,2025-09-12T14:15:42.190
CVE-2025-59008,0.000410000,0.122460000,0.475937066173068,2025-12-16,2025-12-16,CVE-2025-59008,7.6,2025-09-11T17:14:25.240
CVE-2025-59005,0.000390000,0.116660000,0.4097639981490051,2025-12-16,2025-12-16,CVE-2025-59005,4.3,2025-09-11T17:14:25.240
CVE-2025-58997,0.000240000,0.057350000,0.2940768162887552,2025-12-16,2025-12-16,CVE-2025-58997,9.6,2025-09-11T17:14:25.240
CVE-2025-58993,0.000410000,0.122460000,0.475937066173068,2025-12-16,2025-12-16,CVE-2025-58993,7.6,2025-09-11T17:14:25.240
CVE-2025-58991,0.000190000,0.043490000,0.2038408144377603,2025-12-16,2025-12-16,CVE-2025-58991,7.1,2025-09-11T17:14:25.240
CVE-2025-58990,0.000390000,0.115950000,0.4097639981490051,2025-12-16,2025-12-16,CVE-2025-58990,5.4,2025-11-26T17:20:12.300
CVE-2025-58989,0.000450000,0.138340000,0.561082832022212,2025-12-16,2025-12-16,CVE-2025-58989,6.5,2025-09-11T17:14:25.240
CVE-2025-58988,0.000450000,0.138340000,0.561082832022212,2025-12-16,2025-12-16,CVE-2025-58988,6.5,2025-09-11T17:14:25.240
CVE-2025-58987,0.000450000,0.138340000,0.561082832022212,2025-12-16,2025-12-16,CVE-2025-58987,6.5,2025-09-11T17:14:25.240
CVE-2025-58985,0.000450000,0.138340000,0.561082832022212,2025-12-16,2025-12-16,CVE-2025-58985,6.5,2025-09-11T17:14:25.240
CVE-2025-58984,0.000420000,0.124970000,0.4872744099953725,2025-12-16,2025-12-16,CVE-2025-58984,5.9,2025-09-11T17:14:25.240
CVE-2025-58983,0.000420000,0.124970000,0.4872744099953725,2025-12-16,2025-12-16,CVE-2025-58983,5.9,2025-09-11T17:14:25.240
CVE-2025-58982,0.000420000,0.124970000,0.4872744099953725,2025-12-16,2025-12-16,CVE-2025-58982,5.9,2025-09-11T17:14:25.240
CVE-2025-58981,0.000370000,0.109200000,0.36742248958815366,2025-12-16,2025-12-16,CVE-2025-58981,5.4,2025-09-11T17:14:25.240
CVE-2025-58980,0.000420000,0.127380000,0.4872744099953725,2025-12-16,2025-12-16,CVE-2025-58980,5.3,2025-09-11T17:14:25.240
CVE-2025-58979,0.000420000,0.125880000,0.4872744099953725,2025-12-16,2025-12-16,CVE-2025-58979,5.3,2025-09-11T17:14:25.240
CVE-2025-58978,0.000420000,0.127380000,0.4872744099953725,2025-12-16,2025-12-16,CVE-2025-58978,5.3,2025-09-11T17:14:25.240
CVE-2025-58977,0.000370000,0.109200000,0.36742248958815366,2025-12-16,2025-12-16,CVE-2025-58977,4.9,2025-09-11T17:14:25.240
CVE-2025-58976,0.000370000,0.109200000,0.36742248958815366,2025-12-16,2025-12-16,CVE-2025-58976,4.3,2025-09-11T17:14:25.240
CVE-2025-58975,0.000200000,0.044440000,0.24086071263304026,2025-12-16,2025-12-16,CVE-2025-58975,4.3,2025-09-11T17:14:25.240
CVE-2025-58762,0.005150000,0.658580000,0.9678389634428506,2025-12-16,2025-12-16,CVE-2025-58762,7.2,2025-09-18T16:57:38.987
CVE-2025-58761,0.001420000,0.349870000,0.9007403979639056,2025-12-16,2025-12-16,CVE-2025-58761,7.5,2025-09-18T17:23:40.120
CVE-2025-58760,0.001860000,0.406270000,0.918093475242943,2025-12-16,2025-12-16,CVE-2025-58760,7.5,2025-09-18T17:30:18.970
CVE-2025-58759,0.000850000,0.250550000,0.8417399352151782,2025-12-16,2025-12-16,CVE-2025-58759,6.5,2025-10-08T20:52:36.920
CVE-2025-58758,0.000370000,0.106480000,0.36742248958815366,2025-12-16,2025-12-16,CVE-2025-58758,7.3,2025-10-08T20:53:57.603
CVE-2025-58753,0.000470000,0.144740000,0.6291068949560389,2025-12-16,2025-12-16,CVE-2025-58753,7.5,2025-09-18T17:35:49.163
CVE-2025-58442,0.000430000,0.131900000,0.5279962980101804,2025-12-16,2025-12-16,CVE-2025-58442,5.3,2025-09-11T17:14:25.240
CVE-2025-58435,0.000580000,0.180670000,0.7376214715409533,2025-12-16,2025-12-16,CVE-2025-58435,,2025-09-11T17:14:25.240
CVE-2025-58430,0.000260000,0.064420000,0.3040259139287367,2025-12-16,2025-12-16,CVE-2025-58430,6.1,2025-10-10T21:49:03.133
CVE-2025-58215,0.001720000,0.389920000,0.9143914854234151,2025-12-16,2025-12-16,CVE-2025-58215,8.1,2025-09-11T17:14:25.240
CVE-2025-58180,0.001410000,0.349200000,0.9002776492364646,2025-12-16,2025-12-16,CVE-2025-58180,8.8,2025-09-18T17:37:54.243
CVE-2025-58063,0.000590000,0.186170000,0.7457195742711707,2025-12-16,2025-12-16,CVE-2025-58063,7.1,2025-09-11T17:14:25.240
CVE-2025-57665,0.000430000,0.130620000,0.5279962980101804,2025-12-16,2025-12-16,CVE-2025-57665,6.4,2025-10-17T19:49:18.167
CVE-2025-57540,0.000370000,0.108660000,0.36742248958815366,2025-12-16,2025-12-16,CVE-2025-57540,5.4,2025-09-17T20:11:20.417
CVE-2025-57539,0.000370000,0.108660000,0.36742248958815366,2025-12-16,2025-12-16,CVE-2025-57539,5.4,2025-09-18T17:41:04.430
CVE-2025-57538,0.000430000,0.128810000,0.5279962980101804,2025-12-16,2025-12-16,CVE-2025-57538,5.4,2025-09-18T17:41:56.570
CVE-2025-57278,0.000840000,0.249770000,0.8391948172142527,2025-12-16,2025-12-16,CVE-2025-57278,8.8,2025-10-10T17:56:10.140
CVE-2025-57087,0.000750000,0.227870000,0.8169828782970847,2025-12-16,2025-12-16,CVE-2025-57087,7.5,2025-09-18T18:42:39.153
CVE-2025-57086,0.000750000,0.227870000,0.8169828782970847,2025-12-16,2025-12-16,CVE-2025-57086,7.5,2025-09-17T19:49:56.150
CVE-2025-57085,0.000760000,0.230370000,0.8234613604812587,2025-12-16,2025-12-16,CVE-2025-57085,9.8,2025-09-17T19:50:45.847
CVE-2025-57078,0.000750000,0.227870000,0.8169828782970847,2025-12-16,2025-12-16,CVE-2025-57078,7.5,2025-09-17T20:00:27.130
CVE-2025-57072,0.000750000,0.227870000,0.8169828782970847,2025-12-16,2025-12-16,CVE-2025-57072,7.5,2025-09-18T18:38:04.613
CVE-2025-57071,0.000750000,0.227870000,0.8169828782970847,2025-12-16,2025-12-16,CVE-2025-57071,7.5,2025-09-18T18:41:40.450
CVE-2025-57070,0.000750000,0.227870000,0.8169828782970847,2025-12-16,2025-12-16,CVE-2025-57070,7.5,2025-09-18T18:43:11.610
CVE-2025-57069,0.000750000,0.227870000,0.8169828782970847,2025-12-16,2025-12-16,CVE-2025-57069,7.5,2025-09-18T18:49:07.417
CVE-2025-57064,0.000750000,0.227870000,0.8169828782970847,2025-12-16,2025-12-16,CVE-2025-57064,7.5,2025-09-15T18:14:58.420
CVE-2025-57063,0.000750000,0.227870000,0.8169828782970847,2025-12-16,2025-12-16,CVE-2025-57063,7.5,2025-09-15T18:14:45.627
CVE-2025-57062,0.000750000,0.227870000,0.8169828782970847,2025-12-16,2025-12-16,CVE-2025-57062,7.5,2025-09-18T18:53:38.910
CVE-2025-57060,0.000750000,0.227870000,0.8169828782970847,2025-12-16,2025-12-16,CVE-2025-57060,7.5,2025-09-17T19:38:14.323
CVE-2025-55730,0.004210000,0.613580000,0.9618232299861176,2025-12-16,2025-12-16,CVE-2025-55730,10.0,2025-09-11T17:14:25.240
CVE-2025-55729,0.004210000,0.613580000,0.9618232299861176,2025-12-16,2025-12-16,CVE-2025-55729,10.0,2025-09-11T17:14:25.240
CVE-2025-55728,0.101420000,0.928480000,0.9951411383618695,2025-12-16,2025-12-16,CVE-2025-55728,9.8,2025-09-17T19:45:32.263
CVE-2025-55727,0.095840000,0.925850000,0.9946783896344285,2025-12-16,2025-12-16,CVE-2025-55727,9.8,2025-09-17T19:46:54.973
CVE-2025-55054,0.000390000,0.117850000,0.4097639981490051,2025-12-16,2025-12-16,CVE-2025-55054,6.1,2025-09-11T17:14:25.240
CVE-2025-55053,0.000190000,0.042840000,0.2038408144377603,2025-12-16,2025-12-16,CVE-2025-55053,6.5,2025-09-11T17:14:25.240
CVE-2025-55052,0.000410000,0.122160000,0.475937066173068,2025-12-16,2025-12-16,CVE-2025-55052,4.3,2025-09-11T17:14:25.240
CVE-2025-55051,0.000620000,0.194700000,0.7639981490050902,2025-12-16,2025-12-16,CVE-2025-55051,10.0,2025-09-11T17:14:25.240
CVE-2025-55050,0.000620000,0.194700000,0.7639981490050902,2025-12-16,2025-12-16,CVE-2025-55050,9.8,2025-09-11T17:14:25.240
CVE-2025-55049,0.000450000,0.136930000,0.561082832022212,2025-12-16,2025-12-16,CVE-2025-55049,9.1,2025-09-11T17:14:25.240
CVE-2025-55048,0.000710000,0.220100000,0.8047200370198982,2025-12-16,2025-12-16,CVE-2025-55048,9.8,2025-09-11T17:14:25.240
CVE-2025-55047,0.000190000,0.041500000,0.2038408144377603,2025-12-16,2025-12-16,CVE-2025-55047,8.4,2025-09-11T17:14:25.240
CVE-2025-5500,0.000180000,0.035820000,0.15131883387320685,2025-12-16,2025-12-16,CVE-2025-5500,5.3,2025-09-11T17:14:25.240
CVE-2025-54257,0.000450000,0.136100000,0.561082832022212,2025-12-16,2025-12-16,CVE-2025-54257,7.8,2025-11-03T19:16:09.190
CVE-2025-54256,0.000160000,0.025960000,0.06293382693197594,2025-12-16,2025-12-16,CVE-2025-54256,8.6,2025-09-15T14:20:49.737
CVE-2025-54255,0.000560000,0.175830000,0.7221193891716797,2025-12-16,2025-12-16,CVE-2025-54255,4.0,2025-10-02T14:43:43.207
CVE-2025-54242,0.000450000,0.136100000,0.561082832022212,2025-12-16,2025-12-16,CVE-2025-54242,7.8,2025-09-15T14:21:14.580
CVE-2025-54084,0.005960000,0.686200000,0.9706154558074965,2025-12-16,2025-12-16,CVE-2025-54084,,2025-09-12T14:15:41.363
CVE-2025-54083,0.000250000,0.060530000,0.2998611753817677,2025-12-16,2025-12-16,CVE-2025-54083,,2025-09-12T14:15:41.250
CVE-2025-53914,0.000240000,0.057990000,0.2940768162887552,2025-12-16,2025-12-16,CVE-2025-53914,,2025-09-12T14:15:41.133
CVE-2025-53913,0.000240000,0.057990000,0.2940768162887552,2025-12-16,2025-12-16,CVE-2025-53913,,2025-09-12T14:15:41.017
CVE-2025-5005,0.000630000,0.196870000,0.7700138824618232,2025-12-16,2025-12-16,CVE-2025-5005,7.3,2025-10-09T20:16:41.883
CVE-2025-47415,0.000860000,0.253180000,0.8433595557612217,2025-12-16,2025-12-16,CVE-2025-47415,,2025-09-11T17:14:25.240
CVE-2025-44595,0.000390000,0.117850000,0.4097639981490051,2025-12-16,2025-12-16,CVE-2025-44595,6.1,2025-09-18T20:33:03.940
CVE-2025-44594,0.000450000,0.136930000,0.561082832022212,2025-12-16,2025-12-16,CVE-2025-44594,9.1,2025-09-17T19:34:21.873
CVE-2025-44593,0.000390000,0.117850000,0.4097639981490051,2025-12-16,2025-12-16,CVE-2025-44593,6.1,2025-09-18T20:33:52.180
CVE-2025-43786,0.000700000,0.217840000,0.8010180472003702,2025-12-16,2025-12-16,CVE-2025-43786,5.3,2025-12-16T15:11:25.593
CVE-2025-43781,0.002270000,0.454800000,0.9335955576122166,2025-12-16,2025-12-16,CVE-2025-43781,6.1,2025-12-16T15:29:46.143
CVE-2025-43775,0.002080000,0.433110000,0.9271170754280426,2025-12-16,2025-12-16,CVE-2025-43775,5.4,2025-12-16T15:04:29.380
CVE-2025-43491,0.000330000,0.090760000,0.3301712170291532,2025-12-16,2025-12-16,CVE-2025-43491,,2025-09-11T17:14:25.240
CVE-2025-36125,0.000390000,0.113450000,0.4097639981490051,2025-12-16,2025-12-16,CVE-2025-36125,6.4,2025-09-11T17:14:25.240
CVE-2025-36011,0.000150000,0.023140000,0.05529847292919945,2025-12-16,2025-12-16,CVE-2025-36011,4.3,2025-10-03T19:04:22.843
CVE-2025-34178,0.000200000,0.045340000,0.24086071263304026,2025-12-16,2025-12-16,CVE-2025-34178,5.4,2025-10-10T18:42:08.297
CVE-2025-34177,0.000200000,0.045340000,0.24086071263304026,2025-12-16,2025-12-16,CVE-2025-34177,5.4,2025-10-10T18:42:15.210
CVE-2025-34176,0.000420000,0.128120000,0.4872744099953725,2025-12-16,2025-12-16,CVE-2025-34176,4.3,2025-10-17T19:46:03.720
CVE-2025-34175,0.000250000,0.061200000,0.2998611753817677,2025-12-16,2025-12-16,CVE-2025-34175,6.1,2025-10-10T18:46:41.620
CVE-2025-34174,0.000200000,0.045340000,0.24086071263304026,2025-12-16,2025-12-16,CVE-2025-34174,5.4,2025-10-10T18:47:06.700
CVE-2025-34173,0.000420000,0.128120000,0.4872744099953725,2025-12-16,2025-12-16,CVE-2025-34173,4.3,2025-10-20T14:50:04.643
CVE-2025-34172,0.000250000,0.060670000,0.2998611753817677,2025-12-16,2025-12-16,CVE-2025-34172,6.1,2025-10-10T18:47:46.710
CVE-2025-29089,0.000630000,0.197060000,0.7700138824618232,2025-12-16,2025-12-16,CVE-2025-29089,7.5,2025-09-11T17:14:25.240
CVE-2025-23344,0.000380000,0.109880000,0.4012031466913466,2025-12-16,2025-12-16,CVE-2025-23344,9.8,2025-09-18T20:24:59.437
CVE-2025-23343,0.001050000,0.292400000,0.8729754743174456,2025-12-16,2025-12-16,CVE-2025-23343,9.8,2025-09-18T20:14:18.620
CVE-2025-23342,0.000480000,0.147530000,0.6385932438685794,2025-12-16,2025-12-16,CVE-2025-23342,9.8,2025-09-18T20:13:33.893
CVE-2025-10199,0.000190000,0.042980000,0.2038408144377603,2025-12-16,2025-12-16,CVE-2025-10199,7.8,2025-11-03T19:15:44.660
CVE-2025-10198,0.000170000,0.030390000,0.09093012494215641,2025-12-16,2025-12-16,CVE-2025-10198,7.8,2025-11-03T19:15:44.493
CVE-2025-10170,0.000620000,0.193690000,0.7639981490050902,2025-12-16,2025-12-16,CVE-2025-10170,8.8,2025-09-11T17:14:25.240
CVE-2025-10169,0.000850000,0.250410000,0.8417399352151782,2025-12-16,2025-12-16,CVE-2025-10169,8.8,2025-09-11T17:14:25.240
CVE-2025-10164,0.000510000,0.160360000,0.6850994909763998,2025-12-16,2025-12-16,CVE-2025-10164,7.3,2025-09-11T17:14:25.240
CVE-2025-10159,0.001340000,0.338530000,0.8975011568718186,2025-12-16,2025-12-16,CVE-2025-10159,9.8,2025-09-11T17:14:25.240
CVE-2025-9997,0.002450000,0.476460000,0.9372975474317445,2025-12-16,2025-12-16,CVE-2025-9997,,2025-09-11T17:14:10.147
CVE-2025-9996,0.002410000,0.472850000,0.9366034243405831,2025-12-16,2025-12-16,CVE-2025-9996,,2025-09-11T17:14:25.240
CVE-2025-9979,0.000370000,0.107630000,0.36742248958815366,2025-12-16,2025-12-16,CVE-2025-9979,4.3,2025-09-11T17:14:10.147
CVE-2025-9943,0.001420000,0.350840000,0.9007403979639056,2025-12-16,2025-12-16,CVE-2025-9943,9.1,2025-11-04T22:16:46.227
CVE-2025-9888,0.000170000,0.030680000,0.09093012494215641,2025-12-16,2025-12-16,CVE-2025-9888,4.3,2025-09-11T17:14:10.147
CVE-2025-9857,0.000430000,0.129070000,0.5279962980101804,2025-12-16,2025-12-16,CVE-2025-9857,6.4,2025-09-11T17:14:10.147
CVE-2025-9622,0.000200000,0.044900000,0.24086071263304026,2025-12-16,2025-12-16,CVE-2025-9622,4.3,2025-09-11T17:14:10.147
CVE-2025-9463,0.000380000,0.111460000,0.4012031466913466,2025-12-16,2025-12-16,CVE-2025-9463,6.5,2025-09-11T17:14:10.147
CVE-2025-9367,0.000320000,0.088670000,0.32855159648310966,2025-12-16,2025-12-16,CVE-2025-9367,5.5,2025-09-11T17:14:10.147
CVE-2025-8778,0.000400000,0.117980000,0.4701527070800555,2025-12-16,2025-12-16,CVE-2025-8778,4.3,2025-09-11T17:14:10.147
CVE-2025-8388,0.000430000,0.129070000,0.5279962980101804,2025-12-16,2025-12-16,CVE-2025-8388,6.4,2025-09-11T17:14:10.147
CVE-2025-7843,0.000370000,0.109200000,0.36742248958815366,2025-12-16,2025-12-16,CVE-2025-7843,6.4,2025-09-11T17:14:10.147
CVE-2025-7826,0.000390000,0.113170000,0.4097639981490051,2025-12-16,2025-12-16,CVE-2025-7826,6.5,2025-09-11T17:14:10.147
CVE-2025-7746,0.000700000,0.217840000,0.8010180472003702,2025-12-16,2025-12-16,CVE-2025-7746,,2025-11-03T19:16:15.943
CVE-2025-7718,0.000580000,0.183640000,0.7376214715409533,2025-12-16,2025-12-16,CVE-2025-7718,8.8,2025-09-11T17:14:10.147
CVE-2025-7049,0.000580000,0.183640000,0.7376214715409533,2025-12-16,2025-12-16,CVE-2025-7049,8.8,2025-09-11T17:14:10.147
CVE-2025-6189,0.000360000,0.104780000,0.3486811661267932,2025-12-16,2025-12-16,CVE-2025-6189,6.5,2025-09-11T17:14:10.147
CVE-2025-59046,0.004110000,0.607630000,0.960203609440074,2025-12-16,2025-12-16,CVE-2025-59046,9.8,2025-09-11T17:14:10.147
CVE-2025-59044,0.000170000,0.030640000,0.09093012494215641,2025-12-16,2025-12-16,CVE-2025-59044,4.4,2025-09-11T17:14:10.147
CVE-2025-59042,0.000200000,0.043930000,0.24086071263304026,2025-12-16,2025-12-16,CVE-2025-59042,,2025-09-11T17:14:10.147
CVE-2025-59039,0.000660000,0.204830000,0.7873669597408607,2025-12-16,2025-12-16,CVE-2025-59039,,2025-09-11T17:14:10.147
CVE-2025-59038,0.000660000,0.204830000,0.7873669597408607,2025-12-16,2025-12-16,CVE-2025-59038,,2025-09-11T17:14:10.147
CVE-2025-59037,0.000620000,0.194810000,0.7639981490050902,2025-12-16,2025-12-16,CVE-2025-59037,,2025-09-11T17:14:25.240
CVE-2025-59036,0.000490000,0.152680000,0.6503933364183249,2025-12-16,2025-12-16,CVE-2025-59036,5.5,2025-09-11T17:14:10.147
CVE-2025-58768,0.000880000,0.256450000,0.8465987968533086,2025-12-16,2025-12-16,CVE-2025-58768,9.6,2025-09-18T20:26:13.443
CVE-2025-58765,0.000450000,0.138370000,0.561082832022212,2025-12-16,2025-12-16,CVE-2025-58765,7.1,2025-09-11T17:14:25.240
CVE-2025-58764,0.001580000,0.372360000,0.906987505784359,2025-12-16,2025-12-16,CVE-2025-58764,9.8,2025-10-24T14:46:37.453
CVE-2025-58763,0.004150000,0.610070000,0.9608977325312356,2025-12-16,2025-12-16,CVE-2025-58763,7.2,2025-09-18T20:30:01.190
CVE-2025-58750,0.000500000,0.155840000,0.6753817677001388,2025-12-16,2025-12-16,CVE-2025-58750,9.1,2025-09-17T20:35:43.327
CVE-2025-58462,0.001120000,0.305270000,0.8808422026839426,2025-12-16,2025-12-16,CVE-2025-58462,9.8,2025-09-26T13:39:18.220
CVE-2025-58448,0.000510000,0.160180000,0.6850994909763998,2025-12-16,2025-12-16,CVE-2025-58448,9.8,2025-09-17T20:36:12.373
CVE-2025-58447,0.002910000,0.521590000,0.9442387783433596,2025-12-16,2025-12-16,CVE-2025-58447,9.8,2025-09-17T20:53:21.610
CVE-2025-58135,0.000760000,0.230070000,0.8234613604812587,2025-12-16,2025-12-16,CVE-2025-58135,6.5,2025-10-06T17:58:01.900
CVE-2025-58134,0.000400000,0.120280000,0.4701527070800555,2025-12-16,2025-12-16,CVE-2025-58134,4.3,2025-10-06T17:47:34.463
CVE-2025-58131,0.000130000,0.015780000,0.04349838037945396,2025-12-16,2025-12-16,CVE-2025-58131,6.6,2025-09-11T17:14:10.147
CVE-2025-57633,0.006320000,0.696440000,0.97223507635354,2025-12-16,2025-12-16,CVE-2025-57633,9.8,2025-09-11T17:14:25.240
CVE-2025-57573,0.000550000,0.174210000,0.7142526608051828,2025-12-16,2025-12-16,CVE-2025-57573,5.6,2025-09-17T20:58:07.797
CVE-2025-57572,0.000550000,0.174210000,0.7142526608051828,2025-12-16,2025-12-16,CVE-2025-57572,5.6,2025-09-17T20:58:33.297
CVE-2025-57571,0.000550000,0.174210000,0.7142526608051828,2025-12-16,2025-12-16,CVE-2025-57571,5.6,2025-09-17T20:58:45.243
CVE-2025-57570,0.000550000,0.174210000,0.7142526608051828,2025-12-16,2025-12-16,CVE-2025-57570,5.6,2025-09-17T20:59:57.910
CVE-2025-57569,0.000550000,0.174210000,0.7142526608051828,2025-12-16,2025-12-16,CVE-2025-57569,5.6,2025-09-17T21:01:39.773
CVE-2025-56578,0.000840000,0.249640000,0.8391948172142527,2025-12-16,2025-12-16,CVE-2025-56578,5.7,2025-10-15T17:15:59.737
CVE-2025-56466,0.000470000,0.146690000,0.6291068949560389,2025-12-16,2025-12-16,CVE-2025-56466,7.5,2025-10-06T17:13:37.450
CVE-2025-56413,0.002870000,0.518620000,0.9433132808884775,2025-12-16,2025-12-16,CVE-2025-56413,8.8,2025-11-18T17:41:44.543
CVE-2025-56407,0.000420000,0.127730000,0.4872744099953725,2025-12-16,2025-12-16,CVE-2025-56407,8.8,2025-10-06T17:16:11.120
CVE-2025-56406,0.001650000,0.380450000,0.9095326237852845,2025-12-16,2025-12-16,CVE-2025-56406,7.5,2025-09-16T13:16:11.347
CVE-2025-56405,0.000560000,0.176950000,0.7221193891716797,2025-12-16,2025-12-16,CVE-2025-56405,7.5,2025-09-17T20:31:22.920
CVE-2025-56404,0.000820000,0.243850000,0.8361869504858862,2025-12-16,2025-12-16,CVE-2025-56404,7.5,2025-09-17T20:32:54.887
CVE-2025-54260,0.000340000,0.093920000,0.3322535863026377,2025-12-16,2025-12-16,CVE-2025-54260,7.8,2025-09-12T15:01:41.767
CVE-2025-54259,0.000340000,0.093920000,0.3322535863026377,2025-12-16,2025-12-16,CVE-2025-54259,7.8,2025-09-12T15:02:52.680
CVE-2025-54258,0.000450000,0.136100000,0.561082832022212,2025-12-16,2025-12-16,CVE-2025-54258,7.8,2025-09-12T15:02:57.290
CVE-2025-54245,0.000420000,0.128190000,0.4872744099953725,2025-12-16,2025-12-16,CVE-2025-54245,7.8,2025-09-12T18:35:32.953
CVE-2025-54244,0.000340000,0.093920000,0.3322535863026377,2025-12-16,2025-12-16,CVE-2025-54244,7.8,2025-09-12T18:35:29.047
CVE-2025-54243,0.000420000,0.128190000,0.4872744099953725,2025-12-16,2025-12-16,CVE-2025-54243,7.8,2025-09-12T18:35:23.673
CVE-2025-54241,0.000290000,0.074920000,0.3167515039333642,2025-12-16,2025-12-16,CVE-2025-54241,5.5,2025-09-12T14:29:30.777
CVE-2025-54240,0.000290000,0.074920000,0.3167515039333642,2025-12-16,2025-12-16,CVE-2025-54240,5.5,2025-09-12T14:29:22.800
CVE-2025-54239,0.000290000,0.074920000,0.3167515039333642,2025-12-16,2025-12-16,CVE-2025-54239,5.5,2025-09-12T14:29:06.223
CVE-2025-49461,0.000620000,0.193980000,0.7639981490050902,2025-12-16,2025-12-16,CVE-2025-49461,7.4,2025-10-06T17:45:49.187
CVE-2025-49460,0.000520000,0.161700000,0.6929662193428968,2025-12-16,2025-12-16,CVE-2025-49460,7.5,2025-10-17T19:42:52.870
CVE-2025-49459,0.000180000,0.036720000,0.15131883387320685,2025-12-16,2025-12-16,CVE-2025-49459,7.8,2025-09-11T17:14:10.147
CVE-2025-49458,0.000630000,0.198770000,0.7700138824618232,2025-12-16,2025-12-16,CVE-2025-49458,6.5,2025-10-17T19:43:11.910
CVE-2025-43938,0.000170000,0.032960000,0.09093012494215641,2025-12-16,2025-12-16,CVE-2025-43938,4.4,2025-10-20T14:02:23.670
CVE-2025-43888,0.000230000,0.053930000,0.2892179546506247,2025-12-16,2025-12-16,CVE-2025-43888,7.8,2025-10-20T14:25:24.523
CVE-2025-43887,0.000150000,0.021090000,0.05529847292919945,2025-12-16,2025-12-16,CVE-2025-43887,7.8,2025-10-20T14:28:39.700
CVE-2025-43886,0.000170000,0.033990000,0.09093012494215641,2025-12-16,2025-12-16,CVE-2025-43886,4.4,2025-10-20T14:38:02.060
CVE-2025-43885,0.000480000,0.150420000,0.6385932438685794,2025-12-16,2025-12-16,CVE-2025-43885,7.8,2025-10-20T14:38:20.800
CVE-2025-43884,0.000300000,0.080980000,0.3216103655714947,2025-12-16,2025-12-16,CVE-2025-43884,6.7,2025-09-17T20:20:39.270
CVE-2025-43725,0.000160000,0.026290000,0.06293382693197594,2025-12-16,2025-12-16,CVE-2025-43725,7.8,2025-11-04T15:26:42.623
CVE-2025-41714,0.005180000,0.659920000,0.9683017121702915,2025-12-16,2025-12-16,CVE-2025-41714,8.8,2025-09-11T17:14:10.147
CVE-2025-40979,0.000220000,0.051810000,0.2834335955576122,2025-12-16,2025-12-16,CVE-2025-40979,,2025-09-11T17:14:10.147
CVE-2025-40725,0.000700000,0.217840000,0.8010180472003702,2025-12-16,2025-12-16,CVE-2025-40725,,2025-09-11T17:14:10.147
CVE-2025-36759,0.000630000,0.197520000,0.7700138824618232,2025-12-16,2025-12-16,CVE-2025-36759,,2025-09-11T17:14:10.147
CVE-2025-36758,0.001260000,0.326260000,0.8940305414160111,2025-12-16,2025-12-16,CVE-2025-36758,,2025-09-11T17:14:10.147
CVE-2025-36757,0.000610000,0.192700000,0.7570569180934752,2025-12-16,2025-12-16,CVE-2025-36757,,2025-09-11T17:14:10.147
CVE-2025-36756,0.000580000,0.180670000,0.7376214715409533,2025-12-16,2025-12-16,CVE-2025-36756,,2025-09-11T17:14:10.147
CVE-2025-29592,0.002100000,0.436300000,0.928273947246645,2025-12-16,2025-12-16,CVE-2025-29592,5.6,2025-11-19T17:06:38.830
CVE-2025-20340,0.000490000,0.151030000,0.6503933364183249,2025-12-16,2025-12-16,CVE-2025-20340,7.4,2025-09-11T17:14:10.147
CVE-2025-20248,0.000080000,0.005740000,0.025451180009254976,2025-12-16,2025-12-16,CVE-2025-20248,6.0,2025-09-11T17:14:10.147
CVE-2025-20159,0.000340000,0.094330000,0.3322535863026377,2025-12-16,2025-12-16,CVE-2025-20159,5.3,2025-09-11T17:14:10.147
CVE-2025-10231,0.000150000,0.022040000,0.05529847292919945,2025-12-16,2025-12-16,CVE-2025-10231,7.8,2025-09-22T18:25:11.643
CVE-2025-10227,0.000060000,0.002760000,0.01064322073114299,2025-12-16,2025-12-16,CVE-2025-10227,4.6,2025-10-08T12:15:35.903
CVE-2025-10226,0.003850000,0.590830000,0.9571957427117076,2025-12-16,2025-12-16,CVE-2025-10226,9.8,2025-10-08T12:15:35.727
CVE-2025-10225,0.001580000,0.372280000,0.906987505784359,2025-12-16,2025-12-16,CVE-2025-10225,7.5,2025-10-08T12:15:35.553
CVE-2025-10224,0.002210000,0.446790000,0.9312818139750115,2025-12-16,2025-12-16,CVE-2025-10224,7.1,2025-10-08T12:15:35.323
CVE-2025-10223,0.000500000,0.157540000,0.6753817677001388,2025-12-16,2025-12-16,CVE-2025-10223,8.1,2025-10-08T12:15:35.013
CVE-2025-10222,0.000180000,0.035360000,0.15131883387320685,2025-12-16,2025-12-16,CVE-2025-10222,3.3,2025-10-08T12:15:34.840
CVE-2025-10221,0.000170000,0.031830000,0.09093012494215641,2025-12-16,2025-12-16,CVE-2025-10221,5.5,2025-10-08T12:15:34.677
CVE-2025-10220,0.002000000,0.422360000,0.9234150856085146,2025-12-16,2025-12-16,CVE-2025-10220,9.8,2025-09-11T17:14:10.147
CVE-2025-10215,0.000210000,0.049060000,0.26862563627950026,2025-12-16,2025-12-16,CVE-2025-10215,,2025-09-11T17:14:10.147
CVE-2025-10214,0.000210000,0.049060000,0.26862563627950026,2025-12-16,2025-12-16,CVE-2025-10214,,2025-09-11T17:14:10.147
CVE-2025-10213,0.000210000,0.049060000,0.26862563627950026,2025-12-16,2025-12-16,CVE-2025-10213,,2025-09-11T17:14:10.147
CVE-2025-10197,0.000390000,0.116100000,0.4097639981490051,2025-12-16,2025-12-16,CVE-2025-10197,6.3,2025-09-11T17:14:10.147
CVE-2025-10195,0.000180000,0.035820000,0.15131883387320685,2025-12-16,2025-12-16,CVE-2025-10195,5.3,2025-09-11T17:14:10.147
CVE-2025-10172,0.000620000,0.193690000,0.7639981490050902,2025-12-16,2025-12-16,CVE-2025-10172,8.8,2025-09-11T17:14:10.147
CVE-2025-10171,0.000620000,0.193690000,0.7639981490050902,2025-12-16,2025-12-16,CVE-2025-10171,8.8,2025-09-11T17:14:10.147
CVE-2025-10142,0.000350000,0.099700000,0.33896344285053215,2025-12-16,2025-12-16,CVE-2025-10142,4.9,2025-09-11T17:14:10.147
CVE-2025-10126,0.000430000,0.129070000,0.5279962980101804,2025-12-16,2025-12-16,CVE-2025-10126,6.4,2025-09-11T17:14:10.147
CVE-2025-10049,0.003580000,0.574300000,0.9530310041647385,2025-12-16,2025-12-16,CVE-2025-10049,7.2,2025-09-11T17:14:10.147
CVE-2025-10040,0.000400000,0.118930000,0.4701527070800555,2025-12-16,2025-12-16,CVE-2025-10040,7.7,2025-09-11T17:14:10.147
CVE-2025-10001,0.003580000,0.574300000,0.9530310041647385,2025-12-16,2025-12-16,CVE-2025-10001,7.2,2025-09-11T17:14:10.147
CVE-2025-9918,0.006120000,0.691260000,0.971309578898658,2025-12-16,2025-12-16,CVE-2025-9918,,2025-09-11T17:14:10.147
CVE-2025-9910,0.000460000,0.142020000,0.6200832947709394,2025-12-16,2025-12-16,CVE-2025-9910,4.7,2025-09-11T17:14:10.147
CVE-2025-9874,0.001180000,0.314690000,0.8882461823229986,2025-12-16,2025-12-16,CVE-2025-9874,7.5,2025-09-11T17:14:10.147
CVE-2025-9861,0.000430000,0.130850000,0.5279962980101804,2025-12-16,2025-12-16,CVE-2025-9861,6.4,2025-09-11T17:14:10.147
CVE-2025-9860,0.000430000,0.130850000,0.5279962980101804,2025-12-16,2025-12-16,CVE-2025-9860,6.4,2025-09-11T17:14:10.147
CVE-2025-9855,0.000430000,0.130850000,0.5279962980101804,2025-12-16,2025-12-16,CVE-2025-9855,6.4,2025-09-11T17:14:10.147
CVE-2025-9850,0.000430000,0.130850000,0.5279962980101804,2025-12-16,2025-12-16,CVE-2025-9850,6.4,2025-09-11T17:14:10.147
CVE-2025-9776,0.000360000,0.104780000,0.3486811661267932,2025-12-16,2025-12-16,CVE-2025-9776,6.5,2025-09-11T17:14:10.147
CVE-2025-9714,0.000240000,0.057000000,0.2940768162887552,2025-12-16,2025-12-16,CVE-2025-9714,5.5,2025-11-03T19:16:17.563
CVE-2025-9693,0.002060000,0.428090000,0.9261915779731605,2025-12-16,2025-12-16,CVE-2025-9693,8.0,2025-09-11T17:14:10.147
CVE-2025-9635,0.000160000,0.026130000,0.06293382693197594,2025-12-16,2025-12-16,CVE-2025-9635,4.3,2025-09-11T17:14:10.147
CVE-2025-9634,0.000180000,0.035660000,0.15131883387320685,2025-12-16,2025-12-16,CVE-2025-9634,4.3,2025-09-11T17:14:10.147
CVE-2025-9633,0.000170000,0.030680000,0.09093012494215641,2025-12-16,2025-12-16,CVE-2025-9633,4.3,2025-09-11T17:14:10.147
CVE-2025-9632,0.000160000,0.026130000,0.06293382693197594,2025-12-16,2025-12-16,CVE-2025-9632,4.3,2025-09-11T17:14:10.147
CVE-2025-9631,0.000160000,0.026130000,0.06293382693197594,2025-12-16,2025-12-16,CVE-2025-9631,4.3,2025-09-11T17:14:10.147
CVE-2025-9628,0.000160000,0.026130000,0.06293382693197594,2025-12-16,2025-12-16,CVE-2025-9628,4.3,2025-09-11T17:14:10.147
CVE-2025-9627,0.000180000,0.035660000,0.15131883387320685,2025-12-16,2025-12-16,CVE-2025-9627,4.3,2025-09-11T17:14:10.147
CVE-2025-9623,0.000160000,0.026130000,0.06293382693197594,2025-12-16,2025-12-16,CVE-2025-9623,4.3,2025-09-11T17:14:10.147
CVE-2025-9620,0.000160000,0.026090000,0.06293382693197594,2025-12-16,2025-12-16,CVE-2025-9620,6.1,2025-09-11T17:14:10.147
CVE-2025-9617,0.000190000,0.042810000,0.2038408144377603,2025-12-16,2025-12-16,CVE-2025-9617,5.3,2025-09-11T17:14:10.147
CVE-2025-9451,0.000360000,0.104780000,0.3486811661267932,2025-12-16,2025-12-16,CVE-2025-9451,6.5,2025-09-11T17:14:10.147
CVE-2025-9128,0.000430000,0.129070000,0.5279962980101804,2025-12-16,2025-12-16,CVE-2025-9128,6.4,2025-09-11T17:14:10.147
CVE-2025-9123,0.000430000,0.130850000,0.5279962980101804,2025-12-16,2025-12-16,CVE-2025-9123,6.4,2025-09-11T17:14:10.147
CVE-2025-9073,0.000960000,0.272920000,0.8581675150393336,2025-12-16,2025-12-16,CVE-2025-9073,7.5,2025-09-11T17:14:10.147
CVE-2025-9059,0.000190000,0.043820000,0.2038408144377603,2025-12-16,2025-12-16,CVE-2025-9059,,2025-09-11T17:14:10.147
CVE-2025-9034,0.000360000,0.103680000,0.3486811661267932,2025-12-16,2025-12-16,CVE-2025-9034,6.1,2025-09-11T17:14:10.147
CVE-2025-8721,0.000430000,0.129070000,0.5279962980101804,2025-12-16,2025-12-16,CVE-2025-8721,6.4,2025-09-11T17:14:10.147
CVE-2025-8696,0.000970000,0.274000000,0.8597871355853771,2025-12-16,2025-12-16,CVE-2025-8696,7.5,2025-11-04T22:16:45.083
CVE-2025-8692,0.000350000,0.099700000,0.33896344285053215,2025-12-16,2025-12-16,CVE-2025-8692,4.9,2025-09-11T17:14:10.147
CVE-2025-8691,0.000430000,0.129070000,0.5279962980101804,2025-12-16,2025-12-16,CVE-2025-8691,6.4,2025-09-11T17:14:10.147
CVE-2025-8689,0.000430000,0.130850000,0.5279962980101804,2025-12-16,2025-12-16,CVE-2025-8689,6.4,2025-09-11T17:14:10.147
CVE-2025-8686,0.000450000,0.139450000,0.561082832022212,2025-12-16,2025-12-16,CVE-2025-8686,6.4,2025-09-11T17:14:10.147
CVE-2025-8681,0.000400000,0.118910000,0.4701527070800555,2025-12-16,2025-12-16,CVE-2025-8681,5.4,2025-10-29T18:14:25.747
CVE-2025-8570,0.000550000,0.172900000,0.7142526608051828,2025-12-16,2025-12-16,CVE-2025-8570,9.8,2025-09-11T17:14:10.147
CVE-2025-8492,0.001000000,0.285100000,0.8683479870430356,2025-12-16,2025-12-16,CVE-2025-8492,5.3,2025-09-11T17:14:10.147
CVE-2025-8481,0.000180000,0.035660000,0.15131883387320685,2025-12-16,2025-12-16,CVE-2025-8481,4.3,2025-09-11T17:14:10.147
CVE-2025-8479,0.000170000,0.030680000,0.09093012494215641,2025-12-16,2025-12-16,CVE-2025-8479,4.3,2025-09-11T17:14:10.147
CVE-2025-8445,0.000430000,0.130850000,0.5279962980101804,2025-12-16,2025-12-16,CVE-2025-8445,6.4,2025-09-11T17:14:10.147
CVE-2025-8425,0.000580000,0.183640000,0.7376214715409533,2025-12-16,2025-12-16,CVE-2025-8425,8.8,2025-09-11T17:14:10.147
CVE-2025-8423,0.000570000,0.178590000,0.7279037482646923,2025-12-16,2025-12-16,CVE-2025-8423,5.4,2025-09-11T17:14:10.147
CVE-2025-8422,0.000870000,0.255300000,0.8442850532161037,2025-12-16,2025-12-16,CVE-2025-8422,7.5,2025-09-11T17:14:10.147
CVE-2025-8417,0.002490000,0.480660000,0.9382230448866266,2025-12-16,2025-12-16,CVE-2025-8417,8.1,2025-09-11T17:14:10.147
CVE-2025-8398,0.000430000,0.129070000,0.5279962980101804,2025-12-16,2025-12-16,CVE-2025-8398,6.4,2025-09-11T17:14:10.147
CVE-2025-8392,0.000430000,0.129070000,0.5279962980101804,2025-12-16,2025-12-16,CVE-2025-8392,6.4,2025-09-11T17:14:10.147
CVE-2025-8318,0.000430000,0.129070000,0.5279962980101804,2025-12-16,2025-12-16,CVE-2025-8318,6.4,2025-09-11T17:14:10.147
CVE-2025-8316,0.000430000,0.129070000,0.5279962980101804,2025-12-16,2025-12-16,CVE-2025-8316,6.4,2025-09-11T17:14:10.147
CVE-2025-8215,0.000430000,0.130850000,0.5279962980101804,2025-12-16,2025-12-16,CVE-2025-8215,6.4,2025-09-11T17:14:10.147
CVE-2025-6088,0.000450000,0.136750000,0.561082832022212,2025-12-16,2025-12-16,CVE-2025-6088,3.1,2025-10-16T16:00:19.400
CVE-2025-59052,0.000460000,0.142730000,0.6200832947709394,2025-12-16,2025-12-16,CVE-2025-59052,,2025-09-11T17:14:10.147
CVE-2025-59049,0.062240000,0.905210000,0.992596020360944,2025-12-16,2025-12-16,CVE-2025-59049,7.5,2025-09-11T17:14:10.147
CVE-2025-59045,0.000670000,0.209190000,0.7933826931975937,2025-12-16,2025-12-16,CVE-2025-59045,,2025-09-11T17:14:10.147
CVE-2025-59041,0.001220000,0.321430000,0.8896344285053216,2025-12-16,2025-12-16,CVE-2025-59041,9.8,2025-10-22T18:40:53.837
CVE-2025-59035,0.000650000,0.203420000,0.7841277186487737,2025-12-16,2025-12-16,CVE-2025-59035,5.4,2025-09-17T21:23:56.843
CVE-2025-59034,0.000440000,0.133320000,0.549976862563628,2025-12-16,2025-12-16,CVE-2025-59034,4.3,2025-09-17T21:31:06.693
CVE-2025-58321,0.006980000,0.712920000,0.974086071263304,2025-12-16,2025-12-16,CVE-2025-58321,10.0,2025-09-26T14:43:15.530
CVE-2025-58320,0.000770000,0.234570000,0.8255437297547432,2025-12-16,2025-12-16,CVE-2025-58320,7.3,2025-09-26T14:43:41.973
CVE-2025-5801,0.000430000,0.129070000,0.5279962980101804,2025-12-16,2025-12-16,CVE-2025-5801,6.4,2025-09-11T17:14:10.147
CVE-2025-57642,0.024360000,0.847000000,0.988431281813975,2025-12-16,2025-12-16,CVE-2025-57642,7.2,2025-10-17T19:28:54.450
CVE-2025-57520,0.000160000,0.028520000,0.06293382693197594,2025-12-16,2025-12-16,CVE-2025-57520,6.1,2025-09-16T17:35:50.310
CVE-2025-57392,0.000220000,0.050460000,0.2834335955576122,2025-12-16,2025-12-16,CVE-2025-57392,7.8,2025-09-17T21:22:34.947
CVE-2025-55976,0.000380000,0.109550000,0.4012031466913466,2025-12-16,2025-12-16,CVE-2025-55976,8.4,2025-10-17T19:09:23.423
CVE-2025-54376,0.001780000,0.396730000,0.9160111059694586,2025-12-16,2025-12-16,CVE-2025-54376,7.5,2025-09-24T14:18:24.587
CVE-2025-54123,0.364300000,0.969540000,0.997686256362795,2025-12-16,2025-12-16,CVE-2025-54123,9.8,2025-09-17T21:17:53.460
CVE-2025-50892,0.000170000,0.030600000,0.09093012494215641,2025-12-16,2025-12-16,CVE-2025-50892,7.8,2025-10-20T14:37:01.910
CVE-2025-48041,0.000980000,0.276130000,0.8623322535863026,2025-12-16,2025-12-16,CVE-2025-48041,,2025-09-11T17:14:10.147
CVE-2025-48040,0.000680000,0.210700000,0.7970846830171217,2025-12-16,2025-12-16,CVE-2025-48040,,2025-09-11T17:14:10.147
CVE-2025-48039,0.000980000,0.276130000,0.8623322535863026,2025-12-16,2025-12-16,CVE-2025-48039,,2025-09-11T17:14:10.147
CVE-2025-48038,0.000980000,0.276130000,0.8623322535863026,2025-12-16,2025-12-16,CVE-2025-48038,,2025-09-11T17:14:10.147
CVE-2025-43785,0.002080000,0.433110000,0.9271170754280426,2025-12-16,2025-12-16,CVE-2025-43785,6.1,2025-12-16T15:07:24.647
CVE-2025-43784,0.000580000,0.180670000,0.7376214715409533,2025-12-16,2025-12-16,CVE-2025-43784,6.5,2025-12-16T14:45:25.463
CVE-2025-43783,0.002270000,0.454800000,0.9335955576122166,2025-12-16,2025-12-16,CVE-2025-43783,6.1,2025-12-16T14:45:55.890
CVE-2025-40695,0.000530000,0.168010000,0.6982878297084683,2025-12-16,2025-12-16,CVE-2025-40695,5.4,2025-09-12T15:31:11.180
CVE-2025-40694,0.000530000,0.168010000,0.6982878297084683,2025-12-16,2025-12-16,CVE-2025-40694,5.4,2025-09-12T15:31:24.010
CVE-2025-40693,0.000530000,0.168010000,0.6982878297084683,2025-12-16,2025-12-16,CVE-2025-40693,5.4,2025-09-12T15:31:37.410
CVE-2025-40692,0.000460000,0.141020000,0.6200832947709394,2025-12-16,2025-12-16,CVE-2025-40692,9.8,2025-09-12T15:31:47.440
CVE-2025-40691,0.000460000,0.141020000,0.6200832947709394,2025-12-16,2025-12-16,CVE-2025-40691,9.8,2025-09-12T15:31:54.967
CVE-2025-40690,0.000460000,0.141020000,0.6200832947709394,2025-12-16,2025-12-16,CVE-2025-40690,9.8,2025-09-12T15:32:04.580
CVE-2025-40689,0.000460000,0.141020000,0.6200832947709394,2025-12-16,2025-12-16,CVE-2025-40689,9.8,2025-09-12T15:32:20.270
CVE-2025-40687,0.000460000,0.141020000,0.6200832947709394,2025-12-16,2025-12-16,CVE-2025-40687,9.8,2025-09-12T15:32:29.880
CVE-2025-10250,0.000200000,0.046850000,0.24086071263304026,2025-12-16,2025-12-16,CVE-2025-10250,5.0,2025-09-11T17:14:10.147
CVE-2025-10247,0.000500000,0.157410000,0.6753817677001388,2025-12-16,2025-12-16,CVE-2025-10247,6.3,2025-09-11T17:14:10.147
CVE-2025-10246,0.000370000,0.105830000,0.36742248958815366,2025-12-16,2025-12-16,CVE-2025-10246,3.5,2025-09-11T17:14:10.147
CVE-2025-10245,0.000600000,0.187330000,0.7515039333641832,2025-12-16,2025-12-16,CVE-2025-10245,4.3,2025-09-11T17:14:10.147
CVE-2025-10236,0.001160000,0.310680000,0.8859324386857936,2025-12-16,2025-12-16,CVE-2025-10236,7.5,2025-10-31T14:39:12.907
CVE-2025-10235,0.000430000,0.131040000,0.5279962980101804,2025-12-16,2025-12-16,CVE-2025-10235,4.8,2025-10-02T20:18:25.550
CVE-2025-10234,0.000430000,0.131040000,0.5279962980101804,2025-12-16,2025-12-16,CVE-2025-10234,4.8,2025-10-02T20:19:10.580
CVE-2025-10233,0.001060000,0.294770000,0.8739009717723276,2025-12-16,2025-12-16,CVE-2025-10233,4.3,2025-09-12T15:34:55.973
CVE-2025-10232,0.001070000,0.295540000,0.8755205923183711,2025-12-16,2025-12-16,CVE-2025-10232,5.4,2025-09-11T17:14:10.147
CVE-2025-10229,0.000380000,0.111950000,0.4012031466913466,2025-12-16,2025-12-16,CVE-2025-10229,4.3,2025-09-11T17:14:10.147
CVE-2025-10218,0.000390000,0.113420000,0.4097639981490051,2025-12-16,2025-12-16,CVE-2025-10218,9.8,2025-10-16T16:07:42.750
CVE-2025-10216,0.000270000,0.068130000,0.3098102730217492,2025-12-16,2025-12-16,CVE-2025-10216,2.6,2025-09-11T17:14:10.147
CVE-2025-10211,0.120340000,0.935260000,0.995835261453031,2025-12-16,2025-12-16,CVE-2025-10211,6.3,2025-09-15T14:53:01.553
CVE-2025-10210,0.029370000,0.859780000,0.9900509023600185,2025-12-16,2025-12-16,CVE-2025-10210,8.8,2025-09-15T14:53:19.130
CVE-2025-10209,0.000540000,0.170220000,0.7084683017121703,2025-12-16,2025-12-16,CVE-2025-10209,5.4,2025-09-11T17:14:10.147
CVE-2025-10201,0.000200000,0.044980000,0.24086071263304026,2025-12-16,2025-12-16,CVE-2025-10201,8.8,2025-09-22T16:51:08.873
CVE-2025-10200,0.000760000,0.229570000,0.8234613604812587,2025-12-16,2025-12-16,CVE-2025-10200,8.8,2025-09-22T16:50:42.040
CVE-2025-0763,0.000390000,0.116660000,0.4097639981490051,2025-12-16,2025-12-16,CVE-2025-0763,4.3,2025-09-11T17:14:10.147
CVE-2024-47120,0.000210000,0.047300000,0.26862563627950026,2025-12-16,2025-12-16,CVE-2024-47120,6.8,2025-09-18T20:50:25.933
CVE-2024-45671,0.000180000,0.039970000,0.15131883387320685,2025-12-16,2025-12-16,CVE-2024-45671,7.5,2025-09-17T21:08:24.490
CVE-2024-45669,0.001420000,0.349580000,0.9007403979639056,2025-12-16,2025-12-16,CVE-2024-45669,6.5,2025-09-17T21:08:47.960
CVE-2025-9877,0.000430000,0.130850000,0.5279962980101804,2025-12-16,2025-12-16,CVE-2025-9877,6.4,2025-09-15T15:22:38.297
CVE-2025-9807,0.000960000,0.272920000,0.8581675150393336,2025-12-16,2025-12-16,CVE-2025-9807,7.5,2025-09-15T15:22:38.297
CVE-2025-9319,0.000300000,0.080010000,0.3216103655714947,2025-12-16,2025-12-16,CVE-2025-9319,7.5,2025-09-15T15:22:38.297
CVE-2025-9214,0.000200000,0.045740000,0.24086071263304026,2025-12-16,2025-12-16,CVE-2025-9214,5.4,2025-09-15T15:22:38.297
CVE-2025-9201,0.000200000,0.046090000,0.24086071263304026,2025-12-16,2025-12-16,CVE-2025-9201,7.8,2025-09-15T15:22:38.297
CVE-2025-9018,0.000600000,0.187800000,0.7515039333641832,2025-12-16,2025-12-16,CVE-2025-9018,8.8,2025-09-11T17:14:10.147
CVE-2025-8716,0.000630000,0.195890000,0.7700138824618232,2025-12-16,2025-12-16,CVE-2025-8716,,2025-09-11T17:14:10.147
CVE-2025-8557,0.000260000,0.064740000,0.3040259139287367,2025-12-16,2025-12-16,CVE-2025-8557,8.8,2025-09-15T15:22:38.297
CVE-2025-8061,0.000070000,0.004350000,0.015964831096714482,2025-12-16,2025-12-16,CVE-2025-8061,7.0,2025-09-15T15:22:38.297
CVE-2025-59055,0.001860000,0.406410000,0.918093475242943,2025-12-16,2025-12-16,CVE-2025-59055,7.2,2025-09-24T13:30:22.057
CVE-2025-59053,0.000590000,0.186360000,0.7457195742711707,2025-12-16,2025-12-16,CVE-2025-59053,9.6,2025-09-15T15:22:38.297
CVE-2025-59047,0.000630000,0.198770000,0.7700138824618232,2025-12-16,2025-12-16,CVE-2025-59047,,2025-09-15T15:22:38.297
CVE-2025-58754,0.000260000,0.064500000,0.3040259139287367,2025-12-16,2025-12-16,CVE-2025-58754,7.5,2025-10-24T20:56:49.430
CVE-2025-58364,0.000890000,0.259300000,0.8484497917630727,2025-12-16,2025-12-16,CVE-2025-58364,6.5,2025-11-04T22:16:34.003
CVE-2025-58145,0.000460000,0.142610000,0.6200832947709394,2025-12-16,2025-12-16,CVE-2025-58145,7.5,2025-11-04T22:16:32.653
CVE-2025-58144,0.000600000,0.187970000,0.7515039333641832,2025-12-16,2025-12-16,CVE-2025-58144,7.5,2025-11-04T22:16:32.523
CVE-2025-58143,0.000490000,0.154200000,0.6503933364183249,2025-12-16,2025-12-16,CVE-2025-58143,9.8,2025-11-04T22:16:32.393
CVE-2025-58142,0.000640000,0.199850000,0.7783433595557612,2025-12-16,2025-12-16,CVE-2025-58142,9.8,2025-11-04T22:16:32.257
CVE-2025-58065,0.000310000,0.082900000,0.32577510411846367,2025-12-16,2025-12-16,CVE-2025-58065,6.5,2025-09-24T13:41:42.183
CVE-2025-58060,0.000560000,0.174830000,0.7221193891716797,2025-12-16,2025-12-16,CVE-2025-58060,8.0,2025-11-04T22:16:32.160
CVE-2025-56556,0.000410000,0.123840000,0.475937066173068,2025-12-16,2025-12-16,CVE-2025-56556,3.8,2025-11-25T15:15:52.147
CVE-2025-55319,0.000920000,0.265110000,0.8528459046737622,2025-12-16,2025-12-16,CVE-2025-55319,9.8,2025-09-24T13:18:25.733
CVE-2025-43790,0.002020000,0.424400000,0.924109208699676,2025-12-16,2025-12-16,CVE-2025-43790,8.1,2025-12-16T15:14:05.343
CVE-2025-43789,0.000280000,0.070870000,0.3125867653863952,2025-12-16,2025-12-16,CVE-2025-43789,,2025-09-15T15:22:38.297
CVE-2025-43788,0.002020000,0.424400000,0.924109208699676,2025-12-16,2025-12-16,CVE-2025-43788,4.3,2025-12-16T15:13:03.607
CVE-2025-43782,0.002020000,0.424400000,0.924109208699676,2025-12-16,2025-12-16,CVE-2025-43782,4.3,2025-12-16T14:48:29.363
CVE-2025-40696,0.000530000,0.168010000,0.6982878297084683,2025-12-16,2025-12-16,CVE-2025-40696,5.4,2025-09-12T15:30:57.173
CVE-2025-40300,0.000580000,0.183730000,0.7376214715409533,2025-12-16,2025-12-16,CVE-2025-40300,,2025-11-17T16:15:46.780
CVE-2025-39791,0.000140000,0.018160000,0.04835724201758445,2025-12-16,2025-12-16,CVE-2025-39791,5.5,2025-11-25T18:20:14.283
CVE-2025-39790,0.000360000,0.104690000,0.3486811661267932,2025-12-16,2025-12-16,CVE-2025-39790,,2025-11-03T18:16:47.427
CVE-2025-39789,0.000190000,0.042720000,0.2038408144377603,2025-12-16,2025-12-16,CVE-2025-39789,5.5,2025-11-25T18:22:51.720
CVE-2025-39788,0.000490000,0.153250000,0.6503933364183249,2025-12-16,2025-12-16,CVE-2025-39788,,2025-11-03T18:16:47.330
CVE-2025-39787,0.000490000,0.153250000,0.6503933364183249,2025-12-16,2025-12-16,CVE-2025-39787,,2025-11-03T18:16:47.230
CVE-2025-39786,0.000190000,0.042980000,0.2038408144377603,2025-12-16,2025-12-16,CVE-2025-39786,7.1,2025-11-25T18:44:51.740
CVE-2025-39785,0.000190000,0.042720000,0.2038408144377603,2025-12-16,2025-12-16,CVE-2025-39785,5.5,2025-11-25T18:47:36.567
CVE-2025-39784,0.000190000,0.042720000,0.2038408144377603,2025-12-16,2025-12-16,CVE-2025-39784,5.5,2025-11-25T18:49:03.547
CVE-2025-39783,0.000490000,0.153250000,0.6503933364183249,2025-12-16,2025-12-16,CVE-2025-39783,,2025-11-03T18:16:47.127
CVE-2025-39782,0.000490000,0.153250000,0.6503933364183249,2025-12-16,2025-12-16,CVE-2025-39782,,2025-11-03T18:16:47.010
CVE-2025-39781,0.000160000,0.028310000,0.06293382693197594,2025-12-16,2025-12-16,CVE-2025-39781,5.5,2025-11-25T18:49:43.003
CVE-2025-39780,0.000170000,0.034920000,0.09093012494215641,2025-12-16,2025-12-16,CVE-2025-39780,5.5,2025-11-25T19:08:03.367
CVE-2025-39779,0.000170000,0.034920000,0.09093012494215641,2025-12-16,2025-12-16,CVE-2025-39779,5.5,2025-11-25T19:08:58.510
CVE-2025-39777,0.000190000,0.042720000,0.2038408144377603,2025-12-16,2025-12-16,CVE-2025-39777,5.5,2025-11-25T19:09:23.363
CVE-2025-39776,0.000360000,0.104690000,0.3486811661267932,2025-12-16,2025-12-16,CVE-2025-39776,,2025-11-03T18:16:46.883
CVE-2025-39775,0.000190000,0.042720000,0.2038408144377603,2025-12-16,2025-12-16,CVE-2025-39775,5.5,2025-11-25T19:54:17.880
CVE-2025-39774,0.000190000,0.042720000,0.2038408144377603,2025-12-16,2025-12-16,CVE-2025-39774,5.5,2025-11-25T19:55:05.873
CVE-2025-39773,0.000360000,0.104690000,0.3486811661267932,2025-12-16,2025-12-16,CVE-2025-39773,,2025-11-03T18:16:46.773
CVE-2025-39772,0.000360000,0.104690000,0.3486811661267932,2025-12-16,2025-12-16,CVE-2025-39772,,2025-11-03T18:16:46.650
CVE-2025-39771,0.000190000,0.042720000,0.2038408144377603,2025-12-16,2025-12-16,CVE-2025-39771,5.5,2025-11-25T19:55:53.850
CVE-2025-39770,0.000360000,0.104690000,0.3486811661267932,2025-12-16,2025-12-16,CVE-2025-39770,,2025-11-03T18:16:46.543
CVE-2025-39769,0.000150000,0.022640000,0.05529847292919945,2025-12-16,2025-12-16,CVE-2025-39769,5.5,2025-11-25T19:56:42.420
CVE-2025-39768,0.000190000,0.042720000,0.2038408144377603,2025-12-16,2025-12-16,CVE-2025-39768,5.5,2025-11-25T19:57:15.460
CVE-2025-39767,0.000130000,0.016930000,0.04349838037945396,2025-12-16,2025-12-16,CVE-2025-39767,5.5,2025-11-25T19:57:59.820
CVE-2025-39766,0.000490000,0.153250000,0.6503933364183249,2025-12-16,2025-12-16,CVE-2025-39766,,2025-11-03T18:16:46.427
CVE-2025-39765,0.000170000,0.034920000,0.09093012494215641,2025-12-16,2025-12-16,CVE-2025-39765,5.5,2025-11-25T19:58:32.573
CVE-2025-39764,0.000180000,0.038060000,0.15131883387320685,2025-12-16,2025-12-16,CVE-2025-39764,5.5,2025-11-25T19:58:58.977
CVE-2025-39763,0.000170000,0.034120000,0.09093012494215641,2025-12-16,2025-12-16,CVE-2025-39763,5.5,2025-11-25T19:59:59.053
CVE-2025-39762,0.000170000,0.034920000,0.09093012494215641,2025-12-16,2025-12-16,CVE-2025-39762,5.5,2025-11-26T16:25:47.433
CVE-2025-39761,0.000180000,0.037150000,0.15131883387320685,2025-12-16,2025-12-16,CVE-2025-39761,7.1,2025-11-26T16:25:41.300
CVE-2025-39760,0.000820000,0.244460000,0.8361869504858862,2025-12-16,2025-12-16,CVE-2025-39760,,2025-11-03T18:16:46.310
CVE-2025-39759,0.000360000,0.104690000,0.3486811661267932,2025-12-16,2025-12-16,CVE-2025-39759,,2025-11-03T18:16:46.187
CVE-2025-39758,0.000180000,0.035540000,0.15131883387320685,2025-12-16,2025-12-16,CVE-2025-39758,5.5,2025-11-26T16:24:34.860
CVE-2025-39757,0.000490000,0.153250000,0.6503933364183249,2025-12-16,2025-12-16,CVE-2025-39757,,2025-11-03T18:16:46.050
CVE-2025-39756,0.000710000,0.220020000,0.8047200370198982,2025-12-16,2025-12-16,CVE-2025-39756,,2025-11-03T18:16:45.910
CVE-2025-39754,0.000130000,0.016930000,0.04349838037945396,2025-12-16,2025-12-16,CVE-2025-39754,4.7,2025-11-26T16:20:46.807
CVE-2025-39753,0.000170000,0.034120000,0.09093012494215641,2025-12-16,2025-12-16,CVE-2025-39753,5.5,2025-11-25T22:03:48.250
CVE-2025-39752,0.000490000,0.153250000,0.6503933364183249,2025-12-16,2025-12-16,CVE-2025-39752,,2025-11-03T18:16:45.793
CVE-2025-39750,0.000180000,0.037150000,0.15131883387320685,2025-12-16,2025-12-16,CVE-2025-39750,7.1,2025-11-25T21:11:23.033
CVE-2025-39749,0.000490000,0.153250000,0.6503933364183249,2025-12-16,2025-12-16,CVE-2025-39749,,2025-11-03T18:16:45.687
CVE-2025-39748,0.000160000,0.028310000,0.06293382693197594,2025-12-16,2025-12-16,CVE-2025-39748,5.5,2025-11-25T21:11:05.393
CVE-2025-39747,0.000170000,0.033770000,0.09093012494215641,2025-12-16,2025-12-16,CVE-2025-39747,5.5,2025-11-25T18:07:45.823
CVE-2025-39746,0.000170000,0.033770000,0.09093012494215641,2025-12-16,2025-12-16,CVE-2025-39746,5.5,2025-11-25T18:13:47.147
CVE-2025-39745,0.000160000,0.028910000,0.06293382693197594,2025-12-16,2025-12-16,CVE-2025-39745,5.5,2025-11-25T21:09:37.197
CVE-2025-39744,0.000180000,0.036300000,0.15131883387320685,2025-12-16,2025-12-16,CVE-2025-39744,7.1,2025-11-25T21:09:09.607
CVE-2025-39743,0.000490000,0.153250000,0.6503933364183249,2025-12-16,2025-12-16,CVE-2025-39743,,2025-11-03T18:16:45.587
CVE-2025-39742,0.000490000,0.153250000,0.6503933364183249,2025-12-16,2025-12-16,CVE-2025-39742,,2025-11-03T18:16:45.483
CVE-2025-39741,0.000190000,0.042720000,0.2038408144377603,2025-12-16,2025-12-16,CVE-2025-39741,5.5,2025-11-25T21:08:26.637
CVE-2025-39740,0.000190000,0.042980000,0.2038408144377603,2025-12-16,2025-12-16,CVE-2025-39740,7.8,2025-11-25T21:01:22.960
CVE-2025-39739,0.000180000,0.035540000,0.15131883387320685,2025-12-16,2025-12-16,CVE-2025-39739,5.5,2025-11-25T17:49:23.880
CVE-2025-39738,0.000360000,0.104690000,0.3486811661267932,2025-12-16,2025-12-16,CVE-2025-39738,,2025-11-03T18:16:45.380
CVE-2025-39737,0.000490000,0.153250000,0.6503933364183249,2025-12-16,2025-12-16,CVE-2025-39737,,2025-11-03T18:16:45.273
CVE-2025-39736,0.000490000,0.153250000,0.6503933364183249,2025-12-16,2025-12-16,CVE-2025-39736,,2025-11-03T18:16:45.160
CVE-2025-36222,0.000660000,0.207300000,0.7873669597408607,2025-12-16,2025-12-16,CVE-2025-36222,9.8,2025-10-02T19:31:43.080
CVE-2025-27466,0.000640000,0.199850000,0.7783433595557612,2025-12-16,2025-12-16,CVE-2025-27466,9.8,2025-11-04T22:16:08.697
CVE-2025-26499,0.000210000,0.048400000,0.26862563627950026,2025-12-16,2025-12-16,CVE-2025-26499,6.0,2025-09-15T15:22:38.297
CVE-2025-10278,0.000500000,0.154890000,0.6753817677001388,2025-12-16,2025-12-16,CVE-2025-10278,8.8,2025-11-14T20:14:18.240
CVE-2025-10277,0.000500000,0.154890000,0.6753817677001388,2025-12-16,2025-12-16,CVE-2025-10277,8.8,2025-11-14T20:26:16.750
CVE-2025-10276,0.000500000,0.154890000,0.6753817677001388,2025-12-16,2025-12-16,CVE-2025-10276,8.8,2025-11-14T20:27:30.283
CVE-2025-10275,0.000500000,0.154890000,0.6753817677001388,2025-12-16,2025-12-16,CVE-2025-10275,8.8,2025-11-14T20:29:03.540
CVE-2025-10274,0.000470000,0.145490000,0.6291068949560389,2025-12-16,2025-12-16,CVE-2025-10274,6.1,2025-10-02T19:23:42.010
CVE-2025-10273,0.000890000,0.257990000,0.8484497917630727,2025-12-16,2025-12-16,CVE-2025-10273,5.3,2025-10-02T19:25:17.877
CVE-2025-10272,0.000470000,0.145490000,0.6291068949560389,2025-12-16,2025-12-16,CVE-2025-10272,6.1,2025-10-02T19:26:11.240
CVE-2025-10271,0.000470000,0.145490000,0.6291068949560389,2025-12-16,2025-12-16,CVE-2025-10271,6.1,2025-10-02T19:27:29.067
CVE-2025-10269,0.001180000,0.314690000,0.8882461823229986,2025-12-16,2025-12-16,CVE-2025-10269,7.5,2025-09-15T15:22:38.297
CVE-2025-10255,0.000390000,0.115530000,0.4097639981490051,2025-12-16,2025-12-16,CVE-2025-10255,3.5,2025-09-11T18:15:32.493
CVE-2025-10254,0.000390000,0.115530000,0.4097639981490051,2025-12-16,2025-12-16,CVE-2025-10254,3.5,2025-09-11T17:15:34.013
CVE-2025-10253,0.000390000,0.115530000,0.4097639981490051,2025-12-16,2025-12-16,CVE-2025-10253,3.5,2025-09-11T17:14:10.147
CVE-2025-10252,0.000260000,0.064370000,0.3040259139287367,2025-12-16,2025-12-16,CVE-2025-10252,3.1,2025-09-11T17:14:10.147
CVE-2025-10251,0.000360000,0.102610000,0.3486811661267932,2025-12-16,2025-12-16,CVE-2025-10251,9.8,2025-10-02T19:38:41.853
CVE-2025-10193,0.000270000,0.067230000,0.3098102730217492,2025-12-16,2025-12-16,CVE-2025-10193,,2025-09-11T17:14:10.147
CVE-2025-10127,0.001250000,0.325960000,0.8926422952336881,2025-12-16,2025-12-16,CVE-2025-10127,9.8,2025-09-18T14:15:45.777
CVE-2025-9881,0.000160000,0.026090000,0.06293382693197594,2025-12-16,2025-12-16,CVE-2025-9881,6.1,2025-09-15T15:21:42.937
CVE-2025-9880,0.000170000,0.030650000,0.09093012494215641,2025-12-16,2025-12-16,CVE-2025-9880,6.1,2025-09-15T15:21:42.937
CVE-2025-9879,0.000430000,0.130850000,0.5279962980101804,2025-12-16,2025-12-16,CVE-2025-9879,6.4,2025-09-15T15:22:38.297
CVE-2025-9556,0.000780000,0.236130000,0.8273947246645071,2025-12-16,2025-12-16,CVE-2025-9556,9.8,2025-11-03T19:16:17.430
CVE-2025-9086,0.000950000,0.271620000,0.8567792688570106,2025-12-16,2025-12-16,CVE-2025-9086,7.5,2025-11-04T22:16:45.190
CVE-2025-8699,0.000460000,0.142370000,0.6200832947709394,2025-12-16,2025-12-16,CVE-2025-8699,9.1,2025-11-03T19:16:16.433
CVE-2025-8575,0.009380000,0.755820000,0.979639055992596,2025-12-16,2025-12-16,CVE-2025-8575,7.2,2025-09-15T15:21:42.937
CVE-2025-8280,0.000450000,0.139800000,0.561082832022212,2025-12-16,2025-12-16,CVE-2025-8280,5.8,2025-09-15T15:21:42.937
CVE-2025-7448,0.000230000,0.054300000,0.2892179546506247,2025-12-16,2025-12-16,CVE-2025-7448,,2025-09-15T15:21:42.937
CVE-2025-7337,0.000560000,0.176960000,0.7221193891716797,2025-12-16,2025-12-16,CVE-2025-7337,6.5,2025-09-20T02:55:16.800
CVE-2025-6769,0.000180000,0.038990000,0.15131883387320685,2025-12-16,2025-12-16,CVE-2025-6769,4.3,2025-09-20T02:55:46.933
CVE-2025-6638,0.000760000,0.231590000,0.8234613604812587,2025-12-16,2025-12-16,CVE-2025-6638,7.5,2025-10-21T13:33:08.580
CVE-2025-6454,0.000230000,0.054440000,0.2892179546506247,2025-12-16,2025-12-16,CVE-2025-6454,8.8,2025-09-20T02:56:00.287
CVE-2025-59139,0.000610000,0.192500000,0.7570569180934752,2025-12-16,2025-12-16,CVE-2025-59139,5.3,2025-09-17T20:35:36.607
CVE-2025-59058,0.000430000,0.131180000,0.5279962980101804,2025-12-16,2025-12-16,CVE-2025-59058,5.9,2025-09-15T15:21:42.937
CVE-2025-59054,0.000140000,0.018320000,0.04835724201758445,2025-12-16,2025-12-16,CVE-2025-59054,,2025-11-28T15:16:02.590
CVE-2025-58781,0.000240000,0.059060000,0.2940768162887552,2025-12-16,2025-12-16,CVE-2025-58781,4.8,2025-09-15T15:21:42.937
CVE-2025-58434,0.081770000,0.918710000,0.993984266543267,2025-12-16,2025-12-16,CVE-2025-58434,9.8,2025-09-20T02:54:59.667
CVE-2025-57579,0.004420000,0.625740000,0.9641369736233225,2025-12-16,2025-12-16,CVE-2025-57579,8.0,2025-10-02T20:04:07.443
CVE-2025-57578,0.001640000,0.380060000,0.9088385006941231,2025-12-16,2025-12-16,CVE-2025-57578,8.0,2025-09-15T15:21:42.937
CVE-2025-57577,0.001920000,0.413070000,0.9211013419713096,2025-12-16,2025-12-16,CVE-2025-57577,8.0,2025-09-15T15:21:42.937
CVE-2025-56467,0.000430000,0.131630000,0.5279962980101804,2025-12-16,2025-12-16,CVE-2025-56467,6.5,2025-09-15T18:15:39.167
CVE-2025-55996,0.000450000,0.139800000,0.561082832022212,2025-12-16,2025-12-16,CVE-2025-55996,6.3,2025-10-16T15:54:10.023
CVE-2025-55835,0.004890000,0.647950000,0.9669134659879686,2025-12-16,2025-12-16,CVE-2025-55835,9.8,2025-10-16T15:47:50.040
CVE-2025-52074,0.000510000,0.158150000,0.6850994909763998,2025-12-16,2025-12-16,CVE-2025-52074,6.1,2025-09-18T20:45:28.253
CVE-2025-45587,0.000730000,0.223370000,0.8128181397501157,2025-12-16,2025-12-16,CVE-2025-45587,7.0,2025-10-16T15:30:48.877
CVE-2025-45586,0.000550000,0.173520000,0.7142526608051828,2025-12-16,2025-12-16,CVE-2025-45586,7.5,2025-10-16T15:32:05.740
CVE-2025-45585,0.000390000,0.115950000,0.4097639981490051,2025-12-16,2025-12-16,CVE-2025-45585,5.4,2025-10-16T15:37:05.690
CVE-2025-45584,0.000880000,0.257240000,0.8465987968533086,2025-12-16,2025-12-16,CVE-2025-45584,7.5,2025-10-16T15:37:43.510
CVE-2025-45583,0.000570000,0.179910000,0.7279037482646923,2025-12-16,2025-12-16,CVE-2025-45583,9.1,2025-10-16T15:39:07.447
CVE-2025-43796,0.002190000,0.445160000,0.9305876908838501,2025-12-16,2025-12-16,CVE-2025-43796,7.5,2025-12-16T15:24:46.057
CVE-2025-43795,0.001970000,0.419920000,0.922720962517353,2025-12-16,2025-12-16,CVE-2025-43795,6.1,2025-12-16T15:20:46.490
CVE-2025-43787,0.002450000,0.476590000,0.9372975474317445,2025-12-16,2025-12-16,CVE-2025-43787,5.4,2025-12-16T15:12:32.193
CVE-2025-4235,0.000170000,0.034040000,0.09093012494215641,2025-12-16,2025-12-16,CVE-2025-4235,,2025-09-15T15:21:42.937
CVE-2025-4234,0.000210000,0.048890000,0.26862563627950026,2025-12-16,2025-12-16,CVE-2025-4234,,2025-09-15T15:21:42.937
CVE-2025-39798,0.000490000,0.153250000,0.6503933364183249,2025-12-16,2025-12-16,CVE-2025-39798,,2025-11-03T18:16:47.730
CVE-2025-39797,0.000170000,0.034960000,0.09093012494215641,2025-12-16,2025-12-16,CVE-2025-39797,7.8,2025-11-24T18:04:53.373
CVE-2025-39796,0.000170000,0.035290000,0.09093012494215641,2025-12-16,2025-12-16,CVE-2025-39796,7.8,2025-11-24T18:08:31.347
CVE-2025-39795,0.000490000,0.153250000,0.6503933364183249,2025-12-16,2025-12-16,CVE-2025-39795,,2025-11-03T18:16:47.633
CVE-2025-39794,0.000490000,0.153250000,0.6503933364183249,2025-12-16,2025-12-16,CVE-2025-39794,,2025-11-03T18:16:47.527
CVE-2025-39793,0.000170000,0.035290000,0.09093012494215641,2025-12-16,2025-12-16,CVE-2025-39793,7.8,2025-11-25T14:43:59.203
CVE-2025-39792,0.000170000,0.033770000,0.09093012494215641,2025-12-16,2025-12-16,CVE-2025-39792,5.5,2025-11-25T18:16:38.180
CVE-2025-3650,0.000360000,0.103390000,0.3486811661267932,2025-12-16,2025-12-16,CVE-2025-3650,3.5,2025-09-15T15:21:42.937
CVE-2025-27240,0.000680000,0.210410000,0.7970846830171217,2025-12-16,2025-12-16,CVE-2025-27240,7.2,2025-10-08T14:53:38.077
CVE-2025-27238,0.000210000,0.047500000,0.26862563627950026,2025-12-16,2025-12-16,CVE-2025-27238,3.5,2025-10-08T14:53:00.293
CVE-2025-27234,0.001000000,0.284660000,0.8683479870430356,2025-12-16,2025-12-16,CVE-2025-27234,,2025-09-15T15:21:42.937
CVE-2025-27233,0.000320000,0.086530000,0.32855159648310966,2025-12-16,2025-12-16,CVE-2025-27233,,2025-09-15T15:21:42.937
CVE-2025-2256,0.000530000,0.167770000,0.6982878297084683,2025-12-16,2025-12-16,CVE-2025-2256,7.5,2025-09-20T02:56:22.680
CVE-2025-21043,0.114400000,0.933370000,0.9956038870893105,2025-12-16,2025-12-16,CVE-2025-21043,9.8,2025-10-30T15:36:12.360
CVE-2025-21042,0.039760000,0.880110000,0.991207774178621,2025-12-16,2025-12-16,CVE-2025-21042,9.8,2025-11-12T14:32:28.317
CVE-2025-1250,0.000570000,0.177900000,0.7279037482646923,2025-12-16,2025-12-16,CVE-2025-1250,6.5,2025-09-20T02:56:35.303
CVE-2025-10389,0.001010000,0.285370000,0.8704303563165201,2025-12-16,2025-12-16,CVE-2025-10389,8.8,2025-10-14T19:32:08.467
CVE-2025-10388,0.000390000,0.115530000,0.4097639981490051,2025-12-16,2025-12-16,CVE-2025-10388,3.5,2025-09-15T16:15:36.030
CVE-2025-10387,0.000370000,0.109070000,0.36742248958815366,2025-12-16,2025-12-16,CVE-2025-10387,8.8,2025-11-14T23:39:23.490
CVE-2025-10386,0.000420000,0.125240000,0.4872744099953725,2025-12-16,2025-12-16,CVE-2025-10386,4.3,2025-09-15T15:21:42.937
CVE-2025-10385,0.000850000,0.250410000,0.8417399352151782,2025-12-16,2025-12-16,CVE-2025-10385,8.8,2025-09-15T15:21:42.937
CVE-2025-10384,0.000310000,0.083190000,0.32577510411846367,2025-12-16,2025-12-16,CVE-2025-10384,5.4,2025-10-10T18:20:44.223
CVE-2025-10374,0.000570000,0.178070000,0.7279037482646923,2025-12-16,2025-12-16,CVE-2025-10374,7.3,2025-09-15T15:21:42.937
CVE-2025-10373,0.000360000,0.103060000,0.3486811661267932,2025-12-16,2025-12-16,CVE-2025-10373,6.1,2025-10-20T05:15:34.767
CVE-2025-10372,0.000360000,0.103060000,0.3486811661267932,2025-12-16,2025-12-16,CVE-2025-10372,5.4,2025-10-28T00:15:36.357
CVE-2025-10371,0.000610000,0.190860000,0.7570569180934752,2025-12-16,2025-12-16,CVE-2025-10371,7.3,2025-09-15T15:21:42.937
CVE-2025-10370,0.000380000,0.111120000,0.4012031466913466,2025-12-16,2025-12-16,CVE-2025-10370,5.4,2025-10-17T19:17:20.507
CVE-2025-10369,0.000430000,0.131050000,0.5279962980101804,2025-12-16,2025-12-16,CVE-2025-10369,6.1,2025-10-16T15:16:18.993
CVE-2025-10368,0.000370000,0.105910000,0.36742248958815366,2025-12-16,2025-12-16,CVE-2025-10368,6.1,2025-10-16T15:25:11.393
CVE-2025-10367,0.000370000,0.105910000,0.36742248958815366,2025-12-16,2025-12-16,CVE-2025-10367,6.1,2025-10-16T15:28:47.753
CVE-2025-10366,0.000380000,0.111120000,0.4012031466913466,2025-12-16,2025-12-16,CVE-2025-10366,5.4,2025-10-02T20:10:47.040
CVE-2025-10365,0.002250000,0.451810000,0.9324386857936141,2025-12-16,2025-12-16,CVE-2025-10365,,2025-09-15T15:21:42.937
CVE-2025-10364,0.003220000,0.547580000,0.9472466450717261,2025-12-16,2025-12-16,CVE-2025-10364,,2025-09-15T15:21:42.937
CVE-2025-10359,0.004480000,0.628680000,0.9650624710782045,2025-12-16,2025-12-16,CVE-2025-10359,9.8,2025-10-02T20:12:03.467
CVE-2025-10358,0.004480000,0.628680000,0.9650624710782045,2025-12-16,2025-12-16,CVE-2025-10358,9.8,2025-10-02T20:12:32.153
CVE-2025-10340,0.000420000,0.125900000,0.4872744099953725,2025-12-16,2025-12-16,CVE-2025-10340,3.5,2025-09-15T16:15:34.807
CVE-2025-10332,0.000310000,0.084040000,0.32577510411846367,2025-12-16,2025-12-16,CVE-2025-10332,5.4,2025-09-16T17:17:56.620
CVE-2025-10331,0.000350000,0.100390000,0.33896344285053215,2025-12-16,2025-12-16,CVE-2025-10331,5.4,2025-09-16T17:17:44.793
CVE-2025-10330,0.000490000,0.150890000,0.6503933364183249,2025-12-16,2025-12-16,CVE-2025-10330,6.1,2025-09-16T17:17:31.330
CVE-2025-10329,0.000690000,0.213170000,0.7989356779268857,2025-12-16,2025-12-16,CVE-2025-10329,9.8,2025-09-16T17:17:18.993
CVE-2025-10328,0.004120000,0.607960000,0.9604349838037946,2025-12-16,2025-12-16,CVE-2025-10328,9.8,2025-10-02T20:14:15.457
CVE-2025-10327,0.004120000,0.607960000,0.9604349838037946,2025-12-16,2025-12-16,CVE-2025-10327,9.8,2025-10-02T20:15:29.630
CVE-2025-10326,0.005590000,0.674560000,0.9692272096251735,2025-12-16,2025-12-16,CVE-2025-10326,9.8,2025-10-02T20:16:24.230
CVE-2025-10325,0.003770000,0.585840000,0.954650624710782,2025-12-16,2025-12-16,CVE-2025-10325,8.8,2025-10-02T20:17:36.187
CVE-2025-10324,0.003300000,0.553970000,0.9479407681628875,2025-12-16,2025-12-16,CVE-2025-10324,9.8,2025-10-02T19:45:13.880
CVE-2025-10323,0.003300000,0.553970000,0.9479407681628875,2025-12-16,2025-12-16,CVE-2025-10323,9.8,2025-10-02T19:47:21.740
CVE-2025-10322,0.001550000,0.367800000,0.9055992596020361,2025-12-16,2025-12-16,CVE-2025-10322,5.3,2025-10-02T19:54:11.603
CVE-2025-10321,0.000500000,0.156450000,0.6753817677001388,2025-12-16,2025-12-16,CVE-2025-10321,5.3,2025-10-02T19:56:34.403
CVE-2025-10320,0.000370000,0.108640000,0.36742248958815366,2025-12-16,2025-12-16,CVE-2025-10320,3.1,2025-09-15T15:21:42.937
CVE-2025-10319,0.000400000,0.119520000,0.4701527070800555,2025-12-16,2025-12-16,CVE-2025-10319,6.5,2025-10-02T19:42:02.200
CVE-2025-10318,0.000570000,0.177610000,0.7279037482646923,2025-12-16,2025-12-16,CVE-2025-10318,8.8,2025-10-02T19:42:14.720
CVE-2025-10291,0.000500000,0.154890000,0.6753817677001388,2025-12-16,2025-12-16,CVE-2025-10291,8.8,2025-10-31T14:27:56.653
CVE-2025-10288,0.000630000,0.197160000,0.7700138824618232,2025-12-16,2025-12-16,CVE-2025-10288,5.3,2025-09-15T15:21:42.937
CVE-2025-10287,0.000370000,0.108130000,0.36742248958815366,2025-12-16,2025-12-16,CVE-2025-10287,3.1,2025-09-15T15:21:42.937
CVE-2025-10267,0.000890000,0.258200000,0.8484497917630727,2025-12-16,2025-12-16,CVE-2025-10267,5.3,2025-09-15T15:21:42.937
CVE-2025-10266,0.001210000,0.319350000,0.8894030541416011,2025-12-16,2025-12-16,CVE-2025-10266,9.8,2025-09-15T15:21:42.937
CVE-2025-10265,0.004190000,0.612330000,0.9613604812586766,2025-12-16,2025-12-16,CVE-2025-10265,8.8,2025-09-15T15:21:42.937
CVE-2025-10264,0.000640000,0.200400000,0.7783433595557612,2025-12-16,2025-12-16,CVE-2025-10264,10.0,2025-09-15T15:21:42.937
CVE-2025-10176,0.011150000,0.776360000,0.9812586765386395,2025-12-16,2025-12-16,CVE-2025-10176,7.2,2025-09-15T15:21:42.937
CVE-2025-10148,0.000700000,0.215360000,0.8010180472003702,2025-12-16,2025-12-16,CVE-2025-10148,5.3,2025-11-18T20:15:45.423
CVE-2025-10094,0.000390000,0.116170000,0.4097639981490051,2025-12-16,2025-12-16,CVE-2025-10094,6.5,2025-09-20T02:56:50.697
CVE-2024-45434,0.007830000,0.730930000,0.97686256362795,2025-12-16,2025-12-16,CVE-2024-45434,9.8,2025-10-02T20:00:43.860
CVE-2024-45433,0.000150000,0.022470000,0.05529847292919945,2025-12-16,2025-12-16,CVE-2024-45433,6.5,2025-10-02T20:02:34.333
CVE-2024-45432,0.000450000,0.136530000,0.561082832022212,2025-12-16,2025-12-16,CVE-2024-45432,7.5,2025-10-02T20:03:09.920
CVE-2024-45431,0.000970000,0.274730000,0.8597871355853771,2025-12-16,2025-12-16,CVE-2024-45431,5.3,2025-10-02T20:03:21.330
CVE-2025-9826,0.000460000,0.142850000,0.6200832947709394,2025-12-16,2025-12-16,CVE-2025-9826,5.4,2025-10-14T19:34:30.053
CVE-2025-9084,0.000380000,0.112070000,0.4012031466913466,2025-12-16,2025-12-16,CVE-2025-9084,6.1,2025-09-16T15:59:24.377
CVE-2025-9078,0.000180000,0.038630000,0.15131883387320685,2025-12-16,2025-12-16,CVE-2025-9078,4.3,2025-09-16T15:58:12.830
CVE-2025-9076,0.000410000,0.122030000,0.475937066173068,2025-12-16,2025-12-16,CVE-2025-9076,6.5,2025-09-20T02:52:38.957
CVE-2025-9072,0.000390000,0.113130000,0.4097639981490051,2025-12-16,2025-12-16,CVE-2025-9072,5.4,2025-09-16T16:00:26.390
CVE-2025-6051,0.000750000,0.228270000,0.8169828782970847,2025-12-16,2025-12-16,CVE-2025-6051,5.3,2025-10-21T14:16:24.770
CVE-2025-59378,0.000180000,0.036300000,0.15131883387320685,2025-12-16,2025-12-16,CVE-2025-59378,5.7,2025-09-15T15:21:42.937
CVE-2025-59375,0.001310000,0.333820000,0.8963442850532161,2025-12-16,2025-12-16,CVE-2025-59375,7.5,2025-11-04T22:16:34.927
CVE-2025-59364,0.000180000,0.036530000,0.15131883387320685,2025-12-16,2025-12-16,CVE-2025-59364,5.3,2025-09-15T15:21:42.937
CVE-2025-59363,0.000460000,0.140800000,0.6200832947709394,2025-12-16,2025-12-16,CVE-2025-59363,7.7,2025-09-15T15:21:42.937
CVE-2025-59361,0.006020000,0.687730000,0.970846830171217,2025-12-16,2025-12-16,CVE-2025-59361,9.8,2025-10-14T14:43:52.970
CVE-2025-59360,0.006020000,0.687730000,0.970846830171217,2025-12-16,2025-12-16,CVE-2025-59360,9.8,2025-10-14T14:43:35.363
CVE-2025-59359,0.008220000,0.737880000,0.9775566867191116,2025-12-16,2025-12-16,CVE-2025-59359,9.8,2025-10-14T14:43:12.827
CVE-2025-59358,0.002140000,0.440030000,0.929199444701527,2025-12-16,2025-12-16,CVE-2025-59358,7.5,2025-10-14T14:42:44.847
CVE-2025-43794,0.002080000,0.433110000,0.9271170754280426,2025-12-16,2025-12-16,CVE-2025-43794,4.8,2025-12-16T15:25:44.663
CVE-2025-41713,0.001050000,0.293140000,0.8729754743174456,2025-12-16,2025-12-16,CVE-2025-41713,6.5,2025-09-15T15:21:42.937
CVE-2025-39804,0.000190000,0.042980000,0.2038408144377603,2025-12-16,2025-12-16,CVE-2025-39804,7.8,2025-11-24T17:51:26.380
CVE-2025-39803,0.000190000,0.042980000,0.2038408144377603,2025-12-16,2025-12-16,CVE-2025-39803,7.8,2025-11-24T17:55:07.587
CVE-2025-39802,0.000190000,0.042980000,0.2038408144377603,2025-12-16,2025-12-16,CVE-2025-39802,7.8,2025-11-24T18:00:57.393
CVE-2025-39801,0.000360000,0.104690000,0.3486811661267932,2025-12-16,2025-12-16,CVE-2025-39801,,2025-11-03T18:16:47.930
CVE-2025-39800,0.000360000,0.104690000,0.3486811661267932,2025-12-16,2025-12-16,CVE-2025-39800,,2025-11-03T18:16:47.837
CVE-2025-36035,0.000170000,0.031820000,0.09093012494215641,2025-12-16,2025-12-16,CVE-2025-36035,6.7,2025-09-15T15:21:42.937
CVE-2025-3025,0.000180000,0.035740000,0.15131883387320685,2025-12-16,2025-12-16,CVE-2025-3025,7.3,2025-09-15T15:21:42.937
CVE-2025-10453,0.000450000,0.136350000,0.561082832022212,2025-12-16,2025-12-16,CVE-2025-10453,5.3,2025-09-15T15:21:42.937
CVE-2025-10452,0.002290000,0.456990000,0.934752429430819,2025-12-16,2025-12-16,CVE-2025-10452,9.8,2025-09-15T15:21:42.937
CVE-2025-10446,0.000520000,0.164310000,0.6929662193428968,2025-12-16,2025-12-16,CVE-2025-10446,9.8,2025-09-19T19:26:02.883
CVE-2025-10445,0.000520000,0.164310000,0.6929662193428968,2025-12-16,2025-12-16,CVE-2025-10445,9.8,2025-09-19T19:26:12.907
CVE-2025-10444,0.000520000,0.164310000,0.6929662193428968,2025-12-16,2025-12-16,CVE-2025-10444,9.8,2025-09-19T19:25:29.200
CVE-2025-10443,0.001120000,0.304400000,0.8808422026839426,2025-12-16,2025-12-16,CVE-2025-10443,8.8,2025-09-19T19:22:53.663
CVE-2025-10442,0.005240000,0.662180000,0.968533086534012,2025-12-16,2025-12-16,CVE-2025-10442,8.8,2025-09-19T20:39:12.093
CVE-2025-10441,0.007700000,0.728560000,0.975937066173068,2025-12-16,2025-12-16,CVE-2025-10441,6.3,2025-09-15T15:21:42.937
CVE-2025-10440,0.007700000,0.728560000,0.975937066173068,2025-12-16,2025-12-16,CVE-2025-10440,6.3,2025-09-15T15:21:42.937
CVE-2025-10436,0.000350000,0.099170000,0.33896344285053215,2025-12-16,2025-12-16,CVE-2025-10436,9.8,2025-09-20T02:53:02.110
CVE-2025-10435,0.000390000,0.114110000,0.4097639981490051,2025-12-16,2025-12-16,CVE-2025-10435,9.8,2025-09-18T19:01:20.383
CVE-2025-10434,0.000380000,0.111510000,0.4012031466913466,2025-12-16,2025-12-16,CVE-2025-10434,2.4,2025-09-15T15:21:42.937
CVE-2025-10433,0.000640000,0.201690000,0.7783433595557612,2025-12-16,2025-12-16,CVE-2025-10433,6.3,2025-09-15T15:21:42.937
CVE-2025-10432,0.002390000,0.468910000,0.9359093012494215,2025-12-16,2025-12-16,CVE-2025-10432,9.8,2025-09-20T02:53:14.723
CVE-2025-10431,0.000370000,0.109070000,0.36742248958815366,2025-12-16,2025-12-16,CVE-2025-10431,8.8,2025-09-18T19:28:45.190
CVE-2025-10430,0.000540000,0.170130000,0.7084683017121703,2025-12-16,2025-12-16,CVE-2025-10430,8.8,2025-09-18T19:28:33.780
CVE-2025-10429,0.000370000,0.109070000,0.36742248958815366,2025-12-16,2025-12-16,CVE-2025-10429,8.8,2025-09-18T19:28:22.667
CVE-2025-10428,0.000570000,0.177610000,0.7279037482646923,2025-12-16,2025-12-16,CVE-2025-10428,8.8,2025-09-18T19:23:22.740
CVE-2025-10427,0.000570000,0.177610000,0.7279037482646923,2025-12-16,2025-12-16,CVE-2025-10427,8.8,2025-09-18T19:22:04.800
CVE-2025-10426,0.000390000,0.114110000,0.4097639981490051,2025-12-16,2025-12-16,CVE-2025-10426,9.8,2025-09-18T19:10:11.273
CVE-2025-10425,0.000620000,0.195470000,0.7639981490050902,2025-12-16,2025-12-16,CVE-2025-10425,9.8,2025-09-18T19:09:25.207
CVE-2025-10424,0.000620000,0.195470000,0.7639981490050902,2025-12-16,2025-12-16,CVE-2025-10424,9.8,2025-09-18T19:07:02.123
CVE-2025-10423,0.000510000,0.158980000,0.6850994909763998,2025-12-16,2025-12-16,CVE-2025-10423,3.7,2025-10-14T19:37:29.050
CVE-2025-10422,0.000470000,0.144340000,0.6291068949560389,2025-12-16,2025-12-16,CVE-2025-10422,4.3,2025-10-14T19:37:43.377
CVE-2025-10421,0.000370000,0.109070000,0.36742248958815366,2025-12-16,2025-12-16,CVE-2025-10421,8.8,2025-09-19T19:29:14.157
CVE-2025-10420,0.000370000,0.109070000,0.36742248958815366,2025-12-16,2025-12-16,CVE-2025-10420,8.8,2025-09-19T19:28:29.663
CVE-2025-10419,0.000510000,0.159110000,0.6850994909763998,2025-12-16,2025-12-16,CVE-2025-10419,8.8,2025-09-19T19:28:09.680
CVE-2025-10418,0.000510000,0.159110000,0.6850994909763998,2025-12-16,2025-12-16,CVE-2025-10418,8.8,2025-09-19T19:27:01.370
CVE-2025-10417,0.000520000,0.164310000,0.6929662193428968,2025-12-16,2025-12-16,CVE-2025-10417,9.8,2025-09-19T19:26:48.277
CVE-2025-10416,0.000390000,0.114110000,0.4097639981490051,2025-12-16,2025-12-16,CVE-2025-10416,9.8,2025-09-18T19:44:56.237
CVE-2025-10415,0.000390000,0.114110000,0.4097639981490051,2025-12-16,2025-12-16,CVE-2025-10415,9.8,2025-09-18T19:45:55.863
CVE-2025-10414,0.000390000,0.114110000,0.4097639981490051,2025-12-16,2025-12-16,CVE-2025-10414,9.8,2025-09-18T19:47:10.110
CVE-2025-10413,0.000390000,0.114110000,0.4097639981490051,2025-12-16,2025-12-16,CVE-2025-10413,9.8,2025-09-18T19:49:10.780
CVE-2025-10411,0.000480000,0.148500000,0.6385932438685794,2025-12-16,2025-12-16,CVE-2025-10411,6.1,2025-09-18T19:56:34.220
CVE-2025-10410,0.000510000,0.158580000,0.6850994909763998,2025-12-16,2025-12-16,CVE-2025-10410,9.8,2025-09-18T20:03:10.590
CVE-2025-10409,0.000370000,0.109070000,0.36742248958815366,2025-12-16,2025-12-16,CVE-2025-10409,8.8,2025-09-19T15:02:23.410
CVE-2025-10408,0.000370000,0.109070000,0.36742248958815366,2025-12-16,2025-12-16,CVE-2025-10408,8.8,2025-09-18T20:25:14.723
CVE-2025-10407,0.000370000,0.109070000,0.36742248958815366,2025-12-16,2025-12-16,CVE-2025-10407,8.8,2025-09-18T20:28:17.430
CVE-2025-10405,0.000390000,0.114110000,0.4097639981490051,2025-12-16,2025-12-16,CVE-2025-10405,9.8,2025-09-17T16:57:36.693
CVE-2025-10404,0.000350000,0.099170000,0.33896344285053215,2025-12-16,2025-12-16,CVE-2025-10404,9.8,2025-09-18T20:04:38.760
CVE-2025-10403,0.000390000,0.114110000,0.4097639981490051,2025-12-16,2025-12-16,CVE-2025-10403,9.8,2025-09-18T20:06:33.700
CVE-2025-10402,0.000390000,0.114110000,0.4097639981490051,2025-12-16,2025-12-16,CVE-2025-10402,9.8,2025-09-18T20:06:56.160
CVE-2025-10401,0.000990000,0.283730000,0.8651087459509487,2025-12-16,2025-12-16,CVE-2025-10401,8.8,2025-09-24T18:41:54.943
CVE-2025-10400,0.000370000,0.109070000,0.36742248958815366,2025-12-16,2025-12-16,CVE-2025-10400,8.8,2025-09-18T20:07:18.593
CVE-2025-10399,0.000370000,0.106350000,0.36742248958815366,2025-12-16,2025-12-16,CVE-2025-10399,6.3,2025-09-15T15:21:42.937
CVE-2025-10398,0.000480000,0.149700000,0.6385932438685794,2025-12-16,2025-12-16,CVE-2025-10398,8.8,2025-10-14T19:40:27.497
CVE-2025-10397,0.000440000,0.132870000,0.549976862563628,2025-12-16,2025-12-16,CVE-2025-10397,7.2,2025-10-08T14:24:16.430
CVE-2025-10396,0.000390000,0.114110000,0.4097639981490051,2025-12-16,2025-12-16,CVE-2025-10396,9.8,2025-09-18T20:36:02.560
CVE-2025-10395,0.000440000,0.132870000,0.549976862563628,2025-12-16,2025-12-16,CVE-2025-10395,7.2,2025-10-08T14:24:08.327
CVE-2025-10394,0.000550000,0.173410000,0.7142526608051828,2025-12-16,2025-12-16,CVE-2025-10394,7.2,2025-10-14T19:40:42.943
CVE-2025-10393,0.000500000,0.157410000,0.6753817677001388,2025-12-16,2025-12-16,CVE-2025-10393,6.3,2025-09-15T15:21:42.937
CVE-2025-10392,0.000620000,0.194560000,0.7639981490050902,2025-12-16,2025-12-16,CVE-2025-10392,9.8,2025-09-15T15:21:42.937
CVE-2025-10391,0.000500000,0.154890000,0.6753817677001388,2025-12-16,2025-12-16,CVE-2025-10391,8.8,2025-10-14T19:11:12.743
CVE-2025-10390,0.001010000,0.285370000,0.8704303563165201,2025-12-16,2025-12-16,CVE-2025-10390,8.8,2025-10-14T19:22:48.037
CVE-2025-10204,0.033990000,0.870170000,0.9905136510874595,2025-12-16,2025-12-16,CVE-2025-10204,,2025-09-15T15:21:42.937
CVE-2025-0164,0.000130000,0.017040000,0.04349838037945396,2025-12-16,2025-12-16,CVE-2025-0164,2.3,2025-12-15T18:21:45.593
CVE-2022-50256,0.000170000,0.035290000,0.09093012494215641,2025-12-16,2025-12-16,CVE-2022-50256,7.8,2025-11-25T16:52:25.453
CVE-2022-50255,0.000180000,0.037150000,0.15131883387320685,2025-12-16,2025-12-16,CVE-2022-50255,7.1,2025-11-25T16:49:15.010
CVE-2022-50254,0.000190000,0.042720000,0.2038408144377603,2025-12-16,2025-12-16,CVE-2022-50254,5.5,2025-11-25T16:49:01.373
CVE-2022-50253,0.000160000,0.029930000,0.06293382693197594,2025-12-16,2025-12-16,CVE-2022-50253,5.5,2025-11-26T16:26:21.480
CVE-2022-50252,0.000160000,0.027720000,0.06293382693197594,2025-12-16,2025-12-16,CVE-2022-50252,7.8,2025-11-26T16:25:58.033
CVE-2022-50251,0.000170000,0.031130000,0.09093012494215641,2025-12-16,2025-12-16,CVE-2022-50251,5.5,2025-11-26T16:25:52.580
CVE-2022-50250,0.000160000,0.029930000,0.06293382693197594,2025-12-16,2025-12-16,CVE-2022-50250,5.5,2025-11-25T14:40:20.927
CVE-2022-50249,0.000170000,0.031130000,0.09093012494215641,2025-12-16,2025-12-16,CVE-2022-50249,5.5,2025-11-25T14:40:36.660
CVE-2022-50248,0.000180000,0.037500000,0.15131883387320685,2025-12-16,2025-12-16,CVE-2022-50248,7.8,2025-11-25T14:41:11.917
CVE-2022-50247,0.000170000,0.033770000,0.09093012494215641,2025-12-16,2025-12-16,CVE-2022-50247,5.5,2025-11-24T19:57:15.157
CVE-2022-50246,0.000180000,0.036050000,0.15131883387320685,2025-12-16,2025-12-16,CVE-2022-50246,5.5,2025-11-24T19:57:47.357
CVE-2022-50245,0.000170000,0.032990000,0.09093012494215641,2025-12-16,2025-12-16,CVE-2022-50245,7.8,2025-11-24T19:58:44.563
CVE-2022-50244,0.000170000,0.031130000,0.09093012494215641,2025-12-16,2025-12-16,CVE-2022-50244,5.5,2025-11-24T19:59:03.517
CVE-2022-50243,0.000180000,0.037500000,0.15131883387320685,2025-12-16,2025-12-16,CVE-2022-50243,7.8,2025-11-24T20:04:28.100
CVE-2022-50242,0.000170000,0.031130000,0.09093012494215641,2025-12-16,2025-12-16,CVE-2022-50242,5.5,2025-11-24T20:05:04.953
CVE-2022-50241,0.000180000,0.036300000,0.15131883387320685,2025-12-16,2025-12-16,CVE-2022-50241,7.8,2025-11-25T14:42:06.403
CVE-2022-50240,0.000180000,0.037500000,0.15131883387320685,2025-12-16,2025-12-16,CVE-2022-50240,7.8,2025-11-24T17:25:46.107
CVE-2022-50239,0.000180000,0.037150000,0.15131883387320685,2025-12-16,2025-12-16,CVE-2022-50239,7.1,2025-11-24T17:26:12.443
CVE-2022-50236,0.000170000,0.034920000,0.09093012494215641,2025-12-16,2025-12-16,CVE-2022-50236,5.5,2025-11-24T17:35:33.767
CVE-2022-50235,0.000180000,0.037150000,0.15131883387320685,2025-12-16,2025-12-16,CVE-2022-50235,7.8,2025-11-24T17:41:12.310
CVE-2022-50234,0.000180000,0.037500000,0.15131883387320685,2025-12-16,2025-12-16,CVE-2022-50234,7.8,2025-11-24T17:46:10.130
CVE-2025-59377,0.000530000,0.168170000,0.6982878297084683,2025-12-16,2025-12-16,CVE-2025-59377,9.8,2025-09-20T02:50:49.953
CVE-2025-59376,0.000140000,0.019980000,0.04835724201758445,2025-12-16,2025-12-16,CVE-2025-59376,5.3,2025-09-20T02:51:25.153
CVE-2025-56710,0.000130000,0.014540000,0.04349838037945396,2025-12-16,2025-12-16,CVE-2025-56710,7.3,2025-09-20T02:51:37.760
CVE-2025-50944,0.000380000,0.110060000,0.4012031466913466,2025-12-16,2025-12-16,CVE-2025-50944,8.8,2025-10-14T19:41:19.230
CVE-2025-50110,0.000220000,0.052600000,0.2834335955576122,2025-12-16,2025-12-16,CVE-2025-50110,8.8,2025-09-15T15:22:27.090
CVE-2025-46408,0.000280000,0.073240000,0.3125867653863952,2025-12-16,2025-12-16,CVE-2025-46408,9.8,2025-10-17T14:51:26.313
CVE-2025-10448,0.000390000,0.114110000,0.4097639981490051,2025-12-16,2025-12-16,CVE-2025-10448,9.8,2025-09-20T02:52:09.333
CVE-2025-10447,0.000620000,0.195470000,0.7639981490050902,2025-12-16,2025-12-16,CVE-2025-10447,9.8,2025-09-20T02:52:24.587
CVE-2023-53198,0.000170000,0.034920000,0.09093012494215641,2025-12-16,2025-12-16,CVE-2023-53198,5.5,2025-12-02T19:19:05.830
CVE-2023-53197,0.000160000,0.028310000,0.06293382693197594,2025-12-16,2025-12-16,CVE-2023-53197,5.5,2025-12-02T19:14:45.553
CVE-2023-53196,0.000180000,0.036050000,0.15131883387320685,2025-12-16,2025-12-16,CVE-2023-53196,5.5,2025-12-02T19:13:50.160
CVE-2023-53195,0.000170000,0.034920000,0.09093012494215641,2025-12-16,2025-12-16,CVE-2023-53195,5.5,2025-12-02T02:40:14.647
CVE-2023-53194,0.000180000,0.037150000,0.15131883387320685,2025-12-16,2025-12-16,CVE-2023-53194,7.8,2025-12-02T02:40:36.330
CVE-2023-53193,0.000170000,0.033770000,0.09093012494215641,2025-12-16,2025-12-16,CVE-2023-53193,5.5,2025-12-02T02:41:55.950
CVE-2023-53192,0.000180000,0.037150000,0.15131883387320685,2025-12-16,2025-12-16,CVE-2023-53192,7.8,2025-12-02T02:42:17.983
CVE-2023-53191,0.000180000,0.036050000,0.15131883387320685,2025-12-16,2025-12-16,CVE-2023-53191,5.5,2025-12-02T02:42:36.110
CVE-2023-53190,0.000170000,0.034920000,0.09093012494215641,2025-12-16,2025-12-16,CVE-2023-53190,5.5,2025-12-02T02:42:50.530
CVE-2023-53189,0.000180000,0.036050000,0.15131883387320685,2025-12-16,2025-12-16,CVE-2023-53189,5.5,2025-12-02T02:55:18.420
CVE-2023-53188,0.000140000,0.017860000,0.04835724201758445,2025-12-16,2025-12-16,CVE-2023-53188,4.7,2025-12-02T02:55:34.407
CVE-2023-53187,0.000170000,0.035290000,0.09093012494215641,2025-12-16,2025-12-16,CVE-2023-53187,7.8,2025-12-02T02:55:45.260
CVE-2023-53186,0.000130000,0.016930000,0.04349838037945396,2025-12-16,2025-12-16,CVE-2023-53186,4.7,2025-12-02T02:56:07.880
CVE-2023-53185,0.000170000,0.031130000,0.09093012494215641,2025-12-16,2025-12-16,CVE-2023-53185,5.5,2025-12-02T02:56:18.970
CVE-2023-53184,0.000210000,0.046970000,0.26862563627950026,2025-12-16,2025-12-16,CVE-2023-53184,7.8,2025-12-02T19:12:41.433
CVE-2023-53183,0.000160000,0.028310000,0.06293382693197594,2025-12-16,2025-12-16,CVE-2023-53183,5.5,2025-12-02T02:56:50.870
CVE-2023-53182,0.000160000,0.029930000,0.06293382693197594,2025-12-16,2025-12-16,CVE-2023-53182,5.5,2025-12-02T02:57:13.687
CVE-2023-53181,0.000170000,0.034920000,0.09093012494215641,2025-12-16,2025-12-16,CVE-2023-53181,5.5,2025-12-02T02:57:23.177
CVE-2023-53180,0.000190000,0.042720000,0.2038408144377603,2025-12-16,2025-12-16,CVE-2023-53180,5.5,2025-12-02T02:57:51.230
CVE-2023-53179,0.000170000,0.032990000,0.09093012494215641,2025-12-16,2025-12-16,CVE-2023-53179,7.8,2025-12-02T02:57:31.997
CVE-2023-53178,0.000160000,0.027390000,0.06293382693197594,2025-12-16,2025-12-16,CVE-2023-53178,4.7,2025-12-02T02:57:41.047
CVE-2023-53177,0.000170000,0.034920000,0.09093012494215641,2025-12-16,2025-12-16,CVE-2023-53177,5.5,2025-12-02T02:58:19.630
CVE-2023-53176,0.000160000,0.029930000,0.06293382693197594,2025-12-16,2025-12-16,CVE-2023-53176,5.5,2025-12-02T02:58:00.767
CVE-2023-53175,0.000170000,0.033770000,0.09093012494215641,2025-12-16,2025-12-16,CVE-2023-53175,5.5,2025-12-02T02:58:09.733
CVE-2023-53174,0.000180000,0.036050000,0.15131883387320685,2025-12-16,2025-12-16,CVE-2023-53174,5.5,2025-12-02T02:58:29.733
CVE-2023-53173,0.000160000,0.028310000,0.06293382693197594,2025-12-16,2025-12-16,CVE-2023-53173,5.5,2025-12-02T02:58:40.677
CVE-2023-53172,0.000190000,0.042720000,0.2038408144377603,2025-12-16,2025-12-16,CVE-2023-53172,5.5,2025-12-02T19:09:53.717
CVE-2023-53171,0.000180000,0.035540000,0.15131883387320685,2025-12-16,2025-12-16,CVE-2023-53171,5.5,2025-12-02T02:58:59.253
CVE-2023-53170,0.000190000,0.042720000,0.2038408144377603,2025-12-16,2025-12-16,CVE-2023-53170,5.5,2025-12-03T19:16:20.797
CVE-2023-53169,0.000170000,0.033770000,0.09093012494215641,2025-12-16,2025-12-16,CVE-2023-53169,5.5,2025-12-02T19:06:38.720
CVE-2023-53168,0.000170000,0.034920000,0.09093012494215641,2025-12-16,2025-12-16,CVE-2023-53168,5.5,2025-11-24T21:02:45.563
CVE-2023-53167,0.000180000,0.038370000,0.15131883387320685,2025-12-16,2025-12-16,CVE-2023-53167,5.5,2025-11-24T21:02:37.190
CVE-2023-53166,0.000140000,0.017370000,0.04835724201758445,2025-12-16,2025-12-16,CVE-2023-53166,4.7,2025-11-24T21:02:32.000
CVE-2023-53165,0.000170000,0.033920000,0.09093012494215641,2025-12-16,2025-12-16,CVE-2023-53165,5.5,2025-11-24T21:02:23.880
CVE-2023-53164,0.000180000,0.036050000,0.15131883387320685,2025-12-16,2025-12-16,CVE-2023-53164,5.5,2025-11-24T21:02:18.403
CVE-2023-53163,0.000170000,0.033770000,0.09093012494215641,2025-12-16,2025-12-16,CVE-2023-53163,5.5,2025-11-24T21:01:50.630
CVE-2023-53153,0.000180000,0.037500000,0.15131883387320685,2025-12-16,2025-12-16,CVE-2023-53153,7.8,2025-11-24T21:01:22.723
CVE-2023-53152,0.000170000,0.034920000,0.09093012494215641,2025-12-16,2025-12-16,CVE-2023-53152,5.5,2025-11-24T21:01:16.823
CVE-2023-53151,0.000130000,0.015100000,0.04349838037945396,2025-12-16,2025-12-16,CVE-2023-53151,5.5,2025-11-24T21:00:20.200
CVE-2023-53150,0.000160000,0.029930000,0.06293382693197594,2025-12-16,2025-12-16,CVE-2023-53150,5.5,2025-11-25T17:03:47.783
CVE-2023-53149,0.000170000,0.031390000,0.09093012494215641,2025-12-16,2025-12-16,CVE-2023-53149,5.5,2025-11-25T17:03:43.000
CVE-2023-53148,0.000170000,0.031300000,0.09093012494215641,2025-12-16,2025-12-16,CVE-2023-53148,7.8,2025-11-25T17:03:32.480
CVE-2023-53147,0.000180000,0.036050000,0.15131883387320685,2025-12-16,2025-12-16,CVE-2023-53147,5.5,2025-11-25T17:03:26.743
CVE-2022-50306,0.000160000,0.029110000,0.06293382693197594,2025-12-16,2025-12-16,CVE-2022-50306,7.1,2025-12-04T15:31:07.530
CVE-2022-50305,0.000170000,0.035290000,0.09093012494215641,2025-12-16,2025-12-16,CVE-2022-50305,7.8,2025-12-04T15:31:13.883
CVE-2022-50304,0.000170000,0.034920000,0.09093012494215641,2025-12-16,2025-12-16,CVE-2022-50304,5.5,2025-12-04T15:31:23.977
CVE-2022-50303,0.000170000,0.035290000,0.09093012494215641,2025-12-16,2025-12-16,CVE-2022-50303,7.8,2025-12-04T15:31:34.053
CVE-2022-50302,0.000180000,0.035540000,0.15131883387320685,2025-12-16,2025-12-16,CVE-2022-50302,5.5,2025-12-04T15:31:49.697
CVE-2022-50301,0.000170000,0.032990000,0.09093012494215641,2025-12-16,2025-12-16,CVE-2022-50301,7.8,2025-12-04T15:32:33.170
CVE-2022-50300,0.000180000,0.037150000,0.15131883387320685,2025-12-16,2025-12-16,CVE-2022-50300,7.8,2025-12-04T15:33:20.600
CVE-2022-50299,0.000180000,0.036050000,0.15131883387320685,2025-12-16,2025-12-16,CVE-2022-50299,5.5,2025-12-04T15:33:30.630
CVE-2022-50298,0.000170000,0.033770000,0.09093012494215641,2025-12-16,2025-12-16,CVE-2022-50298,5.5,2025-12-04T15:33:39.543
CVE-2022-50297,0.000170000,0.031130000,0.09093012494215641,2025-12-16,2025-12-16,CVE-2022-50297,5.5,2025-12-04T15:33:54.417
CVE-2022-50296,0.000160000,0.026280000,0.06293382693197594,2025-12-16,2025-12-16,CVE-2022-50296,5.5,2025-12-04T15:34:09.233
CVE-2022-50295,0.000190000,0.042720000,0.2038408144377603,2025-12-16,2025-12-16,CVE-2022-50295,5.5,2025-12-04T18:52:56.973
CVE-2022-50294,0.000180000,0.036050000,0.15131883387320685,2025-12-16,2025-12-16,CVE-2022-50294,5.5,2025-12-03T19:27:08.237
CVE-2022-50293,0.000160000,0.028310000,0.06293382693197594,2025-12-16,2025-12-16,CVE-2022-50293,5.5,2025-12-04T18:53:12.567
CVE-2022-50292,0.000190000,0.042720000,0.2038408144377603,2025-12-16,2025-12-16,CVE-2022-50292,5.5,2025-12-04T18:53:55.843
CVE-2022-50291,0.000180000,0.036050000,0.15131883387320685,2025-12-16,2025-12-16,CVE-2022-50291,5.5,2025-12-04T18:54:12.970
CVE-2022-50289,0.000170000,0.031130000,0.09093012494215641,2025-12-16,2025-12-16,CVE-2022-50289,5.5,2025-12-03T19:26:03.923
CVE-2022-50288,0.000180000,0.036050000,0.15131883387320685,2025-12-16,2025-12-16,CVE-2022-50288,5.5,2025-12-03T19:25:31.920
CVE-2022-50287,0.000170000,0.034920000,0.09093012494215641,2025-12-16,2025-12-16,CVE-2022-50287,5.5,2025-12-03T19:23:03.087
CVE-2022-50286,0.000160000,0.029930000,0.06293382693197594,2025-12-16,2025-12-16,CVE-2022-50286,5.5,2025-12-03T19:22:28.277
CVE-2022-50285,0.000180000,0.036050000,0.15131883387320685,2025-12-16,2025-12-16,CVE-2022-50285,5.5,2025-12-04T18:54:33.920
CVE-2022-50284,0.000170000,0.034920000,0.09093012494215641,2025-12-16,2025-12-16,CVE-2022-50284,5.5,2025-12-03T19:20:00.620
CVE-2022-50283,0.000190000,0.042980000,0.2038408144377603,2025-12-16,2025-12-16,CVE-2022-50283,7.8,2025-12-04T18:55:35.373
CVE-2022-50282,0.000170000,0.031130000,0.09093012494215641,2025-12-16,2025-12-16,CVE-2022-50282,5.5,2025-12-04T18:56:27.057
CVE-2022-50281,0.000180000,0.035540000,0.15131883387320685,2025-12-16,2025-12-16,CVE-2022-50281,5.5,2025-12-04T18:56:35.393
CVE-2022-50280,0.000170000,0.031130000,0.09093012494215641,2025-12-16,2025-12-16,CVE-2022-50280,5.5,2025-12-04T14:55:40.777
CVE-2022-50279,0.000180000,0.037500000,0.15131883387320685,2025-12-16,2025-12-16,CVE-2022-50279,7.1,2025-12-03T19:18:01.133
CVE-2022-50278,0.000170000,0.031130000,0.09093012494215641,2025-12-16,2025-12-16,CVE-2022-50278,5.5,2025-12-03T19:17:01.023
CVE-2022-50277,0.000110000,0.009690000,0.03863951874132346,2025-12-16,2025-12-16,CVE-2022-50277,5.5,2025-12-03T18:31:12.860
CVE-2022-50276,0.000230000,0.055560000,0.2892179546506247,2025-12-16,2025-12-16,CVE-2022-50276,5.5,2025-12-03T18:30:20.230
CVE-2022-50275,0.000180000,0.036050000,0.15131883387320685,2025-12-16,2025-12-16,CVE-2022-50275,5.5,2025-12-03T19:16:53.663
CVE-2022-50274,0.000170000,0.031300000,0.09093012494215641,2025-12-16,2025-12-16,CVE-2022-50274,7.8,2025-12-03T18:21:27.363
CVE-2022-50273,0.000180000,0.036050000,0.15131883387320685,2025-12-16,2025-12-16,CVE-2022-50273,5.5,2025-12-03T18:20:36.103
CVE-2022-50272,0.000170000,0.031130000,0.09093012494215641,2025-12-16,2025-12-16,CVE-2022-50272,5.5,2025-12-03T18:19:31.887
CVE-2022-50271,0.000180000,0.036050000,0.15131883387320685,2025-12-16,2025-12-16,CVE-2022-50271,5.5,2025-12-03T18:18:35.573
CVE-2022-50270,0.000250000,0.060530000,0.2998611753817677,2025-12-16,2025-12-16,CVE-2022-50270,,2025-09-15T15:22:27.090
CVE-2022-50269,0.000170000,0.033770000,0.09093012494215641,2025-12-16,2025-12-16,CVE-2022-50269,5.5,2025-12-03T18:17:11.063
CVE-2022-50268,0.000170000,0.031130000,0.09093012494215641,2025-12-16,2025-12-16,CVE-2022-50268,5.5,2025-12-03T18:16:12.043
CVE-2022-50267,0.000170000,0.033770000,0.09093012494215641,2025-12-16,2025-12-16,CVE-2022-50267,5.5,2025-12-03T18:15:12.883
CVE-2022-50266,0.000170000,0.034920000,0.09093012494215641,2025-12-16,2025-12-16,CVE-2022-50266,5.5,2025-12-02T19:27:30.377
CVE-2022-50265,0.000180000,0.036050000,0.15131883387320685,2025-12-16,2025-12-16,CVE-2022-50265,5.5,2025-12-03T18:14:05.767
CVE-2022-50264,0.000180000,0.036050000,0.15131883387320685,2025-12-16,2025-12-16,CVE-2022-50264,5.5,2025-12-02T19:22:11.253
CVE-2022-50263,0.000170000,0.034920000,0.09093012494215641,2025-12-16,2025-12-16,CVE-2022-50263,5.5,2025-12-02T19:21:08.623
CVE-2022-50262,0.000210000,0.049490000,0.26862563627950026,2025-12-16,2025-12-16,CVE-2022-50262,5.5,2025-12-02T19:20:01.900
CVE-2022-50261,0.000160000,0.026280000,0.06293382693197594,2025-12-16,2025-12-16,CVE-2022-50261,5.5,2025-11-25T17:02:57.720
CVE-2022-50260,0.000220000,0.050150000,0.2834335955576122,2025-12-16,2025-12-16,CVE-2022-50260,5.5,2025-11-25T17:02:41.887
CVE-2022-50259,0.000140000,0.017860000,0.04835724201758445,2025-12-16,2025-12-16,CVE-2022-50259,4.7,2025-11-25T17:02:21.320
CVE-2022-50258,0.000170000,0.031300000,0.09093012494215641,2025-12-16,2025-12-16,CVE-2022-50258,7.8,2025-11-25T17:02:11.130
CVE-2022-50257,0.000170000,0.031130000,0.09093012494215641,2025-12-16,2025-12-16,CVE-2022-50257,5.5,2025-11-25T17:02:00.230
CVE-2025-8396,0.000590000,0.186820000,0.7457195742711707,2025-12-16,2025-12-16,CVE-2025-8396,,2025-09-15T15:22:27.090
CVE-2025-6202,0.000210000,0.048890000,0.26862563627950026,2025-12-16,2025-12-16,CVE-2025-6202,,2025-09-15T18:15:39.903
CVE-2025-52053,0.667880000,0.984690000,0.9988431281813975,2025-12-16,2025-12-16,CVE-2025-52053,9.8,2025-09-20T02:49:46.760
CVE-2025-36082,0.000160000,0.026810000,0.06293382693197594,2025-12-16,2025-12-16,CVE-2025-36082,3.3,2025-09-24T13:17:27.520
CVE-2025-10491,0.000180000,0.036720000,0.15131883387320685,2025-12-16,2025-12-16,CVE-2025-10491,7.8,2025-09-16T12:49:26.640
CVE-2025-10459,0.000390000,0.114110000,0.4097639981490051,2025-12-16,2025-12-16,CVE-2025-10459,9.8,2025-10-02T18:50:45.753
CVE-2023-53262,0.000180000,0.037150000,0.15131883387320685,2025-12-16,2025-12-16,CVE-2023-53262,7.8,2025-12-02T20:44:44.813
CVE-2023-53261,0.000240000,0.057000000,0.2940768162887552,2025-12-16,2025-12-16,CVE-2023-53261,5.5,2025-12-02T20:45:00.577
CVE-2023-53260,0.000170000,0.034920000,0.09093012494215641,2025-12-16,2025-12-16,CVE-2023-53260,5.5,2025-12-02T20:45:35.423
CVE-2023-53259,0.000530000,0.165980000,0.6982878297084683,2025-12-16,2025-12-16,CVE-2023-53259,,2025-11-03T18:15:41.050
CVE-2023-53258,0.000170000,0.034920000,0.09093012494215641,2025-12-16,2025-12-16,CVE-2023-53258,5.5,2025-12-02T20:46:28.203
CVE-2023-53257,0.000170000,0.030930000,0.09093012494215641,2025-12-16,2025-12-16,CVE-2023-53257,7.8,2025-12-03T16:34:12.843
CVE-2023-53256,0.000180000,0.039090000,0.15131883387320685,2025-12-16,2025-12-16,CVE-2023-53256,5.5,2025-12-03T17:04:38.433
CVE-2023-53255,0.000180000,0.036050000,0.15131883387320685,2025-12-16,2025-12-16,CVE-2023-53255,5.5,2025-12-03T17:10:21.283
CVE-2023-53254,0.000160000,0.029110000,0.06293382693197594,2025-12-16,2025-12-16,CVE-2023-53254,7.1,2025-12-03T17:14:12.423
CVE-2023-53253,0.000190000,0.042980000,0.2038408144377603,2025-12-16,2025-12-16,CVE-2023-53253,7.8,2025-12-03T17:16:09.117
CVE-2023-53252,0.000170000,0.035290000,0.09093012494215641,2025-12-16,2025-12-16,CVE-2023-53252,7.8,2025-12-03T17:18:22.250
CVE-2023-53251,0.000180000,0.035540000,0.15131883387320685,2025-12-16,2025-12-16,CVE-2023-53251,5.5,2025-12-03T17:20:28.447
CVE-2023-53250,0.000170000,0.033770000,0.09093012494215641,2025-12-16,2025-12-16,CVE-2023-53250,5.5,2025-12-03T17:20:57.290
CVE-2023-53249,0.000180000,0.036050000,0.15131883387320685,2025-12-16,2025-12-16,CVE-2023-53249,5.5,2025-12-03T19:43:52.730
CVE-2023-53248,0.000170000,0.034920000,0.09093012494215641,2025-12-16,2025-12-16,CVE-2023-53248,5.5,2025-12-03T20:36:59.173
CVE-2023-53247,0.000160000,0.028910000,0.06293382693197594,2025-12-16,2025-12-16,CVE-2023-53247,5.5,2025-12-03T20:38:18.610
CVE-2023-53246,0.000160000,0.029930000,0.06293382693197594,2025-12-16,2025-12-16,CVE-2023-53246,5.5,2025-12-03T20:38:24.990
CVE-2023-53245,0.000230000,0.055560000,0.2892179546506247,2025-12-16,2025-12-16,CVE-2023-53245,5.5,2025-12-03T20:39:51.190
CVE-2023-53244,0.000160000,0.028310000,0.06293382693197594,2025-12-16,2025-12-16,CVE-2023-53244,5.5,2025-12-03T19:48:43.727
CVE-2023-53243,0.000180000,0.035540000,0.15131883387320685,2025-12-16,2025-12-16,CVE-2023-53243,5.5,2025-12-03T20:41:09.190
CVE-2023-53242,0.000180000,0.036050000,0.15131883387320685,2025-12-16,2025-12-16,CVE-2023-53242,5.5,2025-12-03T20:41:53.803
CVE-2023-53241,0.000180000,0.035540000,0.15131883387320685,2025-12-16,2025-12-16,CVE-2023-53241,5.5,2025-12-03T19:45:52.350
CVE-2023-53240,0.000170000,0.034920000,0.09093012494215641,2025-12-16,2025-12-16,CVE-2023-53240,5.5,2025-12-03T20:41:59.990
CVE-2023-53239,0.000180000,0.036050000,0.15131883387320685,2025-12-16,2025-12-16,CVE-2023-53239,5.5,2025-12-03T20:42:08.590
CVE-2023-53238,0.000180000,0.037500000,0.15131883387320685,2025-12-16,2025-12-16,CVE-2023-53238,7.1,2025-12-04T18:51:09.030
CVE-2023-53237,0.000170000,0.033770000,0.09093012494215641,2025-12-16,2025-12-16,CVE-2023-53237,5.5,2025-12-04T15:18:54.620
CVE-2023-53236,0.000190000,0.042720000,0.2038408144377603,2025-12-16,2025-12-16,CVE-2023-53236,5.5,2025-12-04T14:54:44.517
CVE-2023-53235,0.000190000,0.042980000,0.2038408144377603,2025-12-16,2025-12-16,CVE-2023-53235,7.8,2025-12-04T14:54:59.960
CVE-2023-53234,0.000230000,0.055560000,0.2892179546506247,2025-12-16,2025-12-16,CVE-2023-53234,5.5,2025-12-03T19:46:39.310
CVE-2023-53233,0.000140000,0.017590000,0.04835724201758445,2025-12-16,2025-12-16,CVE-2023-53233,5.5,2025-12-04T14:55:34.970
CVE-2023-53232,0.000260000,0.065970000,0.3040259139287367,2025-12-16,2025-12-16,CVE-2023-53232,,2025-09-15T15:22:27.090
CVE-2023-53231,0.000190000,0.042720000,0.2038408144377603,2025-12-16,2025-12-16,CVE-2023-53231,5.5,2025-12-04T14:55:56.513
CVE-2023-53230,0.000160000,0.028310000,0.06293382693197594,2025-12-16,2025-12-16,CVE-2023-53230,5.5,2025-12-04T14:56:19.720
CVE-2023-53229,0.000180000,0.036050000,0.15131883387320685,2025-12-16,2025-12-16,CVE-2023-53229,5.5,2025-12-04T14:56:28.760
CVE-2023-53228,0.000170000,0.034920000,0.09093012494215641,2025-12-16,2025-12-16,CVE-2023-53228,5.5,2025-12-04T14:57:03.673
CVE-2023-53226,0.000170000,0.031130000,0.09093012494215641,2025-12-16,2025-12-16,CVE-2023-53226,5.5,2025-12-04T14:57:14.463
CVE-2023-53225,0.000180000,0.036050000,0.15131883387320685,2025-12-16,2025-12-16,CVE-2023-53225,5.5,2025-12-04T14:57:32.613
CVE-2023-53224,0.000180000,0.036050000,0.15131883387320685,2025-12-16,2025-12-16,CVE-2023-53224,5.5,2025-12-04T14:57:52.993
CVE-2023-53223,0.000160000,0.029930000,0.06293382693197594,2025-12-16,2025-12-16,CVE-2023-53223,5.5,2025-12-04T15:00:02.000
CVE-2023-53222,0.000170000,0.031300000,0.09093012494215641,2025-12-16,2025-12-16,CVE-2023-53222,7.1,2025-12-04T15:00:14.343
CVE-2023-53221,0.000170000,0.033770000,0.09093012494215641,2025-12-16,2025-12-16,CVE-2023-53221,5.5,2025-12-03T15:27:46.513
CVE-2023-53220,0.000160000,0.029930000,0.06293382693197594,2025-12-16,2025-12-16,CVE-2023-53220,5.5,2025-12-03T15:29:49.683
CVE-2023-53219,0.000180000,0.037500000,0.15131883387320685,2025-12-16,2025-12-16,CVE-2023-53219,7.8,2025-12-03T15:32:37.647
CVE-2023-53218,0.000170000,0.035290000,0.09093012494215641,2025-12-16,2025-12-16,CVE-2023-53218,7.8,2025-12-03T15:41:25.100
CVE-2023-53217,0.000180000,0.037500000,0.15131883387320685,2025-12-16,2025-12-16,CVE-2023-53217,7.8,2025-12-03T15:45:08.970
CVE-2023-53216,0.000180000,0.037150000,0.15131883387320685,2025-12-16,2025-12-16,CVE-2023-53216,7.8,2025-12-03T15:55:34.663
CVE-2023-53215,0.000170000,0.031300000,0.09093012494215641,2025-12-16,2025-12-16,CVE-2023-53215,7.8,2025-12-03T16:19:11.453
CVE-2023-53214,0.000210000,0.048220000,0.26862563627950026,2025-12-16,2025-12-16,CVE-2023-53214,7.8,2025-12-03T16:26:15.690
CVE-2023-53213,0.000160000,0.027720000,0.06293382693197594,2025-12-16,2025-12-16,CVE-2023-53213,7.1,2025-12-04T15:00:27.650
CVE-2023-53211,0.000170000,0.034920000,0.09093012494215641,2025-12-16,2025-12-16,CVE-2023-53211,5.5,2025-12-03T19:41:45.407
CVE-2023-53210,0.000170000,0.033770000,0.09093012494215641,2025-12-16,2025-12-16,CVE-2023-53210,5.5,2025-12-04T15:01:04.117
CVE-2023-53209,0.000160000,0.028910000,0.06293382693197594,2025-12-16,2025-12-16,CVE-2023-53209,5.5,2025-12-04T15:05:57.960
CVE-2023-53208,0.000170000,0.034920000,0.09093012494215641,2025-12-16,2025-12-16,CVE-2023-53208,5.5,2025-12-04T15:06:09.160
CVE-2023-53207,0.000170000,0.034920000,0.09093012494215641,2025-12-16,2025-12-16,CVE-2023-53207,5.5,2025-12-04T15:06:19.880
CVE-2023-53206,0.000190000,0.042720000,0.2038408144377603,2025-12-16,2025-12-16,CVE-2023-53206,5.5,2025-12-04T15:06:28.720
CVE-2023-53205,0.000180000,0.037150000,0.15131883387320685,2025-12-16,2025-12-16,CVE-2023-53205,7.8,2025-12-04T15:06:38.500
CVE-2023-53204,0.000140000,0.017860000,0.04835724201758445,2025-12-16,2025-12-16,CVE-2023-53204,4.7,2025-12-04T15:06:57.090
CVE-2023-53203,0.000190000,0.042720000,0.2038408144377603,2025-12-16,2025-12-16,CVE-2023-53203,5.5,2025-12-04T15:07:07.453
CVE-2023-53202,0.000170000,0.033770000,0.09093012494215641,2025-12-16,2025-12-16,CVE-2023-53202,5.5,2025-12-03T19:41:02.513
CVE-2023-53201,0.000180000,0.036050000,0.15131883387320685,2025-12-16,2025-12-16,CVE-2023-53201,5.5,2025-12-04T15:07:21.827
CVE-2023-53200,0.000170000,0.033770000,0.09093012494215641,2025-12-16,2025-12-16,CVE-2023-53200,5.5,2025-12-04T15:07:32.157
CVE-2023-53199,0.000180000,0.036050000,0.15131883387320685,2025-12-16,2025-12-16,CVE-2023-53199,5.5,2025-12-03T19:39:44.743
CVE-2022-50337,0.000180000,0.035540000,0.15131883387320685,2025-12-16,2025-12-16,CVE-2022-50337,5.5,2025-12-04T13:56:39.980
CVE-2022-50336,0.000170000,0.033770000,0.09093012494215641,2025-12-16,2025-12-16,CVE-2022-50336,5.5,2025-12-04T13:53:50.990
CVE-2022-50335,0.000170000,0.033770000,0.09093012494215641,2025-12-16,2025-12-16,CVE-2022-50335,5.5,2025-12-04T13:50:35.600
CVE-2022-50334,0.000160000,0.029930000,0.06293382693197594,2025-12-16,2025-12-16,CVE-2022-50334,5.5,2025-12-04T13:49:16.740
CVE-2022-50333,0.000160000,0.027720000,0.06293382693197594,2025-12-16,2025-12-16,CVE-2022-50333,7.1,2025-12-04T13:48:21.410
CVE-2022-50332,0.000190000,0.042720000,0.2038408144377603,2025-12-16,2025-12-16,CVE-2022-50332,5.5,2025-12-04T13:46:08.200
CVE-2022-50331,0.000170000,0.034920000,0.09093012494215641,2025-12-16,2025-12-16,CVE-2022-50331,5.5,2025-12-03T19:36:00.050
CVE-2022-50330,0.000180000,0.036050000,0.15131883387320685,2025-12-16,2025-12-16,CVE-2022-50330,5.5,2025-12-04T13:44:36.560
CVE-2022-50329,0.000180000,0.037150000,0.15131883387320685,2025-12-16,2025-12-16,CVE-2022-50329,7.8,2025-12-04T13:43:46.143
CVE-2022-50328,0.000180000,0.036300000,0.15131883387320685,2025-12-16,2025-12-16,CVE-2022-50328,7.8,2025-12-04T13:42:22.360
CVE-2022-50327,0.000530000,0.165980000,0.6982878297084683,2025-12-16,2025-12-16,CVE-2022-50327,,2025-11-03T18:15:40.497
CVE-2022-50326,0.000190000,0.042720000,0.2038408144377603,2025-12-16,2025-12-16,CVE-2022-50326,5.5,2025-12-03T19:32:23.900
CVE-2022-50325,0.000170000,0.035290000,0.09093012494215641,2025-12-16,2025-12-16,CVE-2022-50325,7.8,2025-12-04T13:41:37.063
CVE-2022-50324,0.000160000,0.026280000,0.06293382693197594,2025-12-16,2025-12-16,CVE-2022-50324,5.5,2025-12-03T19:30:24.373
CVE-2022-50323,0.000170000,0.034920000,0.09093012494215641,2025-12-16,2025-12-16,CVE-2022-50323,5.5,2025-12-04T15:07:59.800
CVE-2022-50322,0.000170000,0.034920000,0.09093012494215641,2025-12-16,2025-12-16,CVE-2022-50322,5.5,2025-12-04T15:12:01.390
CVE-2022-50321,0.000180000,0.036050000,0.15131883387320685,2025-12-16,2025-12-16,CVE-2022-50321,5.5,2025-12-03T19:29:55.420
CVE-2022-50320,0.000170000,0.030930000,0.09093012494215641,2025-12-16,2025-12-16,CVE-2022-50320,7.8,2025-12-04T15:19:05.830
CVE-2022-50319,0.000170000,0.033770000,0.09093012494215641,2025-12-16,2025-12-16,CVE-2022-50319,5.5,2025-12-04T15:19:17.463
CVE-2022-50318,0.000180000,0.036050000,0.15131883387320685,2025-12-16,2025-12-16,CVE-2022-50318,5.5,2025-12-04T15:19:27.877
CVE-2022-50317,0.000180000,0.036050000,0.15131883387320685,2025-12-16,2025-12-16,CVE-2022-50317,5.5,2025-12-04T15:19:42.590
CVE-2022-50316,0.000170000,0.034920000,0.09093012494215641,2025-12-16,2025-12-16,CVE-2022-50316,5.5,2025-12-03T19:29:19.307
CVE-2022-50315,0.000170000,0.031300000,0.09093012494215641,2025-12-16,2025-12-16,CVE-2022-50315,7.8,2025-12-04T15:21:57.063
CVE-2022-50314,0.000160000,0.029930000,0.06293382693197594,2025-12-16,2025-12-16,CVE-2022-50314,5.5,2025-12-04T15:22:06.630
CVE-2022-50313,0.000180000,0.036050000,0.15131883387320685,2025-12-16,2025-12-16,CVE-2022-50313,5.5,2025-12-04T15:22:16.860
CVE-2022-50312,0.000170000,0.031130000,0.09093012494215641,2025-12-16,2025-12-16,CVE-2022-50312,5.5,2025-12-04T15:22:27.233
CVE-2022-50311,0.000180000,0.036050000,0.15131883387320685,2025-12-16,2025-12-16,CVE-2022-50311,5.5,2025-12-04T15:23:00.490
CVE-2022-50310,0.000190000,0.042980000,0.2038408144377603,2025-12-16,2025-12-16,CVE-2022-50310,7.8,2025-12-04T15:23:20.263
CVE-2022-50309,0.000170000,0.031130000,0.09093012494215641,2025-12-16,2025-12-16,CVE-2022-50309,5.5,2025-12-04T15:28:59.283
CVE-2022-50308,0.000180000,0.035540000,0.15131883387320685,2025-12-16,2025-12-16,CVE-2022-50308,5.5,2025-12-04T15:29:24.480
CVE-2022-50307,0.000170000,0.035290000,0.09093012494215641,2025-12-16,2025-12-16,CVE-2022-50307,7.1,2025-12-04T15:30:58.510
CVE-2025-6999,0.002620000,0.493710000,0.9400740397963906,2025-12-16,2025-12-16,CVE-2025-6999,,2025-09-16T12:49:16.060
CVE-2025-6947,0.000840000,0.249040000,0.8391948172142527,2025-12-16,2025-12-16,CVE-2025-6947,,2025-09-16T12:49:16.060
CVE-2025-59399,0.000290000,0.077500000,0.3167515039333642,2025-12-16,2025-12-16,CVE-2025-59399,3.1,2025-09-16T12:49:16.060
CVE-2025-59398,0.000250000,0.059830000,0.2998611753817677,2025-12-16,2025-12-16,CVE-2025-59398,3.1,2025-09-16T12:49:16.060
CVE-2025-59397,0.000430000,0.131220000,0.5279962980101804,2025-12-16,2025-12-16,CVE-2025-59397,5.0,2025-11-03T18:17:00.883
CVE-2025-59332,0.000700000,0.214490000,0.8010180472003702,2025-12-16,2025-12-16,CVE-2025-59332,8.6,2025-09-16T12:49:16.060
CVE-2025-59331,0.000710000,0.218240000,0.8047200370198982,2025-12-16,2025-12-16,CVE-2025-59331,,2025-09-16T12:49:16.060
CVE-2025-59330,0.000710000,0.218240000,0.8047200370198982,2025-12-16,2025-12-16,CVE-2025-59330,,2025-09-16T12:49:16.060
CVE-2025-59328,0.011740000,0.781630000,0.981952799629801,2025-12-16,2025-12-16,CVE-2025-59328,6.5,2025-11-04T22:16:34.780
CVE-2025-59162,0.000710000,0.218240000,0.8047200370198982,2025-12-16,2025-12-16,CVE-2025-59162,,2025-09-16T12:49:16.060
CVE-2025-59155,0.000610000,0.192700000,0.7570569180934752,2025-12-16,2025-12-16,CVE-2025-59155,,2025-09-16T12:49:16.060
CVE-2025-59154,0.000380000,0.111840000,0.4012031466913466,2025-12-16,2025-12-16,CVE-2025-59154,5.9,2025-09-16T12:49:16.060
CVE-2025-59145,0.000710000,0.218240000,0.8047200370198982,2025-12-16,2025-12-16,CVE-2025-59145,,2025-09-16T12:49:16.060
CVE-2025-59144,0.000710000,0.218240000,0.8047200370198982,2025-12-16,2025-12-16,CVE-2025-59144,,2025-09-16T12:49:16.060
CVE-2025-59143,0.000710000,0.218240000,0.8047200370198982,2025-12-16,2025-12-16,CVE-2025-59143,,2025-09-16T12:49:16.060
CVE-2025-59142,0.000710000,0.218240000,0.8047200370198982,2025-12-16,2025-12-16,CVE-2025-59142,,2025-09-16T12:49:16.060
CVE-2025-59141,0.000710000,0.218240000,0.8047200370198982,2025-12-16,2025-12-16,CVE-2025-59141,,2025-09-16T12:49:16.060
CVE-2025-59140,0.000710000,0.218240000,0.8047200370198982,2025-12-16,2025-12-16,CVE-2025-59140,,2025-09-16T12:49:16.060
CVE-2025-59056,0.001100000,0.301750000,0.8794539565016196,2025-12-16,2025-12-16,CVE-2025-59056,7.5,2025-10-17T14:36:35.073
CVE-2025-58748,0.006150000,0.691830000,0.9715409532623785,2025-12-16,2025-12-16,CVE-2025-58748,9.8,2025-09-19T19:31:28.080
CVE-2025-58177,0.000370000,0.108660000,0.36742248958815366,2025-12-16,2025-12-16,CVE-2025-58177,5.4,2025-10-14T19:34:18.003
CVE-2025-58172,0.001150000,0.309400000,0.8845441925034706,2025-12-16,2025-12-16,CVE-2025-58172,,2025-09-16T12:49:16.060
CVE-2025-58046,0.003140000,0.541110000,0.946321147616844,2025-12-16,2025-12-16,CVE-2025-58046,9.8,2025-09-19T19:31:40.467
CVE-2025-58045,0.007570000,0.726170000,0.9757056918093475,2025-12-16,2025-12-16,CVE-2025-58045,9.8,2025-09-19T19:34:04.427
CVE-2025-57248,0.000690000,0.213060000,0.7989356779268857,2025-12-16,2025-12-16,CVE-2025-57248,7.3,2025-09-20T02:48:48.503
CVE-2025-57176,0.000370000,0.105780000,0.36742248958815366,2025-12-16,2025-12-16,CVE-2025-57176,4.3,2025-09-16T12:49:16.060
CVE-2025-57174,0.001040000,0.291270000,0.8722813512262841,2025-12-16,2025-12-16,CVE-2025-57174,9.8,2025-09-16T12:49:16.060
CVE-2025-57118,0.000800000,0.239950000,0.8331790837575197,2025-12-16,2025-12-16,CVE-2025-57118,9.8,2025-09-18T16:48:50.220
CVE-2025-57117,0.000690000,0.212240000,0.7989356779268857,2025-12-16,2025-12-16,CVE-2025-57117,5.4,2025-09-18T16:48:43.503
CVE-2025-57104,0.000320000,0.085850000,0.32855159648310966,2025-12-16,2025-12-16,CVE-2025-57104,5.4,2025-09-20T02:47:42.020
CVE-2025-56448,0.000340000,0.097050000,0.3322535863026377,2025-12-16,2025-12-16,CVE-2025-56448,6.8,2025-10-14T19:33:01.220
CVE-2025-56274,0.000420000,0.127210000,0.4872744099953725,2025-12-16,2025-12-16,CVE-2025-56274,8.1,2025-09-18T16:48:30.697
CVE-2025-56252,0.000490000,0.153880000,0.6503933364183249,2025-12-16,2025-12-16,CVE-2025-56252,6.1,2025-09-20T02:49:13.163
CVE-2025-55211,0.000750000,0.227650000,0.8169828782970847,2025-12-16,2025-12-16,CVE-2025-55211,8.8,2025-10-17T14:46:44.293
CVE-2025-52344,0.000440000,0.135430000,0.549976862563628,2025-12-16,2025-12-16,CVE-2025-52344,6.1,2025-09-16T12:49:16.060
CVE-2025-52048,0.000350000,0.099940000,0.33896344285053215,2025-12-16,2025-12-16,CVE-2025-52048,6.5,2025-09-20T02:57:59.197
CVE-2025-49089,0.000570000,0.178820000,0.7279037482646923,2025-12-16,2025-12-16,CVE-2025-49089,6.3,2025-10-02T18:49:15.050
CVE-2025-45091,0.000390000,0.117850000,0.4097639981490051,2025-12-16,2025-12-16,CVE-2025-45091,5.4,2025-09-16T12:49:16.060
CVE-2025-43802,0.000490000,0.153410000,0.6503933364183249,2025-12-16,2025-12-16,CVE-2025-43802,6.1,2025-12-12T15:26:41.343
CVE-2025-43800,0.002250000,0.452500000,0.9324386857936141,2025-12-16,2025-12-16,CVE-2025-43800,,2025-09-16T12:49:16.060
CVE-2025-43799,0.002140000,0.440390000,0.929199444701527,2025-12-16,2025-12-16,CVE-2025-43799,,2025-09-16T12:49:16.060
CVE-2025-43798,0.000610000,0.192700000,0.7570569180934752,2025-12-16,2025-12-16,CVE-2025-43798,,2025-09-16T12:49:16.060
CVE-2025-43797,0.002190000,0.445160000,0.9305876908838501,2025-12-16,2025-12-16,CVE-2025-43797,5.4,2025-12-16T15:22:57.737
CVE-2025-43793,0.002710000,0.503080000,0.9414622859787135,2025-12-16,2025-12-16,CVE-2025-43793,7.5,2025-12-16T15:26:47.283
CVE-2025-43792,0.002020000,0.424620000,0.924109208699676,2025-12-16,2025-12-16,CVE-2025-43792,5.3,2025-12-16T15:28:12.483
CVE-2025-43791,0.002250000,0.452500000,0.9324386857936141,2025-12-16,2025-12-16,CVE-2025-43791,6.1,2025-12-16T15:15:20.870
CVE-2025-43314,0.000150000,0.022940000,0.05529847292919945,2025-12-16,2025-12-16,CVE-2025-43314,5.5,2025-11-04T02:15:38.293
CVE-2025-43312,0.000150000,0.021350000,0.05529847292919945,2025-12-16,2025-12-16,CVE-2025-43312,5.5,2025-11-04T02:15:38.140
CVE-2025-43311,0.000160000,0.027600000,0.06293382693197594,2025-12-16,2025-12-16,CVE-2025-43311,5.1,2025-11-04T02:15:37.990
CVE-2025-43310,0.000160000,0.028850000,0.06293382693197594,2025-12-16,2025-12-16,CVE-2025-43310,4.4,2025-11-04T02:15:37.833
CVE-2025-43308,0.000380000,0.112720000,0.4012031466913466,2025-12-16,2025-12-16,CVE-2025-43308,5.3,2025-11-04T02:15:37.577
CVE-2025-43307,0.000180000,0.039290000,0.15131883387320685,2025-12-16,2025-12-16,CVE-2025-43307,4.0,2025-11-03T19:15:58.910
CVE-2025-43305,0.000160000,0.026000000,0.06293382693197594,2025-12-16,2025-12-16,CVE-2025-43305,5.5,2025-11-04T02:15:37.423
CVE-2025-43304,0.000130000,0.014490000,0.04349838037945396,2025-12-16,2025-12-16,CVE-2025-43304,7.0,2025-11-04T02:15:37.273
CVE-2025-43303,0.000150000,0.024520000,0.05529847292919945,2025-12-16,2025-12-16,CVE-2025-43303,5.5,2025-11-04T02:15:37.107
CVE-2025-43302,0.000170000,0.031400000,0.09093012494215641,2025-12-16,2025-12-16,CVE-2025-43302,5.5,2025-11-04T02:15:36.930
CVE-2025-43301,0.000150000,0.022830000,0.05529847292919945,2025-12-16,2025-12-16,CVE-2025-43301,3.3,2025-11-04T02:15:36.770
CVE-2025-43299,0.000290000,0.076500000,0.3167515039333642,2025-12-16,2025-12-16,CVE-2025-43299,5.5,2025-11-04T02:15:36.613
CVE-2025-43298,0.000330000,0.090720000,0.3301712170291532,2025-12-16,2025-12-16,CVE-2025-43298,7.8,2025-11-04T02:15:36.457
CVE-2025-43297,0.000200000,0.044540000,0.24086071263304026,2025-12-16,2025-12-16,CVE-2025-43297,6.2,2025-11-03T19:15:57.527
CVE-2025-43295,0.000150000,0.021680000,0.05529847292919945,2025-12-16,2025-12-16,CVE-2025-43295,5.5,2025-11-04T02:15:36.303
CVE-2025-43294,0.000160000,0.028690000,0.06293382693197594,2025-12-16,2025-12-16,CVE-2025-43294,3.3,2025-11-04T02:15:36.157
CVE-2025-43293,0.000300000,0.081130000,0.3216103655714947,2025-12-16,2025-12-16,CVE-2025-43293,5.5,2025-11-04T02:15:36.003
CVE-2025-43292,0.000130000,0.016480000,0.04349838037945396,2025-12-16,2025-12-16,CVE-2025-43292,5.5,2025-11-04T02:15:35.830
CVE-2025-43291,0.000110000,0.010350000,0.03863951874132346,2025-12-16,2025-12-16,CVE-2025-43291,5.5,2025-11-04T02:15:35.680
CVE-2025-43287,0.000180000,0.037740000,0.15131883387320685,2025-12-16,2025-12-16,CVE-2025-43287,7.1,2025-11-03T19:15:56.633
CVE-2025-43286,0.000170000,0.031710000,0.09093012494215641,2025-12-16,2025-12-16,CVE-2025-43286,7.8,2025-11-04T02:15:35.420
CVE-2025-43285,0.000120000,0.012420000,0.040953262378528456,2025-12-16,2025-12-16,CVE-2025-43285,5.5,2025-11-04T02:15:35.263
CVE-2025-43283,0.000200000,0.043880000,0.24086071263304026,2025-12-16,2025-12-16,CVE-2025-43283,3.3,2025-11-03T19:15:56.190
CVE-2025-43279,0.000190000,0.041330000,0.2038408144377603,2025-12-16,2025-12-16,CVE-2025-43279,6.2,2025-11-03T19:15:56.043
CVE-2025-43272,0.000500000,0.156500000,0.6753817677001388,2025-12-16,2025-12-16,CVE-2025-43272,6.5,2025-11-04T22:16:14.390
CVE-2025-43263,0.000170000,0.030810000,0.09093012494215641,2025-12-16,2025-12-16,CVE-2025-43263,7.1,2025-11-03T19:15:55.273
CVE-2025-43262,0.000180000,0.039550000,0.15131883387320685,2025-12-16,2025-12-16,CVE-2025-43262,5.1,2025-11-03T19:15:55.100
CVE-2025-43231,0.000180000,0.036090000,0.15131883387320685,2025-12-16,2025-12-16,CVE-2025-43231,5.5,2025-11-03T19:15:54.777
CVE-2025-43208,0.000180000,0.038380000,0.15131883387320685,2025-12-16,2025-12-16,CVE-2025-43208,5.5,2025-11-03T19:15:53.760
CVE-2025-43207,0.000180000,0.036090000,0.15131883387320685,2025-12-16,2025-12-16,CVE-2025-43207,5.5,2025-11-03T19:15:53.620
CVE-2025-43204,0.000170000,0.035110000,0.09093012494215641,2025-12-16,2025-12-16,CVE-2025-43204,7.8,2025-11-03T19:15:53.473
CVE-2025-43203,0.000160000,0.028340000,0.06293382693197594,2025-12-16,2025-12-16,CVE-2025-43203,4.0,2025-11-04T02:15:34.710
CVE-2025-43190,0.000140000,0.020200000,0.04835724201758445,2025-12-16,2025-12-16,CVE-2025-43190,5.5,2025-11-04T02:15:34.547
CVE-2025-31271,0.000440000,0.134680000,0.549976862563628,2025-12-16,2025-12-16,CVE-2025-31271,7.5,2025-11-03T19:15:51.490
CVE-2025-31270,0.000180000,0.038380000,0.15131883387320685,2025-12-16,2025-12-16,CVE-2025-31270,5.5,2025-11-03T19:15:51.347
CVE-2025-31269,0.000160000,0.029080000,0.06293382693197594,2025-12-16,2025-12-16,CVE-2025-31269,5.5,2025-11-04T02:15:34.397
CVE-2025-31268,0.000120000,0.012420000,0.040953262378528456,2025-12-16,2025-12-16,CVE-2025-31268,5.5,2025-11-04T02:15:34.243
CVE-2025-31255,0.000940000,0.267480000,0.8556223970384081,2025-12-16,2025-12-16,CVE-2025-31255,9.8,2025-11-04T02:15:34.080
CVE-2025-31254,0.000390000,0.116210000,0.4097639981490051,2025-12-16,2025-12-16,CVE-2025-31254,5.4,2025-11-03T19:15:50.523
CVE-2025-30468,0.000590000,0.185870000,0.7457195742711707,2025-12-16,2025-12-16,CVE-2025-30468,6.5,2025-11-03T19:15:49.837
CVE-2025-24197,0.000160000,0.026000000,0.06293382693197594,2025-12-16,2025-12-16,CVE-2025-24197,5.5,2025-11-04T02:15:33.733
CVE-2025-24088,0.000500000,0.155560000,0.6753817677001388,2025-12-16,2025-12-16,CVE-2025-24088,7.5,2025-11-03T19:15:48.593
CVE-2025-10485,0.000420000,0.125240000,0.4872744099953725,2025-12-16,2025-12-16,CVE-2025-10485,4.3,2025-09-16T14:15:50.323
CVE-2025-10483,0.000370000,0.109070000,0.36742248958815366,2025-12-16,2025-12-16,CVE-2025-10483,8.8,2025-09-22T17:07:32.670
CVE-2025-10482,0.000390000,0.114110000,0.4097639981490051,2025-12-16,2025-12-16,CVE-2025-10482,9.8,2025-09-22T17:05:08.197
CVE-2025-10481,0.000370000,0.109070000,0.36742248958815366,2025-12-16,2025-12-16,CVE-2025-10481,8.8,2025-09-22T17:00:15.733
CVE-2025-10480,0.000490000,0.151540000,0.6503933364183249,2025-12-16,2025-12-16,CVE-2025-10480,9.8,2025-09-22T16:59:00.303
CVE-2025-10479,0.000350000,0.099170000,0.33896344285053215,2025-12-16,2025-12-16,CVE-2025-10479,9.8,2025-09-17T16:48:37.587
CVE-2025-10477,0.000390000,0.113420000,0.4097639981490051,2025-12-16,2025-12-16,CVE-2025-10477,9.8,2025-10-17T14:49:47.393
CVE-2025-10475,0.000160000,0.029180000,0.06293382693197594,2025-12-16,2025-12-16,CVE-2025-10475,5.5,2025-09-16T12:49:16.060
CVE-2025-10473,0.000370000,0.109070000,0.36742248958815366,2025-12-16,2025-12-16,CVE-2025-10473,9.8,2025-09-17T17:00:22.977
CVE-2025-10472,0.002050000,0.427850000,0.9257288292457195,2025-12-16,2025-12-16,CVE-2025-10472,7.5,2025-11-21T15:11:16.497
CVE-2025-10471,0.000500000,0.154890000,0.6753817677001388,2025-12-16,2025-12-16,CVE-2025-10471,8.8,2025-10-14T19:34:04.460
CVE-2025-10203,0.000260000,0.064750000,0.3040259139287367,2025-12-16,2025-12-16,CVE-2025-10203,7.8,2025-09-16T12:49:16.060
CVE-2025-9808,0.000570000,0.179210000,0.7279037482646923,2025-12-16,2025-12-16,CVE-2025-9808,5.3,2025-09-16T12:49:16.060
CVE-2025-6575,0.000390000,0.117850000,0.4097639981490051,2025-12-16,2025-12-16,CVE-2025-6575,6.1,2025-11-13T16:23:08.160
CVE-2025-59453,0.000230000,0.054580000,0.2892179546506247,2025-12-16,2025-12-16,CVE-2025-59453,3.2,2025-09-16T12:49:16.060
CVE-2025-59437,0.000180000,0.037630000,0.15131883387320685,2025-12-16,2025-12-16,CVE-2025-59437,3.2,2025-09-16T12:49:16.060
CVE-2025-59436,0.000180000,0.037630000,0.15131883387320685,2025-12-16,2025-12-16,CVE-2025-59436,3.2,2025-09-16T12:49:16.060
CVE-2025-56706,0.002200000,0.445730000,0.9310504396112911,2025-12-16,2025-12-16,CVE-2025-56706,8.0,2025-09-19T20:57:13.170
CVE-2025-56697,0.000510000,0.158150000,0.6850994909763998,2025-12-16,2025-12-16,CVE-2025-56697,6.1,2025-09-18T16:49:00.817
CVE-2025-5519,0.000550000,0.174210000,0.7142526608051828,2025-12-16,2025-12-16,CVE-2025-5519,6.5,2025-09-16T12:49:16.060
CVE-2025-5518,0.000350000,0.098820000,0.33896344285053215,2025-12-16,2025-12-16,CVE-2025-5518,6.5,2025-09-16T12:49:16.060
CVE-2025-4688,0.000460000,0.141020000,0.6200832947709394,2025-12-16,2025-12-16,CVE-2025-4688,9.8,2025-09-16T12:49:16.060
CVE-2025-43375,0.000740000,0.225510000,0.8144377602961592,2025-12-16,2025-12-16,CVE-2025-43375,5.5,2025-11-03T19:16:05.653
CVE-2025-43372,0.000530000,0.166740000,0.6982878297084683,2025-12-16,2025-12-16,CVE-2025-43372,7.8,2025-11-04T02:15:44.440
CVE-2025-43371,0.000170000,0.030810000,0.09093012494215641,2025-12-16,2025-12-16,CVE-2025-43371,8.2,2025-11-03T19:16:05.363
CVE-2025-43370,0.000200000,0.045460000,0.24086071263304026,2025-12-16,2025-12-16,CVE-2025-43370,4.0,2025-11-03T19:16:05.230
CVE-2025-43369,0.000180000,0.036090000,0.15131883387320685,2025-12-16,2025-12-16,CVE-2025-43369,5.5,2025-11-03T19:16:05.093
CVE-2025-43368,0.000570000,0.179300000,0.7279037482646923,2025-12-16,2025-12-16,CVE-2025-43368,4.3,2025-11-04T22:16:15.320
CVE-2025-43367,0.000160000,0.025670000,0.06293382693197594,2025-12-16,2025-12-16,CVE-2025-43367,5.5,2025-11-04T02:15:44.133
CVE-2025-43366,0.000170000,0.033380000,0.09093012494215641,2025-12-16,2025-12-16,CVE-2025-43366,5.5,2025-11-03T19:16:04.663
CVE-2025-43362,0.000690000,0.213520000,0.7989356779268857,2025-12-16,2025-12-16,CVE-2025-43362,9.8,2025-11-04T02:15:43.783
CVE-2025-43359,0.001120000,0.305420000,0.8808422026839426,2025-12-16,2025-12-16,CVE-2025-43359,9.8,2025-11-04T02:15:43.390
CVE-2025-43358,0.000110000,0.010970000,0.03863951874132346,2025-12-16,2025-12-16,CVE-2025-43358,8.8,2025-11-04T02:15:43.223
CVE-2025-43357,0.000160000,0.025650000,0.06293382693197594,2025-12-16,2025-12-16,CVE-2025-43357,3.3,2025-11-04T02:15:43.050
CVE-2025-43356,0.000600000,0.187460000,0.7515039333641832,2025-12-16,2025-12-16,CVE-2025-43356,6.5,2025-11-04T22:16:15.147
CVE-2025-43355,0.000140000,0.017920000,0.04835724201758445,2025-12-16,2025-12-16,CVE-2025-43355,5.5,2025-11-04T02:15:42.690
CVE-2025-43354,0.000150000,0.021030000,0.05529847292919945,2025-12-16,2025-12-16,CVE-2025-43354,5.5,2025-11-04T02:15:42.520
CVE-2025-43353,0.000150000,0.021350000,0.05529847292919945,2025-12-16,2025-12-16,CVE-2025-43353,5.5,2025-11-04T02:15:42.350
CVE-2025-43349,0.000190000,0.040200000,0.2038408144377603,2025-12-16,2025-12-16,CVE-2025-43349,2.8,2025-11-04T02:15:42.080
CVE-2025-43347,0.001950000,0.416240000,0.9222582137899121,2025-12-16,2025-12-16,CVE-2025-43347,9.8,2025-11-04T02:15:41.810
CVE-2025-43346,0.000140000,0.018810000,0.04835724201758445,2025-12-16,2025-12-16,CVE-2025-43346,5.5,2025-11-04T02:15:41.660
CVE-2025-43344,0.000170000,0.034530000,0.09093012494215641,2025-12-16,2025-12-16,CVE-2025-43344,3.3,2025-11-04T02:15:41.320
CVE-2025-43343,0.001310000,0.334000000,0.8963442850532161,2025-12-16,2025-12-16,CVE-2025-43343,9.8,2025-11-20T17:40:47.440
CVE-2025-43342,0.003570000,0.573830000,0.9527996298010181,2025-12-16,2025-12-16,CVE-2025-43342,9.8,2025-11-20T17:40:21.647
CVE-2025-43341,0.000130000,0.016910000,0.04349838037945396,2025-12-16,2025-12-16,CVE-2025-43341,7.8,2025-11-04T02:15:40.823
CVE-2025-43340,0.000180000,0.037520000,0.15131883387320685,2025-12-16,2025-12-16,CVE-2025-43340,7.8,2025-11-03T19:16:02.230
CVE-2025-43337,0.000170000,0.034250000,0.09093012494215641,2025-12-16,2025-12-16,CVE-2025-43337,5.5,2025-11-04T02:15:40.560
CVE-2025-43333,0.000180000,0.037520000,0.15131883387320685,2025-12-16,2025-12-16,CVE-2025-43333,7.8,2025-11-03T19:16:01.940
CVE-2025-43332,0.000150000,0.023140000,0.05529847292919945,2025-12-16,2025-12-16,CVE-2025-43332,5.2,2025-11-04T02:15:40.067
CVE-2025-43331,0.000180000,0.039290000,0.15131883387320685,2025-12-16,2025-12-16,CVE-2025-43331,4.0,2025-11-03T19:16:01.653
CVE-2025-43330,0.000200000,0.045840000,0.24086071263304026,2025-12-16,2025-12-16,CVE-2025-43330,8.2,2025-11-04T02:15:39.910
CVE-2025-43329,0.000110000,0.010970000,0.03863951874132346,2025-12-16,2025-12-16,CVE-2025-43329,8.8,2025-11-04T02:15:39.757
CVE-2025-43328,0.000130000,0.016990000,0.04349838037945396,2025-12-16,2025-12-16,CVE-2025-43328,3.3,2025-11-03T19:16:01.167
CVE-2025-43327,0.000450000,0.136880000,0.561082832022212,2025-12-16,2025-12-16,CVE-2025-43327,6.5,2025-11-04T02:15:39.597
CVE-2025-43326,0.000150000,0.024190000,0.05529847292919945,2025-12-16,2025-12-16,CVE-2025-43326,5.5,2025-11-04T02:15:39.447
CVE-2025-43325,0.000180000,0.036090000,0.15131883387320685,2025-12-16,2025-12-16,CVE-2025-43325,5.5,2025-11-03T19:16:00.730
CVE-2025-43321,0.000160000,0.026000000,0.06293382693197594,2025-12-16,2025-12-16,CVE-2025-43321,5.5,2025-11-04T02:15:39.100
CVE-2025-43319,0.000160000,0.026000000,0.06293382693197594,2025-12-16,2025-12-16,CVE-2025-43319,5.5,2025-11-04T02:15:38.950
CVE-2025-43318,0.000190000,0.043010000,0.2038408144377603,2025-12-16,2025-12-16,CVE-2025-43318,6.2,2025-11-03T19:16:00.247
CVE-2025-43317,0.000120000,0.012530000,0.040953262378528456,2025-12-16,2025-12-16,CVE-2025-43317,5.5,2025-11-04T02:15:38.790
CVE-2025-43316,0.000130000,0.016910000,0.04349838037945396,2025-12-16,2025-12-16,CVE-2025-43316,7.8,2025-11-04T02:15:38.633
CVE-2025-43315,0.000160000,0.026000000,0.06293382693197594,2025-12-16,2025-12-16,CVE-2025-43315,5.5,2025-11-04T02:15:38.467
CVE-2025-41249,0.000800000,0.241730000,0.8331790837575197,2025-12-16,2025-12-16,CVE-2025-41249,7.5,2025-09-16T20:15:35.127
CVE-2025-41248,0.000590000,0.184270000,0.7457195742711707,2025-12-16,2025-12-16,CVE-2025-41248,7.5,2025-09-16T20:15:35.000
CVE-2025-26711,0.000550000,0.171850000,0.7142526608051828,2025-12-16,2025-12-16,CVE-2025-26711,5.7,2025-09-16T12:49:16.060
CVE-2025-26710,0.000410000,0.122940000,0.475937066173068,2025-12-16,2025-12-16,CVE-2025-26710,3.5,2025-09-16T12:49:16.060
CVE-2025-2404,0.000450000,0.138760000,0.561082832022212,2025-12-16,2025-12-16,CVE-2025-2404,4.3,2025-09-19T09:15:35.703
CVE-2025-10316,0.000700000,0.217840000,0.8010180472003702,2025-12-16,2025-12-16,CVE-2025-10316,,2025-09-16T12:49:16.060
CVE-2025-10016,0.000300000,0.080470000,0.3216103655714947,2025-12-16,2025-12-16,CVE-2025-10016,,2025-09-16T12:49:16.060
CVE-2025-10015,0.000140000,0.020660000,0.04835724201758445,2025-12-16,2025-12-16,CVE-2025-10015,,2025-09-16T12:49:16.060
CVE-2024-12913,0.000240000,0.058450000,0.2940768162887552,2025-12-16,2025-12-16,CVE-2024-12913,8.8,2025-09-16T12:49:16.060
CVE-2024-12367,0.000570000,0.178730000,0.7279037482646923,2025-12-16,2025-12-16,CVE-2024-12367,8.6,2025-09-16T12:49:16.060
CVE-2023-53303,0.000190000,0.042720000,0.2038408144377603,2025-12-16,2025-12-16,CVE-2023-53303,5.5,2025-12-02T19:31:22.610
CVE-2023-53302,0.000160000,0.029930000,0.06293382693197594,2025-12-16,2025-12-16,CVE-2023-53302,5.5,2025-12-02T19:31:15.667
CVE-2023-53301,0.000250000,0.060530000,0.2998611753817677,2025-12-16,2025-12-16,CVE-2023-53301,,2025-09-16T12:49:16.060
CVE-2023-53300,0.000170000,0.033770000,0.09093012494215641,2025-12-16,2025-12-16,CVE-2023-53300,5.5,2025-12-02T19:28:34.437
CVE-2023-53299,0.000170000,0.031130000,0.09093012494215641,2025-12-16,2025-12-16,CVE-2023-53299,5.5,2025-12-02T19:28:25.683
CVE-2023-53298,0.000180000,0.036050000,0.15131883387320685,2025-12-16,2025-12-16,CVE-2023-53298,5.5,2025-12-02T19:28:18.703
CVE-2023-53297,0.000160000,0.029930000,0.06293382693197594,2025-12-16,2025-12-16,CVE-2023-53297,5.5,2025-12-02T19:28:10.723
CVE-2023-53296,0.000180000,0.036050000,0.15131883387320685,2025-12-16,2025-12-16,CVE-2023-53296,5.5,2025-12-02T19:27:01.233
CVE-2023-53295,0.000160000,0.029930000,0.06293382693197594,2025-12-16,2025-12-16,CVE-2023-53295,5.5,2025-12-02T19:26:39.470
CVE-2023-53294,0.000180000,0.035540000,0.15131883387320685,2025-12-16,2025-12-16,CVE-2023-53294,5.5,2025-12-02T19:13:16.097
CVE-2023-53292,0.000180000,0.038060000,0.15131883387320685,2025-12-16,2025-12-16,CVE-2023-53292,5.5,2025-12-02T19:07:08.450
CVE-2023-53291,0.000180000,0.036050000,0.15131883387320685,2025-12-16,2025-12-16,CVE-2023-53291,5.5,2025-12-03T16:41:49.423
CVE-2023-53290,0.000180000,0.036050000,0.15131883387320685,2025-12-16,2025-12-16,CVE-2023-53290,5.5,2025-12-03T16:42:02.617
CVE-2023-53289,0.000170000,0.031130000,0.09093012494215641,2025-12-16,2025-12-16,CVE-2023-53289,5.5,2025-12-03T16:42:10.530
CVE-2023-53288,0.000160000,0.029930000,0.06293382693197594,2025-12-16,2025-12-16,CVE-2023-53288,5.5,2025-12-03T16:44:27.520
CVE-2023-53287,0.000170000,0.033770000,0.09093012494215641,2025-12-16,2025-12-16,CVE-2023-53287,5.5,2025-12-03T16:52:54.280
CVE-2023-53286,0.000180000,0.036300000,0.15131883387320685,2025-12-16,2025-12-16,CVE-2023-53286,7.8,2025-12-02T21:20:17.160
CVE-2023-53285,0.000160000,0.027720000,0.06293382693197594,2025-12-16,2025-12-16,CVE-2023-53285,7.8,2025-12-02T21:23:52.913
CVE-2023-53284,0.000170000,0.034920000,0.09093012494215641,2025-12-16,2025-12-16,CVE-2023-53284,5.5,2025-12-02T21:24:18.407
CVE-2023-53282,0.000170000,0.030930000,0.09093012494215641,2025-12-16,2025-12-16,CVE-2023-53282,7.8,2025-12-02T21:26:56.167
CVE-2023-53281,0.000140000,0.017590000,0.04835724201758445,2025-12-16,2025-12-16,CVE-2023-53281,5.5,2025-12-02T21:30:17.300
CVE-2023-53280,0.000180000,0.036050000,0.15131883387320685,2025-12-16,2025-12-16,CVE-2023-53280,5.5,2025-12-02T21:31:16.167
CVE-2023-53279,0.000160000,0.028310000,0.06293382693197594,2025-12-16,2025-12-16,CVE-2023-53279,5.5,2025-12-02T21:31:46.193
CVE-2023-53278,0.000170000,0.034920000,0.09093012494215641,2025-12-16,2025-12-16,CVE-2023-53278,5.5,2025-12-03T16:53:00.673
CVE-2023-53277,0.000160000,0.029930000,0.06293382693197594,2025-12-16,2025-12-16,CVE-2023-53277,5.5,2025-12-03T16:53:06.967
CVE-2023-53276,0.000160000,0.026280000,0.06293382693197594,2025-12-16,2025-12-16,CVE-2023-53276,5.5,2025-12-03T16:53:14.270
CVE-2023-53275,0.000160000,0.029930000,0.06293382693197594,2025-12-16,2025-12-16,CVE-2023-53275,5.5,2025-12-03T16:53:20.380
CVE-2023-53274,0.000230000,0.053130000,0.2892179546506247,2025-12-16,2025-12-16,CVE-2023-53274,7.8,2025-12-03T16:54:24.100
CVE-2023-53273,0.000180000,0.035540000,0.15131883387320685,2025-12-16,2025-12-16,CVE-2023-53273,5.5,2025-12-03T16:54:29.770
CVE-2023-53272,0.000180000,0.037150000,0.15131883387320685,2025-12-16,2025-12-16,CVE-2023-53272,7.1,2025-12-03T16:54:36.713
CVE-2023-53271,0.000180000,0.036050000,0.15131883387320685,2025-12-16,2025-12-16,CVE-2023-53271,5.5,2025-12-03T16:55:20.277
CVE-2023-53270,0.000180000,0.035540000,0.15131883387320685,2025-12-16,2025-12-16,CVE-2023-53270,5.5,2025-12-03T16:56:04.373
CVE-2023-53269,0.000170000,0.034920000,0.09093012494215641,2025-12-16,2025-12-16,CVE-2023-53269,5.5,2025-12-03T16:56:21.127
CVE-2023-53268,0.000180000,0.036050000,0.15131883387320685,2025-12-16,2025-12-16,CVE-2023-53268,5.5,2025-12-03T20:34:20.663
CVE-2023-53267,0.000170000,0.034920000,0.09093012494215641,2025-12-16,2025-12-16,CVE-2023-53267,5.5,2025-12-03T16:31:24.720
CVE-2023-53266,0.000190000,0.042720000,0.2038408144377603,2025-12-16,2025-12-16,CVE-2023-53266,5.5,2025-12-02T20:41:59.840
CVE-2023-53265,0.000170000,0.031300000,0.09093012494215641,2025-12-16,2025-12-16,CVE-2023-53265,7.1,2025-12-02T20:42:22.410
CVE-2023-53264,0.000170000,0.033770000,0.09093012494215641,2025-12-16,2025-12-16,CVE-2023-53264,5.5,2025-12-02T20:42:46.650
CVE-2023-53263,0.000210000,0.046970000,0.26862563627950026,2025-12-16,2025-12-16,CVE-2023-53263,7.8,2025-12-02T20:43:16.433
CVE-2025-8894,0.000290000,0.075240000,0.3167515039333642,2025-12-16,2025-12-16,CVE-2025-8894,7.8,2025-09-19T13:51:12.743
CVE-2025-8893,0.000360000,0.103470000,0.3486811661267932,2025-12-16,2025-12-16,CVE-2025-8893,7.8,2025-09-19T13:52:47.467
CVE-2025-8446,0.000370000,0.107680000,0.36742248958815366,2025-12-16,2025-12-16,CVE-2025-8446,4.3,2025-09-16T12:49:16.060
CVE-2025-8276,0.000450000,0.137270000,0.561082832022212,2025-12-16,2025-12-16,CVE-2025-8276,4.3,2025-09-30T14:15:40.577
CVE-2025-8057,0.000420000,0.127210000,0.4872744099953725,2025-12-16,2025-12-16,CVE-2025-8057,6.5,2025-09-17T14:18:55.093
CVE-2025-7744,0.000460000,0.141020000,0.6200832947709394,2025-12-16,2025-12-16,CVE-2025-7744,9.8,2025-11-13T16:22:42.980
CVE-2025-7743,0.000220000,0.052030000,0.2834335955576122,2025-12-16,2025-12-16,CVE-2025-7743,9.6,2025-10-15T14:21:38.180
CVE-2025-7355,0.000420000,0.127210000,0.4872744099953725,2025-12-16,2025-12-16,CVE-2025-7355,6.5,2025-09-17T14:18:55.093
CVE-2025-59333,0.000570000,0.180100000,0.7279037482646923,2025-12-16,2025-12-16,CVE-2025-59333,8.1,2025-10-08T19:18:04.110
CVE-2025-59270,0.000330000,0.089890000,0.3301712170291532,2025-12-16,2025-12-16,CVE-2025-59270,3.1,2025-09-26T13:55:40.717
CVE-2025-58749,0.000580000,0.181010000,0.7376214715409533,2025-12-16,2025-12-16,CVE-2025-58749,5.3,2025-09-20T02:58:23.390
CVE-2025-57145,0.000390000,0.114870000,0.4097639981490051,2025-12-16,2025-12-16,CVE-2025-57145,5.4,2025-10-08T19:25:00.497
CVE-2025-57119,0.000840000,0.249060000,0.8391948172142527,2025-12-16,2025-12-16,CVE-2025-57119,9.8,2025-09-18T16:49:30.343
CVE-2025-56295,0.000340000,0.095350000,0.3322535863026377,2025-12-16,2025-12-16,CVE-2025-56295,7.3,2025-09-18T16:50:45.427
CVE-2025-56293,0.000390000,0.115950000,0.4097639981490051,2025-12-16,2025-12-16,CVE-2025-56293,5.4,2025-10-23T20:06:00.793
CVE-2025-56289,0.000360000,0.104690000,0.3486811661267932,2025-12-16,2025-12-16,CVE-2025-56289,5.4,2025-09-18T16:50:34.927
CVE-2025-56280,0.000390000,0.115950000,0.4097639981490051,2025-12-16,2025-12-16,CVE-2025-56280,5.4,2025-09-18T16:49:42.477
CVE-2025-56276,0.000390000,0.115950000,0.4097639981490051,2025-12-16,2025-12-16,CVE-2025-56276,5.4,2025-09-18T16:49:14.950
CVE-2025-55834,0.000690000,0.213530000,0.7989356779268857,2025-12-16,2025-12-16,CVE-2025-55834,6.1,2025-09-20T03:02:12.203
CVE-2025-55118,0.000570000,0.178730000,0.7279037482646923,2025-12-16,2025-12-16,CVE-2025-55118,8.9,2025-11-18T15:16:31.550
CVE-2025-55117,0.000470000,0.145270000,0.6291068949560389,2025-12-16,2025-12-16,CVE-2025-55117,5.3,2025-10-10T14:12:25.770
CVE-2025-55116,0.000170000,0.031470000,0.09093012494215641,2025-12-16,2025-12-16,CVE-2025-55116,8.8,2025-10-10T14:10:51.570
CVE-2025-55115,0.000230000,0.053550000,0.2892179546506247,2025-12-16,2025-12-16,CVE-2025-55115,8.8,2025-10-10T14:10:38.947
CVE-2025-55114,0.000580000,0.183120000,0.7376214715409533,2025-12-16,2025-12-16,CVE-2025-55114,5.3,2025-09-17T14:18:55.093
CVE-2025-55113,0.000550000,0.174150000,0.7142526608051828,2025-12-16,2025-12-16,CVE-2025-55113,10.0,2025-10-10T14:08:43.800
CVE-2025-55112,0.000170000,0.034470000,0.09093012494215641,2025-12-16,2025-12-16,CVE-2025-55112,7.4,2025-10-10T14:01:21.850
CVE-2025-55111,0.000120000,0.013070000,0.040953262378528456,2025-12-16,2025-12-16,CVE-2025-55111,5.5,2025-09-29T12:08:29.103
CVE-2025-55110,0.000170000,0.032270000,0.09093012494215641,2025-12-16,2025-12-16,CVE-2025-55110,5.5,2025-09-17T14:18:55.093
CVE-2025-55109,0.000670000,0.208050000,0.7933826931975937,2025-12-16,2025-12-16,CVE-2025-55109,9.0,2025-10-10T14:16:19.660
CVE-2025-52044,0.000420000,0.126130000,0.4872744099953725,2025-12-16,2025-12-16,CVE-2025-52044,7.5,2025-09-20T02:58:35.227
CVE-2025-4953,0.000630000,0.197170000,0.7700138824618232,2025-12-16,2025-12-16,CVE-2025-4953,7.4,2025-12-11T11:15:45.130
CVE-2025-44034,0.001830000,0.403650000,0.9167052290606201,2025-12-16,2025-12-16,CVE-2025-44034,8.0,2025-11-19T17:06:31.153
CVE-2025-41243,0.070040000,0.911160000,0.993058769088385,2025-12-16,2025-12-16,CVE-2025-41243,10.0,2025-09-17T14:18:55.093
CVE-2025-39836,0.000170000,0.035290000,0.09093012494215641,2025-12-16,2025-12-16,CVE-2025-39836,7.8,2025-12-01T21:59:35.697
CVE-2025-39835,0.000490000,0.153250000,0.6503933364183249,2025-12-16,2025-12-16,CVE-2025-39835,,2025-11-03T18:16:49.293
CVE-2025-39834,0.000190000,0.042720000,0.2038408144377603,2025-12-16,2025-12-16,CVE-2025-39834,5.5,2025-12-01T22:03:46.933
CVE-2025-39833,0.000190000,0.042720000,0.2038408144377603,2025-12-16,2025-12-16,CVE-2025-39833,5.5,2025-12-03T16:34:37.220
CVE-2025-39832,0.000130000,0.016930000,0.04349838037945396,2025-12-16,2025-12-16,CVE-2025-39832,5.5,2025-12-03T16:36:04.523
CVE-2025-39831,0.000170000,0.034920000,0.09093012494215641,2025-12-16,2025-12-16,CVE-2025-39831,5.5,2025-12-02T18:39:28.853
CVE-2025-39830,0.000190000,0.042720000,0.2038408144377603,2025-12-16,2025-12-16,CVE-2025-39830,5.5,2025-12-02T18:37:52.670
CVE-2025-39829,0.000170000,0.034920000,0.09093012494215641,2025-12-16,2025-12-16,CVE-2025-39829,5.5,2025-12-02T18:37:44.743
CVE-2025-39828,0.000490000,0.153250000,0.6503933364183249,2025-12-16,2025-12-16,CVE-2025-39828,,2025-11-03T18:16:49.183
CVE-2025-39827,0.000530000,0.165980000,0.6982878297084683,2025-12-16,2025-12-16,CVE-2025-39827,,2025-11-03T18:16:49.080
CVE-2025-39826,0.000360000,0.104690000,0.3486811661267932,2025-12-16,2025-12-16,CVE-2025-39826,,2025-11-03T18:16:48.980
CVE-2025-39825,0.000360000,0.104690000,0.3486811661267932,2025-12-16,2025-12-16,CVE-2025-39825,,2025-11-03T18:16:48.883
CVE-2025-39824,0.000490000,0.153250000,0.6503933364183249,2025-12-16,2025-12-16,CVE-2025-39824,,2025-11-03T18:16:48.770
CVE-2025-39823,0.000470000,0.146080000,0.6291068949560389,2025-12-16,2025-12-16,CVE-2025-39823,,2025-11-03T18:16:48.670
CVE-2025-39822,0.000190000,0.042720000,0.2038408144377603,2025-12-16,2025-12-16,CVE-2025-39822,5.5,2025-12-02T18:37:27.753
CVE-2025-39821,0.000190000,0.042980000,0.2038408144377603,2025-12-16,2025-12-16,CVE-2025-39821,7.8,2025-12-02T18:35:40.680
CVE-2025-39820,0.000190000,0.042720000,0.2038408144377603,2025-12-16,2025-12-16,CVE-2025-39820,5.5,2025-12-02T18:35:29.650
CVE-2025-39819,0.000530000,0.165980000,0.6982878297084683,2025-12-16,2025-12-16,CVE-2025-39819,,2025-11-03T18:16:48.563
CVE-2025-39818,0.000190000,0.042980000,0.2038408144377603,2025-12-16,2025-12-16,CVE-2025-39818,7.8,2025-12-02T18:14:15.680
CVE-2025-39817,0.000490000,0.153250000,0.6503933364183249,2025-12-16,2025-12-16,CVE-2025-39817,,2025-11-03T18:16:48.463
CVE-2025-39816,0.000170000,0.034920000,0.09093012494215641,2025-12-16,2025-12-16,CVE-2025-39816,5.5,2025-12-02T19:04:00.170
CVE-2025-39815,0.000170000,0.034920000,0.09093012494215641,2025-12-16,2025-12-16,CVE-2025-39815,5.5,2025-12-02T19:03:33.370
CVE-2025-39814,0.000190000,0.042720000,0.2038408144377603,2025-12-16,2025-12-16,CVE-2025-39814,5.5,2025-12-02T18:46:57.087
CVE-2025-39813,0.000490000,0.153250000,0.6503933364183249,2025-12-16,2025-12-16,CVE-2025-39813,,2025-11-03T18:16:48.367
CVE-2025-39812,0.000490000,0.153250000,0.6503933364183249,2025-12-16,2025-12-16,CVE-2025-39812,,2025-11-03T18:16:48.263
CVE-2025-39811,0.000170000,0.034920000,0.09093012494215641,2025-12-16,2025-12-16,CVE-2025-39811,5.5,2025-12-02T18:46:26.197
CVE-2025-39810,0.000210000,0.046970000,0.26862563627950026,2025-12-16,2025-12-16,CVE-2025-39810,7.8,2025-12-02T18:46:18.423
CVE-2025-39809,0.000190000,0.042980000,0.2038408144377603,2025-12-16,2025-12-16,CVE-2025-39809,7.8,2025-12-02T18:46:06.280
CVE-2025-39808,0.000490000,0.153250000,0.6503933364183249,2025-12-16,2025-12-16,CVE-2025-39808,,2025-11-03T18:16:48.157
CVE-2025-39807,0.000170000,0.034920000,0.09093012494215641,2025-12-16,2025-12-16,CVE-2025-39807,5.5,2025-12-02T18:45:50.517
CVE-2025-39806,0.000360000,0.104690000,0.3486811661267932,2025-12-16,2025-12-16,CVE-2025-39806,,2025-11-03T18:16:48.033
CVE-2025-39805,0.000180000,0.035540000,0.15131883387320685,2025-12-16,2025-12-16,CVE-2025-39805,5.5,2025-12-06T22:15:51.780
CVE-2025-36244,0.000190000,0.040520000,0.2038408144377603,2025-12-16,2025-12-16,CVE-2025-36244,5.5,2025-10-17T14:34:38.477
CVE-2025-30075,0.000160000,0.028360000,0.06293382693197594,2025-12-16,2025-12-16,CVE-2025-30075,2.2,2025-09-17T14:18:55.093
CVE-2025-10546,0.002270000,0.454800000,0.9335955576122166,2025-12-16,2025-12-16,CVE-2025-10546,,2025-09-18T13:43:45.290
CVE-2025-10537,0.000540000,0.169950000,0.7084683017121703,2025-12-16,2025-12-16,CVE-2025-10537,8.8,2025-11-03T19:15:45.773
CVE-2025-10536,0.000160000,0.029790000,0.06293382693197594,2025-12-16,2025-12-16,CVE-2025-10536,6.2,2025-11-03T19:15:45.620
CVE-2025-10535,0.000450000,0.140090000,0.561082832022212,2025-12-16,2025-12-16,CVE-2025-10535,7.5,2025-10-30T17:15:35.670
CVE-2025-10534,0.000450000,0.136480000,0.561082832022212,2025-12-16,2025-12-16,CVE-2025-10534,8.1,2025-10-30T17:15:35.507
CVE-2025-10533,0.000730000,0.224670000,0.8128181397501157,2025-12-16,2025-12-16,CVE-2025-10533,8.8,2025-11-03T19:15:45.467
CVE-2025-10532,0.000540000,0.171210000,0.7084683017121703,2025-12-16,2025-12-16,CVE-2025-10532,6.5,2025-11-03T19:15:45.307
CVE-2025-10531,0.000380000,0.110660000,0.4012031466913466,2025-12-16,2025-12-16,CVE-2025-10531,5.4,2025-10-30T17:15:35.013
CVE-2025-10530,0.000420000,0.125470000,0.4872744099953725,2025-12-16,2025-12-16,CVE-2025-10530,6.5,2025-10-30T17:15:34.860
CVE-2025-10529,0.000530000,0.165420000,0.6982878297084683,2025-12-16,2025-12-16,CVE-2025-10529,6.5,2025-11-03T19:15:45.150
CVE-2025-10528,0.000970000,0.274250000,0.8597871355853771,2025-12-16,2025-12-16,CVE-2025-10528,7.3,2025-11-03T19:15:44.980
CVE-2025-10527,0.000570000,0.178640000,0.7279037482646923,2025-12-16,2025-12-16,CVE-2025-10527,7.1,2025-11-03T19:15:44.820
CVE-2025-10290,0.000330000,0.091800000,0.3301712170291532,2025-12-16,2025-12-16,CVE-2025-10290,6.5,2025-09-19T20:56:01.570
CVE-2024-13174,0.000450000,0.136450000,0.561082832022212,2025-12-16,2025-12-16,CVE-2024-13174,8.6,2025-09-17T14:18:55.093
CVE-2024-13149,0.000460000,0.141020000,0.6200832947709394,2025-12-16,2025-12-16,CVE-2024-13149,9.8,2025-09-17T14:18:55.093
CVE-2024-12796,0.000430000,0.132330000,0.5279962980101804,2025-12-16,2025-12-16,CVE-2024-12796,5.3,2025-09-17T14:18:55.093
CVE-2023-53304,0.000180000,0.036050000,0.15131883387320685,2025-12-16,2025-12-16,CVE-2023-53304,5.5,2025-12-01T21:58:59.480
CVE-2022-50352,0.000230000,0.055560000,0.2892179546506247,2025-12-16,2025-12-16,CVE-2022-50352,5.5,2025-12-01T21:58:54.167
CVE-2022-50351,0.000170000,0.034920000,0.09093012494215641,2025-12-16,2025-12-16,CVE-2022-50351,5.5,2025-12-01T21:58:48.517
CVE-2022-50350,0.000140000,0.017370000,0.04835724201758445,2025-12-16,2025-12-16,CVE-2022-50350,4.7,2025-12-01T21:58:43.630
CVE-2022-50349,0.000160000,0.026280000,0.06293382693197594,2025-12-16,2025-12-16,CVE-2022-50349,5.5,2025-12-01T21:58:36.913
CVE-2022-50348,0.000180000,0.036050000,0.15131883387320685,2025-12-16,2025-12-16,CVE-2022-50348,5.5,2025-12-01T21:58:30.987
CVE-2022-50347,0.000170000,0.031130000,0.09093012494215641,2025-12-16,2025-12-16,CVE-2022-50347,5.5,2025-12-01T21:58:23.473
CVE-2022-50346,0.000160000,0.026280000,0.06293382693197594,2025-12-16,2025-12-16,CVE-2022-50346,5.5,2025-12-01T21:58:19.057
CVE-2022-50344,0.000160000,0.026280000,0.06293382693197594,2025-12-16,2025-12-16,CVE-2022-50344,5.5,2025-12-01T22:03:27.743
CVE-2022-50343,0.000170000,0.031130000,0.09093012494215641,2025-12-16,2025-12-16,CVE-2022-50343,5.5,2025-12-01T22:03:21.887
CVE-2022-50342,0.000170000,0.033770000,0.09093012494215641,2025-12-16,2025-12-16,CVE-2022-50342,5.5,2025-12-01T22:03:16.573
CVE-2022-50341,0.000100000,0.008480000,0.034706154558074964,2025-12-16,2025-12-16,CVE-2022-50341,5.5,2025-12-01T22:03:08.070
CVE-2022-50340,0.000180000,0.035540000,0.15131883387320685,2025-12-16,2025-12-16,CVE-2022-50340,5.5,2025-12-01T22:00:51.300
CVE-2022-50339,0.000150000,0.022970000,0.05529847292919945,2025-12-16,2025-12-16,CVE-2022-50339,7.0,2025-12-01T22:00:43.643
CVE-2009-20007,0.659330000,0.984350000,0.998611753817677,2025-12-16,2025-12-16,CVE-2009-20007,,2025-09-17T14:18:55.093
CVE-2009-20006,0.655130000,0.984140000,0.9983803794539565,2025-12-16,2025-12-16,CVE-2009-20006,,2025-09-17T14:18:55.093
CVE-2009-20005,0.718300000,0.986730000,0.999537251272559,2025-12-16,2025-12-16,CVE-2009-20005,,2025-09-17T14:18:55.093
CVE-2025-9971,0.002400000,0.469870000,0.9363720499768625,2025-12-16,2025-12-16,CVE-2025-9971,9.8,2025-09-17T14:18:55.093
CVE-2025-9891,0.000170000,0.030750000,0.09093012494215641,2025-12-16,2025-12-16,CVE-2025-9891,4.3,2025-09-17T14:18:55.093
CVE-2025-9851,0.000430000,0.130850000,0.5279962980101804,2025-12-16,2025-12-16,CVE-2025-9851,6.4,2025-09-19T13:15:44.150
CVE-2025-9818,0.000180000,0.037210000,0.15131883387320685,2025-12-16,2025-12-16,CVE-2025-9818,6.7,2025-09-17T14:18:55.093
CVE-2025-9708,0.000090000,0.006810000,0.03077279037482647,2025-12-16,2025-12-16,CVE-2025-9708,6.8,2025-11-04T22:16:45.957
CVE-2025-9629,0.000170000,0.030680000,0.09093012494215641,2025-12-16,2025-12-16,CVE-2025-9629,4.3,2025-09-17T14:18:55.093
CVE-2025-9565,0.000480000,0.150860000,0.6385932438685794,2025-12-16,2025-12-16,CVE-2025-9565,6.4,2025-09-17T14:18:55.093
CVE-2025-9450,0.000200000,0.046530000,0.24086071263304026,2025-12-16,2025-12-16,CVE-2025-9450,7.8,2025-09-17T14:18:55.093
CVE-2025-9449,0.000200000,0.046530000,0.24086071263304026,2025-12-16,2025-12-16,CVE-2025-9449,7.8,2025-09-17T14:18:55.093
CVE-2025-9447,0.000200000,0.046530000,0.24086071263304026,2025-12-16,2025-12-16,CVE-2025-9447,7.8,2025-09-17T14:18:55.093
CVE-2025-9216,0.003290000,0.552680000,0.9474780194354465,2025-12-16,2025-12-16,CVE-2025-9216,8.8,2025-09-17T14:18:55.093
CVE-2025-9215,0.000630000,0.196050000,0.7700138824618232,2025-12-16,2025-12-16,CVE-2025-9215,6.5,2025-09-17T14:18:55.093
CVE-2025-9203,0.000450000,0.139450000,0.561082832022212,2025-12-16,2025-12-16,CVE-2025-9203,6.4,2025-09-17T14:18:55.093
CVE-2025-8394,0.000450000,0.139450000,0.561082832022212,2025-12-16,2025-12-16,CVE-2025-8394,6.4,2025-09-17T14:18:55.093
CVE-2025-8153,0.000700000,0.217840000,0.8010180472003702,2025-12-16,2025-12-16,CVE-2025-8153,,2025-09-17T14:18:55.093
CVE-2025-59518,0.001700000,0.387690000,0.9113836186950486,2025-12-16,2025-12-16,CVE-2025-59518,8.0,2025-09-17T14:18:55.093
CVE-2025-59336,0.000880000,0.257340000,0.8465987968533086,2025-12-16,2025-12-16,CVE-2025-59336,,2025-09-17T14:18:55.093
CVE-2025-59334,0.000790000,0.238440000,0.8287829708468302,2025-12-16,2025-12-16,CVE-2025-59334,8.8,2025-10-08T19:16:13.530
CVE-2025-59307,0.000220000,0.051930000,0.2834335955576122,2025-12-16,2025-12-16,CVE-2025-59307,6.7,2025-09-17T14:18:55.093
CVE-2025-59161,0.002710000,0.503080000,0.9414622859787135,2025-12-16,2025-12-16,CVE-2025-59161,,2025-09-17T14:18:55.093
CVE-2025-59160,0.000730000,0.223320000,0.8128181397501157,2025-12-16,2025-12-16,CVE-2025-59160,,2025-09-17T14:18:55.093
CVE-2025-59050,0.001600000,0.375080000,0.9081443776029616,2025-12-16,2025-12-16,CVE-2025-59050,7.8,2025-10-02T18:54:39.903
CVE-2025-58174,0.000390000,0.115950000,0.4097639981490051,2025-12-16,2025-12-16,CVE-2025-58174,4.6,2025-09-17T14:18:55.093
CVE-2025-58116,0.003870000,0.591730000,0.9576584914391485,2025-12-16,2025-12-16,CVE-2025-58116,7.2,2025-09-17T14:18:55.093
CVE-2025-57631,0.003140000,0.540850000,0.946321147616844,2025-12-16,2025-12-16,CVE-2025-57631,9.8,2025-09-23T16:43:11.133
CVE-2025-57625,0.000800000,0.240960000,0.8331790837575197,2025-12-16,2025-12-16,CVE-2025-57625,8.8,2025-09-17T16:15:36.210
CVE-2025-57624,0.000200000,0.046090000,0.24086071263304026,2025-12-16,2025-12-16,CVE-2025-57624,7.8,2025-09-17T16:15:36.030
CVE-2025-56562,0.000660000,0.205870000,0.7873669597408607,2025-12-16,2025-12-16,CVE-2025-56562,7.5,2025-10-02T19:14:25.537
CVE-2025-56557,0.000460000,0.142370000,0.6200832947709394,2025-12-16,2025-12-16,CVE-2025-56557,9.1,2025-10-02T19:13:02.203
CVE-2025-56264,0.000770000,0.232510000,0.8255437297547432,2025-12-16,2025-12-16,CVE-2025-56264,7.5,2025-09-23T16:44:37.977
CVE-2025-56263,0.000590000,0.185320000,0.7457195742711707,2025-12-16,2025-12-16,CVE-2025-56263,8.8,2025-10-17T14:30:16.710
CVE-2025-55075,0.000460000,0.142710000,0.6200832947709394,2025-12-16,2025-12-16,CVE-2025-55075,4.9,2025-09-17T14:18:55.093
CVE-2025-54391,0.001160000,0.310350000,0.8859324386857936,2025-12-16,2025-12-16,CVE-2025-54391,9.1,2025-09-17T14:18:55.093
CVE-2025-54262,0.000340000,0.093920000,0.3322535863026377,2025-12-16,2025-12-16,CVE-2025-54262,7.8,2025-09-18T13:38:25.510
CVE-2025-54237,0.000290000,0.074920000,0.3167515039333642,2025-12-16,2025-12-16,CVE-2025-54237,5.5,2025-09-18T13:38:39.070
CVE-2025-49728,0.000220000,0.049920000,0.2834335955576122,2025-12-16,2025-12-16,CVE-2025-49728,4.0,2025-10-01T20:31:12.207
CVE-2025-47967,0.000800000,0.240270000,0.8331790837575197,2025-12-16,2025-12-16,CVE-2025-47967,4.7,2025-10-01T20:31:29.220
CVE-2025-43805,0.002140000,0.440390000,0.929199444701527,2025-12-16,2025-12-16,CVE-2025-43805,5.3,2025-12-16T15:05:33.527
CVE-2025-43804,0.000500000,0.154800000,0.6753817677001388,2025-12-16,2025-12-16,CVE-2025-43804,6.1,2025-11-07T19:15:48.340
CVE-2025-43801,0.002110000,0.436430000,0.9289680703378066,2025-12-16,2025-12-16,CVE-2025-43801,7.5,2025-12-12T20:30:21.803
CVE-2025-37131,0.000390000,0.114980000,0.4097639981490051,2025-12-16,2025-12-16,CVE-2025-37131,4.9,2025-09-17T14:18:55.093
CVE-2025-37130,0.000460000,0.140800000,0.6200832947709394,2025-12-16,2025-12-16,CVE-2025-37130,6.5,2025-09-17T14:18:55.093
CVE-2025-37129,0.000220000,0.052810000,0.2834335955576122,2025-12-16,2025-12-16,CVE-2025-37129,6.7,2025-09-17T14:18:55.093
CVE-2025-37128,0.001120000,0.304300000,0.8808422026839426,2025-12-16,2025-12-16,CVE-2025-37128,6.8,2025-09-17T14:18:55.093
CVE-2025-37127,0.000140000,0.018380000,0.04835724201758445,2025-12-16,2025-12-16,CVE-2025-37127,7.2,2025-09-17T14:18:55.093
CVE-2025-37126,0.001600000,0.375020000,0.9081443776029616,2025-12-16,2025-12-16,CVE-2025-37126,7.2,2025-09-17T14:18:55.093
CVE-2025-37125,0.000470000,0.146690000,0.6291068949560389,2025-12-16,2025-12-16,CVE-2025-37125,7.5,2025-09-17T14:18:55.093
CVE-2025-37124,0.000870000,0.255880000,0.8442850532161037,2025-12-16,2025-12-16,CVE-2025-37124,8.6,2025-09-17T14:18:55.093
CVE-2025-37123,0.002370000,0.467060000,0.9354465525219806,2025-12-16,2025-12-16,CVE-2025-37123,8.8,2025-09-17T14:18:55.093
CVE-2025-34187,0.011090000,0.775730000,0.9807959278111985,2025-12-16,2025-12-16,CVE-2025-34187,8.8,2025-09-25T14:51:36.743
CVE-2025-34186,0.009340000,0.755310000,0.9794076816288755,2025-12-16,2025-12-16,CVE-2025-34186,9.8,2025-09-25T14:56:49.430
CVE-2025-34185,0.003550000,0.572000000,0.9523368810735771,2025-12-16,2025-12-16,CVE-2025-34185,7.5,2025-09-25T14:56:39.847
CVE-2025-34184,0.013930000,0.798950000,0.983803794539565,2025-12-16,2025-12-16,CVE-2025-34184,9.8,2025-09-25T14:56:30.853
CVE-2025-34183,0.003630000,0.577860000,0.9537251272559001,2025-12-16,2025-12-16,CVE-2025-34183,7.5,2025-09-25T14:56:22.493
CVE-2025-10589,0.004190000,0.612330000,0.9613604812586766,2025-12-16,2025-12-16,CVE-2025-10589,8.8,2025-09-17T14:18:55.093
CVE-2025-10584,0.000360000,0.103060000,0.3486811661267932,2025-12-16,2025-12-16,CVE-2025-10584,5.4,2025-10-20T05:15:34.917
CVE-2025-10566,0.000480000,0.148500000,0.6385932438685794,2025-12-16,2025-12-16,CVE-2025-10566,6.1,2025-09-18T16:50:58.140
CVE-2025-10565,0.000390000,0.114110000,0.4097639981490051,2025-12-16,2025-12-16,CVE-2025-10565,9.8,2025-09-18T16:51:11.273
CVE-2025-10564,0.000390000,0.114110000,0.4097639981490051,2025-12-16,2025-12-16,CVE-2025-10564,9.8,2025-09-18T16:52:13.770
CVE-2025-10563,0.000160000,0.028380000,0.06293382693197594,2025-12-16,2025-12-16,CVE-2025-10563,9.8,2025-09-22T16:33:35.290
CVE-2025-10562,0.000350000,0.099170000,0.33896344285053215,2025-12-16,2025-12-16,CVE-2025-10562,9.8,2025-09-18T16:50:28.720
CVE-2025-10492,0.003310000,0.554970000,0.9490976399814901,2025-12-16,2025-12-16,CVE-2025-10492,9.8,2025-10-14T15:06:20.363
CVE-2025-10188,0.000180000,0.038790000,0.15131883387320685,2025-12-16,2025-12-16,CVE-2025-10188,5.4,2025-09-17T14:18:55.093
CVE-2025-10166,0.000450000,0.139450000,0.561082832022212,2025-12-16,2025-12-16,CVE-2025-10166,6.4,2025-09-17T14:18:55.093
CVE-2025-10143,0.001270000,0.327580000,0.8947246645071726,2025-12-16,2025-12-16,CVE-2025-10143,7.5,2025-09-17T14:18:55.093
CVE-2025-10125,0.000430000,0.129070000,0.5279962980101804,2025-12-16,2025-12-16,CVE-2025-10125,6.4,2025-09-17T14:18:55.093
CVE-2025-10058,0.003330000,0.556200000,0.9493290143452106,2025-12-16,2025-12-16,CVE-2025-10058,8.1,2025-09-17T14:18:55.093
CVE-2025-10057,0.003610000,0.576370000,0.9534937528921795,2025-12-16,2025-12-16,CVE-2025-10057,8.8,2025-09-17T14:18:55.093
CVE-2025-10050,0.001920000,0.413900000,0.9211013419713096,2025-12-16,2025-12-16,CVE-2025-10050,6.6,2025-09-17T14:18:55.093
CVE-2025-10042,0.001060000,0.294630000,0.8739009717723276,2025-12-16,2025-12-16,CVE-2025-10042,5.9,2025-09-17T14:18:55.093
CVE-2023-53334,0.000200000,0.046310000,0.24086071263304026,2025-12-16,2025-12-16,CVE-2023-53334,5.5,2025-12-10T18:29:48.983
CVE-2023-53333,0.000180000,0.037500000,0.15131883387320685,2025-12-16,2025-12-16,CVE-2023-53333,7.1,2025-12-10T18:29:59.530
CVE-2023-53332,0.000170000,0.034920000,0.09093012494215641,2025-12-16,2025-12-16,CVE-2023-53332,5.5,2025-12-10T18:43:13.343
CVE-2023-53331,0.000170000,0.032990000,0.09093012494215641,2025-12-16,2025-12-16,CVE-2023-53331,7.8,2025-12-10T18:43:07.243
CVE-2023-53330,0.000180000,0.036050000,0.15131883387320685,2025-12-16,2025-12-16,CVE-2023-53330,5.5,2025-12-10T18:42:59.863
CVE-2023-53329,0.000150000,0.022640000,0.05529847292919945,2025-12-16,2025-12-16,CVE-2023-53329,4.7,2025-12-10T18:42:53.693
CVE-2023-53328,0.000210000,0.049490000,0.26862563627950026,2025-12-16,2025-12-16,CVE-2023-53328,5.5,2025-12-10T18:42:45.507
CVE-2023-53327,0.000170000,0.034920000,0.09093012494215641,2025-12-16,2025-12-16,CVE-2023-53327,5.5,2025-12-10T18:42:37.920
CVE-2023-53326,0.000180000,0.035540000,0.15131883387320685,2025-12-16,2025-12-16,CVE-2023-53326,5.5,2025-12-10T18:42:22.080
CVE-2023-53325,0.000170000,0.034920000,0.09093012494215641,2025-12-16,2025-12-16,CVE-2023-53325,5.5,2025-12-10T18:42:16.920
CVE-2023-53324,0.000180000,0.036050000,0.15131883387320685,2025-12-16,2025-12-16,CVE-2023-53324,5.5,2025-12-10T18:42:11.387
CVE-2023-53323,0.000170000,0.034920000,0.09093012494215641,2025-12-16,2025-12-16,CVE-2023-53323,5.5,2025-12-10T18:41:56.307
CVE-2023-53322,0.000210000,0.048730000,0.26862563627950026,2025-12-16,2025-12-16,CVE-2023-53322,7.8,2025-12-10T18:29:26.523
CVE-2023-53321,0.000210000,0.048730000,0.26862563627950026,2025-12-16,2025-12-16,CVE-2023-53321,7.1,2025-12-10T18:40:35.983
CVE-2023-53320,0.000170000,0.035290000,0.09093012494215641,2025-12-16,2025-12-16,CVE-2023-53320,7.8,2025-12-01T21:15:46.453
CVE-2023-53319,0.000190000,0.042720000,0.2038408144377603,2025-12-16,2025-12-16,CVE-2023-53319,5.5,2025-12-01T21:22:28.760
CVE-2023-53318,0.000160000,0.029930000,0.06293382693197594,2025-12-16,2025-12-16,CVE-2023-53318,5.5,2025-12-01T21:22:40.880
CVE-2023-53317,0.000160000,0.029930000,0.06293382693197594,2025-12-16,2025-12-16,CVE-2023-53317,5.5,2025-12-01T21:23:28.940
CVE-2023-53316,0.000180000,0.037500000,0.15131883387320685,2025-12-16,2025-12-16,CVE-2023-53316,7.8,2025-12-01T21:23:37.097
CVE-2023-53315,0.000210000,0.047130000,0.26862563627950026,2025-12-16,2025-12-16,CVE-2023-53315,5.5,2025-12-01T21:23:45.870
CVE-2023-53314,0.000180000,0.036050000,0.15131883387320685,2025-12-16,2025-12-16,CVE-2023-53314,5.5,2025-12-01T21:24:11.990
CVE-2023-53313,0.000170000,0.031130000,0.09093012494215641,2025-12-16,2025-12-16,CVE-2023-53313,5.5,2025-12-01T21:47:30.267
CVE-2023-53312,0.000170000,0.034920000,0.09093012494215641,2025-12-16,2025-12-16,CVE-2023-53312,5.5,2025-12-01T21:47:12.323
CVE-2023-53311,0.000180000,0.037500000,0.15131883387320685,2025-12-16,2025-12-16,CVE-2023-53311,7.8,2025-12-01T21:47:05.500
CVE-2023-53310,0.000140000,0.017370000,0.04835724201758445,2025-12-16,2025-12-16,CVE-2023-53310,4.7,2025-12-01T21:46:56.757
CVE-2023-53309,0.000160000,0.028510000,0.06293382693197594,2025-12-16,2025-12-16,CVE-2023-53309,5.5,2025-12-01T21:46:35.660
CVE-2023-53308,0.000180000,0.037500000,0.15131883387320685,2025-12-16,2025-12-16,CVE-2023-53308,7.8,2025-12-01T21:46:25.467
CVE-2023-53307,0.000180000,0.037500000,0.15131883387320685,2025-12-16,2025-12-16,CVE-2023-53307,7.8,2025-12-01T21:46:18.413
CVE-2023-53306,0.000190000,0.042720000,0.2038408144377603,2025-12-16,2025-12-16,CVE-2023-53306,5.5,2025-12-01T21:46:08.330
CVE-2023-53305,0.000170000,0.031300000,0.09093012494215641,2025-12-16,2025-12-16,CVE-2023-53305,7.8,2025-12-01T21:59:05.670
CVE-2025-9972,0.005430000,0.669380000,0.968995835261453,2025-12-16,2025-12-16,CVE-2025-9972,9.8,2025-09-23T05:15:36.150
CVE-2025-9862,0.000170000,0.033510000,0.09093012494215641,2025-12-16,2025-12-16,CVE-2025-9862,,2025-09-18T13:43:34.310
CVE-2025-9242,0.743700000,0.987860000,0.9997686256362796,2025-12-16,2025-12-16,CVE-2025-9242,9.8,2025-11-14T02:00:02.350
CVE-2025-8999,0.000420000,0.127010000,0.4872744099953725,2025-12-16,2025-12-16,CVE-2025-8999,5.3,2025-09-17T14:18:55.093
CVE-2025-8463,0.000420000,0.127210000,0.4872744099953725,2025-12-16,2025-12-16,CVE-2025-8463,5.3,2025-09-30T14:15:40.773
CVE-2025-8411,0.000450000,0.139800000,0.561082832022212,2025-12-16,2025-12-16,CVE-2025-8411,7.1,2025-09-17T14:18:55.093
CVE-2025-8077,0.001140000,0.308180000,0.8838500694123091,2025-12-16,2025-12-16,CVE-2025-8077,9.8,2025-09-17T14:18:55.093
CVE-2025-59476,0.000940000,0.267470000,0.8556223970384081,2025-12-16,2025-12-16,CVE-2025-59476,5.3,2025-11-04T22:16:35.350
CVE-2025-59475,0.000310000,0.083670000,0.32577510411846367,2025-12-16,2025-12-16,CVE-2025-59475,4.3,2025-11-04T22:16:35.177
CVE-2025-59474,0.003200000,0.545570000,0.9470152707080055,2025-12-16,2025-12-16,CVE-2025-59474,5.3,2025-11-04T22:16:35.030
CVE-2025-59458,0.000020000,0.000260000,0.00046274872744099955,2025-12-16,2025-12-16,CVE-2025-59458,8.3,2025-09-17T14:18:55.093
CVE-2025-59457,0.000020000,0.000450000,0.00046274872744099955,2025-12-16,2025-12-16,CVE-2025-59457,7.7,2025-09-22T17:07:35.593
CVE-2025-59456,0.000020000,0.000480000,0.00046274872744099955,2025-12-16,2025-12-16,CVE-2025-59456,5.5,2025-09-22T17:07:38.200
CVE-2025-59455,0.000010000,0.000160000,0.00023137436372049977,2025-12-16,2025-12-16,CVE-2025-59455,4.2,2025-09-22T17:07:40.623
CVE-2025-57055,0.000530000,0.164900000,0.6982878297084683,2025-12-16,2025-12-16,CVE-2025-57055,6.5,2025-09-23T15:44:52.297
CVE-2025-55904,0.000330000,0.092670000,0.3301712170291532,2025-12-16,2025-12-16,CVE-2025-55904,4.0,2025-09-23T15:45:10.240
CVE-2025-54467,0.000420000,0.127380000,0.4872744099953725,2025-12-16,2025-12-16,CVE-2025-54467,5.3,2025-09-17T14:18:55.093
CVE-2025-54390,0.000190000,0.042750000,0.2038408144377603,2025-12-16,2025-12-16,CVE-2025-54390,6.3,2025-09-18T13:43:34.310
CVE-2025-53884,0.000170000,0.034130000,0.09093012494215641,2025-12-16,2025-12-16,CVE-2025-53884,5.3,2025-09-17T14:18:55.093
CVE-2025-50709,0.000560000,0.174460000,0.7221193891716797,2025-12-16,2025-12-16,CVE-2025-50709,4.3,2025-09-17T15:15:43.073
CVE-2025-40933,0.000460000,0.142370000,0.6200832947709394,2025-12-16,2025-12-16,CVE-2025-40933,7.5,2025-09-18T13:43:34.310
CVE-2025-10602,0.000370000,0.109070000,0.36742248958815366,2025-12-16,2025-12-16,CVE-2025-10602,8.8,2025-09-22T16:36:24.693
CVE-2025-10601,0.000390000,0.114110000,0.4097639981490051,2025-12-16,2025-12-16,CVE-2025-10601,9.8,2025-09-22T14:57:03.260
CVE-2025-10600,0.000620000,0.195470000,0.7639981490050902,2025-12-16,2025-12-16,CVE-2025-10600,9.8,2025-09-22T14:59:32.940
CVE-2025-10599,0.000450000,0.139970000,0.561082832022212,2025-12-16,2025-12-16,CVE-2025-10599,9.8,2025-09-22T15:02:33.920
CVE-2025-10598,0.000390000,0.114110000,0.4097639981490051,2025-12-16,2025-12-16,CVE-2025-10598,9.8,2025-09-22T15:03:33.053
CVE-2025-10597,0.000390000,0.114110000,0.4097639981490051,2025-12-16,2025-12-16,CVE-2025-10597,9.8,2025-10-08T19:07:43.543
CVE-2025-10596,0.000390000,0.114110000,0.4097639981490051,2025-12-16,2025-12-16,CVE-2025-10596,9.8,2025-09-22T15:09:35.777
CVE-2025-10595,0.000370000,0.109070000,0.36742248958815366,2025-12-16,2025-12-16,CVE-2025-10595,8.8,2025-09-22T15:12:09.223
CVE-2025-10594,0.000370000,0.109070000,0.36742248958815366,2025-12-16,2025-12-16,CVE-2025-10594,8.8,2025-09-18T20:23:03.920
CVE-2025-10593,0.000370000,0.109070000,0.36742248958815366,2025-12-16,2025-12-16,CVE-2025-10593,8.8,2025-09-18T20:23:11.810
CVE-2025-10592,0.000370000,0.109070000,0.36742248958815366,2025-12-16,2025-12-16,CVE-2025-10592,8.8,2025-09-22T16:16:56.773
CVE-2025-10591,0.000350000,0.100390000,0.33896344285053215,2025-12-16,2025-12-16,CVE-2025-10591,5.4,2025-09-18T20:23:23.527
CVE-2025-10590,0.000360000,0.102590000,0.3486811661267932,2025-12-16,2025-12-16,CVE-2025-10590,6.1,2025-09-18T20:23:31.590
CVE-2025-10439,0.000460000,0.141020000,0.6200832947709394,2025-12-16,2025-12-16,CVE-2025-10439,9.8,2025-09-17T14:18:55.093
CVE-2025-10205,0.000100000,0.007630000,0.034706154558074964,2025-12-16,2025-12-16,CVE-2025-10205,8.8,2025-09-18T13:43:34.310
CVE-2025-10157,0.001970000,0.419750000,0.922720962517353,2025-12-16,2025-12-16,CVE-2025-10157,7.8,2025-11-13T17:02:36.447
CVE-2025-10156,0.002750000,0.506540000,0.9419250347061545,2025-12-16,2025-12-16,CVE-2025-10156,9.8,2025-10-02T19:04:56.000
CVE-2025-10155,0.001700000,0.387060000,0.9113836186950486,2025-12-16,2025-12-16,CVE-2025-10155,7.8,2025-10-02T19:07:57.567
CVE-2025-0879,0.000570000,0.178140000,0.7279037482646923,2025-12-16,2025-12-16,CVE-2025-0879,4.7,2025-09-17T14:18:55.093
CVE-2025-0546,0.000520000,0.163580000,0.6929662193428968,2025-12-16,2025-12-16,CVE-2025-0546,4.7,2025-09-17T14:18:55.093
CVE-2025-0420,0.000570000,0.178140000,0.7279037482646923,2025-12-16,2025-12-16,CVE-2025-0420,4.7,2025-09-17T14:18:55.093
CVE-2025-0419,0.000570000,0.178140000,0.7279037482646923,2025-12-16,2025-12-16,CVE-2025-0419,4.7,2025-09-17T14:18:55.093
CVE-2024-48842,0.000250000,0.061740000,0.2998611753817677,2025-12-16,2025-12-16,CVE-2024-48842,7.0,2025-09-18T13:43:34.310
CVE-2023-53368,0.000140000,0.017860000,0.04835724201758445,2025-12-16,2025-12-16,CVE-2023-53368,4.7,2025-12-11T18:19:49.070
CVE-2023-53367,0.000190000,0.042720000,0.2038408144377603,2025-12-16,2025-12-16,CVE-2023-53367,5.5,2025-12-11T18:19:54.797
CVE-2023-53366,0.000170000,0.034920000,0.09093012494215641,2025-12-16,2025-12-16,CVE-2023-53366,5.5,2025-12-11T18:20:15.697
CVE-2023-53365,0.000180000,0.036050000,0.15131883387320685,2025-12-16,2025-12-16,CVE-2023-53365,5.5,2025-12-12T16:24:05.650
CVE-2023-53364,0.000190000,0.042720000,0.2038408144377603,2025-12-16,2025-12-16,CVE-2023-53364,5.5,2025-12-11T19:29:13.720
CVE-2023-53363,0.000180000,0.037150000,0.15131883387320685,2025-12-16,2025-12-16,CVE-2023-53363,7.8,2025-12-12T16:26:30.950
CVE-2023-53362,0.000170000,0.034920000,0.09093012494215641,2025-12-16,2025-12-16,CVE-2023-53362,5.5,2025-12-12T16:27:52.643
CVE-2023-53361,0.000170000,0.033770000,0.09093012494215641,2025-12-16,2025-12-16,CVE-2023-53361,5.5,2025-12-12T16:28:31.653
CVE-2023-53360,0.000170000,0.033770000,0.09093012494215641,2025-12-16,2025-12-16,CVE-2023-53360,5.5,2025-12-11T19:30:57.517
CVE-2023-53359,0.000200000,0.046310000,0.24086071263304026,2025-12-16,2025-12-16,CVE-2023-53359,5.5,2025-12-11T19:42:35.823
CVE-2023-53358,0.000180000,0.036070000,0.15131883387320685,2025-12-16,2025-12-16,CVE-2023-53358,7.0,2025-12-12T16:32:52.620
CVE-2023-53357,0.000180000,0.037500000,0.15131883387320685,2025-12-16,2025-12-16,CVE-2023-53357,7.1,2025-12-11T12:49:38.857
CVE-2023-53356,0.000180000,0.035540000,0.15131883387320685,2025-12-16,2025-12-16,CVE-2023-53356,5.5,2025-12-11T12:49:46.850
CVE-2023-53355,0.000170000,0.034920000,0.09093012494215641,2025-12-16,2025-12-16,CVE-2023-53355,5.5,2025-12-11T12:49:54.863
CVE-2023-53354,0.000180000,0.036050000,0.15131883387320685,2025-12-16,2025-12-16,CVE-2023-53354,5.5,2025-12-11T12:50:13.887
CVE-2023-53353,0.000190000,0.042720000,0.2038408144377603,2025-12-16,2025-12-16,CVE-2023-53353,5.5,2025-12-11T12:50:23.880
CVE-2023-53352,0.000180000,0.035540000,0.15131883387320685,2025-12-16,2025-12-16,CVE-2023-53352,5.5,2025-12-11T12:50:36.813
CVE-2023-53351,0.000190000,0.042720000,0.2038408144377603,2025-12-16,2025-12-16,CVE-2023-53351,5.5,2025-12-11T12:50:48.817
CVE-2023-53350,0.000190000,0.042720000,0.2038408144377603,2025-12-16,2025-12-16,CVE-2023-53350,5.5,2025-12-11T12:51:00.250
CVE-2023-53349,0.000180000,0.035540000,0.15131883387320685,2025-12-16,2025-12-16,CVE-2023-53349,5.5,2025-12-11T12:51:11.717
CVE-2023-53348,0.000140000,0.017370000,0.04835724201758445,2025-12-16,2025-12-16,CVE-2023-53348,5.5,2025-12-11T12:51:23.950
CVE-2023-53347,0.000220000,0.050150000,0.2834335955576122,2025-12-16,2025-12-16,CVE-2023-53347,5.5,2025-12-11T12:51:36.563
CVE-2023-53346,0.000210000,0.047550000,0.26862563627950026,2025-12-16,2025-12-16,CVE-2023-53346,5.5,2025-12-11T12:51:49.597
CVE-2023-53345,0.000140000,0.017370000,0.04835724201758445,2025-12-16,2025-12-16,CVE-2023-53345,4.7,2025-12-10T12:49:28.357
CVE-2023-53344,0.000180000,0.036050000,0.15131883387320685,2025-12-16,2025-12-16,CVE-2023-53344,5.5,2025-12-11T12:52:03.213
CVE-2023-53343,0.000180000,0.036050000,0.15131883387320685,2025-12-16,2025-12-16,CVE-2023-53343,5.5,2025-12-11T12:52:16.710
CVE-2023-53342,0.000170000,0.034920000,0.09093012494215641,2025-12-16,2025-12-16,CVE-2023-53342,5.5,2025-12-11T12:52:26.260
CVE-2023-53341,0.000170000,0.034920000,0.09093012494215641,2025-12-16,2025-12-16,CVE-2023-53341,5.5,2025-12-11T12:52:36.960
CVE-2023-53340,0.000170000,0.035290000,0.09093012494215641,2025-12-16,2025-12-16,CVE-2023-53340,7.8,2025-12-11T12:52:52.823
CVE-2023-53339,0.000210000,0.047550000,0.26862563627950026,2025-12-16,2025-12-16,CVE-2023-53339,5.5,2025-12-11T15:45:21.057
CVE-2023-53338,0.000180000,0.037500000,0.15131883387320685,2025-12-16,2025-12-16,CVE-2023-53338,7.8,2025-12-11T15:47:36.010
CVE-2023-53337,0.000200000,0.044880000,0.24086071263304026,2025-12-16,2025-12-16,CVE-2023-53337,5.5,2025-12-11T15:47:24.710
CVE-2023-53336,0.000170000,0.034920000,0.09093012494215641,2025-12-16,2025-12-16,CVE-2023-53336,5.5,2025-12-11T15:46:55.757
CVE-2023-53335,0.000170000,0.033770000,0.09093012494215641,2025-12-16,2025-12-16,CVE-2023-53335,5.5,2025-12-11T15:46:44.250
CVE-2022-50374,0.000180000,0.035540000,0.15131883387320685,2025-12-16,2025-12-16,CVE-2022-50374,5.5,2025-12-11T15:46:35.187
CVE-2022-50373,0.000160000,0.026900000,0.06293382693197594,2025-12-16,2025-12-16,CVE-2022-50373,4.7,2025-12-11T15:46:25.990
CVE-2022-50372,0.000190000,0.042720000,0.2038408144377603,2025-12-16,2025-12-16,CVE-2022-50372,5.5,2025-12-11T15:46:10.847
CVE-2022-50371,0.000140000,0.017370000,0.04835724201758445,2025-12-16,2025-12-16,CVE-2022-50371,5.5,2025-12-12T16:34:14.853
CVE-2022-50370,0.000170000,0.033770000,0.09093012494215641,2025-12-16,2025-12-16,CVE-2022-50370,5.5,2025-12-11T19:28:32.627
CVE-2022-50369,0.000180000,0.035540000,0.15131883387320685,2025-12-16,2025-12-16,CVE-2022-50369,5.5,2025-12-12T16:34:43.237
CVE-2022-50368,0.000210000,0.048290000,0.26862563627950026,2025-12-16,2025-12-16,CVE-2022-50368,7.8,2025-12-12T16:35:51.333
CVE-2022-50367,0.000200000,0.045790000,0.24086071263304026,2025-12-16,2025-12-16,CVE-2022-50367,7.8,2025-12-10T18:23:41.373
CVE-2022-50366,0.000200000,0.045790000,0.24086071263304026,2025-12-16,2025-12-16,CVE-2022-50366,7.1,2025-12-10T18:25:53.000
CVE-2022-50365,0.000170000,0.031130000,0.09093012494215641,2025-12-16,2025-12-16,CVE-2022-50365,5.5,2025-12-10T18:47:12.507
CVE-2022-50364,0.000180000,0.035540000,0.15131883387320685,2025-12-16,2025-12-16,CVE-2022-50364,5.5,2025-12-10T18:29:15.860
CVE-2022-50363,0.000190000,0.042720000,0.2038408144377603,2025-12-16,2025-12-16,CVE-2022-50363,5.5,2025-12-10T18:46:48.340
CVE-2022-50362,0.000180000,0.035540000,0.15131883387320685,2025-12-16,2025-12-16,CVE-2022-50362,5.5,2025-12-10T18:43:30.910
CVE-2022-50361,0.000170000,0.034920000,0.09093012494215641,2025-12-16,2025-12-16,CVE-2022-50361,5.5,2025-12-09T22:22:35.003
CVE-2022-50360,0.000190000,0.042720000,0.2038408144377603,2025-12-16,2025-12-16,CVE-2022-50360,5.5,2025-12-10T17:58:34.443
CVE-2022-50359,0.000200000,0.044880000,0.24086071263304026,2025-12-16,2025-12-16,CVE-2022-50359,5.5,2025-12-09T22:31:39.153
CVE-2022-50358,0.000380000,0.110600000,0.4012031466913466,2025-12-16,2025-12-16,CVE-2022-50358,4.2,2025-12-10T17:01:23.563
CVE-2022-50357,0.000170000,0.034920000,0.09093012494215641,2025-12-16,2025-12-16,CVE-2022-50357,5.5,2025-12-09T22:31:50.740
CVE-2022-50356,0.000170000,0.033770000,0.09093012494215641,2025-12-16,2025-12-16,CVE-2022-50356,5.5,2025-12-10T16:58:15.457
CVE-2022-50355,0.000180000,0.036050000,0.15131883387320685,2025-12-16,2025-12-16,CVE-2022-50355,5.5,2025-12-10T16:58:20.887
CVE-2022-50354,0.000170000,0.034920000,0.09093012494215641,2025-12-16,2025-12-16,CVE-2022-50354,5.5,2025-12-10T16:58:27.507
CVE-2022-50353,0.000180000,0.036050000,0.15131883387320685,2025-12-16,2025-12-16,CVE-2022-50353,5.5,2025-12-10T16:58:33.730
CVE-2025-8942,0.000450000,0.136930000,0.561082832022212,2025-12-16,2025-12-16,CVE-2025-8942,9.1,2025-09-22T18:15:47.370
CVE-2025-8006,0.000440000,0.133530000,0.549976862563628,2025-12-16,2025-12-16,CVE-2025-8006,7.8,2025-09-22T20:40:23.807
CVE-2025-8005,0.000440000,0.133530000,0.549976862563628,2025-12-16,2025-12-16,CVE-2025-8005,7.8,2025-09-22T20:12:02.530
CVE-2025-8004,0.000440000,0.133530000,0.549976862563628,2025-12-16,2025-12-16,CVE-2025-8004,7.8,2025-09-22T20:19:59.650
CVE-2025-8003,0.000440000,0.133530000,0.549976862563628,2025-12-16,2025-12-16,CVE-2025-8003,7.8,2025-09-22T20:19:35.580
CVE-2025-8002,0.000440000,0.133530000,0.549976862563628,2025-12-16,2025-12-16,CVE-2025-8002,7.8,2025-09-22T20:19:03.047
CVE-2025-8001,0.000440000,0.133530000,0.549976862563628,2025-12-16,2025-12-16,CVE-2025-8001,7.8,2025-09-22T20:18:37.620
CVE-2025-8000,0.000440000,0.133530000,0.549976862563628,2025-12-16,2025-12-16,CVE-2025-8000,7.8,2025-09-22T20:20:15.730
CVE-2025-7999,0.000440000,0.133530000,0.549976862563628,2025-12-16,2025-12-16,CVE-2025-7999,7.8,2025-09-22T20:40:30.340
CVE-2025-7998,0.000550000,0.172770000,0.7142526608051828,2025-12-16,2025-12-16,CVE-2025-7998,7.8,2025-09-22T20:40:37.300
CVE-2025-7997,0.000440000,0.133530000,0.549976862563628,2025-12-16,2025-12-16,CVE-2025-7997,7.8,2025-09-22T20:40:43.070
CVE-2025-7996,0.000550000,0.172770000,0.7142526608051828,2025-12-16,2025-12-16,CVE-2025-7996,7.8,2025-09-22T20:40:49.807
CVE-2025-7995,0.000440000,0.133530000,0.549976862563628,2025-12-16,2025-12-16,CVE-2025-7995,7.8,2025-09-22T20:40:54.690
CVE-2025-7994,0.000440000,0.133530000,0.549976862563628,2025-12-16,2025-12-16,CVE-2025-7994,7.8,2025-09-22T20:42:57.193
CVE-2025-7993,0.000440000,0.133530000,0.549976862563628,2025-12-16,2025-12-16,CVE-2025-7993,7.8,2025-09-22T20:42:40.550
CVE-2025-7992,0.000630000,0.197630000,0.7700138824618232,2025-12-16,2025-12-16,CVE-2025-7992,7.8,2025-09-22T20:41:58.777
CVE-2025-7991,0.000630000,0.197630000,0.7700138824618232,2025-12-16,2025-12-16,CVE-2025-7991,7.8,2025-09-22T20:42:08.630
CVE-2025-7990,0.000790000,0.239520000,0.8287829708468302,2025-12-16,2025-12-16,CVE-2025-7990,7.8,2025-09-22T20:42:18.870
CVE-2025-7989,0.000630000,0.197630000,0.7700138824618232,2025-12-16,2025-12-16,CVE-2025-7989,7.8,2025-09-22T20:42:28.860
CVE-2025-7988,0.000790000,0.239520000,0.8287829708468302,2025-12-16,2025-12-16,CVE-2025-7988,7.8,2025-09-22T20:51:49.130
CVE-2025-7987,0.000790000,0.239520000,0.8287829708468302,2025-12-16,2025-12-16,CVE-2025-7987,7.8,2025-09-22T20:51:35.990
CVE-2025-7986,0.000790000,0.239520000,0.8287829708468302,2025-12-16,2025-12-16,CVE-2025-7986,7.8,2025-09-22T20:51:27.197
CVE-2025-7985,0.000630000,0.197630000,0.7700138824618232,2025-12-16,2025-12-16,CVE-2025-7985,7.8,2025-09-22T20:47:31.333
CVE-2025-7984,0.000630000,0.197630000,0.7700138824618232,2025-12-16,2025-12-16,CVE-2025-7984,7.8,2025-09-22T20:47:25.950
CVE-2025-7983,0.000580000,0.181620000,0.7376214715409533,2025-12-16,2025-12-16,CVE-2025-7983,7.8,2025-09-22T20:51:17.560
CVE-2025-7982,0.000630000,0.197630000,0.7700138824618232,2025-12-16,2025-12-16,CVE-2025-7982,7.8,2025-09-22T20:47:20.933
CVE-2025-7981,0.000630000,0.197630000,0.7700138824618232,2025-12-16,2025-12-16,CVE-2025-7981,7.8,2025-09-22T20:51:09.477
CVE-2025-7980,0.000790000,0.239520000,0.8287829708468302,2025-12-16,2025-12-16,CVE-2025-7980,7.8,2025-09-22T20:50:53.870
CVE-2025-7979,0.000580000,0.181620000,0.7376214715409533,2025-12-16,2025-12-16,CVE-2025-7979,7.8,2025-09-22T20:50:47.843
CVE-2025-7978,0.000630000,0.197630000,0.7700138824618232,2025-12-16,2025-12-16,CVE-2025-7978,7.8,2025-09-22T20:50:33.893
CVE-2025-7977,0.000630000,0.197630000,0.7700138824618232,2025-12-16,2025-12-16,CVE-2025-7977,7.8,2025-09-22T20:47:13.527
CVE-2025-59416,0.000580000,0.180670000,0.7376214715409533,2025-12-16,2025-12-16,CVE-2025-59416,,2025-09-18T13:43:34.310
CVE-2025-59415,0.000460000,0.142850000,0.6200832947709394,2025-12-16,2025-12-16,CVE-2025-59415,5.4,2025-10-08T17:15:10.517
CVE-2025-59414,0.000480000,0.149310000,0.6385932438685794,2025-12-16,2025-12-16,CVE-2025-59414,3.1,2025-12-03T18:47:40.983
CVE-2025-59410,0.000180000,0.038770000,0.15131883387320685,2025-12-16,2025-12-16,CVE-2025-59410,3.7,2025-09-18T16:54:11.567
CVE-2025-59354,0.000180000,0.038770000,0.15131883387320685,2025-12-16,2025-12-16,CVE-2025-59354,5.3,2025-09-18T20:08:13.900
CVE-2025-59353,0.000510000,0.159260000,0.6850994909763998,2025-12-16,2025-12-16,CVE-2025-59353,7.5,2025-09-18T20:08:55.557
CVE-2025-59352,0.006410000,0.698770000,0.9724664507172606,2025-12-16,2025-12-16,CVE-2025-59352,9.8,2025-09-18T20:09:03.333
CVE-2025-59351,0.000500000,0.155640000,0.6753817677001388,2025-12-16,2025-12-16,CVE-2025-59351,5.3,2025-09-18T20:09:21.403
CVE-2025-59350,0.000670000,0.208420000,0.7933826931975937,2025-12-16,2025-12-16,CVE-2025-59350,5.3,2025-09-18T20:15:45.780
CVE-2025-59349,0.000180000,0.039130000,0.15131883387320685,2025-12-16,2025-12-16,CVE-2025-59349,3.3,2025-09-18T20:17:51.190
CVE-2025-59348,0.000600000,0.187790000,0.7515039333641832,2025-12-16,2025-12-16,CVE-2025-59348,7.5,2025-09-18T20:18:46.437
CVE-2025-59347,0.000440000,0.134050000,0.549976862563628,2025-12-16,2025-12-16,CVE-2025-59347,6.5,2025-09-18T20:19:08.377
CVE-2025-59346,0.000420000,0.127380000,0.4872744099953725,2025-12-16,2025-12-16,CVE-2025-59346,5.3,2025-09-18T20:20:38.387
CVE-2025-59345,0.000890000,0.259410000,0.8484497917630727,2025-12-16,2025-12-16,CVE-2025-59345,9.1,2025-10-13T16:15:33.740
CVE-2025-59342,0.000250000,0.061900000,0.2998611753817677,2025-12-16,2025-12-16,CVE-2025-59342,,2025-09-18T13:43:34.310
CVE-2025-59341,0.000940000,0.267760000,0.8556223970384081,2025-12-16,2025-12-16,CVE-2025-59341,,2025-09-18T13:43:34.310
CVE-2025-59340,0.004450000,0.627300000,0.9645997223507635,2025-12-16,2025-12-16,CVE-2025-59340,10.0,2025-09-26T13:11:40.227
CVE-2025-59339,0.000100000,0.008680000,0.034706154558074964,2025-12-16,2025-12-16,CVE-2025-59339,4.4,2025-09-18T13:43:34.310
CVE-2025-59304,0.074610000,0.914340000,0.993521517815826,2025-12-16,2025-12-16,CVE-2025-59304,9.8,2025-10-08T18:28:20.703
CVE-2025-58767,0.000200000,0.046120000,0.24086071263304026,2025-12-16,2025-12-16,CVE-2025-58767,5.3,2025-09-30T13:07:07.207
CVE-2025-58766,0.000560000,0.174630000,0.7221193891716797,2025-12-16,2025-12-16,CVE-2025-58766,9.0,2025-09-18T13:43:34.310
CVE-2025-58432,0.000190000,0.040920000,0.2038408144377603,2025-12-16,2025-12-16,CVE-2025-58432,7.8,2025-09-22T14:24:42.423
CVE-2025-58431,0.000240000,0.056430000,0.2940768162887552,2025-12-16,2025-12-16,CVE-2025-58431,6.2,2025-09-22T14:21:36.897
CVE-2025-56648,0.000240000,0.058490000,0.2940768162887552,2025-12-16,2025-12-16,CVE-2025-56648,6.5,2025-09-26T15:06:13.300
CVE-2025-5305,0.000270000,0.067330000,0.3098102730217492,2025-12-16,2025-12-16,CVE-2025-5305,9.8,2025-09-22T18:15:47.090
CVE-2025-37122,0.000540000,0.171000000,0.7084683017121703,2025-12-16,2025-12-16,CVE-2025-37122,6.1,2025-09-18T13:43:34.310
CVE-2025-35436,0.000950000,0.270460000,0.8567792688570106,2025-12-16,2025-12-16,CVE-2025-35436,5.3,2025-09-18T13:43:34.310
CVE-2025-35435,0.001410000,0.349440000,0.9002776492364646,2025-12-16,2025-12-16,CVE-2025-35435,4.3,2025-09-26T14:39:46.340
CVE-2025-35434,0.000370000,0.106330000,0.36742248958815366,2025-12-16,2025-12-16,CVE-2025-35434,9.8,2025-09-23T15:44:11.473
CVE-2025-35433,0.000630000,0.197420000,0.7700138824618232,2025-12-16,2025-12-16,CVE-2025-35433,8.8,2025-09-23T15:43:59.143
CVE-2025-35432,0.001520000,0.364540000,0.9039796390559925,2025-12-16,2025-12-16,CVE-2025-35432,7.5,2025-09-23T15:44:35.963
CVE-2025-35431,0.000640000,0.201630000,0.7783433595557612,2025-12-16,2025-12-16,CVE-2025-35431,5.4,2025-09-26T14:36:09.630
CVE-2025-35430,0.000550000,0.172210000,0.7142526608051828,2025-12-16,2025-12-16,CVE-2025-35430,6.5,2025-10-08T19:01:53.113
CVE-2025-23337,0.000160000,0.028030000,0.06293382693197594,2025-12-16,2025-12-16,CVE-2025-23337,6.7,2025-09-18T13:43:34.310
CVE-2025-23336,0.000870000,0.255180000,0.8442850532161037,2025-12-16,2025-12-16,CVE-2025-23336,7.5,2025-09-25T20:18:06.233
CVE-2025-23329,0.000640000,0.201870000,0.7783433595557612,2025-12-16,2025-12-16,CVE-2025-23329,7.5,2025-09-25T20:18:47.033
CVE-2025-23328,0.000630000,0.196760000,0.7700138824618232,2025-12-16,2025-12-16,CVE-2025-23328,7.5,2025-09-25T20:20:12.717
CVE-2025-23316,0.003550000,0.571800000,0.9523368810735771,2025-12-16,2025-12-16,CVE-2025-23316,9.8,2025-09-25T20:20:35.247
CVE-2025-23268,0.002060000,0.430630000,0.9261915779731605,2025-12-16,2025-12-16,CVE-2025-23268,9.8,2025-10-08T17:13:54.433
CVE-2025-10644,0.019590000,0.830090000,0.9865802869042111,2025-12-16,2025-12-16,CVE-2025-10644,9.4,2025-09-19T12:58:57.850
CVE-2025-10643,0.004360000,0.623200000,0.9636742248958815,2025-12-16,2025-12-16,CVE-2025-10643,9.1,2025-09-19T12:59:05.550
CVE-2025-10642,0.000390000,0.115530000,0.4097639981490051,2025-12-16,2025-12-16,CVE-2025-10642,3.5,2025-09-18T13:43:34.310
CVE-2025-10634,0.000870000,0.255180000,0.8442850532161037,2025-12-16,2025-12-16,CVE-2025-10634,8.8,2025-09-24T18:42:57.803
CVE-2025-10632,0.000370000,0.105910000,0.36742248958815366,2025-12-16,2025-12-16,CVE-2025-10632,5.4,2025-09-20T02:36:46.670
CVE-2025-10631,0.000370000,0.105910000,0.36742248958815366,2025-12-16,2025-12-16,CVE-2025-10631,5.4,2025-09-20T02:37:04.060
CVE-2025-10629,0.000990000,0.283730000,0.8651087459509487,2025-12-16,2025-12-16,CVE-2025-10629,8.8,2025-09-22T18:20:03.387
CVE-2025-10628,0.001470000,0.357300000,0.9023600185099491,2025-12-16,2025-12-16,CVE-2025-10628,8.8,2025-09-22T18:22:33.123
CVE-2025-10627,0.000370000,0.109070000,0.36742248958815366,2025-12-16,2025-12-16,CVE-2025-10627,8.8,2025-09-20T02:37:17.930
CVE-2025-10626,0.000370000,0.109070000,0.36742248958815366,2025-12-16,2025-12-16,CVE-2025-10626,8.8,2025-09-20T02:37:38.330
CVE-2025-10625,0.000370000,0.109070000,0.36742248958815366,2025-12-16,2025-12-16,CVE-2025-10625,8.8,2025-09-20T02:37:49.907
CVE-2025-10624,0.000390000,0.114110000,0.4097639981490051,2025-12-16,2025-12-16,CVE-2025-10624,9.8,2025-09-19T20:39:32.737
CVE-2025-10623,0.000390000,0.114110000,0.4097639981490051,2025-12-16,2025-12-16,CVE-2025-10623,9.8,2025-10-23T20:06:00.793
CVE-2025-10621,0.000390000,0.114110000,0.4097639981490051,2025-12-16,2025-12-16,CVE-2025-10621,9.8,2025-10-23T20:06:00.793
CVE-2025-10620,0.000370000,0.109070000,0.36742248958815366,2025-12-16,2025-12-16,CVE-2025-10620,8.8,2025-09-20T02:34:59.097
CVE-2025-10619,0.013200000,0.793650000,0.9826469227209625,2025-12-16,2025-12-16,CVE-2025-10619,6.3,2025-09-18T14:15:46.077
CVE-2025-10618,0.000370000,0.109070000,0.36742248958815366,2025-12-16,2025-12-16,CVE-2025-10618,8.8,2025-09-20T02:38:32.637
CVE-2025-10617,0.000540000,0.170130000,0.7084683017121703,2025-12-16,2025-12-16,CVE-2025-10617,8.8,2025-09-20T02:40:02.433
CVE-2025-10616,0.000570000,0.177610000,0.7279037482646923,2025-12-16,2025-12-16,CVE-2025-10616,8.8,2025-09-20T02:40:25.440
CVE-2025-10615,0.000570000,0.177610000,0.7279037482646923,2025-12-16,2025-12-16,CVE-2025-10615,8.8,2025-09-20T02:41:09.607
CVE-2025-10614,0.000480000,0.148500000,0.6385932438685794,2025-12-16,2025-12-16,CVE-2025-10614,6.1,2025-09-20T02:41:19.260
CVE-2025-10613,0.000370000,0.109070000,0.36742248958815366,2025-12-16,2025-12-16,CVE-2025-10613,8.8,2025-09-20T02:42:40.163
CVE-2025-10608,0.000480000,0.149700000,0.6385932438685794,2025-12-16,2025-12-16,CVE-2025-10608,8.8,2025-09-18T20:21:44.237
CVE-2025-10607,0.000390000,0.114380000,0.4097639981490051,2025-12-16,2025-12-16,CVE-2025-10607,6.5,2025-09-18T20:22:13.693
CVE-2025-10606,0.000480000,0.148500000,0.6385932438685794,2025-12-16,2025-12-16,CVE-2025-10606,6.1,2025-09-18T20:22:26.783
CVE-2025-10605,0.000480000,0.148500000,0.6385932438685794,2025-12-16,2025-12-16,CVE-2025-10605,6.1,2025-09-18T20:22:40.757
CVE-2025-10604,0.000370000,0.107380000,0.36742248958815366,2025-12-16,2025-12-16,CVE-2025-10604,9.8,2025-09-18T20:22:51.310
CVE-2025-10603,0.000370000,0.107380000,0.36742248958815366,2025-12-16,2025-12-16,CVE-2025-10603,9.8,2025-09-20T02:38:17.343
CVE-2023-49565,0.002270000,0.453960000,0.9335955576122166,2025-12-16,2025-12-16,CVE-2023-49565,8.4,2025-09-18T18:15:37.353
CVE-2023-49564,0.004620000,0.634530000,0.9655252198056455,2025-12-16,2025-12-16,CVE-2023-49564,8.8,2025-09-18T18:15:36.343
CVE-2025-9992,0.000430000,0.130850000,0.5279962980101804,2025-12-16,2025-12-16,CVE-2025-9992,6.4,2025-09-18T13:43:34.310
CVE-2025-9083,0.001200000,0.316950000,0.8891716797778806,2025-12-16,2025-12-16,CVE-2025-9083,9.8,2025-09-22T18:15:47.603
CVE-2025-8565,0.000650000,0.203270000,0.7841277186487737,2025-12-16,2025-12-16,CVE-2025-8565,8.1,2025-09-18T13:43:34.310
CVE-2025-6237,0.001060000,0.293590000,0.8739009717723276,2025-12-16,2025-12-16,CVE-2025-6237,9.8,2025-09-18T14:15:50.343
CVE-2025-4444,0.000700000,0.214710000,0.8010180472003702,2025-12-16,2025-12-16,CVE-2025-4444,3.7,2025-09-19T16:00:27.847
CVE-2025-40678,0.000630000,0.195890000,0.7700138824618232,2025-12-16,2025-12-16,CVE-2025-40678,,2025-09-18T13:43:34.310
CVE-2025-40677,0.000450000,0.137050000,0.561082832022212,2025-12-16,2025-12-16,CVE-2025-40677,,2025-09-18T13:43:34.310
CVE-2025-30187,0.000080000,0.005370000,0.025451180009254976,2025-12-16,2025-12-16,CVE-2025-30187,3.7,2025-11-04T22:16:09.450
CVE-2025-10673,0.000390000,0.114110000,0.4097639981490051,2025-12-16,2025-12-16,CVE-2025-10673,9.8,2025-09-19T20:40:02.263
CVE-2025-10672,0.000290000,0.075850000,0.3167515039333642,2025-12-16,2025-12-16,CVE-2025-10672,7.8,2025-09-19T17:15:44.890
CVE-2025-10671,0.000430000,0.131900000,0.5279962980101804,2025-12-16,2025-12-16,CVE-2025-10671,3.7,2025-09-19T16:00:27.847
CVE-2025-10670,0.000390000,0.114110000,0.4097639981490051,2025-12-16,2025-12-16,CVE-2025-10670,9.8,2025-09-19T20:11:34.523
CVE-2025-10669,0.000500000,0.157410000,0.6753817677001388,2025-12-16,2025-12-16,CVE-2025-10669,6.3,2025-09-19T16:00:27.847
CVE-2025-10668,0.000390000,0.114110000,0.4097639981490051,2025-12-16,2025-12-16,CVE-2025-10668,9.8,2025-09-19T20:12:40.883
CVE-2025-10667,0.000390000,0.114110000,0.4097639981490051,2025-12-16,2025-12-16,CVE-2025-10667,9.8,2025-09-20T02:35:52.853
CVE-2025-10666,0.000910000,0.263810000,0.8509949097639982,2025-12-16,2025-12-16,CVE-2025-10666,9.8,2025-09-19T20:16:31.973
CVE-2025-10665,0.000370000,0.109070000,0.36742248958815366,2025-12-16,2025-12-16,CVE-2025-10665,9.8,2025-10-08T17:07:32.320
CVE-2025-10664,0.000390000,0.114110000,0.4097639981490051,2025-12-16,2025-12-16,CVE-2025-10664,9.8,2025-09-19T20:25:24.843
CVE-2025-10663,0.000370000,0.107380000,0.36742248958815366,2025-12-16,2025-12-16,CVE-2025-10663,9.8,2025-09-20T02:36:03.413
CVE-2025-10662,0.000350000,0.100310000,0.33896344285053215,2025-12-16,2025-12-16,CVE-2025-10662,9.8,2025-09-19T20:30:03.903
CVE-2025-10493,0.000620000,0.194820000,0.7639981490050902,2025-12-16,2025-12-16,CVE-2025-10493,5.3,2025-09-18T13:43:34.310
CVE-2025-10207,0.000870000,0.254940000,0.8442850532161037,2025-12-16,2025-12-16,CVE-2025-10207,7.2,2025-09-18T13:43:34.310
CVE-2025-0547,0.000570000,0.178140000,0.7279037482646923,2025-12-16,2025-12-16,CVE-2025-0547,4.7,2025-09-18T13:43:34.310
CVE-2024-48851,0.003040000,0.532520000,0.9451642757982416,2025-12-16,2025-12-16,CVE-2024-48851,7.2,2025-09-18T13:43:34.310
CVE-2024-25011,0.000450000,0.137090000,0.561082832022212,2025-12-16,2025-12-16,CVE-2024-25011,5.3,2025-09-18T13:43:34.310
CVE-2024-13151,0.000430000,0.132230000,0.5279962980101804,2025-12-16,2025-12-16,CVE-2024-13151,9.8,2025-10-03T13:15:45.463
CVE-2023-53418,0.000200000,0.046310000,0.24086071263304026,2025-12-16,2025-12-16,CVE-2023-53418,5.5,2025-12-11T15:17:39.643
CVE-2023-53417,0.000200000,0.046310000,0.24086071263304026,2025-12-16,2025-12-16,CVE-2023-53417,5.5,2025-12-11T15:17:07.967
CVE-2023-53416,0.000200000,0.046310000,0.24086071263304026,2025-12-16,2025-12-16,CVE-2023-53416,5.5,2025-12-11T15:07:30.063
CVE-2023-53415,0.000200000,0.046310000,0.24086071263304026,2025-12-16,2025-12-16,CVE-2023-53415,5.5,2025-12-11T14:53:20.747
CVE-2023-53414,0.000200000,0.046310000,0.24086071263304026,2025-12-16,2025-12-16,CVE-2023-53414,5.5,2025-12-11T14:52:55.247
CVE-2023-53413,0.000200000,0.046310000,0.24086071263304026,2025-12-16,2025-12-16,CVE-2023-53413,5.5,2025-12-11T14:52:33.060
CVE-2023-53412,0.000200000,0.046310000,0.24086071263304026,2025-12-16,2025-12-16,CVE-2023-53412,5.5,2025-12-11T14:52:11.210
CVE-2023-53411,0.000180000,0.035540000,0.15131883387320685,2025-12-16,2025-12-16,CVE-2023-53411,5.5,2025-12-11T14:51:43.910
CVE-2023-53410,0.000210000,0.046980000,0.26862563627950026,2025-12-16,2025-12-16,CVE-2023-53410,5.5,2025-12-11T14:51:09.013
CVE-2023-53409,0.000200000,0.046310000,0.24086071263304026,2025-12-16,2025-12-16,CVE-2023-53409,5.5,2025-12-11T14:50:51.347
CVE-2023-53408,0.000200000,0.046310000,0.24086071263304026,2025-12-16,2025-12-16,CVE-2023-53408,5.5,2025-12-11T14:50:20.593
CVE-2023-53407,0.000200000,0.046310000,0.24086071263304026,2025-12-16,2025-12-16,CVE-2023-53407,5.5,2025-12-11T13:33:59.053
CVE-2023-53406,0.000200000,0.046310000,0.24086071263304026,2025-12-16,2025-12-16,CVE-2023-53406,5.5,2025-12-12T20:20:23.827
CVE-2023-53405,0.000200000,0.046310000,0.24086071263304026,2025-12-16,2025-12-16,CVE-2023-53405,5.5,2025-12-12T20:26:05.570
CVE-2023-53404,0.000200000,0.046310000,0.24086071263304026,2025-12-16,2025-12-16,CVE-2023-53404,5.5,2025-12-12T20:26:09.863
CVE-2023-53403,0.000200000,0.046310000,0.24086071263304026,2025-12-16,2025-12-16,CVE-2023-53403,5.5,2025-12-12T20:26:15.283
CVE-2023-53402,0.000200000,0.046310000,0.24086071263304026,2025-12-16,2025-12-16,CVE-2023-53402,5.5,2025-12-12T20:26:22.010
CVE-2023-53401,0.000170000,0.034920000,0.09093012494215641,2025-12-16,2025-12-16,CVE-2023-53401,4.7,2025-12-11T19:35:06.960
CVE-2023-53400,0.000210000,0.047550000,0.26862563627950026,2025-12-16,2025-12-16,CVE-2023-53400,5.5,2025-12-12T20:27:21.593
CVE-2023-53399,0.000180000,0.035540000,0.15131883387320685,2025-12-16,2025-12-16,CVE-2023-53399,5.5,2025-12-11T19:33:21.120
CVE-2023-53398,0.000170000,0.035290000,0.09093012494215641,2025-12-16,2025-12-16,CVE-2023-53398,7.8,2025-12-12T20:33:30.900
CVE-2023-53397,0.000180000,0.036050000,0.15131883387320685,2025-12-16,2025-12-16,CVE-2023-53397,5.5,2025-12-12T20:38:34.180
CVE-2023-53396,0.000180000,0.035540000,0.15131883387320685,2025-12-16,2025-12-16,CVE-2023-53396,5.5,2025-12-12T20:38:38.560
CVE-2023-53395,0.000210000,0.048730000,0.26862563627950026,2025-12-16,2025-12-16,CVE-2023-53395,7.8,2025-12-12T19:40:36.827
CVE-2023-53394,0.000190000,0.042720000,0.2038408144377603,2025-12-16,2025-12-16,CVE-2023-53394,5.5,2025-12-12T19:40:30.810
CVE-2023-53393,0.000170000,0.033770000,0.09093012494215641,2025-12-16,2025-12-16,CVE-2023-53393,5.5,2025-12-12T19:35:11.267
CVE-2023-53392,0.000250000,0.060530000,0.2998611753817677,2025-12-16,2025-12-16,CVE-2023-53392,,2025-09-19T16:00:27.847
CVE-2023-53391,0.000180000,0.035540000,0.15131883387320685,2025-12-16,2025-12-16,CVE-2023-53391,5.5,2025-12-12T19:33:09.020
CVE-2023-53390,0.000200000,0.046310000,0.24086071263304026,2025-12-16,2025-12-16,CVE-2023-53390,5.5,2025-12-12T19:23:22.283
CVE-2023-53389,0.000170000,0.033770000,0.09093012494215641,2025-12-16,2025-12-16,CVE-2023-53389,5.5,2025-12-11T18:20:43.023
CVE-2023-53388,0.000180000,0.037500000,0.15131883387320685,2025-12-16,2025-12-16,CVE-2023-53388,7.8,2025-12-11T18:20:47.977
CVE-2023-53387,0.000210000,0.046980000,0.26862563627950026,2025-12-16,2025-12-16,CVE-2023-53387,5.5,2025-12-11T18:20:53.407
CVE-2023-53386,0.000180000,0.037500000,0.15131883387320685,2025-12-16,2025-12-16,CVE-2023-53386,7.8,2025-12-11T18:20:58.587
CVE-2023-53385,0.000170000,0.034920000,0.09093012494215641,2025-12-16,2025-12-16,CVE-2023-53385,5.5,2025-12-11T18:21:06.673
CVE-2023-53384,0.000170000,0.031130000,0.09093012494215641,2025-12-16,2025-12-16,CVE-2023-53384,5.5,2025-12-11T18:21:12.990
CVE-2023-53383,0.000210000,0.046980000,0.26862563627950026,2025-12-16,2025-12-16,CVE-2023-53383,5.5,2025-12-11T18:21:18.657
CVE-2023-53382,0.000170000,0.034920000,0.09093012494215641,2025-12-16,2025-12-16,CVE-2023-53382,5.5,2025-12-11T18:21:28.060
CVE-2023-53381,0.000180000,0.035540000,0.15131883387320685,2025-12-16,2025-12-16,CVE-2023-53381,5.5,2025-12-11T18:21:36.503
CVE-2023-53380,0.000180000,0.036050000,0.15131883387320685,2025-12-16,2025-12-16,CVE-2023-53380,5.5,2025-12-11T18:21:49.033
CVE-2023-53379,0.000180000,0.036050000,0.15131883387320685,2025-12-16,2025-12-16,CVE-2023-53379,5.5,2025-12-12T18:08:01.720
CVE-2023-53378,0.000170000,0.034920000,0.09093012494215641,2025-12-16,2025-12-16,CVE-2023-53378,5.5,2025-12-12T18:08:09.993
CVE-2023-53377,0.000180000,0.037150000,0.15131883387320685,2025-12-16,2025-12-16,CVE-2023-53377,7.8,2025-12-12T18:08:16.387
CVE-2023-53376,0.000170000,0.035290000,0.09093012494215641,2025-12-16,2025-12-16,CVE-2023-53376,7.1,2025-12-12T17:42:11.947
CVE-2023-53375,0.000180000,0.036050000,0.15131883387320685,2025-12-16,2025-12-16,CVE-2023-53375,5.5,2025-12-12T17:42:03.980
CVE-2023-53374,0.000170000,0.035290000,0.09093012494215641,2025-12-16,2025-12-16,CVE-2023-53374,7.8,2025-12-12T17:27:35.810
CVE-2023-53373,0.000180000,0.037500000,0.15131883387320685,2025-12-16,2025-12-16,CVE-2023-53373,7.8,2025-12-12T17:19:01.900
CVE-2023-53372,0.000180000,0.037500000,0.15131883387320685,2025-12-16,2025-12-16,CVE-2023-53372,7.8,2025-12-12T17:17:26.880
CVE-2023-53371,0.000170000,0.034920000,0.09093012494215641,2025-12-16,2025-12-16,CVE-2023-53371,5.5,2025-12-12T17:17:08.037
CVE-2023-53370,0.000170000,0.034920000,0.09093012494215641,2025-12-16,2025-12-16,CVE-2023-53370,5.5,2025-12-12T17:12:24.280
CVE-2023-53369,0.000180000,0.036050000,0.15131883387320685,2025-12-16,2025-12-16,CVE-2023-53369,5.5,2025-12-12T19:23:14.043
CVE-2022-50400,0.000220000,0.050710000,0.2834335955576122,2025-12-16,2025-12-16,CVE-2022-50400,5.5,2025-12-12T20:38:43.723
CVE-2022-50399,0.000170000,0.033770000,0.09093012494215641,2025-12-16,2025-12-16,CVE-2022-50399,5.5,2025-12-12T20:38:52.410
CVE-2022-50398,0.000190000,0.042720000,0.2038408144377603,2025-12-16,2025-12-16,CVE-2022-50398,5.5,2025-12-12T20:39:28.520
CVE-2022-50396,0.000160000,0.028170000,0.06293382693197594,2025-12-16,2025-12-16,CVE-2022-50396,5.5,2025-12-11T20:00:18.753
CVE-2022-50395,0.000180000,0.036050000,0.15131883387320685,2025-12-16,2025-12-16,CVE-2022-50395,5.5,2025-12-11T19:52:09.890
CVE-2022-50394,0.000170000,0.032990000,0.09093012494215641,2025-12-16,2025-12-16,CVE-2022-50394,7.1,2025-12-12T20:39:36.837
CVE-2022-50393,0.000170000,0.034920000,0.09093012494215641,2025-12-16,2025-12-16,CVE-2022-50393,5.5,2025-12-12T20:51:23.297
CVE-2022-50392,0.000170000,0.033770000,0.09093012494215641,2025-12-16,2025-12-16,CVE-2022-50392,5.5,2025-12-12T15:11:21.083
CVE-2022-50391,0.000170000,0.034920000,0.09093012494215641,2025-12-16,2025-12-16,CVE-2022-50391,5.5,2025-12-11T19:45:20.027
CVE-2022-50390,0.000170000,0.034920000,0.09093012494215641,2025-12-16,2025-12-16,CVE-2022-50390,5.5,2025-12-12T15:13:59.970
CVE-2022-50389,0.000180000,0.036050000,0.15131883387320685,2025-12-16,2025-12-16,CVE-2022-50389,5.5,2025-12-11T19:44:24.090
CVE-2022-50388,0.000180000,0.035540000,0.15131883387320685,2025-12-16,2025-12-16,CVE-2022-50388,5.5,2025-12-11T19:32:37.487
CVE-2022-50387,0.000170000,0.033770000,0.09093012494215641,2025-12-16,2025-12-16,CVE-2022-50387,5.5,2025-12-11T19:43:24.317
CVE-2022-50386,0.001050000,0.293300000,0.8729754743174456,2025-12-16,2025-12-16,CVE-2022-50386,8.0,2025-12-12T16:19:41.690
CVE-2022-50385,0.000180000,0.035540000,0.15131883387320685,2025-12-16,2025-12-16,CVE-2022-50385,5.5,2025-12-12T16:20:35.043
CVE-2022-50384,0.000170000,0.032990000,0.09093012494215641,2025-12-16,2025-12-16,CVE-2022-50384,7.8,2025-12-12T16:21:46.967
CVE-2022-50383,0.000170000,0.034920000,0.09093012494215641,2025-12-16,2025-12-16,CVE-2022-50383,5.5,2025-12-11T18:18:51.143
CVE-2022-50382,0.000140000,0.017590000,0.04835724201758445,2025-12-16,2025-12-16,CVE-2022-50382,5.5,2025-12-11T18:18:57.397
CVE-2022-50381,0.000200000,0.044880000,0.24086071263304026,2025-12-16,2025-12-16,CVE-2022-50381,5.5,2025-12-11T18:19:04.640
CVE-2022-50380,0.000180000,0.036050000,0.15131883387320685,2025-12-16,2025-12-16,CVE-2022-50380,5.5,2025-12-11T18:19:10.857
CVE-2022-50379,0.000160000,0.028260000,0.06293382693197594,2025-12-16,2025-12-16,CVE-2022-50379,4.7,2025-12-11T18:19:19.170
CVE-2022-50378,0.000180000,0.037150000,0.15131883387320685,2025-12-16,2025-12-16,CVE-2022-50378,7.8,2025-12-11T18:19:28.173
CVE-2022-50376,0.000180000,0.036050000,0.15131883387320685,2025-12-16,2025-12-16,CVE-2022-50376,5.5,2025-12-11T18:19:34.487
CVE-2022-50375,0.000180000,0.036050000,0.15131883387320685,2025-12-16,2025-12-16,CVE-2022-50375,5.5,2025-12-11T18:19:41.440
CVE-2025-8487,0.000500000,0.156650000,0.6753817677001388,2025-12-16,2025-12-16,CVE-2025-8487,5.4,2025-09-19T16:00:27.847
CVE-2025-7937,0.000250000,0.059440000,0.2998611753817677,2025-12-16,2025-12-16,CVE-2025-7937,7.2,2025-09-25T10:15:31.877
CVE-2025-6198,0.000280000,0.071480000,0.3125867653863952,2025-12-16,2025-12-16,CVE-2025-6198,7.2,2025-09-25T10:15:31.670
CVE-2025-59717,0.000590000,0.186530000,0.7457195742711707,2025-12-16,2025-12-16,CVE-2025-59717,9.8,2025-10-08T16:23:30.987
CVE-2025-59715,0.000370000,0.107620000,0.36742248958815366,2025-12-16,2025-12-16,CVE-2025-59715,5.4,2025-09-23T16:55:58.423
CVE-2025-59714,0.000410000,0.123040000,0.475937066173068,2025-12-16,2025-12-16,CVE-2025-59714,4.9,2025-10-08T16:24:24.873
CVE-2025-59713,0.000220000,0.051610000,0.2834335955576122,2025-12-16,2025-12-16,CVE-2025-59713,8.1,2025-09-23T16:57:34.403
CVE-2025-59712,0.000130000,0.015640000,0.04349838037945396,2025-12-16,2025-12-16,CVE-2025-59712,5.4,2025-09-23T16:57:45.443
CVE-2025-59692,0.000430000,0.131180000,0.5279962980101804,2025-12-16,2025-12-16,CVE-2025-59692,3.7,2025-09-19T16:00:27.847
CVE-2025-59691,0.000410000,0.123170000,0.475937066173068,2025-12-16,2025-12-16,CVE-2025-59691,3.7,2025-09-19T16:00:27.847
CVE-2025-5955,0.002660000,0.498870000,0.9409995372512726,2025-12-16,2025-12-16,CVE-2025-5955,8.1,2025-09-19T16:00:27.847
CVE-2025-59424,0.000460000,0.140280000,0.6200832947709394,2025-12-16,2025-12-16,CVE-2025-59424,7.3,2025-10-06T15:03:32.200
CVE-2025-59421,0.000630000,0.197520000,0.7700138824618232,2025-12-16,2025-12-16,CVE-2025-59421,,2025-09-19T16:00:27.847
CVE-2025-59417,0.001090000,0.299050000,0.8773715872281351,2025-12-16,2025-12-16,CVE-2025-59417,6.1,2025-09-25T15:32:15.280
CVE-2025-59220,0.000470000,0.144670000,0.6291068949560389,2025-12-16,2025-12-16,CVE-2025-59220,7.0,2025-09-25T15:53:26.307
CVE-2025-59216,0.000470000,0.144670000,0.6291068949560389,2025-12-16,2025-12-16,CVE-2025-59216,7.0,2025-09-25T15:53:03.740
CVE-2025-59215,0.000600000,0.189640000,0.7515039333641832,2025-12-16,2025-12-16,CVE-2025-59215,7.0,2025-09-25T15:52:47.320
CVE-2025-59040,0.000300000,0.080150000,0.3216103655714947,2025-12-16,2025-12-16,CVE-2025-59040,4.3,2025-09-19T16:00:27.847
CVE-2025-57452,0.000390000,0.117850000,0.4097639981490051,2025-12-16,2025-12-16,CVE-2025-57452,6.1,2025-10-08T17:04:29.033
CVE-2025-57295,0.000710000,0.219630000,0.8047200370198982,2025-12-16,2025-12-16,CVE-2025-57295,8.0,2025-10-03T17:23:12.650
CVE-2025-57293,0.001260000,0.327130000,0.8940305414160111,2025-12-16,2025-12-16,CVE-2025-57293,8.8,2025-10-03T17:24:46.327
CVE-2025-55912,0.052110000,0.895650000,0.992133271633503,2025-12-16,2025-12-16,CVE-2025-55912,7.3,2025-10-31T17:14:53.060
CVE-2025-55911,0.020330000,0.833100000,0.987043035631652,2025-12-16,2025-12-16,CVE-2025-55911,6.5,2025-10-31T17:13:54.607
CVE-2025-55068,0.001070000,0.295340000,0.8755205923183711,2025-12-16,2025-12-16,CVE-2025-55068,8.2,2025-09-19T16:00:27.847
CVE-2025-54860,0.000210000,0.048860000,0.26862563627950026,2025-12-16,2025-12-16,CVE-2025-54860,7.7,2025-09-19T16:00:27.847
CVE-2025-54818,0.000100000,0.007530000,0.034706154558074964,2025-12-16,2025-12-16,CVE-2025-54818,8.0,2025-09-19T16:00:27.847
CVE-2025-54810,0.000220000,0.050660000,0.2834335955576122,2025-12-16,2025-12-16,CVE-2025-54810,8.0,2025-09-19T16:00:27.847
CVE-2025-54807,0.001250000,0.325960000,0.8926422952336881,2025-12-16,2025-12-16,CVE-2025-54807,9.8,2025-09-19T16:00:27.847
CVE-2025-54754,0.000350000,0.098310000,0.33896344285053215,2025-12-16,2025-12-16,CVE-2025-54754,8.0,2025-09-19T16:00:27.847
CVE-2025-54497,0.000840000,0.250220000,0.8391948172142527,2025-12-16,2025-12-16,CVE-2025-54497,8.1,2025-09-19T16:00:27.847
CVE-2025-53969,0.001230000,0.321750000,0.8910226746876446,2025-12-16,2025-12-16,CVE-2025-53969,8.8,2025-09-19T16:00:27.847
CVE-2025-53947,0.000190000,0.040590000,0.2038408144377603,2025-12-16,2025-12-16,CVE-2025-53947,7.7,2025-09-19T16:00:27.847
CVE-2025-52873,0.000840000,0.250220000,0.8391948172142527,2025-12-16,2025-12-16,CVE-2025-52873,8.1,2025-09-19T16:00:27.847
CVE-2025-50255,0.000090000,0.006510000,0.03077279037482647,2025-12-16,2025-12-16,CVE-2025-50255,7.8,2025-09-19T16:00:27.847
CVE-2025-47906,0.000200000,0.045760000,0.24086071263304026,2025-12-16,2025-12-16,CVE-2025-47906,6.5,2025-11-04T22:16:16.207
CVE-2025-47698,0.000150000,0.022530000,0.05529847292919945,2025-12-16,2025-12-16,CVE-2025-47698,,2025-09-19T16:00:27.847
CVE-2025-36146,0.000390000,0.113370000,0.4097639981490051,2025-12-16,2025-12-16,CVE-2025-36146,4.3,2025-09-25T15:52:20.303
CVE-2025-36143,0.000480000,0.149520000,0.6385932438685794,2025-12-16,2025-12-16,CVE-2025-36143,7.2,2025-09-25T15:50:10.570
CVE-2025-36139,0.000340000,0.094010000,0.3322535863026377,2025-12-16,2025-12-16,CVE-2025-36139,4.8,2025-09-25T16:16:36.910
CVE-2025-30755,0.000440000,0.134210000,0.549976862563628,2025-12-16,2025-12-16,CVE-2025-30755,6.1,2025-09-22T14:25:46.860
CVE-2025-30519,0.000620000,0.194700000,0.7639981490050902,2025-12-16,2025-12-16,CVE-2025-30519,9.8,2025-09-19T16:00:27.847
CVE-2025-26503,0.000210000,0.048260000,0.26862563627950026,2025-12-16,2025-12-16,CVE-2025-26503,6.7,2025-09-19T16:00:27.847
CVE-2025-10690,0.002350000,0.462680000,0.93521517815826,2025-12-16,2025-12-16,CVE-2025-10690,9.8,2025-09-19T16:00:27.847
CVE-2025-10689,0.001090000,0.298850000,0.8773715872281351,2025-12-16,2025-12-16,CVE-2025-10689,9.8,2025-10-03T17:26:40.087
CVE-2025-10688,0.000390000,0.114110000,0.4097639981490051,2025-12-16,2025-12-16,CVE-2025-10688,9.8,2025-09-30T15:11:56.390
CVE-2025-10687,0.000390000,0.114110000,0.4097639981490051,2025-12-16,2025-12-16,CVE-2025-10687,9.8,2025-09-19T20:42:37.463
CVE-2025-10676,0.000350000,0.097600000,0.33896344285053215,2025-12-16,2025-12-16,CVE-2025-10676,4.3,2025-10-03T17:28:53.917
CVE-2025-10675,0.000350000,0.097600000,0.33896344285053215,2025-12-16,2025-12-16,CVE-2025-10675,4.3,2025-10-03T17:29:59.983
CVE-2025-10674,0.000350000,0.097600000,0.33896344285053215,2025-12-16,2025-12-16,CVE-2025-10674,4.3,2025-10-03T17:30:46.123
CVE-2025-10650,0.000580000,0.180670000,0.7376214715409533,2025-12-16,2025-12-16,CVE-2025-10650,,2025-09-19T16:00:27.847
CVE-2025-10146,0.001340000,0.338510000,0.8975011568718186,2025-12-16,2025-12-16,CVE-2025-10146,6.1,2025-09-19T16:00:27.847
CVE-2025-10035,0.577540000,0.980650000,0.9979176307265155,2025-12-16,2025-12-16,CVE-2025-10035,9.8,2025-10-24T13:44:10.740
CVE-2023-53447,0.000150000,0.022640000,0.05529847292919945,2025-12-16,2025-12-16,CVE-2023-53447,4.7,2025-12-12T21:27:50.427
CVE-2023-53446,0.000240000,0.057020000,0.2940768162887552,2025-12-16,2025-12-16,CVE-2023-53446,7.8,2025-12-12T21:27:40.697
CVE-2023-53445,0.000180000,0.035540000,0.15131883387320685,2025-12-16,2025-12-16,CVE-2023-53445,5.5,2025-12-12T21:27:30.097
CVE-2023-53444,0.000170000,0.034920000,0.09093012494215641,2025-12-16,2025-12-16,CVE-2023-53444,5.5,2025-12-12T21:27:24.997
CVE-2023-53443,0.000210000,0.047550000,0.26862563627950026,2025-12-16,2025-12-16,CVE-2023-53443,5.5,2025-12-12T21:27:20.340
CVE-2023-53442,0.000170000,0.034920000,0.09093012494215641,2025-12-16,2025-12-16,CVE-2023-53442,5.5,2025-12-11T15:30:25.867
CVE-2023-53441,0.000170000,0.033770000,0.09093012494215641,2025-12-16,2025-12-16,CVE-2023-53441,5.5,2025-12-11T15:29:40.137
CVE-2023-53440,0.000180000,0.036050000,0.15131883387320685,2025-12-16,2025-12-16,CVE-2023-53440,5.5,2025-12-11T15:32:26.850
CVE-2023-53439,0.000170000,0.034920000,0.09093012494215641,2025-12-16,2025-12-16,CVE-2023-53439,5.5,2025-12-12T21:27:10.777
CVE-2023-53438,0.000200000,0.046310000,0.24086071263304026,2025-12-16,2025-12-16,CVE-2023-53438,5.5,2025-12-11T15:52:32.990
CVE-2023-53437,0.000210000,0.047550000,0.26862563627950026,2025-12-16,2025-12-16,CVE-2023-53437,5.5,2025-12-11T15:51:29.907
CVE-2023-53436,0.000180000,0.036050000,0.15131883387320685,2025-12-16,2025-12-16,CVE-2023-53436,5.5,2025-12-11T15:50:22.490
CVE-2023-53435,0.000180000,0.036050000,0.15131883387320685,2025-12-16,2025-12-16,CVE-2023-53435,5.5,2025-12-11T15:36:10.040
CVE-2023-53434,0.000170000,0.034920000,0.09093012494215641,2025-12-16,2025-12-16,CVE-2023-53434,5.5,2025-12-12T21:27:05.440
CVE-2023-53433,0.000180000,0.036050000,0.15131883387320685,2025-12-16,2025-12-16,CVE-2023-53433,5.5,2025-12-12T21:26:42.650
CVE-2023-53432,0.000210000,0.048390000,0.26862563627950026,2025-12-16,2025-12-16,CVE-2023-53432,7.8,2025-12-11T15:23:42.840
CVE-2023-53431,0.000180000,0.036050000,0.15131883387320685,2025-12-16,2025-12-16,CVE-2023-53431,5.5,2025-12-11T15:25:41.940
CVE-2023-53430,0.000190000,0.042720000,0.2038408144377603,2025-12-16,2025-12-16,CVE-2023-53430,5.5,2025-12-11T15:28:07.603
CVE-2023-53429,0.000230000,0.053150000,0.2892179546506247,2025-12-16,2025-12-16,CVE-2023-53429,5.5,2025-12-11T15:29:23.030
CVE-2023-53428,0.000170000,0.034920000,0.09093012494215641,2025-12-16,2025-12-16,CVE-2023-53428,5.5,2025-12-11T15:31:49.097
CVE-2023-53427,0.000180000,0.037500000,0.15131883387320685,2025-12-16,2025-12-16,CVE-2023-53427,7.8,2025-12-11T15:34:50.587
CVE-2023-53426,0.000180000,0.037150000,0.15131883387320685,2025-12-16,2025-12-16,CVE-2023-53426,7.8,2025-12-11T14:18:15.260
CVE-2023-53425,0.000210000,0.047550000,0.26862563627950026,2025-12-16,2025-12-16,CVE-2023-53425,5.5,2025-12-11T13:57:32.473
CVE-2023-53424,0.000170000,0.034920000,0.09093012494215641,2025-12-16,2025-12-16,CVE-2023-53424,5.5,2025-12-11T13:49:08.397
CVE-2023-53423,0.000180000,0.035540000,0.15131883387320685,2025-12-16,2025-12-16,CVE-2023-53423,5.5,2025-12-11T13:48:17.987
CVE-2023-53422,0.000180000,0.036050000,0.15131883387320685,2025-12-16,2025-12-16,CVE-2023-53422,5.5,2025-12-11T15:19:24.283
CVE-2023-53421,0.000170000,0.034920000,0.09093012494215641,2025-12-16,2025-12-16,CVE-2023-53421,5.5,2025-12-11T13:46:29.170
CVE-2023-53420,0.000180000,0.037150000,0.15131883387320685,2025-12-16,2025-12-16,CVE-2023-53420,7.1,2025-12-11T13:45:07.183
CVE-2023-53419,0.000220000,0.050710000,0.2834335955576122,2025-12-16,2025-12-16,CVE-2023-53419,5.5,2025-12-11T15:18:35.137
CVE-2023-49367,0.000530000,0.167670000,0.6982878297084683,2025-12-16,2025-12-16,CVE-2023-49367,8.8,2025-09-19T16:00:27.847
CVE-2022-50419,0.000200000,0.045790000,0.24086071263304026,2025-12-16,2025-12-16,CVE-2022-50419,7.8,2025-12-12T19:40:46.993
CVE-2022-50418,0.000170000,0.034920000,0.09093012494215641,2025-12-16,2025-12-16,CVE-2022-50418,5.5,2025-12-12T19:40:41.647
CVE-2022-50417,0.000180000,0.037150000,0.15131883387320685,2025-12-16,2025-12-16,CVE-2022-50417,7.8,2025-12-12T16:48:10.530
CVE-2022-50416,0.000170000,0.033770000,0.09093012494215641,2025-12-16,2025-12-16,CVE-2022-50416,5.5,2025-12-12T16:49:16.217
CVE-2022-50415,0.000200000,0.044880000,0.24086071263304026,2025-12-16,2025-12-16,CVE-2022-50415,5.5,2025-12-12T16:49:36.770
CVE-2022-50414,0.000170000,0.031130000,0.09093012494215641,2025-12-16,2025-12-16,CVE-2022-50414,5.5,2025-12-12T16:50:12.070
CVE-2022-50413,0.000190000,0.042980000,0.2038408144377603,2025-12-16,2025-12-16,CVE-2022-50413,7.8,2025-12-12T16:51:17.467
CVE-2022-50412,0.000180000,0.038510000,0.15131883387320685,2025-12-16,2025-12-16,CVE-2022-50412,7.8,2025-12-12T17:05:32.160
CVE-2022-50411,0.000200000,0.045790000,0.24086071263304026,2025-12-16,2025-12-16,CVE-2022-50411,7.8,2025-12-12T17:05:59.670
CVE-2022-50410,0.000210000,0.048390000,0.26862563627950026,2025-12-16,2025-12-16,CVE-2022-50410,7.8,2025-12-11T14:37:26.387
CVE-2022-50409,0.000210000,0.047550000,0.26862563627950026,2025-12-16,2025-12-16,CVE-2022-50409,5.5,2025-12-11T14:46:47.490
CVE-2022-50408,0.000210000,0.048730000,0.26862563627950026,2025-12-16,2025-12-16,CVE-2022-50408,7.8,2025-12-11T14:50:50.747
CVE-2022-50407,0.000170000,0.034920000,0.09093012494215641,2025-12-16,2025-12-16,CVE-2022-50407,5.5,2025-12-11T15:01:30.803
CVE-2022-50406,0.000210000,0.046970000,0.26862563627950026,2025-12-16,2025-12-16,CVE-2022-50406,7.8,2025-12-11T15:04:13.867
CVE-2022-50405,0.000170000,0.031130000,0.09093012494215641,2025-12-16,2025-12-16,CVE-2022-50405,5.5,2025-12-11T15:04:48.433
CVE-2022-50404,0.000170000,0.033770000,0.09093012494215641,2025-12-16,2025-12-16,CVE-2022-50404,5.5,2025-12-11T15:06:28.663
CVE-2022-50402,0.000180000,0.036050000,0.15131883387320685,2025-12-16,2025-12-16,CVE-2022-50402,5.5,2025-12-11T15:09:22.330
CVE-2022-50401,0.000170000,0.032990000,0.09093012494215641,2025-12-16,2025-12-16,CVE-2022-50401,7.8,2025-12-11T15:12:19.067
CVE-2025-9969,0.000440000,0.135430000,0.549976862563628,2025-12-16,2025-12-16,CVE-2025-9969,7.1,2025-09-19T16:00:27.847
CVE-2025-9906,0.000500000,0.155570000,0.6753817677001388,2025-12-16,2025-12-16,CVE-2025-9906,7.3,2025-09-23T16:53:28.170
CVE-2025-9905,0.000060000,0.002720000,0.01064322073114299,2025-12-16,2025-12-16,CVE-2025-9905,7.3,2025-09-23T16:53:40.050
CVE-2025-8664,0.000450000,0.139800000,0.561082832022212,2025-12-16,2025-12-16,CVE-2025-8664,6.3,2025-09-19T16:00:27.847
CVE-2025-8532,0.000160000,0.028320000,0.06293382693197594,2025-12-16,2025-12-16,CVE-2025-8532,6.4,2025-09-30T14:15:40.880
CVE-2025-8531,0.002520000,0.483990000,0.9386857936140676,2025-12-16,2025-12-16,CVE-2025-8531,6.8,2025-09-24T06:15:47.653
CVE-2025-7702,0.000380000,0.112620000,0.4012031466913466,2025-12-16,2025-12-16,CVE-2025-7702,4.7,2025-09-19T16:00:27.847
CVE-2025-7665,0.001090000,0.299550000,0.8773715872281351,2025-12-16,2025-12-16,CVE-2025-7665,8.1,2025-09-19T16:00:27.847
CVE-2025-7403,0.000200000,0.045900000,0.24086071263304026,2025-12-16,2025-12-16,CVE-2025-7403,6.5,2025-10-29T18:05:53.470
CVE-2025-5948,0.001470000,0.356660000,0.9023600185099491,2025-12-16,2025-12-16,CVE-2025-5948,9.8,2025-09-19T16:00:27.847
CVE-2025-59427,0.000630000,0.198770000,0.7700138824618232,2025-12-16,2025-12-16,CVE-2025-59427,,2025-09-22T21:23:01.543
CVE-2025-59344,0.000420000,0.125150000,0.4872744099953725,2025-12-16,2025-12-16,CVE-2025-59344,7.7,2025-09-22T21:23:01.543
CVE-2025-58114,0.000560000,0.176780000,0.7221193891716797,2025-12-16,2025-12-16,CVE-2025-58114,4.8,2025-09-22T16:21:52.940
CVE-2025-57880,0.000410000,0.121820000,0.475937066173068,2025-12-16,2025-12-16,CVE-2025-57880,5.4,2025-09-22T16:21:50.223
CVE-2025-57644,0.008960000,0.749890000,0.978713558537714,2025-12-16,2025-12-16,CVE-2025-57644,9.1,2025-10-17T14:21:55.657
CVE-2025-57528,0.000830000,0.247010000,0.8380379453956501,2025-12-16,2025-12-16,CVE-2025-57528,7.7,2025-10-03T15:08:38.653
CVE-2025-57296,0.037060000,0.875590000,0.9909763998149005,2025-12-16,2025-12-16,CVE-2025-57296,6.5,2025-09-25T19:34:34.617
CVE-2025-56869,0.001580000,0.372920000,0.906987505784359,2025-12-16,2025-12-16,CVE-2025-56869,5.3,2025-10-03T17:12:02.840
CVE-2025-55910,0.000660000,0.205370000,0.7873669597408607,2025-12-16,2025-12-16,CVE-2025-55910,6.3,2025-09-25T19:34:47.980
CVE-2025-52159,0.000580000,0.183640000,0.7376214715409533,2025-12-16,2025-12-16,CVE-2025-52159,8.8,2025-09-25T19:34:27.353
CVE-2025-48703,0.693890000,0.985780000,0.999074502545118,2025-12-16,2025-12-16,CVE-2025-48703,9.0,2025-11-05T14:07:33.610
CVE-2025-48007,0.000450000,0.136410000,0.561082832022212,2025-12-16,2025-12-16,CVE-2025-48007,6.4,2025-09-22T16:21:58.673
CVE-2025-46703,0.000450000,0.136410000,0.561082832022212,2025-12-16,2025-12-16,CVE-2025-46703,6.4,2025-09-22T16:21:56.270
CVE-2025-43809,0.000230000,0.053300000,0.2892179546506247,2025-12-16,2025-12-16,CVE-2025-43809,4.3,2025-12-16T15:06:15.563
CVE-2025-43803,0.001970000,0.419920000,0.922720962517353,2025-12-16,2025-12-16,CVE-2025-43803,,2025-09-22T21:23:01.543
CVE-2025-39866,0.000360000,0.104690000,0.3486811661267932,2025-12-16,2025-12-16,CVE-2025-39866,,2025-12-06T22:15:51.937
CVE-2025-39865,0.000490000,0.153250000,0.6503933364183249,2025-12-16,2025-12-16,CVE-2025-39865,,2025-11-03T18:16:50.967
CVE-2025-39864,0.000490000,0.153250000,0.6503933364183249,2025-12-16,2025-12-16,CVE-2025-39864,,2025-11-03T18:16:50.870
CVE-2025-39863,0.000180000,0.038510000,0.15131883387320685,2025-12-16,2025-12-16,CVE-2025-39863,7.8,2025-12-12T20:09:54.450
CVE-2025-39862,0.000190000,0.042980000,0.2038408144377603,2025-12-16,2025-12-16,CVE-2025-39862,7.8,2025-12-12T20:09:59.973
CVE-2025-39861,0.000180000,0.037150000,0.15131883387320685,2025-12-16,2025-12-16,CVE-2025-39861,7.8,2025-12-12T20:10:05.047
CVE-2025-39860,0.000490000,0.153250000,0.6503933364183249,2025-12-16,2025-12-16,CVE-2025-39860,,2025-11-03T18:16:50.760
CVE-2025-39859,0.000190000,0.042980000,0.2038408144377603,2025-12-16,2025-12-16,CVE-2025-39859,7.8,2025-12-12T21:21:21.383
CVE-2025-39858,0.000190000,0.042720000,0.2038408144377603,2025-12-16,2025-12-16,CVE-2025-39858,5.5,2025-12-12T21:21:16.950
CVE-2025-39857,0.000360000,0.104690000,0.3486811661267932,2025-12-16,2025-12-16,CVE-2025-39857,,2025-11-03T18:16:50.660
CVE-2025-39856,0.000190000,0.042720000,0.2038408144377603,2025-12-16,2025-12-16,CVE-2025-39856,5.5,2025-12-11T19:35:54.497
CVE-2025-39855,0.000190000,0.042980000,0.2038408144377603,2025-12-16,2025-12-16,CVE-2025-39855,7.8,2025-12-12T21:21:12.080
CVE-2025-39854,0.000170000,0.035290000,0.09093012494215641,2025-12-16,2025-12-16,CVE-2025-39854,7.8,2025-12-12T21:21:06.570
CVE-2025-39853,0.000490000,0.153250000,0.6503933364183249,2025-12-16,2025-12-16,CVE-2025-39853,,2025-11-03T18:16:50.560
CVE-2025-39852,0.000170000,0.034920000,0.09093012494215641,2025-12-16,2025-12-16,CVE-2025-39852,5.5,2025-12-11T15:33:12.347
CVE-2025-39851,0.000170000,0.034920000,0.09093012494215641,2025-12-16,2025-12-16,CVE-2025-39851,5.5,2025-12-12T21:20:42.877
CVE-2025-39850,0.000170000,0.034920000,0.09093012494215641,2025-12-16,2025-12-16,CVE-2025-39850,5.5,2025-12-12T21:20:34.237
CVE-2025-39849,0.000360000,0.104690000,0.3486811661267932,2025-12-16,2025-12-16,CVE-2025-39849,,2025-11-03T18:16:50.460
CVE-2025-39848,0.000490000,0.153250000,0.6503933364183249,2025-12-16,2025-12-16,CVE-2025-39848,,2025-11-03T18:16:50.360
CVE-2025-39847,0.000490000,0.153250000,0.6503933364183249,2025-12-16,2025-12-16,CVE-2025-39847,,2025-11-03T18:16:50.250
CVE-2025-39846,0.000490000,0.153250000,0.6503933364183249,2025-12-16,2025-12-16,CVE-2025-39846,,2025-11-03T18:16:50.143
CVE-2025-39845,0.000360000,0.104690000,0.3486811661267932,2025-12-16,2025-12-16,CVE-2025-39845,,2025-11-03T18:16:50.040
CVE-2025-39844,0.000360000,0.104690000,0.3486811661267932,2025-12-16,2025-12-16,CVE-2025-39844,,2025-11-03T18:16:49.933
CVE-2025-39843,0.000360000,0.104690000,0.3486811661267932,2025-12-16,2025-12-16,CVE-2025-39843,,2025-11-03T18:16:49.833
CVE-2025-39842,0.000350000,0.099800000,0.33896344285053215,2025-12-16,2025-12-16,CVE-2025-39842,,2025-11-03T18:16:49.730
CVE-2025-39841,0.000490000,0.153250000,0.6503933364183249,2025-12-16,2025-12-16,CVE-2025-39841,,2025-11-03T18:16:49.620
CVE-2025-39840,0.000190000,0.042980000,0.2038408144377603,2025-12-16,2025-12-16,CVE-2025-39840,7.1,2025-12-12T21:03:34.113
CVE-2025-39839,0.000490000,0.153250000,0.6503933364183249,2025-12-16,2025-12-16,CVE-2025-39839,,2025-11-03T18:16:49.507
CVE-2025-39838,0.000360000,0.104690000,0.3486811661267932,2025-12-16,2025-12-16,CVE-2025-39838,,2025-11-03T18:16:49.403
CVE-2025-39837,0.000190000,0.042980000,0.2038408144377603,2025-12-16,2025-12-16,CVE-2025-39837,7.8,2025-12-12T21:03:23.043
CVE-2025-36248,0.000970000,0.275110000,0.8597871355853771,2025-12-16,2025-12-16,CVE-2025-36248,6.1,2025-11-04T20:17:15.143
CVE-2025-34206,0.000360000,0.103010000,0.3486811661267932,2025-12-16,2025-12-16,CVE-2025-34206,9.8,2025-09-24T18:46:15.250
CVE-2025-34205,0.040370000,0.881140000,0.9914391485423415,2025-12-16,2025-12-16,CVE-2025-34205,9.8,2025-10-02T22:15:37.383
CVE-2025-34204,0.000660000,0.207150000,0.7873669597408607,2025-12-16,2025-12-16,CVE-2025-34204,9.8,2025-09-24T19:20:09.273
CVE-2025-34203,0.000890000,0.258070000,0.8484497917630727,2025-12-16,2025-12-16,CVE-2025-34203,9.8,2025-10-02T22:15:37.257
CVE-2025-34202,0.007330000,0.720930000,0.9752429430819065,2025-12-16,2025-12-16,CVE-2025-34202,8.8,2025-10-02T22:15:37.107
CVE-2025-34201,0.000180000,0.037150000,0.15131883387320685,2025-12-16,2025-12-16,CVE-2025-34201,7.8,2025-09-24T19:18:45.613
CVE-2025-34200,0.000070000,0.004320000,0.015964831096714482,2025-12-16,2025-12-16,CVE-2025-34200,7.8,2025-09-24T19:18:22.493
CVE-2025-34199,0.000920000,0.264210000,0.8528459046737622,2025-12-16,2025-12-16,CVE-2025-34199,8.1,2025-11-25T15:15:51.467
CVE-2025-34198,0.000730000,0.224170000,0.8128181397501157,2025-12-16,2025-12-16,CVE-2025-34198,9.8,2025-10-02T22:15:36.847
CVE-2025-34197,0.000170000,0.034000000,0.09093012494215641,2025-12-16,2025-12-16,CVE-2025-34197,7.8,2025-10-02T22:15:36.720
CVE-2025-34195,0.004330000,0.620230000,0.96298010180472,2025-12-16,2025-12-16,CVE-2025-34195,9.8,2025-10-02T22:15:36.440
CVE-2025-34194,0.000290000,0.075710000,0.3167515039333642,2025-12-16,2025-12-16,CVE-2025-34194,7.8,2025-09-29T20:15:32.087
CVE-2025-34193,0.001110000,0.302500000,0.8803794539565016,2025-12-16,2025-12-16,CVE-2025-34193,9.8,2025-09-29T20:15:31.933
CVE-2025-34192,0.001580000,0.371560000,0.906987505784359,2025-12-16,2025-12-16,CVE-2025-34192,9.8,2025-10-02T22:15:36.300
CVE-2025-34191,0.000240000,0.057380000,0.2940768162887552,2025-12-16,2025-12-16,CVE-2025-34191,8.4,2025-10-02T22:15:36.163
CVE-2025-34190,0.000610000,0.192640000,0.7570569180934752,2025-12-16,2025-12-16,CVE-2025-34190,7.8,2025-09-29T20:15:31.700
CVE-2025-34189,0.000170000,0.031710000,0.09093012494215641,2025-12-16,2025-12-16,CVE-2025-34189,7.8,2025-10-02T22:15:36.013
CVE-2025-34188,0.000560000,0.176940000,0.7221193891716797,2025-12-16,2025-12-16,CVE-2025-34188,7.8,2025-10-02T22:15:34.743
CVE-2025-26517,0.000400000,0.118120000,0.4701527070800555,2025-12-16,2025-12-16,CVE-2025-26517,5.4,2025-09-23T14:30:09.863
CVE-2025-26516,0.000750000,0.228140000,0.8169828782970847,2025-12-16,2025-12-16,CVE-2025-26516,5.3,2025-09-23T14:31:10.757
CVE-2025-26515,0.000440000,0.134680000,0.549976862563628,2025-12-16,2025-12-16,CVE-2025-26515,7.5,2025-09-23T14:31:27.840
CVE-2025-26514,0.000470000,0.145740000,0.6291068949560389,2025-12-16,2025-12-16,CVE-2025-26514,6.4,2025-09-23T14:32:00.057
CVE-2025-10722,0.000180000,0.035820000,0.15131883387320685,2025-12-16,2025-12-16,CVE-2025-10722,5.3,2025-09-22T21:23:01.543
CVE-2025-10721,0.000180000,0.035820000,0.15131883387320685,2025-12-16,2025-12-16,CVE-2025-10721,5.3,2025-09-22T21:23:01.543
CVE-2025-10719,0.000510000,0.160020000,0.6850994909763998,2025-12-16,2025-12-16,CVE-2025-10719,4.3,2025-09-19T16:00:27.847
CVE-2025-10718,0.000170000,0.033960000,0.09093012494215641,2025-12-16,2025-12-16,CVE-2025-10718,5.3,2025-09-22T21:23:01.543
CVE-2025-10717,0.000180000,0.035820000,0.15131883387320685,2025-12-16,2025-12-16,CVE-2025-10717,5.3,2025-09-19T17:15:45.957
CVE-2025-10716,0.000170000,0.033960000,0.09093012494215641,2025-12-16,2025-12-16,CVE-2025-10716,5.3,2025-09-19T17:15:45.817
CVE-2025-10715,0.000180000,0.035820000,0.15131883387320685,2025-12-16,2025-12-16,CVE-2025-10715,5.3,2025-09-19T16:00:27.847
CVE-2025-10712,0.000420000,0.126080000,0.4872744099953725,2025-12-16,2025-12-16,CVE-2025-10712,7.3,2025-09-19T16:00:27.847
CVE-2025-10711,0.000420000,0.125240000,0.4872744099953725,2025-12-16,2025-12-16,CVE-2025-10711,4.3,2025-09-19T16:00:27.847
CVE-2025-10710,0.000420000,0.125240000,0.4872744099953725,2025-12-16,2025-12-16,CVE-2025-10710,4.3,2025-09-19T16:00:27.847
CVE-2025-10709,0.003380000,0.560780000,0.950485886163813,2025-12-16,2025-12-16,CVE-2025-10709,7.5,2025-10-03T17:14:18.557
CVE-2025-10708,0.003380000,0.560780000,0.950485886163813,2025-12-16,2025-12-16,CVE-2025-10708,7.5,2025-10-03T17:21:57.357
CVE-2025-10707,0.000480000,0.149700000,0.6385932438685794,2025-12-16,2025-12-16,CVE-2025-10707,8.8,2025-10-02T19:40:17.363
CVE-2025-10647,0.003030000,0.531900000,0.9447015270708006,2025-12-16,2025-12-16,CVE-2025-10647,8.8,2025-09-19T16:00:27.847
CVE-2025-10630,0.000860000,0.252470000,0.8433595557612217,2025-12-16,2025-12-16,CVE-2025-10630,4.3,2025-09-19T16:00:27.847
CVE-2025-10568,0.000340000,0.097010000,0.3322535863026377,2025-12-16,2025-12-16,CVE-2025-10568,,2025-09-22T21:23:01.543
CVE-2025-10468,0.000650000,0.202940000,0.7841277186487737,2025-12-16,2025-12-16,CVE-2025-10468,7.5,2025-09-19T16:00:27.847
CVE-2025-10458,0.000370000,0.106360000,0.36742248958815366,2025-12-16,2025-12-16,CVE-2025-10458,7.6,2025-10-29T18:08:06.747
CVE-2025-10457,0.000430000,0.130030000,0.5279962980101804,2025-12-16,2025-12-16,CVE-2025-10457,8.1,2025-10-29T18:52:28.127
CVE-2025-10456,0.000300000,0.078230000,0.3216103655714947,2025-12-16,2025-12-16,CVE-2025-10456,6.5,2025-10-29T18:16:37.553
CVE-2024-13990,0.001730000,0.391050000,0.9153169828782971,2025-12-16,2025-12-16,CVE-2024-13990,,2025-09-22T21:23:01.543
CVE-2022-4980,0.007060000,0.714940000,0.9747801943544655,2025-12-16,2025-12-16,CVE-2022-4980,,2025-09-22T21:23:01.543
CVE-2025-9983,0.000230000,0.054300000,0.2892179546506247,2025-12-16,2025-12-16,CVE-2025-9983,,2025-09-22T21:22:33.590
CVE-2025-9949,0.000160000,0.026130000,0.06293382693197594,2025-12-16,2025-12-16,CVE-2025-9949,4.3,2025-09-22T21:23:01.543
CVE-2025-9887,0.000180000,0.035660000,0.15131883387320685,2025-12-16,2025-12-16,CVE-2025-9887,4.3,2025-09-22T21:23:01.543
CVE-2025-9883,0.000160000,0.026090000,0.06293382693197594,2025-12-16,2025-12-16,CVE-2025-9883,6.1,2025-09-22T21:23:01.543
CVE-2025-9882,0.000160000,0.026090000,0.06293382693197594,2025-12-16,2025-12-16,CVE-2025-9882,6.1,2025-09-22T21:23:01.543
CVE-2025-9541,0.000570000,0.178140000,0.7279037482646923,2025-12-16,2025-12-16,CVE-2025-9541,4.7,2025-09-22T21:22:33.590
CVE-2025-9540,0.000570000,0.178140000,0.7279037482646923,2025-12-16,2025-12-16,CVE-2025-9540,4.7,2025-09-22T21:22:33.590
CVE-2025-9487,0.000570000,0.178140000,0.7279037482646923,2025-12-16,2025-12-16,CVE-2025-9487,4.7,2025-09-22T21:22:33.590
CVE-2025-9115,0.000620000,0.194540000,0.7639981490050902,2025-12-16,2025-12-16,CVE-2025-9115,5.6,2025-09-22T21:22:33.590
CVE-2025-9081,0.000160000,0.025640000,0.06293382693197594,2025-12-16,2025-12-16,CVE-2025-9081,6.5,2025-09-25T20:14:59.717
CVE-2025-9079,0.000470000,0.147510000,0.6291068949560389,2025-12-16,2025-12-16,CVE-2025-9079,7.2,2025-09-25T20:16:04.963
CVE-2025-9038,0.000210000,0.047410000,0.26862563627950026,2025-12-16,2025-12-16,CVE-2025-9038,,2025-09-22T21:22:33.590
CVE-2025-9035,0.000450000,0.139800000,0.561082832022212,2025-12-16,2025-12-16,CVE-2025-9035,5.4,2025-09-22T21:22:33.590
CVE-2025-8079,0.000390000,0.115950000,0.4097639981490051,2025-12-16,2025-12-16,CVE-2025-8079,4.6,2025-09-22T21:22:33.590
CVE-2025-6544,0.002050000,0.427600000,0.9257288292457195,2025-12-16,2025-12-16,CVE-2025-6544,9.8,2025-10-08T20:05:02.450
CVE-2025-59801,0.000190000,0.040140000,0.2038408144377603,2025-12-16,2025-12-16,CVE-2025-59801,4.3,2025-09-22T21:22:33.590
CVE-2025-59800,0.000170000,0.031490000,0.09093012494215641,2025-12-16,2025-12-16,CVE-2025-59800,5.5,2025-09-25T19:27:49.250
CVE-2025-59799,0.000150000,0.024240000,0.05529847292919945,2025-12-16,2025-12-16,CVE-2025-59799,5.5,2025-11-03T18:17:01.277
CVE-2025-59798,0.000150000,0.024240000,0.05529847292919945,2025-12-16,2025-12-16,CVE-2025-59798,5.5,2025-11-03T18:17:01.140
CVE-2025-59797,0.000420000,0.127380000,0.4872744099953725,2025-12-16,2025-12-16,CVE-2025-59797,5.8,2025-09-22T21:22:33.590
CVE-2025-59689,0.113610000,0.933000000,0.99537251272559,2025-12-16,2025-12-16,CVE-2025-59689,6.1,2025-11-05T19:25:35.093
CVE-2025-5962,0.000210000,0.048570000,0.26862563627950026,2025-12-16,2025-12-16,CVE-2025-5962,7.7,2025-09-22T21:22:33.590
CVE-2025-59431,0.000460000,0.142160000,0.6200832947709394,2025-12-16,2025-12-16,CVE-2025-59431,9.8,2025-10-08T18:26:15.403
CVE-2025-57396,0.000510000,0.159830000,0.6850994909763998,2025-12-16,2025-12-16,CVE-2025-57396,6.5,2025-10-03T16:58:21.410
CVE-2025-56762,0.000160000,0.028990000,0.06293382693197594,2025-12-16,2025-12-16,CVE-2025-56762,6.1,2025-10-03T17:04:28.030
CVE-2025-56075,0.000460000,0.143090000,0.6200832947709394,2025-12-16,2025-12-16,CVE-2025-56075,5.4,2025-09-25T19:14:41.880
CVE-2025-56074,0.001510000,0.363000000,0.9035168903285516,2025-12-16,2025-12-16,CVE-2025-56074,9.8,2025-09-25T19:14:55.033
CVE-2025-54815,0.001140000,0.307470000,0.8838500694123091,2025-12-16,2025-12-16,CVE-2025-54815,8.8,2025-09-25T19:33:57.900
CVE-2025-54761,0.000490000,0.151220000,0.6503933364183249,2025-12-16,2025-12-16,CVE-2025-54761,8.0,2025-09-25T19:34:15.797
CVE-2025-53692,0.000420000,0.126740000,0.4872744099953725,2025-12-16,2025-12-16,CVE-2025-53692,7.1,2025-09-22T21:23:01.543
CVE-2025-51006,0.000370000,0.104970000,0.36742248958815366,2025-12-16,2025-12-16,CVE-2025-51006,7.8,2025-10-14T19:58:01.560
CVE-2025-46711,0.000190000,0.042720000,0.2038408144377603,2025-12-16,2025-12-16,CVE-2025-46711,5.5,2025-10-17T14:04:48.523
CVE-2025-43808,0.000180000,0.038080000,0.15131883387320685,2025-12-16,2025-12-16,CVE-2025-43808,5.3,2025-12-15T18:18:01.137
CVE-2025-40925,0.000440000,0.133030000,0.549976862563628,2025-12-16,2025-12-16,CVE-2025-40925,9.1,2025-09-22T21:23:01.543
CVE-2025-36202,0.000600000,0.189860000,0.7515039333641832,2025-12-16,2025-12-16,CVE-2025-36202,8.8,2025-10-03T19:13:00.890
CVE-2025-36037,0.000360000,0.101210000,0.3486811661267932,2025-12-16,2025-12-16,CVE-2025-36037,5.4,2025-10-03T19:12:49.423
CVE-2025-35042,0.001640000,0.379690000,0.9088385006941231,2025-12-16,2025-12-16,CVE-2025-35042,9.8,2025-09-22T21:22:33.590
CVE-2025-35041,0.001540000,0.367650000,0.9049051365108746,2025-12-16,2025-12-16,CVE-2025-35041,7.5,2025-09-22T21:22:33.590
CVE-2025-25177,0.000180000,0.036300000,0.15131883387320685,2025-12-16,2025-12-16,CVE-2025-25177,5.1,2025-09-22T21:22:33.590
CVE-2025-10854,0.000950000,0.270760000,0.8567792688570106,2025-12-16,2025-12-16,CVE-2025-10854,8.1,2025-09-22T21:22:33.590
CVE-2025-10805,0.000370000,0.109070000,0.36742248958815366,2025-12-16,2025-12-16,CVE-2025-10805,8.8,2025-09-24T20:26:16.380
CVE-2025-10804,0.000370000,0.109070000,0.36742248958815366,2025-12-16,2025-12-16,CVE-2025-10804,8.8,2025-09-24T20:25:31.943
CVE-2025-10803,0.001060000,0.295010000,0.8739009717723276,2025-12-16,2025-12-16,CVE-2025-10803,8.8,2025-09-24T20:25:18.200
CVE-2025-10802,0.000390000,0.114110000,0.4097639981490051,2025-12-16,2025-12-16,CVE-2025-10802,9.8,2025-09-24T20:25:08.470
CVE-2025-10801,0.000550000,0.173460000,0.7142526608051828,2025-12-16,2025-12-16,CVE-2025-10801,9.8,2025-09-24T20:24:02.040
CVE-2025-10800,0.000510000,0.157970000,0.6850994909763998,2025-12-16,2025-12-16,CVE-2025-10800,9.8,2025-09-24T20:14:24.773
CVE-2025-10799,0.000480000,0.149990000,0.6385932438685794,2025-12-16,2025-12-16,CVE-2025-10799,9.8,2025-09-25T19:15:17.383
CVE-2025-10798,0.000390000,0.114110000,0.4097639981490051,2025-12-16,2025-12-16,CVE-2025-10798,9.8,2025-09-25T19:15:31.297
CVE-2025-10797,0.000390000,0.114110000,0.4097639981490051,2025-12-16,2025-12-16,CVE-2025-10797,9.8,2025-09-25T19:15:53.013
CVE-2025-10796,0.000390000,0.114110000,0.4097639981490051,2025-12-16,2025-12-16,CVE-2025-10796,9.8,2025-09-25T19:16:10.130
CVE-2025-10795,0.000390000,0.114110000,0.4097639981490051,2025-12-16,2025-12-16,CVE-2025-10795,9.8,2025-09-25T19:16:38.177
CVE-2025-10794,0.000480000,0.148500000,0.6385932438685794,2025-12-16,2025-12-16,CVE-2025-10794,6.1,2025-09-25T19:16:53.013
CVE-2025-10793,0.000450000,0.139970000,0.561082832022212,2025-12-16,2025-12-16,CVE-2025-10793,9.8,2025-10-23T20:06:00.793
CVE-2025-10792,0.006900000,0.711220000,0.973623322535863,2025-12-16,2025-12-16,CVE-2025-10792,8.8,2025-10-08T19:36:26.743
CVE-2025-10791,0.000390000,0.114110000,0.4097639981490051,2025-12-16,2025-12-16,CVE-2025-10791,9.8,2025-09-25T19:17:53.663
CVE-2025-10790,0.000370000,0.109070000,0.36742248958815366,2025-12-16,2025-12-16,CVE-2025-10790,8.8,2025-09-25T19:19:05.383
CVE-2025-10789,0.000390000,0.114110000,0.4097639981490051,2025-12-16,2025-12-16,CVE-2025-10789,9.8,2025-09-25T19:19:29.810
CVE-2025-10788,0.000390000,0.114110000,0.4097639981490051,2025-12-16,2025-12-16,CVE-2025-10788,9.8,2025-09-25T19:21:49.740
CVE-2025-10787,0.000500000,0.157410000,0.6753817677001388,2025-12-16,2025-12-16,CVE-2025-10787,6.3,2025-09-22T21:22:33.590
CVE-2025-10786,0.000480000,0.149990000,0.6385932438685794,2025-12-16,2025-12-16,CVE-2025-10786,9.8,2025-09-25T19:22:07.307
CVE-2025-10785,0.000510000,0.157970000,0.6850994909763998,2025-12-16,2025-12-16,CVE-2025-10785,9.8,2025-09-25T19:22:45.970
CVE-2025-10784,0.000390000,0.114110000,0.4097639981490051,2025-12-16,2025-12-16,CVE-2025-10784,9.8,2025-09-23T16:51:54.943
CVE-2025-10783,0.000390000,0.114110000,0.4097639981490051,2025-12-16,2025-12-16,CVE-2025-10783,9.8,2025-09-23T16:52:05.600
CVE-2025-10782,0.000390000,0.114110000,0.4097639981490051,2025-12-16,2025-12-16,CVE-2025-10782,9.8,2025-09-23T16:52:14.393
CVE-2025-10781,0.000390000,0.114110000,0.4097639981490051,2025-12-16,2025-12-16,CVE-2025-10781,9.8,2025-09-23T16:52:22.440
CVE-2025-10780,0.000370000,0.109070000,0.36742248958815366,2025-12-16,2025-12-16,CVE-2025-10780,8.8,2025-09-25T19:58:28.677
CVE-2025-10779,0.000910000,0.263810000,0.8509949097639982,2025-12-16,2025-12-16,CVE-2025-10779,9.8,2025-09-25T20:01:52.330
CVE-2025-10778,0.000300000,0.078780000,0.3216103655714947,2025-12-16,2025-12-16,CVE-2025-10778,3.1,2025-09-22T21:23:01.543
CVE-2025-10777,0.000760000,0.231920000,0.8234613604812587,2025-12-16,2025-12-16,CVE-2025-10777,6.3,2025-09-22T21:23:01.543
CVE-2025-10776,0.000190000,0.041880000,0.2038408144377603,2025-12-16,2025-12-16,CVE-2025-10776,3.7,2025-09-22T21:23:01.543
CVE-2025-10775,0.002430000,0.475070000,0.9370661730680241,2025-12-16,2025-12-16,CVE-2025-10775,7.2,2025-10-07T20:47:40.273
CVE-2025-10774,0.003300000,0.554270000,0.9479407681628875,2025-12-16,2025-12-16,CVE-2025-10774,4.7,2025-09-23T14:15:36.647
CVE-2025-10773,0.001250000,0.325370000,0.8926422952336881,2025-12-16,2025-12-16,CVE-2025-10773,8.8,2025-09-30T18:15:48.920
CVE-2025-10772,0.000280000,0.074040000,0.3125867653863952,2025-12-16,2025-12-16,CVE-2025-10772,6.3,2025-09-22T21:23:01.543
CVE-2025-10771,0.000490000,0.151640000,0.6503933364183249,2025-12-16,2025-12-16,CVE-2025-10771,9.8,2025-10-08T19:42:21.170
CVE-2025-10770,0.000550000,0.171910000,0.7142526608051828,2025-12-16,2025-12-16,CVE-2025-10770,6.5,2025-10-08T19:52:02.857
CVE-2025-10769,0.000660000,0.206310000,0.7873669597408607,2025-12-16,2025-12-16,CVE-2025-10769,9.8,2025-10-08T19:58:40.783
CVE-2025-10768,0.000500000,0.156860000,0.6753817677001388,2025-12-16,2025-12-16,CVE-2025-10768,9.8,2025-10-08T20:04:01.310
CVE-2025-10767,0.004750000,0.641230000,0.966219342896807,2025-12-16,2025-12-16,CVE-2025-10767,4.5,2025-09-22T21:23:01.543
CVE-2025-10766,0.000980000,0.276480000,0.8623322535863026,2025-12-16,2025-12-16,CVE-2025-10766,4.3,2025-10-14T19:59:30.200
CVE-2025-10765,0.000540000,0.170600000,0.7084683017121703,2025-12-16,2025-12-16,CVE-2025-10765,7.2,2025-10-14T19:44:35.787
CVE-2025-10764,0.000500000,0.154890000,0.6753817677001388,2025-12-16,2025-12-16,CVE-2025-10764,8.8,2025-10-14T19:44:06.880
CVE-2025-10763,0.000500000,0.157410000,0.6753817677001388,2025-12-16,2025-12-16,CVE-2025-10763,6.3,2025-09-22T21:23:01.543
CVE-2025-10762,0.000420000,0.126840000,0.4872744099953725,2025-12-16,2025-12-16,CVE-2025-10762,6.3,2025-09-22T21:23:01.543
CVE-2025-10761,0.000670000,0.209420000,0.7933826931975937,2025-12-16,2025-12-16,CVE-2025-10761,3.7,2025-09-22T21:23:01.543
CVE-2025-10760,0.000540000,0.169740000,0.7084683017121703,2025-12-16,2025-12-16,CVE-2025-10760,6.3,2025-09-22T21:23:01.543
CVE-2025-10759,0.000720000,0.222670000,0.8114298935677927,2025-12-16,2025-12-16,CVE-2025-10759,5.3,2025-10-30T14:15:58.187
CVE-2025-10758,0.000430000,0.131040000,0.5279962980101804,2025-12-16,2025-12-16,CVE-2025-10758,4.8,2025-10-08T18:20:12.043
CVE-2025-10757,0.000650000,0.202740000,0.7841277186487737,2025-12-16,2025-12-16,CVE-2025-10757,8.8,2025-09-22T21:23:01.543
CVE-2025-10756,0.000650000,0.202740000,0.7841277186487737,2025-12-16,2025-12-16,CVE-2025-10756,8.8,2025-09-22T21:23:01.543
CVE-2025-10755,0.000500000,0.157410000,0.6753817677001388,2025-12-16,2025-12-16,CVE-2025-10755,6.3,2025-09-22T21:23:01.543
CVE-2025-10741,0.000540000,0.169740000,0.7084683017121703,2025-12-16,2025-12-16,CVE-2025-10741,6.3,2025-09-22T21:23:01.543
CVE-2025-10658,0.003340000,0.556860000,0.9497917630726516,2025-12-16,2025-12-16,CVE-2025-10658,6.5,2025-09-22T21:23:01.543
CVE-2025-10652,0.000360000,0.104780000,0.3486811661267932,2025-12-16,2025-12-16,CVE-2025-10652,6.5,2025-09-22T21:23:01.543
CVE-2025-10489,0.000390000,0.116660000,0.4097639981490051,2025-12-16,2025-12-16,CVE-2025-10489,4.3,2025-09-22T21:23:01.543
CVE-2025-10305,0.000500000,0.155350000,0.6753817677001388,2025-12-16,2025-12-16,CVE-2025-10305,5.3,2025-09-22T21:23:01.543
CVE-2025-10181,0.000480000,0.150860000,0.6385932438685794,2025-12-16,2025-12-16,CVE-2025-10181,6.4,2025-09-22T21:23:01.543
CVE-2025-10009,0.000960000,0.271840000,0.8581675150393336,2025-12-16,2025-12-16,CVE-2025-10009,,2025-09-22T21:22:33.590
CVE-2025-10002,0.000360000,0.101570000,0.3486811661267932,2025-12-16,2025-12-16,CVE-2025-10002,4.9,2025-09-22T21:23:01.543
CVE-2025-0875,0.000350000,0.098830000,0.33896344285053215,2025-12-16,2025-12-16,CVE-2025-0875,4.2,2025-09-22T21:22:33.590
CVE-2025-59420,0.000340000,0.095790000,0.3322535863026377,2025-12-16,2025-12-16,CVE-2025-59420,7.5,2025-11-03T18:17:01.017
CVE-2025-59418,0.000180000,0.036340000,0.15131883387320685,2025-12-16,2025-12-16,CVE-2025-59418,5.5,2025-09-22T21:22:33.590
CVE-2025-59413,0.000690000,0.212870000,0.7989356779268857,2025-12-16,2025-12-16,CVE-2025-59413,6.5,2025-09-23T16:49:02.553
CVE-2025-59412,0.000400000,0.120540000,0.4701527070800555,2025-12-16,2025-12-16,CVE-2025-59412,5.4,2025-09-23T16:50:51.817
CVE-2025-59411,0.000430000,0.131370000,0.5279962980101804,2025-12-16,2025-12-16,CVE-2025-59411,5.4,2025-09-23T16:51:03.780
CVE-2025-59335,0.000150000,0.024930000,0.05529847292919945,2025-12-16,2025-12-16,CVE-2025-59335,7.1,2025-09-23T16:51:42.487
CVE-2025-57943,0.000350000,0.097690000,0.33896344285053215,2025-12-16,2025-12-16,CVE-2025-57943,4.4,2025-09-22T21:22:33.590
CVE-2025-57942,0.000200000,0.044440000,0.24086071263304026,2025-12-16,2025-12-16,CVE-2025-57942,4.3,2025-09-22T21:22:33.590
CVE-2025-57941,0.000420000,0.124970000,0.4872744099953725,2025-12-16,2025-12-16,CVE-2025-57941,5.9,2025-09-22T21:22:33.590
CVE-2025-57940,0.000420000,0.124970000,0.4872744099953725,2025-12-16,2025-12-16,CVE-2025-57940,5.9,2025-09-22T21:22:33.590
CVE-2025-57939,0.000420000,0.125880000,0.4872744099953725,2025-12-16,2025-12-16,CVE-2025-57939,5.3,2025-09-22T21:22:33.590
CVE-2025-57938,0.000450000,0.138340000,0.561082832022212,2025-12-16,2025-12-16,CVE-2025-57938,6.5,2025-09-22T21:22:33.590
CVE-2025-57937,0.000410000,0.122160000,0.475937066173068,2025-12-16,2025-12-16,CVE-2025-57937,4.3,2025-09-22T21:22:33.590
CVE-2025-57936,0.000390000,0.116660000,0.4097639981490051,2025-12-16,2025-12-16,CVE-2025-57936,4.3,2025-09-22T21:22:33.590
CVE-2025-57935,0.000420000,0.124970000,0.4872744099953725,2025-12-16,2025-12-16,CVE-2025-57935,5.9,2025-09-22T21:22:33.590
CVE-2025-57934,0.000200000,0.044440000,0.24086071263304026,2025-12-16,2025-12-16,CVE-2025-57934,4.3,2025-09-22T21:22:33.590
CVE-2025-57933,0.000200000,0.044440000,0.24086071263304026,2025-12-16,2025-12-16,CVE-2025-57933,4.3,2025-09-22T21:22:33.590
CVE-2025-57932,0.000450000,0.138340000,0.561082832022212,2025-12-16,2025-12-16,CVE-2025-57932,6.5,2025-09-22T21:22:33.590
CVE-2025-57930,0.000200000,0.044440000,0.24086071263304026,2025-12-16,2025-12-16,CVE-2025-57930,4.3,2025-09-22T21:22:33.590
CVE-2025-57929,0.000420000,0.124970000,0.4872744099953725,2025-12-16,2025-12-16,CVE-2025-57929,5.9,2025-09-22T21:22:33.590
CVE-2025-57928,0.000580000,0.182590000,0.7376214715409533,2025-12-16,2025-12-16,CVE-2025-57928,5.3,2025-09-22T21:22:33.590
CVE-2025-57927,0.000200000,0.044440000,0.24086071263304026,2025-12-16,2025-12-16,CVE-2025-57927,4.3,2025-09-22T21:22:33.590
CVE-2025-57926,0.000450000,0.138340000,0.561082832022212,2025-12-16,2025-12-16,CVE-2025-57926,6.5,2025-09-22T21:22:33.590
CVE-2025-57925,0.001700000,0.387690000,0.9113836186950486,2025-12-16,2025-12-16,CVE-2025-57925,7.5,2025-09-22T21:22:33.590
CVE-2025-57924,0.000200000,0.044440000,0.24086071263304026,2025-12-16,2025-12-16,CVE-2025-57924,4.3,2025-09-22T21:22:33.590
CVE-2025-57923,0.000410000,0.123170000,0.475937066173068,2025-12-16,2025-12-16,CVE-2025-57923,5.3,2025-10-24T16:17:13.520
CVE-2025-57922,0.000410000,0.123170000,0.475937066173068,2025-12-16,2025-12-16,CVE-2025-57922,5.3,2025-09-22T21:22:33.590
CVE-2025-57921,0.000420000,0.125880000,0.4872744099953725,2025-12-16,2025-12-16,CVE-2025-57921,5.3,2025-09-22T21:22:33.590
CVE-2025-57920,0.000420000,0.124970000,0.4872744099953725,2025-12-16,2025-12-16,CVE-2025-57920,5.9,2025-09-22T21:22:33.590
CVE-2025-57919,0.000660000,0.204740000,0.7873669597408607,2025-12-16,2025-12-16,CVE-2025-57919,7.2,2025-09-22T21:22:33.590
CVE-2025-57918,0.000190000,0.043490000,0.2038408144377603,2025-12-16,2025-12-16,CVE-2025-57918,7.1,2025-09-22T21:22:33.590
CVE-2025-57917,0.000390000,0.116660000,0.4097639981490051,2025-12-16,2025-12-16,CVE-2025-57917,4.3,2025-09-22T21:22:33.590
CVE-2025-57916,0.000410000,0.122160000,0.475937066173068,2025-12-16,2025-12-16,CVE-2025-57916,4.3,2025-09-22T21:22:33.590
CVE-2025-57915,0.000200000,0.044440000,0.24086071263304026,2025-12-16,2025-12-16,CVE-2025-57915,4.3,2025-09-22T21:22:33.590
CVE-2025-57914,0.000200000,0.044440000,0.24086071263304026,2025-12-16,2025-12-16,CVE-2025-57914,4.3,2025-09-22T21:22:33.590
CVE-2025-57913,0.000450000,0.138340000,0.561082832022212,2025-12-16,2025-12-16,CVE-2025-57913,6.5,2025-09-22T21:22:33.590
CVE-2025-57912,0.000420000,0.124970000,0.4872744099953725,2025-12-16,2025-12-16,CVE-2025-57912,5.9,2025-09-22T21:22:33.590
CVE-2025-57911,0.000450000,0.138340000,0.561082832022212,2025-12-16,2025-12-16,CVE-2025-57911,6.5,2025-09-22T21:22:33.590
CVE-2025-57910,0.000450000,0.138340000,0.561082832022212,2025-12-16,2025-12-16,CVE-2025-57910,6.5,2025-09-22T21:22:33.590
CVE-2025-57909,0.000420000,0.127210000,0.4872744099953725,2025-12-16,2025-12-16,CVE-2025-57909,6.5,2025-09-22T21:22:33.590
CVE-2025-57908,0.000420000,0.124970000,0.4872744099953725,2025-12-16,2025-12-16,CVE-2025-57908,5.9,2025-09-22T21:22:33.590
CVE-2025-57907,0.000420000,0.125880000,0.4872744099953725,2025-12-16,2025-12-16,CVE-2025-57907,5.3,2025-09-22T21:22:33.590
CVE-2025-57906,0.000420000,0.124970000,0.4872744099953725,2025-12-16,2025-12-16,CVE-2025-57906,5.9,2025-09-22T21:22:33.590
CVE-2025-57905,0.000200000,0.044440000,0.24086071263304026,2025-12-16,2025-12-16,CVE-2025-57905,4.3,2025-09-22T21:22:33.590
CVE-2025-57904,0.000420000,0.124970000,0.4872744099953725,2025-12-16,2025-12-16,CVE-2025-57904,5.9,2025-09-22T21:22:33.590
CVE-2025-57903,0.000420000,0.124970000,0.4872744099953725,2025-12-16,2025-12-16,CVE-2025-57903,5.9,2025-09-22T21:22:33.590
CVE-2025-57902,0.000200000,0.044440000,0.24086071263304026,2025-12-16,2025-12-16,CVE-2025-57902,6.5,2025-09-22T21:22:33.590
CVE-2025-57900,0.000450000,0.138340000,0.561082832022212,2025-12-16,2025-12-16,CVE-2025-57900,6.5,2025-09-22T21:22:33.590
CVE-2025-57899,0.000600000,0.187510000,0.7515039333641832,2025-12-16,2025-12-16,CVE-2025-57899,5.3,2025-09-22T21:22:33.590
CVE-2025-57898,0.000450000,0.138340000,0.561082832022212,2025-12-16,2025-12-16,CVE-2025-57898,6.5,2025-09-22T21:22:33.590
CVE-2025-57685,0.014460000,0.802610000,0.984266543267006,2025-12-16,2025-12-16,CVE-2025-57685,8.8,2025-11-17T19:16:19.853
CVE-2025-57682,0.005170000,0.659480000,0.968070337806571,2025-12-16,2025-12-16,CVE-2025-57682,6.5,2025-10-14T19:56:26.170
CVE-2025-57605,0.000580000,0.183640000,0.7376214715409533,2025-12-16,2025-12-16,CVE-2025-57605,8.8,2025-09-23T19:15:41.140
CVE-2025-57602,0.003290000,0.553620000,0.9474780194354465,2025-12-16,2025-12-16,CVE-2025-57602,9.8,2025-09-23T19:15:40.977
CVE-2025-57601,0.000910000,0.262740000,0.8509949097639982,2025-12-16,2025-12-16,CVE-2025-57601,9.8,2025-09-23T19:15:40.790
CVE-2025-57441,0.000820000,0.244630000,0.8361869504858862,2025-12-16,2025-12-16,CVE-2025-57441,9.8,2025-10-17T20:34:42.913
CVE-2025-57440,0.000340000,0.095390000,0.3322535863026377,2025-12-16,2025-12-16,CVE-2025-57440,7.5,2025-10-28T21:15:39.380
CVE-2025-57439,0.002080000,0.433270000,0.9271170754280426,2025-12-16,2025-12-16,CVE-2025-57439,8.8,2025-10-17T20:33:20.780
CVE-2025-57438,0.000470000,0.146950000,0.6291068949560389,2025-12-16,2025-12-16,CVE-2025-57438,6.8,2025-10-10T21:05:10.807
CVE-2025-57437,0.000820000,0.244630000,0.8361869504858862,2025-12-16,2025-12-16,CVE-2025-57437,9.8,2025-10-10T21:03:59.970
CVE-2025-57434,0.001480000,0.359170000,0.9032855159648311,2025-12-16,2025-12-16,CVE-2025-57434,8.8,2025-10-14T19:56:03.233
CVE-2025-57433,0.000460000,0.140800000,0.6200832947709394,2025-12-16,2025-12-16,CVE-2025-57433,6.5,2025-10-14T19:56:41.777
CVE-2025-57432,0.005690000,0.678090000,0.9694585839888941,2025-12-16,2025-12-16,CVE-2025-57432,9.8,2025-10-14T19:56:50.727
CVE-2025-57431,0.001080000,0.297310000,0.8762147154095327,2025-12-16,2025-12-16,CVE-2025-57431,8.8,2025-10-14T19:53:19.917
CVE-2025-57430,0.000590000,0.185950000,0.7457195742711707,2025-12-16,2025-12-16,CVE-2025-57430,7.5,2025-10-14T19:57:05.717
CVE-2025-55888,0.001240000,0.324450000,0.8919481721425266,2025-12-16,2025-12-16,CVE-2025-55888,7.3,2025-10-14T19:51:59.197
CVE-2025-55887,0.000530000,0.167870000,0.6982878297084683,2025-12-16,2025-12-16,CVE-2025-55887,6.1,2025-10-14T19:51:54.580
CVE-2025-55886,0.000590000,0.186400000,0.7457195742711707,2025-12-16,2025-12-16,CVE-2025-55886,6.5,2025-11-17T19:16:19.537
CVE-2025-55885,0.001240000,0.324230000,0.8919481721425266,2025-12-16,2025-12-16,CVE-2025-55885,6.3,2025-10-14T19:52:10.700
CVE-2025-53570,0.000450000,0.138340000,0.561082832022212,2025-12-16,2025-12-16,CVE-2025-53570,6.5,2025-09-22T21:22:33.590
CVE-2025-53469,0.000420000,0.124970000,0.4872744099953725,2025-12-16,2025-12-16,CVE-2025-53469,5.9,2025-09-22T21:22:33.590
CVE-2025-53468,0.000440000,0.135040000,0.549976862563628,2025-12-16,2025-12-16,CVE-2025-53468,8.5,2025-09-22T21:22:33.590
CVE-2025-53467,0.000420000,0.124970000,0.4872744099953725,2025-12-16,2025-12-16,CVE-2025-53467,5.9,2025-09-22T21:22:33.590
CVE-2025-53466,0.000420000,0.124970000,0.4872744099953725,2025-12-16,2025-12-16,CVE-2025-53466,5.9,2025-09-22T21:22:33.590
CVE-2025-53465,0.000660000,0.204740000,0.7873669597408607,2025-12-16,2025-12-16,CVE-2025-53465,7.2,2025-09-22T21:22:33.590
CVE-2025-53464,0.000420000,0.124970000,0.4872744099953725,2025-12-16,2025-12-16,CVE-2025-53464,5.9,2025-09-22T21:22:33.590
CVE-2025-53463,0.000450000,0.138340000,0.561082832022212,2025-12-16,2025-12-16,CVE-2025-53463,6.5,2025-09-22T21:22:33.590
CVE-2025-53462,0.000420000,0.124970000,0.4872744099953725,2025-12-16,2025-12-16,CVE-2025-53462,5.9,2025-09-22T21:22:33.590
CVE-2025-53461,0.000350000,0.097690000,0.33896344285053215,2025-12-16,2025-12-16,CVE-2025-53461,4.4,2025-09-22T21:22:33.590
CVE-2025-53460,0.000420000,0.124970000,0.4872744099953725,2025-12-16,2025-12-16,CVE-2025-53460,5.9,2025-09-22T21:22:33.590
CVE-2025-53458,0.000420000,0.124970000,0.4872744099953725,2025-12-16,2025-12-16,CVE-2025-53458,5.9,2025-09-22T21:22:33.590
CVE-2025-53457,0.000350000,0.097690000,0.33896344285053215,2025-12-16,2025-12-16,CVE-2025-53457,4.4,2025-09-22T21:22:33.590
CVE-2025-53456,0.000200000,0.044440000,0.24086071263304026,2025-12-16,2025-12-16,CVE-2025-53456,4.3,2025-09-22T21:22:33.590
CVE-2025-53455,0.000420000,0.124970000,0.4872744099953725,2025-12-16,2025-12-16,CVE-2025-53455,5.9,2025-09-22T21:22:33.590
CVE-2025-53454,0.000450000,0.138340000,0.561082832022212,2025-12-16,2025-12-16,CVE-2025-53454,6.5,2025-09-22T21:22:33.590
CVE-2025-53452,0.000390000,0.116660000,0.4097639981490051,2025-12-16,2025-12-16,CVE-2025-53452,4.3,2025-09-22T21:22:33.590
CVE-2025-53451,0.000200000,0.046390000,0.24086071263304026,2025-12-16,2025-12-16,CVE-2025-53451,5.4,2025-09-22T21:22:33.590
CVE-2025-53450,0.001700000,0.387690000,0.9113836186950486,2025-12-16,2025-12-16,CVE-2025-53450,7.5,2025-09-22T21:22:33.590
CVE-2025-52367,0.700100000,0.986020000,0.9993058769088385,2025-12-16,2025-12-16,CVE-2025-52367,5.4,2025-10-24T14:45:27.667
CVE-2025-43953,0.000970000,0.273920000,0.8597871355853771,2025-12-16,2025-12-16,CVE-2025-43953,8.8,2025-09-22T21:22:33.590
CVE-2025-43807,0.000490000,0.153410000,0.6503933364183249,2025-12-16,2025-12-16,CVE-2025-43807,5.4,2025-12-15T18:18:40.497
CVE-2025-36064,0.000580000,0.182230000,0.7376214715409533,2025-12-16,2025-12-16,CVE-2025-36064,5.9,2025-10-03T19:13:13.937
CVE-2025-10811,0.000390000,0.114110000,0.4097639981490051,2025-12-16,2025-12-16,CVE-2025-10811,9.8,2025-09-25T19:13:43.040
CVE-2025-10810,0.000390000,0.114110000,0.4097639981490051,2025-12-16,2025-12-16,CVE-2025-10810,9.8,2025-09-25T19:13:55.290
CVE-2025-10809,0.000550000,0.173460000,0.7142526608051828,2025-12-16,2025-12-16,CVE-2025-10809,9.8,2025-09-25T19:14:26.233
CVE-2025-10808,0.000390000,0.114110000,0.4097639981490051,2025-12-16,2025-12-16,CVE-2025-10808,9.8,2025-09-25T19:14:07.200
CVE-2025-10807,0.000370000,0.109070000,0.36742248958815366,2025-12-16,2025-12-16,CVE-2025-10807,8.8,2025-09-24T20:24:12.183
CVE-2025-10806,0.000370000,0.109070000,0.36742248958815366,2025-12-16,2025-12-16,CVE-2025-10806,8.8,2025-09-24T20:24:42.163
CVE-2025-58228,0.000450000,0.138340000,0.561082832022212,2025-12-16,2025-12-16,CVE-2025-58228,6.5,2025-09-22T21:22:16.313
CVE-2025-58227,0.000450000,0.138340000,0.561082832022212,2025-12-16,2025-12-16,CVE-2025-58227,6.5,2025-09-22T21:22:16.313
CVE-2025-58226,0.000410000,0.123170000,0.475937066173068,2025-12-16,2025-12-16,CVE-2025-58226,5.3,2025-09-22T21:22:16.313
CVE-2025-58224,0.000200000,0.046390000,0.24086071263304026,2025-12-16,2025-12-16,CVE-2025-58224,5.4,2025-09-22T21:22:16.313
CVE-2025-58223,0.000420000,0.124970000,0.4872744099953725,2025-12-16,2025-12-16,CVE-2025-58223,5.9,2025-09-22T21:22:16.313
CVE-2025-58222,0.000420000,0.125880000,0.4872744099953725,2025-12-16,2025-12-16,CVE-2025-58222,5.3,2025-09-22T21:22:16.313
CVE-2025-58221,0.000390000,0.116660000,0.4097639981490051,2025-12-16,2025-12-16,CVE-2025-58221,4.3,2025-09-22T21:22:16.313
CVE-2025-58220,0.000450000,0.138340000,0.561082832022212,2025-12-16,2025-12-16,CVE-2025-58220,6.5,2025-09-22T21:22:16.313
CVE-2025-58219,0.000200000,0.044440000,0.24086071263304026,2025-12-16,2025-12-16,CVE-2025-58219,4.3,2025-09-22T21:22:16.313
CVE-2025-58200,0.000200000,0.044440000,0.24086071263304026,2025-12-16,2025-12-16,CVE-2025-58200,4.3,2025-09-22T21:22:16.313
CVE-2025-58199,0.000200000,0.044440000,0.24086071263304026,2025-12-16,2025-12-16,CVE-2025-58199,4.3,2025-09-22T21:22:16.313
CVE-2025-58033,0.000420000,0.124970000,0.4872744099953725,2025-12-16,2025-12-16,CVE-2025-58033,5.9,2025-09-22T21:22:16.313
CVE-2025-58032,0.000200000,0.044440000,0.24086071263304026,2025-12-16,2025-12-16,CVE-2025-58032,4.3,2025-09-22T21:22:16.313
CVE-2025-58031,0.000450000,0.138340000,0.561082832022212,2025-12-16,2025-12-16,CVE-2025-58031,6.5,2025-09-22T21:22:16.313
CVE-2025-58030,0.000450000,0.138340000,0.561082832022212,2025-12-16,2025-12-16,CVE-2025-58030,6.5,2025-09-22T21:22:16.313
CVE-2025-58029,0.000420000,0.125880000,0.4872744099953725,2025-12-16,2025-12-16,CVE-2025-58029,5.3,2025-09-22T21:22:16.313
CVE-2025-58028,0.000450000,0.138340000,0.561082832022212,2025-12-16,2025-12-16,CVE-2025-58028,6.5,2025-09-22T21:22:16.313
CVE-2025-58027,0.000450000,0.138340000,0.561082832022212,2025-12-16,2025-12-16,CVE-2025-58027,6.5,2025-09-22T21:22:16.313
CVE-2025-58026,0.000450000,0.138340000,0.561082832022212,2025-12-16,2025-12-16,CVE-2025-58026,6.5,2025-09-22T21:22:16.313
CVE-2025-58025,0.000450000,0.138340000,0.561082832022212,2025-12-16,2025-12-16,CVE-2025-58025,6.5,2025-09-22T21:22:16.313
CVE-2025-58023,0.000450000,0.138340000,0.561082832022212,2025-12-16,2025-12-16,CVE-2025-58023,6.5,2025-09-22T21:22:16.313
CVE-2025-58022,0.000450000,0.138340000,0.561082832022212,2025-12-16,2025-12-16,CVE-2025-58022,6.5,2025-09-22T21:22:16.313
CVE-2025-58021,0.000450000,0.138340000,0.561082832022212,2025-12-16,2025-12-16,CVE-2025-58021,6.5,2025-09-22T21:22:16.313
CVE-2025-58020,0.000450000,0.138340000,0.561082832022212,2025-12-16,2025-12-16,CVE-2025-58020,6.5,2025-09-22T21:22:16.313
CVE-2025-58019,0.000450000,0.138340000,0.561082832022212,2025-12-16,2025-12-16,CVE-2025-58019,6.5,2025-09-22T21:22:16.313
CVE-2025-58018,0.000450000,0.138340000,0.561082832022212,2025-12-16,2025-12-16,CVE-2025-58018,6.5,2025-09-22T21:22:16.313
CVE-2025-58017,0.000450000,0.138340000,0.561082832022212,2025-12-16,2025-12-16,CVE-2025-58017,6.5,2025-09-22T21:22:16.313
CVE-2025-58016,0.000390000,0.116660000,0.4097639981490051,2025-12-16,2025-12-16,CVE-2025-58016,4.3,2025-09-22T21:22:16.313
CVE-2025-58015,0.000440000,0.134090000,0.549976862563628,2025-12-16,2025-12-16,CVE-2025-58015,7.5,2025-12-12T19:53:19.430
CVE-2025-58014,0.000200000,0.044440000,0.24086071263304026,2025-12-16,2025-12-16,CVE-2025-58014,4.3,2025-12-12T19:54:44.310
CVE-2025-58013,0.000240000,0.057350000,0.2940768162887552,2025-12-16,2025-12-16,CVE-2025-58013,8.8,2025-09-22T21:22:16.313
CVE-2025-58012,0.000490000,0.152450000,0.6503933364183249,2025-12-16,2025-12-16,CVE-2025-58012,3.8,2025-09-22T21:22:16.313
CVE-2025-58011,0.000370000,0.109200000,0.36742248958815366,2025-12-16,2025-12-16,CVE-2025-58011,6.4,2025-09-22T21:22:16.313
CVE-2025-58010,0.000200000,0.044440000,0.24086071263304026,2025-12-16,2025-12-16,CVE-2025-58010,4.3,2025-09-22T21:22:16.313
CVE-2025-58009,0.000490000,0.152450000,0.6503933364183249,2025-12-16,2025-12-16,CVE-2025-58009,3.8,2025-09-22T21:22:16.313
CVE-2025-58008,0.000450000,0.138340000,0.561082832022212,2025-12-16,2025-12-16,CVE-2025-58008,6.5,2025-09-22T21:22:16.313
CVE-2025-58007,0.000410000,0.122160000,0.475937066173068,2025-12-16,2025-12-16,CVE-2025-58007,4.3,2025-09-22T21:22:16.313
CVE-2025-58006,0.000380000,0.112620000,0.4012031466913466,2025-12-16,2025-12-16,CVE-2025-58006,4.7,2025-09-22T21:22:16.313
CVE-2025-58005,0.000400000,0.119210000,0.4701527070800555,2025-12-16,2025-12-16,CVE-2025-58005,5.4,2025-09-22T21:22:16.313
CVE-2025-58004,0.000420000,0.125880000,0.4872744099953725,2025-12-16,2025-12-16,CVE-2025-58004,5.3,2025-09-22T21:22:16.313
CVE-2025-58003,0.000420000,0.125880000,0.4872744099953725,2025-12-16,2025-12-16,CVE-2025-58003,5.3,2025-09-22T21:22:16.313
CVE-2025-58002,0.000450000,0.138340000,0.561082832022212,2025-12-16,2025-12-16,CVE-2025-58002,6.5,2025-09-22T21:22:16.313
CVE-2025-58001,0.000450000,0.138340000,0.561082832022212,2025-12-16,2025-12-16,CVE-2025-58001,6.5,2025-09-22T21:22:16.313
CVE-2025-58000,0.000420000,0.125880000,0.4872744099953725,2025-12-16,2025-12-16,CVE-2025-58000,5.3,2025-09-22T21:22:16.313
CVE-2025-57999,0.000450000,0.138340000,0.561082832022212,2025-12-16,2025-12-16,CVE-2025-57999,6.5,2025-09-22T21:22:16.313
CVE-2025-57998,0.000420000,0.124970000,0.4872744099953725,2025-12-16,2025-12-16,CVE-2025-57998,5.9,2025-09-22T21:22:16.313
CVE-2025-57997,0.000370000,0.109200000,0.36742248958815366,2025-12-16,2025-12-16,CVE-2025-57997,4.3,2025-09-22T21:22:16.313
CVE-2025-57996,0.000450000,0.138340000,0.561082832022212,2025-12-16,2025-12-16,CVE-2025-57996,6.5,2025-09-22T21:22:16.313
CVE-2025-57995,0.000390000,0.116660000,0.4097639981490051,2025-12-16,2025-12-16,CVE-2025-57995,4.3,2025-09-22T21:22:16.313
CVE-2025-57994,0.000530000,0.166880000,0.6982878297084683,2025-12-16,2025-12-16,CVE-2025-57994,5.4,2025-09-22T21:22:16.313
CVE-2025-57993,0.000450000,0.138340000,0.561082832022212,2025-12-16,2025-12-16,CVE-2025-57993,6.5,2025-09-22T21:22:16.313
CVE-2025-57992,0.000200000,0.044440000,0.24086071263304026,2025-12-16,2025-12-16,CVE-2025-57992,4.3,2025-09-22T21:22:16.313
CVE-2025-57991,0.000530000,0.166880000,0.6982878297084683,2025-12-16,2025-12-16,CVE-2025-57991,5.4,2025-09-22T21:22:33.590
CVE-2025-57990,0.000530000,0.166880000,0.6982878297084683,2025-12-16,2025-12-16,CVE-2025-57990,5.4,2025-09-22T21:22:33.590
CVE-2025-57989,0.000450000,0.138340000,0.561082832022212,2025-12-16,2025-12-16,CVE-2025-57989,6.5,2025-09-22T21:22:33.590
CVE-2025-57988,0.000450000,0.138340000,0.561082832022212,2025-12-16,2025-12-16,CVE-2025-57988,6.5,2025-09-22T21:22:33.590
CVE-2025-57987,0.000420000,0.125880000,0.4872744099953725,2025-12-16,2025-12-16,CVE-2025-57987,5.3,2025-09-22T21:22:33.590
CVE-2025-57986,0.000450000,0.138340000,0.561082832022212,2025-12-16,2025-12-16,CVE-2025-57986,6.5,2025-09-22T21:22:33.590
CVE-2025-57985,0.000390000,0.116660000,0.4097639981490051,2025-12-16,2025-12-16,CVE-2025-57985,4.3,2025-09-22T21:22:33.590
CVE-2025-57984,0.000350000,0.097690000,0.33896344285053215,2025-12-16,2025-12-16,CVE-2025-57984,4.4,2025-09-22T21:22:33.590
CVE-2025-57983,0.000200000,0.044440000,0.24086071263304026,2025-12-16,2025-12-16,CVE-2025-57983,6.5,2025-09-22T21:22:33.590
CVE-2025-57982,0.000420000,0.124970000,0.4872744099953725,2025-12-16,2025-12-16,CVE-2025-57982,5.9,2025-09-22T21:22:33.590
CVE-2025-57981,0.000450000,0.138340000,0.561082832022212,2025-12-16,2025-12-16,CVE-2025-57981,6.5,2025-09-22T21:22:33.590
CVE-2025-57980,0.000420000,0.124970000,0.4872744099953725,2025-12-16,2025-12-16,CVE-2025-57980,5.9,2025-09-22T21:22:33.590
CVE-2025-57979,0.000420000,0.124970000,0.4872744099953725,2025-12-16,2025-12-16,CVE-2025-57979,5.9,2025-09-22T21:22:33.590
CVE-2025-57978,0.000200000,0.044440000,0.24086071263304026,2025-12-16,2025-12-16,CVE-2025-57978,4.3,2025-09-22T21:22:33.590
CVE-2025-57977,0.000210000,0.047990000,0.26862563627950026,2025-12-16,2025-12-16,CVE-2025-57977,7.1,2025-09-22T21:22:33.590
CVE-2025-57976,0.000420000,0.125880000,0.4872744099953725,2025-12-16,2025-12-16,CVE-2025-57976,5.3,2025-09-22T21:22:33.590
CVE-2025-57975,0.000370000,0.109200000,0.36742248958815366,2025-12-16,2025-12-16,CVE-2025-57975,4.3,2025-09-22T21:22:33.590
CVE-2025-57974,0.000420000,0.124970000,0.4872744099953725,2025-12-16,2025-12-16,CVE-2025-57974,5.9,2025-09-22T21:22:33.590
CVE-2025-57973,0.000450000,0.138340000,0.561082832022212,2025-12-16,2025-12-16,CVE-2025-57973,5.5,2025-09-22T21:22:33.590
CVE-2025-57972,0.000390000,0.116660000,0.4097639981490051,2025-12-16,2025-12-16,CVE-2025-57972,4.3,2025-09-22T21:22:33.590
CVE-2025-57971,0.000420000,0.125880000,0.4872744099953725,2025-12-16,2025-12-16,CVE-2025-57971,5.3,2025-10-04T04:16:24.590
CVE-2025-57970,0.000200000,0.044440000,0.24086071263304026,2025-12-16,2025-12-16,CVE-2025-57970,4.3,2025-10-04T04:16:24.407
CVE-2025-57969,0.000390000,0.116660000,0.4097639981490051,2025-12-16,2025-12-16,CVE-2025-57969,4.3,2025-09-22T21:22:33.590
CVE-2025-57968,0.000210000,0.047650000,0.26862563627950026,2025-12-16,2025-12-16,CVE-2025-57968,7.1,2025-09-22T21:22:33.590
CVE-2025-57967,0.000450000,0.138340000,0.561082832022212,2025-12-16,2025-12-16,CVE-2025-57967,6.5,2025-09-22T21:22:33.590
CVE-2025-57966,0.000450000,0.138340000,0.561082832022212,2025-12-16,2025-12-16,CVE-2025-57966,6.5,2025-09-22T21:22:33.590
CVE-2025-57965,0.000450000,0.138340000,0.561082832022212,2025-12-16,2025-12-16,CVE-2025-57965,6.5,2025-09-22T21:22:33.590
CVE-2025-57964,0.000450000,0.138340000,0.561082832022212,2025-12-16,2025-12-16,CVE-2025-57964,6.5,2025-09-22T21:22:33.590
CVE-2025-57963,0.000450000,0.138340000,0.561082832022212,2025-12-16,2025-12-16,CVE-2025-57963,6.5,2025-09-22T21:22:33.590
CVE-2025-57962,0.000420000,0.124970000,0.4872744099953725,2025-12-16,2025-12-16,CVE-2025-57962,5.9,2025-09-22T21:22:33.590
CVE-2025-57961,0.000530000,0.166880000,0.6982878297084683,2025-12-16,2025-12-16,CVE-2025-57961,4.3,2025-09-22T21:22:33.590
CVE-2025-57960,0.000200000,0.044440000,0.24086071263304026,2025-12-16,2025-12-16,CVE-2025-57960,4.3,2025-09-22T21:22:33.590
CVE-2025-57959,0.000420000,0.124970000,0.4872744099953725,2025-12-16,2025-12-16,CVE-2025-57959,5.9,2025-09-22T21:22:33.590
CVE-2025-57958,0.000420000,0.125880000,0.4872744099953725,2025-12-16,2025-12-16,CVE-2025-57958,5.3,2025-09-22T21:22:33.590
CVE-2025-57957,0.000420000,0.125880000,0.4872744099953725,2025-12-16,2025-12-16,CVE-2025-57957,5.3,2025-09-22T21:22:33.590
CVE-2025-57956,0.000420000,0.124970000,0.4872744099953725,2025-12-16,2025-12-16,CVE-2025-57956,5.9,2025-09-22T21:22:33.590
CVE-2025-57955,0.000420000,0.127210000,0.4872744099953725,2025-12-16,2025-12-16,CVE-2025-57955,6.5,2025-09-22T21:22:33.590
CVE-2025-57954,0.000450000,0.138340000,0.561082832022212,2025-12-16,2025-12-16,CVE-2025-57954,6.5,2025-09-22T21:22:33.590
CVE-2025-57953,0.000450000,0.138340000,0.561082832022212,2025-12-16,2025-12-16,CVE-2025-57953,6.5,2025-09-22T21:22:33.590
CVE-2025-57952,0.000420000,0.124970000,0.4872744099953725,2025-12-16,2025-12-16,CVE-2025-57952,5.9,2025-09-22T21:22:33.590
CVE-2025-57951,0.000420000,0.124970000,0.4872744099953725,2025-12-16,2025-12-16,CVE-2025-57951,5.9,2025-09-22T21:22:33.590
CVE-2025-57950,0.000420000,0.124970000,0.4872744099953725,2025-12-16,2025-12-16,CVE-2025-57950,5.9,2025-09-22T21:22:33.590
CVE-2025-57949,0.000530000,0.166880000,0.6982878297084683,2025-12-16,2025-12-16,CVE-2025-57949,5.4,2025-09-22T21:22:33.590
CVE-2025-57948,0.000450000,0.138340000,0.561082832022212,2025-12-16,2025-12-16,CVE-2025-57948,6.5,2025-09-22T21:22:33.590
CVE-2025-57947,0.000450000,0.138340000,0.561082832022212,2025-12-16,2025-12-16,CVE-2025-57947,6.5,2025-09-22T21:22:33.590
CVE-2025-57946,0.000200000,0.046390000,0.24086071263304026,2025-12-16,2025-12-16,CVE-2025-57946,5.4,2025-09-22T21:22:33.590
CVE-2025-57945,0.000420000,0.124970000,0.4872744099953725,2025-12-16,2025-12-16,CVE-2025-57945,5.9,2025-09-22T21:22:33.590
CVE-2025-57944,0.000420000,0.125880000,0.4872744099953725,2025-12-16,2025-12-16,CVE-2025-57944,5.3,2025-09-22T21:22:33.590
CVE-2025-58992,0.000450000,0.138340000,0.561082832022212,2025-12-16,2025-12-16,CVE-2025-58992,6.5,2025-09-22T21:22:16.313
CVE-2025-58974,0.000450000,0.138340000,0.561082832022212,2025-12-16,2025-12-16,CVE-2025-58974,6.5,2025-09-22T21:22:16.313
CVE-2025-58973,0.001700000,0.387690000,0.9113836186950486,2025-12-16,2025-12-16,CVE-2025-58973,7.5,2025-09-22T21:22:16.313
CVE-2025-58969,0.000420000,0.125880000,0.4872744099953725,2025-12-16,2025-12-16,CVE-2025-58969,5.3,2025-09-22T21:22:16.313
CVE-2025-58968,0.000370000,0.109200000,0.36742248958815366,2025-12-16,2025-12-16,CVE-2025-58968,5.0,2025-09-22T21:22:16.313
CVE-2025-58965,0.000450000,0.138340000,0.561082832022212,2025-12-16,2025-12-16,CVE-2025-58965,6.5,2025-09-22T21:22:16.313
CVE-2025-58962,0.000370000,0.109200000,0.36742248958815366,2025-12-16,2025-12-16,CVE-2025-58962,6.4,2025-09-22T21:22:16.313
CVE-2025-58960,0.000420000,0.124970000,0.4872744099953725,2025-12-16,2025-12-16,CVE-2025-58960,5.9,2025-09-22T21:22:16.313
CVE-2025-58957,0.000390000,0.116660000,0.4097639981490051,2025-12-16,2025-12-16,CVE-2025-58957,4.3,2025-09-22T21:22:16.313
CVE-2025-58956,0.000190000,0.043490000,0.2038408144377603,2025-12-16,2025-12-16,CVE-2025-58956,7.1,2025-09-22T21:22:16.313
CVE-2025-58704,0.000450000,0.138340000,0.561082832022212,2025-12-16,2025-12-16,CVE-2025-58704,6.5,2025-09-22T21:22:16.313
CVE-2025-58703,0.000450000,0.138340000,0.561082832022212,2025-12-16,2025-12-16,CVE-2025-58703,6.5,2025-09-22T21:22:16.313
CVE-2025-58702,0.000450000,0.138340000,0.561082832022212,2025-12-16,2025-12-16,CVE-2025-58702,6.5,2025-09-22T21:22:16.313
CVE-2025-58691,0.000450000,0.138340000,0.561082832022212,2025-12-16,2025-12-16,CVE-2025-58691,6.5,2025-09-22T21:22:16.313
CVE-2025-58690,0.000190000,0.043490000,0.2038408144377603,2025-12-16,2025-12-16,CVE-2025-58690,7.1,2025-09-22T21:22:16.313
CVE-2025-58689,0.000450000,0.138340000,0.561082832022212,2025-12-16,2025-12-16,CVE-2025-58689,6.5,2025-09-22T21:22:16.313
CVE-2025-58688,0.000190000,0.043490000,0.2038408144377603,2025-12-16,2025-12-16,CVE-2025-58688,7.1,2025-09-22T21:22:16.313
CVE-2025-58687,0.000190000,0.043490000,0.2038408144377603,2025-12-16,2025-12-16,CVE-2025-58687,7.1,2025-09-22T21:22:16.313
CVE-2025-58686,0.000440000,0.135040000,0.549976862563628,2025-12-16,2025-12-16,CVE-2025-58686,8.5,2025-09-22T21:22:16.313
CVE-2025-58685,0.000420000,0.125880000,0.4872744099953725,2025-12-16,2025-12-16,CVE-2025-58685,5.3,2025-09-22T21:22:16.313
CVE-2025-58684,0.000450000,0.138340000,0.561082832022212,2025-12-16,2025-12-16,CVE-2025-58684,6.5,2025-09-22T21:22:16.313
CVE-2025-58683,0.000450000,0.138340000,0.561082832022212,2025-12-16,2025-12-16,CVE-2025-58683,6.5,2025-09-22T21:22:16.313
CVE-2025-58682,0.000450000,0.138340000,0.561082832022212,2025-12-16,2025-12-16,CVE-2025-58682,6.5,2025-09-22T21:22:16.313
CVE-2025-58681,0.000420000,0.127380000,0.4872744099953725,2025-12-16,2025-12-16,CVE-2025-58681,5.3,2025-09-22T21:22:16.313
CVE-2025-58680,0.000420000,0.127210000,0.4872744099953725,2025-12-16,2025-12-16,CVE-2025-58680,6.5,2025-09-22T21:22:16.313
CVE-2025-58679,0.000420000,0.127380000,0.4872744099953725,2025-12-16,2025-12-16,CVE-2025-58679,5.3,2025-09-22T21:22:16.313
CVE-2025-58678,0.000420000,0.127210000,0.4872744099953725,2025-12-16,2025-12-16,CVE-2025-58678,6.5,2025-09-22T21:22:16.313
CVE-2025-58677,0.000190000,0.043490000,0.2038408144377603,2025-12-16,2025-12-16,CVE-2025-58677,7.1,2025-09-22T21:22:16.313
CVE-2025-58676,0.000190000,0.043490000,0.2038408144377603,2025-12-16,2025-12-16,CVE-2025-58676,7.1,2025-09-22T21:22:16.313
CVE-2025-58675,0.000200000,0.044440000,0.24086071263304026,2025-12-16,2025-12-16,CVE-2025-58675,4.3,2025-09-22T21:22:16.313
CVE-2025-58673,0.000420000,0.128520000,0.4872744099953725,2025-12-16,2025-12-16,CVE-2025-58673,5.4,2025-09-22T21:22:16.313
CVE-2025-58672,0.000530000,0.166880000,0.6982878297084683,2025-12-16,2025-12-16,CVE-2025-58672,5.4,2025-09-22T21:22:16.313
CVE-2025-58671,0.000450000,0.139800000,0.561082832022212,2025-12-16,2025-12-16,CVE-2025-58671,7.1,2025-09-22T21:22:16.313
CVE-2025-58670,0.000190000,0.043490000,0.2038408144377603,2025-12-16,2025-12-16,CVE-2025-58670,7.1,2025-09-22T21:22:16.313
CVE-2025-58669,0.000420000,0.124970000,0.4872744099953725,2025-12-16,2025-12-16,CVE-2025-58669,5.9,2025-09-22T21:22:16.313
CVE-2025-58668,0.000460000,0.140210000,0.6200832947709394,2025-12-16,2025-12-16,CVE-2025-58668,9.8,2025-12-12T19:45:14.193
CVE-2025-58667,0.000530000,0.166880000,0.6982878297084683,2025-12-16,2025-12-16,CVE-2025-58667,5.4,2025-09-22T21:22:16.313
CVE-2025-58666,0.000390000,0.116660000,0.4097639981490051,2025-12-16,2025-12-16,CVE-2025-58666,4.3,2025-09-22T21:22:16.313
CVE-2025-58665,0.000420000,0.124970000,0.4872744099953725,2025-12-16,2025-12-16,CVE-2025-58665,5.9,2025-09-22T21:22:16.313
CVE-2025-58664,0.000390000,0.116660000,0.4097639981490051,2025-12-16,2025-12-16,CVE-2025-58664,4.3,2025-09-22T21:22:16.313
CVE-2025-58663,0.000390000,0.116660000,0.4097639981490051,2025-12-16,2025-12-16,CVE-2025-58663,4.3,2025-09-22T21:22:16.313
CVE-2025-58662,0.000660000,0.204740000,0.7873669597408607,2025-12-16,2025-12-16,CVE-2025-58662,7.2,2025-09-22T21:22:16.313
CVE-2025-58661,0.000420000,0.124970000,0.4872744099953725,2025-12-16,2025-12-16,CVE-2025-58661,5.9,2025-09-22T21:22:16.313
CVE-2025-58660,0.000530000,0.166880000,0.6982878297084683,2025-12-16,2025-12-16,CVE-2025-58660,5.4,2025-09-22T21:22:16.313
CVE-2025-58659,0.000420000,0.127380000,0.4872744099953725,2025-12-16,2025-12-16,CVE-2025-58659,5.3,2025-09-22T21:22:16.313
CVE-2025-58658,0.000420000,0.124970000,0.4872744099953725,2025-12-16,2025-12-16,CVE-2025-58658,5.9,2025-09-22T21:22:16.313
CVE-2025-58657,0.000190000,0.043490000,0.2038408144377603,2025-12-16,2025-12-16,CVE-2025-58657,7.1,2025-09-22T21:22:16.313
CVE-2025-58656,0.000420000,0.127380000,0.4872744099953725,2025-12-16,2025-12-16,CVE-2025-58656,5.3,2025-09-22T21:22:16.313
CVE-2025-58655,0.000420000,0.124970000,0.4872744099953725,2025-12-16,2025-12-16,CVE-2025-58655,5.9,2025-09-22T21:22:16.313
CVE-2025-58654,0.000450000,0.138340000,0.561082832022212,2025-12-16,2025-12-16,CVE-2025-58654,6.5,2025-09-22T21:22:16.313
CVE-2025-58653,0.000450000,0.138340000,0.561082832022212,2025-12-16,2025-12-16,CVE-2025-58653,6.5,2025-09-22T21:22:16.313
CVE-2025-58652,0.000450000,0.138340000,0.561082832022212,2025-12-16,2025-12-16,CVE-2025-58652,6.5,2025-09-22T21:22:16.313
CVE-2025-58651,0.000450000,0.138340000,0.561082832022212,2025-12-16,2025-12-16,CVE-2025-58651,6.5,2025-09-22T21:22:16.313
CVE-2025-58650,0.000530000,0.166880000,0.6982878297084683,2025-12-16,2025-12-16,CVE-2025-58650,5.4,2025-09-22T21:22:16.313
CVE-2025-58649,0.000410000,0.122160000,0.475937066173068,2025-12-16,2025-12-16,CVE-2025-58649,4.3,2025-09-22T21:22:16.313
CVE-2025-58648,0.000450000,0.138340000,0.561082832022212,2025-12-16,2025-12-16,CVE-2025-58648,6.5,2025-09-22T21:22:16.313
CVE-2025-58647,0.000420000,0.124970000,0.4872744099953725,2025-12-16,2025-12-16,CVE-2025-58647,5.9,2025-09-22T21:22:16.313
CVE-2025-58646,0.000420000,0.124970000,0.4872744099953725,2025-12-16,2025-12-16,CVE-2025-58646,5.9,2025-09-22T21:22:16.313
CVE-2025-58645,0.000420000,0.124970000,0.4872744099953725,2025-12-16,2025-12-16,CVE-2025-58645,5.9,2025-09-22T21:22:16.313
CVE-2025-58271,0.000420000,0.124970000,0.4872744099953725,2025-12-16,2025-12-16,CVE-2025-58271,5.9,2025-09-22T21:22:16.313
CVE-2025-58270,0.000190000,0.043490000,0.2038408144377603,2025-12-16,2025-12-16,CVE-2025-58270,7.1,2025-09-22T21:22:16.313
CVE-2025-58269,0.000420000,0.127380000,0.4872744099953725,2025-12-16,2025-12-16,CVE-2025-58269,5.3,2025-09-22T21:22:16.313
CVE-2025-58268,0.000190000,0.043490000,0.2038408144377603,2025-12-16,2025-12-16,CVE-2025-58268,7.1,2025-09-22T21:22:16.313
CVE-2025-58267,0.000190000,0.043490000,0.2038408144377603,2025-12-16,2025-12-16,CVE-2025-58267,7.1,2025-09-22T21:22:16.313
CVE-2025-58266,0.000420000,0.124970000,0.4872744099953725,2025-12-16,2025-12-16,CVE-2025-58266,5.9,2025-09-22T21:22:16.313
CVE-2025-58265,0.000450000,0.138340000,0.561082832022212,2025-12-16,2025-12-16,CVE-2025-58265,6.5,2025-09-22T21:22:16.313
CVE-2025-58264,0.000450000,0.138340000,0.561082832022212,2025-12-16,2025-12-16,CVE-2025-58264,6.5,2025-09-22T21:22:16.313
CVE-2025-58263,0.000450000,0.138340000,0.561082832022212,2025-12-16,2025-12-16,CVE-2025-58263,6.5,2025-09-22T21:22:16.313
CVE-2025-58262,0.000190000,0.043490000,0.2038408144377603,2025-12-16,2025-12-16,CVE-2025-58262,7.1,2025-09-22T21:22:16.313
CVE-2025-58261,0.000190000,0.043490000,0.2038408144377603,2025-12-16,2025-12-16,CVE-2025-58261,7.1,2025-09-22T21:22:16.313
CVE-2025-58260,0.000450000,0.138340000,0.561082832022212,2025-12-16,2025-12-16,CVE-2025-58260,6.5,2025-09-22T21:22:16.313
CVE-2025-58259,0.000210000,0.047990000,0.26862563627950026,2025-12-16,2025-12-16,CVE-2025-58259,7.1,2025-09-22T21:22:16.313
CVE-2025-58258,0.000370000,0.109200000,0.36742248958815366,2025-12-16,2025-12-16,CVE-2025-58258,4.3,2025-09-22T21:22:16.313
CVE-2025-58257,0.000450000,0.138340000,0.561082832022212,2025-12-16,2025-12-16,CVE-2025-58257,6.5,2025-09-22T21:22:16.313
CVE-2025-58256,0.000420000,0.124970000,0.4872744099953725,2025-12-16,2025-12-16,CVE-2025-58256,5.9,2025-09-22T21:22:16.313
CVE-2025-58255,0.000240000,0.057350000,0.2940768162887552,2025-12-16,2025-12-16,CVE-2025-58255,9.6,2025-09-22T21:22:16.313
CVE-2025-58254,0.000450000,0.138340000,0.561082832022212,2025-12-16,2025-12-16,CVE-2025-58254,6.5,2025-09-22T21:22:16.313
CVE-2025-58253,0.000450000,0.138340000,0.561082832022212,2025-12-16,2025-12-16,CVE-2025-58253,6.5,2025-09-22T21:22:16.313
CVE-2025-58252,0.000410000,0.122160000,0.475937066173068,2025-12-16,2025-12-16,CVE-2025-58252,4.3,2025-09-22T21:22:16.313
CVE-2025-58251,0.000390000,0.116660000,0.4097639981490051,2025-12-16,2025-12-16,CVE-2025-58251,4.3,2025-09-22T21:22:16.313
CVE-2025-58250,0.000320000,0.086310000,0.32855159648310966,2025-12-16,2025-12-16,CVE-2025-58250,8.8,2025-09-22T21:22:16.313
CVE-2025-58249,0.000410000,0.122160000,0.475937066173068,2025-12-16,2025-12-16,CVE-2025-58249,4.3,2025-09-22T21:22:16.313
CVE-2025-58248,0.000450000,0.138340000,0.561082832022212,2025-12-16,2025-12-16,CVE-2025-58248,6.5,2025-09-22T21:22:16.313
CVE-2025-58247,0.000420000,0.127380000,0.4872744099953725,2025-12-16,2025-12-16,CVE-2025-58247,5.3,2025-09-22T21:22:16.313
CVE-2025-58245,0.000420000,0.124970000,0.4872744099953725,2025-12-16,2025-12-16,CVE-2025-58245,5.9,2025-09-22T21:22:16.313
CVE-2025-58244,0.000240000,0.057350000,0.2940768162887552,2025-12-16,2025-12-16,CVE-2025-58244,8.8,2025-09-22T21:22:16.313
CVE-2025-58242,0.000450000,0.138340000,0.561082832022212,2025-12-16,2025-12-16,CVE-2025-58242,6.5,2025-09-22T21:22:16.313
CVE-2025-58241,0.000450000,0.138340000,0.561082832022212,2025-12-16,2025-12-16,CVE-2025-58241,6.5,2025-09-22T21:22:16.313
CVE-2025-58240,0.000450000,0.138340000,0.561082832022212,2025-12-16,2025-12-16,CVE-2025-58240,6.5,2025-09-22T21:22:16.313
CVE-2025-58239,0.000450000,0.138340000,0.561082832022212,2025-12-16,2025-12-16,CVE-2025-58239,6.5,2025-09-22T21:22:16.313
CVE-2025-58238,0.000450000,0.138340000,0.561082832022212,2025-12-16,2025-12-16,CVE-2025-58238,6.5,2025-09-22T21:22:16.313
CVE-2025-58237,0.000450000,0.138340000,0.561082832022212,2025-12-16,2025-12-16,CVE-2025-58237,6.5,2025-09-22T21:22:16.313
CVE-2025-58236,0.000200000,0.044440000,0.24086071263304026,2025-12-16,2025-12-16,CVE-2025-58236,4.3,2025-09-22T21:22:16.313
CVE-2025-58235,0.000450000,0.138340000,0.561082832022212,2025-12-16,2025-12-16,CVE-2025-58235,6.5,2025-09-22T21:22:16.313
CVE-2025-58234,0.000450000,0.138340000,0.561082832022212,2025-12-16,2025-12-16,CVE-2025-58234,6.5,2025-09-22T21:22:16.313
CVE-2025-58233,0.000450000,0.138340000,0.561082832022212,2025-12-16,2025-12-16,CVE-2025-58233,6.5,2025-09-22T21:22:16.313
CVE-2025-58232,0.000450000,0.138340000,0.561082832022212,2025-12-16,2025-12-16,CVE-2025-58232,6.5,2025-09-22T21:22:16.313
CVE-2025-58231,0.000450000,0.138340000,0.561082832022212,2025-12-16,2025-12-16,CVE-2025-58231,6.5,2025-09-22T21:22:16.313
CVE-2025-58230,0.000450000,0.138340000,0.561082832022212,2025-12-16,2025-12-16,CVE-2025-58230,6.5,2025-09-22T21:22:16.313
CVE-2025-58229,0.000450000,0.138340000,0.561082832022212,2025-12-16,2025-12-16,CVE-2025-58229,6.5,2025-09-22T21:22:16.313
CVE-2025-9960,0.000610000,0.192700000,0.7570569180934752,2025-12-16,2025-12-16,CVE-2025-9960,,2025-09-22T21:22:16.313
CVE-2025-9495,0.000390000,0.114690000,0.4097639981490051,2025-12-16,2025-12-16,CVE-2025-9495,,2025-09-24T18:11:24.520
CVE-2025-9494,0.005130000,0.658090000,0.96760758907913,2025-12-16,2025-12-16,CVE-2025-9494,,2025-09-24T18:11:24.520
CVE-2025-9321,0.001120000,0.304310000,0.8808422026839426,2025-12-16,2025-12-16,CVE-2025-9321,9.8,2025-09-24T18:11:24.520
CVE-2025-8902,0.000430000,0.130850000,0.5279962980101804,2025-12-16,2025-12-16,CVE-2025-8902,6.4,2025-09-24T18:11:24.520
CVE-2025-8892,0.000290000,0.075240000,0.3167515039333642,2025-12-16,2025-12-16,CVE-2025-8892,7.8,2025-09-25T18:24:00.030
CVE-2025-59592,0.000450000,0.138340000,0.561082832022212,2025-12-16,2025-12-16,CVE-2025-59592,6.5,2025-09-22T21:22:16.313
CVE-2025-59591,0.000390000,0.116660000,0.4097639981490051,2025-12-16,2025-12-16,CVE-2025-59591,4.3,2025-09-22T21:22:16.313
CVE-2025-59590,0.000420000,0.124970000,0.4872744099953725,2025-12-16,2025-12-16,CVE-2025-59590,5.9,2025-09-22T21:22:16.313
CVE-2025-59589,0.000450000,0.138340000,0.561082832022212,2025-12-16,2025-12-16,CVE-2025-59589,6.5,2025-09-22T21:22:16.313
CVE-2025-59588,0.001700000,0.387690000,0.9113836186950486,2025-12-16,2025-12-16,CVE-2025-59588,7.5,2025-09-22T21:22:16.313
CVE-2025-59587,0.000450000,0.138340000,0.561082832022212,2025-12-16,2025-12-16,CVE-2025-59587,6.5,2025-09-22T21:22:16.313
CVE-2025-59586,0.000450000,0.138340000,0.561082832022212,2025-12-16,2025-12-16,CVE-2025-59586,6.5,2025-09-22T21:22:16.313
CVE-2025-59585,0.000450000,0.138340000,0.561082832022212,2025-12-16,2025-12-16,CVE-2025-59585,6.5,2025-09-22T21:22:16.313
CVE-2025-59584,0.000450000,0.138340000,0.561082832022212,2025-12-16,2025-12-16,CVE-2025-59584,6.5,2025-09-22T21:22:16.313
CVE-2025-59583,0.000450000,0.138340000,0.561082832022212,2025-12-16,2025-12-16,CVE-2025-59583,6.5,2025-09-22T21:22:16.313
CVE-2025-59582,0.000410000,0.123170000,0.475937066173068,2025-12-16,2025-12-16,CVE-2025-59582,5.3,2025-09-22T21:22:16.313
CVE-2025-59581,0.000550000,0.171630000,0.7142526608051828,2025-12-16,2025-12-16,CVE-2025-59581,6.5,2025-09-22T21:22:16.313
CVE-2025-59577,0.000500000,0.155380000,0.6753817677001388,2025-12-16,2025-12-16,CVE-2025-59577,4.3,2025-09-22T21:22:16.313
CVE-2025-59576,0.000390000,0.116660000,0.4097639981490051,2025-12-16,2025-12-16,CVE-2025-59576,6.5,2025-09-22T21:22:16.313
CVE-2025-59574,0.000450000,0.138340000,0.561082832022212,2025-12-16,2025-12-16,CVE-2025-59574,6.5,2025-09-22T21:22:16.313
CVE-2025-59573,0.000580000,0.182590000,0.7376214715409533,2025-12-16,2025-12-16,CVE-2025-59573,5.3,2025-09-22T21:22:16.313
CVE-2025-59572,0.000240000,0.057350000,0.2940768162887552,2025-12-16,2025-12-16,CVE-2025-59572,8.8,2025-09-22T21:22:16.313
CVE-2025-59570,0.000410000,0.122460000,0.475937066173068,2025-12-16,2025-12-16,CVE-2025-59570,7.6,2025-09-22T21:22:16.313
CVE-2025-59569,0.000450000,0.138340000,0.561082832022212,2025-12-16,2025-12-16,CVE-2025-59569,6.5,2025-09-22T21:22:16.313
CVE-2025-59568,0.000200000,0.044440000,0.24086071263304026,2025-12-16,2025-12-16,CVE-2025-59568,4.3,2025-09-22T21:22:16.313
CVE-2025-59567,0.000470000,0.144760000,0.6291068949560389,2025-12-16,2025-12-16,CVE-2025-59567,5.5,2025-09-22T21:22:16.313
CVE-2025-59565,0.000450000,0.138340000,0.561082832022212,2025-12-16,2025-12-16,CVE-2025-59565,6.5,2025-09-22T21:22:16.313
CVE-2025-59562,0.000480000,0.149150000,0.6385932438685794,2025-12-16,2025-12-16,CVE-2025-59562,5.5,2025-09-22T21:22:16.313
CVE-2025-59561,0.000390000,0.116660000,0.4097639981490051,2025-12-16,2025-12-16,CVE-2025-59561,4.3,2025-09-22T21:22:16.313
CVE-2025-59559,0.000390000,0.116660000,0.4097639981490051,2025-12-16,2025-12-16,CVE-2025-59559,4.3,2025-09-22T21:22:16.313
CVE-2025-59553,0.000450000,0.138340000,0.561082832022212,2025-12-16,2025-12-16,CVE-2025-59553,6.5,2025-09-22T21:22:16.313
CVE-2025-59552,0.000450000,0.138340000,0.561082832022212,2025-12-16,2025-12-16,CVE-2025-59552,6.5,2025-09-22T21:22:16.313
CVE-2025-59551,0.000390000,0.116660000,0.4097639981490051,2025-12-16,2025-12-16,CVE-2025-59551,4.3,2025-09-22T21:22:16.313
CVE-2025-59549,0.000450000,0.138340000,0.561082832022212,2025-12-16,2025-12-16,CVE-2025-59549,6.5,2025-09-22T21:22:16.313
CVE-2025-59535,0.001170000,0.312700000,0.8875520592318371,2025-12-16,2025-12-16,CVE-2025-59535,6.5,2025-09-29T12:53:14.557
CVE-2025-59532,0.001780000,0.397150000,0.9160111059694586,2025-12-16,2025-12-16,CVE-2025-59532,,2025-09-22T21:22:16.313
CVE-2025-59528,0.789040000,0.990050000,1.0,2025-12-16,2025-12-16,CVE-2025-59528,10.0,2025-09-23T16:45:09.443
CVE-2025-59527,0.000690000,0.213000000,0.7989356779268857,2025-12-16,2025-12-16,CVE-2025-59527,7.5,2025-09-23T16:47:43.363
CVE-2025-59526,0.000700000,0.217840000,0.8010180472003702,2025-12-16,2025-12-16,CVE-2025-59526,,2025-09-22T21:22:16.313
CVE-2025-59434,0.000420000,0.127210000,0.4872744099953725,2025-12-16,2025-12-16,CVE-2025-59434,9.6,2025-09-22T21:22:16.313
CVE-2025-59433,0.000430000,0.129190000,0.5279962980101804,2025-12-16,2025-12-16,CVE-2025-59433,5.3,2025-09-22T21:22:16.313
CVE-2025-59432,0.001910000,0.412280000,0.9208699676075891,2025-12-16,2025-12-16,CVE-2025-59432,,2025-09-22T21:22:16.313
CVE-2025-59430,0.000480000,0.149400000,0.6385932438685794,2025-12-16,2025-12-16,CVE-2025-59430,8.2,2025-09-22T21:22:16.313
CVE-2025-58915,0.000450000,0.138340000,0.561082832022212,2025-12-16,2025-12-16,CVE-2025-58915,6.5,2025-09-24T18:11:24.520
CVE-2025-57205,0.000480000,0.149350000,0.6385932438685794,2025-12-16,2025-12-16,CVE-2025-57205,5.4,2025-10-03T17:43:02.160
CVE-2025-57204,0.000480000,0.149350000,0.6385932438685794,2025-12-16,2025-12-16,CVE-2025-57204,5.4,2025-10-03T17:45:38.487
CVE-2025-57203,0.000450000,0.138980000,0.561082832022212,2025-12-16,2025-12-16,CVE-2025-57203,4.8,2025-10-03T17:49:07.950
CVE-2025-47910,0.000120000,0.013890000,0.040953262378528456,2025-12-16,2025-12-16,CVE-2025-47910,5.4,2025-09-24T14:15:49.437
CVE-2025-43814,0.000570000,0.179300000,0.7279037482646923,2025-12-16,2025-12-16,CVE-2025-43814,6.5,2025-12-12T19:36:16.690
CVE-2025-43810,0.000490000,0.154250000,0.6503933364183249,2025-12-16,2025-12-16,CVE-2025-43810,4.3,2025-12-12T19:36:56.567
CVE-2025-43806,0.000510000,0.160020000,0.6850994909763998,2025-12-16,2025-12-16,CVE-2025-43806,4.3,2025-12-12T19:37:57.703
CVE-2025-42907,0.000390000,0.116660000,0.4097639981490051,2025-12-16,2025-12-16,CVE-2025-42907,4.3,2025-09-24T18:11:24.520
CVE-2025-39880,0.000360000,0.104690000,0.3486811661267932,2025-12-16,2025-12-16,CVE-2025-39880,,2025-11-03T18:16:51.660
CVE-2025-39879,0.000190000,0.042720000,0.2038408144377603,2025-12-16,2025-12-16,CVE-2025-39879,5.5,2025-12-12T20:09:49.803
CVE-2025-39878,0.000190000,0.042720000,0.2038408144377603,2025-12-16,2025-12-16,CVE-2025-39878,5.5,2025-12-11T19:39:01.413
CVE-2025-39877,0.000360000,0.104690000,0.3486811661267932,2025-12-16,2025-12-16,CVE-2025-39877,,2025-11-03T18:16:51.567
CVE-2025-39876,0.000490000,0.153250000,0.6503933364183249,2025-12-16,2025-12-16,CVE-2025-39876,,2025-11-03T18:16:51.470
CVE-2025-39875,0.000190000,0.042720000,0.2038408144377603,2025-12-16,2025-12-16,CVE-2025-39875,5.5,2025-12-11T19:36:48.990
CVE-2025-39874,0.000190000,0.042720000,0.2038408144377603,2025-12-16,2025-12-16,CVE-2025-39874,5.5,2025-12-12T18:48:05.237
CVE-2025-39873,0.000350000,0.099800000,0.33896344285053215,2025-12-16,2025-12-16,CVE-2025-39873,,2025-11-03T18:16:51.370
CVE-2025-39872,0.000190000,0.042720000,0.2038408144377603,2025-12-16,2025-12-16,CVE-2025-39872,5.5,2025-12-12T19:01:42.707
CVE-2025-39871,0.000210000,0.048220000,0.26862563627950026,2025-12-16,2025-12-16,CVE-2025-39871,7.8,2025-12-12T19:01:59.340
CVE-2025-39870,0.000360000,0.104690000,0.3486811661267932,2025-12-16,2025-12-16,CVE-2025-39870,,2025-11-03T18:16:51.273
CVE-2025-39869,0.000490000,0.153250000,0.6503933364183249,2025-12-16,2025-12-16,CVE-2025-39869,,2025-11-03T18:16:51.170
CVE-2025-39868,0.000190000,0.042980000,0.2038408144377603,2025-12-16,2025-12-16,CVE-2025-39868,7.8,2025-12-12T19:04:50.107
CVE-2025-26399,0.004260000,0.616320000,0.9627487274409995,2025-12-16,2025-12-16,CVE-2025-26399,9.8,2025-11-14T23:41:16.280
CVE-2025-1131,0.000440000,0.133020000,0.549976862563628,2025-12-16,2025-12-16,CVE-2025-1131,7.8,2025-11-03T18:15:48.883
CVE-2025-10843,0.000370000,0.107380000,0.36742248958815366,2025-12-16,2025-12-16,CVE-2025-10843,9.8,2025-11-13T16:26:46.293
CVE-2025-10842,0.000390000,0.114110000,0.4097639981490051,2025-12-16,2025-12-16,CVE-2025-10842,9.8,2025-09-25T16:13:01.737
CVE-2025-10841,0.000390000,0.114110000,0.4097639981490051,2025-12-16,2025-12-16,CVE-2025-10841,9.8,2025-09-25T16:13:12.690
CVE-2025-10840,0.000370000,0.109070000,0.36742248958815366,2025-12-16,2025-12-16,CVE-2025-10840,8.8,2025-09-25T16:14:17.033
CVE-2025-10839,0.000370000,0.109070000,0.36742248958815366,2025-12-16,2025-12-16,CVE-2025-10839,8.8,2025-09-25T16:14:43.343
CVE-2025-10838,0.001120000,0.304400000,0.8808422026839426,2025-12-16,2025-12-16,CVE-2025-10838,8.8,2025-10-03T15:09:55.663
CVE-2025-10837,0.000370000,0.105910000,0.36742248958815366,2025-12-16,2025-12-16,CVE-2025-10837,5.4,2025-09-25T16:15:37.923
CVE-2025-10836,0.000390000,0.114110000,0.4097639981490051,2025-12-16,2025-12-16,CVE-2025-10836,9.8,2025-09-24T20:24:50.450
CVE-2025-10835,0.000510000,0.159110000,0.6850994909763998,2025-12-16,2025-12-16,CVE-2025-10835,8.8,2025-09-24T20:24:59.843
CVE-2025-10834,0.000390000,0.114110000,0.4097639981490051,2025-12-16,2025-12-16,CVE-2025-10834,9.8,2025-09-25T16:16:04.840
CVE-2025-10833,0.000390000,0.114110000,0.4097639981490051,2025-12-16,2025-12-16,CVE-2025-10833,9.8,2025-09-25T18:07:32.070
CVE-2025-10832,0.000390000,0.114110000,0.4097639981490051,2025-12-16,2025-12-16,CVE-2025-10832,9.8,2025-09-25T18:07:41.157
CVE-2025-10831,0.000520000,0.164310000,0.6929662193428968,2025-12-16,2025-12-16,CVE-2025-10831,9.8,2025-09-25T18:07:54.710
CVE-2025-10830,0.000390000,0.114110000,0.4097639981490051,2025-12-16,2025-12-16,CVE-2025-10830,9.8,2025-09-25T18:08:05.517
CVE-2025-10829,0.000390000,0.114110000,0.4097639981490051,2025-12-16,2025-12-16,CVE-2025-10829,9.8,2025-09-25T18:08:16.583
CVE-2025-10828,0.000370000,0.109070000,0.36742248958815366,2025-12-16,2025-12-16,CVE-2025-10828,8.8,2025-09-25T18:08:27.253
CVE-2025-10827,0.000470000,0.145490000,0.6291068949560389,2025-12-16,2025-12-16,CVE-2025-10827,6.1,2025-09-25T18:08:40.567
CVE-2025-10826,0.000370000,0.109070000,0.36742248958815366,2025-12-16,2025-12-16,CVE-2025-10826,8.8,2025-09-25T18:08:48.440
CVE-2025-10825,0.000370000,0.109070000,0.36742248958815366,2025-12-16,2025-12-16,CVE-2025-10825,8.8,2025-09-25T18:08:56.910
CVE-2025-10824,0.000190000,0.042020000,0.2038408144377603,2025-12-16,2025-12-16,CVE-2025-10824,5.3,2025-09-24T18:11:34.720
CVE-2025-10823,0.000190000,0.042200000,0.2038408144377603,2025-12-16,2025-12-16,CVE-2025-10823,3.3,2025-09-24T18:11:34.720
CVE-2025-10822,0.000350000,0.097600000,0.33896344285053215,2025-12-16,2025-12-16,CVE-2025-10822,4.3,2025-10-03T17:35:22.823
CVE-2025-10821,0.000350000,0.097600000,0.33896344285053215,2025-12-16,2025-12-16,CVE-2025-10821,4.3,2025-10-03T17:37:12.043
CVE-2025-10820,0.000350000,0.097600000,0.33896344285053215,2025-12-16,2025-12-16,CVE-2025-10820,4.3,2025-10-03T17:38:25.447
CVE-2025-10819,0.000350000,0.097600000,0.33896344285053215,2025-12-16,2025-12-16,CVE-2025-10819,4.3,2025-10-03T17:39:03.750
CVE-2025-10817,0.000370000,0.107380000,0.36742248958815366,2025-12-16,2025-12-16,CVE-2025-10817,9.8,2025-09-25T18:09:10.033
CVE-2025-10816,0.000630000,0.197280000,0.7700138824618232,2025-12-16,2025-12-16,CVE-2025-10816,9.8,2025-10-03T17:42:14.280
CVE-2025-10815,0.001090000,0.299090000,0.8773715872281351,2025-12-16,2025-12-16,CVE-2025-10815,8.8,2025-09-25T18:07:11.053
CVE-2025-10814,0.000990000,0.283730000,0.8651087459509487,2025-12-16,2025-12-16,CVE-2025-10814,8.8,2025-09-24T18:42:26.853
CVE-2025-10813,0.000370000,0.107380000,0.36742248958815366,2025-12-16,2025-12-16,CVE-2025-10813,9.8,2025-09-23T16:47:54.407
CVE-2025-10812,0.000390000,0.114110000,0.4097639981490051,2025-12-16,2025-12-16,CVE-2025-10812,9.8,2025-09-23T16:48:38.513
CVE-2025-10380,0.000670000,0.208420000,0.7933826931975937,2025-12-16,2025-12-16,CVE-2025-10380,8.8,2025-09-24T18:11:24.520
CVE-2025-9966,0.000230000,0.054640000,0.2892179546506247,2025-12-16,2025-12-16,CVE-2025-9966,,2025-11-03T19:16:18.400
CVE-2025-9965,0.002480000,0.479940000,0.9379916705229061,2025-12-16,2025-12-16,CVE-2025-9965,,2025-11-03T19:16:18.293
CVE-2025-9964,0.000270000,0.066770000,0.3098102730217492,2025-12-16,2025-12-16,CVE-2025-9964,,2025-11-03T19:16:18.187
CVE-2025-9963,0.000300000,0.081260000,0.3216103655714947,2025-12-16,2025-12-16,CVE-2025-9963,,2025-11-03T19:16:18.080
CVE-2025-9962,0.000830000,0.245860000,0.8380379453956501,2025-12-16,2025-12-16,CVE-2025-9962,,2025-11-03T19:16:17.970
CVE-2025-9900,0.000290000,0.076530000,0.3167515039333642,2025-12-16,2025-12-16,CVE-2025-9900,8.8,2025-12-10T19:16:35.283
CVE-2025-9846,0.002970000,0.526600000,0.94447015270708,2025-12-16,2025-12-16,CVE-2025-9846,10.0,2025-09-24T18:11:24.520
CVE-2025-9844,0.000610000,0.190190000,0.7570569180934752,2025-12-16,2025-12-16,CVE-2025-9844,8.8,2025-09-24T18:11:24.520
CVE-2025-9798,0.000540000,0.170970000,0.7084683017121703,2025-12-16,2025-12-16,CVE-2025-9798,8.9,2025-09-24T18:11:24.520
CVE-2025-9588,0.003920000,0.595540000,0.9581212401665895,2025-12-16,2025-12-16,CVE-2025-9588,9.8,2025-10-02T14:24:13.747
CVE-2025-9342,0.000420000,0.127210000,0.4872744099953725,2025-12-16,2025-12-16,CVE-2025-9342,6.5,2025-09-24T18:11:24.520
CVE-2025-9054,0.001470000,0.356660000,0.9023600185099491,2025-12-16,2025-12-16,CVE-2025-9054,9.8,2025-09-24T18:11:24.520
CVE-2025-9031,0.000410000,0.122160000,0.475937066173068,2025-12-16,2025-12-16,CVE-2025-9031,4.3,2025-09-24T18:11:24.520
CVE-2025-8410,0.000470000,0.144670000,0.6291068949560389,2025-12-16,2025-12-16,CVE-2025-8410,7.4,2025-10-01T18:38:30.100
CVE-2025-8354,0.000290000,0.075240000,0.3167515039333642,2025-12-16,2025-12-16,CVE-2025-8354,7.8,2025-10-02T21:16:01.800
CVE-2025-8282,0.000360000,0.103390000,0.3486811661267932,2025-12-16,2025-12-16,CVE-2025-8282,3.5,2025-11-13T21:15:54.797
CVE-2025-7106,0.000430000,0.130260000,0.5279962980101804,2025-12-16,2025-12-16,CVE-2025-7106,5.3,2025-10-20T19:00:25.837
CVE-2025-6921,0.000760000,0.231590000,0.8234613604812587,2025-12-16,2025-12-16,CVE-2025-6921,7.5,2025-10-10T21:31:30.230
CVE-2025-60020,0.000710000,0.218640000,0.8047200370198982,2025-12-16,2025-12-16,CVE-2025-60020,6.4,2025-09-24T18:11:24.520
CVE-2025-59826,0.000530000,0.168060000,0.6982878297084683,2025-12-16,2025-12-16,CVE-2025-59826,7.6,2025-10-08T16:35:50.263
CVE-2025-59825,0.000230000,0.052950000,0.2892179546506247,2025-12-16,2025-12-16,CVE-2025-59825,,2025-09-24T18:11:24.520
CVE-2025-59822,0.000580000,0.183570000,0.7376214715409533,2025-12-16,2025-12-16,CVE-2025-59822,7.5,2025-10-08T17:35:04.200
CVE-2025-59821,0.000440000,0.133590000,0.549976862563628,2025-12-16,2025-12-16,CVE-2025-59821,6.1,2025-09-29T12:58:27.157
CVE-2025-59548,0.000370000,0.106530000,0.36742248958815366,2025-12-16,2025-12-16,CVE-2025-59548,6.1,2025-09-29T12:58:02.710
CVE-2025-59547,0.000560000,0.174500000,0.7221193891716797,2025-12-16,2025-12-16,CVE-2025-59547,5.3,2025-09-29T12:57:09.407
CVE-2025-59546,0.000380000,0.109230000,0.4012031466913466,2025-12-16,2025-12-16,CVE-2025-59546,4.8,2025-09-29T12:56:28.353
CVE-2025-59545,0.000660000,0.205390000,0.7873669597408607,2025-12-16,2025-12-16,CVE-2025-59545,9.0,2025-09-29T12:56:04.663
CVE-2025-59539,0.000410000,0.121820000,0.475937066173068,2025-12-16,2025-12-16,CVE-2025-59539,5.4,2025-09-29T12:42:58.927
CVE-2025-59534,0.000370000,0.108580000,0.36742248958815366,2025-12-16,2025-12-16,CVE-2025-59534,7.8,2025-10-08T17:41:50.037
CVE-2025-59484,0.000130000,0.014310000,0.04349838037945396,2025-12-16,2025-12-16,CVE-2025-59484,8.3,2025-09-24T18:11:24.520
CVE-2025-58674,0.000420000,0.124970000,0.4872744099953725,2025-12-16,2025-12-16,CVE-2025-58674,5.9,2025-10-01T09:15:37.247
CVE-2025-58473,0.000820000,0.243880000,0.8361869504858862,2025-12-16,2025-12-16,CVE-2025-58473,5.9,2025-09-24T18:11:24.520
CVE-2025-58457,0.000930000,0.266410000,0.8537714021286441,2025-12-16,2025-12-16,CVE-2025-58457,4.3,2025-11-04T22:16:34.103
CVE-2025-58354,0.000630000,0.197520000,0.7700138824618232,2025-12-16,2025-12-16,CVE-2025-58354,,2025-09-24T18:11:24.520
CVE-2025-58319,0.000200000,0.046530000,0.24086071263304026,2025-12-16,2025-12-16,CVE-2025-58319,7.8,2025-09-25T18:19:38.530
CVE-2025-58317,0.000200000,0.046530000,0.24086071263304026,2025-12-16,2025-12-16,CVE-2025-58317,7.8,2025-09-25T18:19:30.327
CVE-2025-58246,0.000410000,0.122160000,0.475937066173068,2025-12-16,2025-12-16,CVE-2025-58246,4.3,2025-10-01T09:15:36.967
CVE-2025-58069,0.000420000,0.127380000,0.4872744099953725,2025-12-16,2025-12-16,CVE-2025-58069,5.3,2025-09-24T18:11:24.520
CVE-2025-57882,0.000610000,0.191430000,0.7570569180934752,2025-12-16,2025-12-16,CVE-2025-57882,5.9,2025-09-24T18:11:24.520
CVE-2025-57639,0.098080000,0.926970000,0.994909763998149,2025-12-16,2025-12-16,CVE-2025-57639,6.5,2025-09-25T16:09:17.580
CVE-2025-57638,0.000770000,0.232510000,0.8255437297547432,2025-12-16,2025-12-16,CVE-2025-57638,7.5,2025-09-25T16:09:10.880
CVE-2025-57637,0.000620000,0.195130000,0.7639981490050902,2025-12-16,2025-12-16,CVE-2025-57637,7.5,2025-09-25T16:09:01.097
CVE-2025-57636,0.046930000,0.889630000,0.9919018972697825,2025-12-16,2025-12-16,CVE-2025-57636,6.5,2025-09-25T16:07:18.607
CVE-2025-57407,0.000490000,0.153410000,0.6503933364183249,2025-12-16,2025-12-16,CVE-2025-57407,5.4,2025-10-08T18:10:20.997
CVE-2025-5717,0.003980000,0.599160000,0.9588153632577511,2025-12-16,2025-12-16,CVE-2025-5717,7.2,2025-11-21T21:34:06.837
CVE-2025-56394,0.000710000,0.219840000,0.8047200370198982,2025-12-16,2025-12-16,CVE-2025-56394,7.5,2025-10-08T17:56:44.457
CVE-2025-56311,0.000200000,0.046780000,0.24086071263304026,2025-12-16,2025-12-16,CVE-2025-56311,6.5,2025-10-28T21:15:38.783
CVE-2025-56304,0.000530000,0.165040000,0.6982878297084683,2025-12-16,2025-12-16,CVE-2025-56304,6.1,2025-10-08T18:09:35.137
CVE-2025-56146,0.000240000,0.057620000,0.2940768162887552,2025-12-16,2025-12-16,CVE-2025-56146,5.3,2025-10-28T21:15:38.210
CVE-2025-55780,0.000530000,0.165150000,0.6982878297084683,2025-12-16,2025-12-16,CVE-2025-55780,7.5,2025-10-08T18:04:01.977
CVE-2025-55069,0.000520000,0.162470000,0.6929662193428968,2025-12-16,2025-12-16,CVE-2025-55069,8.3,2025-09-24T18:11:24.520
CVE-2025-55038,0.000340000,0.096930000,0.3322535863026377,2025-12-16,2025-12-16,CVE-2025-55038,6.8,2025-09-24T18:11:24.520
CVE-2025-54855,0.000070000,0.003620000,0.015964831096714482,2025-12-16,2025-12-16,CVE-2025-54855,4.2,2025-09-24T18:11:24.520
CVE-2025-54081,0.000160000,0.028360000,0.06293382693197594,2025-12-16,2025-12-16,CVE-2025-54081,7.0,2025-10-08T17:48:27.567
CVE-2025-52905,0.002000000,0.423010000,0.9234150856085146,2025-12-16,2025-12-16,CVE-2025-52905,7.5,2025-10-08T18:06:28.473
CVE-2025-51005,0.000750000,0.228150000,0.8169828782970847,2025-12-16,2025-12-16,CVE-2025-51005,7.5,2025-10-08T17:54:03.633
CVE-2025-4993,0.000710000,0.219500000,0.8047200370198982,2025-12-16,2025-12-16,CVE-2025-4993,9.1,2025-10-01T18:40:15.517
CVE-2025-48459,0.002160000,0.441650000,0.9301249421564091,2025-12-16,2025-12-16,CVE-2025-48459,5.3,2025-11-04T22:16:17.327
CVE-2025-48392,0.002810000,0.511540000,0.9421564090698751,2025-12-16,2025-12-16,CVE-2025-48392,7.5,2025-11-04T22:16:17.157
CVE-2025-4760,0.000380000,0.109230000,0.4012031466913466,2025-12-16,2025-12-16,CVE-2025-4760,4.8,2025-11-21T21:29:56.007
CVE-2025-4582,0.000190000,0.042980000,0.2038408144377603,2025-12-16,2025-12-16,CVE-2025-4582,7.1,2025-10-02T13:43:38.587
CVE-2025-45326,0.001350000,0.339500000,0.8981952799629801,2025-12-16,2025-12-16,CVE-2025-45326,6.5,2025-10-17T15:11:07.393
CVE-2025-43819,0.000420000,0.125440000,0.4872744099953725,2025-12-16,2025-12-16,CVE-2025-43819,6.5,2025-12-15T18:20:14.943
CVE-2025-43779,0.000500000,0.154800000,0.6753817677001388,2025-12-16,2025-12-16,CVE-2025-43779,6.1,2025-12-15T18:19:33.093
CVE-2025-41716,0.000470000,0.145660000,0.6291068949560389,2025-12-16,2025-12-16,CVE-2025-41716,5.3,2025-09-24T18:11:24.520
CVE-2025-41715,0.001840000,0.404520000,0.9169366034243406,2025-12-16,2025-12-16,CVE-2025-41715,9.8,2025-09-24T18:11:24.520
CVE-2025-39890,0.000170000,0.033770000,0.09093012494215641,2025-12-16,2025-12-16,CVE-2025-39890,5.5,2025-12-12T18:45:50.187
CVE-2025-39889,0.000050000,0.001830000,0.0034706154558074966,2025-12-16,2025-12-16,CVE-2025-39889,5.5,2025-12-12T20:09:10.593
CVE-2025-39888,0.000190000,0.042980000,0.2038408144377603,2025-12-16,2025-12-16,CVE-2025-39888,7.8,2025-12-12T20:09:16.933
CVE-2025-39887,0.000190000,0.042720000,0.2038408144377603,2025-12-16,2025-12-16,CVE-2025-39887,5.5,2025-12-11T19:39:21.517
CVE-2025-39886,0.000170000,0.033770000,0.09093012494215641,2025-12-16,2025-12-16,CVE-2025-39886,5.5,2025-12-12T20:09:38.830
CVE-2025-39885,0.000490000,0.153250000,0.6503933364183249,2025-12-16,2025-12-16,CVE-2025-39885,,2025-11-03T18:16:51.960
CVE-2025-39884,0.000140000,0.017370000,0.04835724201758445,2025-12-16,2025-12-16,CVE-2025-39884,4.7,2025-12-12T18:48:53.463
CVE-2025-39883,0.000490000,0.153250000,0.6503933364183249,2025-12-16,2025-12-16,CVE-2025-39883,,2025-11-03T18:16:51.853
CVE-2025-39882,0.000180000,0.037150000,0.15131883387320685,2025-12-16,2025-12-16,CVE-2025-39882,7.8,2025-12-12T20:09:44.617
CVE-2025-39881,0.000360000,0.104690000,0.3486811661267932,2025-12-16,2025-12-16,CVE-2025-39881,,2025-11-03T18:16:51.757
CVE-2025-29084,0.001000000,0.284630000,0.8683479870430356,2025-12-16,2025-12-16,CVE-2025-29084,6.5,2025-09-25T16:09:31.223
CVE-2025-29083,0.001000000,0.284630000,0.8683479870430356,2025-12-16,2025-12-16,CVE-2025-29083,6.5,2025-09-25T16:09:45.757
CVE-2025-1255,0.000710000,0.219500000,0.8047200370198982,2025-12-16,2025-12-16,CVE-2025-1255,9.1,2025-10-02T13:44:49.900
CVE-2025-10906,0.000290000,0.076510000,0.3167515039333642,2025-12-16,2025-12-16,CVE-2025-10906,8.4,2025-09-24T18:11:24.520
CVE-2025-10857,0.000390000,0.114110000,0.4097639981490051,2025-12-16,2025-12-16,CVE-2025-10857,9.8,2025-09-25T16:10:55.567
CVE-2025-10851,0.000390000,0.114110000,0.4097639981490051,2025-12-16,2025-12-16,CVE-2025-10851,9.8,2025-09-25T16:11:29.213
CVE-2025-10848,0.000370000,0.109070000,0.36742248958815366,2025-12-16,2025-12-16,CVE-2025-10848,8.8,2025-09-25T16:11:48.597
CVE-2025-10846,0.000390000,0.113420000,0.4097639981490051,2025-12-16,2025-12-16,CVE-2025-10846,8.8,2025-10-28T00:15:37.430
CVE-2025-10845,0.000390000,0.113420000,0.4097639981490051,2025-12-16,2025-12-16,CVE-2025-10845,8.8,2025-10-28T00:15:37.290
CVE-2025-10844,0.000390000,0.113420000,0.4097639981490051,2025-12-16,2025-12-16,CVE-2025-10844,8.8,2025-10-28T00:15:37.127
CVE-2025-10548,0.001950000,0.416700000,0.9222582137899121,2025-12-16,2025-12-16,CVE-2025-10548,6.5,2025-11-03T19:15:46.357
CVE-2025-10412,0.002240000,0.450630000,0.9319759370661731,2025-12-16,2025-12-16,CVE-2025-10412,9.8,2025-09-24T18:11:24.520
CVE-2025-10244,0.000590000,0.184160000,0.7457195742711707,2025-12-16,2025-12-16,CVE-2025-10244,8.7,2025-12-01T18:23:22.233
CVE-2025-10184,0.000870000,0.254610000,0.8442850532161037,2025-12-16,2025-12-16,CVE-2025-10184,,2025-09-24T18:11:24.520
CVE-2025-10147,0.001920000,0.413590000,0.9211013419713096,2025-12-16,2025-12-16,CVE-2025-10147,9.8,2025-09-24T18:11:24.520
CVE-2025-0672,0.000550000,0.172630000,0.7142526608051828,2025-12-16,2025-12-16,CVE-2025-0672,3.8,2025-10-03T16:38:03.687
CVE-2025-0663,0.000430000,0.131810000,0.5279962980101804,2025-12-16,2025-12-16,CVE-2025-0663,6.8,2025-10-06T13:44:26.807
CVE-2025-0209,0.000510000,0.159840000,0.6850994909763998,2025-12-16,2025-12-16,CVE-2025-0209,6.1,2025-10-06T13:45:48.313
CVE-2024-6429,0.000360000,0.101010000,0.3486811661267932,2025-12-16,2025-12-16,CVE-2024-6429,4.3,2025-10-06T13:39:38.010
CVE-2024-58241,0.000190000,0.042720000,0.2038408144377603,2025-12-16,2025-12-16,CVE-2024-58241,5.5,2025-12-12T21:21:46.303
CVE-2024-4598,0.000670000,0.208470000,0.7933826931975937,2025-12-16,2025-12-16,CVE-2024-4598,6.5,2025-10-06T13:36:30.390
CVE-2024-21935,0.000290000,0.076060000,0.3167515039333642,2025-12-16,2025-12-16,CVE-2024-21935,5.0,2025-09-24T18:11:24.520
CVE-2024-21927,0.000390000,0.115370000,0.4097639981490051,2025-12-16,2025-12-16,CVE-2024-21927,5.0,2025-09-24T18:11:24.520
CVE-2017-20200,0.000210000,0.048990000,0.26862563627950026,2025-12-16,2025-12-16,CVE-2017-20200,3.7,2025-09-24T18:11:24.520
CVE-2025-9353,0.000540000,0.169830000,0.7084683017121703,2025-12-16,2025-12-16,CVE-2025-9353,6.4,2025-09-24T18:11:24.520
CVE-2025-8869,0.000200000,0.046660000,0.24086071263304026,2025-12-16,2025-12-16,CVE-2025-8869,,2025-11-03T18:17:02.783
CVE-2025-59824,0.000530000,0.167300000,0.6982878297084683,2025-12-16,2025-12-16,CVE-2025-59824,,2025-09-26T14:32:53.583
CVE-2025-59525,0.000520000,0.163050000,0.6929662193428968,2025-12-16,2025-12-16,CVE-2025-59525,6.1,2025-09-29T14:04:23.910
CVE-2025-59524,0.000490000,0.152200000,0.6503933364183249,2025-12-16,2025-12-16,CVE-2025-59524,6.1,2025-09-29T14:04:48.430
CVE-2025-59343,0.000240000,0.055810000,0.2940768162887552,2025-12-16,2025-12-16,CVE-2025-59343,,2025-11-03T19:16:14.317
CVE-2025-59305,0.000570000,0.179970000,0.7279037482646923,2025-12-16,2025-12-16,CVE-2025-59305,7.6,2025-12-02T18:09:52.547
CVE-2025-59251,0.000830000,0.247400000,0.8380379453956501,2025-12-16,2025-12-16,CVE-2025-59251,7.6,2025-11-20T00:16:10.533
CVE-2025-57354,0.003720000,0.583380000,0.9541878759833411,2025-12-16,2025-12-16,CVE-2025-57354,6.5,2025-09-26T14:32:53.583
CVE-2025-57353,0.000630000,0.198510000,0.7700138824618232,2025-12-16,2025-12-16,CVE-2025-57353,5.3,2025-10-31T00:15:37.110
CVE-2025-57352,0.000680000,0.211710000,0.7970846830171217,2025-12-16,2025-12-16,CVE-2025-57352,5.3,2025-09-26T14:32:53.583
CVE-2025-57351,0.000970000,0.275320000,0.8597871355853771,2025-12-16,2025-12-16,CVE-2025-57351,6.5,2025-09-26T14:32:53.583
CVE-2025-57350,0.001110000,0.302860000,0.8803794539565016,2025-12-16,2025-12-16,CVE-2025-57350,8.6,2025-10-17T14:56:11.183
CVE-2025-57349,0.001850000,0.405620000,0.917167977788061,2025-12-16,2025-12-16,CVE-2025-57349,7.5,2025-10-17T14:49:25.293
CVE-2025-57348,0.000920000,0.265420000,0.8528459046737622,2025-12-16,2025-12-16,CVE-2025-57348,6.5,2025-10-17T14:50:43.533
CVE-2025-57347,0.000930000,0.266130000,0.8537714021286441,2025-12-16,2025-12-16,CVE-2025-57347,9.8,2025-10-17T14:53:19.667
CVE-2025-57330,0.000610000,0.191730000,0.7570569180934752,2025-12-16,2025-12-16,CVE-2025-57330,7.5,2025-10-17T14:54:26.210
CVE-2025-57329,0.000610000,0.191730000,0.7570569180934752,2025-12-16,2025-12-16,CVE-2025-57329,7.5,2025-10-20T16:30:54.410
CVE-2025-57328,0.000610000,0.191730000,0.7570569180934752,2025-12-16,2025-12-16,CVE-2025-57328,7.5,2025-10-20T16:50:08.890
CVE-2025-57327,0.000610000,0.191730000,0.7570569180934752,2025-12-16,2025-12-16,CVE-2025-57327,7.5,2025-10-20T16:50:36.657
CVE-2025-57326,0.000610000,0.191730000,0.7570569180934752,2025-12-16,2025-12-16,CVE-2025-57326,7.5,2025-10-16T16:23:24.223
CVE-2025-57325,0.000610000,0.191730000,0.7570569180934752,2025-12-16,2025-12-16,CVE-2025-57325,7.5,2025-10-20T16:54:41.423
CVE-2025-57323,0.000610000,0.191730000,0.7570569180934752,2025-12-16,2025-12-16,CVE-2025-57323,7.5,2025-10-17T13:21:12.710
CVE-2025-57321,0.000610000,0.192370000,0.7570569180934752,2025-12-16,2025-12-16,CVE-2025-57321,9.8,2025-10-17T13:24:09.090
CVE-2025-56819,0.003690000,0.581380000,0.9539565016196205,2025-12-16,2025-12-16,CVE-2025-56819,9.8,2025-10-10T21:30:04.943
CVE-2025-56816,0.016690000,0.816250000,0.985192040721888,2025-12-16,2025-12-16,CVE-2025-56816,8.8,2025-10-10T21:06:27.993
CVE-2025-56815,0.002550000,0.486640000,0.938917167977788,2025-12-16,2025-12-16,CVE-2025-56815,7.1,2025-10-10T21:07:03.727
CVE-2025-56241,0.001550000,0.368610000,0.9055992596020361,2025-12-16,2025-12-16,CVE-2025-56241,7.5,2025-10-28T21:15:38.637
CVE-2025-55322,0.000970000,0.275590000,0.8597871355853771,2025-12-16,2025-12-16,CVE-2025-55322,7.3,2025-10-01T20:31:58.350
CVE-2025-55178,0.001240000,0.323440000,0.8919481721425266,2025-12-16,2025-12-16,CVE-2025-55178,5.3,2025-09-26T14:32:53.583
CVE-2025-52907,0.008440000,0.741550000,0.978250809810273,2025-12-16,2025-12-16,CVE-2025-52907,8.8,2025-10-14T19:44:48.410
CVE-2025-52906,0.028550000,0.857890000,0.989819527996298,2025-12-16,2025-12-16,CVE-2025-52906,9.8,2025-10-14T19:45:06.873
CVE-2025-48869,0.001360000,0.341830000,0.8988894030541416,2025-12-16,2025-12-16,CVE-2025-48869,7.5,2025-09-29T14:05:30.127
CVE-2025-48868,0.006430000,0.699590000,0.972697825080981,2025-12-16,2025-12-16,CVE-2025-48868,7.2,2025-09-29T14:06:57.020
CVE-2025-48867,0.000900000,0.260230000,0.8503007866728366,2025-12-16,2025-12-16,CVE-2025-48867,4.8,2025-09-29T14:06:04.530
CVE-2025-47329,0.000170000,0.032130000,0.09093012494215641,2025-12-16,2025-12-16,CVE-2025-47329,7.8,2025-09-25T15:58:55.557
CVE-2025-47328,0.000550000,0.173180000,0.7142526608051828,2025-12-16,2025-12-16,CVE-2025-47328,7.5,2025-09-25T16:01:15.057
CVE-2025-47327,0.000170000,0.032130000,0.09093012494215641,2025-12-16,2025-12-16,CVE-2025-47327,7.8,2025-09-25T16:03:48.773
CVE-2025-47326,0.000550000,0.173180000,0.7142526608051828,2025-12-16,2025-12-16,CVE-2025-47326,7.5,2025-09-25T16:03:58.223
CVE-2025-47318,0.000710000,0.219440000,0.8047200370198982,2025-12-16,2025-12-16,CVE-2025-47318,7.5,2025-11-28T16:14:16.630
CVE-2025-47317,0.000170000,0.032130000,0.09093012494215641,2025-12-16,2025-12-16,CVE-2025-47317,7.8,2025-09-25T16:04:08.330
CVE-2025-47316,0.000170000,0.032130000,0.09093012494215641,2025-12-16,2025-12-16,CVE-2025-47316,7.8,2025-09-25T16:04:16.090
CVE-2025-47315,0.000170000,0.032130000,0.09093012494215641,2025-12-16,2025-12-16,CVE-2025-47315,7.8,2025-09-25T16:04:23.580
CVE-2025-47314,0.000260000,0.063230000,0.3040259139287367,2025-12-16,2025-12-16,CVE-2025-47314,7.8,2025-09-25T16:07:28.137
CVE-2025-27077,0.000170000,0.032130000,0.09093012494215641,2025-12-16,2025-12-16,CVE-2025-27077,7.8,2025-09-25T16:07:38.010
CVE-2025-27037,0.000170000,0.032130000,0.09093012494215641,2025-12-16,2025-12-16,CVE-2025-27037,7.8,2025-09-25T16:07:48.703
CVE-2025-27036,0.000150000,0.021380000,0.05529847292919945,2025-12-16,2025-12-16,CVE-2025-27036,6.1,2025-09-25T16:08:00.893
CVE-2025-27034,0.000500000,0.156620000,0.6753817677001388,2025-12-16,2025-12-16,CVE-2025-27034,9.8,2025-11-28T16:46:33.673
CVE-2025-27033,0.000150000,0.021380000,0.05529847292919945,2025-12-16,2025-12-16,CVE-2025-27033,6.1,2025-09-25T16:08:17.913
CVE-2025-27032,0.000160000,0.025890000,0.06293382693197594,2025-12-16,2025-12-16,CVE-2025-27032,7.8,2025-11-28T15:53:01.813
CVE-2025-27030,0.000150000,0.021380000,0.05529847292919945,2025-12-16,2025-12-16,CVE-2025-27030,6.1,2025-09-25T16:08:27.300
CVE-2025-23354,0.000280000,0.070260000,0.3125867653863952,2025-12-16,2025-12-16,CVE-2025-23354,7.8,2025-10-10T18:24:20.567
CVE-2025-23353,0.000280000,0.070260000,0.3125867653863952,2025-12-16,2025-12-16,CVE-2025-23353,7.8,2025-10-10T18:21:55.320
CVE-2025-23349,0.000280000,0.070260000,0.3125867653863952,2025-12-16,2025-12-16,CVE-2025-23349,7.8,2025-10-10T18:24:05.753
CVE-2025-23348,0.000280000,0.070260000,0.3125867653863952,2025-12-16,2025-12-16,CVE-2025-23348,7.8,2025-10-10T18:24:13.447
CVE-2025-23346,0.000160000,0.028430000,0.06293382693197594,2025-12-16,2025-12-16,CVE-2025-23346,3.3,2025-10-06T14:27:13.597
CVE-2025-23340,0.000170000,0.033460000,0.09093012494215641,2025-12-16,2025-12-16,CVE-2025-23340,3.3,2025-11-03T19:15:48.320
CVE-2025-23339,0.000160000,0.027590000,0.06293382693197594,2025-12-16,2025-12-16,CVE-2025-23339,7.8,2025-11-03T19:15:48.200
CVE-2025-23338,0.000200000,0.044940000,0.24086071263304026,2025-12-16,2025-12-16,CVE-2025-23338,5.5,2025-11-03T19:15:48.077
CVE-2025-23308,0.000160000,0.027590000,0.06293382693197594,2025-12-16,2025-12-16,CVE-2025-23308,7.8,2025-11-03T19:15:47.953
CVE-2025-23275,0.000190000,0.040510000,0.2038408144377603,2025-12-16,2025-12-16,CVE-2025-23275,7.1,2025-10-06T14:51:06.530
CVE-2025-23274,0.000180000,0.036070000,0.15131883387320685,2025-12-16,2025-12-16,CVE-2025-23274,4.5,2025-09-24T18:11:24.520
CVE-2025-23273,0.000170000,0.034080000,0.09093012494215641,2025-12-16,2025-12-16,CVE-2025-23273,4.7,2025-10-06T14:55:05.330
CVE-2025-23272,0.000170000,0.035300000,0.09093012494215641,2025-12-16,2025-12-16,CVE-2025-23272,5.7,2025-09-24T18:11:24.520
CVE-2025-23271,0.000170000,0.033460000,0.09093012494215641,2025-12-16,2025-12-16,CVE-2025-23271,3.3,2025-11-03T19:15:47.817
CVE-2025-23255,0.000160000,0.028430000,0.06293382693197594,2025-12-16,2025-12-16,CVE-2025-23255,3.3,2025-10-06T14:55:54.300
CVE-2025-23248,0.000160000,0.028430000,0.06293382693197594,2025-12-16,2025-12-16,CVE-2025-23248,3.3,2025-10-06T14:56:42.147
CVE-2025-21488,0.000490000,0.151950000,0.6503933364183249,2025-12-16,2025-12-16,CVE-2025-21488,8.2,2025-11-28T15:50:19.660
CVE-2025-21487,0.000490000,0.151950000,0.6503933364183249,2025-12-16,2025-12-16,CVE-2025-21487,8.2,2025-11-28T16:18:34.940
CVE-2025-21484,0.000490000,0.151950000,0.6503933364183249,2025-12-16,2025-12-16,CVE-2025-21484,8.2,2025-11-25T20:42:01.503
CVE-2025-21483,0.000500000,0.156620000,0.6753817677001388,2025-12-16,2025-12-16,CVE-2025-21483,9.8,2025-11-28T16:47:34.690
CVE-2025-21482,0.000140000,0.018210000,0.04835724201758445,2025-12-16,2025-12-16,CVE-2025-21482,7.1,2025-12-02T16:44:06.523
CVE-2025-21481,0.000100000,0.008950000,0.034706154558074964,2025-12-16,2025-12-16,CVE-2025-21481,7.8,2025-09-25T16:08:36.067
CVE-2025-21476,0.000170000,0.032130000,0.09093012494215641,2025-12-16,2025-12-16,CVE-2025-21476,7.8,2025-09-25T16:08:48.700
CVE-2025-20365,0.000390000,0.116930000,0.4097639981490051,2025-12-16,2025-12-16,CVE-2025-20365,4.3,2025-09-24T18:15:37.310
CVE-2025-20364,0.000150000,0.022980000,0.05529847292919945,2025-12-16,2025-12-16,CVE-2025-20364,4.3,2025-09-24T18:15:37.200
CVE-2025-20352,0.016530000,0.815420000,0.9849606663581675,2025-12-16,2025-12-16,CVE-2025-20352,7.7,2025-10-28T13:58:42.437
CVE-2025-20339,0.000340000,0.094330000,0.3322535863026377,2025-12-16,2025-12-16,CVE-2025-20339,5.8,2025-09-24T18:11:24.520
CVE-2025-20338,0.000160000,0.025520000,0.06293382693197594,2025-12-16,2025-12-16,CVE-2025-20338,6.7,2025-11-14T23:41:58.313
CVE-2025-20334,0.001330000,0.337220000,0.8968070337806571,2025-12-16,2025-12-16,CVE-2025-20334,8.8,2025-09-24T18:11:24.520
CVE-2025-20327,0.001820000,0.402670000,0.9164738546968996,2025-12-16,2025-12-16,CVE-2025-20327,7.7,2025-09-26T14:32:53.583
CVE-2025-20316,0.000340000,0.094330000,0.3322535863026377,2025-12-16,2025-12-16,CVE-2025-20316,5.3,2025-09-26T14:32:53.583
CVE-2025-20315,0.001570000,0.370740000,0.9062933826931976,2025-12-16,2025-12-16,CVE-2025-20315,8.6,2025-09-26T14:32:53.583
CVE-2025-20314,0.000980000,0.277360000,0.8623322535863026,2025-12-16,2025-12-16,CVE-2025-20314,6.7,2025-10-15T17:15:48.560
CVE-2025-20313,0.001150000,0.309760000,0.8845441925034706,2025-12-16,2025-12-16,CVE-2025-20313,6.7,2025-09-26T14:32:53.583
CVE-2025-20312,0.002610000,0.492820000,0.93984266543267,2025-12-16,2025-12-16,CVE-2025-20312,7.7,2025-09-26T14:32:53.583
CVE-2025-20311,0.000490000,0.151030000,0.6503933364183249,2025-12-16,2025-12-16,CVE-2025-20311,7.4,2025-09-26T14:32:53.583
CVE-2025-20293,0.000250000,0.061380000,0.2998611753817677,2025-12-16,2025-12-16,CVE-2025-20293,5.3,2025-09-26T14:32:53.583
CVE-2025-20240,0.000580000,0.183710000,0.7376214715409533,2025-12-16,2025-12-16,CVE-2025-20240,6.1,2025-09-26T18:15:35.700
CVE-2025-20160,0.001250000,0.325410000,0.8926422952336881,2025-12-16,2025-12-16,CVE-2025-20160,8.1,2025-09-26T14:32:53.583
CVE-2025-20149,0.000350000,0.098300000,0.33896344285053215,2025-12-16,2025-12-16,CVE-2025-20149,6.5,2025-09-26T14:32:53.583
CVE-2025-10909,0.000120000,0.013350000,0.040953262378528456,2025-12-16,2025-12-16,CVE-2025-10909,2.4,2025-10-20T05:15:35.080
CVE-2025-10892,0.001010000,0.286210000,0.8704303563165201,2025-12-16,2025-12-16,CVE-2025-10892,8.8,2025-09-25T15:55:41.970
CVE-2025-10891,0.001010000,0.286210000,0.8704303563165201,2025-12-16,2025-12-16,CVE-2025-10891,8.8,2025-09-25T15:55:54.730
CVE-2025-10890,0.000420000,0.126090000,0.4872744099953725,2025-12-16,2025-12-16,CVE-2025-10890,9.1,2025-09-25T15:56:42.057
CVE-2025-10585,0.006970000,0.712750000,0.9738546968995835,2025-12-16,2025-12-16,CVE-2025-10585,9.8,2025-10-30T15:55:01.903
CVE-2025-10502,0.000930000,0.265830000,0.8537714021286441,2025-12-16,2025-12-16,CVE-2025-10502,8.8,2025-09-25T15:56:56.943
CVE-2025-10501,0.001270000,0.327850000,0.8947246645071726,2025-12-16,2025-12-16,CVE-2025-10501,8.8,2025-09-25T15:57:08.893
CVE-2025-10500,0.001380000,0.343560000,0.8993521517815826,2025-12-16,2025-12-16,CVE-2025-10500,8.8,2025-09-25T15:57:18.723
CVE-2025-10360,0.000300000,0.081280000,0.3216103655714947,2025-12-16,2025-12-16,CVE-2025-10360,,2025-09-24T18:11:24.520
CVE-2025-60249,0.000430000,0.130850000,0.5279962980101804,2025-12-16,2025-12-16,CVE-2025-60249,6.4,2025-09-26T14:32:19.853
CVE-2025-60019,0.000470000,0.146310000,0.6291068949560389,2025-12-16,2025-12-16,CVE-2025-60019,3.7,2025-09-26T14:32:19.853
CVE-2025-60018,0.000550000,0.172700000,0.7142526608051828,2025-12-16,2025-12-16,CVE-2025-60018,4.8,2025-09-26T14:32:19.853
CVE-2025-59841,0.000650000,0.204400000,0.7841277186487737,2025-12-16,2025-12-16,CVE-2025-59841,9.8,2025-10-08T16:31:08.920
CVE-2025-59839,0.000470000,0.144130000,0.6291068949560389,2025-12-16,2025-12-16,CVE-2025-59839,5.4,2025-10-14T20:02:18.213
CVE-2025-59838,0.000340000,0.096330000,0.3322535863026377,2025-12-16,2025-12-16,CVE-2025-59838,5.4,2025-10-28T16:15:38.673
CVE-2025-59834,0.010020000,0.764200000,0.980101804720037,2025-12-16,2025-12-16,CVE-2025-59834,9.8,2025-10-14T20:05:46.243
CVE-2025-59833,0.000490000,0.151410000,0.6503933364183249,2025-12-16,2025-12-16,CVE-2025-59833,7.5,2025-10-08T16:34:35.253
CVE-2025-59832,0.000710000,0.220300000,0.8047200370198982,2025-12-16,2025-12-16,CVE-2025-59832,9.9,2025-09-29T14:03:20.917
CVE-2025-59831,0.000880000,0.256890000,0.8465987968533086,2025-12-16,2025-12-16,CVE-2025-59831,8.8,2025-10-16T15:45:42.370
CVE-2025-59830,0.000670000,0.207400000,0.7933826931975937,2025-12-16,2025-12-16,CVE-2025-59830,7.5,2025-10-10T16:43:14.337
CVE-2025-59828,0.000620000,0.194700000,0.7639981490050902,2025-12-16,2025-12-16,CVE-2025-59828,9.8,2025-11-26T17:01:17.137
CVE-2025-59827,0.000460000,0.142740000,0.6200832947709394,2025-12-16,2025-12-16,CVE-2025-59827,9.8,2025-10-08T16:35:24.860
CVE-2025-59823,0.000970000,0.275070000,0.8597871355853771,2025-12-16,2025-12-16,CVE-2025-59823,9.9,2025-09-26T14:32:53.583
CVE-2025-59814,0.000810000,0.243400000,0.8345673299398426,2025-12-16,2025-12-16,CVE-2025-59814,8.8,2025-09-26T14:32:19.853
CVE-2025-59426,0.000670000,0.208740000,0.7933826931975937,2025-12-16,2025-12-16,CVE-2025-59426,4.3,2025-10-08T16:11:34.600
CVE-2025-59422,0.000400000,0.118120000,0.4701527070800555,2025-12-16,2025-12-16,CVE-2025-59422,3.1,2025-10-14T14:10:41.773
CVE-2025-57632,0.001180000,0.314100000,0.8882461823229986,2025-12-16,2025-12-16,CVE-2025-57632,7.5,2025-09-26T21:15:37.017
CVE-2025-57623,0.002690000,0.501630000,0.9412309116149931,2025-12-16,2025-12-16,CVE-2025-57623,5.3,2025-09-29T13:07:01.900
CVE-2025-57446,0.001570000,0.371300000,0.9062933826931976,2025-12-16,2025-12-16,CVE-2025-57446,7.5,2025-09-26T20:15:37.677
CVE-2025-57324,0.000710000,0.219650000,0.8047200370198982,2025-12-16,2025-12-16,CVE-2025-57324,6.5,2025-10-16T15:48:57.257
CVE-2025-57320,0.000570000,0.177690000,0.7279037482646923,2025-12-16,2025-12-16,CVE-2025-57320,6.5,2025-10-16T15:48:45.107
CVE-2025-57319,0.000560000,0.176460000,0.7221193891716797,2025-12-16,2025-12-16,CVE-2025-57319,7.5,2025-09-26T17:15:36.477
CVE-2025-57318,0.000610000,0.191730000,0.7570569180934752,2025-12-16,2025-12-16,CVE-2025-57318,7.5,2025-10-16T15:48:31.657
CVE-2025-57317,0.000590000,0.187020000,0.7457195742711707,2025-12-16,2025-12-16,CVE-2025-57317,7.5,2025-10-16T15:49:06.760
CVE-2025-55560,0.000520000,0.163830000,0.6929662193428968,2025-12-16,2025-12-16,CVE-2025-55560,7.5,2025-10-14T19:59:06.197
CVE-2025-55559,0.000310000,0.084380000,0.32577510411846367,2025-12-16,2025-12-16,CVE-2025-55559,7.5,2025-10-03T18:05:01.767
CVE-2025-55558,0.000520000,0.163830000,0.6929662193428968,2025-12-16,2025-12-16,CVE-2025-55558,7.5,2025-10-03T18:06:47.473
CVE-2025-55557,0.000520000,0.163830000,0.6929662193428968,2025-12-16,2025-12-16,CVE-2025-55557,7.5,2025-10-03T18:07:23.250
CVE-2025-55556,0.000260000,0.064770000,0.3040259139287367,2025-12-16,2025-12-16,CVE-2025-55556,6.5,2025-10-03T18:08:04.730
CVE-2025-55554,0.000540000,0.170480000,0.7084683017121703,2025-12-16,2025-12-16,CVE-2025-55554,5.3,2025-10-03T18:08:42.013
CVE-2025-55553,0.000520000,0.163830000,0.6929662193428968,2025-12-16,2025-12-16,CVE-2025-55553,7.5,2025-10-03T18:10:04.140
CVE-2025-55552,0.000560000,0.174560000,0.7221193891716797,2025-12-16,2025-12-16,CVE-2025-55552,7.5,2025-10-03T18:10:41.903
CVE-2025-55551,0.000550000,0.173790000,0.7142526608051828,2025-12-16,2025-12-16,CVE-2025-55551,7.5,2025-10-03T17:56:10.580
CVE-2025-5494,0.000110000,0.010850000,0.03863951874132346,2025-12-16,2025-12-16,CVE-2025-5494,7.8,2025-10-22T19:42:49.503
CVE-2025-54520,0.000270000,0.070130000,0.3098102730217492,2025-12-16,2025-12-16,CVE-2025-54520,,2025-09-26T14:32:53.583
CVE-2025-48707,0.000720000,0.221820000,0.8114298935677927,2025-12-16,2025-12-16,CVE-2025-48707,7.5,2025-10-14T19:43:56.150
CVE-2025-46153,0.000430000,0.131230000,0.5279962980101804,2025-12-16,2025-12-16,CVE-2025-46153,5.3,2025-10-03T17:56:58.610
CVE-2025-46152,0.000510000,0.160200000,0.6850994909763998,2025-12-16,2025-12-16,CVE-2025-46152,5.3,2025-10-03T17:57:35.997
CVE-2025-46150,0.000400000,0.120630000,0.4701527070800555,2025-12-16,2025-12-16,CVE-2025-46150,5.3,2025-10-03T17:58:05.150
CVE-2025-46149,0.000380000,0.110480000,0.4012031466913466,2025-12-16,2025-12-16,CVE-2025-46149,5.3,2025-10-03T17:58:39.477
CVE-2025-46148,0.000400000,0.120630000,0.4701527070800555,2025-12-16,2025-12-16,CVE-2025-46148,5.3,2025-10-03T17:59:26.460
CVE-2025-43993,0.000190000,0.043120000,0.2038408144377603,2025-12-16,2025-12-16,CVE-2025-43993,7.8,2025-09-26T14:32:19.853
CVE-2025-43943,0.000410000,0.123480000,0.475937066173068,2025-12-16,2025-12-16,CVE-2025-43943,6.7,2025-09-26T14:32:53.583
CVE-2025-43816,0.000630000,0.196760000,0.7700138824618232,2025-12-16,2025-12-16,CVE-2025-43816,7.5,2025-12-15T18:20:34.090
CVE-2025-40838,0.000460000,0.140750000,0.6200832947709394,2025-12-16,2025-12-16,CVE-2025-40838,7.5,2025-10-02T17:58:17.850
CVE-2025-40837,0.000620000,0.193720000,0.7639981490050902,2025-12-16,2025-12-16,CVE-2025-40837,8.8,2025-10-02T17:59:04.630
CVE-2025-40836,0.002070000,0.431440000,0.9266543267006015,2025-12-16,2025-12-16,CVE-2025-40836,9.8,2025-10-02T17:59:39.937
CVE-2025-40698,0.000450000,0.137050000,0.561082832022212,2025-12-16,2025-12-16,CVE-2025-40698,,2025-09-26T14:32:53.583
CVE-2025-36857,0.000170000,0.031900000,0.09093012494215641,2025-12-16,2025-12-16,CVE-2025-36857,3.3,2025-12-11T18:20:20.510
CVE-2025-36601,0.000540000,0.170680000,0.7084683017121703,2025-12-16,2025-12-16,CVE-2025-36601,7.5,2025-10-31T14:16:07.347
CVE-2025-34227,0.013780000,0.797840000,0.983341045812124,2025-12-16,2025-12-16,CVE-2025-34227,8.8,2025-10-14T19:53:44.770
CVE-2025-33116,0.000350000,0.099560000,0.33896344285053215,2025-12-16,2025-12-16,CVE-2025-33116,4.4,2025-09-26T14:32:53.583
CVE-2025-29157,0.001610000,0.376020000,0.9086071263304026,2025-12-16,2025-12-16,CVE-2025-29157,6.5,2025-10-14T19:42:02.270
CVE-2025-29156,0.000930000,0.266980000,0.8537714021286441,2025-12-16,2025-12-16,CVE-2025-29156,6.1,2025-10-14T19:42:45.427
CVE-2025-29155,0.001280000,0.329760000,0.8951874132346136,2025-12-16,2025-12-16,CVE-2025-29155,6.5,2025-10-03T18:36:50.123
CVE-2025-27262,0.000490000,0.152200000,0.6503933364183249,2025-12-16,2025-12-16,CVE-2025-27262,7.8,2025-10-02T18:01:12.827
CVE-2025-27261,0.000430000,0.130190000,0.5279962980101804,2025-12-16,2025-12-16,CVE-2025-27261,9.8,2025-10-02T17:57:29.247
CVE-2025-26333,0.000630000,0.197060000,0.7700138824618232,2025-12-16,2025-12-16,CVE-2025-26333,5.9,2025-10-24T14:15:41.390
CVE-2025-26278,0.000610000,0.191730000,0.7570569180934752,2025-12-16,2025-12-16,CVE-2025-26278,7.5,2025-09-26T14:32:53.583
CVE-2025-21056,0.000410000,0.121960000,0.475937066173068,2025-12-16,2025-12-16,CVE-2025-21056,6.6,2025-09-26T14:32:53.583
CVE-2025-20363,0.003730000,0.583890000,0.9544192503470615,2025-12-16,2025-12-16,CVE-2025-20363,9.0,2025-09-29T14:00:07.787
CVE-2025-20362,0.288650000,0.963790000,0.9974548819990745,2025-12-16,2025-12-16,CVE-2025-20362,8.6,2025-11-06T14:51:19.950
CVE-2025-20333,0.070190000,0.911280000,0.9932901434521055,2025-12-16,2025-12-16,CVE-2025-20333,9.9,2025-10-28T13:58:58.610
CVE-2025-10967,0.000420000,0.126080000,0.4872744099953725,2025-12-16,2025-12-16,CVE-2025-10967,7.3,2025-09-26T18:15:33.760
CVE-2025-10965,0.000600000,0.188760000,0.7515039333641832,2025-12-16,2025-12-16,CVE-2025-10965,6.3,2025-09-26T18:15:33.630
CVE-2025-10964,0.003770000,0.585840000,0.954650624710782,2025-12-16,2025-12-16,CVE-2025-10964,8.8,2025-10-07T20:50:51.430
CVE-2025-10963,0.003770000,0.585840000,0.954650624710782,2025-12-16,2025-12-16,CVE-2025-10963,8.8,2025-10-07T20:51:10.763
CVE-2025-10962,0.003770000,0.585840000,0.954650624710782,2025-12-16,2025-12-16,CVE-2025-10962,8.8,2025-10-07T20:51:17.100
CVE-2025-10961,0.007960000,0.733680000,0.977325312355391,2025-12-16,2025-12-16,CVE-2025-10961,8.0,2025-10-07T20:51:25.537
CVE-2025-10960,0.003770000,0.585840000,0.954650624710782,2025-12-16,2025-12-16,CVE-2025-10960,8.8,2025-10-07T20:51:36.480
CVE-2025-10959,0.003770000,0.585840000,0.954650624710782,2025-12-16,2025-12-16,CVE-2025-10959,8.8,2025-10-07T20:51:44.703
CVE-2025-10958,0.003770000,0.585840000,0.954650624710782,2025-12-16,2025-12-16,CVE-2025-10958,8.8,2025-10-07T20:51:47.853
CVE-2025-10957,0.002410000,0.472610000,0.9366034243405831,2025-12-16,2025-12-16,CVE-2025-10957,,2025-09-26T14:32:53.583
CVE-2025-10953,0.001230000,0.321720000,0.8910226746876446,2025-12-16,2025-12-16,CVE-2025-10953,8.8,2025-09-26T14:32:53.583
CVE-2025-10952,0.000440000,0.135610000,0.549976862563628,2025-12-16,2025-12-16,CVE-2025-10952,5.3,2025-09-26T14:32:53.583
CVE-2025-10951,0.000870000,0.254940000,0.8442850532161037,2025-12-16,2025-12-16,CVE-2025-10951,7.3,2025-09-26T18:15:32.520
CVE-2025-10950,0.000600000,0.188760000,0.7515039333641832,2025-12-16,2025-12-16,CVE-2025-10950,6.3,2025-09-26T14:32:53.583
CVE-2025-10949,0.000380000,0.111510000,0.4012031466913466,2025-12-16,2025-12-16,CVE-2025-10949,2.4,2025-09-26T14:32:53.583
CVE-2025-10948,0.000650000,0.202740000,0.7841277186487737,2025-12-16,2025-12-16,CVE-2025-10948,8.8,2025-10-13T17:15:34.033
CVE-2025-10947,0.000470000,0.147520000,0.6291068949560389,2025-12-16,2025-12-16,CVE-2025-10947,5.3,2025-09-26T14:32:53.583
CVE-2025-10946,0.000390000,0.115530000,0.4097639981490051,2025-12-16,2025-12-16,CVE-2025-10946,3.5,2025-09-26T14:32:53.583
CVE-2025-10945,0.000390000,0.115530000,0.4097639981490051,2025-12-16,2025-12-16,CVE-2025-10945,3.5,2025-09-26T14:32:53.583
CVE-2025-10944,0.000390000,0.115530000,0.4097639981490051,2025-12-16,2025-12-16,CVE-2025-10944,3.5,2025-09-26T14:32:53.583
CVE-2025-10943,0.000390000,0.115530000,0.4097639981490051,2025-12-16,2025-12-16,CVE-2025-10943,3.5,2025-09-26T14:32:53.583
CVE-2025-10942,0.001230000,0.321720000,0.8910226746876446,2025-12-16,2025-12-16,CVE-2025-10942,8.8,2025-11-14T11:15:41.110
CVE-2025-10941,0.000150000,0.024260000,0.05529847292919945,2025-12-16,2025-12-16,CVE-2025-10941,7.8,2025-09-30T11:37:38.577
CVE-2025-10940,0.000360000,0.102310000,0.3486811661267932,2025-12-16,2025-12-16,CVE-2025-10940,2.4,2025-09-26T14:32:53.583
CVE-2025-10911,0.000160000,0.027040000,0.06293382693197594,2025-12-16,2025-12-16,CVE-2025-10911,5.5,2025-09-26T14:32:53.583
CVE-2025-10894,0.000670000,0.207430000,0.7933826931975937,2025-12-16,2025-12-16,CVE-2025-10894,9.6,2025-09-26T14:32:53.583
CVE-2025-10880,0.000450000,0.137140000,0.561082832022212,2025-12-16,2025-12-16,CVE-2025-10880,7.5,2025-09-29T14:44:22.307
CVE-2025-10879,0.000450000,0.136910000,0.561082832022212,2025-12-16,2025-12-16,CVE-2025-10879,5.3,2025-09-29T14:43:01.933
CVE-2025-10542,0.001520000,0.364720000,0.9039796390559925,2025-12-16,2025-12-16,CVE-2025-10542,9.8,2025-11-03T19:15:46.223
CVE-2025-10541,0.000160000,0.028200000,0.06293382693197594,2025-12-16,2025-12-16,CVE-2025-10541,7.8,2025-11-03T19:15:46.090
CVE-2025-10540,0.000120000,0.013900000,0.040953262378528456,2025-12-16,2025-12-16,CVE-2025-10540,6.5,2025-11-03T19:15:45.937
CVE-2025-10467,0.000540000,0.170970000,0.7084683017121703,2025-12-16,2025-12-16,CVE-2025-10467,8.9,2025-09-26T14:32:53.583
CVE-2025-10449,0.000650000,0.202750000,0.7841277186487737,2025-12-16,2025-12-16,CVE-2025-10449,8.6,2025-09-26T14:32:53.583
CVE-2025-10438,0.000650000,0.202750000,0.7841277186487737,2025-12-16,2025-12-16,CVE-2025-10438,8.6,2025-09-26T14:32:53.583
CVE-2024-48014,0.000810000,0.243190000,0.8345673299398426,2025-12-16,2025-12-16,CVE-2024-48014,7.5,2025-09-26T14:32:53.583
CVE-2020-36851,0.005280000,0.664220000,0.9687644608977325,2025-12-16,2025-12-16,CVE-2020-36851,,2025-09-26T14:32:53.583
CVE-2025-9985,0.019360000,0.829200000,0.9861175381767701,2025-12-16,2025-12-16,CVE-2025-9985,5.3,2025-09-26T14:32:19.853
CVE-2025-9984,0.000550000,0.171880000,0.7142526608051828,2025-12-16,2025-12-16,CVE-2025-9984,5.3,2025-09-26T14:32:19.853
CVE-2025-9490,0.000450000,0.139450000,0.561082832022212,2025-12-16,2025-12-16,CVE-2025-9490,6.4,2025-09-26T14:32:19.853
CVE-2025-9044,0.000410000,0.122400000,0.475937066173068,2025-12-16,2025-12-16,CVE-2025-9044,6.4,2025-09-26T14:32:19.853
CVE-2025-8906,0.000430000,0.130850000,0.5279962980101804,2025-12-16,2025-12-16,CVE-2025-8906,6.4,2025-09-26T14:32:19.853
CVE-2025-8200,0.000430000,0.129070000,0.5279962980101804,2025-12-16,2025-12-16,CVE-2025-8200,6.4,2025-09-26T14:32:19.853
CVE-2025-60251,0.000260000,0.064310000,0.3040259139287367,2025-12-16,2025-12-16,CVE-2025-60251,5.0,2025-09-26T14:32:19.853
CVE-2025-60250,0.000400000,0.121210000,0.4701527070800555,2025-12-16,2025-12-16,CVE-2025-60250,4.7,2025-09-26T14:32:19.853
CVE-2025-60119,0.000410000,0.123170000,0.475937066173068,2025-12-16,2025-12-16,CVE-2025-60119,5.3,2025-09-26T14:32:19.853
CVE-2025-60118,0.000440000,0.135040000,0.549976862563628,2025-12-16,2025-12-16,CVE-2025-60118,8.5,2025-09-26T14:32:19.853
CVE-2025-60117,0.000200000,0.044440000,0.24086071263304026,2025-12-16,2025-12-16,CVE-2025-60117,4.3,2025-09-26T14:32:19.853
CVE-2025-60116,0.000530000,0.166880000,0.6982878297084683,2025-12-16,2025-12-16,CVE-2025-60116,5.4,2025-09-26T14:32:19.853
CVE-2025-60115,0.000200000,0.044440000,0.24086071263304026,2025-12-16,2025-12-16,CVE-2025-60115,4.3,2025-09-26T14:32:19.853
CVE-2025-60114,0.000570000,0.178140000,0.7279037482646923,2025-12-16,2025-12-16,CVE-2025-60114,6.6,2025-09-26T14:32:19.853
CVE-2025-60113,0.000200000,0.044440000,0.24086071263304026,2025-12-16,2025-12-16,CVE-2025-60113,4.3,2025-09-26T14:32:19.853
CVE-2025-60112,0.000450000,0.138340000,0.561082832022212,2025-12-16,2025-12-16,CVE-2025-60112,6.5,2025-09-26T14:32:19.853
CVE-2025-60111,0.000320000,0.086310000,0.32855159648310966,2025-12-16,2025-12-16,CVE-2025-60111,8.8,2025-09-26T14:32:19.853
CVE-2025-60110,0.000440000,0.135040000,0.549976862563628,2025-12-16,2025-12-16,CVE-2025-60110,8.5,2025-09-26T14:32:19.853
CVE-2025-60109,0.000440000,0.135040000,0.549976862563628,2025-12-16,2025-12-16,CVE-2025-60109,8.5,2025-09-26T14:32:19.853
CVE-2025-60108,0.000440000,0.135040000,0.549976862563628,2025-12-16,2025-12-16,CVE-2025-60108,8.5,2025-09-26T14:32:19.853
CVE-2025-60107,0.000440000,0.135040000,0.549976862563628,2025-12-16,2025-12-16,CVE-2025-60107,8.5,2025-09-26T14:32:19.853
CVE-2025-60106,0.000500000,0.157420000,0.6753817677001388,2025-12-16,2025-12-16,CVE-2025-60106,4.9,2025-09-26T14:32:19.853
CVE-2025-60105,0.000450000,0.138340000,0.561082832022212,2025-12-16,2025-12-16,CVE-2025-60105,6.5,2025-09-26T14:32:19.853
CVE-2025-60104,0.000420000,0.124970000,0.4872744099953725,2025-12-16,2025-12-16,CVE-2025-60104,5.9,2025-09-26T14:32:19.853
CVE-2025-60103,0.000530000,0.166880000,0.6982878297084683,2025-12-16,2025-12-16,CVE-2025-60103,5.4,2025-09-26T14:32:19.853
CVE-2025-60102,0.000450000,0.138340000,0.561082832022212,2025-12-16,2025-12-16,CVE-2025-60102,6.5,2025-09-26T14:32:19.853
CVE-2025-60101,0.000420000,0.124970000,0.4872744099953725,2025-12-16,2025-12-16,CVE-2025-60101,5.9,2025-09-26T14:32:19.853
CVE-2025-60100,0.000580000,0.182590000,0.7376214715409533,2025-12-16,2025-12-16,CVE-2025-60100,5.3,2025-09-26T14:32:19.853
CVE-2025-60099,0.000450000,0.138340000,0.561082832022212,2025-12-16,2025-12-16,CVE-2025-60099,6.5,2025-09-26T14:32:19.853
CVE-2025-60098,0.000560000,0.177260000,0.7221193891716797,2025-12-16,2025-12-16,CVE-2025-60098,6.5,2025-09-26T14:32:19.853
CVE-2025-60097,0.000530000,0.166880000,0.6982878297084683,2025-12-16,2025-12-16,CVE-2025-60097,5.4,2025-09-26T14:32:19.853
CVE-2025-60096,0.000530000,0.166880000,0.6982878297084683,2025-12-16,2025-12-16,CVE-2025-60096,5.4,2025-09-26T14:32:19.853
CVE-2025-60095,0.000410000,0.122160000,0.475937066173068,2025-12-16,2025-12-16,CVE-2025-60095,4.3,2025-09-26T14:32:19.853
CVE-2025-60094,0.000390000,0.116660000,0.4097639981490051,2025-12-16,2025-12-16,CVE-2025-60094,4.3,2025-09-26T14:32:19.853
CVE-2025-60093,0.000200000,0.044440000,0.24086071263304026,2025-12-16,2025-12-16,CVE-2025-60093,4.3,2025-09-26T14:32:19.853
CVE-2025-60092,0.000410000,0.123170000,0.475937066173068,2025-12-16,2025-12-16,CVE-2025-60092,5.3,2025-09-26T14:32:19.853
CVE-2025-60040,0.000450000,0.138340000,0.561082832022212,2025-12-16,2025-12-16,CVE-2025-60040,6.5,2025-09-26T14:32:19.853
CVE-2025-60017,0.001850000,0.405330000,0.917167977788061,2025-12-16,2025-12-16,CVE-2025-60017,8.2,2025-09-26T14:32:19.853
CVE-2025-59817,0.000450000,0.137620000,0.561082832022212,2025-12-16,2025-12-16,CVE-2025-59817,8.4,2025-09-26T14:32:19.853
CVE-2025-59816,0.000960000,0.271900000,0.8581675150393336,2025-12-16,2025-12-16,CVE-2025-59816,7.3,2025-09-26T14:32:19.853
CVE-2025-59815,0.000610000,0.190960000,0.7570569180934752,2025-12-16,2025-12-16,CVE-2025-59815,8.4,2025-09-26T14:32:19.853
CVE-2025-59408,0.000320000,0.086290000,0.32855159648310966,2025-12-16,2025-12-16,CVE-2025-59408,7.3,2025-10-23T18:13:51.323
CVE-2025-59404,0.000560000,0.175010000,0.7221193891716797,2025-12-16,2025-12-16,CVE-2025-59404,7.5,2025-10-23T18:27:35.910
CVE-2025-59402,0.000280000,0.071910000,0.3125867653863952,2025-12-16,2025-12-16,CVE-2025-59402,5.4,2025-10-23T18:07:25.300
CVE-2025-59012,0.000450000,0.139800000,0.561082832022212,2025-12-16,2025-12-16,CVE-2025-59012,7.1,2025-09-26T14:32:19.853
CVE-2025-59011,0.000610000,0.192850000,0.7570569180934752,2025-12-16,2025-12-16,CVE-2025-59011,7.5,2025-09-26T14:32:19.853
CVE-2025-59010,0.000460000,0.142370000,0.6200832947709394,2025-12-16,2025-12-16,CVE-2025-59010,7.5,2025-09-26T14:32:19.853
CVE-2025-59002,0.000710000,0.219080000,0.8047200370198982,2025-12-16,2025-12-16,CVE-2025-59002,7.7,2025-09-26T14:32:19.853
CVE-2025-58919,0.000420000,0.125880000,0.4872744099953725,2025-12-16,2025-12-16,CVE-2025-58919,5.3,2025-09-26T14:32:19.853
CVE-2025-58917,0.000450000,0.138340000,0.561082832022212,2025-12-16,2025-12-16,CVE-2025-58917,6.5,2025-09-26T14:32:19.853
CVE-2025-58914,0.000200000,0.044440000,0.24086071263304026,2025-12-16,2025-12-16,CVE-2025-58914,4.3,2025-09-26T14:32:19.853
CVE-2025-56769,0.001390000,0.346370000,0.8998149005090236,2025-12-16,2025-12-16,CVE-2025-56769,6.5,2025-10-03T18:37:41.687
CVE-2025-54831,0.000660000,0.204630000,0.7873669597408607,2025-12-16,2025-12-16,CVE-2025-54831,6.5,2025-11-04T22:16:29.567
CVE-2025-4957,0.000450000,0.139800000,0.561082832022212,2025-12-16,2025-12-16,CVE-2025-4957,7.1,2025-09-26T14:32:19.853
CVE-2025-48326,0.000390000,0.116660000,0.4097639981490051,2025-12-16,2025-12-16,CVE-2025-48326,6.5,2025-09-26T14:32:19.853
CVE-2025-48107,0.000450000,0.139800000,0.561082832022212,2025-12-16,2025-12-16,CVE-2025-48107,7.1,2025-09-26T14:32:19.853
CVE-2025-35027,0.010400000,0.768720000,0.9803331790837575,2025-12-16,2025-12-16,CVE-2025-35027,7.3,2025-09-30T18:15:49.780
CVE-2025-27006,0.000450000,0.138340000,0.561082832022212,2025-12-16,2025-12-16,CVE-2025-27006,6.5,2025-09-26T14:32:19.853
CVE-2025-26482,0.000420000,0.127740000,0.4872744099953725,2025-12-16,2025-12-16,CVE-2025-26482,4.9,2025-09-26T14:32:19.853
CVE-2025-1862,0.003150000,0.541630000,0.9467838963442851,2025-12-16,2025-12-16,CVE-2025-1862,7.2,2025-10-06T13:43:41.447
CVE-2025-1396,0.000430000,0.132270000,0.5279962980101804,2025-12-16,2025-12-16,CVE-2025-1396,5.3,2025-10-06T13:44:11.523
CVE-2025-11021,0.000620000,0.195370000,0.7639981490050902,2025-12-16,2025-12-16,CVE-2025-11021,7.5,2025-11-25T06:15:44.720
CVE-2025-11005,0.028230000,0.856970000,0.9895881536325775,2025-12-16,2025-12-16,CVE-2025-11005,9.8,2025-10-16T15:45:04.160
CVE-2025-11000,0.000280000,0.070600000,0.3125867653863952,2025-12-16,2025-12-16,CVE-2025-11000,5.5,2025-09-29T13:09:23.500
CVE-2025-10999,0.000310000,0.083700000,0.32577510411846367,2025-12-16,2025-12-16,CVE-2025-10999,5.5,2025-09-29T13:08:57.867
CVE-2025-10998,0.000310000,0.083700000,0.32577510411846367,2025-12-16,2025-12-16,CVE-2025-10998,5.5,2025-09-29T13:08:41.893
CVE-2025-10997,0.000300000,0.081160000,0.3216103655714947,2025-12-16,2025-12-16,CVE-2025-10997,7.8,2025-09-29T13:08:33.063
CVE-2025-10996,0.000300000,0.081160000,0.3216103655714947,2025-12-16,2025-12-16,CVE-2025-10996,7.8,2025-09-29T13:08:16.400
CVE-2025-10995,0.000360000,0.101540000,0.3486811661267932,2025-12-16,2025-12-16,CVE-2025-10995,7.8,2025-09-29T13:07:54.020
CVE-2025-10994,0.000300000,0.081160000,0.3216103655714947,2025-12-16,2025-12-16,CVE-2025-10994,7.8,2025-09-29T13:07:41.623
CVE-2025-10993,0.000490000,0.152700000,0.6503933364183249,2025-12-16,2025-12-16,CVE-2025-10993,7.2,2025-10-03T20:21:39.660
CVE-2025-10992,0.000440000,0.135610000,0.549976862563628,2025-12-16,2025-12-16,CVE-2025-10992,5.3,2025-09-26T14:32:19.853
CVE-2025-10989,0.000480000,0.149700000,0.6385932438685794,2025-12-16,2025-12-16,CVE-2025-10989,8.8,2025-10-03T20:23:41.120
CVE-2025-10988,0.000500000,0.154890000,0.6753817677001388,2025-12-16,2025-12-16,CVE-2025-10988,8.8,2025-11-14T23:43:55.840
CVE-2025-10987,0.000500000,0.154890000,0.6753817677001388,2025-12-16,2025-12-16,CVE-2025-10987,8.8,2025-11-14T23:42:48.103
CVE-2025-10981,0.000390000,0.114380000,0.4097639981490051,2025-12-16,2025-12-16,CVE-2025-10981,6.5,2025-09-29T13:04:41.493
CVE-2025-10980,0.000390000,0.114380000,0.4097639981490051,2025-12-16,2025-12-16,CVE-2025-10980,6.5,2025-09-29T13:05:36.740
CVE-2025-10979,0.000390000,0.114380000,0.4097639981490051,2025-12-16,2025-12-16,CVE-2025-10979,6.5,2025-09-29T13:05:24.383
CVE-2025-10978,0.000390000,0.114380000,0.4097639981490051,2025-12-16,2025-12-16,CVE-2025-10978,6.5,2025-09-29T13:05:55.543
CVE-2025-10977,0.000390000,0.114380000,0.4097639981490051,2025-12-16,2025-12-16,CVE-2025-10977,5.3,2025-09-29T13:06:19.820
CVE-2025-10976,0.000390000,0.114380000,0.4097639981490051,2025-12-16,2025-12-16,CVE-2025-10976,5.3,2025-09-29T13:06:41.300
CVE-2025-10975,0.000640000,0.201690000,0.7783433595557612,2025-12-16,2025-12-16,CVE-2025-10975,6.3,2025-09-26T18:15:34.160
CVE-2025-10974,0.000640000,0.201690000,0.7783433595557612,2025-12-16,2025-12-16,CVE-2025-10974,6.3,2025-09-26T18:15:34.030
CVE-2025-10973,0.000420000,0.126080000,0.4872744099953725,2025-12-16,2025-12-16,CVE-2025-10973,7.3,2025-09-26T18:15:33.897
CVE-2025-10871,0.000160000,0.026290000,0.06293382693197594,2025-12-16,2025-12-16,CVE-2025-10871,7.2,2025-09-29T13:09:51.657
CVE-2025-10867,0.000380000,0.109620000,0.4012031466913466,2025-12-16,2025-12-16,CVE-2025-10867,6.5,2025-09-29T13:09:42.110
CVE-2025-10858,0.000620000,0.195260000,0.7639981490050902,2025-12-16,2025-12-16,CVE-2025-10858,7.5,2025-09-29T13:09:35.627
CVE-2025-10752,0.000280000,0.073550000,0.3125867653863952,2025-12-16,2025-12-16,CVE-2025-10752,4.3,2025-09-26T14:32:19.853
CVE-2025-10747,0.003330000,0.556050000,0.9493290143452106,2025-12-16,2025-12-16,CVE-2025-10747,7.2,2025-09-26T14:32:19.853
CVE-2025-10745,0.001370000,0.342170000,0.8991207774178621,2025-12-16,2025-12-16,CVE-2025-10745,5.3,2025-09-26T14:32:19.853
CVE-2025-10490,0.000330000,0.089800000,0.3301712170291532,2025-12-16,2025-12-16,CVE-2025-10490,4.4,2025-09-26T14:32:19.853
CVE-2025-10377,0.000160000,0.026130000,0.06293382693197594,2025-12-16,2025-12-16,CVE-2025-10377,4.3,2025-09-26T14:32:19.853
CVE-2025-10307,0.019770000,0.830830000,0.9868116612679315,2025-12-16,2025-12-16,CVE-2025-10307,6.5,2025-09-26T14:32:19.853
CVE-2025-10180,0.000450000,0.139450000,0.561082832022212,2025-12-16,2025-12-16,CVE-2025-10180,6.4,2025-09-26T14:32:19.853
CVE-2025-10178,0.000480000,0.150860000,0.6385932438685794,2025-12-16,2025-12-16,CVE-2025-10178,6.4,2025-09-26T14:32:19.853
CVE-2025-10173,0.000430000,0.132180000,0.5279962980101804,2025-12-16,2025-12-16,CVE-2025-10173,2.7,2025-09-26T14:32:19.853
CVE-2025-10137,0.000810000,0.243560000,0.8345673299398426,2025-12-16,2025-12-16,CVE-2025-10137,5.4,2025-09-26T14:32:19.853
CVE-2025-10136,0.000430000,0.130850000,0.5279962980101804,2025-12-16,2025-12-16,CVE-2025-10136,6.4,2025-09-26T14:32:19.853
CVE-2025-10037,0.000340000,0.093970000,0.3322535863026377,2025-12-16,2025-12-16,CVE-2025-10037,4.9,2025-09-26T14:32:19.853
CVE-2025-10036,0.000340000,0.093970000,0.3322535863026377,2025-12-16,2025-12-16,CVE-2025-10036,4.9,2025-09-26T14:32:19.853
CVE-2025-9958,0.000140000,0.017430000,0.04835724201758445,2025-12-16,2025-12-16,CVE-2025-9958,7.7,2025-11-06T18:15:45.953
CVE-2025-9642,0.000550000,0.174350000,0.7142526608051828,2025-12-16,2025-12-16,CVE-2025-9642,9.6,2025-09-29T13:10:11.653
CVE-2025-9267,0.000200000,0.044630000,0.24086071263304026,2025-12-16,2025-12-16,CVE-2025-9267,,2025-09-29T15:16:09.477
CVE-2025-7691,0.000080000,0.005280000,0.025451180009254976,2025-12-16,2025-12-16,CVE-2025-7691,8.8,2025-09-29T13:10:00.373
CVE-2025-6396,0.000390000,0.117850000,0.4097639981490051,2025-12-16,2025-12-16,CVE-2025-6396,6.1,2025-09-29T19:34:10.030
CVE-2025-60219,0.000640000,0.200400000,0.7783433595557612,2025-12-16,2025-12-16,CVE-2025-60219,10.0,2025-09-26T14:32:19.853
CVE-2025-60186,0.000420000,0.124970000,0.4872744099953725,2025-12-16,2025-12-16,CVE-2025-60186,5.9,2025-09-26T14:32:19.853
CVE-2025-60185,0.000420000,0.124970000,0.4872744099953725,2025-12-16,2025-12-16,CVE-2025-60185,5.9,2025-09-26T14:32:19.853
CVE-2025-60184,0.000420000,0.124970000,0.4872744099953725,2025-12-16,2025-12-16,CVE-2025-60184,5.9,2025-09-26T14:32:19.853
CVE-2025-60181,0.000400000,0.119210000,0.4701527070800555,2025-12-16,2025-12-16,CVE-2025-60181,5.4,2025-09-26T14:32:19.853
CVE-2025-60179,0.000420000,0.124970000,0.4872744099953725,2025-12-16,2025-12-16,CVE-2025-60179,5.9,2025-09-26T14:32:19.853
CVE-2025-60177,0.000420000,0.124970000,0.4872744099953725,2025-12-16,2025-12-16,CVE-2025-60177,5.9,2025-09-26T14:32:19.853
CVE-2025-60173,0.000190000,0.043490000,0.2038408144377603,2025-12-16,2025-12-16,CVE-2025-60173,7.1,2025-09-26T14:32:19.853
CVE-2025-60172,0.000190000,0.043490000,0.2038408144377603,2025-12-16,2025-12-16,CVE-2025-60172,7.1,2025-09-26T14:32:19.853
CVE-2025-60171,0.000190000,0.043490000,0.2038408144377603,2025-12-16,2025-12-16,CVE-2025-60171,7.1,2025-09-26T14:32:19.853
CVE-2025-60170,0.000190000,0.043490000,0.2038408144377603,2025-12-16,2025-12-16,CVE-2025-60170,7.1,2025-09-26T14:32:19.853
CVE-2025-60169,0.000190000,0.043490000,0.2038408144377603,2025-12-16,2025-12-16,CVE-2025-60169,7.1,2025-09-26T14:32:19.853
CVE-2025-60167,0.000410000,0.122160000,0.475937066173068,2025-12-16,2025-12-16,CVE-2025-60167,4.3,2025-09-26T14:32:19.853
CVE-2025-60166,0.000390000,0.116660000,0.4097639981490051,2025-12-16,2025-12-16,CVE-2025-60166,4.3,2025-09-26T14:32:19.853
CVE-2025-60165,0.000390000,0.116660000,0.4097639981490051,2025-12-16,2025-12-16,CVE-2025-60165,4.3,2025-09-26T14:32:19.853
CVE-2025-60164,0.000190000,0.043490000,0.2038408144377603,2025-12-16,2025-12-16,CVE-2025-60164,7.1,2025-09-26T14:32:19.853
CVE-2025-60163,0.000450000,0.138340000,0.561082832022212,2025-12-16,2025-12-16,CVE-2025-60163,6.5,2025-09-26T14:32:19.853
CVE-2025-60162,0.000450000,0.138340000,0.561082832022212,2025-12-16,2025-12-16,CVE-2025-60162,6.5,2025-09-26T14:32:19.853
CVE-2025-60161,0.000400000,0.119210000,0.4701527070800555,2025-12-16,2025-12-16,CVE-2025-60161,5.4,2025-10-09T15:16:07.623
CVE-2025-60160,0.000420000,0.124970000,0.4872744099953725,2025-12-16,2025-12-16,CVE-2025-60160,5.9,2025-09-26T14:32:19.853
CVE-2025-60159,0.000390000,0.116660000,0.4097639981490051,2025-12-16,2025-12-16,CVE-2025-60159,4.3,2025-09-26T14:32:19.853
CVE-2025-60158,0.000420000,0.124970000,0.4872744099953725,2025-12-16,2025-12-16,CVE-2025-60158,5.9,2025-09-26T14:32:19.853
CVE-2025-60157,0.000450000,0.138340000,0.561082832022212,2025-12-16,2025-12-16,CVE-2025-60157,6.5,2025-09-26T14:32:19.853
CVE-2025-60156,0.000240000,0.057350000,0.2940768162887552,2025-12-16,2025-12-16,CVE-2025-60156,9.6,2025-09-26T14:32:19.853
CVE-2025-60155,0.000420000,0.125880000,0.4872744099953725,2025-12-16,2025-12-16,CVE-2025-60155,5.3,2025-09-26T14:32:19.853
CVE-2025-60154,0.000420000,0.124970000,0.4872744099953725,2025-12-16,2025-12-16,CVE-2025-60154,5.9,2025-09-26T14:32:19.853
CVE-2025-60153,0.001700000,0.387690000,0.9113836186950486,2025-12-16,2025-12-16,CVE-2025-60153,7.5,2025-09-26T14:32:19.853
CVE-2025-60152,0.000390000,0.116660000,0.4097639981490051,2025-12-16,2025-12-16,CVE-2025-60152,4.3,2025-09-26T14:32:19.853
CVE-2025-60150,0.001700000,0.387690000,0.9113836186950486,2025-12-16,2025-12-16,CVE-2025-60150,7.5,2025-09-26T14:32:19.853
CVE-2025-60149,0.000420000,0.124970000,0.4872744099953725,2025-12-16,2025-12-16,CVE-2025-60149,5.9,2025-09-26T14:32:19.853
CVE-2025-60148,0.000390000,0.116660000,0.4097639981490051,2025-12-16,2025-12-16,CVE-2025-60148,4.3,2025-09-26T14:32:19.853
CVE-2025-60147,0.000450000,0.138340000,0.561082832022212,2025-12-16,2025-12-16,CVE-2025-60147,6.5,2025-09-26T14:32:19.853
CVE-2025-60146,0.000420000,0.124970000,0.4872744099953725,2025-12-16,2025-12-16,CVE-2025-60146,5.9,2025-09-26T14:32:19.853
CVE-2025-60145,0.000200000,0.044440000,0.24086071263304026,2025-12-16,2025-12-16,CVE-2025-60145,4.3,2025-09-26T14:32:19.853
CVE-2025-60144,0.000420000,0.124970000,0.4872744099953725,2025-12-16,2025-12-16,CVE-2025-60144,5.9,2025-09-26T14:32:19.853
CVE-2025-60143,0.000390000,0.116660000,0.4097639981490051,2025-12-16,2025-12-16,CVE-2025-60143,4.3,2025-09-26T14:32:19.853
CVE-2025-60142,0.000450000,0.138340000,0.561082832022212,2025-12-16,2025-12-16,CVE-2025-60142,6.5,2025-09-26T14:32:19.853
CVE-2025-60141,0.000420000,0.124970000,0.4872744099953725,2025-12-16,2025-12-16,CVE-2025-60141,5.9,2025-09-26T14:32:19.853
CVE-2025-60140,0.000410000,0.123170000,0.475937066173068,2025-12-16,2025-12-16,CVE-2025-60140,5.3,2025-09-26T14:32:19.853
CVE-2025-60139,0.000200000,0.044440000,0.24086071263304026,2025-12-16,2025-12-16,CVE-2025-60139,4.3,2025-09-26T14:32:19.853
CVE-2025-60138,0.000450000,0.138340000,0.561082832022212,2025-12-16,2025-12-16,CVE-2025-60138,6.5,2025-09-26T14:32:19.853
CVE-2025-60137,0.000200000,0.044440000,0.24086071263304026,2025-12-16,2025-12-16,CVE-2025-60137,4.3,2025-09-26T14:32:19.853
CVE-2025-60136,0.000420000,0.124970000,0.4872744099953725,2025-12-16,2025-12-16,CVE-2025-60136,5.9,2025-09-26T14:32:19.853
CVE-2025-60133,0.000420000,0.124970000,0.4872744099953725,2025-12-16,2025-12-16,CVE-2025-60133,5.9,2025-09-26T14:32:19.853
CVE-2025-60130,0.000420000,0.125880000,0.4872744099953725,2025-12-16,2025-12-16,CVE-2025-60130,5.3,2025-09-26T14:32:19.853
CVE-2025-60129,0.000420000,0.125880000,0.4872744099953725,2025-12-16,2025-12-16,CVE-2025-60129,5.3,2025-09-26T14:32:19.853
CVE-2025-60128,0.000390000,0.116660000,0.4097639981490051,2025-12-16,2025-12-16,CVE-2025-60128,4.3,2025-09-26T14:32:19.853
CVE-2025-60127,0.000530000,0.166880000,0.6982878297084683,2025-12-16,2025-12-16,CVE-2025-60127,5.4,2025-09-26T14:32:19.853
CVE-2025-60126,0.001700000,0.387690000,0.9113836186950486,2025-12-16,2025-12-16,CVE-2025-60126,8.8,2025-09-26T14:32:19.853
CVE-2025-60125,0.000410000,0.123170000,0.475937066173068,2025-12-16,2025-12-16,CVE-2025-60125,5.3,2025-09-26T14:32:19.853
CVE-2025-60124,0.000450000,0.138340000,0.561082832022212,2025-12-16,2025-12-16,CVE-2025-60124,6.5,2025-09-26T14:32:19.853
CVE-2025-60123,0.000390000,0.116660000,0.4097639981490051,2025-12-16,2025-12-16,CVE-2025-60123,4.3,2025-09-26T14:32:19.853
CVE-2025-60122,0.000390000,0.116660000,0.4097639981490051,2025-12-16,2025-12-16,CVE-2025-60122,4.3,2025-09-26T14:32:19.853
CVE-2025-60121,0.000420000,0.125880000,0.4872744099953725,2025-12-16,2025-12-16,CVE-2025-60121,5.3,2025-09-26T14:32:19.853
CVE-2025-60120,0.000420000,0.127380000,0.4872744099953725,2025-12-16,2025-12-16,CVE-2025-60120,5.3,2025-09-26T14:32:19.853
CVE-2025-59844,0.004350000,0.621910000,0.9632114761684405,2025-12-16,2025-12-16,CVE-2025-59844,,2025-09-29T19:34:10.030
CVE-2025-59843,0.000430000,0.132270000,0.5279962980101804,2025-12-16,2025-12-16,CVE-2025-59843,5.3,2025-10-08T16:30:36.180
CVE-2025-59842,0.000380000,0.112620000,0.4012031466913466,2025-12-16,2025-12-16,CVE-2025-59842,4.3,2025-10-22T16:27:14.567
CVE-2025-59362,0.000890000,0.259700000,0.8484497917630727,2025-12-16,2025-12-16,CVE-2025-59362,4.0,2025-10-07T18:50:14.290
CVE-2025-58385,0.000190000,0.041830000,0.2038408144377603,2025-12-16,2025-12-16,CVE-2025-58385,7.1,2025-10-07T18:51:40.840
CVE-2025-57292,0.000510000,0.158150000,0.6850994909763998,2025-12-16,2025-12-16,CVE-2025-57292,6.1,2025-10-07T19:05:10.933
CVE-2025-56463,0.000200000,0.046420000,0.24086071263304026,2025-12-16,2025-12-16,CVE-2025-56463,6.8,2025-10-07T18:52:53.413
CVE-2025-56383,0.000180000,0.038030000,0.15131883387320685,2025-12-16,2025-12-16,CVE-2025-56383,8.4,2025-11-19T15:15:48.437
CVE-2025-55848,0.000620000,0.195680000,0.7639981490050902,2025-12-16,2025-12-16,CVE-2025-55848,8.8,2025-10-03T19:29:28.217
CVE-2025-55847,0.000260000,0.063430000,0.3040259139287367,2025-12-16,2025-12-16,CVE-2025-55847,8.8,2025-10-03T19:22:45.967
CVE-2025-55187,0.000580000,0.183270000,0.7376214715409533,2025-12-16,2025-12-16,CVE-2025-55187,9.9,2025-10-08T20:20:03.193
CVE-2025-5069,0.000100000,0.008570000,0.034706154558074964,2025-12-16,2025-12-16,CVE-2025-5069,6.5,2025-09-29T13:12:20.940
CVE-2025-45994,0.000590000,0.185950000,0.7457195742711707,2025-12-16,2025-12-16,CVE-2025-45994,7.5,2025-10-03T19:28:20.387
CVE-2025-36326,0.000430000,0.129340000,0.5279962980101804,2025-12-16,2025-12-16,CVE-2025-36326,7.5,2025-10-03T19:14:39.327
CVE-2025-36274,0.000310000,0.085530000,0.32577510411846367,2025-12-16,2025-12-16,CVE-2025-36274,7.5,2025-12-11T22:12:13.223
CVE-2025-26258,0.000390000,0.117850000,0.4097639981490051,2025-12-16,2025-12-16,CVE-2025-26258,6.1,2025-11-06T22:19:59.617
CVE-2025-11060,0.000440000,0.134640000,0.549976862563628,2025-12-16,2025-12-16,CVE-2025-11060,5.7,2025-09-26T14:32:19.853
CVE-2025-11042,0.000600000,0.190070000,0.7515039333641832,2025-12-16,2025-12-16,CVE-2025-11042,7.5,2025-09-29T13:11:50.067
CVE-2025-11034,0.000570000,0.178950000,0.7279037482646923,2025-12-16,2025-12-16,CVE-2025-11034,4.3,2025-09-29T19:34:10.030
CVE-2025-11033,0.000390000,0.114110000,0.4097639981490051,2025-12-16,2025-12-16,CVE-2025-11033,9.8,2025-10-08T20:15:19.247
CVE-2025-11032,0.000390000,0.114110000,0.4097639981490051,2025-12-16,2025-12-16,CVE-2025-11032,9.8,2025-10-08T20:16:14.980
CVE-2025-11031,0.001660000,0.382610000,0.9097639981490051,2025-12-16,2025-12-16,CVE-2025-11031,5.3,2025-10-07T18:31:56.343
CVE-2025-11030,0.000570000,0.178070000,0.7279037482646923,2025-12-16,2025-12-16,CVE-2025-11030,7.3,2025-09-29T19:34:10.030
CVE-2025-11029,0.000290000,0.077450000,0.3167515039333642,2025-12-16,2025-12-16,CVE-2025-11029,8.8,2025-10-07T18:49:56.380
CVE-2025-11028,0.000550000,0.171910000,0.7142526608051828,2025-12-16,2025-12-16,CVE-2025-11028,7.5,2025-10-07T18:54:00.803
CVE-2025-11027,0.000340000,0.096890000,0.3322535863026377,2025-12-16,2025-12-16,CVE-2025-11027,5.4,2025-10-07T18:56:32.127
CVE-2025-11026,0.000410000,0.121460000,0.475937066173068,2025-12-16,2025-12-16,CVE-2025-11026,7.5,2025-10-08T20:22:33.550
CVE-2025-11025,0.000420000,0.126920000,0.4872744099953725,2025-12-16,2025-12-16,CVE-2025-11025,5.3,2025-09-26T14:32:19.853
CVE-2025-11019,0.000360000,0.102310000,0.3486811661267932,2025-12-16,2025-12-16,CVE-2025-11019,2.4,2025-09-29T19:34:10.030
CVE-2025-11018,0.003380000,0.560780000,0.950485886163813,2025-12-16,2025-12-16,CVE-2025-11018,7.5,2025-10-08T20:24:44.240
CVE-2025-11017,0.000310000,0.083700000,0.32577510411846367,2025-12-16,2025-12-16,CVE-2025-11017,5.5,2025-10-08T20:28:53.070
CVE-2025-11016,0.000730000,0.223360000,0.8128181397501157,2025-12-16,2025-12-16,CVE-2025-11016,4.3,2025-09-26T14:32:19.853
CVE-2025-11015,0.000190000,0.043290000,0.2038408144377603,2025-12-16,2025-12-16,CVE-2025-11015,5.3,2025-09-26T14:32:19.853
CVE-2025-11014,0.000300000,0.081160000,0.3216103655714947,2025-12-16,2025-12-16,CVE-2025-11014,7.8,2025-10-16T15:49:48.367
CVE-2025-11013,0.000260000,0.064030000,0.3040259139287367,2025-12-16,2025-12-16,CVE-2025-11013,5.5,2025-10-16T15:53:34.647
CVE-2025-11012,0.000290000,0.074810000,0.3167515039333642,2025-12-16,2025-12-16,CVE-2025-11012,7.8,2025-10-16T15:53:42.063
CVE-2025-11011,0.000280000,0.073590000,0.3125867653863952,2025-12-16,2025-12-16,CVE-2025-11011,5.5,2025-10-16T15:53:52.997
CVE-2025-11010,0.000190000,0.042020000,0.2038408144377603,2025-12-16,2025-12-16,CVE-2025-11010,5.3,2025-09-26T14:32:19.853
CVE-2025-10868,0.000170000,0.033440000,0.09093012494215641,2025-12-16,2025-12-16,CVE-2025-10868,5.3,2025-09-29T13:11:31.930
CVE-2025-10544,0.000580000,0.181820000,0.7376214715409533,2025-12-16,2025-12-16,CVE-2025-10544,,2025-09-26T14:32:19.853
CVE-2025-9944,0.000180000,0.035660000,0.15131883387320685,2025-12-16,2025-12-16,CVE-2025-9944,4.3,2025-09-29T19:34:10.030
CVE-2025-9899,0.000170000,0.031150000,0.09093012494215641,2025-12-16,2025-12-16,CVE-2025-9899,6.1,2025-09-29T19:34:10.030
CVE-2025-9898,0.000180000,0.035660000,0.15131883387320685,2025-12-16,2025-12-16,CVE-2025-9898,4.3,2025-09-29T19:34:10.030
CVE-2025-9896,0.000180000,0.035660000,0.15131883387320685,2025-12-16,2025-12-16,CVE-2025-9896,4.3,2025-09-29T19:34:10.030
CVE-2025-9894,0.000180000,0.035660000,0.15131883387320685,2025-12-16,2025-12-16,CVE-2025-9894,4.3,2025-09-29T19:34:10.030
CVE-2025-9893,0.000180000,0.035660000,0.15131883387320685,2025-12-16,2025-12-16,CVE-2025-9893,4.3,2025-09-29T19:34:10.030
CVE-2025-9816,0.001850000,0.405820000,0.917167977788061,2025-12-16,2025-12-16,CVE-2025-9816,7.2,2025-09-29T19:34:10.030
CVE-2025-8440,0.000430000,0.129070000,0.5279962980101804,2025-12-16,2025-12-16,CVE-2025-8440,6.4,2025-09-29T19:34:10.030
CVE-2025-8014,0.001050000,0.293360000,0.8729754743174456,2025-12-16,2025-12-16,CVE-2025-8014,7.5,2025-10-03T18:23:37.553
CVE-2025-7647,0.000210000,0.049080000,0.26862563627950026,2025-12-16,2025-12-16,CVE-2025-7647,7.3,2025-09-29T19:34:10.030
CVE-2025-59945,0.000440000,0.135770000,0.549976862563628,2025-12-16,2025-12-16,CVE-2025-59945,8.1,2025-12-11T21:18:59.340
CVE-2025-59939,0.000450000,0.139640000,0.561082832022212,2025-12-16,2025-12-16,CVE-2025-59939,8.8,2025-10-06T15:05:36.037
CVE-2025-59938,0.000820000,0.244860000,0.8361869504858862,2025-12-16,2025-12-16,CVE-2025-59938,6.5,2025-10-16T17:33:38.680
CVE-2025-59936,0.000670000,0.209750000,0.7933826931975937,2025-12-16,2025-12-16,CVE-2025-59936,9.4,2025-09-29T19:34:10.030
CVE-2025-59934,0.000120000,0.011490000,0.040953262378528456,2025-12-16,2025-12-16,CVE-2025-59934,9.4,2025-09-29T19:34:10.030
CVE-2025-59932,0.000610000,0.193400000,0.7570569180934752,2025-12-16,2025-12-16,CVE-2025-59932,8.2,2025-10-08T16:56:50.940
CVE-2025-59845,0.000190000,0.040900000,0.2038408144377603,2025-12-16,2025-12-16,CVE-2025-59845,8.2,2025-09-29T19:34:10.030
CVE-2025-58384,0.005780000,0.680750000,0.9699213327163351,2025-12-16,2025-12-16,CVE-2025-58384,10.0,2025-09-29T19:34:10.030
CVE-2025-57692,0.000670000,0.208030000,0.7933826931975937,2025-12-16,2025-12-16,CVE-2025-57692,6.8,2025-10-07T19:10:33.520
CVE-2025-36239,0.000970000,0.275110000,0.8597871355853771,2025-12-16,2025-12-16,CVE-2025-36239,6.1,2025-12-11T22:09:47.937
CVE-2025-36144,0.000160000,0.026960000,0.06293382693197594,2025-12-16,2025-12-16,CVE-2025-36144,5.5,2025-10-03T19:15:18.317
CVE-2025-3193,0.000730000,0.222980000,0.8128181397501157,2025-12-16,2025-12-16,CVE-2025-3193,7.5,2025-10-05T00:15:31.013
CVE-2025-11120,0.001020000,0.287630000,0.8713558537714021,2025-12-16,2025-12-16,CVE-2025-11120,8.8,2025-10-03T13:42:17.047
CVE-2025-11119,0.000480000,0.148500000,0.6385932438685794,2025-12-16,2025-12-16,CVE-2025-11119,6.1,2025-10-03T13:40:21.530
CVE-2025-11118,0.000390000,0.114110000,0.4097639981490051,2025-12-16,2025-12-16,CVE-2025-11118,9.8,2025-10-03T13:39:40.880
CVE-2025-11117,0.001060000,0.295010000,0.8739009717723276,2025-12-16,2025-12-16,CVE-2025-11117,8.8,2025-10-03T13:38:34.747
CVE-2025-11116,0.000390000,0.114110000,0.4097639981490051,2025-12-16,2025-12-16,CVE-2025-11116,9.8,2025-10-23T20:06:00.793
CVE-2025-11115,0.000390000,0.114110000,0.4097639981490051,2025-12-16,2025-12-16,CVE-2025-11115,9.8,2025-10-23T20:06:00.793
CVE-2025-11114,0.000370000,0.109070000,0.36742248958815366,2025-12-16,2025-12-16,CVE-2025-11114,8.8,2025-10-02T18:40:22.530
CVE-2025-11113,0.000390000,0.113420000,0.4097639981490051,2025-12-16,2025-12-16,CVE-2025-11113,8.8,2025-10-02T18:41:23.653
CVE-2025-11112,0.000480000,0.148500000,0.6385932438685794,2025-12-16,2025-12-16,CVE-2025-11112,6.1,2025-10-02T19:38:24.347
CVE-2025-11111,0.000390000,0.114110000,0.4097639981490051,2025-12-16,2025-12-16,CVE-2025-11111,9.8,2025-10-02T18:40:43.203
CVE-2025-11110,0.000390000,0.114110000,0.4097639981490051,2025-12-16,2025-12-16,CVE-2025-11110,9.8,2025-10-02T18:40:55.767
CVE-2025-11109,0.000390000,0.114110000,0.4097639981490051,2025-12-16,2025-12-16,CVE-2025-11109,9.8,2025-10-02T18:41:04.837
CVE-2025-11108,0.000370000,0.107380000,0.36742248958815366,2025-12-16,2025-12-16,CVE-2025-11108,9.8,2025-10-23T20:06:00.793
CVE-2025-11107,0.000370000,0.107380000,0.36742248958815366,2025-12-16,2025-12-16,CVE-2025-11107,9.8,2025-10-23T20:06:00.793
CVE-2025-11106,0.000370000,0.107380000,0.36742248958815366,2025-12-16,2025-12-16,CVE-2025-11106,9.8,2025-10-23T20:06:00.793
CVE-2025-11105,0.000370000,0.107380000,0.36742248958815366,2025-12-16,2025-12-16,CVE-2025-11105,9.8,2025-10-23T20:06:00.793
CVE-2025-11104,0.000370000,0.109070000,0.36742248958815366,2025-12-16,2025-12-16,CVE-2025-11104,8.8,2025-10-03T14:50:58.427
CVE-2025-11103,0.000540000,0.170600000,0.7084683017121703,2025-12-16,2025-12-16,CVE-2025-11103,7.2,2025-10-03T14:50:23.457
CVE-2025-11102,0.000370000,0.107380000,0.36742248958815366,2025-12-16,2025-12-16,CVE-2025-11102,9.8,2025-10-03T14:49:54.450
CVE-2025-11101,0.000370000,0.107380000,0.36742248958815366,2025-12-16,2025-12-16,CVE-2025-11101,9.8,2025-10-03T14:46:33.773
CVE-2025-11100,0.000990000,0.283730000,0.8651087459509487,2025-12-16,2025-12-16,CVE-2025-11100,8.8,2025-10-02T18:57:37.743
CVE-2025-11099,0.000990000,0.283730000,0.8651087459509487,2025-12-16,2025-12-16,CVE-2025-11099,8.8,2025-10-02T18:57:46.010
CVE-2025-11098,0.000990000,0.283730000,0.8651087459509487,2025-12-16,2025-12-16,CVE-2025-11098,8.8,2025-10-02T18:57:53.997
CVE-2025-11097,0.000990000,0.283730000,0.8651087459509487,2025-12-16,2025-12-16,CVE-2025-11097,8.8,2025-10-02T18:58:00.877
CVE-2025-11096,0.000990000,0.283730000,0.8651087459509487,2025-12-16,2025-12-16,CVE-2025-11096,8.8,2025-10-02T19:02:45.510
CVE-2025-11095,0.000990000,0.283730000,0.8651087459509487,2025-12-16,2025-12-16,CVE-2025-11095,8.8,2025-10-02T19:06:34.767
CVE-2025-11094,0.000420000,0.127460000,0.4872744099953725,2025-12-16,2025-12-16,CVE-2025-11094,9.8,2025-10-23T20:06:00.793
CVE-2025-11092,0.000990000,0.283730000,0.8651087459509487,2025-12-16,2025-12-16,CVE-2025-11092,8.8,2025-10-02T19:06:44.720
CVE-2025-11091,0.001020000,0.287630000,0.8713558537714021,2025-12-16,2025-12-16,CVE-2025-11091,8.8,2025-10-03T14:45:31.690
CVE-2025-11090,0.000540000,0.170130000,0.7084683017121703,2025-12-16,2025-12-16,CVE-2025-11090,8.8,2025-10-03T14:44:49.397
CVE-2025-11089,0.000390000,0.114110000,0.4097639981490051,2025-12-16,2025-12-16,CVE-2025-11089,9.8,2025-10-07T18:23:53.097
CVE-2025-11088,0.000370000,0.109070000,0.36742248958815366,2025-12-16,2025-12-16,CVE-2025-11088,8.8,2025-10-03T15:00:40.577
CVE-2025-11083,0.000260000,0.065150000,0.3040259139287367,2025-12-16,2025-12-16,CVE-2025-11083,7.8,2025-10-03T16:52:47.010
CVE-2025-11082,0.000230000,0.055570000,0.2892179546506247,2025-12-16,2025-12-16,CVE-2025-11082,7.8,2025-10-03T16:52:34.527
CVE-2025-11081,0.000270000,0.067110000,0.3098102730217492,2025-12-16,2025-12-16,CVE-2025-11081,5.5,2025-10-03T16:51:07.390
CVE-2025-11080,0.000400000,0.119470000,0.4701527070800555,2025-12-16,2025-12-16,CVE-2025-11080,4.3,2025-09-29T19:34:10.030
CVE-2025-11079,0.002570000,0.488760000,0.9391485423415086,2025-12-16,2025-12-16,CVE-2025-11079,9.8,2025-10-03T15:00:13.840
CVE-2025-11078,0.000480000,0.149700000,0.6385932438685794,2025-12-16,2025-12-16,CVE-2025-11078,8.8,2025-10-03T14:59:45.223
CVE-2025-11077,0.000390000,0.114110000,0.4097639981490051,2025-12-16,2025-12-16,CVE-2025-11077,9.8,2025-10-03T14:57:21.560
CVE-2025-11076,0.000390000,0.114110000,0.4097639981490051,2025-12-16,2025-12-16,CVE-2025-11076,9.8,2025-10-03T14:57:00.850
CVE-2025-11075,0.000390000,0.114110000,0.4097639981490051,2025-12-16,2025-12-16,CVE-2025-11075,9.8,2025-10-03T14:55:57.373
CVE-2025-11074,0.000390000,0.114110000,0.4097639981490051,2025-12-16,2025-12-16,CVE-2025-11074,9.8,2025-10-23T20:06:00.793
CVE-2025-11073,0.003360000,0.558940000,0.950023137436372,2025-12-16,2025-12-16,CVE-2025-11073,4.7,2025-09-29T19:34:10.030
CVE-2025-11071,0.000340000,0.095240000,0.3322535863026377,2025-12-16,2025-12-16,CVE-2025-11071,7.2,2025-10-10T18:37:42.520
CVE-2025-11070,0.000390000,0.114110000,0.4097639981490051,2025-12-16,2025-12-16,CVE-2025-11070,9.8,2025-10-03T14:55:40.383
CVE-2025-11069,0.000430000,0.131040000,0.5279962980101804,2025-12-16,2025-12-16,CVE-2025-11069,4.8,2025-10-03T14:55:22.697
CVE-2025-11068,0.000430000,0.131040000,0.5279962980101804,2025-12-16,2025-12-16,CVE-2025-11068,4.8,2025-10-03T14:55:14.477
CVE-2025-11067,0.000430000,0.131040000,0.5279962980101804,2025-12-16,2025-12-16,CVE-2025-11067,4.8,2025-10-03T14:54:32.720
CVE-2025-11066,0.000390000,0.114110000,0.4097639981490051,2025-12-16,2025-12-16,CVE-2025-11066,9.8,2025-10-03T15:43:27.923
CVE-2025-11064,0.000390000,0.114110000,0.4097639981490051,2025-12-16,2025-12-16,CVE-2025-11064,9.8,2025-10-03T15:42:48.073
CVE-2025-11063,0.000390000,0.114110000,0.4097639981490051,2025-12-16,2025-12-16,CVE-2025-11063,9.8,2025-10-03T15:42:36.747
CVE-2025-11062,0.000480000,0.149990000,0.6385932438685794,2025-12-16,2025-12-16,CVE-2025-11062,9.8,2025-10-03T15:42:19.960
CVE-2025-11061,0.000390000,0.114110000,0.4097639981490051,2025-12-16,2025-12-16,CVE-2025-11061,9.8,2025-10-03T15:42:04.643
CVE-2025-11057,0.000390000,0.114110000,0.4097639981490051,2025-12-16,2025-12-16,CVE-2025-11057,9.8,2025-10-03T15:41:50.247
CVE-2025-11056,0.000370000,0.109070000,0.36742248958815366,2025-12-16,2025-12-16,CVE-2025-11056,9.8,2025-10-03T15:41:31.203
CVE-2025-11055,0.000390000,0.114110000,0.4097639981490051,2025-12-16,2025-12-16,CVE-2025-11055,9.8,2025-11-13T16:32:12.403
CVE-2025-11054,0.000370000,0.109070000,0.36742248958815366,2025-12-16,2025-12-16,CVE-2025-11054,8.8,2025-10-03T15:38:38.883
CVE-2025-11053,0.000390000,0.114110000,0.4097639981490051,2025-12-16,2025-12-16,CVE-2025-11053,9.8,2025-10-03T18:24:04.280
CVE-2025-11052,0.000390000,0.114110000,0.4097639981490051,2025-12-16,2025-12-16,CVE-2025-11052,9.8,2025-10-16T17:17:52.647
CVE-2025-11051,0.000410000,0.122720000,0.475937066173068,2025-12-16,2025-12-16,CVE-2025-11051,6.5,2025-10-03T15:37:20.437
CVE-2025-11050,0.000480000,0.149700000,0.6385932438685794,2025-12-16,2025-12-16,CVE-2025-11050,8.8,2025-10-03T18:28:30.633
CVE-2025-11049,0.000480000,0.149700000,0.6385932438685794,2025-12-16,2025-12-16,CVE-2025-11049,8.8,2025-10-03T18:31:06.697
CVE-2025-11048,0.000480000,0.149700000,0.6385932438685794,2025-12-16,2025-12-16,CVE-2025-11048,8.8,2025-10-07T18:30:59.987
CVE-2025-11047,0.000480000,0.149700000,0.6385932438685794,2025-12-16,2025-12-16,CVE-2025-11047,8.8,2025-10-07T18:30:26.743
CVE-2025-11046,0.000600000,0.187980000,0.7515039333641832,2025-12-16,2025-12-16,CVE-2025-11046,9.8,2025-10-07T18:29:49.790
CVE-2025-11045,0.017730000,0.821790000,0.985654789449329,2025-12-16,2025-12-16,CVE-2025-11045,7.3,2025-09-29T19:34:10.030
CVE-2025-11041,0.000370000,0.109070000,0.36742248958815366,2025-12-16,2025-12-16,CVE-2025-11041,8.8,2025-10-03T15:23:35.143
CVE-2025-11040,0.000390000,0.114110000,0.4097639981490051,2025-12-16,2025-12-16,CVE-2025-11040,9.8,2025-10-03T15:23:01.543
CVE-2025-11039,0.000370000,0.107380000,0.36742248958815366,2025-12-16,2025-12-16,CVE-2025-11039,9.8,2025-10-03T15:12:10.887
CVE-2025-11038,0.000370000,0.109070000,0.36742248958815366,2025-12-16,2025-12-16,CVE-2025-11038,8.8,2025-10-03T15:11:46.383
CVE-2025-11037,0.000450000,0.139970000,0.561082832022212,2025-12-16,2025-12-16,CVE-2025-11037,9.8,2025-10-23T20:06:00.793
CVE-2025-11036,0.000450000,0.139970000,0.561082832022212,2025-12-16,2025-12-16,CVE-2025-11036,9.8,2025-10-23T20:06:00.793
CVE-2025-11035,0.000150000,0.023700000,0.05529847292919945,2025-12-16,2025-12-16,CVE-2025-11035,9.8,2025-10-08T20:13:35.033
CVE-2025-10954,0.001000000,0.284360000,0.8683479870430356,2025-12-16,2025-12-16,CVE-2025-10954,7.5,2025-10-03T18:30:04.820
CVE-2025-10657,0.000180000,0.038140000,0.15131883387320685,2025-12-16,2025-12-16,CVE-2025-10657,,2025-09-29T19:34:10.030
CVE-2025-10499,0.000160000,0.026130000,0.06293382693197594,2025-12-16,2025-12-16,CVE-2025-10499,4.3,2025-09-29T19:34:10.030
CVE-2025-10498,0.000160000,0.026130000,0.06293382693197594,2025-12-16,2025-12-16,CVE-2025-10498,4.3,2025-09-29T19:34:10.030
CVE-2024-43192,0.000200000,0.046690000,0.24086071263304026,2025-12-16,2025-12-16,CVE-2024-43192,8.8,2025-12-11T22:10:37.530
CVE-2025-9904,0.000580000,0.183910000,0.7376214715409533,2025-12-16,2025-12-16,CVE-2025-9904,5.3,2025-09-29T19:34:10.030
CVE-2025-9903,0.000570000,0.178670000,0.7279037482646923,2025-12-16,2025-12-16,CVE-2025-9903,5.9,2025-09-29T19:34:10.030
CVE-2025-9648,0.007370000,0.721810000,0.9754743174456271,2025-12-16,2025-12-16,CVE-2025-9648,,2025-09-29T19:34:10.030
CVE-2025-8868,0.171190000,0.947670000,0.9969921332716335,2025-12-16,2025-12-16,CVE-2025-8868,8.8,2025-10-16T17:14:27.610
CVE-2025-7698,0.000510000,0.160490000,0.6850994909763998,2025-12-16,2025-12-16,CVE-2025-7698,5.9,2025-09-29T19:34:10.030
CVE-2025-7104,0.000520000,0.161340000,0.6929662193428968,2025-12-16,2025-12-16,CVE-2025-7104,7.5,2025-10-16T16:45:42.937
CVE-2025-6724,0.000710000,0.218610000,0.8047200370198982,2025-12-16,2025-12-16,CVE-2025-6724,8.8,2025-10-16T17:15:23.400
CVE-2025-61659,0.000190000,0.041120000,0.2038408144377603,2025-12-16,2025-12-16,CVE-2025-61659,6.8,2025-09-29T19:34:10.030
CVE-2025-57879,0.000440000,0.135600000,0.549976862563628,2025-12-16,2025-12-16,CVE-2025-57879,6.1,2025-10-17T14:15:25.803
CVE-2025-57878,0.000440000,0.135600000,0.549976862563628,2025-12-16,2025-12-16,CVE-2025-57878,6.1,2025-10-17T14:15:18.050
CVE-2025-57877,0.000450000,0.140080000,0.561082832022212,2025-12-16,2025-12-16,CVE-2025-57877,4.8,2025-10-17T14:15:14.017
CVE-2025-57876,0.000450000,0.140080000,0.561082832022212,2025-12-16,2025-12-16,CVE-2025-57876,4.8,2025-10-17T14:15:05.600
CVE-2025-57875,0.000450000,0.140080000,0.561082832022212,2025-12-16,2025-12-16,CVE-2025-57875,4.8,2025-10-17T14:14:55.633
CVE-2025-57874,0.000450000,0.140080000,0.561082832022212,2025-12-16,2025-12-16,CVE-2025-57874,4.8,2025-10-17T14:14:46.523
CVE-2025-57873,0.000450000,0.140080000,0.561082832022212,2025-12-16,2025-12-16,CVE-2025-57873,4.8,2025-10-17T14:14:40.383
CVE-2025-57872,0.000440000,0.135600000,0.549976862563628,2025-12-16,2025-12-16,CVE-2025-57872,6.1,2025-10-17T14:14:32.447
CVE-2025-57871,0.000450000,0.140080000,0.561082832022212,2025-12-16,2025-12-16,CVE-2025-57871,4.8,2025-10-17T14:08:29.920
CVE-2025-57516,0.022460000,0.840990000,0.9877371587228135,2025-12-16,2025-12-16,CVE-2025-57516,8.2,2025-10-28T21:15:39.537
CVE-2025-57483,0.000440000,0.135430000,0.549976862563628,2025-12-16,2025-12-16,CVE-2025-57483,8.1,2025-09-29T19:34:10.030
CVE-2025-57428,0.000400000,0.119210000,0.4701527070800555,2025-12-16,2025-12-16,CVE-2025-57428,6.5,2025-10-28T21:15:39.233
CVE-2025-57424,0.000400000,0.121320000,0.4701527070800555,2025-12-16,2025-12-16,CVE-2025-57424,7.3,2025-09-29T19:34:10.030
CVE-2025-57266,0.001470000,0.356660000,0.9023600185099491,2025-12-16,2025-12-16,CVE-2025-57266,9.8,2025-10-02T19:12:42.843
CVE-2025-57197,0.000300000,0.079040000,0.3216103655714947,2025-12-16,2025-12-16,CVE-2025-57197,6.0,2025-09-30T18:15:50.923
CVE-2025-56807,0.000510000,0.158150000,0.6850994909763998,2025-12-16,2025-12-16,CVE-2025-56807,6.1,2025-10-16T16:32:12.737
CVE-2025-56795,0.000490000,0.152430000,0.6503933364183249,2025-12-16,2025-12-16,CVE-2025-56795,9.0,2025-10-16T15:42:33.617
CVE-2025-56764,0.000430000,0.132220000,0.5279962980101804,2025-12-16,2025-12-16,CVE-2025-56764,5.3,2025-11-11T19:15:34.910
CVE-2025-56449,0.000910000,0.263650000,0.8509949097639982,2025-12-16,2025-12-16,CVE-2025-56449,8.2,2025-10-28T21:15:38.930
CVE-2025-56234,0.000600000,0.187790000,0.7515039333641832,2025-12-16,2025-12-16,CVE-2025-56234,7.5,2025-10-28T21:15:38.490
CVE-2025-56233,0.000590000,0.187020000,0.7457195742711707,2025-12-16,2025-12-16,CVE-2025-56233,7.5,2025-10-28T21:15:38.363
CVE-2025-55795,0.000400000,0.121250000,0.4701527070800555,2025-12-16,2025-12-16,CVE-2025-55795,3.5,2025-10-16T17:09:46.393
CVE-2025-54591,0.000600000,0.190150000,0.7515039333641832,2025-12-16,2025-12-16,CVE-2025-54591,7.5,2025-10-03T16:06:32.667
CVE-2025-51495,0.000670000,0.209450000,0.7933826931975937,2025-12-16,2025-12-16,CVE-2025-51495,7.5,2025-10-16T17:00:47.237
CVE-2025-48006,0.000540000,0.169380000,0.7084683017121703,2025-12-16,2025-12-16,CVE-2025-48006,9.1,2025-10-14T18:18:55.560
CVE-2025-45376,0.000130000,0.016610000,0.04349838037945396,2025-12-16,2025-12-16,CVE-2025-45376,7.8,2025-10-29T17:58:13.290
CVE-2025-43400,0.000550000,0.171900000,0.7142526608051828,2025-12-16,2025-12-16,CVE-2025-43400,6.3,2025-11-04T22:16:15.480
CVE-2025-41252,0.000700000,0.215150000,0.8010180472003702,2025-12-16,2025-12-16,CVE-2025-41252,7.5,2025-09-29T19:34:10.030
CVE-2025-41251,0.000810000,0.242110000,0.8345673299398426,2025-12-16,2025-12-16,CVE-2025-41251,8.1,2025-09-29T19:34:10.030
CVE-2025-41250,0.000810000,0.243310000,0.8345673299398426,2025-12-16,2025-12-16,CVE-2025-41250,8.5,2025-09-29T19:34:10.030
CVE-2025-41246,0.000330000,0.092220000,0.3301712170291532,2025-12-16,2025-12-16,CVE-2025-41246,7.6,2025-09-29T19:34:10.030
CVE-2025-41245,0.000540000,0.168890000,0.7084683017121703,2025-12-16,2025-12-16,CVE-2025-41245,4.9,2025-09-29T19:34:10.030
CVE-2025-41244,0.008470000,0.742280000,0.9784821841739936,2025-12-16,2025-12-16,CVE-2025-41244,7.8,2025-11-06T13:58:13.620
CVE-2025-36352,0.000360000,0.104830000,0.3486811661267932,2025-12-16,2025-12-16,CVE-2025-36352,5.4,2025-10-03T17:54:10.850
CVE-2025-36351,0.000660000,0.205960000,0.7873669597408607,2025-12-16,2025-12-16,CVE-2025-36351,4.3,2025-10-03T17:53:55.820
CVE-2025-36099,0.000560000,0.176780000,0.7221193891716797,2025-12-16,2025-12-16,CVE-2025-36099,4.9,2025-10-03T17:54:19.180
CVE-2025-35034,0.000570000,0.178900000,0.7279037482646923,2025-12-16,2025-12-16,CVE-2025-35034,4.3,2025-10-02T19:12:42.843
CVE-2025-35033,0.000550000,0.173660000,0.7142526608051828,2025-12-16,2025-12-16,CVE-2025-35033,4.1,2025-10-02T19:12:42.843
CVE-2025-35032,0.000360000,0.102470000,0.3486811661267932,2025-12-16,2025-12-16,CVE-2025-35032,3.4,2025-10-02T19:12:42.843
CVE-2025-35031,0.000160000,0.028170000,0.06293382693197594,2025-12-16,2025-12-16,CVE-2025-35031,3.3,2025-10-02T19:12:42.843
CVE-2025-35030,0.000340000,0.095150000,0.3322535863026377,2025-12-16,2025-12-16,CVE-2025-35030,8.1,2025-10-02T19:12:42.843
CVE-2025-34235,0.002390000,0.469410000,0.9359093012494215,2025-12-16,2025-12-16,CVE-2025-34235,7.8,2025-10-09T17:55:21.890
CVE-2025-34234,0.000360000,0.102960000,0.3486811661267932,2025-12-16,2025-12-16,CVE-2025-34234,7.5,2025-10-09T17:55:04.450
CVE-2025-34233,0.000520000,0.162930000,0.6929662193428968,2025-12-16,2025-12-16,CVE-2025-34233,6.8,2025-10-09T17:50:38.163
CVE-2025-34232,0.000560000,0.174870000,0.7221193891716797,2025-12-16,2025-12-16,CVE-2025-34232,5.3,2025-10-09T19:17:18.387
CVE-2025-34231,0.004020000,0.601500000,0.9595094863489125,2025-12-16,2025-12-16,CVE-2025-34231,8.6,2025-10-09T16:14:08.317
CVE-2025-34230,0.000560000,0.174870000,0.7221193891716797,2025-12-16,2025-12-16,CVE-2025-34230,5.8,2025-10-09T16:13:49.590
CVE-2025-34229,0.000560000,0.174870000,0.7221193891716797,2025-12-16,2025-12-16,CVE-2025-34229,5.8,2025-10-09T16:13:24.893
CVE-2025-34228,0.007000000,0.713410000,0.9743174456270245,2025-12-16,2025-12-16,CVE-2025-34228,8.6,2025-10-09T19:17:04.187
CVE-2025-34225,0.007000000,0.713410000,0.9743174456270245,2025-12-16,2025-12-16,CVE-2025-34225,8.6,2025-10-09T19:16:47.253
CVE-2025-34224,0.019540000,0.829880000,0.9863489125404905,2025-12-16,2025-12-16,CVE-2025-34224,9.1,2025-10-09T18:23:34.493
CVE-2025-34223,0.024160000,0.846440000,0.9881999074502545,2025-12-16,2025-12-16,CVE-2025-34223,9.8,2025-10-09T18:13:32.420
CVE-2025-34222,0.002270000,0.454280000,0.9335955576122166,2025-12-16,2025-12-16,CVE-2025-34222,9.1,2025-10-09T18:13:17.547
CVE-2025-34221,0.029990000,0.861180000,0.990282276723739,2025-12-16,2025-12-16,CVE-2025-34221,9.8,2025-10-09T18:11:54.903
CVE-2025-34220,0.002820000,0.512460000,0.9426191577973161,2025-12-16,2025-12-16,CVE-2025-34220,5.3,2025-10-09T18:05:10.110
CVE-2025-34218,0.007950000,0.733450000,0.9770939379916705,2025-12-16,2025-12-16,CVE-2025-34218,9.8,2025-10-09T18:04:33.063
CVE-2025-34216,0.002070000,0.431030000,0.9266543267006015,2025-12-16,2025-12-16,CVE-2025-34216,9.8,2025-10-09T18:04:23.007
CVE-2025-34215,0.004640000,0.635890000,0.9659879685330865,2025-12-16,2025-12-16,CVE-2025-34215,9.8,2025-10-18T01:50:20.127
CVE-2025-34212,0.002100000,0.434990000,0.928273947246645,2025-12-16,2025-12-16,CVE-2025-34212,9.8,2025-10-09T18:03:58.000
CVE-2025-34211,0.000250000,0.061540000,0.2998611753817677,2025-12-16,2025-12-16,CVE-2025-34211,4.9,2025-10-03T16:16:31.273
CVE-2025-34209,0.000750000,0.227770000,0.8169828782970847,2025-12-16,2025-12-16,CVE-2025-34209,7.2,2025-10-03T16:18:25.587
CVE-2025-34207,0.000670000,0.208670000,0.7933826931975937,2025-12-16,2025-12-16,CVE-2025-34207,9.8,2025-10-03T16:23:41.507
CVE-2025-34196,0.000420000,0.125390000,0.4872744099953725,2025-12-16,2025-12-16,CVE-2025-34196,9.8,2025-10-16T16:27:21.273
CVE-2025-30247,0.015440000,0.809050000,0.9844979176307265,2025-12-16,2025-12-16,CVE-2025-30247,,2025-10-02T19:12:42.843
CVE-2025-11155,0.000220000,0.050580000,0.2834335955576122,2025-12-16,2025-12-16,CVE-2025-11155,,2025-09-29T19:34:10.030
CVE-2025-11147,0.000390000,0.115950000,0.4097639981490051,2025-12-16,2025-12-16,CVE-2025-11147,5.4,2025-10-16T15:54:26.323
CVE-2025-11146,0.000390000,0.115950000,0.4097639981490051,2025-12-16,2025-12-16,CVE-2025-11146,5.4,2025-10-16T15:54:35.073
CVE-2025-11141,0.003300000,0.554270000,0.9479407681628875,2025-12-16,2025-12-16,CVE-2025-11141,4.7,2025-09-29T19:34:10.030
CVE-2025-11140,0.000540000,0.168760000,0.7084683017121703,2025-12-16,2025-12-16,CVE-2025-11140,9.8,2025-10-03T18:18:23.230
CVE-2025-11139,0.001160000,0.311700000,0.8859324386857936,2025-12-16,2025-12-16,CVE-2025-11139,9.8,2025-10-03T18:19:49.773
CVE-2025-11138,0.003770000,0.585840000,0.954650624710782,2025-12-16,2025-12-16,CVE-2025-11138,8.8,2025-10-10T18:38:03.710
CVE-2025-11137,0.000390000,0.115530000,0.4097639981490051,2025-12-16,2025-12-16,CVE-2025-11137,3.5,2025-09-29T19:34:10.030
CVE-2025-11136,0.000520000,0.162720000,0.6929662193428968,2025-12-16,2025-12-16,CVE-2025-11136,7.2,2025-12-11T18:35:46.837
CVE-2025-11135,0.000580000,0.183460000,0.7376214715409533,2025-12-16,2025-12-16,CVE-2025-11135,7.3,2025-09-29T19:34:10.030
CVE-2025-11134,0.000380000,0.111510000,0.4012031466913466,2025-12-16,2025-12-16,CVE-2025-11134,2.4,2025-09-29T19:34:10.030
CVE-2025-11130,0.000290000,0.076510000,0.3167515039333642,2025-12-16,2025-12-16,CVE-2025-11130,8.4,2025-09-29T19:34:10.030
CVE-2025-11126,0.000640000,0.200160000,0.7783433595557612,2025-12-16,2025-12-16,CVE-2025-11126,9.8,2025-09-29T19:34:10.030
CVE-2025-11125,0.000420000,0.125240000,0.4872744099953725,2025-12-16,2025-12-16,CVE-2025-11125,4.3,2025-09-29T19:34:10.030
CVE-2025-11124,0.000510000,0.159290000,0.6850994909763998,2025-12-16,2025-12-16,CVE-2025-11124,5.4,2025-10-23T20:06:00.793
CVE-2025-11123,0.001120000,0.304400000,0.8808422026839426,2025-12-16,2025-12-16,CVE-2025-11123,8.8,2025-10-03T13:46:21.990
CVE-2025-11122,0.001120000,0.304400000,0.8808422026839426,2025-12-16,2025-12-16,CVE-2025-11122,8.8,2025-10-03T13:46:15.367
CVE-2025-11121,0.009010000,0.750460000,0.9789449329014345,2025-12-16,2025-12-16,CVE-2025-11121,8.8,2025-10-03T13:45:50.333
CVE-2025-10504,0.000190000,0.043170000,0.2038408144377603,2025-12-16,2025-12-16,CVE-2025-10504,6.1,2025-10-16T07:15:31.930
CVE-2025-10346,0.000390000,0.115120000,0.4097639981490051,2025-12-16,2025-12-16,CVE-2025-10346,6.1,2025-10-02T19:45:36.960
CVE-2025-10345,0.000390000,0.115120000,0.4097639981490051,2025-12-16,2025-12-16,CVE-2025-10345,6.1,2025-10-02T19:47:33.867
CVE-2025-10344,0.000390000,0.115120000,0.4097639981490051,2025-12-16,2025-12-16,CVE-2025-10344,6.1,2025-10-02T19:47:43.570
CVE-2025-10343,0.000390000,0.115120000,0.4097639981490051,2025-12-16,2025-12-16,CVE-2025-10343,6.1,2025-10-02T19:47:50.333
CVE-2025-10342,0.000390000,0.115120000,0.4097639981490051,2025-12-16,2025-12-16,CVE-2025-10342,6.1,2025-10-02T19:48:32.613
CVE-2025-10341,0.000390000,0.115120000,0.4097639981490051,2025-12-16,2025-12-16,CVE-2025-10341,6.1,2025-10-02T19:48:57.400
CVE-2024-57412,0.000130000,0.016070000,0.04349838037945396,2025-12-16,2025-12-16,CVE-2024-57412,7.5,2025-10-28T21:15:36.187
CVE-2024-5200,0.000360000,0.103390000,0.3486811661267932,2025-12-16,2025-12-16,CVE-2024-5200,4.8,2025-11-13T21:15:48.233
CVE-2024-13150,0.000460000,0.141020000,0.6200832947709394,2025-12-16,2025-12-16,CVE-2024-13150,9.8,2025-09-29T19:34:10.030
CVE-2025-9993,0.001290000,0.331690000,0.8954187875983342,2025-12-16,2025-12-16,CVE-2025-9993,8.1,2025-10-02T19:12:17.160
CVE-2025-9991,0.003430000,0.563450000,0.9516427579824156,2025-12-16,2025-12-16,CVE-2025-9991,8.1,2025-10-02T19:12:17.160
CVE-2025-9948,0.000160000,0.026130000,0.06293382693197594,2025-12-16,2025-12-16,CVE-2025-9948,4.3,2025-10-02T19:12:42.843
CVE-2025-9946,0.000160000,0.026090000,0.06293382693197594,2025-12-16,2025-12-16,CVE-2025-9946,6.1,2025-10-02T19:12:42.843
CVE-2025-9852,0.000430000,0.130850000,0.5279962980101804,2025-12-16,2025-12-16,CVE-2025-9852,6.4,2025-10-02T19:12:42.843
CVE-2025-9762,0.002090000,0.433600000,0.9280425728829246,2025-12-16,2025-12-16,CVE-2025-9762,9.8,2025-10-02T19:12:42.843
CVE-2025-9232,0.000270000,0.066520000,0.3098102730217492,2025-12-16,2025-12-16,CVE-2025-9232,5.9,2025-11-04T22:16:45.630
CVE-2025-9231,0.000160000,0.028200000,0.06293382693197594,2025-12-16,2025-12-16,CVE-2025-9231,6.5,2025-11-04T22:16:45.490
CVE-2025-9230,0.000260000,0.064730000,0.3040259139287367,2025-12-16,2025-12-16,CVE-2025-9230,7.5,2025-11-04T22:16:45.360
CVE-2025-8877,0.000960000,0.272920000,0.8581675150393336,2025-12-16,2025-12-16,CVE-2025-8877,7.5,2025-10-02T19:12:42.843
CVE-2025-8777,0.000430000,0.129070000,0.5279962980101804,2025-12-16,2025-12-16,CVE-2025-8777,6.4,2025-10-02T19:12:42.843
CVE-2025-8625,0.002880000,0.518840000,0.9435446552521981,2025-12-16,2025-12-16,CVE-2025-8625,9.8,2025-10-02T19:12:42.843
CVE-2025-8624,0.000430000,0.130850000,0.5279962980101804,2025-12-16,2025-12-16,CVE-2025-8624,6.4,2025-10-02T19:12:42.843
CVE-2025-8623,0.000430000,0.129070000,0.5279962980101804,2025-12-16,2025-12-16,CVE-2025-8623,6.4,2025-10-02T19:12:42.843
CVE-2025-8608,0.000430000,0.130850000,0.5279962980101804,2025-12-16,2025-12-16,CVE-2025-8608,6.4,2025-10-02T19:12:42.843
CVE-2025-8566,0.000430000,0.130850000,0.5279962980101804,2025-12-16,2025-12-16,CVE-2025-8566,6.4,2025-10-02T19:12:42.843
CVE-2025-8560,0.000430000,0.129070000,0.5279962980101804,2025-12-16,2025-12-16,CVE-2025-8560,6.4,2025-10-02T19:12:42.843
CVE-2025-8559,0.000570000,0.178620000,0.7279037482646923,2025-12-16,2025-12-16,CVE-2025-8559,6.5,2025-10-02T19:12:42.843
CVE-2025-8214,0.000430000,0.130850000,0.5279962980101804,2025-12-16,2025-12-16,CVE-2025-8214,6.4,2025-10-02T19:12:42.843
CVE-2025-8122,0.000450000,0.139640000,0.561082832022212,2025-12-16,2025-12-16,CVE-2025-8122,8.8,2025-11-26T14:36:51.600
CVE-2025-8121,0.000450000,0.139640000,0.561082832022212,2025-12-16,2025-12-16,CVE-2025-8121,8.8,2025-11-26T14:37:18.227
CVE-2025-8120,0.002650000,0.498050000,0.940305414160111,2025-12-16,2025-12-16,CVE-2025-8120,9.8,2025-11-26T14:37:44.743
CVE-2025-8119,0.000200000,0.044440000,0.24086071263304026,2025-12-16,2025-12-16,CVE-2025-8119,4.3,2025-11-26T14:40:55.727
CVE-2025-8118,0.000400000,0.119210000,0.4701527070800555,2025-12-16,2025-12-16,CVE-2025-8118,6.5,2025-11-26T14:40:13.943
CVE-2025-8117,0.000430000,0.131180000,0.5279962980101804,2025-12-16,2025-12-16,CVE-2025-8117,7.5,2025-11-26T14:41:41.900
CVE-2025-8116,0.000490000,0.153880000,0.6503933364183249,2025-12-16,2025-12-16,CVE-2025-8116,6.1,2025-11-26T14:41:54.577
CVE-2025-7779,0.000190000,0.042800000,0.2038408144377603,2025-12-16,2025-12-16,CVE-2025-7779,8.8,2025-10-02T19:12:17.160
CVE-2025-7493,0.000900000,0.259990000,0.8503007866728366,2025-12-16,2025-12-16,CVE-2025-7493,9.1,2025-11-04T22:16:44.030
CVE-2025-7065,0.002650000,0.498050000,0.940305414160111,2025-12-16,2025-12-16,CVE-2025-7065,9.8,2025-11-26T14:42:14.750
CVE-2025-7063,0.002650000,0.498050000,0.940305414160111,2025-12-16,2025-12-16,CVE-2025-7063,9.8,2025-11-26T14:42:30.940
CVE-2025-7052,0.000240000,0.055970000,0.2940768162887552,2025-12-16,2025-12-16,CVE-2025-7052,8.8,2025-10-02T19:12:42.843
CVE-2025-7038,0.004350000,0.622400000,0.9632114761684405,2025-12-16,2025-12-16,CVE-2025-7038,8.2,2025-10-02T19:12:42.843
CVE-2025-6941,0.000450000,0.139450000,0.561082832022212,2025-12-16,2025-12-16,CVE-2025-6941,6.4,2025-10-02T19:12:42.843
CVE-2025-6815,0.000390000,0.117160000,0.4097639981490051,2025-12-16,2025-12-16,CVE-2025-6815,5.5,2025-10-02T19:12:42.843
CVE-2025-61586,0.000770000,0.232110000,0.8255437297547432,2025-12-16,2025-12-16,CVE-2025-61586,5.3,2025-10-03T15:39:40.233
CVE-2025-61584,0.000720000,0.222410000,0.8114298935677927,2025-12-16,2025-12-16,CVE-2025-61584,,2025-10-02T19:12:42.843
CVE-2025-59956,0.000590000,0.184260000,0.7457195742711707,2025-12-16,2025-12-16,CVE-2025-59956,6.5,2025-10-08T15:05:53.100
CVE-2025-59954,0.000950000,0.270780000,0.8567792688570106,2025-12-16,2025-12-16,CVE-2025-59954,9.8,2025-10-08T15:08:19.490
CVE-2025-59952,0.001420000,0.350220000,0.9007403979639056,2025-12-16,2025-12-16,CVE-2025-59952,,2025-10-02T19:12:42.843
CVE-2025-59950,0.000380000,0.111890000,0.4012031466913466,2025-12-16,2025-12-16,CVE-2025-59950,5.4,2025-10-03T15:52:28.380
CVE-2025-59948,0.000640000,0.200610000,0.7783433595557612,2025-12-16,2025-12-16,CVE-2025-59948,5.4,2025-10-03T15:55:15.470
CVE-2025-59942,0.000630000,0.197440000,0.7700138824618232,2025-12-16,2025-12-16,CVE-2025-59942,7.5,2025-10-18T01:15:14.350
CVE-2025-59941,0.000590000,0.185830000,0.7457195742711707,2025-12-16,2025-12-16,CVE-2025-59941,6.5,2025-10-18T01:21:51.237
CVE-2025-59940,0.000870000,0.254710000,0.8442850532161037,2025-12-16,2025-12-16,CVE-2025-59940,6.5,2025-10-02T19:12:42.843
CVE-2025-59937,0.000600000,0.187270000,0.7515039333641832,2025-12-16,2025-12-16,CVE-2025-59937,9.1,2025-10-16T15:55:27.077
CVE-2025-59933,0.000160000,0.028850000,0.06293382693197594,2025-12-16,2025-12-16,CVE-2025-59933,7.8,2025-10-18T01:23:06.320
CVE-2025-59668,0.000680000,0.210040000,0.7970846830171217,2025-12-16,2025-12-16,CVE-2025-59668,7.5,2025-10-31T15:15:42.660
CVE-2025-59163,0.002030000,0.425500000,0.9252660805182785,2025-12-16,2025-12-16,CVE-2025-59163,,2025-10-02T19:12:42.843
CVE-2025-57852,0.000070000,0.004150000,0.015964831096714482,2025-12-16,2025-12-16,CVE-2025-57852,5.2,2025-11-07T01:15:36.930
CVE-2025-57769,0.000510000,0.157840000,0.6850994909763998,2025-12-16,2025-12-16,CVE-2025-57769,6.1,2025-10-03T15:58:53.477
CVE-2025-56301,0.001250000,0.324920000,0.8926422952336881,2025-12-16,2025-12-16,CVE-2025-56301,7.5,2025-10-17T20:45:34.003
CVE-2025-56018,0.000590000,0.185390000,0.7457195742711707,2025-12-16,2025-12-16,CVE-2025-56018,6.1,2025-10-07T13:32:38.590
CVE-2025-55797,0.000690000,0.212930000,0.7989356779268857,2025-12-16,2025-12-16,CVE-2025-55797,6.5,2025-10-07T13:37:54.860
CVE-2025-54875,0.000790000,0.239630000,0.8287829708468302,2025-12-16,2025-12-16,CVE-2025-54875,9.8,2025-10-03T15:59:35.287
CVE-2025-54592,0.000790000,0.239630000,0.8287829708468302,2025-12-16,2025-12-16,CVE-2025-54592,9.8,2025-10-03T16:04:21.927
CVE-2025-54477,0.000450000,0.137090000,0.561082832022212,2025-12-16,2025-12-16,CVE-2025-54477,5.3,2025-10-02T19:12:17.160
CVE-2025-54476,0.000650000,0.202150000,0.7841277186487737,2025-12-16,2025-12-16,CVE-2025-54476,,2025-10-02T19:12:17.160
CVE-2025-52050,0.000370000,0.108120000,0.36742248958815366,2025-12-16,2025-12-16,CVE-2025-52050,6.5,2025-10-03T16:19:39.793
CVE-2025-52049,0.000370000,0.108120000,0.36742248958815366,2025-12-16,2025-12-16,CVE-2025-52049,6.5,2025-10-03T16:19:48.057
CVE-2025-52047,0.000370000,0.108120000,0.36742248958815366,2025-12-16,2025-12-16,CVE-2025-52047,6.5,2025-10-03T16:20:38.850
CVE-2025-52043,0.000370000,0.108120000,0.36742248958815366,2025-12-16,2025-12-16,CVE-2025-52043,6.5,2025-10-03T16:20:49.803
CVE-2025-43820,0.000490000,0.153410000,0.6503933364183249,2025-12-16,2025-12-16,CVE-2025-43820,5.4,2025-12-11T22:02:48.697
CVE-2025-43818,0.000490000,0.153410000,0.6503933364183249,2025-12-16,2025-12-16,CVE-2025-43818,6.1,2025-12-11T22:04:21.680
CVE-2025-43817,0.000490000,0.153410000,0.6503933364183249,2025-12-16,2025-12-16,CVE-2025-43817,6.1,2025-12-11T21:48:06.107
CVE-2025-43815,0.000500000,0.154800000,0.6753817677001388,2025-12-16,2025-12-16,CVE-2025-43815,6.1,2025-12-11T22:05:02.473
CVE-2025-43813,0.002010000,0.423580000,0.9238778343359556,2025-12-16,2025-12-16,CVE-2025-43813,8.2,2025-12-11T21:57:45.920
CVE-2025-43812,0.000490000,0.153410000,0.6503933364183249,2025-12-16,2025-12-16,CVE-2025-43812,5.4,2025-12-11T21:58:07.870
CVE-2025-43811,0.000490000,0.153410000,0.6503933364183249,2025-12-16,2025-12-16,CVE-2025-43811,5.4,2025-12-11T22:06:17.830
CVE-2025-41099,0.000340000,0.096930000,0.3322535863026377,2025-12-16,2025-12-16,CVE-2025-41099,6.5,2025-10-08T18:19:30.180
CVE-2025-41098,0.000470000,0.145040000,0.6291068949560389,2025-12-16,2025-12-16,CVE-2025-41098,7.5,2025-10-08T18:19:18.320
CVE-2025-41097,0.000370000,0.109200000,0.36742248958815366,2025-12-16,2025-12-16,CVE-2025-41097,4.3,2025-10-08T18:18:37.897
CVE-2025-41096,0.000370000,0.109200000,0.36742248958815366,2025-12-16,2025-12-16,CVE-2025-41096,4.3,2025-10-08T18:18:33.003
CVE-2025-41095,0.000370000,0.109200000,0.36742248958815366,2025-12-16,2025-12-16,CVE-2025-41095,4.3,2025-10-08T18:18:28.020
CVE-2025-41094,0.000370000,0.109200000,0.36742248958815366,2025-12-16,2025-12-16,CVE-2025-41094,4.3,2025-10-08T18:18:20.577
CVE-2025-41093,0.000370000,0.109200000,0.36742248958815366,2025-12-16,2025-12-16,CVE-2025-41093,4.3,2025-10-08T18:17:00.197
CVE-2025-41092,0.000370000,0.109200000,0.36742248958815366,2025-12-16,2025-12-16,CVE-2025-41092,4.3,2025-10-08T18:16:44.180
CVE-2025-41091,0.000370000,0.109200000,0.36742248958815366,2025-12-16,2025-12-16,CVE-2025-41091,4.3,2025-10-08T18:53:10.993
CVE-2025-36245,0.000580000,0.182940000,0.7376214715409533,2025-12-16,2025-12-16,CVE-2025-36245,8.8,2025-10-18T01:24:24.603
CVE-2025-34217,0.000860000,0.253470000,0.8433595557612217,2025-12-16,2025-12-16,CVE-2025-34217,9.8,2025-10-07T14:02:24.590
CVE-2025-28016,0.000680000,0.209990000,0.7970846830171217,2025-12-16,2025-12-16,CVE-2025-28016,4.8,2025-10-07T13:42:23.450
CVE-2025-11178,0.000190000,0.041850000,0.2038408144377603,2025-12-16,2025-12-16,CVE-2025-11178,7.3,2025-10-02T19:12:17.160
CVE-2025-11163,0.000370000,0.107680000,0.36742248958815366,2025-12-16,2025-12-16,CVE-2025-11163,4.3,2025-10-02T19:12:42.843
CVE-2025-11153,0.000440000,0.133880000,0.549976862563628,2025-12-16,2025-12-16,CVE-2025-11153,7.5,2025-10-13T11:15:40.350
CVE-2025-11152,0.000540000,0.171390000,0.7084683017121703,2025-12-16,2025-12-16,CVE-2025-11152,8.6,2025-10-30T17:15:36.190
CVE-2025-11149,0.000180000,0.038750000,0.15131883387320685,2025-12-16,2025-12-16,CVE-2025-11149,7.5,2025-10-02T19:12:42.843
CVE-2025-11148,0.001230000,0.323070000,0.8910226746876446,2025-12-16,2025-12-16,CVE-2025-11148,9.8,2025-10-02T19:12:42.843
CVE-2025-10991,0.000270000,0.066770000,0.3098102730217492,2025-12-16,2025-12-16,CVE-2025-10991,,2025-10-02T19:12:42.843
CVE-2025-10859,0.000160000,0.029790000,0.06293382693197594,2025-12-16,2025-12-16,CVE-2025-10859,4.0,2025-10-03T20:16:14.443
CVE-2025-10217,0.000630000,0.195890000,0.7700138824618232,2025-12-16,2025-12-16,CVE-2025-10217,,2025-10-02T19:12:17.160
CVE-2025-10196,0.000430000,0.129070000,0.5279962980101804,2025-12-16,2025-12-16,CVE-2025-10196,6.4,2025-10-02T19:12:42.843
CVE-2025-10191,0.000430000,0.129070000,0.5279962980101804,2025-12-16,2025-12-16,CVE-2025-10191,6.4,2025-10-02T19:12:42.843
CVE-2025-10189,0.000430000,0.130850000,0.5279962980101804,2025-12-16,2025-12-16,CVE-2025-10189,6.4,2025-10-02T19:12:42.843
CVE-2025-10182,0.000430000,0.130850000,0.5279962980101804,2025-12-16,2025-12-16,CVE-2025-10182,6.4,2025-10-02T19:12:42.843
CVE-2025-10179,0.000430000,0.130850000,0.5279962980101804,2025-12-16,2025-12-16,CVE-2025-10179,6.4,2025-10-02T19:12:42.843
CVE-2025-10168,0.000430000,0.129070000,0.5279962980101804,2025-12-16,2025-12-16,CVE-2025-10168,6.4,2025-10-02T19:12:42.843
CVE-2025-10131,0.000430000,0.130850000,0.5279962980101804,2025-12-16,2025-12-16,CVE-2025-10131,6.4,2025-10-02T19:12:42.843
CVE-2025-10130,0.000430000,0.129070000,0.5279962980101804,2025-12-16,2025-12-16,CVE-2025-10130,6.4,2025-10-02T19:12:42.843
CVE-2025-10128,0.000430000,0.130850000,0.5279962980101804,2025-12-16,2025-12-16,CVE-2025-10128,6.4,2025-10-02T19:12:42.843
CVE-2025-10000,0.001170000,0.312700000,0.8875520592318371,2025-12-16,2025-12-16,CVE-2025-10000,6.4,2025-10-02T19:12:42.843
CVE-2024-58040,0.000250000,0.060600000,0.2998611753817677,2025-12-16,2025-12-16,CVE-2024-58040,9.1,2025-10-02T19:12:42.843
CVE-2025-61792,0.000220000,0.049950000,0.2834335955576122,2025-12-16,2025-12-16,CVE-2025-61792,6.4,2025-10-02T19:12:17.160
CVE-2025-6034,0.000200000,0.046530000,0.24086071263304026,2025-12-16,2025-12-16,CVE-2025-6034,7.8,2025-10-07T13:20:48.400
CVE-2025-6033,0.000260000,0.062940000,0.3040259139287367,2025-12-16,2025-12-16,CVE-2025-6033,7.8,2025-10-07T13:24:30.283
CVE-2025-57254,0.000760000,0.231860000,0.8234613604812587,2025-12-16,2025-12-16,CVE-2025-57254,6.5,2025-10-02T19:12:17.160
CVE-2025-56676,0.001540000,0.366940000,0.9049051365108746,2025-12-16,2025-12-16,CVE-2025-56676,5.4,2025-10-18T01:49:15.320
CVE-2025-56675,0.000410000,0.122160000,0.475937066173068,2025-12-16,2025-12-16,CVE-2025-56675,3.5,2025-10-02T19:12:17.160
CVE-2025-56572,0.002250000,0.452410000,0.9324386857936141,2025-12-16,2025-12-16,CVE-2025-56572,7.5,2025-10-08T14:26:03.170
CVE-2025-56571,0.000640000,0.200810000,0.7783433595557612,2025-12-16,2025-12-16,CVE-2025-56571,7.5,2025-10-08T14:34:26.070
CVE-2025-56520,0.000500000,0.156720000,0.6753817677001388,2025-12-16,2025-12-16,CVE-2025-56520,5.3,2025-10-07T13:20:03.270
CVE-2025-56513,0.002590000,0.490710000,0.939379916705229,2025-12-16,2025-12-16,CVE-2025-56513,9.8,2025-10-15T18:39:09.800
CVE-2025-56392,0.000420000,0.127210000,0.4872744099953725,2025-12-16,2025-12-16,CVE-2025-56392,8.1,2025-10-15T18:38:52.640
CVE-2025-56207,0.000570000,0.178560000,0.7279037482646923,2025-12-16,2025-12-16,CVE-2025-56207,6.5,2025-10-02T19:12:17.160
CVE-2025-56200,0.000530000,0.167870000,0.6982878297084683,2025-12-16,2025-12-16,CVE-2025-56200,6.1,2025-10-18T01:48:26.373
CVE-2025-56132,0.001520000,0.364520000,0.9039796390559925,2025-12-16,2025-12-16,CVE-2025-56132,7.3,2025-10-15T18:38:42.897
CVE-2025-55191,0.000390000,0.117920000,0.4097639981490051,2025-12-16,2025-12-16,CVE-2025-55191,5.3,2025-10-07T13:11:21.697
CVE-2025-43827,0.000470000,0.146070000,0.6291068949560389,2025-12-16,2025-12-16,CVE-2025-43827,4.3,2025-12-15T18:20:51.497
CVE-2025-43826,0.000490000,0.153410000,0.6503933364183249,2025-12-16,2025-12-16,CVE-2025-43826,5.4,2025-12-15T18:21:10.470
CVE-2025-36262,0.000730000,0.223230000,0.8128181397501157,2025-12-16,2025-12-16,CVE-2025-36262,4.9,2025-10-03T17:52:19.390
CVE-2025-36132,0.000360000,0.104830000,0.3486811661267932,2025-12-16,2025-12-16,CVE-2025-36132,5.4,2025-10-03T17:52:05.920
CVE-2025-24525,0.000500000,0.154550000,0.6753817677001388,2025-12-16,2025-12-16,CVE-2025-24525,7.5,2025-10-02T19:12:17.160
CVE-2025-23293,0.000750000,0.228380000,0.8169828782970847,2025-12-16,2025-12-16,CVE-2025-23293,8.7,2025-10-02T19:12:17.160
CVE-2025-23292,0.000190000,0.043700000,0.2038408144377603,2025-12-16,2025-12-16,CVE-2025-23292,4.6,2025-10-02T19:12:17.160
CVE-2025-23291,0.000060000,0.003040000,0.01064322073114299,2025-12-16,2025-12-16,CVE-2025-23291,2.4,2025-10-02T19:12:17.160
CVE-2025-11195,0.000140000,0.018750000,0.04835724201758445,2025-12-16,2025-12-16,CVE-2025-11195,3.3,2025-10-08T14:15:51.740
CVE-2025-10725,0.000880000,0.256250000,0.8465987968533086,2025-12-16,2025-12-16,CVE-2025-10725,9.9,2025-11-06T22:15:38.203
CVE-2025-10659,0.013920000,0.798890000,0.9835724201758446,2025-12-16,2025-12-16,CVE-2025-10659,9.8,2025-10-02T19:12:17.160
CVE-2024-55017,0.000560000,0.176840000,0.7221193891716797,2025-12-16,2025-12-16,CVE-2024-55017,7.5,2025-10-02T19:12:17.160
