cve,epss,percentile,percentile_subset,timestamp,date
CVE-2025-9815,0.000670000,0.210300000,0.8287101248266296,2025-10-18,2025-10-18
CVE-2025-9814,0.000360000,0.096420000,0.5388349514563107,2025-10-18,2025-10-18
CVE-2025-9813,0.000940000,0.271650000,0.8791030975496995,2025-10-18,2025-10-18
CVE-2025-9812,0.000940000,0.271650000,0.8791030975496995,2025-10-18,2025-10-18
CVE-2025-9811,0.000360000,0.096420000,0.5388349514563107,2025-10-18,2025-10-18
CVE-2025-9810,0.000180000,0.031200000,0.13522884882108183,2025-10-18,2025-10-18
CVE-2025-9809,0.000900000,0.265250000,0.8744798890429958,2025-10-18,2025-10-18
CVE-2025-9806,0.000150000,0.020160000,0.0811373092926491,2025-10-18,2025-10-18
CVE-2025-9805,0.000550000,0.172890000,0.7792417938049006,2025-10-18,2025-10-18
CVE-2025-9802,0.000370000,0.103620000,0.5624133148404993,2025-10-18,2025-10-18
CVE-2025-9801,0.000660000,0.207000000,0.826629680998613,2025-10-18,2025-10-18
CVE-2025-9800,0.000550000,0.172890000,0.7792417938049006,2025-10-18,2025-10-18
CVE-2025-9799,0.000460000,0.140450000,0.6941747572815534,2025-10-18,2025-10-18
CVE-2025-9797,0.000350000,0.093890000,0.4919093851132686,2025-10-18,2025-10-18
CVE-2025-9796,0.000390000,0.111400000,0.602635228848821,2025-10-18,2025-10-18
CVE-2025-9795,0.000260000,0.058710000,0.25358298659269535,2025-10-18,2025-10-18
CVE-2025-9794,0.000530000,0.164710000,0.7600554785020804,2025-10-18,2025-10-18
CVE-2025-9793,0.000360000,0.096420000,0.5388349514563107,2025-10-18,2025-10-18
CVE-2025-9792,0.000360000,0.096420000,0.5388349514563107,2025-10-18,2025-10-18
CVE-2025-9791,0.000960000,0.276160000,0.8804900601017106,2025-10-18,2025-10-18
CVE-2025-9790,0.000370000,0.105280000,0.5624133148404993,2025-10-18,2025-10-18
CVE-2025-9789,0.000480000,0.148050000,0.7244567730004623,2025-10-18,2025-10-18
CVE-2025-9788,0.000360000,0.096420000,0.5388349514563107,2025-10-18,2025-10-18
CVE-2025-9786,0.000360000,0.096420000,0.5388349514563107,2025-10-18,2025-10-18
CVE-2025-9783,0.001430000,0.352640000,0.9119278779472955,2025-10-18,2025-10-18
CVE-2025-9782,0.001430000,0.352640000,0.9119278779472955,2025-10-18,2025-10-18
CVE-2025-9781,0.001430000,0.352640000,0.9119278779472955,2025-10-18,2025-10-18
CVE-2025-9780,0.001430000,0.352640000,0.9119278779472955,2025-10-18,2025-10-18
CVE-2025-9779,0.001430000,0.352640000,0.9119278779472955,2025-10-18,2025-10-18
CVE-2025-9778,0.000120000,0.012980000,0.04461396208969025,2025-10-18,2025-10-18
CVE-2025-9775,0.000600000,0.188480000,0.8042071197411004,2025-10-18,2025-10-18
CVE-2025-9774,0.000290000,0.072170000,0.3092926490984743,2025-10-18,2025-10-18
CVE-2025-9773,0.000410000,0.120730000,0.6444752658344891,2025-10-18,2025-10-18
CVE-2025-9772,0.000600000,0.188480000,0.8042071197411004,2025-10-18,2025-10-18
CVE-2025-9771,0.000360000,0.096420000,0.5388349514563107,2025-10-18,2025-10-18
CVE-2025-9770,0.000380000,0.110060000,0.5917706888580675,2025-10-18,2025-10-18
CVE-2025-9769,0.000590000,0.185790000,0.7998150716597319,2025-10-18,2025-10-18
CVE-2025-9768,0.000320000,0.083260000,0.37355524734165513,2025-10-18,2025-10-18
CVE-2025-9767,0.000370000,0.105280000,0.5624133148404993,2025-10-18,2025-10-18
CVE-2025-9766,0.000370000,0.105280000,0.5624133148404993,2025-10-18,2025-10-18
CVE-2025-9765,0.000370000,0.105280000,0.5624133148404993,2025-10-18,2025-10-18
CVE-2025-9764,0.000370000,0.105280000,0.5624133148404993,2025-10-18,2025-10-18
CVE-2025-9763,0.000370000,0.105280000,0.5624133148404993,2025-10-18,2025-10-18
CVE-2025-9761,0.000370000,0.105280000,0.5624133148404993,2025-10-18,2025-10-18
CVE-2025-9760,0.000550000,0.172540000,0.7792417938049006,2025-10-18,2025-10-18
CVE-2025-9759,0.000370000,0.105280000,0.5624133148404993,2025-10-18,2025-10-18
CVE-2025-9758,0.000320000,0.083260000,0.37355524734165513,2025-10-18,2025-10-18
CVE-2025-9757,0.000370000,0.105280000,0.5624133148404993,2025-10-18,2025-10-18
CVE-2025-9756,0.000320000,0.083260000,0.37355524734165513,2025-10-18,2025-10-18
CVE-2025-9755,0.000410000,0.120730000,0.6444752658344891,2025-10-18,2025-10-18
CVE-2025-9754,0.000320000,0.080590000,0.37355524734165513,2025-10-18,2025-10-18
CVE-2025-9753,0.000380000,0.108840000,0.5917706888580675,2025-10-18,2025-10-18
CVE-2025-9752,0.003840000,0.589230000,0.9685621821544151,2025-10-18,2025-10-18
CVE-2025-9751,0.000370000,0.105280000,0.5624133148404993,2025-10-18,2025-10-18
CVE-2025-9570,0.000670000,0.211690000,0.8287101248266296,2025-10-18,2025-10-18
CVE-2025-9569,0.000510000,0.156820000,0.7501155802126676,2025-10-18,2025-10-18
CVE-2025-9568,0.000510000,0.156820000,0.7501155802126676,2025-10-18,2025-10-18
CVE-2025-9567,0.000510000,0.156820000,0.7501155802126676,2025-10-18,2025-10-18
CVE-2025-9375,0.000810000,0.246210000,0.8613037447988904,2025-10-18,2025-10-18
CVE-2025-8662,0.000800000,0.244460000,0.8587609801202034,2025-10-18,2025-10-18
CVE-2025-7731,0.000170000,0.029930000,0.11488673139158576,2025-10-18,2025-10-18
CVE-2025-7405,0.002390000,0.469010000,0.9466019417475728,2025-10-18,2025-10-18
CVE-2025-6507,0.001040000,0.291210000,0.8881183541377716,2025-10-18,2025-10-18
CVE-2025-58318,0.000220000,0.045920000,0.1634304207119741,2025-10-18,2025-10-18
CVE-2025-58178,0.000560000,0.174930000,0.7859454461396209,2025-10-18,2025-10-18
CVE-2025-58162,0.001080000,0.298320000,0.891123439667129,2025-10-18,2025-10-18
CVE-2025-58161,0.001360000,0.341300000,0.9098474341192788,2025-10-18,2025-10-18
CVE-2025-57808,0.000550000,0.173760000,0.7792417938049006,2025-10-18,2025-10-18
CVE-2025-57799,0.016620000,0.814040000,0.9912159038372631,2025-10-18,2025-10-18
CVE-2025-55007,0.000330000,0.084690000,0.4172445677300046,2025-10-18,2025-10-18
CVE-2025-54857,0.008000000,0.732550000,0.9840499306518724,2025-10-18,2025-10-18
CVE-2025-44017,0.000350000,0.094560000,0.4919093851132686,2025-10-18,2025-10-18
CVE-2025-41690,0.000360000,0.096880000,0.5388349514563107,2025-10-18,2025-10-18
CVE-2025-41030,0.000950000,0.273440000,0.8795654184003698,2025-10-18,2025-10-18
CVE-2025-36133,0.000160000,0.025400000,0.09662505779010633,2025-10-18,2025-10-18
CVE-2025-3586,0.004850000,0.644320000,0.9757281553398058,2025-10-18,2025-10-18
CVE-2025-33102,0.000180000,0.031630000,0.13522884882108183,2025-10-18,2025-10-18
CVE-2025-33099,0.000270000,0.062200000,0.2875635691169672,2025-10-18,2025-10-18
CVE-2025-33084,0.000190000,0.037370000,0.14586222838650023,2025-10-18,2025-10-18
CVE-2025-33083,0.000310000,0.079980000,0.3603791030975497,2025-10-18,2025-10-18
CVE-2025-33082,0.000310000,0.079980000,0.3603791030975497,2025-10-18,2025-10-18
CVE-2025-2412,0.000740000,0.229650000,0.8465094775774388,2025-10-18,2025-10-18
CVE-2025-20708,0.003250000,0.549240000,0.9586222838650024,2025-10-18,2025-10-18
CVE-2025-20707,0.000060000,0.002620000,0.008552935737401757,2025-10-18,2025-10-18
CVE-2025-20706,0.000060000,0.002500000,0.008552935737401757,2025-10-18,2025-10-18
CVE-2025-20705,0.000060000,0.002500000,0.008552935737401757,2025-10-18,2025-10-18
CVE-2025-20704,0.002150000,0.441200000,0.9410540915395285,2025-10-18,2025-10-18
CVE-2025-20703,0.003640000,0.577260000,0.9653259361997226,2025-10-18,2025-10-18
CVE-2025-0656,0.000840000,0.254220000,0.8656957928802589,2025-10-18,2025-10-18
CVE-2025-0610,0.000250000,0.053580000,0.23439667128987518,2025-10-18,2025-10-18
CVE-2024-28988,0.001790000,0.398830000,0.9283402681460934,2025-10-18,2025-10-18
CVE-2024-12925,0.000290000,0.072800000,0.3092926490984743,2025-10-18,2025-10-18
CVE-2024-12924,0.000360000,0.098750000,0.5388349514563107,2025-10-18,2025-10-18
CVE-2024-12914,0.000360000,0.098330000,0.5388349514563107,2025-10-18,2025-10-18
CVE-2022-38696,0.000870000,0.259370000,0.8698566805362922,2025-10-18,2025-10-18
CVE-2022-38695,0.000170000,0.031040000,0.11488673139158576,2025-10-18,2025-10-18
CVE-2022-38694,0.003470000,0.566110000,0.9618585298196949,2025-10-18,2025-10-18
CVE-2022-38693,0.000870000,0.259370000,0.8698566805362922,2025-10-18,2025-10-18
CVE-2022-38692,0.000670000,0.210690000,0.8287101248266296,2025-10-18,2025-10-18
CVE-2022-38691,0.001620000,0.377180000,0.9193250115580213,2025-10-18,2025-10-18
CVE-2025-9837,0.000370000,0.105280000,0.5624133148404993,2025-10-18,2025-10-18
CVE-2025-9836,0.000350000,0.091780000,0.4919093851132686,2025-10-18,2025-10-18
CVE-2025-9835,0.000420000,0.123950000,0.6539528432732317,2025-10-18,2025-10-18
CVE-2025-9834,0.000320000,0.080590000,0.37355524734165513,2025-10-18,2025-10-18
CVE-2025-9833,0.000370000,0.105280000,0.5624133148404993,2025-10-18,2025-10-18
CVE-2025-9832,0.000530000,0.164710000,0.7600554785020804,2025-10-18,2025-10-18
CVE-2025-9831,0.000370000,0.105280000,0.5624133148404993,2025-10-18,2025-10-18
CVE-2025-9830,0.000370000,0.105280000,0.5624133148404993,2025-10-18,2025-10-18
CVE-2025-9829,0.000480000,0.148050000,0.7244567730004623,2025-10-18,2025-10-18
CVE-2025-9828,0.000630000,0.199410000,0.8146093388811836,2025-10-18,2025-10-18
CVE-2025-9784,0.002240000,0.450050000,0.9449838187702265,2025-10-18,2025-10-18
CVE-2025-9696,0.000120000,0.012290000,0.04461396208969025,2025-10-18,2025-10-18
CVE-2025-9573,0.004060000,0.603280000,0.9722607489597781,2025-10-18,2025-10-18
CVE-2025-9330,0.000180000,0.033190000,0.13522884882108183,2025-10-18,2025-10-18
CVE-2025-9329,0.000740000,0.231120000,0.8465094775774388,2025-10-18,2025-10-18
CVE-2025-9328,0.000740000,0.231120000,0.8465094775774388,2025-10-18,2025-10-18
CVE-2025-9327,0.000310000,0.077780000,0.3603791030975497,2025-10-18,2025-10-18
CVE-2025-9326,0.000740000,0.231120000,0.8465094775774388,2025-10-18,2025-10-18
CVE-2025-9325,0.000310000,0.077780000,0.3603791030975497,2025-10-18,2025-10-18
CVE-2025-9324,0.000310000,0.077780000,0.3603791030975497,2025-10-18,2025-10-18
CVE-2025-9323,0.000310000,0.077780000,0.3603791030975497,2025-10-18,2025-10-18
CVE-2025-9276,0.005140000,0.656430000,0.9780397595931577,2025-10-18,2025-10-18
CVE-2025-9275,0.000690000,0.215390000,0.8381877022653722,2025-10-18,2025-10-18
CVE-2025-9274,0.000550000,0.171430000,0.7792417938049006,2025-10-18,2025-10-18
CVE-2025-9273,0.002000000,0.423700000,0.93666204345816,2025-10-18,2025-10-18
CVE-2025-9189,0.000370000,0.104020000,0.5624133148404993,2025-10-18,2025-10-18
CVE-2025-9188,0.001230000,0.322000000,0.9026814609338881,2025-10-18,2025-10-18
CVE-2025-8614,0.000180000,0.033190000,0.13522884882108183,2025-10-18,2025-10-18
CVE-2025-8613,0.007010000,0.711660000,0.9828941285251965,2025-10-18,2025-10-18
CVE-2025-8302,0.000190000,0.035800000,0.14586222838650023,2025-10-18,2025-10-18
CVE-2025-8301,0.000190000,0.035800000,0.14586222838650023,2025-10-18,2025-10-18
CVE-2025-8300,0.000190000,0.035800000,0.14586222838650023,2025-10-18,2025-10-18
CVE-2025-8299,0.000190000,0.035800000,0.14586222838650023,2025-10-18,2025-10-18
CVE-2025-8298,0.000160000,0.025230000,0.09662505779010633,2025-10-18,2025-10-18
CVE-2025-7976,0.002400000,0.472660000,0.9470642625982432,2025-10-18,2025-10-18
CVE-2025-7975,0.002490000,0.481030000,0.9486823855755895,2025-10-18,2025-10-18
CVE-2025-7974,0.000960000,0.275480000,0.8804900601017106,2025-10-18,2025-10-18
CVE-2025-6685,0.011290000,0.775560000,0.9877484974572354,2025-10-18,2025-10-18
CVE-2025-6519,0.000590000,0.187390000,0.7998150716597319,2025-10-18,2025-10-18
CVE-2025-57778,0.000370000,0.104020000,0.5624133148404993,2025-10-18,2025-10-18
CVE-2025-57777,0.000370000,0.104020000,0.5624133148404993,2025-10-18,2025-10-18
CVE-2025-57776,0.000370000,0.104020000,0.5624133148404993,2025-10-18,2025-10-18
CVE-2025-57775,0.000370000,0.104020000,0.5624133148404993,2025-10-18,2025-10-18
CVE-2025-57774,0.000370000,0.104020000,0.5624133148404993,2025-10-18,2025-10-18
CVE-2025-57616,0.000720000,0.224480000,0.841886269070735,2025-10-18,2025-10-18
CVE-2025-57615,0.000720000,0.225030000,0.841886269070735,2025-10-18,2025-10-18
CVE-2025-57614,0.001170000,0.312140000,0.8992140545538604,2025-10-18,2025-10-18
CVE-2025-57613,0.000720000,0.225030000,0.841886269070735,2025-10-18,2025-10-18
CVE-2025-57612,0.000720000,0.225030000,0.841886269070735,2025-10-18,2025-10-18
CVE-2025-57611,0.000510000,0.158150000,0.7501155802126676,2025-10-18,2025-10-18
CVE-2025-57140,0.000440000,0.131770000,0.6747572815533981,2025-10-18,2025-10-18
CVE-2025-5662,0.007980000,0.732190000,0.9838187702265372,2025-10-18,2025-10-18
CVE-2025-56254,0.000320000,0.083330000,0.37355524734165513,2025-10-18,2025-10-18
CVE-2025-55824,0.000530000,0.166230000,0.7600554785020804,2025-10-18,2025-10-18
CVE-2025-55476,0.000330000,0.085290000,0.4172445677300046,2025-10-18,2025-10-18
CVE-2025-55474,0.000440000,0.130490000,0.6747572815533981,2025-10-18,2025-10-18
CVE-2025-55473,0.000340000,0.089860000,0.444290337494221,2025-10-18,2025-10-18
CVE-2025-55472,0.000360000,0.098990000,0.5388349514563107,2025-10-18,2025-10-18
CVE-2025-55373,0.001040000,0.290660000,0.8881183541377716,2025-10-18,2025-10-18
CVE-2025-55372,0.000720000,0.225040000,0.841886269070735,2025-10-18,2025-10-18
CVE-2025-54599,0.000550000,0.172640000,0.7792417938049006,2025-10-18,2025-10-18
CVE-2025-52551,0.000590000,0.184910000,0.7998150716597319,2025-10-18,2025-10-18
CVE-2025-52550,0.000250000,0.054550000,0.23439667128987518,2025-10-18,2025-10-18
CVE-2025-52549,0.000630000,0.197390000,0.8146093388811836,2025-10-18,2025-10-18
CVE-2025-52548,0.000370000,0.103630000,0.5624133148404993,2025-10-18,2025-10-18
CVE-2025-52547,0.000760000,0.233810000,0.8506703652334721,2025-10-18,2025-10-18
CVE-2025-52546,0.000730000,0.227050000,0.8453536754507628,2025-10-18,2025-10-18
CVE-2025-52545,0.000430000,0.126380000,0.6604253351826167,2025-10-18,2025-10-18
CVE-2025-52544,0.000870000,0.259930000,0.8698566805362922,2025-10-18,2025-10-18
CVE-2025-52543,0.000510000,0.157880000,0.7501155802126676,2025-10-18,2025-10-18
CVE-2025-51966,0.000440000,0.131590000,0.6747572815533981,2025-10-18,2025-10-18
CVE-2025-50757,0.138420000,0.939770000,0.997457235321313,2025-10-18,2025-10-18
CVE-2025-50755,0.138420000,0.939770000,0.997457235321313,2025-10-18,2025-10-18
CVE-2025-50565,0.000330000,0.086450000,0.4172445677300046,2025-10-18,2025-10-18
CVE-2025-46810,0.000180000,0.033790000,0.13522884882108183,2025-10-18,2025-10-18
CVE-2025-46047,0.000190000,0.035720000,0.14586222838650023,2025-10-18,2025-10-18
CVE-2025-43726,0.000140000,0.017470000,0.06634304207119741,2025-10-18,2025-10-18
CVE-2025-41031,0.000950000,0.273440000,0.8795654184003698,2025-10-18,2025-10-18
CVE-2025-36162,0.000320000,0.080210000,0.37355524734165513,2025-10-18,2025-10-18
CVE-2025-32100,0.000430000,0.129330000,0.6604253351826167,2025-10-18,2025-10-18
CVE-2025-32098,0.000440000,0.132940000,0.6747572815533981,2025-10-18,2025-10-18
CVE-2025-2414,0.000740000,0.229650000,0.8465094775774388,2025-10-18,2025-10-18
CVE-2025-2413,0.000740000,0.229650000,0.8465094775774388,2025-10-18,2025-10-18
CVE-2025-22418,0.000040000,0.001620000,0.0020804438280166435,2025-10-18,2025-10-18
CVE-2025-22417,0.000030000,0.001170000,0.001155802126675913,2025-10-18,2025-10-18
CVE-2025-22416,0.000040000,0.001620000,0.0020804438280166435,2025-10-18,2025-10-18
CVE-2025-0670,0.000450000,0.134950000,0.6874711049468331,2025-10-18,2025-10-18
CVE-2025-0640,0.000450000,0.134950000,0.6874711049468331,2025-10-18,2025-10-18
CVE-2024-58259,0.000180000,0.033800000,0.13522884882108183,2025-10-18,2025-10-18
CVE-2024-52284,0.000140000,0.016510000,0.06634304207119741,2025-10-18,2025-10-18
CVE-2024-51423,0.000830000,0.250090000,0.864539990753583,2025-10-18,2025-10-18
CVE-2024-49730,0.000050000,0.001770000,0.0034674063800277394,2025-10-18,2025-10-18
CVE-2024-49728,0.000040000,0.001570000,0.0020804438280166435,2025-10-18,2025-10-18
CVE-2024-49722,0.000060000,0.002320000,0.008552935737401757,2025-10-18,2025-10-18
CVE-2024-49720,0.000080000,0.004990000,0.02727693018955155,2025-10-18,2025-10-18
CVE-2024-48705,0.143930000,0.941070000,0.9979195561719834,2025-10-18,2025-10-18
CVE-2024-40653,0.000150000,0.020580000,0.0811373092926491,2025-10-18,2025-10-18
CVE-2024-12974,0.000360000,0.098330000,0.5388349514563107,2025-10-18,2025-10-18
CVE-2024-12973,0.000220000,0.044880000,0.1634304207119741,2025-10-18,2025-10-18
CVE-2024-12972,0.000360000,0.098330000,0.5388349514563107,2025-10-18,2025-10-18
CVE-2025-9901,0.000650000,0.203870000,0.8247803975959316,2025-10-18,2025-10-18
CVE-2025-9848,0.000770000,0.236920000,0.8536754507628294,2025-10-18,2025-10-18
CVE-2025-9847,0.000440000,0.131020000,0.6747572815533981,2025-10-18,2025-10-18
CVE-2025-9845,0.000320000,0.080590000,0.37355524734165513,2025-10-18,2025-10-18
CVE-2025-9843,0.000420000,0.126030000,0.6539528432732317,2025-10-18,2025-10-18
CVE-2025-9842,0.000420000,0.126030000,0.6539528432732317,2025-10-18,2025-10-18
CVE-2025-9841,0.000400000,0.117540000,0.6310679611650486,2025-10-18,2025-10-18
CVE-2025-9840,0.000320000,0.083260000,0.37355524734165513,2025-10-18,2025-10-18
CVE-2025-9839,0.000370000,0.105280000,0.5624133148404993,2025-10-18,2025-10-18
CVE-2025-9838,0.000370000,0.105280000,0.5624133148404993,2025-10-18,2025-10-18
CVE-2025-9822,0.000370000,0.106090000,0.5624133148404993,2025-10-18,2025-10-18
CVE-2025-9821,0.000270000,0.062810000,0.2875635691169672,2025-10-18,2025-10-18
CVE-2025-9817,0.000240000,0.050720000,0.19602404068423485,2025-10-18,2025-10-18
CVE-2025-9785,0.000130000,0.015210000,0.05108645399907536,2025-10-18,2025-10-18
CVE-2025-9378,0.000370000,0.103980000,0.5624133148404993,2025-10-18,2025-10-18
CVE-2025-9260,0.001670000,0.383560000,0.9216366158113731,2025-10-18,2025-10-18
CVE-2025-9219,0.000320000,0.082250000,0.37355524734165513,2025-10-18,2025-10-18
CVE-2025-8663,0.000540000,0.168090000,0.7706888580674989,2025-10-18,2025-10-18
CVE-2025-7039,0.000890000,0.264220000,0.8719371243643088,2025-10-18,2025-10-18
CVE-2025-58351,0.000380000,0.108190000,0.5917706888580675,2025-10-18,2025-10-18
CVE-2025-58272,0.000080000,0.004850000,0.02727693018955155,2025-10-18,2025-10-18
CVE-2025-58210,0.000400000,0.118390000,0.6310679611650486,2025-10-18,2025-10-18
CVE-2025-58176,0.002060000,0.428740000,0.9387424872861766,2025-10-18,2025-10-18
CVE-2025-58163,0.002900000,0.520890000,0.9539990753582986,2025-10-18,2025-10-18
CVE-2025-57806,0.000050000,0.001810000,0.0034674063800277394,2025-10-18,2025-10-18
CVE-2025-54588,0.000080000,0.004590000,0.02727693018955155,2025-10-18,2025-10-18
CVE-2025-53694,0.000600000,0.190980000,0.8042071197411004,2025-10-18,2025-10-18
CVE-2025-53693,0.001490000,0.360750000,0.9156264447526583,2025-10-18,2025-10-18
CVE-2025-53691,0.010070000,0.762820000,0.9865926953305594,2025-10-18,2025-10-18
CVE-2025-47421,0.000580000,0.184260000,0.794960702727693,2025-10-18,2025-10-18
CVE-2025-41000,0.000590000,0.184910000,0.7998150716597319,2025-10-18,2025-10-18
CVE-2025-38678,0.000260000,0.059780000,0.25358298659269535,2025-10-18,2025-10-18
CVE-2025-3701,0.000340000,0.089710000,0.444290337494221,2025-10-18,2025-10-18
CVE-2025-26416,0.001110000,0.302860000,0.8952843273231623,2025-10-18,2025-10-18
CVE-2025-26210,0.000670000,0.211290000,0.8287101248266296,2025-10-18,2025-10-18
CVE-2025-2416,0.000740000,0.229650000,0.8465094775774388,2025-10-18,2025-10-18
CVE-2025-2415,0.000740000,0.229650000,0.8465094775774388,2025-10-18,2025-10-18
CVE-2025-22442,0.000030000,0.001140000,0.001155802126675913,2025-10-18,2025-10-18
CVE-2025-22439,0.000030000,0.001170000,0.001155802126675913,2025-10-18,2025-10-18
CVE-2025-22438,0.000050000,0.001770000,0.0034674063800277394,2025-10-18,2025-10-18
CVE-2025-22437,0.000090000,0.005910000,0.03374942209893666,2025-10-18,2025-10-18
CVE-2025-22435,0.000260000,0.060250000,0.25358298659269535,2025-10-18,2025-10-18
CVE-2025-22434,0.000090000,0.005910000,0.03374942209893666,2025-10-18,2025-10-18
CVE-2025-22433,0.000120000,0.012290000,0.04461396208969025,2025-10-18,2025-10-18
CVE-2025-22431,0.000090000,0.005790000,0.03374942209893666,2025-10-18,2025-10-18
CVE-2025-22430,0.000040000,0.001570000,0.0020804438280166435,2025-10-18,2025-10-18
CVE-2025-22429,0.000530000,0.165240000,0.7600554785020804,2025-10-18,2025-10-18
CVE-2025-22428,0.000060000,0.002620000,0.008552935737401757,2025-10-18,2025-10-18
CVE-2025-22427,0.000070000,0.003320000,0.019648636153490523,2025-10-18,2025-10-18
CVE-2025-22423,0.001450000,0.354160000,0.9137771613499769,2025-10-18,2025-10-18
CVE-2025-22422,0.000120000,0.012320000,0.04461396208969025,2025-10-18,2025-10-18
CVE-2025-22421,0.000060000,0.002790000,0.008552935737401757,2025-10-18,2025-10-18
CVE-2025-22419,0.000030000,0.001170000,0.001155802126675913,2025-10-18,2025-10-18
CVE-2025-21041,0.000160000,0.025000000,0.09662505779010633,2025-10-18,2025-10-18
CVE-2025-21040,0.000180000,0.033920000,0.13522884882108183,2025-10-18,2025-10-18
CVE-2025-21039,0.000180000,0.033920000,0.13522884882108183,2025-10-18,2025-10-18
CVE-2025-21038,0.000180000,0.033920000,0.13522884882108183,2025-10-18,2025-10-18
CVE-2025-21037,0.000180000,0.034400000,0.13522884882108183,2025-10-18,2025-10-18
CVE-2025-21036,0.000130000,0.015810000,0.05108645399907536,2025-10-18,2025-10-18
CVE-2025-21035,0.000230000,0.046690000,0.18007397133610725,2025-10-18,2025-10-18
CVE-2025-21034,0.000150000,0.022240000,0.0811373092926491,2025-10-18,2025-10-18
CVE-2025-21033,0.000160000,0.023630000,0.09662505779010633,2025-10-18,2025-10-18
CVE-2025-21032,0.000210000,0.042620000,0.1583448913546001,2025-10-18,2025-10-18
CVE-2025-21031,0.000190000,0.037310000,0.14586222838650023,2025-10-18,2025-10-18
CVE-2025-21030,0.000220000,0.046330000,0.1634304207119741,2025-10-18,2025-10-18
CVE-2025-21029,0.000180000,0.033920000,0.13522884882108183,2025-10-18,2025-10-18
CVE-2025-21028,0.000170000,0.030840000,0.11488673139158576,2025-10-18,2025-10-18
CVE-2025-21027,0.000200000,0.037670000,0.15372168284789645,2025-10-18,2025-10-18
CVE-2025-21026,0.000180000,0.034540000,0.13522884882108183,2025-10-18,2025-10-18
CVE-2025-21025,0.000190000,0.034820000,0.14586222838650023,2025-10-18,2025-10-18
CVE-2025-1740,0.000760000,0.233620000,0.8506703652334721,2025-10-18,2025-10-18
CVE-2025-0878,0.000540000,0.170210000,0.7706888580674989,2025-10-18,2025-10-18
CVE-2024-43166,0.000900000,0.264530000,0.8744798890429958,2025-10-18,2025-10-18
CVE-2024-43115,0.000580000,0.183880000,0.794960702727693,2025-10-18,2025-10-18
CVE-2024-32444,0.000760000,0.233890000,0.8506703652334721,2025-10-18,2025-10-18
CVE-2024-13068,0.000240000,0.051310000,0.19602404068423485,2025-10-18,2025-10-18
CVE-2024-13066,0.000310000,0.079770000,0.3603791030975497,2025-10-18,2025-10-18
CVE-2024-13065,0.000370000,0.106170000,0.5624133148404993,2025-10-18,2025-10-18
CVE-2024-13064,0.000360000,0.098330000,0.5388349514563107,2025-10-18,2025-10-18
CVE-2024-13063,0.000410000,0.120940000,0.6444752658344891,2025-10-18,2025-10-18
CVE-2023-3666,0.000380000,0.109180000,0.5917706888580675,2025-10-18,2025-10-18
CVE-2023-21483,0.000150000,0.020050000,0.0811373092926491,2025-10-18,2025-10-18
CVE-2023-21482,0.000210000,0.043080000,0.1583448913546001,2025-10-18,2025-10-18
CVE-2023-21481,0.000680000,0.214400000,0.8314840499306518,2025-10-18,2025-10-18
CVE-2023-21480,0.000330000,0.086780000,0.4172445677300046,2025-10-18,2025-10-18
CVE-2023-21479,0.000840000,0.254380000,0.8656957928802589,2025-10-18,2025-10-18
CVE-2023-21478,0.000220000,0.045270000,0.1634304207119741,2025-10-18,2025-10-18
CVE-2023-21477,0.000160000,0.026410000,0.09662505779010633,2025-10-18,2025-10-18
CVE-2023-21476,0.000170000,0.031040000,0.11488673139158576,2025-10-18,2025-10-18
CVE-2023-21475,0.000170000,0.031040000,0.11488673139158576,2025-10-18,2025-10-18
CVE-2023-21474,0.000140000,0.017880000,0.06634304207119741,2025-10-18,2025-10-18
CVE-2023-21473,0.000800000,0.244420000,0.8587609801202034,2025-10-18,2025-10-18
CVE-2023-21472,0.000800000,0.244420000,0.8587609801202034,2025-10-18,2025-10-18
CVE-2023-21471,0.000180000,0.034540000,0.13522884882108183,2025-10-18,2025-10-18
CVE-2023-21470,0.000180000,0.034540000,0.13522884882108183,2025-10-18,2025-10-18
CVE-2023-21469,0.000180000,0.034540000,0.13522884882108183,2025-10-18,2025-10-18
CVE-2023-21468,0.000150000,0.023330000,0.0811373092926491,2025-10-18,2025-10-18
CVE-2023-21467,0.001300000,0.333190000,0.9079981507165973,2025-10-18,2025-10-18
CVE-2023-21466,0.000100000,0.008400000,0.0372168284789644,2025-10-18,2025-10-18
CVE-2014-125127,0.000540000,0.167870000,0.7706888580674989,2025-10-18,2025-10-18
CVE-2025-9959,0.000490000,0.150390000,0.7304669440591771,2025-10-18,2025-10-18
CVE-2025-9926,0.000360000,0.096420000,0.5388349514563107,2025-10-18,2025-10-18
CVE-2025-9925,0.000370000,0.105280000,0.5624133148404993,2025-10-18,2025-10-18
CVE-2025-9924,0.000370000,0.105280000,0.5624133148404993,2025-10-18,2025-10-18
CVE-2025-9923,0.000490000,0.150170000,0.7304669440591771,2025-10-18,2025-10-18
CVE-2025-9922,0.000410000,0.122930000,0.6444752658344891,2025-10-18,2025-10-18
CVE-2025-9921,0.000310000,0.077640000,0.3603791030975497,2025-10-18,2025-10-18
CVE-2025-9920,0.000540000,0.169260000,0.7706888580674989,2025-10-18,2025-10-18
CVE-2025-9919,0.000370000,0.105280000,0.5624133148404993,2025-10-18,2025-10-18
CVE-2025-9867,0.000330000,0.086010000,0.4172445677300046,2025-10-18,2025-10-18
CVE-2025-9866,0.000500000,0.153270000,0.7376329172445677,2025-10-18,2025-10-18
CVE-2025-9865,0.000330000,0.086010000,0.4172445677300046,2025-10-18,2025-10-18
CVE-2025-9864,0.001190000,0.315930000,0.9006010171058715,2025-10-18,2025-10-18
CVE-2025-9824,0.000570000,0.179490000,0.789875173370319,2025-10-18,2025-10-18
CVE-2025-9823,0.000600000,0.190150000,0.8042071197411004,2025-10-18,2025-10-18
CVE-2025-9365,0.000660000,0.206600000,0.826629680998613,2025-10-18,2025-10-18
CVE-2025-58644,0.000630000,0.197910000,0.8146093388811836,2025-10-18,2025-10-18
CVE-2025-58643,0.000630000,0.197910000,0.8146093388811836,2025-10-18,2025-10-18
CVE-2025-58642,0.000630000,0.197910000,0.8146093388811836,2025-10-18,2025-10-18
CVE-2025-58641,0.000380000,0.109620000,0.5917706888580675,2025-10-18,2025-10-18
CVE-2025-58640,0.000390000,0.113100000,0.602635228848821,2025-10-18,2025-10-18
CVE-2025-58639,0.000460000,0.138040000,0.6941747572815534,2025-10-18,2025-10-18
CVE-2025-58637,0.001470000,0.357280000,0.9144706426259824,2025-10-18,2025-10-18
CVE-2025-58635,0.000400000,0.118390000,0.6310679611650486,2025-10-18,2025-10-18
CVE-2025-58634,0.000400000,0.118390000,0.6310679611650486,2025-10-18,2025-10-18
CVE-2025-58633,0.000390000,0.113100000,0.602635228848821,2025-10-18,2025-10-18
CVE-2025-58632,0.000390000,0.113100000,0.602635228848821,2025-10-18,2025-10-18
CVE-2025-58631,0.000360000,0.098330000,0.5388349514563107,2025-10-18,2025-10-18
CVE-2025-58630,0.000360000,0.098330000,0.5388349514563107,2025-10-18,2025-10-18
CVE-2025-58626,0.000390000,0.113100000,0.602635228848821,2025-10-18,2025-10-18
CVE-2025-58625,0.000360000,0.098330000,0.5388349514563107,2025-10-18,2025-10-18
CVE-2025-58624,0.000390000,0.113100000,0.602635228848821,2025-10-18,2025-10-18
CVE-2025-58623,0.000390000,0.113100000,0.602635228848821,2025-10-18,2025-10-18
CVE-2025-58622,0.000340000,0.089710000,0.444290337494221,2025-10-18,2025-10-18
CVE-2025-58621,0.000390000,0.113100000,0.602635228848821,2025-10-18,2025-10-18
CVE-2025-58620,0.000390000,0.113100000,0.602635228848821,2025-10-18,2025-10-18
CVE-2025-58618,0.000390000,0.113100000,0.602635228848821,2025-10-18,2025-10-18
CVE-2025-58617,0.000340000,0.089710000,0.444290337494221,2025-10-18,2025-10-18
CVE-2025-58616,0.000470000,0.141980000,0.7008784096162737,2025-10-18,2025-10-18
CVE-2025-58615,0.000330000,0.086540000,0.4172445677300046,2025-10-18,2025-10-18
CVE-2025-58614,0.000390000,0.113100000,0.602635228848821,2025-10-18,2025-10-18
CVE-2025-58613,0.000400000,0.119500000,0.6310679611650486,2025-10-18,2025-10-18
CVE-2025-58612,0.000390000,0.113100000,0.602635228848821,2025-10-18,2025-10-18
CVE-2025-58611,0.000170000,0.029740000,0.11488673139158576,2025-10-18,2025-10-18
CVE-2025-58610,0.000390000,0.113100000,0.602635228848821,2025-10-18,2025-10-18
CVE-2025-58609,0.000390000,0.113100000,0.602635228848821,2025-10-18,2025-10-18
CVE-2025-58608,0.001470000,0.357280000,0.9144706426259824,2025-10-18,2025-10-18
CVE-2025-58607,0.000390000,0.113100000,0.602635228848821,2025-10-18,2025-10-18
CVE-2025-58606,0.000340000,0.089710000,0.444290337494221,2025-10-18,2025-10-18
CVE-2025-58605,0.000390000,0.113100000,0.602635228848821,2025-10-18,2025-10-18
CVE-2025-58604,0.000390000,0.114130000,0.602635228848821,2025-10-18,2025-10-18
CVE-2025-58603,0.000400000,0.118390000,0.6310679611650486,2025-10-18,2025-10-18
CVE-2025-58602,0.000390000,0.113100000,0.602635228848821,2025-10-18,2025-10-18
CVE-2025-58601,0.000340000,0.089710000,0.444290337494221,2025-10-18,2025-10-18
CVE-2025-58600,0.000570000,0.179290000,0.789875173370319,2025-10-18,2025-10-18
CVE-2025-58599,0.000340000,0.089710000,0.444290337494221,2025-10-18,2025-10-18
CVE-2025-58598,0.000400000,0.119840000,0.6310679611650486,2025-10-18,2025-10-18
CVE-2025-58597,0.000460000,0.138040000,0.6941747572815534,2025-10-18,2025-10-18
CVE-2025-58596,0.000360000,0.098330000,0.5388349514563107,2025-10-18,2025-10-18
CVE-2025-58594,0.000340000,0.089710000,0.444290337494221,2025-10-18,2025-10-18
CVE-2025-58593,0.000390000,0.113100000,0.602635228848821,2025-10-18,2025-10-18
CVE-2025-58460,0.000500000,0.152380000,0.7376329172445677,2025-10-18,2025-10-18
CVE-2025-58459,0.001260000,0.327330000,0.9047619047619048,2025-10-18,2025-10-18
CVE-2025-58458,0.001690000,0.386910000,0.9244105409153953,2025-10-18,2025-10-18
CVE-2025-57833,0.000120000,0.011160000,0.04461396208969025,2025-10-18,2025-10-18
CVE-2025-57151,0.000610000,0.192440000,0.8083680073971337,2025-10-18,2025-10-18
CVE-2025-57150,0.000800000,0.245420000,0.8587609801202034,2025-10-18,2025-10-18
CVE-2025-57149,0.000330000,0.086650000,0.4172445677300046,2025-10-18,2025-10-18
CVE-2025-57148,0.000720000,0.224800000,0.841886269070735,2025-10-18,2025-10-18
CVE-2025-57147,0.000410000,0.121590000,0.6444752658344891,2025-10-18,2025-10-18
CVE-2025-57146,0.000330000,0.085870000,0.4172445677300046,2025-10-18,2025-10-18
CVE-2025-57052,0.001290000,0.331770000,0.9073046694405917,2025-10-18,2025-10-18
CVE-2025-56803,0.001470000,0.357780000,0.9144706426259824,2025-10-18,2025-10-18
CVE-2025-56761,0.000450000,0.135480000,0.6874711049468331,2025-10-18,2025-10-18
CVE-2025-56760,0.000670000,0.209840000,0.8287101248266296,2025-10-18,2025-10-18
CVE-2025-56752,0.002890000,0.520170000,0.9533055940822931,2025-10-18,2025-10-18
CVE-2025-56689,0.000500000,0.153890000,0.7376329172445677,2025-10-18,2025-10-18
CVE-2025-56608,0.000610000,0.193750000,0.8083680073971337,2025-10-18,2025-10-18
CVE-2025-56498,0.033310000,0.867390000,0.9935275080906149,2025-10-18,2025-10-18
CVE-2025-56435,0.001290000,0.331640000,0.9073046694405917,2025-10-18,2025-10-18
CVE-2025-56139,0.000480000,0.145830000,0.7244567730004623,2025-10-18,2025-10-18
CVE-2025-55944,0.000790000,0.243590000,0.8564493758668515,2025-10-18,2025-10-18
CVE-2025-55852,0.000730000,0.228260000,0.8453536754507628,2025-10-18,2025-10-18
CVE-2025-55748,0.000460000,0.138730000,0.6941747572815534,2025-10-18,2025-10-18
CVE-2025-55747,0.045330000,0.886170000,0.9944521497919556,2025-10-18,2025-10-18
CVE-2025-55162,0.000060000,0.003060000,0.008552935737401757,2025-10-18,2025-10-18
CVE-2025-53690,0.209230000,0.953570000,0.9983818770226537,2025-10-18,2025-10-18
CVE-2025-52494,0.000600000,0.190700000,0.8042071197411004,2025-10-18,2025-10-18
CVE-2025-45805,0.000470000,0.144790000,0.7008784096162737,2025-10-18,2025-10-18
CVE-2025-36193,0.000170000,0.027870000,0.11488673139158576,2025-10-18,2025-10-18
CVE-2025-20336,0.000210000,0.040620000,0.1583448913546001,2025-10-18,2025-10-18
CVE-2025-20335,0.000390000,0.113220000,0.602635228848821,2025-10-18,2025-10-18
CVE-2025-20330,0.000470000,0.143020000,0.7008784096162737,2025-10-18,2025-10-18
CVE-2025-20328,0.000430000,0.129540000,0.6604253351826167,2025-10-18,2025-10-18
CVE-2025-20326,0.000260000,0.056990000,0.25358298659269535,2025-10-18,2025-10-18
CVE-2025-20291,0.000270000,0.061330000,0.2875635691169672,2025-10-18,2025-10-18
CVE-2025-20287,0.000530000,0.163270000,0.7600554785020804,2025-10-18,2025-10-18
CVE-2025-20280,0.000390000,0.115780000,0.602635228848821,2025-10-18,2025-10-18
CVE-2025-20270,0.000480000,0.147250000,0.7244567730004623,2025-10-18,2025-10-18
CVE-2025-0280,0.000140000,0.017490000,0.06634304207119741,2025-10-18,2025-10-18
CVE-2025-9942,0.000420000,0.123260000,0.6539528432732317,2025-10-18,2025-10-18
CVE-2025-9941,0.000420000,0.123260000,0.6539528432732317,2025-10-18,2025-10-18
CVE-2025-9940,0.000320000,0.080590000,0.37355524734165513,2025-10-18,2025-10-18
CVE-2025-9939,0.000320000,0.080590000,0.37355524734165513,2025-10-18,2025-10-18
CVE-2025-9938,0.001060000,0.293500000,0.8895053166897827,2025-10-18,2025-10-18
CVE-2025-9937,0.000440000,0.130500000,0.6747572815533981,2025-10-18,2025-10-18
CVE-2025-9936,0.000300000,0.074990000,0.3333333333333333,2025-10-18,2025-10-18
CVE-2025-9935,0.025530000,0.849080000,0.9921405455386038,2025-10-18,2025-10-18
CVE-2025-9934,0.028090000,0.855600000,0.9930651872399445,2025-10-18,2025-10-18
CVE-2025-9933,0.000370000,0.105280000,0.5624133148404993,2025-10-18,2025-10-18
CVE-2025-9932,0.000360000,0.096420000,0.5388349514563107,2025-10-18,2025-10-18
CVE-2025-9931,0.000410000,0.120730000,0.6444752658344891,2025-10-18,2025-10-18
CVE-2025-9930,0.000360000,0.096420000,0.5388349514563107,2025-10-18,2025-10-18
CVE-2025-9929,0.000380000,0.108840000,0.5917706888580675,2025-10-18,2025-10-18
CVE-2025-9928,0.000360000,0.096420000,0.5388349514563107,2025-10-18,2025-10-18
CVE-2025-9927,0.000370000,0.105280000,0.5624133148404993,2025-10-18,2025-10-18
CVE-2025-9616,0.000180000,0.034390000,0.13522884882108183,2025-10-18,2025-10-18
CVE-2025-9519,0.003230000,0.548620000,0.9574664817383264,2025-10-18,2025-10-18
CVE-2025-9518,0.006650000,0.703810000,0.9817383263985205,2025-10-18,2025-10-18
CVE-2025-9517,0.003770000,0.585380000,0.9674063800277393,2025-10-18,2025-10-18
CVE-2025-9516,0.000500000,0.154490000,0.7376329172445677,2025-10-18,2025-10-18
CVE-2025-9467,0.001090000,0.298480000,0.8922792417938049,2025-10-18,2025-10-18
CVE-2025-8268,0.001100000,0.301240000,0.893666204345816,2025-10-18,2025-10-18
CVE-2025-7388,0.002960000,0.525870000,0.9551548774849745,2025-10-18,2025-10-18
CVE-2025-7385,0.001770000,0.396400000,0.9271844660194175,2025-10-18,2025-10-18
CVE-2025-6984,0.000570000,0.178470000,0.789875173370319,2025-10-18,2025-10-18
CVE-2025-6085,0.004000000,0.599630000,0.9711049468331022,2025-10-18,2025-10-18
CVE-2025-58358,0.001270000,0.328200000,0.90499306518724,2025-10-18,2025-10-18
CVE-2025-58357,0.000490000,0.149290000,0.7304669440591771,2025-10-18,2025-10-18
CVE-2025-58355,0.000640000,0.201810000,0.8206195099398983,2025-10-18,2025-10-18
CVE-2025-58064,0.001100000,0.301130000,0.893666204345816,2025-10-18,2025-10-18
CVE-2025-58057,0.000330000,0.084430000,0.4172445677300046,2025-10-18,2025-10-18
CVE-2025-58056,0.000260000,0.059970000,0.25358298659269535,2025-10-18,2025-10-18
CVE-2025-57263,0.000430000,0.129450000,0.6604253351826167,2025-10-18,2025-10-18
CVE-2025-43772,0.004670000,0.635470000,0.9743411927877947,2025-10-18,2025-10-18
CVE-2025-41063,0.000340000,0.089010000,0.444290337494221,2025-10-18,2025-10-18
CVE-2025-41062,0.000340000,0.089010000,0.444290337494221,2025-10-18,2025-10-18
CVE-2025-41061,0.000340000,0.089010000,0.444290337494221,2025-10-18,2025-10-18
CVE-2025-41060,0.000340000,0.089010000,0.444290337494221,2025-10-18,2025-10-18
CVE-2025-41059,0.000340000,0.089010000,0.444290337494221,2025-10-18,2025-10-18
CVE-2025-41058,0.000340000,0.089010000,0.444290337494221,2025-10-18,2025-10-18
CVE-2025-41057,0.000340000,0.089010000,0.444290337494221,2025-10-18,2025-10-18
CVE-2025-41056,0.000340000,0.089010000,0.444290337494221,2025-10-18,2025-10-18
CVE-2025-41055,0.000340000,0.089010000,0.444290337494221,2025-10-18,2025-10-18
CVE-2025-41054,0.000340000,0.089010000,0.444290337494221,2025-10-18,2025-10-18
CVE-2025-41053,0.000340000,0.089010000,0.444290337494221,2025-10-18,2025-10-18
CVE-2025-41052,0.000340000,0.089010000,0.444290337494221,2025-10-18,2025-10-18
CVE-2025-41051,0.000340000,0.089010000,0.444290337494221,2025-10-18,2025-10-18
CVE-2025-41050,0.000340000,0.089010000,0.444290337494221,2025-10-18,2025-10-18
CVE-2025-41049,0.000340000,0.089010000,0.444290337494221,2025-10-18,2025-10-18
CVE-2025-41048,0.000340000,0.089010000,0.444290337494221,2025-10-18,2025-10-18
CVE-2025-41047,0.000340000,0.089010000,0.444290337494221,2025-10-18,2025-10-18
CVE-2025-41046,0.000340000,0.089010000,0.444290337494221,2025-10-18,2025-10-18
CVE-2025-41045,0.000340000,0.089010000,0.444290337494221,2025-10-18,2025-10-18
CVE-2025-41044,0.000340000,0.089010000,0.444290337494221,2025-10-18,2025-10-18
CVE-2025-41043,0.000340000,0.089010000,0.444290337494221,2025-10-18,2025-10-18
CVE-2025-41042,0.000340000,0.089010000,0.444290337494221,2025-10-18,2025-10-18
CVE-2025-41041,0.000340000,0.089010000,0.444290337494221,2025-10-18,2025-10-18
CVE-2025-41040,0.000340000,0.089010000,0.444290337494221,2025-10-18,2025-10-18
CVE-2025-41039,0.000340000,0.089010000,0.444290337494221,2025-10-18,2025-10-18
CVE-2025-41038,0.000340000,0.089010000,0.444290337494221,2025-10-18,2025-10-18
CVE-2025-41037,0.000340000,0.089010000,0.444290337494221,2025-10-18,2025-10-18
CVE-2025-41036,0.000340000,0.089010000,0.444290337494221,2025-10-18,2025-10-18
CVE-2025-41035,0.000390000,0.113480000,0.602635228848821,2025-10-18,2025-10-18
CVE-2025-41034,0.000390000,0.114160000,0.602635228848821,2025-10-18,2025-10-18
CVE-2025-41033,0.000390000,0.114160000,0.602635228848821,2025-10-18,2025-10-18
CVE-2025-41032,0.000390000,0.114160000,0.602635228848821,2025-10-18,2025-10-18
CVE-2025-36909,0.000190000,0.035230000,0.14586222838650023,2025-10-18,2025-10-18
CVE-2025-36908,0.000070000,0.004080000,0.019648636153490523,2025-10-18,2025-10-18
CVE-2025-36907,0.000070000,0.004230000,0.019648636153490523,2025-10-18,2025-10-18
CVE-2025-36906,0.000070000,0.003200000,0.019648636153490523,2025-10-18,2025-10-18
CVE-2025-36905,0.000080000,0.005440000,0.02727693018955155,2025-10-18,2025-10-18
CVE-2025-36904,0.000270000,0.063920000,0.2875635691169672,2025-10-18,2025-10-18
CVE-2025-36903,0.000070000,0.003200000,0.019648636153490523,2025-10-18,2025-10-18
CVE-2025-36902,0.000070000,0.004080000,0.019648636153490523,2025-10-18,2025-10-18
CVE-2025-36901,0.000170000,0.028880000,0.11488673139158576,2025-10-18,2025-10-18
CVE-2025-36900,0.000070000,0.004080000,0.019648636153490523,2025-10-18,2025-10-18
CVE-2025-36899,0.000080000,0.004740000,0.02727693018955155,2025-10-18,2025-10-18
CVE-2025-36898,0.000080000,0.005440000,0.02727693018955155,2025-10-18,2025-10-18
CVE-2025-36897,0.001790000,0.398070000,0.9283402681460934,2025-10-18,2025-10-18
CVE-2025-36896,0.000270000,0.063920000,0.2875635691169672,2025-10-18,2025-10-18
CVE-2025-36895,0.000200000,0.040460000,0.15372168284789645,2025-10-18,2025-10-18
CVE-2025-36894,0.001940000,0.416390000,0.932963476652797,2025-10-18,2025-10-18
CVE-2025-36893,0.000060000,0.002610000,0.008552935737401757,2025-10-18,2025-10-18
CVE-2025-36892,0.000260000,0.059910000,0.25358298659269535,2025-10-18,2025-10-18
CVE-2025-36891,0.000230000,0.048830000,0.18007397133610725,2025-10-18,2025-10-18
CVE-2025-36890,0.000270000,0.063920000,0.2875635691169672,2025-10-18,2025-10-18
CVE-2025-36887,0.000070000,0.003200000,0.019648636153490523,2025-10-18,2025-10-18
CVE-2025-2694,0.000290000,0.072310000,0.3092926490984743,2025-10-18,2025-10-18
CVE-2025-2667,0.000370000,0.103090000,0.5624133148404993,2025-10-18,2025-10-18
CVE-2025-25048,0.000300000,0.074220000,0.3333333333333333,2025-10-18,2025-10-18
CVE-2025-2417,0.000740000,0.229650000,0.8465094775774388,2025-10-18,2025-10-18
CVE-2025-2411,0.000740000,0.229650000,0.8465094775774388,2025-10-18,2025-10-18
CVE-2024-56190,0.000070000,0.003370000,0.019648636153490523,2025-10-18,2025-10-18
CVE-2024-56189,0.000470000,0.140680000,0.7008784096162737,2025-10-18,2025-10-18
CVE-2024-43184,0.001040000,0.291520000,0.8881183541377716,2025-10-18,2025-10-18
CVE-2024-34598,0.000180000,0.032940000,0.13522884882108183,2025-10-18,2025-10-18
CVE-2024-13073,0.000540000,0.170210000,0.7706888580674989,2025-10-18,2025-10-18
CVE-2024-13071,0.000360000,0.098330000,0.5388349514563107,2025-10-18,2025-10-18
CVE-2022-39888,0.000490000,0.149640000,0.7304669440591771,2025-10-18,2025-10-18
CVE-2025-9636,0.000190000,0.034820000,0.14586222838650023,2025-10-18,2025-10-18
CVE-2025-8311,0.013580000,0.794750000,0.9902912621359223,2025-10-18,2025-10-18
CVE-2025-6785,0.000400000,0.117320000,0.6310679611650486,2025-10-18,2025-10-18
CVE-2025-57576,0.000340000,0.089010000,0.444290337494221,2025-10-18,2025-10-18
CVE-2025-38730,0.000260000,0.058750000,0.25358298659269535,2025-10-18,2025-10-18
CVE-2025-38729,0.000470000,0.142940000,0.7008784096162737,2025-10-18,2025-10-18
CVE-2025-38728,0.000350000,0.093620000,0.4919093851132686,2025-10-18,2025-10-18
CVE-2025-38727,0.000470000,0.142940000,0.7008784096162737,2025-10-18,2025-10-18
CVE-2025-38726,0.000250000,0.056180000,0.23439667128987518,2025-10-18,2025-10-18
CVE-2025-38725,0.000350000,0.093620000,0.4919093851132686,2025-10-18,2025-10-18
CVE-2025-38724,0.000820000,0.248850000,0.8626907073509015,2025-10-18,2025-10-18
CVE-2025-38723,0.000350000,0.093620000,0.4919093851132686,2025-10-18,2025-10-18
CVE-2025-38722,0.000250000,0.056180000,0.23439667128987518,2025-10-18,2025-10-18
CVE-2025-38721,0.000470000,0.142940000,0.7008784096162737,2025-10-18,2025-10-18
CVE-2025-38720,0.000240000,0.051180000,0.19602404068423485,2025-10-18,2025-10-18
CVE-2025-38719,0.000240000,0.051180000,0.19602404068423485,2025-10-18,2025-10-18
CVE-2025-38718,0.000350000,0.093620000,0.4919093851132686,2025-10-18,2025-10-18
CVE-2025-38717,0.000250000,0.056180000,0.23439667128987518,2025-10-18,2025-10-18
CVE-2025-38716,0.000260000,0.057630000,0.25358298659269535,2025-10-18,2025-10-18
CVE-2025-38715,0.000470000,0.142940000,0.7008784096162737,2025-10-18,2025-10-18
CVE-2025-38714,0.000470000,0.142940000,0.7008784096162737,2025-10-18,2025-10-18
CVE-2025-38713,0.000470000,0.142940000,0.7008784096162737,2025-10-18,2025-10-18
CVE-2025-38712,0.000470000,0.142940000,0.7008784096162737,2025-10-18,2025-10-18
CVE-2025-38711,0.000350000,0.093620000,0.4919093851132686,2025-10-18,2025-10-18
CVE-2025-38710,0.000250000,0.056180000,0.23439667128987518,2025-10-18,2025-10-18
CVE-2025-38709,0.000260000,0.057630000,0.25358298659269535,2025-10-18,2025-10-18
CVE-2025-38708,0.000820000,0.248850000,0.8626907073509015,2025-10-18,2025-10-18
CVE-2025-38707,0.000350000,0.093620000,0.4919093851132686,2025-10-18,2025-10-18
CVE-2025-38706,0.000350000,0.093620000,0.4919093851132686,2025-10-18,2025-10-18
CVE-2025-38705,0.000250000,0.056180000,0.23439667128987518,2025-10-18,2025-10-18
CVE-2025-38704,0.000250000,0.056180000,0.23439667128987518,2025-10-18,2025-10-18
CVE-2025-38703,0.000250000,0.056180000,0.23439667128987518,2025-10-18,2025-10-18
CVE-2025-38702,0.000430000,0.129090000,0.6604253351826167,2025-10-18,2025-10-18
CVE-2025-38701,0.000470000,0.142940000,0.7008784096162737,2025-10-18,2025-10-18
CVE-2025-38700,0.000470000,0.142940000,0.7008784096162737,2025-10-18,2025-10-18
CVE-2025-38699,0.000470000,0.142940000,0.7008784096162737,2025-10-18,2025-10-18
CVE-2025-38698,0.000470000,0.142940000,0.7008784096162737,2025-10-18,2025-10-18
CVE-2025-38697,0.000470000,0.142940000,0.7008784096162737,2025-10-18,2025-10-18
CVE-2025-38696,0.000470000,0.142940000,0.7008784096162737,2025-10-18,2025-10-18
CVE-2025-38695,0.000470000,0.142940000,0.7008784096162737,2025-10-18,2025-10-18
CVE-2025-38694,0.000470000,0.142940000,0.7008784096162737,2025-10-18,2025-10-18
CVE-2025-38693,0.000470000,0.142940000,0.7008784096162737,2025-10-18,2025-10-18
CVE-2025-38692,0.000260000,0.057630000,0.25358298659269535,2025-10-18,2025-10-18
CVE-2025-38691,0.000470000,0.142940000,0.7008784096162737,2025-10-18,2025-10-18
CVE-2025-38690,0.000260000,0.059780000,0.25358298659269535,2025-10-18,2025-10-18
CVE-2025-38689,0.000260000,0.059780000,0.25358298659269535,2025-10-18,2025-10-18
CVE-2025-38688,0.000260000,0.057630000,0.25358298659269535,2025-10-18,2025-10-18
CVE-2025-38687,0.000820000,0.248850000,0.8626907073509015,2025-10-18,2025-10-18
CVE-2025-38686,0.000250000,0.056180000,0.23439667128987518,2025-10-18,2025-10-18
CVE-2025-38685,0.000610000,0.191680000,0.8083680073971337,2025-10-18,2025-10-18
CVE-2025-38684,0.000350000,0.093620000,0.4919093851132686,2025-10-18,2025-10-18
CVE-2025-38683,0.000350000,0.093620000,0.4919093851132686,2025-10-18,2025-10-18
CVE-2025-38682,0.000260000,0.059780000,0.25358298659269535,2025-10-18,2025-10-18
CVE-2025-38681,0.000350000,0.093620000,0.4919093851132686,2025-10-18,2025-10-18
CVE-2025-38680,0.000470000,0.142940000,0.7008784096162737,2025-10-18,2025-10-18
CVE-2025-38679,0.000400000,0.118330000,0.6310679611650486,2025-10-18,2025-10-18
CVE-2025-26462,0.000060000,0.002780000,0.008552935737401757,2025-10-18,2025-10-18
CVE-2025-26458,0.000080000,0.005440000,0.02727693018955155,2025-10-18,2025-10-18
CVE-2025-26456,0.000150000,0.022310000,0.0811373092926491,2025-10-18,2025-10-18
CVE-2025-26455,0.000070000,0.003200000,0.019648636153490523,2025-10-18,2025-10-18
CVE-2025-26453,0.000060000,0.002610000,0.008552935737401757,2025-10-18,2025-10-18
CVE-2025-26452,0.000060000,0.002780000,0.008552935737401757,2025-10-18,2025-10-18
CVE-2025-26450,0.000060000,0.002780000,0.008552935737401757,2025-10-18,2025-10-18
CVE-2025-26449,0.000060000,0.003120000,0.008552935737401757,2025-10-18,2025-10-18
CVE-2025-26448,0.000060000,0.002610000,0.008552935737401757,2025-10-18,2025-10-18
CVE-2025-26445,0.000050000,0.002230000,0.0034674063800277394,2025-10-18,2025-10-18
CVE-2025-26444,0.000090000,0.005910000,0.03374942209893666,2025-10-18,2025-10-18
CVE-2025-26443,0.000080000,0.004550000,0.02727693018955155,2025-10-18,2025-10-18
CVE-2025-26442,0.000060000,0.002430000,0.008552935737401757,2025-10-18,2025-10-18
CVE-2025-26441,0.000690000,0.215730000,0.8381877022653722,2025-10-18,2025-10-18
CVE-2025-26440,0.000050000,0.002170000,0.0034674063800277394,2025-10-18,2025-10-18
CVE-2025-26438,0.000680000,0.212300000,0.8314840499306518,2025-10-18,2025-10-18
CVE-2025-26437,0.000050000,0.002230000,0.0034674063800277394,2025-10-18,2025-10-18
CVE-2025-26436,0.000060000,0.002510000,0.008552935737401757,2025-10-18,2025-10-18
CVE-2025-26435,0.000060000,0.002920000,0.008552935737401757,2025-10-18,2025-10-18
CVE-2025-26432,0.000060000,0.003120000,0.008552935737401757,2025-10-18,2025-10-18
CVE-2025-26430,0.000060000,0.002920000,0.008552935737401757,2025-10-18,2025-10-18
CVE-2025-26429,0.000050000,0.002100000,0.0034674063800277394,2025-10-18,2025-10-18
CVE-2025-26428,0.000060000,0.003100000,0.008552935737401757,2025-10-18,2025-10-18
CVE-2025-26427,0.000040000,0.001520000,0.0020804438280166435,2025-10-18,2025-10-18
CVE-2025-26426,0.000120000,0.012950000,0.04461396208969025,2025-10-18,2025-10-18
CVE-2025-26425,0.000070000,0.003850000,0.019648636153490523,2025-10-18,2025-10-18
CVE-2025-26424,0.000070000,0.003850000,0.019648636153490523,2025-10-18,2025-10-18
CVE-2025-26423,0.000060000,0.002290000,0.008552935737401757,2025-10-18,2025-10-18
CVE-2025-26422,0.000050000,0.001920000,0.0034674063800277394,2025-10-18,2025-10-18
CVE-2025-26421,0.000100000,0.008330000,0.0372168284789644,2025-10-18,2025-10-18
CVE-2025-26420,0.000040000,0.001350000,0.0020804438280166435,2025-10-18,2025-10-18
CVE-2025-23302,0.000140000,0.017530000,0.06634304207119741,2025-10-18,2025-10-18
CVE-2025-23301,0.000140000,0.017530000,0.06634304207119741,2025-10-18,2025-10-18
CVE-2025-23262,0.000140000,0.018160000,0.06634304207119741,2025-10-18,2025-10-18
CVE-2025-23261,0.000140000,0.018760000,0.06634304207119741,2025-10-18,2025-10-18
CVE-2025-23259,0.000490000,0.149130000,0.7304669440591771,2025-10-18,2025-10-18
CVE-2025-23258,0.000130000,0.014080000,0.05108645399907536,2025-10-18,2025-10-18
CVE-2025-23257,0.000130000,0.014080000,0.05108645399907536,2025-10-18,2025-10-18
CVE-2025-23256,0.000140000,0.016960000,0.06634304207119741,2025-10-18,2025-10-18
CVE-2025-22425,0.000070000,0.003980000,0.019648636153490523,2025-10-18,2025-10-18
CVE-2025-0087,0.000090000,0.007090000,0.03374942209893666,2025-10-18,2025-10-18
CVE-2025-0077,0.000090000,0.005840000,0.03374942209893666,2025-10-18,2025-10-18
CVE-2024-49739,0.000050000,0.001860000,0.0034674063800277394,2025-10-18,2025-10-18
CVE-2023-35657,0.000050000,0.001860000,0.0034674063800277394,2025-10-18,2025-10-18
CVE-2025-9990,0.003240000,0.548920000,0.9576976421636616,2025-10-18,2025-10-18
CVE-2025-8944,0.000340000,0.089710000,0.444290337494221,2025-10-18,2025-10-18
CVE-2025-8684,0.000370000,0.105460000,0.5624133148404993,2025-10-18,2025-10-18
CVE-2025-7445,0.000050000,0.002240000,0.0034674063800277394,2025-10-18,2025-10-18
CVE-2025-58401,0.000080000,0.005220000,0.02727693018955155,2025-10-18,2025-10-18
CVE-2025-58400,0.000190000,0.034860000,0.14586222838650023,2025-10-18,2025-10-18
CVE-2025-58362,0.000440000,0.132000000,0.6747572815533981,2025-10-18,2025-10-18
CVE-2025-58361,0.000570000,0.179850000,0.789875173370319,2025-10-18,2025-10-18
CVE-2025-58359,0.000210000,0.041610000,0.1583448913546001,2025-10-18,2025-10-18
CVE-2025-58353,0.000570000,0.179850000,0.789875173370319,2025-10-18,2025-10-18
CVE-2025-58352,0.000450000,0.134950000,0.6874711049468331,2025-10-18,2025-10-18
CVE-2025-58313,0.000070000,0.003990000,0.019648636153490523,2025-10-18,2025-10-18
CVE-2025-58296,0.000070000,0.003320000,0.019648636153490523,2025-10-18,2025-10-18
CVE-2025-58281,0.000080000,0.004790000,0.02727693018955155,2025-10-18,2025-10-18
CVE-2025-58280,0.000150000,0.022990000,0.0811373092926491,2025-10-18,2025-10-18
CVE-2025-58276,0.000080000,0.004460000,0.02727693018955155,2025-10-18,2025-10-18
CVE-2025-58179,0.012390000,0.785270000,0.9889042995839112,2025-10-18,2025-10-18
CVE-2025-55739,0.001060000,0.294110000,0.8895053166897827,2025-10-18,2025-10-18
CVE-2025-55671,0.000160000,0.025090000,0.09662505779010633,2025-10-18,2025-10-18
CVE-2025-55305,0.000060000,0.002820000,0.008552935737401757,2025-10-18,2025-10-18
CVE-2025-55244,0.000950000,0.273610000,0.8795654184003698,2025-10-18,2025-10-18
CVE-2025-55242,0.000760000,0.235900000,0.8506703652334721,2025-10-18,2025-10-18
CVE-2025-55241,0.000890000,0.263720000,0.8719371243643088,2025-10-18,2025-10-18
CVE-2025-55238,0.001070000,0.296740000,0.8906611188164586,2025-10-18,2025-10-18
CVE-2025-55209,0.000600000,0.190150000,0.8042071197411004,2025-10-18,2025-10-18
CVE-2025-55190,0.000470000,0.143110000,0.7008784096162737,2025-10-18,2025-10-18
CVE-2025-55037,0.007470000,0.722370000,0.9833564493758669,2025-10-18,2025-10-18
CVE-2025-54914,0.001620000,0.376660000,0.9193250115580213,2025-10-18,2025-10-18
CVE-2025-48581,0.000390000,0.115390000,0.602635228848821,2025-10-18,2025-10-18
CVE-2025-48563,0.000070000,0.003200000,0.019648636153490523,2025-10-18,2025-10-18
CVE-2025-48562,0.000050000,0.002180000,0.0034674063800277394,2025-10-18,2025-10-18
CVE-2025-48561,0.000100000,0.008510000,0.0372168284789644,2025-10-18,2025-10-18
CVE-2025-48560,0.000050000,0.002230000,0.0034674063800277394,2025-10-18,2025-10-18
CVE-2025-48559,0.000070000,0.004130000,0.019648636153490523,2025-10-18,2025-10-18
CVE-2025-48558,0.000060000,0.002780000,0.008552935737401757,2025-10-18,2025-10-18
CVE-2025-48556,0.000090000,0.006000000,0.03374942209893666,2025-10-18,2025-10-18
CVE-2025-48554,0.000070000,0.004130000,0.019648636153490523,2025-10-18,2025-10-18
CVE-2025-48553,0.000070000,0.003200000,0.019648636153490523,2025-10-18,2025-10-18
CVE-2025-48552,0.000070000,0.003200000,0.019648636153490523,2025-10-18,2025-10-18
CVE-2025-48551,0.000050000,0.001980000,0.0034674063800277394,2025-10-18,2025-10-18
CVE-2025-48550,0.000100000,0.007490000,0.0372168284789644,2025-10-18,2025-10-18
CVE-2025-48549,0.000080000,0.004950000,0.02727693018955155,2025-10-18,2025-10-18
CVE-2025-48548,0.000070000,0.004160000,0.019648636153490523,2025-10-18,2025-10-18
CVE-2025-48547,0.000060000,0.002360000,0.008552935737401757,2025-10-18,2025-10-18
CVE-2025-48546,0.000080000,0.004640000,0.02727693018955155,2025-10-18,2025-10-18
CVE-2025-48545,0.000050000,0.002230000,0.0034674063800277394,2025-10-18,2025-10-18
CVE-2025-48544,0.000080000,0.004440000,0.02727693018955155,2025-10-18,2025-10-18
CVE-2025-48543,0.000840000,0.254540000,0.8656957928802589,2025-10-18,2025-10-18
CVE-2025-48542,0.000060000,0.003120000,0.008552935737401757,2025-10-18,2025-10-18
CVE-2025-48541,0.000100000,0.007530000,0.0372168284789644,2025-10-18,2025-10-18
CVE-2025-48540,0.000090000,0.005870000,0.03374942209893666,2025-10-18,2025-10-18
CVE-2025-48539,0.000170000,0.029780000,0.11488673139158576,2025-10-18,2025-10-18
CVE-2025-48538,0.000060000,0.002890000,0.008552935737401757,2025-10-18,2025-10-18
CVE-2025-48537,0.000100000,0.007530000,0.0372168284789644,2025-10-18,2025-10-18
CVE-2025-48535,0.000310000,0.078520000,0.3603791030975497,2025-10-18,2025-10-18
CVE-2025-48534,0.000390000,0.113110000,0.602635228848821,2025-10-18,2025-10-18
CVE-2025-48533,0.000060000,0.002670000,0.008552935737401757,2025-10-18,2025-10-18
CVE-2025-48532,0.000060000,0.002360000,0.008552935737401757,2025-10-18,2025-10-18
CVE-2025-48531,0.000080000,0.005440000,0.02727693018955155,2025-10-18,2025-10-18
CVE-2025-48530,0.001790000,0.398070000,0.9283402681460934,2025-10-18,2025-10-18
CVE-2025-48529,0.000050000,0.002230000,0.0034674063800277394,2025-10-18,2025-10-18
CVE-2025-48528,0.000070000,0.003540000,0.019648636153490523,2025-10-18,2025-10-18
CVE-2025-48527,0.000070000,0.003740000,0.019648636153490523,2025-10-18,2025-10-18
CVE-2025-48526,0.000070000,0.003540000,0.019648636153490523,2025-10-18,2025-10-18
CVE-2025-48524,0.000060000,0.002400000,0.008552935737401757,2025-10-18,2025-10-18
CVE-2025-48523,0.000060000,0.002780000,0.008552935737401757,2025-10-18,2025-10-18
CVE-2025-48522,0.000080000,0.005440000,0.02727693018955155,2025-10-18,2025-10-18
CVE-2025-48395,0.000500000,0.153290000,0.7376329172445677,2025-10-18,2025-10-18
CVE-2025-41408,0.000370000,0.106250000,0.5624133148404993,2025-10-18,2025-10-18
CVE-2025-32350,0.000060000,0.002780000,0.008552935737401757,2025-10-18,2025-10-18
CVE-2025-32349,0.000080000,0.005040000,0.02727693018955155,2025-10-18,2025-10-18
CVE-2025-32347,0.000060000,0.002780000,0.008552935737401757,2025-10-18,2025-10-18
CVE-2025-32346,0.000060000,0.002780000,0.008552935737401757,2025-10-18,2025-10-18
CVE-2025-32345,0.000060000,0.002780000,0.008552935737401757,2025-10-18,2025-10-18
CVE-2025-32333,0.000060000,0.002780000,0.008552935737401757,2025-10-18,2025-10-18
CVE-2025-32332,0.000070000,0.003200000,0.019648636153490523,2025-10-18,2025-10-18
CVE-2025-32331,0.000080000,0.005440000,0.02727693018955155,2025-10-18,2025-10-18
CVE-2025-32330,0.000200000,0.038390000,0.15372168284789645,2025-10-18,2025-10-18
CVE-2025-32327,0.000080000,0.004440000,0.02727693018955155,2025-10-18,2025-10-18
CVE-2025-32326,0.000060000,0.002780000,0.008552935737401757,2025-10-18,2025-10-18
CVE-2025-32325,0.000070000,0.003200000,0.019648636153490523,2025-10-18,2025-10-18
CVE-2025-32324,0.000060000,0.002780000,0.008552935737401757,2025-10-18,2025-10-18
CVE-2025-32323,0.000100000,0.007530000,0.0372168284789644,2025-10-18,2025-10-18
CVE-2025-32322,0.000090000,0.007110000,0.03374942209893666,2025-10-18,2025-10-18
CVE-2025-32321,0.000060000,0.002780000,0.008552935737401757,2025-10-18,2025-10-18
CVE-2025-32312,0.000310000,0.078520000,0.3603791030975497,2025-10-18,2025-10-18
CVE-2025-26464,0.000080000,0.005440000,0.02727693018955155,2025-10-18,2025-10-18
CVE-2025-26463,0.000060000,0.003120000,0.008552935737401757,2025-10-18,2025-10-18
CVE-2025-26454,0.000080000,0.005040000,0.02727693018955155,2025-10-18,2025-10-18
CVE-2025-26439,0.000080000,0.005440000,0.02727693018955155,2025-10-18,2025-10-18
CVE-2025-26431,0.000080000,0.005440000,0.02727693018955155,2025-10-18,2025-10-18
CVE-2025-26419,0.000060000,0.002540000,0.008552935737401757,2025-10-18,2025-10-18
CVE-2025-22441,0.000060000,0.002360000,0.008552935737401757,2025-10-18,2025-10-18
CVE-2025-22415,0.000070000,0.003540000,0.019648636153490523,2025-10-18,2025-10-18
CVE-2025-22414,0.000060000,0.002780000,0.008552935737401757,2025-10-18,2025-10-18
CVE-2025-0089,0.000210000,0.041420000,0.1583448913546001,2025-10-18,2025-10-18
CVE-2025-0076,0.000050000,0.002110000,0.0034674063800277394,2025-10-18,2025-10-18
CVE-2024-49731,0.000070000,0.003850000,0.019648636153490523,2025-10-18,2025-10-18
CVE-2024-49714,0.000070000,0.003200000,0.019648636153490523,2025-10-18,2025-10-18
CVE-2024-40664,0.001410000,0.349840000,0.9112343966712899,2025-10-18,2025-10-18
CVE-2025-58883,0.000360000,0.098330000,0.5388349514563107,2025-10-18,2025-10-18
CVE-2025-58882,0.000390000,0.113100000,0.602635228848821,2025-10-18,2025-10-18
CVE-2025-58881,0.000380000,0.109410000,0.5917706888580675,2025-10-18,2025-10-18
CVE-2025-58880,0.000390000,0.113100000,0.602635228848821,2025-10-18,2025-10-18
CVE-2025-58878,0.000170000,0.029740000,0.11488673139158576,2025-10-18,2025-10-18
CVE-2025-58876,0.000390000,0.113100000,0.602635228848821,2025-10-18,2025-10-18
CVE-2025-58875,0.000390000,0.113100000,0.602635228848821,2025-10-18,2025-10-18
CVE-2025-58874,0.000390000,0.113100000,0.602635228848821,2025-10-18,2025-10-18
CVE-2025-58873,0.000360000,0.098330000,0.5388349514563107,2025-10-18,2025-10-18
CVE-2025-58872,0.000390000,0.115540000,0.602635228848821,2025-10-18,2025-10-18
CVE-2025-58871,0.000390000,0.113100000,0.602635228848821,2025-10-18,2025-10-18
CVE-2025-58870,0.000390000,0.113100000,0.602635228848821,2025-10-18,2025-10-18
CVE-2025-58869,0.000170000,0.027910000,0.11488673139158576,2025-10-18,2025-10-18
CVE-2025-58868,0.000390000,0.113100000,0.602635228848821,2025-10-18,2025-10-18
CVE-2025-58867,0.000390000,0.113100000,0.602635228848821,2025-10-18,2025-10-18
CVE-2025-58866,0.000360000,0.098070000,0.5388349514563107,2025-10-18,2025-10-18
CVE-2025-58865,0.000170000,0.029740000,0.11488673139158576,2025-10-18,2025-10-18
CVE-2025-58864,0.000390000,0.113100000,0.602635228848821,2025-10-18,2025-10-18
CVE-2025-58863,0.000390000,0.113100000,0.602635228848821,2025-10-18,2025-10-18
CVE-2025-58862,0.000390000,0.113100000,0.602635228848821,2025-10-18,2025-10-18
CVE-2025-58861,0.000170000,0.028710000,0.11488673139158576,2025-10-18,2025-10-18
CVE-2025-58860,0.000170000,0.028710000,0.11488673139158576,2025-10-18,2025-10-18
CVE-2025-58859,0.000170000,0.028710000,0.11488673139158576,2025-10-18,2025-10-18
CVE-2025-58858,0.000390000,0.113100000,0.602635228848821,2025-10-18,2025-10-18
CVE-2025-58857,0.000390000,0.115360000,0.602635228848821,2025-10-18,2025-10-18
CVE-2025-58856,0.000250000,0.055250000,0.23439667128987518,2025-10-18,2025-10-18
CVE-2025-58855,0.000390000,0.115360000,0.602635228848821,2025-10-18,2025-10-18
CVE-2025-58854,0.000170000,0.028710000,0.11488673139158576,2025-10-18,2025-10-18
CVE-2025-58853,0.000170000,0.028710000,0.11488673139158576,2025-10-18,2025-10-18
CVE-2025-58852,0.000170000,0.028710000,0.11488673139158576,2025-10-18,2025-10-18
CVE-2025-58851,0.000390000,0.113100000,0.602635228848821,2025-10-18,2025-10-18
CVE-2025-58850,0.000390000,0.113100000,0.602635228848821,2025-10-18,2025-10-18
CVE-2025-58849,0.000170000,0.028710000,0.11488673139158576,2025-10-18,2025-10-18
CVE-2025-58848,0.000170000,0.028710000,0.11488673139158576,2025-10-18,2025-10-18
CVE-2025-58847,0.000170000,0.028710000,0.11488673139158576,2025-10-18,2025-10-18
CVE-2025-58846,0.000170000,0.028710000,0.11488673139158576,2025-10-18,2025-10-18
CVE-2025-58845,0.000170000,0.028710000,0.11488673139158576,2025-10-18,2025-10-18
CVE-2025-58844,0.000170000,0.028710000,0.11488673139158576,2025-10-18,2025-10-18
CVE-2025-58843,0.000170000,0.028710000,0.11488673139158576,2025-10-18,2025-10-18
CVE-2025-58842,0.000390000,0.113100000,0.602635228848821,2025-10-18,2025-10-18
CVE-2025-58841,0.000480000,0.147440000,0.7244567730004623,2025-10-18,2025-10-18
CVE-2025-58840,0.000390000,0.113100000,0.602635228848821,2025-10-18,2025-10-18
CVE-2025-58839,0.000630000,0.197910000,0.8146093388811836,2025-10-18,2025-10-18
CVE-2025-58838,0.000390000,0.113100000,0.602635228848821,2025-10-18,2025-10-18
CVE-2025-58837,0.000390000,0.113100000,0.602635228848821,2025-10-18,2025-10-18
CVE-2025-58836,0.000390000,0.113100000,0.602635228848821,2025-10-18,2025-10-18
CVE-2025-58835,0.000550000,0.171460000,0.7792417938049006,2025-10-18,2025-10-18
CVE-2025-58834,0.000390000,0.113100000,0.602635228848821,2025-10-18,2025-10-18
CVE-2025-58833,0.000210000,0.041300000,0.1583448913546001,2025-10-18,2025-10-18
CVE-2025-58832,0.000360000,0.098330000,0.5388349514563107,2025-10-18,2025-10-18
CVE-2025-58831,0.000170000,0.029740000,0.11488673139158576,2025-10-18,2025-10-18
CVE-2025-58830,0.000390000,0.113100000,0.602635228848821,2025-10-18,2025-10-18
CVE-2025-58829,0.000320000,0.083330000,0.37355524734165513,2025-10-18,2025-10-18
CVE-2025-58828,0.000390000,0.113100000,0.602635228848821,2025-10-18,2025-10-18
CVE-2025-58827,0.000380000,0.107490000,0.5917706888580675,2025-10-18,2025-10-18
CVE-2025-58826,0.000390000,0.113100000,0.602635228848821,2025-10-18,2025-10-18
CVE-2025-58825,0.000360000,0.098330000,0.5388349514563107,2025-10-18,2025-10-18
CVE-2025-58824,0.000340000,0.089710000,0.444290337494221,2025-10-18,2025-10-18
CVE-2025-58823,0.000390000,0.113100000,0.602635228848821,2025-10-18,2025-10-18
CVE-2025-58822,0.000390000,0.113100000,0.602635228848821,2025-10-18,2025-10-18
CVE-2025-58821,0.000360000,0.098330000,0.5388349514563107,2025-10-18,2025-10-18
CVE-2025-58820,0.000360000,0.098330000,0.5388349514563107,2025-10-18,2025-10-18
CVE-2025-58819,0.000560000,0.176220000,0.7859454461396209,2025-10-18,2025-10-18
CVE-2025-58818,0.000180000,0.031560000,0.13522884882108183,2025-10-18,2025-10-18
CVE-2025-58817,0.000340000,0.089710000,0.444290337494221,2025-10-18,2025-10-18
CVE-2025-58816,0.000350000,0.095640000,0.4919093851132686,2025-10-18,2025-10-18
CVE-2025-58815,0.000630000,0.197910000,0.8146093388811836,2025-10-18,2025-10-18
CVE-2025-58814,0.000390000,0.113100000,0.602635228848821,2025-10-18,2025-10-18
CVE-2025-58813,0.000340000,0.089710000,0.444290337494221,2025-10-18,2025-10-18
CVE-2025-58812,0.000390000,0.113100000,0.602635228848821,2025-10-18,2025-10-18
CVE-2025-58811,0.000360000,0.098330000,0.5388349514563107,2025-10-18,2025-10-18
CVE-2025-58810,0.000360000,0.098330000,0.5388349514563107,2025-10-18,2025-10-18
CVE-2025-58809,0.000170000,0.028710000,0.11488673139158576,2025-10-18,2025-10-18
CVE-2025-58808,0.000390000,0.113100000,0.602635228848821,2025-10-18,2025-10-18
CVE-2025-58807,0.000170000,0.028710000,0.11488673139158576,2025-10-18,2025-10-18
CVE-2025-58806,0.000170000,0.028710000,0.11488673139158576,2025-10-18,2025-10-18
CVE-2025-58805,0.000360000,0.098330000,0.5388349514563107,2025-10-18,2025-10-18
CVE-2025-58804,0.000170000,0.029740000,0.11488673139158576,2025-10-18,2025-10-18
CVE-2025-58802,0.000170000,0.029740000,0.11488673139158576,2025-10-18,2025-10-18
CVE-2025-58801,0.000180000,0.031560000,0.13522884882108183,2025-10-18,2025-10-18
CVE-2025-58800,0.000170000,0.029740000,0.11488673139158576,2025-10-18,2025-10-18
CVE-2025-58799,0.000170000,0.029740000,0.11488673139158576,2025-10-18,2025-10-18
CVE-2025-58798,0.000170000,0.029740000,0.11488673139158576,2025-10-18,2025-10-18
CVE-2025-58797,0.000390000,0.114980000,0.602635228848821,2025-10-18,2025-10-18
CVE-2025-58796,0.000390000,0.113100000,0.602635228848821,2025-10-18,2025-10-18
CVE-2025-58795,0.000330000,0.085690000,0.4172445677300046,2025-10-18,2025-10-18
CVE-2025-58794,0.000170000,0.029740000,0.11488673139158576,2025-10-18,2025-10-18
CVE-2025-58793,0.000390000,0.113100000,0.602635228848821,2025-10-18,2025-10-18
CVE-2025-58792,0.000170000,0.029740000,0.11488673139158576,2025-10-18,2025-10-18
CVE-2025-58791,0.000360000,0.098330000,0.5388349514563107,2025-10-18,2025-10-18
CVE-2025-58790,0.000390000,0.113100000,0.602635228848821,2025-10-18,2025-10-18
CVE-2025-58789,0.000390000,0.114130000,0.602635228848821,2025-10-18,2025-10-18
CVE-2025-58788,0.000390000,0.114130000,0.602635228848821,2025-10-18,2025-10-18
CVE-2025-58787,0.000390000,0.113100000,0.602635228848821,2025-10-18,2025-10-18
CVE-2025-58786,0.000390000,0.113100000,0.602635228848821,2025-10-18,2025-10-18
CVE-2025-58785,0.000460000,0.138040000,0.6941747572815534,2025-10-18,2025-10-18
CVE-2025-58784,0.000390000,0.113100000,0.602635228848821,2025-10-18,2025-10-18
CVE-2025-58783,0.000340000,0.089710000,0.444290337494221,2025-10-18,2025-10-18
CVE-2025-10011,0.000320000,0.083260000,0.37355524734165513,2025-10-18,2025-10-18
CVE-2024-21977,0.000150000,0.020230000,0.0811373092926491,2025-10-18,2025-10-18
CVE-2025-9999,0.000370000,0.106600000,0.5624133148404993,2025-10-18,2025-10-18
CVE-2025-9998,0.000210000,0.043120000,0.1583448913546001,2025-10-18,2025-10-18
CVE-2025-9709,0.000430000,0.127490000,0.6604253351826167,2025-10-18,2025-10-18
CVE-2025-9057,0.000300000,0.076150000,0.3333333333333333,2025-10-18,2025-10-18
CVE-2025-8695,0.000410000,0.122370000,0.6444752658344891,2025-10-18,2025-10-18
CVE-2025-58887,0.000390000,0.113100000,0.602635228848821,2025-10-18,2025-10-18
CVE-2025-58886,0.000360000,0.098330000,0.5388349514563107,2025-10-18,2025-10-18
CVE-2025-58884,0.000360000,0.098330000,0.5388349514563107,2025-10-18,2025-10-18
CVE-2025-58780,0.000450000,0.135430000,0.6874711049468331,2025-10-18,2025-10-18
CVE-2025-58628,0.000430000,0.126750000,0.6604253351826167,2025-10-18,2025-10-18
CVE-2025-58214,0.001650000,0.380500000,0.920249653259362,2025-10-18,2025-10-18
CVE-2025-58206,0.001650000,0.380500000,0.920249653259362,2025-10-18,2025-10-18
CVE-2025-57889,0.001470000,0.357280000,0.9144706426259824,2025-10-18,2025-10-18
CVE-2025-54744,0.000340000,0.089710000,0.444290337494221,2025-10-18,2025-10-18
CVE-2025-53571,0.000340000,0.089710000,0.444290337494221,2025-10-18,2025-10-18
CVE-2025-53307,0.000390000,0.115360000,0.602635228848821,2025-10-18,2025-10-18
CVE-2025-49401,0.000580000,0.183510000,0.794960702727693,2025-10-18,2025-10-18
CVE-2025-48317,0.000620000,0.195980000,0.8125288950531669,2025-10-18,2025-10-18
CVE-2025-48105,0.000390000,0.113100000,0.602635228848821,2025-10-18,2025-10-18
CVE-2025-48104,0.000170000,0.028710000,0.11488673139158576,2025-10-18,2025-10-18
CVE-2025-48103,0.000390000,0.113100000,0.602635228848821,2025-10-18,2025-10-18
CVE-2025-48102,0.000360000,0.098330000,0.5388349514563107,2025-10-18,2025-10-18
CVE-2025-39726,0.000250000,0.056180000,0.23439667128987518,2025-10-18,2025-10-18
CVE-2025-39725,0.000240000,0.051180000,0.19602404068423485,2025-10-18,2025-10-18
CVE-2025-39724,0.000340000,0.089010000,0.444290337494221,2025-10-18,2025-10-18
CVE-2025-39723,0.000240000,0.051180000,0.19602404068423485,2025-10-18,2025-10-18
CVE-2025-39722,0.000240000,0.051180000,0.19602404068423485,2025-10-18,2025-10-18
CVE-2025-39721,0.000380000,0.107960000,0.5917706888580675,2025-10-18,2025-10-18
CVE-2025-39720,0.000250000,0.056180000,0.23439667128987518,2025-10-18,2025-10-18
CVE-2025-39719,0.000260000,0.057630000,0.25358298659269535,2025-10-18,2025-10-18
CVE-2025-39718,0.000260000,0.057630000,0.25358298659269535,2025-10-18,2025-10-18
CVE-2025-39717,0.000260000,0.059780000,0.25358298659269535,2025-10-18,2025-10-18
CVE-2025-39716,0.000260000,0.057630000,0.25358298659269535,2025-10-18,2025-10-18
CVE-2025-39715,0.000260000,0.057630000,0.25358298659269535,2025-10-18,2025-10-18
CVE-2025-39714,0.000350000,0.093620000,0.4919093851132686,2025-10-18,2025-10-18
CVE-2025-39713,0.000430000,0.129090000,0.6604253351826167,2025-10-18,2025-10-18
CVE-2025-39712,0.000350000,0.095760000,0.4919093851132686,2025-10-18,2025-10-18
CVE-2025-39711,0.000250000,0.056180000,0.23439667128987518,2025-10-18,2025-10-18
CVE-2025-39710,0.000350000,0.093620000,0.4919093851132686,2025-10-18,2025-10-18
CVE-2025-39709,0.000350000,0.093620000,0.4919093851132686,2025-10-18,2025-10-18
CVE-2025-39708,0.000260000,0.059780000,0.25358298659269535,2025-10-18,2025-10-18
CVE-2025-39707,0.000240000,0.051180000,0.19602404068423485,2025-10-18,2025-10-18
CVE-2025-39706,0.000260000,0.057630000,0.25358298659269535,2025-10-18,2025-10-18
CVE-2025-39705,0.000240000,0.051180000,0.19602404068423485,2025-10-18,2025-10-18
CVE-2025-39704,0.000260000,0.059780000,0.25358298659269535,2025-10-18,2025-10-18
CVE-2025-39703,0.000350000,0.093620000,0.4919093851132686,2025-10-18,2025-10-18
CVE-2025-39702,0.000350000,0.093620000,0.4919093851132686,2025-10-18,2025-10-18
CVE-2025-39701,0.000260000,0.057630000,0.25358298659269535,2025-10-18,2025-10-18
CVE-2025-39700,0.000240000,0.051180000,0.19602404068423485,2025-10-18,2025-10-18
CVE-2025-39699,0.000260000,0.059780000,0.25358298659269535,2025-10-18,2025-10-18
CVE-2025-39698,0.000190000,0.036330000,0.14586222838650023,2025-10-18,2025-10-18
CVE-2025-39697,0.000350000,0.093620000,0.4919093851132686,2025-10-18,2025-10-18
CVE-2025-39696,0.000260000,0.059780000,0.25358298659269535,2025-10-18,2025-10-18
CVE-2025-39695,0.000240000,0.051180000,0.19602404068423485,2025-10-18,2025-10-18
CVE-2025-39694,0.000260000,0.057630000,0.25358298659269535,2025-10-18,2025-10-18
CVE-2025-39693,0.000350000,0.093620000,0.4919093851132686,2025-10-18,2025-10-18
CVE-2025-39692,0.000260000,0.057630000,0.25358298659269535,2025-10-18,2025-10-18
CVE-2025-39691,0.000350000,0.093620000,0.4919093851132686,2025-10-18,2025-10-18
CVE-2025-39690,0.000260000,0.059780000,0.25358298659269535,2025-10-18,2025-10-18
CVE-2025-39689,0.000350000,0.093620000,0.4919093851132686,2025-10-18,2025-10-18
CVE-2025-39687,0.000350000,0.093620000,0.4919093851132686,2025-10-18,2025-10-18
CVE-2025-39686,0.000350000,0.093620000,0.4919093851132686,2025-10-18,2025-10-18
CVE-2025-39685,0.000350000,0.093620000,0.4919093851132686,2025-10-18,2025-10-18
CVE-2025-39684,0.000350000,0.093620000,0.4919093851132686,2025-10-18,2025-10-18
CVE-2025-39683,0.000350000,0.093620000,0.4919093851132686,2025-10-18,2025-10-18
CVE-2025-39682,0.000260000,0.057630000,0.25358298659269535,2025-10-18,2025-10-18
CVE-2025-39681,0.000350000,0.093620000,0.4919093851132686,2025-10-18,2025-10-18
CVE-2025-39680,0.000390000,0.114790000,0.602635228848821,2025-10-18,2025-10-18
CVE-2025-39679,0.000250000,0.056180000,0.23439667128987518,2025-10-18,2025-10-18
CVE-2025-39678,0.000260000,0.059780000,0.25358298659269535,2025-10-18,2025-10-18
CVE-2025-39677,0.000260000,0.059780000,0.25358298659269535,2025-10-18,2025-10-18
CVE-2025-39676,0.000350000,0.093620000,0.4919093851132686,2025-10-18,2025-10-18
CVE-2025-39675,0.000350000,0.093620000,0.4919093851132686,2025-10-18,2025-10-18
CVE-2025-39674,0.000260000,0.059780000,0.25358298659269535,2025-10-18,2025-10-18
CVE-2025-39673,0.000350000,0.093620000,0.4919093851132686,2025-10-18,2025-10-18
CVE-2025-38737,0.000240000,0.051180000,0.19602404068423485,2025-10-18,2025-10-18
CVE-2025-38736,0.000350000,0.093620000,0.4919093851132686,2025-10-18,2025-10-18
CVE-2025-38735,0.000260000,0.057630000,0.25358298659269535,2025-10-18,2025-10-18
CVE-2025-38734,0.000260000,0.057250000,0.25358298659269535,2025-10-18,2025-10-18
CVE-2025-38733,0.000240000,0.051180000,0.19602404068423485,2025-10-18,2025-10-18
CVE-2025-38732,0.000350000,0.093620000,0.4919093851132686,2025-10-18,2025-10-18
CVE-2025-38731,0.000260000,0.059780000,0.25358298659269535,2025-10-18,2025-10-18
CVE-2025-35452,0.000640000,0.201780000,0.8206195099398983,2025-10-18,2025-10-18
CVE-2025-35451,0.000640000,0.201780000,0.8206195099398983,2025-10-18,2025-10-18
CVE-2025-32320,0.000060000,0.002780000,0.008552935737401757,2025-10-18,2025-10-18
CVE-2025-32318,0.000720000,0.225530000,0.841886269070735,2025-10-18,2025-10-18
CVE-2025-32317,0.000050000,0.002230000,0.0034674063800277394,2025-10-18,2025-10-18
CVE-2025-32316,0.000060000,0.002610000,0.008552935737401757,2025-10-18,2025-10-18
CVE-2025-30200,0.000090000,0.005600000,0.03374942209893666,2025-10-18,2025-10-18
CVE-2025-30199,0.000170000,0.027650000,0.11488673139158576,2025-10-18,2025-10-18
CVE-2025-30198,0.000130000,0.015430000,0.05108645399907536,2025-10-18,2025-10-18
CVE-2025-27003,0.000170000,0.029740000,0.11488673139158576,2025-10-18,2025-10-18
CVE-2025-26461,0.000060000,0.002390000,0.008552935737401757,2025-10-18,2025-10-18
CVE-2025-26434,0.000060000,0.002610000,0.008552935737401757,2025-10-18,2025-10-18
CVE-2025-10026,0.000320000,0.080590000,0.37355524734165513,2025-10-18,2025-10-18
CVE-2025-10025,0.000370000,0.105280000,0.5624133148404993,2025-10-18,2025-10-18
CVE-2025-10014,0.000320000,0.082980000,0.37355524734165513,2025-10-18,2025-10-18
CVE-2025-10013,0.000410000,0.121510000,0.6444752658344891,2025-10-18,2025-10-18
CVE-2025-10012,0.000320000,0.083260000,0.37355524734165513,2025-10-18,2025-10-18
CVE-2024-0028,0.000050000,0.002230000,0.0034674063800277394,2025-10-18,2025-10-18
CVE-2025-9961,0.001100000,0.300820000,0.893666204345816,2025-10-18,2025-10-18
CVE-2025-9853,0.000370000,0.103980000,0.5624133148404993,2025-10-18,2025-10-18
CVE-2025-9849,0.000440000,0.131090000,0.6747572815533981,2025-10-18,2025-10-18
CVE-2025-9566,0.001310000,0.334670000,0.9082293111419325,2025-10-18,2025-10-18
CVE-2025-9515,0.002940000,0.523870000,0.9546925566343042,2025-10-18,2025-10-18
CVE-2025-9493,0.000390000,0.114010000,0.602635228848821,2025-10-18,2025-10-18
CVE-2025-9442,0.000390000,0.114010000,0.602635228848821,2025-10-18,2025-10-18
CVE-2025-9126,0.000420000,0.124170000,0.6539528432732317,2025-10-18,2025-10-18
CVE-2025-9085,0.000340000,0.088810000,0.444290337494221,2025-10-18,2025-10-18
CVE-2025-8722,0.000390000,0.114010000,0.602635228848821,2025-10-18,2025-10-18
CVE-2025-8564,0.000370000,0.103980000,0.5624133148404993,2025-10-18,2025-10-18
CVE-2025-8360,0.000370000,0.103980000,0.5624133148404993,2025-10-18,2025-10-18
CVE-2025-8359,0.004220000,0.613160000,0.9731853906611189,2025-10-18,2025-10-18
CVE-2025-8149,0.000370000,0.103980000,0.5624133148404993,2025-10-18,2025-10-18
CVE-2025-7368,0.000550000,0.171220000,0.7792417938049006,2025-10-18,2025-10-18
CVE-2025-7366,0.002760000,0.507060000,0.9514563106796117,2025-10-18,2025-10-18
CVE-2025-7045,0.003630000,0.576510000,0.9644012944983819,2025-10-18,2025-10-18
CVE-2025-7040,0.000750000,0.232450000,0.8495145631067961,2025-10-18,2025-10-18
CVE-2025-6757,0.000390000,0.114010000,0.602635228848821,2025-10-18,2025-10-18
CVE-2025-6067,0.000370000,0.103980000,0.5624133148404993,2025-10-18,2025-10-18
CVE-2025-58446,0.000770000,0.238720000,0.8536754507628294,2025-10-18,2025-10-18
CVE-2025-58445,0.000600000,0.188780000,0.8042071197411004,2025-10-18,2025-10-18
CVE-2025-58443,0.000730000,0.228470000,0.8453536754507628,2025-10-18,2025-10-18
CVE-2025-58439,0.000320000,0.082660000,0.37355524734165513,2025-10-18,2025-10-18
CVE-2025-58438,0.037730000,0.875160000,0.9939898289412853,2025-10-18,2025-10-18
CVE-2025-58437,0.000390000,0.112650000,0.602635228848821,2025-10-18,2025-10-18
CVE-2025-58374,0.000350000,0.094860000,0.4919093851132686,2025-10-18,2025-10-18
CVE-2025-58373,0.000300000,0.075410000,0.3333333333333333,2025-10-18,2025-10-18
CVE-2025-58372,0.000980000,0.279840000,0.8832639852057328,2025-10-18,2025-10-18
CVE-2025-58371,0.002930000,0.523270000,0.954461396208969,2025-10-18,2025-10-18
CVE-2025-58370,0.001510000,0.364240000,0.9167822468793343,2025-10-18,2025-10-18
CVE-2025-58369,0.000820000,0.249530000,0.8626907073509015,2025-10-18,2025-10-18
CVE-2025-58367,0.004680000,0.636160000,0.97457235321313,2025-10-18,2025-10-18
CVE-2025-58366,0.000550000,0.174160000,0.7792417938049006,2025-10-18,2025-10-18
CVE-2025-57807,0.000450000,0.136230000,0.6874711049468331,2025-10-18,2025-10-18
CVE-2025-53791,0.000450000,0.137230000,0.6874711049468331,2025-10-18,2025-10-18
CVE-2025-48042,0.000500000,0.151950000,0.7376329172445677,2025-10-18,2025-10-18
CVE-2025-39734,0.000350000,0.093620000,0.4919093851132686,2025-10-18,2025-10-18
CVE-2025-39733,0.000240000,0.051180000,0.19602404068423485,2025-10-18,2025-10-18
CVE-2025-39732,0.000250000,0.056180000,0.23439667128987518,2025-10-18,2025-10-18
CVE-2025-39731,0.000350000,0.093620000,0.4919093851132686,2025-10-18,2025-10-18
CVE-2025-39730,0.000820000,0.248850000,0.8626907073509015,2025-10-18,2025-10-18
CVE-2025-39729,0.000260000,0.059780000,0.25358298659269535,2025-10-18,2025-10-18
CVE-2025-39727,0.000250000,0.056180000,0.23439667128987518,2025-10-18,2025-10-18
CVE-2025-36100,0.000160000,0.026910000,0.09662505779010633,2025-10-18,2025-10-18
CVE-2025-10079,0.000310000,0.078930000,0.3603791030975497,2025-10-18,2025-10-18
CVE-2025-10078,0.000320000,0.083760000,0.37355524734165513,2025-10-18,2025-10-18
CVE-2025-10077,0.000310000,0.078930000,0.3603791030975497,2025-10-18,2025-10-18
CVE-2025-10076,0.000310000,0.078930000,0.3603791030975497,2025-10-18,2025-10-18
CVE-2025-10075,0.000290000,0.070660000,0.3092926490984743,2025-10-18,2025-10-18
CVE-2025-10074,0.000320000,0.080590000,0.37355524734165513,2025-10-18,2025-10-18
CVE-2025-10073,0.000300000,0.076280000,0.3333333333333333,2025-10-18,2025-10-18
CVE-2025-10072,0.000410000,0.121510000,0.6444752658344891,2025-10-18,2025-10-18
CVE-2025-10071,0.000410000,0.121510000,0.6444752658344891,2025-10-18,2025-10-18
CVE-2025-10070,0.000410000,0.121510000,0.6444752658344891,2025-10-18,2025-10-18
CVE-2025-10068,0.000320000,0.083760000,0.37355524734165513,2025-10-18,2025-10-18
CVE-2025-10067,0.000310000,0.077000000,0.3603791030975497,2025-10-18,2025-10-18
CVE-2025-10066,0.000310000,0.077000000,0.3603791030975497,2025-10-18,2025-10-18
CVE-2025-10065,0.000310000,0.077000000,0.3603791030975497,2025-10-18,2025-10-18
CVE-2025-10064,0.000310000,0.077000000,0.3603791030975497,2025-10-18,2025-10-18
CVE-2025-10063,0.000410000,0.122930000,0.6444752658344891,2025-10-18,2025-10-18
CVE-2025-10062,0.000360000,0.096420000,0.5388349514563107,2025-10-18,2025-10-18
CVE-2025-10061,0.000520000,0.160520000,0.7565880721220527,2025-10-18,2025-10-18
CVE-2025-10060,0.001500000,0.361660000,0.9163199260286639,2025-10-18,2025-10-18
CVE-2025-10059,0.000430000,0.126600000,0.6604253351826167,2025-10-18,2025-10-18
CVE-2025-10046,0.001270000,0.329510000,0.90499306518724,2025-10-18,2025-10-18
CVE-2025-10044,0.000360000,0.098520000,0.5388349514563107,2025-10-18,2025-10-18
CVE-2025-10034,0.000790000,0.243190000,0.8564493758668515,2025-10-18,2025-10-18
CVE-2025-10033,0.000370000,0.105280000,0.5624133148404993,2025-10-18,2025-10-18
CVE-2025-10032,0.000510000,0.157450000,0.7501155802126676,2025-10-18,2025-10-18
CVE-2025-10031,0.000370000,0.105280000,0.5624133148404993,2025-10-18,2025-10-18
CVE-2025-10030,0.000370000,0.105280000,0.5624133148404993,2025-10-18,2025-10-18
CVE-2025-10029,0.000320000,0.080590000,0.37355524734165513,2025-10-18,2025-10-18
CVE-2025-10028,0.000320000,0.080590000,0.37355524734165513,2025-10-18,2025-10-18
CVE-2025-10027,0.000320000,0.080590000,0.37355524734165513,2025-10-18,2025-10-18
CVE-2025-10003,0.000640000,0.201790000,0.8206195099398983,2025-10-18,2025-10-18
CVE-2025-0034,0.000170000,0.029130000,0.11488673139158576,2025-10-18,2025-10-18
CVE-2025-0032,0.000150000,0.022260000,0.0811373092926491,2025-10-18,2025-10-18
CVE-2025-0011,0.000150000,0.021590000,0.0811373092926491,2025-10-18,2025-10-18
CVE-2025-0010,0.000180000,0.033180000,0.13522884882108183,2025-10-18,2025-10-18
CVE-2025-0009,0.000170000,0.027880000,0.11488673139158576,2025-10-18,2025-10-18
CVE-2024-36354,0.000140000,0.018830000,0.06634304207119741,2025-10-18,2025-10-18
CVE-2024-36352,0.000170000,0.027730000,0.11488673139158576,2025-10-18,2025-10-18
CVE-2024-36346,0.000230000,0.046350000,0.18007397133610725,2025-10-18,2025-10-18
CVE-2024-36342,0.000260000,0.057640000,0.25358298659269535,2025-10-18,2025-10-18
CVE-2024-36331,0.000200000,0.039730000,0.15372168284789645,2025-10-18,2025-10-18
CVE-2024-36326,0.000150000,0.020050000,0.0811373092926491,2025-10-18,2025-10-18
CVE-2024-21970,0.000160000,0.026190000,0.09662505779010633,2025-10-18,2025-10-18
CVE-2024-21947,0.000160000,0.027210000,0.09662505779010633,2025-10-18,2025-10-18
CVE-2023-31365,0.000170000,0.030330000,0.11488673139158576,2025-10-18,2025-10-18
CVE-2023-31351,0.000160000,0.026190000,0.09662505779010633,2025-10-18,2025-10-18
CVE-2023-31330,0.000160000,0.023540000,0.09662505779010633,2025-10-18,2025-10-18
CVE-2023-31326,0.000140000,0.016210000,0.06634304207119741,2025-10-18,2025-10-18
CVE-2023-31325,0.000160000,0.026410000,0.09662505779010633,2025-10-18,2025-10-18
CVE-2023-31322,0.000170000,0.028930000,0.11488673139158576,2025-10-18,2025-10-18
CVE-2023-31306,0.000170000,0.028750000,0.11488673139158576,2025-10-18,2025-10-18
CVE-2023-20516,0.000330000,0.086540000,0.4172445677300046,2025-10-18,2025-10-18
CVE-2021-46750,0.000150000,0.021980000,0.0811373092926491,2025-10-18,2025-10-18
CVE-2021-26383,0.000170000,0.029970000,0.11488673139158576,2025-10-18,2025-10-18
CVE-2021-26377,0.000150000,0.022900000,0.0811373092926491,2025-10-18,2025-10-18
CVE-2025-9114,0.002110000,0.437380000,0.9403606102635229,2025-10-18,2025-10-18
CVE-2025-9113,0.002150000,0.440230000,0.9410540915395285,2025-10-18,2025-10-18
CVE-2025-9112,0.002610000,0.493630000,0.9498381877022654,2025-10-18,2025-10-18
CVE-2025-8085,0.103800000,0.928410000,0.9965325936199723,2025-10-18,2025-10-18
CVE-2025-7709,0.000540000,0.168090000,0.7706888580674989,2025-10-18,2025-10-18
CVE-2025-5993,0.002940000,0.523880000,0.9546925566343042,2025-10-18,2025-10-18
CVE-2025-59033,0.000610000,0.193200000,0.8083680073971337,2025-10-18,2025-10-18
CVE-2025-58782,0.003340000,0.556230000,0.959546925566343,2025-10-18,2025-10-18
CVE-2025-58757,0.001940000,0.415870000,0.932963476652797,2025-10-18,2025-10-18
CVE-2025-58756,0.004350000,0.620690000,0.973416551086454,2025-10-18,2025-10-18
CVE-2025-58755,0.000630000,0.199820000,0.8146093388811836,2025-10-18,2025-10-18
CVE-2025-58752,0.000180000,0.032600000,0.13522884882108183,2025-10-18,2025-10-18
CVE-2025-58751,0.011310000,0.775810000,0.9879796578825705,2025-10-18,2025-10-18
CVE-2025-58746,0.000480000,0.146760000,0.7244567730004623,2025-10-18,2025-10-18
CVE-2025-58745,0.001940000,0.416260000,0.932963476652797,2025-10-18,2025-10-18
CVE-2025-58454,0.000400000,0.119600000,0.6310679611650486,2025-10-18,2025-10-18
CVE-2025-58453,0.000400000,0.119600000,0.6310679611650486,2025-10-18,2025-10-18
CVE-2025-58452,0.000320000,0.083450000,0.37355524734165513,2025-10-18,2025-10-18
CVE-2025-58451,0.000600000,0.190060000,0.8042071197411004,2025-10-18,2025-10-18
CVE-2025-58450,0.000430000,0.129410000,0.6604253351826167,2025-10-18,2025-10-18
CVE-2025-58449,0.001240000,0.324120000,0.9029126213592233,2025-10-18,2025-10-18
CVE-2025-58444,0.000320000,0.080400000,0.37355524734165513,2025-10-18,2025-10-18
CVE-2025-58422,0.000230000,0.048060000,0.18007397133610725,2025-10-18,2025-10-18
CVE-2025-58365,0.003830000,0.588800000,0.96833102172908,2025-10-18,2025-10-18
CVE-2025-57817,0.000520000,0.159240000,0.7565880721220527,2025-10-18,2025-10-18
CVE-2025-57816,0.000570000,0.178350000,0.789875173370319,2025-10-18,2025-10-18
CVE-2025-57815,0.000850000,0.255560000,0.8682385575589459,2025-10-18,2025-10-18
CVE-2025-57766,0.000380000,0.108050000,0.5917706888580675,2025-10-18,2025-10-18
CVE-2025-57285,0.009360000,0.753820000,0.9858992140545538,2025-10-18,2025-10-18
CVE-2025-57141,0.004120000,0.607070000,0.9724919093851133,2025-10-18,2025-10-18
CVE-2025-56630,0.000380000,0.109090000,0.5917706888580675,2025-10-18,2025-10-18
CVE-2025-56267,0.000910000,0.266430000,0.8756356911696718,2025-10-18,2025-10-18
CVE-2025-56266,0.000910000,0.266430000,0.8756356911696718,2025-10-18,2025-10-18
CVE-2025-56265,0.000770000,0.236360000,0.8536754507628294,2025-10-18,2025-10-18
CVE-2025-55998,0.000500000,0.153840000,0.7376329172445677,2025-10-18,2025-10-18
CVE-2025-55849,0.000210000,0.041010000,0.1583448913546001,2025-10-18,2025-10-18
CVE-2025-54994,0.006010000,0.685480000,0.9798890429958391,2025-10-18,2025-10-18
CVE-2025-53838,0.000430000,0.128140000,0.6604253351826167,2025-10-18,2025-10-18
CVE-2025-52389,0.000630000,0.197990000,0.8146093388811836,2025-10-18,2025-10-18
CVE-2025-52288,0.000580000,0.180990000,0.794960702727693,2025-10-18,2025-10-18
CVE-2025-52161,0.000650000,0.203900000,0.8247803975959316,2025-10-18,2025-10-18
CVE-2025-51586,0.000120000,0.012480000,0.04461396208969025,2025-10-18,2025-10-18
CVE-2025-43763,0.000510000,0.156900000,0.7501155802126676,2025-10-18,2025-10-18
CVE-2025-43722,0.000160000,0.024420000,0.09662505779010633,2025-10-18,2025-10-18
CVE-2025-42912,0.000340000,0.089710000,0.444290337494221,2025-10-18,2025-10-18
CVE-2025-42911,0.000320000,0.083330000,0.37355524734165513,2025-10-18,2025-10-18
CVE-2025-41708,0.000360000,0.096590000,0.5388349514563107,2025-10-18,2025-10-18
CVE-2025-41682,0.000500000,0.154080000,0.7376329172445677,2025-10-18,2025-10-18
CVE-2025-41664,0.000930000,0.271130000,0.8772538141470181,2025-10-18,2025-10-18
CVE-2025-40930,0.000700000,0.217770000,0.8400369856680536,2025-10-18,2025-10-18
CVE-2025-40929,0.000600000,0.190900000,0.8042071197411004,2025-10-18,2025-10-18
CVE-2025-40928,0.001100000,0.301620000,0.893666204345816,2025-10-18,2025-10-18
CVE-2025-40642,0.004190000,0.610930000,0.9729542302357836,2025-10-18,2025-10-18
CVE-2025-40641,0.002110000,0.436690000,0.9403606102635229,2025-10-18,2025-10-18
CVE-2025-36855,0.000930000,0.269820000,0.8772538141470181,2025-10-18,2025-10-18
CVE-2025-36854,0.001240000,0.323340000,0.9029126213592233,2025-10-18,2025-10-18
CVE-2025-36853,0.000950000,0.274690000,0.8795654184003698,2025-10-18,2025-10-18
CVE-2025-3212,0.000560000,0.174980000,0.7859454461396209,2025-10-18,2025-10-18
CVE-2025-22956,0.000610000,0.193360000,0.8083680073971337,2025-10-18,2025-10-18
CVE-2025-1761,0.000540000,0.169600000,0.7706888580674989,2025-10-18,2025-10-18
CVE-2025-10121,0.000340000,0.089120000,0.444290337494221,2025-10-18,2025-10-18
CVE-2025-10120,0.000960000,0.276160000,0.8804900601017106,2025-10-18,2025-10-18
CVE-2025-10118,0.000440000,0.132040000,0.6747572815533981,2025-10-18,2025-10-18
CVE-2025-10117,0.000320000,0.080590000,0.37355524734165513,2025-10-18,2025-10-18
CVE-2025-10116,0.000540000,0.170120000,0.7706888580674989,2025-10-18,2025-10-18
CVE-2025-10115,0.000400000,0.118560000,0.6310679611650486,2025-10-18,2025-10-18
CVE-2025-10114,0.000310000,0.078930000,0.3603791030975497,2025-10-18,2025-10-18
CVE-2025-10113,0.000440000,0.132040000,0.6747572815533981,2025-10-18,2025-10-18
CVE-2025-10112,0.000140000,0.018340000,0.06634304207119741,2025-10-18,2025-10-18
CVE-2025-10111,0.000320000,0.083760000,0.37355524734165513,2025-10-18,2025-10-18
CVE-2025-10110,0.000310000,0.078470000,0.3603791030975497,2025-10-18,2025-10-18
CVE-2025-10109,0.000320000,0.083760000,0.37355524734165513,2025-10-18,2025-10-18
CVE-2025-10108,0.000320000,0.083760000,0.37355524734165513,2025-10-18,2025-10-18
CVE-2025-10106,0.000320000,0.083260000,0.37355524734165513,2025-10-18,2025-10-18
CVE-2025-10105,0.000320000,0.083260000,0.37355524734165513,2025-10-18,2025-10-18
CVE-2025-10104,0.000320000,0.083760000,0.37355524734165513,2025-10-18,2025-10-18
CVE-2025-10103,0.000320000,0.083760000,0.37355524734165513,2025-10-18,2025-10-18
CVE-2025-10102,0.000320000,0.083760000,0.37355524734165513,2025-10-18,2025-10-18
CVE-2025-10100,0.000320000,0.083760000,0.37355524734165513,2025-10-18,2025-10-18
CVE-2025-10099,0.000280000,0.066010000,0.29357374017568194,2025-10-18,2025-10-18
CVE-2025-10098,0.000320000,0.083260000,0.37355524734165513,2025-10-18,2025-10-18
CVE-2025-10097,0.000460000,0.137940000,0.6941747572815534,2025-10-18,2025-10-18
CVE-2025-10096,0.000550000,0.172890000,0.7792417938049006,2025-10-18,2025-10-18
CVE-2025-10093,0.000510000,0.157260000,0.7501155802126676,2025-10-18,2025-10-18
CVE-2025-10092,0.000440000,0.133400000,0.6747572815533981,2025-10-18,2025-10-18
CVE-2025-10091,0.000440000,0.133400000,0.6747572815533981,2025-10-18,2025-10-18
CVE-2025-10090,0.000380000,0.109570000,0.5917706888580675,2025-10-18,2025-10-18
CVE-2025-10088,0.000320000,0.080590000,0.37355524734165513,2025-10-18,2025-10-18
CVE-2025-10087,0.000300000,0.074480000,0.3333333333333333,2025-10-18,2025-10-18
CVE-2025-10086,0.000400000,0.119290000,0.6310679611650486,2025-10-18,2025-10-18
CVE-2025-10085,0.000490000,0.149280000,0.7304669440591771,2025-10-18,2025-10-18
CVE-2025-10084,0.000320000,0.082690000,0.37355524734165513,2025-10-18,2025-10-18
CVE-2025-10083,0.000550000,0.172540000,0.7792417938049006,2025-10-18,2025-10-18
CVE-2025-10082,0.000320000,0.083760000,0.37355524734165513,2025-10-18,2025-10-18
CVE-2025-10081,0.000450000,0.135280000,0.6874711049468331,2025-10-18,2025-10-18
CVE-2025-10080,0.000320000,0.082690000,0.37355524734165513,2025-10-18,2025-10-18
CVE-2024-48341,0.000190000,0.036520000,0.14586222838650023,2025-10-18,2025-10-18
CVE-2022-50238,0.000570000,0.179640000,0.789875173370319,2025-10-18,2025-10-18
CVE-2019-25225,0.000330000,0.085050000,0.4172445677300046,2025-10-18,2025-10-18
CVE-2014-125128,0.000330000,0.085050000,0.4172445677300046,2025-10-18,2025-10-18
CVE-2025-9994,0.000690000,0.215860000,0.8381877022653722,2025-10-18,2025-10-18
CVE-2025-9951,0.003440000,0.564030000,0.9611650485436893,2025-10-18,2025-10-18
CVE-2025-9872,0.002400000,0.472400000,0.9470642625982432,2025-10-18,2025-10-18
CVE-2025-9712,0.002070000,0.431330000,0.9394359685621821,2025-10-18,2025-10-18
CVE-2025-9542,0.000390000,0.111350000,0.602635228848821,2025-10-18,2025-10-18
CVE-2025-9539,0.001850000,0.405290000,0.9311141932501156,2025-10-18,2025-10-18
CVE-2025-9489,0.000720000,0.225400000,0.841886269070735,2025-10-18,2025-10-18
CVE-2025-9364,0.000110000,0.009360000,0.042071197411003236,2025-10-18,2025-10-18
CVE-2025-9166,0.000630000,0.197960000,0.8146093388811836,2025-10-18,2025-10-18
CVE-2025-9161,0.003850000,0.589970000,0.9687933425797504,2025-10-18,2025-10-18
CVE-2025-9160,0.000270000,0.061560000,0.2875635691169672,2025-10-18,2025-10-18
CVE-2025-9111,0.000320000,0.083450000,0.37355524734165513,2025-10-18,2025-10-18
CVE-2025-9065,0.000550000,0.173860000,0.7792417938049006,2025-10-18,2025-10-18
CVE-2025-9061,0.000300000,0.076150000,0.3333333333333333,2025-10-18,2025-10-18
CVE-2025-9058,0.000300000,0.076150000,0.3333333333333333,2025-10-18,2025-10-18
CVE-2025-8889,0.000390000,0.114980000,0.602635228848821,2025-10-18,2025-10-18
CVE-2025-8712,0.002020000,0.425010000,0.9375866851595007,2025-10-18,2025-10-18
CVE-2025-8711,0.000630000,0.198540000,0.8146093388811836,2025-10-18,2025-10-18
CVE-2025-8277,0.000500000,0.152170000,0.7376329172445677,2025-10-18,2025-10-18
CVE-2025-8008,0.000450000,0.134920000,0.6874711049468331,2025-10-18,2025-10-18
CVE-2025-8007,0.000850000,0.256070000,0.8682385575589459,2025-10-18,2025-10-18
CVE-2025-7970,0.000470000,0.144430000,0.7008784096162737,2025-10-18,2025-10-18
CVE-2025-7350,0.004890000,0.646020000,0.9759593157651411,2025-10-18,2025-10-18
CVE-2025-59019,0.000370000,0.105320000,0.5624133148404993,2025-10-18,2025-10-18
CVE-2025-59018,0.000420000,0.123400000,0.6539528432732317,2025-10-18,2025-10-18
CVE-2025-59017,0.000530000,0.165130000,0.7600554785020804,2025-10-18,2025-10-18
CVE-2025-59016,0.000370000,0.105320000,0.5624133148404993,2025-10-18,2025-10-18
CVE-2025-59015,0.000410000,0.123190000,0.6444752658344891,2025-10-18,2025-10-18
CVE-2025-59014,0.000540000,0.167890000,0.7706888580674989,2025-10-18,2025-10-18
CVE-2025-59013,0.000330000,0.086680000,0.4172445677300046,2025-10-18,2025-10-18
CVE-2025-55148,0.005090000,0.654280000,0.9771151178918169,2025-10-18,2025-10-18
CVE-2025-55147,0.001250000,0.324690000,0.9040684234858992,2025-10-18,2025-10-18
CVE-2025-55146,0.003700000,0.580960000,0.9664817383263985,2025-10-18,2025-10-18
CVE-2025-55145,0.003650000,0.577680000,0.965788257050393,2025-10-18,2025-10-18
CVE-2025-55144,0.004460000,0.626200000,0.9741100323624595,2025-10-18,2025-10-18
CVE-2025-55143,0.000540000,0.170730000,0.7706888580674989,2025-10-18,2025-10-18
CVE-2025-55142,0.005110000,0.655310000,0.9773462783171522,2025-10-18,2025-10-18
CVE-2025-55141,0.005110000,0.655310000,0.9773462783171522,2025-10-18,2025-10-18
CVE-2025-55139,0.002360000,0.464620000,0.9461396208969024,2025-10-18,2025-10-18
CVE-2025-54236,0.003630000,0.576300000,0.9644012944983819,2025-10-18,2025-10-18
CVE-2025-53609,0.000790000,0.242090000,0.8564493758668515,2025-10-18,2025-10-18
CVE-2025-52915,0.000480000,0.147140000,0.7244567730004623,2025-10-18,2025-10-18
CVE-2025-52322,0.001560000,0.370110000,0.9184003698566805,2025-10-18,2025-10-18
CVE-2025-52277,0.000610000,0.192060000,0.8083680073971337,2025-10-18,2025-10-18
CVE-2025-48208,0.000610000,0.192400000,0.8083680073971337,2025-10-18,2025-10-18
CVE-2025-47695,0.001470000,0.357280000,0.9144706426259824,2025-10-18,2025-10-18
CVE-2025-47694,0.000390000,0.115360000,0.602635228848821,2025-10-18,2025-10-18
CVE-2025-47579,0.000580000,0.183510000,0.794960702727693,2025-10-18,2025-10-18
CVE-2025-47571,0.001240000,0.323840000,0.9029126213592233,2025-10-18,2025-10-18
CVE-2025-47570,0.000390000,0.115360000,0.602635228848821,2025-10-18,2025-10-18
CVE-2025-47569,0.000430000,0.126750000,0.6604253351826167,2025-10-18,2025-10-18
CVE-2025-47437,0.000220000,0.045240000,0.1634304207119741,2025-10-18,2025-10-18
CVE-2025-47416,0.000900000,0.265560000,0.8744798890429958,2025-10-18,2025-10-18
CVE-2025-43778,0.002160000,0.442110000,0.941747572815534,2025-10-18,2025-10-18
CVE-2025-43777,0.000540000,0.168090000,0.7706888580674989,2025-10-18,2025-10-18
CVE-2025-43776,0.001940000,0.415700000,0.932963476652797,2025-10-18,2025-10-18
CVE-2025-42958,0.000990000,0.282620000,0.8848821081830791,2025-10-18,2025-10-18
CVE-2025-42944,0.000470000,0.143130000,0.7008784096162737,2025-10-18,2025-10-18
CVE-2025-42938,0.001160000,0.311360000,0.8975959315765141,2025-10-18,2025-10-18
CVE-2025-42933,0.000290000,0.073150000,0.3092926490984743,2025-10-18,2025-10-18
CVE-2025-42930,0.000760000,0.233340000,0.8506703652334721,2025-10-18,2025-10-18
CVE-2025-42929,0.000440000,0.133320000,0.6747572815533981,2025-10-18,2025-10-18
CVE-2025-42927,0.000160000,0.023540000,0.09662505779010633,2025-10-18,2025-10-18
CVE-2025-42926,0.000980000,0.280090000,0.8832639852057328,2025-10-18,2025-10-18
CVE-2025-42925,0.000350000,0.094410000,0.4919093851132686,2025-10-18,2025-10-18
CVE-2025-42923,0.000180000,0.034300000,0.13522884882108183,2025-10-18,2025-10-18
CVE-2025-42922,0.000610000,0.192440000,0.8083680073971337,2025-10-18,2025-10-18
CVE-2025-42920,0.001450000,0.355010000,0.9137771613499769,2025-10-18,2025-10-18
CVE-2025-42918,0.000320000,0.083330000,0.37355524734165513,2025-10-18,2025-10-18
CVE-2025-42917,0.000340000,0.089710000,0.444290337494221,2025-10-18,2025-10-18
CVE-2025-42916,0.000440000,0.133320000,0.6747572815533981,2025-10-18,2025-10-18
CVE-2025-42915,0.000320000,0.083330000,0.37355524734165513,2025-10-18,2025-10-18
CVE-2025-42914,0.000340000,0.089710000,0.444290337494221,2025-10-18,2025-10-18
CVE-2025-42913,0.000340000,0.089710000,0.444290337494221,2025-10-18,2025-10-18
CVE-2025-41701,0.000330000,0.084100000,0.4172445677300046,2025-10-18,2025-10-18
CVE-2025-40804,0.000520000,0.159200000,0.7565880721220527,2025-10-18,2025-10-18
CVE-2025-40803,0.000240000,0.049660000,0.19602404068423485,2025-10-18,2025-10-18
CVE-2025-40802,0.000230000,0.047780000,0.18007397133610725,2025-10-18,2025-10-18
CVE-2025-40798,0.001160000,0.311770000,0.8975959315765141,2025-10-18,2025-10-18
CVE-2025-40797,0.001160000,0.311770000,0.8975959315765141,2025-10-18,2025-10-18
CVE-2025-40796,0.001160000,0.311770000,0.8975959315765141,2025-10-18,2025-10-18
CVE-2025-40795,0.001680000,0.384670000,0.9220989366620435,2025-10-18,2025-10-18
CVE-2025-40757,0.000390000,0.114980000,0.602635228848821,2025-10-18,2025-10-18
CVE-2025-40594,0.000150000,0.021650000,0.0811373092926491,2025-10-18,2025-10-18
CVE-2025-39553,0.000220000,0.045240000,0.1634304207119741,2025-10-18,2025-10-18
CVE-2025-39541,0.000250000,0.054170000,0.23439667128987518,2025-10-18,2025-10-18
CVE-2025-39523,0.000190000,0.035190000,0.14586222838650023,2025-10-18,2025-10-18
CVE-2025-33045,0.000170000,0.029860000,0.11488673139158576,2025-10-18,2025-10-18
CVE-2025-32689,0.000550000,0.171460000,0.7792417938049006,2025-10-18,2025-10-18
CVE-2025-32688,0.000220000,0.045240000,0.1634304207119741,2025-10-18,2025-10-18
CVE-2025-32486,0.000400000,0.119630000,0.6310679611650486,2025-10-18,2025-10-18
CVE-2025-30875,0.000170000,0.027760000,0.11488673139158576,2025-10-18,2025-10-18
CVE-2025-24404,0.000700000,0.220280000,0.8400369856680536,2025-10-18,2025-10-18
CVE-2025-10183,0.000790000,0.243100000,0.8564493758668515,2025-10-18,2025-10-18
CVE-2025-10134,0.003680000,0.580050000,0.9660194174757282,2025-10-18,2025-10-18
CVE-2025-10123,0.003530000,0.570300000,0.9641701340730467,2025-10-18,2025-10-18
CVE-2025-10122,0.000320000,0.083620000,0.37355524734165513,2025-10-18,2025-10-18
CVE-2025-10107,0.003160000,0.541450000,0.957004160887656,2025-10-18,2025-10-18
CVE-2025-10095,0.000370000,0.105940000,0.5624133148404993,2025-10-18,2025-10-18
CVE-2024-45325,0.000230000,0.046430000,0.18007397133610725,2025-10-18,2025-10-18
CVE-2025-57061,0.000530000,0.163430000,0.7600554785020804,2025-10-18,2025-10-18
CVE-2025-57059,0.000530000,0.163430000,0.7600554785020804,2025-10-18,2025-10-18
CVE-2025-57058,0.000530000,0.163430000,0.7600554785020804,2025-10-18,2025-10-18
CVE-2025-57057,0.000530000,0.163430000,0.7600554785020804,2025-10-18,2025-10-18
CVE-2025-55317,0.000640000,0.200510000,0.8206195099398983,2025-10-18,2025-10-18
CVE-2025-55316,0.001140000,0.308470000,0.8964401294498382,2025-10-18,2025-10-18
CVE-2025-55245,0.000640000,0.200510000,0.8206195099398983,2025-10-18,2025-10-18
CVE-2025-55243,0.001050000,0.291960000,0.8890429958391124,2025-10-18,2025-10-18
CVE-2025-55236,0.001150000,0.309850000,0.8969024503005085,2025-10-18,2025-10-18
CVE-2025-55234,0.006690000,0.704710000,0.982200647249191,2025-10-18,2025-10-18
CVE-2025-55232,0.003940000,0.595520000,0.9706426259824318,2025-10-18,2025-10-18
CVE-2025-55228,0.000470000,0.142150000,0.7008784096162737,2025-10-18,2025-10-18
CVE-2025-55227,0.000980000,0.278590000,0.8832639852057328,2025-10-18,2025-10-18
CVE-2025-55226,0.000460000,0.138350000,0.6941747572815534,2025-10-18,2025-10-18
CVE-2025-55225,0.000640000,0.203340000,0.8206195099398983,2025-10-18,2025-10-18
CVE-2025-55224,0.000470000,0.142150000,0.7008784096162737,2025-10-18,2025-10-18
CVE-2025-55223,0.000470000,0.142150000,0.7008784096162737,2025-10-18,2025-10-18
CVE-2025-54919,0.000460000,0.138350000,0.6941747572815534,2025-10-18,2025-10-18
CVE-2025-54918,0.001490000,0.360730000,0.9156264447526583,2025-10-18,2025-10-18
CVE-2025-54917,0.000750000,0.232780000,0.8495145631067961,2025-10-18,2025-10-18
CVE-2025-54916,0.000760000,0.235330000,0.8506703652334721,2025-10-18,2025-10-18
CVE-2025-54915,0.001850000,0.405470000,0.9311141932501156,2025-10-18,2025-10-18
CVE-2025-54913,0.000470000,0.142150000,0.7008784096162737,2025-10-18,2025-10-18
CVE-2025-54912,0.000570000,0.177920000,0.789875173370319,2025-10-18,2025-10-18
CVE-2025-54911,0.000670000,0.211550000,0.8287101248266296,2025-10-18,2025-10-18
CVE-2025-54910,0.000630000,0.200170000,0.8146093388811836,2025-10-18,2025-10-18
CVE-2025-54908,0.000680000,0.214390000,0.8314840499306518,2025-10-18,2025-10-18
CVE-2025-54907,0.000680000,0.214390000,0.8314840499306518,2025-10-18,2025-10-18
CVE-2025-54906,0.000680000,0.214390000,0.8314840499306518,2025-10-18,2025-10-18
CVE-2025-54905,0.000610000,0.191570000,0.8083680073971337,2025-10-18,2025-10-18
CVE-2025-54904,0.000680000,0.214390000,0.8314840499306518,2025-10-18,2025-10-18
CVE-2025-54903,0.000680000,0.214390000,0.8314840499306518,2025-10-18,2025-10-18
CVE-2025-54902,0.000680000,0.214390000,0.8314840499306518,2025-10-18,2025-10-18
CVE-2025-54901,0.000510000,0.155490000,0.7501155802126676,2025-10-18,2025-10-18
CVE-2025-54900,0.000680000,0.214390000,0.8314840499306518,2025-10-18,2025-10-18
CVE-2025-54899,0.000680000,0.214390000,0.8314840499306518,2025-10-18,2025-10-18
CVE-2025-54898,0.000680000,0.214390000,0.8314840499306518,2025-10-18,2025-10-18
CVE-2025-54897,0.016290000,0.812140000,0.9909847434119279,2025-10-18,2025-10-18
CVE-2025-54896,0.000680000,0.214390000,0.8314840499306518,2025-10-18,2025-10-18
CVE-2025-54895,0.000640000,0.203660000,0.8206195099398983,2025-10-18,2025-10-18
CVE-2025-54894,0.000570000,0.177920000,0.789875173370319,2025-10-18,2025-10-18
CVE-2025-54709,0.001650000,0.380500000,0.920249653259362,2025-10-18,2025-10-18
CVE-2025-54261,0.012870000,0.789370000,0.9895977808599168,2025-10-18,2025-10-18
CVE-2025-54252,0.000450000,0.137160000,0.6874711049468331,2025-10-18,2025-10-18
CVE-2025-54251,0.127870000,0.936760000,0.9972260748959778,2025-10-18,2025-10-18
CVE-2025-54250,0.002440000,0.476030000,0.9479889042995839,2025-10-18,2025-10-18
CVE-2025-54249,0.099470000,0.926650000,0.9960702727693019,2025-10-18,2025-10-18
CVE-2025-54248,0.001100000,0.301660000,0.893666204345816,2025-10-18,2025-10-18
CVE-2025-54247,0.001080000,0.297720000,0.891123439667129,2025-10-18,2025-10-18
CVE-2025-54246,0.000500000,0.152500000,0.7376329172445677,2025-10-18,2025-10-18
CVE-2025-54116,0.000510000,0.156500000,0.7501155802126676,2025-10-18,2025-10-18
CVE-2025-54115,0.000470000,0.142150000,0.7008784096162737,2025-10-18,2025-10-18
CVE-2025-54114,0.000470000,0.142150000,0.7008784096162737,2025-10-18,2025-10-18
CVE-2025-54113,0.000720000,0.224950000,0.841886269070735,2025-10-18,2025-10-18
CVE-2025-54112,0.000520000,0.160600000,0.7565880721220527,2025-10-18,2025-10-18
CVE-2025-54111,0.000520000,0.160600000,0.7565880721220527,2025-10-18,2025-10-18
CVE-2025-54110,0.001050000,0.291710000,0.8890429958391124,2025-10-18,2025-10-18
CVE-2025-54109,0.001800000,0.399440000,0.9292649098474342,2025-10-18,2025-10-18
CVE-2025-54108,0.000470000,0.142150000,0.7008784096162737,2025-10-18,2025-10-18
CVE-2025-54107,0.000760000,0.233160000,0.8506703652334721,2025-10-18,2025-10-18
CVE-2025-54106,0.000790000,0.241700000,0.8564493758668515,2025-10-18,2025-10-18
CVE-2025-54105,0.000470000,0.142150000,0.7008784096162737,2025-10-18,2025-10-18
CVE-2025-54104,0.001800000,0.399440000,0.9292649098474342,2025-10-18,2025-10-18
CVE-2025-54103,0.000580000,0.183710000,0.794960702727693,2025-10-18,2025-10-18
CVE-2025-54102,0.000570000,0.177920000,0.789875173370319,2025-10-18,2025-10-18
CVE-2025-54101,0.001020000,0.287050000,0.8867313915857605,2025-10-18,2025-10-18
CVE-2025-54099,0.000520000,0.160600000,0.7565880721220527,2025-10-18,2025-10-18
CVE-2025-54098,0.000700000,0.218750000,0.8400369856680536,2025-10-18,2025-10-18
CVE-2025-54097,0.000640000,0.203340000,0.8206195099398983,2025-10-18,2025-10-18
CVE-2025-54096,0.000640000,0.203340000,0.8206195099398983,2025-10-18,2025-10-18
CVE-2025-54095,0.000640000,0.203340000,0.8206195099398983,2025-10-18,2025-10-18
CVE-2025-54094,0.001800000,0.399440000,0.9292649098474342,2025-10-18,2025-10-18
CVE-2025-54093,0.000470000,0.142150000,0.7008784096162737,2025-10-18,2025-10-18
CVE-2025-54092,0.000510000,0.157900000,0.7501155802126676,2025-10-18,2025-10-18
CVE-2025-54091,0.000780000,0.239280000,0.8555247341655109,2025-10-18,2025-10-18
CVE-2025-53810,0.001800000,0.399440000,0.9292649098474342,2025-10-18,2025-10-18
CVE-2025-53809,0.001990000,0.422680000,0.9357374017568192,2025-10-18,2025-10-18
CVE-2025-53808,0.001800000,0.399440000,0.9292649098474342,2025-10-18,2025-10-18
CVE-2025-53807,0.000470000,0.142150000,0.7008784096162737,2025-10-18,2025-10-18
CVE-2025-53806,0.000640000,0.203340000,0.8206195099398983,2025-10-18,2025-10-18
CVE-2025-53805,0.001170000,0.312070000,0.8992140545538604,2025-10-18,2025-10-18
CVE-2025-53804,0.000500000,0.154630000,0.7376329172445677,2025-10-18,2025-10-18
CVE-2025-53803,0.000500000,0.154630000,0.7376329172445677,2025-10-18,2025-10-18
CVE-2025-53802,0.000520000,0.160600000,0.7565880721220527,2025-10-18,2025-10-18
CVE-2025-53801,0.000570000,0.177920000,0.789875173370319,2025-10-18,2025-10-18
CVE-2025-53800,0.001410000,0.349520000,0.9112343966712899,2025-10-18,2025-10-18
CVE-2025-53799,0.000960000,0.274980000,0.8804900601017106,2025-10-18,2025-10-18
CVE-2025-53798,0.000640000,0.203340000,0.8206195099398983,2025-10-18,2025-10-18
CVE-2025-53797,0.000640000,0.203340000,0.8206195099398983,2025-10-18,2025-10-18
CVE-2025-53796,0.000640000,0.203340000,0.8206195099398983,2025-10-18,2025-10-18
CVE-2025-53348,0.000400000,0.118390000,0.6310679611650486,2025-10-18,2025-10-18
CVE-2025-53340,0.000400000,0.119500000,0.6310679611650486,2025-10-18,2025-10-18
CVE-2025-53303,0.000610000,0.193380000,0.8083680073971337,2025-10-18,2025-10-18
CVE-2025-53291,0.000460000,0.138040000,0.6941747572815534,2025-10-18,2025-10-18
CVE-2025-49860,0.000400000,0.119500000,0.6310679611650486,2025-10-18,2025-10-18
CVE-2025-49734,0.000480000,0.146100000,0.7244567730004623,2025-10-18,2025-10-18
CVE-2025-49692,0.000520000,0.161050000,0.7565880721220527,2025-10-18,2025-10-18
CVE-2025-49430,0.000380000,0.109620000,0.5917706888580675,2025-10-18,2025-10-18
CVE-2025-48101,0.000520000,0.160370000,0.7565880721220527,2025-10-18,2025-10-18
CVE-2025-47997,0.000880000,0.262250000,0.8714748035136385,2025-10-18,2025-10-18
CVE-2025-9269,0.000590000,0.184910000,0.7998150716597319,2025-10-18,2025-10-18
CVE-2025-7635,0.000280000,0.068130000,0.29357374017568194,2025-10-18,2025-10-18
CVE-2025-59008,0.000390000,0.114130000,0.602635228848821,2025-10-18,2025-10-18
CVE-2025-59005,0.000340000,0.089710000,0.444290337494221,2025-10-18,2025-10-18
CVE-2025-58997,0.000210000,0.041300000,0.1583448913546001,2025-10-18,2025-10-18
CVE-2025-58993,0.000390000,0.114130000,0.602635228848821,2025-10-18,2025-10-18
CVE-2025-58991,0.000170000,0.028710000,0.11488673139158576,2025-10-18,2025-10-18
CVE-2025-58990,0.000390000,0.113100000,0.602635228848821,2025-10-18,2025-10-18
CVE-2025-58989,0.000390000,0.113100000,0.602635228848821,2025-10-18,2025-10-18
CVE-2025-58988,0.000390000,0.113100000,0.602635228848821,2025-10-18,2025-10-18
CVE-2025-58987,0.000390000,0.113100000,0.602635228848821,2025-10-18,2025-10-18
CVE-2025-58985,0.000390000,0.113100000,0.602635228848821,2025-10-18,2025-10-18
CVE-2025-58984,0.000360000,0.098330000,0.5388349514563107,2025-10-18,2025-10-18
CVE-2025-58983,0.000360000,0.098330000,0.5388349514563107,2025-10-18,2025-10-18
CVE-2025-58982,0.000360000,0.098330000,0.5388349514563107,2025-10-18,2025-10-18
CVE-2025-58981,0.000320000,0.083330000,0.37355524734165513,2025-10-18,2025-10-18
CVE-2025-58980,0.000400000,0.119500000,0.6310679611650486,2025-10-18,2025-10-18
CVE-2025-58979,0.000400000,0.118390000,0.6310679611650486,2025-10-18,2025-10-18
CVE-2025-58978,0.000400000,0.119500000,0.6310679611650486,2025-10-18,2025-10-18
CVE-2025-58977,0.000320000,0.083330000,0.37355524734165513,2025-10-18,2025-10-18
CVE-2025-58976,0.000320000,0.083330000,0.37355524734165513,2025-10-18,2025-10-18
CVE-2025-58975,0.000170000,0.029740000,0.11488673139158576,2025-10-18,2025-10-18
CVE-2025-58762,0.003630000,0.576500000,0.9644012944983819,2025-10-18,2025-10-18
CVE-2025-58761,0.001000000,0.284340000,0.8853444290337494,2025-10-18,2025-10-18
CVE-2025-58760,0.001290000,0.332280000,0.9073046694405917,2025-10-18,2025-10-18
CVE-2025-58759,0.000980000,0.280560000,0.8832639852057328,2025-10-18,2025-10-18
CVE-2025-58758,0.000350000,0.095210000,0.4919093851132686,2025-10-18,2025-10-18
CVE-2025-58753,0.000400000,0.119420000,0.6310679611650486,2025-10-18,2025-10-18
CVE-2025-58442,0.000410000,0.122900000,0.6444752658344891,2025-10-18,2025-10-18
CVE-2025-58435,0.000500000,0.151950000,0.7376329172445677,2025-10-18,2025-10-18
CVE-2025-58430,0.000170000,0.028180000,0.11488673139158576,2025-10-18,2025-10-18
CVE-2025-58215,0.001650000,0.380500000,0.920249653259362,2025-10-18,2025-10-18
CVE-2025-58180,0.002010000,0.424180000,0.9373555247341655,2025-10-18,2025-10-18
CVE-2025-58063,0.000510000,0.157160000,0.7501155802126676,2025-10-18,2025-10-18
CVE-2025-57665,0.000370000,0.105320000,0.5624133148404993,2025-10-18,2025-10-18
CVE-2025-57540,0.000320000,0.083080000,0.37355524734165513,2025-10-18,2025-10-18
CVE-2025-57539,0.000320000,0.083080000,0.37355524734165513,2025-10-18,2025-10-18
CVE-2025-57538,0.000370000,0.103600000,0.5624133148404993,2025-10-18,2025-10-18
CVE-2025-57278,0.000660000,0.207650000,0.826629680998613,2025-10-18,2025-10-18
CVE-2025-57087,0.000530000,0.163430000,0.7600554785020804,2025-10-18,2025-10-18
CVE-2025-57086,0.000530000,0.163430000,0.7600554785020804,2025-10-18,2025-10-18
CVE-2025-57085,0.000540000,0.167280000,0.7706888580674989,2025-10-18,2025-10-18
CVE-2025-57078,0.000530000,0.163430000,0.7600554785020804,2025-10-18,2025-10-18
CVE-2025-57072,0.000530000,0.163430000,0.7600554785020804,2025-10-18,2025-10-18
CVE-2025-57071,0.000530000,0.163430000,0.7600554785020804,2025-10-18,2025-10-18
CVE-2025-57070,0.000530000,0.163430000,0.7600554785020804,2025-10-18,2025-10-18
CVE-2025-57069,0.000530000,0.163430000,0.7600554785020804,2025-10-18,2025-10-18
CVE-2025-57064,0.000530000,0.163430000,0.7600554785020804,2025-10-18,2025-10-18
CVE-2025-57063,0.000530000,0.163430000,0.7600554785020804,2025-10-18,2025-10-18
CVE-2025-57062,0.000530000,0.163430000,0.7600554785020804,2025-10-18,2025-10-18
CVE-2025-57060,0.000530000,0.163430000,0.7600554785020804,2025-10-18,2025-10-18
CVE-2025-55730,0.004030000,0.601030000,0.9713361072584373,2025-10-18,2025-10-18
CVE-2025-55729,0.004030000,0.601030000,0.9713361072584373,2025-10-18,2025-10-18
CVE-2025-55728,0.087130000,0.920710000,0.9958391123439667,2025-10-18,2025-10-18
CVE-2025-55727,0.082240000,0.917910000,0.9953767914932964,2025-10-18,2025-10-18
CVE-2025-55054,0.000340000,0.090840000,0.444290337494221,2025-10-18,2025-10-18
CVE-2025-55053,0.000170000,0.028040000,0.11488673139158576,2025-10-18,2025-10-18
CVE-2025-55052,0.000350000,0.094410000,0.4919093851132686,2025-10-18,2025-10-18
CVE-2025-55051,0.000590000,0.187390000,0.7998150716597319,2025-10-18,2025-10-18
CVE-2025-55050,0.000590000,0.187390000,0.7998150716597319,2025-10-18,2025-10-18
CVE-2025-55049,0.000430000,0.127590000,0.6604253351826167,2025-10-18,2025-10-18
CVE-2025-55048,0.000680000,0.214240000,0.8314840499306518,2025-10-18,2025-10-18
CVE-2025-55047,0.000180000,0.033200000,0.13522884882108183,2025-10-18,2025-10-18
CVE-2025-5500,0.000150000,0.021890000,0.0811373092926491,2025-10-18,2025-10-18
CVE-2025-54257,0.000390000,0.111540000,0.602635228848821,2025-10-18,2025-10-18
CVE-2025-54256,0.000140000,0.016210000,0.06634304207119741,2025-10-18,2025-10-18
CVE-2025-54255,0.000540000,0.167150000,0.7706888580674989,2025-10-18,2025-10-18
CVE-2025-54242,0.000390000,0.111540000,0.602635228848821,2025-10-18,2025-10-18
CVE-2025-54084,0.009070000,0.749770000,0.9856680536292187,2025-10-18,2025-10-18
CVE-2025-54083,0.000240000,0.051180000,0.19602404068423485,2025-10-18,2025-10-18
CVE-2025-53914,0.000230000,0.048060000,0.18007397133610725,2025-10-18,2025-10-18
CVE-2025-53913,0.000230000,0.048060000,0.18007397133610725,2025-10-18,2025-10-18
CVE-2025-5005,0.000440000,0.132950000,0.6747572815533981,2025-10-18,2025-10-18
CVE-2025-47415,0.000610000,0.191900000,0.8083680073971337,2025-10-18,2025-10-18
CVE-2025-44595,0.000340000,0.090840000,0.444290337494221,2025-10-18,2025-10-18
CVE-2025-44594,0.000430000,0.127590000,0.6604253351826167,2025-10-18,2025-10-18
CVE-2025-44593,0.000340000,0.090840000,0.444290337494221,2025-10-18,2025-10-18
CVE-2025-43786,0.000670000,0.211680000,0.8287101248266296,2025-10-18,2025-10-18
CVE-2025-43781,0.002180000,0.443750000,0.9426722145168747,2025-10-18,2025-10-18
CVE-2025-43775,0.001990000,0.422650000,0.9357374017568192,2025-10-18,2025-10-18
CVE-2025-43491,0.000280000,0.067650000,0.29357374017568194,2025-10-18,2025-10-18
CVE-2025-36125,0.000330000,0.086940000,0.4172445677300046,2025-10-18,2025-10-18
CVE-2025-36011,0.000130000,0.015070000,0.05108645399907536,2025-10-18,2025-10-18
CVE-2025-34178,0.000170000,0.030090000,0.11488673139158576,2025-10-18,2025-10-18
CVE-2025-34177,0.000170000,0.030090000,0.11488673139158576,2025-10-18,2025-10-18
CVE-2025-34176,0.000290000,0.070760000,0.3092926490984743,2025-10-18,2025-10-18
CVE-2025-34175,0.000220000,0.044300000,0.1634304207119741,2025-10-18,2025-10-18
CVE-2025-34174,0.000170000,0.030090000,0.11488673139158576,2025-10-18,2025-10-18
CVE-2025-34173,0.003700000,0.581180000,0.9664817383263985,2025-10-18,2025-10-18
CVE-2025-34172,0.000220000,0.043370000,0.1634304207119741,2025-10-18,2025-10-18
CVE-2025-29089,0.000600000,0.190300000,0.8042071197411004,2025-10-18,2025-10-18
CVE-2025-23344,0.000330000,0.083860000,0.4172445677300046,2025-10-18,2025-10-18
CVE-2025-23343,0.000660000,0.208090000,0.826629680998613,2025-10-18,2025-10-18
CVE-2025-23342,0.000410000,0.121460000,0.6444752658344891,2025-10-18,2025-10-18
CVE-2025-10199,0.000170000,0.028090000,0.11488673139158576,2025-10-18,2025-10-18
CVE-2025-10198,0.000140000,0.018620000,0.06634304207119741,2025-10-18,2025-10-18
CVE-2025-10170,0.000530000,0.165110000,0.7600554785020804,2025-10-18,2025-10-18
CVE-2025-10169,0.000530000,0.165110000,0.7600554785020804,2025-10-18,2025-10-18
CVE-2025-10164,0.000440000,0.131640000,0.6747572815533981,2025-10-18,2025-10-18
CVE-2025-10159,0.001380000,0.344320000,0.9100785945446139,2025-10-18,2025-10-18
CVE-2025-9997,0.002090000,0.434630000,0.9398982894128525,2025-10-18,2025-10-18
CVE-2025-9996,0.002060000,0.430950000,0.9387424872861766,2025-10-18,2025-10-18
CVE-2025-9979,0.000320000,0.082210000,0.37355524734165513,2025-10-18,2025-10-18
CVE-2025-9943,0.001240000,0.323690000,0.9029126213592233,2025-10-18,2025-10-18
CVE-2025-9888,0.000140000,0.018860000,0.06634304207119741,2025-10-18,2025-10-18
CVE-2025-9857,0.000370000,0.103980000,0.5624133148404993,2025-10-18,2025-10-18
CVE-2025-9622,0.000170000,0.029950000,0.11488673139158576,2025-10-18,2025-10-18
CVE-2025-9463,0.000330000,0.084980000,0.4172445677300046,2025-10-18,2025-10-18
CVE-2025-9367,0.000310000,0.077860000,0.3603791030975497,2025-10-18,2025-10-18
CVE-2025-8778,0.000340000,0.090190000,0.444290337494221,2025-10-18,2025-10-18
CVE-2025-8388,0.000370000,0.103980000,0.5624133148404993,2025-10-18,2025-10-18
CVE-2025-7843,0.000320000,0.083330000,0.37355524734165513,2025-10-18,2025-10-18
CVE-2025-7826,0.000330000,0.086740000,0.4172445677300046,2025-10-18,2025-10-18
CVE-2025-7746,0.000670000,0.211680000,0.8287101248266296,2025-10-18,2025-10-18
CVE-2025-7718,0.000500000,0.154080000,0.7376329172445677,2025-10-18,2025-10-18
CVE-2025-7049,0.000500000,0.154080000,0.7376329172445677,2025-10-18,2025-10-18
CVE-2025-6189,0.000310000,0.079780000,0.3603791030975497,2025-10-18,2025-10-18
CVE-2025-59046,0.003940000,0.595410000,0.9706426259824318,2025-10-18,2025-10-18
CVE-2025-59044,0.000140000,0.018630000,0.06634304207119741,2025-10-18,2025-10-18
CVE-2025-59042,0.000170000,0.028800000,0.11488673139158576,2025-10-18,2025-10-18
CVE-2025-59039,0.000630000,0.197960000,0.8146093388811836,2025-10-18,2025-10-18
CVE-2025-59038,0.000630000,0.197960000,0.8146093388811836,2025-10-18,2025-10-18
CVE-2025-59037,0.000590000,0.187640000,0.7998150716597319,2025-10-18,2025-10-18
CVE-2025-59036,0.000450000,0.137140000,0.6874711049468331,2025-10-18,2025-10-18
CVE-2025-58768,0.000560000,0.176020000,0.7859454461396209,2025-10-18,2025-10-18
CVE-2025-58765,0.000390000,0.113860000,0.602635228848821,2025-10-18,2025-10-18
CVE-2025-58764,0.001280000,0.330600000,0.9070735090152566,2025-10-18,2025-10-18
CVE-2025-58763,0.003480000,0.567010000,0.9623208506703652,2025-10-18,2025-10-18
CVE-2025-58750,0.000480000,0.145990000,0.7244567730004623,2025-10-18,2025-10-18
CVE-2025-58462,0.001070000,0.296810000,0.8906611188164586,2025-10-18,2025-10-18
CVE-2025-58448,0.000490000,0.149980000,0.7304669440591771,2025-10-18,2025-10-18
CVE-2025-58447,0.002790000,0.509440000,0.9523809523809523,2025-10-18,2025-10-18
CVE-2025-58135,0.000660000,0.206920000,0.826629680998613,2025-10-18,2025-10-18
CVE-2025-58134,0.000350000,0.092820000,0.4919093851132686,2025-10-18,2025-10-18
CVE-2025-58131,0.000130000,0.015250000,0.05108645399907536,2025-10-18,2025-10-18
CVE-2025-57633,0.006050000,0.686730000,0.9803513638465094,2025-10-18,2025-10-18
CVE-2025-57573,0.000530000,0.165280000,0.7600554785020804,2025-10-18,2025-10-18
CVE-2025-57572,0.000530000,0.165280000,0.7600554785020804,2025-10-18,2025-10-18
CVE-2025-57571,0.000530000,0.165280000,0.7600554785020804,2025-10-18,2025-10-18
CVE-2025-57570,0.000530000,0.165280000,0.7600554785020804,2025-10-18,2025-10-18
CVE-2025-57569,0.000530000,0.165280000,0.7600554785020804,2025-10-18,2025-10-18
CVE-2025-56578,0.000570000,0.179810000,0.789875173370319,2025-10-18,2025-10-18
CVE-2025-56466,0.000450000,0.136460000,0.6874711049468331,2025-10-18,2025-10-18
CVE-2025-56413,0.003320000,0.555180000,0.9593157651410079,2025-10-18,2025-10-18
CVE-2025-56407,0.000360000,0.099470000,0.5388349514563107,2025-10-18,2025-10-18
CVE-2025-56406,0.001560000,0.369530000,0.9184003698566805,2025-10-18,2025-10-18
CVE-2025-56405,0.000400000,0.117430000,0.6310679611650486,2025-10-18,2025-10-18
CVE-2025-56404,0.000510000,0.158710000,0.7501155802126676,2025-10-18,2025-10-18
CVE-2025-54260,0.000290000,0.072250000,0.3092926490984743,2025-10-18,2025-10-18
CVE-2025-54259,0.000290000,0.072250000,0.3092926490984743,2025-10-18,2025-10-18
CVE-2025-54258,0.000390000,0.111540000,0.602635228848821,2025-10-18,2025-10-18
CVE-2025-54245,0.000370000,0.103510000,0.5624133148404993,2025-10-18,2025-10-18
CVE-2025-54244,0.000290000,0.072250000,0.3092926490984743,2025-10-18,2025-10-18
CVE-2025-54243,0.000370000,0.103510000,0.5624133148404993,2025-10-18,2025-10-18
CVE-2025-54241,0.000250000,0.055030000,0.23439667128987518,2025-10-18,2025-10-18
CVE-2025-54240,0.000250000,0.055030000,0.23439667128987518,2025-10-18,2025-10-18
CVE-2025-54239,0.000250000,0.055030000,0.23439667128987518,2025-10-18,2025-10-18
CVE-2025-49461,0.000720000,0.224580000,0.841886269070735,2025-10-18,2025-10-18
CVE-2025-49460,0.000600000,0.190290000,0.8042071197411004,2025-10-18,2025-10-18
CVE-2025-49459,0.000150000,0.022880000,0.0811373092926491,2025-10-18,2025-10-18
CVE-2025-49458,0.000550000,0.171190000,0.7792417938049006,2025-10-18,2025-10-18
CVE-2025-43938,0.000150000,0.020330000,0.0811373092926491,2025-10-18,2025-10-18
CVE-2025-43888,0.000200000,0.038510000,0.15372168284789645,2025-10-18,2025-10-18
CVE-2025-43887,0.000130000,0.013880000,0.05108645399907536,2025-10-18,2025-10-18
CVE-2025-43886,0.000220000,0.045020000,0.1634304207119741,2025-10-18,2025-10-18
CVE-2025-43885,0.000710000,0.222100000,0.8411927877947295,2025-10-18,2025-10-18
CVE-2025-43884,0.000330000,0.086930000,0.4172445677300046,2025-10-18,2025-10-18
CVE-2025-43725,0.000140000,0.016190000,0.06634304207119741,2025-10-18,2025-10-18
CVE-2025-41714,0.003470000,0.566290000,0.9618585298196949,2025-10-18,2025-10-18
CVE-2025-40979,0.000190000,0.036470000,0.14586222838650023,2025-10-18,2025-10-18
CVE-2025-40725,0.000670000,0.211680000,0.8287101248266296,2025-10-18,2025-10-18
CVE-2025-36759,0.000600000,0.190840000,0.8042071197411004,2025-10-18,2025-10-18
CVE-2025-36758,0.001170000,0.312060000,0.8992140545538604,2025-10-18,2025-10-18
CVE-2025-36757,0.000590000,0.184910000,0.7998150716597319,2025-10-18,2025-10-18
CVE-2025-36756,0.000500000,0.151950000,0.7376329172445677,2025-10-18,2025-10-18
CVE-2025-29592,0.001450000,0.354150000,0.9137771613499769,2025-10-18,2025-10-18
CVE-2025-20340,0.000460000,0.140470000,0.6941747572815534,2025-10-18,2025-10-18
CVE-2025-20248,0.000070000,0.004290000,0.019648636153490523,2025-10-18,2025-10-18
CVE-2025-20159,0.000320000,0.083390000,0.37355524734165513,2025-10-18,2025-10-18
CVE-2025-10231,0.000130000,0.014360000,0.05108645399907536,2025-10-18,2025-10-18
CVE-2025-10227,0.000060000,0.002380000,0.008552935737401757,2025-10-18,2025-10-18
CVE-2025-10226,0.003690000,0.580240000,0.9662505779010634,2025-10-18,2025-10-18
CVE-2025-10225,0.001510000,0.364220000,0.9167822468793343,2025-10-18,2025-10-18
CVE-2025-10224,0.001500000,0.362270000,0.9163199260286639,2025-10-18,2025-10-18
CVE-2025-10223,0.000430000,0.130280000,0.6604253351826167,2025-10-18,2025-10-18
CVE-2025-10222,0.000150000,0.021590000,0.0811373092926491,2025-10-18,2025-10-18
CVE-2025-10221,0.000150000,0.019390000,0.0811373092926491,2025-10-18,2025-10-18
CVE-2025-10220,0.001910000,0.412600000,0.9327323162274619,2025-10-18,2025-10-18
CVE-2025-10215,0.000180000,0.033740000,0.13522884882108183,2025-10-18,2025-10-18
CVE-2025-10214,0.000180000,0.033740000,0.13522884882108183,2025-10-18,2025-10-18
CVE-2025-10213,0.000180000,0.033740000,0.13522884882108183,2025-10-18,2025-10-18
CVE-2025-10197,0.000340000,0.089120000,0.444290337494221,2025-10-18,2025-10-18
CVE-2025-10195,0.000150000,0.021890000,0.0811373092926491,2025-10-18,2025-10-18
CVE-2025-10172,0.000530000,0.165110000,0.7600554785020804,2025-10-18,2025-10-18
CVE-2025-10171,0.000530000,0.165110000,0.7600554785020804,2025-10-18,2025-10-18
CVE-2025-10142,0.000340000,0.088810000,0.444290337494221,2025-10-18,2025-10-18
CVE-2025-10126,0.000370000,0.103980000,0.5624133148404993,2025-10-18,2025-10-18
CVE-2025-10049,0.003430000,0.563080000,0.960702727693019,2025-10-18,2025-10-18
CVE-2025-10040,0.000340000,0.091060000,0.444290337494221,2025-10-18,2025-10-18
CVE-2025-10001,0.003430000,0.563080000,0.960702727693019,2025-10-18,2025-10-18
CVE-2025-9918,0.003900000,0.593440000,0.9697179842810911,2025-10-18,2025-10-18
CVE-2025-9910,0.000400000,0.117570000,0.6310679611650486,2025-10-18,2025-10-18
CVE-2025-9874,0.001010000,0.285510000,0.8855755894590847,2025-10-18,2025-10-18
CVE-2025-9861,0.000370000,0.105460000,0.5624133148404993,2025-10-18,2025-10-18
CVE-2025-9860,0.000370000,0.105460000,0.5624133148404993,2025-10-18,2025-10-18
CVE-2025-9855,0.000370000,0.105460000,0.5624133148404993,2025-10-18,2025-10-18
CVE-2025-9850,0.000370000,0.105460000,0.5624133148404993,2025-10-18,2025-10-18
CVE-2025-9776,0.000310000,0.079780000,0.3603791030975497,2025-10-18,2025-10-18
CVE-2025-9714,0.000250000,0.054040000,0.23439667128987518,2025-10-18,2025-10-18
CVE-2025-9693,0.001310000,0.334450000,0.9082293111419325,2025-10-18,2025-10-18
CVE-2025-9635,0.000140000,0.016340000,0.06634304207119741,2025-10-18,2025-10-18
CVE-2025-9634,0.000150000,0.022070000,0.0811373092926491,2025-10-18,2025-10-18
CVE-2025-9633,0.000140000,0.018860000,0.06634304207119741,2025-10-18,2025-10-18
CVE-2025-9632,0.000140000,0.016340000,0.06634304207119741,2025-10-18,2025-10-18
CVE-2025-9631,0.000140000,0.016340000,0.06634304207119741,2025-10-18,2025-10-18
CVE-2025-9628,0.000140000,0.016340000,0.06634304207119741,2025-10-18,2025-10-18
CVE-2025-9627,0.000150000,0.022070000,0.0811373092926491,2025-10-18,2025-10-18
CVE-2025-9623,0.000140000,0.016340000,0.06634304207119741,2025-10-18,2025-10-18
CVE-2025-9620,0.000140000,0.016300000,0.06634304207119741,2025-10-18,2025-10-18
CVE-2025-9617,0.000180000,0.034390000,0.13522884882108183,2025-10-18,2025-10-18
CVE-2025-9451,0.000310000,0.079780000,0.3603791030975497,2025-10-18,2025-10-18
CVE-2025-9128,0.000370000,0.103980000,0.5624133148404993,2025-10-18,2025-10-18
CVE-2025-9123,0.000370000,0.105460000,0.5624133148404993,2025-10-18,2025-10-18
CVE-2025-9073,0.000920000,0.268800000,0.8760980120203421,2025-10-18,2025-10-18
CVE-2025-9059,0.000170000,0.028530000,0.11488673139158576,2025-10-18,2025-10-18
CVE-2025-9034,0.000310000,0.080030000,0.3603791030975497,2025-10-18,2025-10-18
CVE-2025-8721,0.000370000,0.103980000,0.5624133148404993,2025-10-18,2025-10-18
CVE-2025-8696,0.000680000,0.213480000,0.8314840499306518,2025-10-18,2025-10-18
CVE-2025-8692,0.000340000,0.088810000,0.444290337494221,2025-10-18,2025-10-18
CVE-2025-8691,0.000370000,0.103980000,0.5624133148404993,2025-10-18,2025-10-18
CVE-2025-8689,0.000370000,0.105460000,0.5624133148404993,2025-10-18,2025-10-18
CVE-2025-8686,0.000390000,0.114010000,0.602635228848821,2025-10-18,2025-10-18
CVE-2025-8681,0.000430000,0.126860000,0.6604253351826167,2025-10-18,2025-10-18
CVE-2025-8570,0.000530000,0.163310000,0.7600554785020804,2025-10-18,2025-10-18
CVE-2025-8492,0.000960000,0.275910000,0.8804900601017106,2025-10-18,2025-10-18
CVE-2025-8481,0.000150000,0.022070000,0.0811373092926491,2025-10-18,2025-10-18
CVE-2025-8479,0.000140000,0.018860000,0.06634304207119741,2025-10-18,2025-10-18
CVE-2025-8445,0.000370000,0.105460000,0.5624133148404993,2025-10-18,2025-10-18
CVE-2025-8425,0.000500000,0.154080000,0.7376329172445677,2025-10-18,2025-10-18
CVE-2025-8423,0.000490000,0.150040000,0.7304669440591771,2025-10-18,2025-10-18
CVE-2025-8422,0.000830000,0.252090000,0.864539990753583,2025-10-18,2025-10-18
CVE-2025-8417,0.002350000,0.464050000,0.9456773000462321,2025-10-18,2025-10-18
CVE-2025-8398,0.000370000,0.103980000,0.5624133148404993,2025-10-18,2025-10-18
CVE-2025-8392,0.000370000,0.103980000,0.5624133148404993,2025-10-18,2025-10-18
CVE-2025-8318,0.000370000,0.103980000,0.5624133148404993,2025-10-18,2025-10-18
CVE-2025-8316,0.000370000,0.103980000,0.5624133148404993,2025-10-18,2025-10-18
CVE-2025-8215,0.000370000,0.105460000,0.5624133148404993,2025-10-18,2025-10-18
CVE-2025-6088,0.000390000,0.111350000,0.602635228848821,2025-10-18,2025-10-18
CVE-2025-59052,0.000520000,0.159160000,0.7565880721220527,2025-10-18,2025-10-18
CVE-2025-59049,0.079010000,0.915980000,0.994914470642626,2025-10-18,2025-10-18
CVE-2025-59045,0.000580000,0.182490000,0.794960702727693,2025-10-18,2025-10-18
CVE-2025-59041,0.001120000,0.303750000,0.8957466481738326,2025-10-18,2025-10-18
CVE-2025-59035,0.000750000,0.232600000,0.8495145631067961,2025-10-18,2025-10-18
CVE-2025-59034,0.000500000,0.155050000,0.7376329172445677,2025-10-18,2025-10-18
CVE-2025-58321,0.003910000,0.593730000,0.9701803051317615,2025-10-18,2025-10-18
CVE-2025-58320,0.000590000,0.185510000,0.7998150716597319,2025-10-18,2025-10-18
CVE-2025-5801,0.000370000,0.103980000,0.5624133148404993,2025-10-18,2025-10-18
CVE-2025-57642,0.019620000,0.828320000,0.9916782246879334,2025-10-18,2025-10-18
CVE-2025-57520,0.000100000,0.008790000,0.0372168284789644,2025-10-18,2025-10-18
CVE-2025-57392,0.000190000,0.035230000,0.14586222838650023,2025-10-18,2025-10-18
CVE-2025-55976,0.000190000,0.037410000,0.14586222838650023,2025-10-18,2025-10-18
CVE-2025-54376,0.001240000,0.323410000,0.9029126213592233,2025-10-18,2025-10-18
CVE-2025-54123,0.298050000,0.963870000,0.9986130374479889,2025-10-18,2025-10-18
CVE-2025-50892,0.000140000,0.018610000,0.06634304207119741,2025-10-18,2025-10-18
CVE-2025-48041,0.000580000,0.182490000,0.794960702727693,2025-10-18,2025-10-18
CVE-2025-48040,0.000650000,0.204770000,0.8247803975959316,2025-10-18,2025-10-18
CVE-2025-48039,0.000580000,0.182490000,0.794960702727693,2025-10-18,2025-10-18
CVE-2025-48038,0.000580000,0.182490000,0.794960702727693,2025-10-18,2025-10-18
CVE-2025-43785,0.001990000,0.422650000,0.9357374017568192,2025-10-18,2025-10-18
CVE-2025-43784,0.000500000,0.151950000,0.7376329172445677,2025-10-18,2025-10-18
CVE-2025-43783,0.002180000,0.443750000,0.9426722145168747,2025-10-18,2025-10-18
CVE-2025-40695,0.000460000,0.138940000,0.6941747572815534,2025-10-18,2025-10-18
CVE-2025-40694,0.000460000,0.138940000,0.6941747572815534,2025-10-18,2025-10-18
CVE-2025-40693,0.000460000,0.138940000,0.6941747572815534,2025-10-18,2025-10-18
CVE-2025-40692,0.000440000,0.131280000,0.6747572815533981,2025-10-18,2025-10-18
CVE-2025-40691,0.000440000,0.131280000,0.6747572815533981,2025-10-18,2025-10-18
CVE-2025-40690,0.000440000,0.131280000,0.6747572815533981,2025-10-18,2025-10-18
CVE-2025-40689,0.000440000,0.131280000,0.6747572815533981,2025-10-18,2025-10-18
CVE-2025-40687,0.000440000,0.131280000,0.6747572815533981,2025-10-18,2025-10-18
CVE-2025-10250,0.000230000,0.047350000,0.18007397133610725,2025-10-18,2025-10-18
CVE-2025-10247,0.000430000,0.130150000,0.6604253351826167,2025-10-18,2025-10-18
CVE-2025-10246,0.000320000,0.080520000,0.37355524734165513,2025-10-18,2025-10-18
CVE-2025-10245,0.000510000,0.158720000,0.7501155802126676,2025-10-18,2025-10-18
CVE-2025-10236,0.000500000,0.154000000,0.7376329172445677,2025-10-18,2025-10-18
CVE-2025-10235,0.000280000,0.064290000,0.29357374017568194,2025-10-18,2025-10-18
CVE-2025-10234,0.000280000,0.064290000,0.29357374017568194,2025-10-18,2025-10-18
CVE-2025-10233,0.000920000,0.267900000,0.8760980120203421,2025-10-18,2025-10-18
CVE-2025-10232,0.000580000,0.183880000,0.794960702727693,2025-10-18,2025-10-18
CVE-2025-10229,0.000330000,0.086500000,0.4172445677300046,2025-10-18,2025-10-18
CVE-2025-10218,0.000330000,0.086900000,0.4172445677300046,2025-10-18,2025-10-18
CVE-2025-10216,0.000270000,0.062850000,0.2875635691169672,2025-10-18,2025-10-18
CVE-2025-10211,0.000400000,0.119070000,0.6310679611650486,2025-10-18,2025-10-18
CVE-2025-10210,0.000330000,0.086900000,0.4172445677300046,2025-10-18,2025-10-18
CVE-2025-10209,0.000470000,0.140880000,0.7008784096162737,2025-10-18,2025-10-18
CVE-2025-10201,0.000170000,0.030030000,0.11488673139158576,2025-10-18,2025-10-18
CVE-2025-10200,0.001190000,0.315930000,0.9006010171058715,2025-10-18,2025-10-18
CVE-2025-0763,0.000340000,0.089710000,0.444290337494221,2025-10-18,2025-10-18
CVE-2024-47120,0.000200000,0.038390000,0.15372168284789645,2025-10-18,2025-10-18
CVE-2024-45671,0.000180000,0.031630000,0.13522884882108183,2025-10-18,2025-10-18
CVE-2024-45669,0.001220000,0.320690000,0.9017568192325474,2025-10-18,2025-10-18
CVE-2025-9877,0.000370000,0.105460000,0.5624133148404993,2025-10-18,2025-10-18
CVE-2025-9807,0.000920000,0.268800000,0.8760980120203421,2025-10-18,2025-10-18
CVE-2025-9319,0.000260000,0.058160000,0.25358298659269535,2025-10-18,2025-10-18
CVE-2025-9214,0.000290000,0.072460000,0.3092926490984743,2025-10-18,2025-10-18
CVE-2025-9201,0.000170000,0.031040000,0.11488673139158576,2025-10-18,2025-10-18
CVE-2025-9018,0.000510000,0.158710000,0.7501155802126676,2025-10-18,2025-10-18
CVE-2025-8716,0.000540000,0.168090000,0.7706888580674989,2025-10-18,2025-10-18
CVE-2025-8557,0.000360000,0.096800000,0.5388349514563107,2025-10-18,2025-10-18
CVE-2025-8061,0.000170000,0.031040000,0.11488673139158576,2025-10-18,2025-10-18
CVE-2025-59055,0.001310000,0.334630000,0.9082293111419325,2025-10-18,2025-10-18
CVE-2025-59053,0.000510000,0.158430000,0.7501155802126676,2025-10-18,2025-10-18
CVE-2025-59047,0.000610000,0.191640000,0.8083680073971337,2025-10-18,2025-10-18
CVE-2025-58754,0.000280000,0.065420000,0.29357374017568194,2025-10-18,2025-10-18
CVE-2025-58364,0.000600000,0.188860000,0.8042071197411004,2025-10-18,2025-10-18
CVE-2025-58145,0.000550000,0.171060000,0.7792417938049006,2025-10-18,2025-10-18
CVE-2025-58144,0.000610000,0.191260000,0.8083680073971337,2025-10-18,2025-10-18
CVE-2025-58143,0.000580000,0.184250000,0.794960702727693,2025-10-18,2025-10-18
CVE-2025-58142,0.000650000,0.203880000,0.8247803975959316,2025-10-18,2025-10-18
CVE-2025-58065,0.000260000,0.058860000,0.25358298659269535,2025-10-18,2025-10-18
CVE-2025-58060,0.000240000,0.051960000,0.19602404068423485,2025-10-18,2025-10-18
CVE-2025-56556,0.000340000,0.087660000,0.444290337494221,2025-10-18,2025-10-18
CVE-2025-55319,0.000800000,0.244510000,0.8587609801202034,2025-10-18,2025-10-18
CVE-2025-43790,0.001740000,0.392050000,0.9257975034674064,2025-10-18,2025-10-18
CVE-2025-43789,0.000320000,0.082760000,0.37355524734165513,2025-10-18,2025-10-18
CVE-2025-43788,0.001740000,0.392050000,0.9257975034674064,2025-10-18,2025-10-18
CVE-2025-43782,0.001740000,0.392050000,0.9257975034674064,2025-10-18,2025-10-18
CVE-2025-40696,0.000460000,0.138940000,0.6941747572815534,2025-10-18,2025-10-18
CVE-2025-40300,0.000770000,0.238540000,0.8536754507628294,2025-10-18,2025-10-18
CVE-2025-39791,0.000240000,0.052740000,0.19602404068423485,2025-10-18,2025-10-18
CVE-2025-39790,0.000350000,0.093620000,0.4919093851132686,2025-10-18,2025-10-18
CVE-2025-39789,0.000260000,0.059780000,0.25358298659269535,2025-10-18,2025-10-18
CVE-2025-39788,0.000350000,0.093620000,0.4919093851132686,2025-10-18,2025-10-18
CVE-2025-39787,0.000350000,0.093620000,0.4919093851132686,2025-10-18,2025-10-18
CVE-2025-39786,0.000260000,0.059780000,0.25358298659269535,2025-10-18,2025-10-18
CVE-2025-39785,0.000260000,0.059780000,0.25358298659269535,2025-10-18,2025-10-18
CVE-2025-39784,0.000260000,0.059780000,0.25358298659269535,2025-10-18,2025-10-18
CVE-2025-39783,0.000350000,0.093620000,0.4919093851132686,2025-10-18,2025-10-18
CVE-2025-39782,0.000350000,0.093620000,0.4919093851132686,2025-10-18,2025-10-18
CVE-2025-39781,0.000250000,0.056180000,0.23439667128987518,2025-10-18,2025-10-18
CVE-2025-39780,0.000240000,0.051180000,0.19602404068423485,2025-10-18,2025-10-18
CVE-2025-39779,0.000240000,0.051180000,0.19602404068423485,2025-10-18,2025-10-18
CVE-2025-39777,0.000260000,0.059780000,0.25358298659269535,2025-10-18,2025-10-18
CVE-2025-39776,0.000350000,0.093620000,0.4919093851132686,2025-10-18,2025-10-18
CVE-2025-39775,0.000260000,0.059780000,0.25358298659269535,2025-10-18,2025-10-18
CVE-2025-39774,0.000260000,0.059780000,0.25358298659269535,2025-10-18,2025-10-18
CVE-2025-39773,0.000350000,0.093620000,0.4919093851132686,2025-10-18,2025-10-18
CVE-2025-39772,0.000350000,0.093620000,0.4919093851132686,2025-10-18,2025-10-18
CVE-2025-39771,0.000260000,0.059780000,0.25358298659269535,2025-10-18,2025-10-18
CVE-2025-39770,0.000260000,0.057630000,0.25358298659269535,2025-10-18,2025-10-18
CVE-2025-39769,0.000260000,0.059780000,0.25358298659269535,2025-10-18,2025-10-18
CVE-2025-39768,0.000260000,0.059780000,0.25358298659269535,2025-10-18,2025-10-18
CVE-2025-39767,0.000250000,0.056180000,0.23439667128987518,2025-10-18,2025-10-18
CVE-2025-39766,0.000350000,0.093620000,0.4919093851132686,2025-10-18,2025-10-18
CVE-2025-39765,0.000240000,0.051180000,0.19602404068423485,2025-10-18,2025-10-18
CVE-2025-39764,0.000260000,0.059780000,0.25358298659269535,2025-10-18,2025-10-18
CVE-2025-39763,0.000260000,0.057630000,0.25358298659269535,2025-10-18,2025-10-18
CVE-2025-39762,0.000240000,0.051180000,0.19602404068423485,2025-10-18,2025-10-18
CVE-2025-39761,0.000260000,0.057630000,0.25358298659269535,2025-10-18,2025-10-18
CVE-2025-39760,0.000700000,0.217490000,0.8400369856680536,2025-10-18,2025-10-18
CVE-2025-39759,0.000350000,0.093620000,0.4919093851132686,2025-10-18,2025-10-18
CVE-2025-39758,0.000260000,0.057630000,0.25358298659269535,2025-10-18,2025-10-18
CVE-2025-39757,0.000470000,0.142940000,0.7008784096162737,2025-10-18,2025-10-18
CVE-2025-39756,0.000820000,0.248850000,0.8626907073509015,2025-10-18,2025-10-18
CVE-2025-39754,0.000250000,0.056180000,0.23439667128987518,2025-10-18,2025-10-18
CVE-2025-39753,0.000260000,0.057630000,0.25358298659269535,2025-10-18,2025-10-18
CVE-2025-39752,0.000470000,0.142940000,0.7008784096162737,2025-10-18,2025-10-18
CVE-2025-39750,0.000260000,0.057630000,0.25358298659269535,2025-10-18,2025-10-18
CVE-2025-39749,0.000470000,0.142940000,0.7008784096162737,2025-10-18,2025-10-18
CVE-2025-39748,0.000250000,0.056180000,0.23439667128987518,2025-10-18,2025-10-18
CVE-2025-39747,0.000250000,0.056180000,0.23439667128987518,2025-10-18,2025-10-18
CVE-2025-39746,0.000250000,0.056180000,0.23439667128987518,2025-10-18,2025-10-18
CVE-2025-39745,0.000240000,0.051180000,0.19602404068423485,2025-10-18,2025-10-18
CVE-2025-39744,0.000260000,0.057630000,0.25358298659269535,2025-10-18,2025-10-18
CVE-2025-39743,0.000470000,0.142940000,0.7008784096162737,2025-10-18,2025-10-18
CVE-2025-39742,0.000470000,0.142940000,0.7008784096162737,2025-10-18,2025-10-18
CVE-2025-39741,0.000260000,0.059780000,0.25358298659269535,2025-10-18,2025-10-18
CVE-2025-39740,0.000260000,0.059780000,0.25358298659269535,2025-10-18,2025-10-18
CVE-2025-39739,0.000260000,0.057630000,0.25358298659269535,2025-10-18,2025-10-18
CVE-2025-39738,0.000350000,0.093620000,0.4919093851132686,2025-10-18,2025-10-18
CVE-2025-39737,0.000470000,0.142940000,0.7008784096162737,2025-10-18,2025-10-18
CVE-2025-39736,0.000470000,0.142940000,0.7008784096162737,2025-10-18,2025-10-18
CVE-2025-36222,0.000500000,0.154150000,0.7376329172445677,2025-10-18,2025-10-18
CVE-2025-27466,0.000650000,0.203880000,0.8247803975959316,2025-10-18,2025-10-18
CVE-2025-26499,0.000180000,0.033340000,0.13522884882108183,2025-10-18,2025-10-18
CVE-2025-10278,0.000430000,0.130150000,0.6604253351826167,2025-10-18,2025-10-18
CVE-2025-10277,0.000430000,0.130150000,0.6604253351826167,2025-10-18,2025-10-18
CVE-2025-10276,0.000430000,0.130150000,0.6604253351826167,2025-10-18,2025-10-18
CVE-2025-10275,0.000430000,0.130150000,0.6604253351826167,2025-10-18,2025-10-18
CVE-2025-10274,0.000300000,0.075530000,0.3333333333333333,2025-10-18,2025-10-18
CVE-2025-10273,0.001160000,0.310920000,0.8975959315765141,2025-10-18,2025-10-18
CVE-2025-10272,0.000300000,0.075530000,0.3333333333333333,2025-10-18,2025-10-18
CVE-2025-10271,0.000300000,0.075530000,0.3333333333333333,2025-10-18,2025-10-18
CVE-2025-10269,0.001010000,0.285510000,0.8855755894590847,2025-10-18,2025-10-18
CVE-2025-10255,0.000340000,0.088590000,0.444290337494221,2025-10-18,2025-10-18
CVE-2025-10254,0.000340000,0.088590000,0.444290337494221,2025-10-18,2025-10-18
CVE-2025-10253,0.000340000,0.088590000,0.444290337494221,2025-10-18,2025-10-18
CVE-2025-10252,0.000190000,0.036950000,0.14586222838650023,2025-10-18,2025-10-18
CVE-2025-10251,0.000310000,0.078470000,0.3603791030975497,2025-10-18,2025-10-18
CVE-2025-10193,0.000260000,0.057000000,0.25358298659269535,2025-10-18,2025-10-18
CVE-2025-10127,0.001190000,0.315040000,0.9006010171058715,2025-10-18,2025-10-18
CVE-2025-9881,0.000140000,0.016300000,0.06634304207119741,2025-10-18,2025-10-18
CVE-2025-9880,0.000140000,0.018840000,0.06634304207119741,2025-10-18,2025-10-18
CVE-2025-9879,0.000370000,0.105460000,0.5624133148404993,2025-10-18,2025-10-18
CVE-2025-9556,0.000790000,0.242620000,0.8564493758668515,2025-10-18,2025-10-18
CVE-2025-9086,0.000770000,0.236940000,0.8536754507628294,2025-10-18,2025-10-18
CVE-2025-8699,0.000440000,0.132290000,0.6747572815533981,2025-10-18,2025-10-18
CVE-2025-8575,0.006650000,0.703810000,0.9817383263985205,2025-10-18,2025-10-18
CVE-2025-8280,0.000390000,0.115360000,0.602635228848821,2025-10-18,2025-10-18
CVE-2025-7448,0.000310000,0.080030000,0.3603791030975497,2025-10-18,2025-10-18
CVE-2025-7337,0.000470000,0.141660000,0.7008784096162737,2025-10-18,2025-10-18
CVE-2025-6769,0.000160000,0.024360000,0.09662505779010633,2025-10-18,2025-10-18
CVE-2025-6638,0.000600000,0.190060000,0.8042071197411004,2025-10-18,2025-10-18
CVE-2025-6454,0.000200000,0.039000000,0.15372168284789645,2025-10-18,2025-10-18
CVE-2025-59139,0.000590000,0.184750000,0.7998150716597319,2025-10-18,2025-10-18
CVE-2025-59058,0.000410000,0.122310000,0.6444752658344891,2025-10-18,2025-10-18
CVE-2025-59054,0.000130000,0.015000000,0.05108645399907536,2025-10-18,2025-10-18
CVE-2025-58781,0.000230000,0.049160000,0.18007397133610725,2025-10-18,2025-10-18
CVE-2025-58434,0.116600000,0.933350000,0.9969949144706426,2025-10-18,2025-10-18
CVE-2025-57579,0.003800000,0.587790000,0.9676375404530745,2025-10-18,2025-10-18
CVE-2025-57578,0.001420000,0.350250000,0.9116967175219602,2025-10-18,2025-10-18
CVE-2025-57577,0.001650000,0.381200000,0.920249653259362,2025-10-18,2025-10-18
CVE-2025-56467,0.000370000,0.106160000,0.5624133148404993,2025-10-18,2025-10-18
CVE-2025-55996,0.000390000,0.115360000,0.602635228848821,2025-10-18,2025-10-18
CVE-2025-55835,0.003450000,0.564440000,0.9616273693943597,2025-10-18,2025-10-18
CVE-2025-52074,0.000320000,0.083450000,0.37355524734165513,2025-10-18,2025-10-18
CVE-2025-45587,0.000510000,0.158140000,0.7501155802126676,2025-10-18,2025-10-18
CVE-2025-45586,0.000390000,0.113730000,0.602635228848821,2025-10-18,2025-10-18
CVE-2025-45585,0.000340000,0.089010000,0.444290337494221,2025-10-18,2025-10-18
CVE-2025-45584,0.000490000,0.150360000,0.7304669440591771,2025-10-18,2025-10-18
CVE-2025-45583,0.000400000,0.119950000,0.6310679611650486,2025-10-18,2025-10-18
CVE-2025-43796,0.001890000,0.409990000,0.9320388349514563,2025-10-18,2025-10-18
CVE-2025-43795,0.001890000,0.410300000,0.9320388349514563,2025-10-18,2025-10-18
CVE-2025-43787,0.002110000,0.436690000,0.9403606102635229,2025-10-18,2025-10-18
CVE-2025-4235,0.000150000,0.020960000,0.0811373092926491,2025-10-18,2025-10-18
CVE-2025-4234,0.000180000,0.033660000,0.13522884882108183,2025-10-18,2025-10-18
CVE-2025-39798,0.000470000,0.142940000,0.7008784096162737,2025-10-18,2025-10-18
CVE-2025-39797,0.000450000,0.134620000,0.6874711049468331,2025-10-18,2025-10-18
CVE-2025-39796,0.000240000,0.051180000,0.19602404068423485,2025-10-18,2025-10-18
CVE-2025-39795,0.000350000,0.093620000,0.4919093851132686,2025-10-18,2025-10-18
CVE-2025-39794,0.000470000,0.142940000,0.7008784096162737,2025-10-18,2025-10-18
CVE-2025-39793,0.000240000,0.051180000,0.19602404068423485,2025-10-18,2025-10-18
CVE-2025-39792,0.000250000,0.056180000,0.23439667128987518,2025-10-18,2025-10-18
CVE-2025-3650,0.000310000,0.079540000,0.3603791030975497,2025-10-18,2025-10-18
CVE-2025-27240,0.000650000,0.204600000,0.8247803975959316,2025-10-18,2025-10-18
CVE-2025-27238,0.000290000,0.072610000,0.3092926490984743,2025-10-18,2025-10-18
CVE-2025-27234,0.001170000,0.312770000,0.8992140545538604,2025-10-18,2025-10-18
CVE-2025-27233,0.000300000,0.076480000,0.3333333333333333,2025-10-18,2025-10-18
CVE-2025-2256,0.000620000,0.195750000,0.8125288950531669,2025-10-18,2025-10-18
CVE-2025-21043,0.105710000,0.928970000,0.9967637540453075,2025-10-18,2025-10-18
CVE-2025-21042,0.002150000,0.441200000,0.9410540915395285,2025-10-18,2025-10-18
CVE-2025-1250,0.000470000,0.143090000,0.7008784096162737,2025-10-18,2025-10-18
CVE-2025-10389,0.000870000,0.259310000,0.8698566805362922,2025-10-18,2025-10-18
CVE-2025-10388,0.000340000,0.088590000,0.444290337494221,2025-10-18,2025-10-18
CVE-2025-10387,0.000340000,0.089120000,0.444290337494221,2025-10-18,2025-10-18
CVE-2025-10386,0.000360000,0.098520000,0.5388349514563107,2025-10-18,2025-10-18
CVE-2025-10385,0.000530000,0.165110000,0.7600554785020804,2025-10-18,2025-10-18
CVE-2025-10384,0.000270000,0.060710000,0.2875635691169672,2025-10-18,2025-10-18
CVE-2025-10374,0.000540000,0.170120000,0.7706888580674989,2025-10-18,2025-10-18
CVE-2025-10373,0.000310000,0.077050000,0.3603791030975497,2025-10-18,2025-10-18
CVE-2025-10372,0.000310000,0.077050000,0.3603791030975497,2025-10-18,2025-10-18
CVE-2025-10371,0.000580000,0.183040000,0.794960702727693,2025-10-18,2025-10-18
CVE-2025-10370,0.000320000,0.080590000,0.37355524734165513,2025-10-18,2025-10-18
CVE-2025-10369,0.000370000,0.105520000,0.5624133148404993,2025-10-18,2025-10-18
CVE-2025-10368,0.000320000,0.080590000,0.37355524734165513,2025-10-18,2025-10-18
CVE-2025-10367,0.000320000,0.080590000,0.37355524734165513,2025-10-18,2025-10-18
CVE-2025-10366,0.000330000,0.084730000,0.4172445677300046,2025-10-18,2025-10-18
CVE-2025-10365,0.001700000,0.388020000,0.9248728617660656,2025-10-18,2025-10-18
CVE-2025-10364,0.001830000,0.403290000,0.9306518723994452,2025-10-18,2025-10-18
CVE-2025-10359,0.003760000,0.584380000,0.9669440591770689,2025-10-18,2025-10-18
CVE-2025-10358,0.003760000,0.584380000,0.9669440591770689,2025-10-18,2025-10-18
CVE-2025-10340,0.000360000,0.098360000,0.5388349514563107,2025-10-18,2025-10-18
CVE-2025-10332,0.000270000,0.061470000,0.2875635691169672,2025-10-18,2025-10-18
CVE-2025-10331,0.000310000,0.077050000,0.3603791030975497,2025-10-18,2025-10-18
CVE-2025-10330,0.000310000,0.078510000,0.3603791030975497,2025-10-18,2025-10-18
CVE-2025-10329,0.000590000,0.187620000,0.7998150716597319,2025-10-18,2025-10-18
CVE-2025-10328,0.004760000,0.640030000,0.9750346740638003,2025-10-18,2025-10-18
CVE-2025-10327,0.004760000,0.640030000,0.9750346740638003,2025-10-18,2025-10-18
CVE-2025-10326,0.006450000,0.698160000,0.9812760055478502,2025-10-18,2025-10-18
CVE-2025-10325,0.004350000,0.620900000,0.973416551086454,2025-10-18,2025-10-18
CVE-2025-10324,0.002770000,0.507880000,0.9516874711049468,2025-10-18,2025-10-18
CVE-2025-10323,0.002770000,0.507880000,0.9516874711049468,2025-10-18,2025-10-18
CVE-2025-10322,0.001090000,0.298980000,0.8922792417938049,2025-10-18,2025-10-18
CVE-2025-10321,0.000350000,0.095170000,0.4919093851132686,2025-10-18,2025-10-18
CVE-2025-10320,0.000320000,0.082980000,0.37355524734165513,2025-10-18,2025-10-18
CVE-2025-10319,0.000340000,0.091540000,0.444290337494221,2025-10-18,2025-10-18
CVE-2025-10318,0.000490000,0.149280000,0.7304669440591771,2025-10-18,2025-10-18
CVE-2025-10291,0.000430000,0.130150000,0.6604253351826167,2025-10-18,2025-10-18
CVE-2025-10288,0.000810000,0.246460000,0.8613037447988904,2025-10-18,2025-10-18
CVE-2025-10287,0.000320000,0.082690000,0.37355524734165513,2025-10-18,2025-10-18
CVE-2025-10267,0.001140000,0.308050000,0.8964401294498382,2025-10-18,2025-10-18
CVE-2025-10266,0.001160000,0.311000000,0.8975959315765141,2025-10-18,2025-10-18
CVE-2025-10265,0.003630000,0.576660000,0.9644012944983819,2025-10-18,2025-10-18
CVE-2025-10264,0.000610000,0.193360000,0.8083680073971337,2025-10-18,2025-10-18
CVE-2025-10176,0.007920000,0.731130000,0.9835876098012021,2025-10-18,2025-10-18
CVE-2025-10148,0.000360000,0.097420000,0.5388349514563107,2025-10-18,2025-10-18
CVE-2025-10094,0.000340000,0.089240000,0.444290337494221,2025-10-18,2025-10-18
CVE-2024-45434,0.006110000,0.688820000,0.9808136846971799,2025-10-18,2025-10-18
CVE-2024-45433,0.000370000,0.105860000,0.5624133148404993,2025-10-18,2025-10-18
CVE-2024-45432,0.000430000,0.127190000,0.6604253351826167,2025-10-18,2025-10-18
CVE-2024-45431,0.000680000,0.212380000,0.8314840499306518,2025-10-18,2025-10-18
CVE-2025-9826,0.000400000,0.117550000,0.6310679611650486,2025-10-18,2025-10-18
CVE-2025-9084,0.000330000,0.086680000,0.4172445677300046,2025-10-18,2025-10-18
CVE-2025-9078,0.000160000,0.024030000,0.09662505779010633,2025-10-18,2025-10-18
CVE-2025-9076,0.000350000,0.094320000,0.4919093851132686,2025-10-18,2025-10-18
CVE-2025-9072,0.000330000,0.086700000,0.4172445677300046,2025-10-18,2025-10-18
CVE-2025-6051,0.000600000,0.190060000,0.8042071197411004,2025-10-18,2025-10-18
CVE-2025-59378,0.000170000,0.028930000,0.11488673139158576,2025-10-18,2025-10-18
CVE-2025-59375,0.000750000,0.231780000,0.8495145631067961,2025-10-18,2025-10-18
CVE-2025-59364,0.000170000,0.029140000,0.11488673139158576,2025-10-18,2025-10-18
CVE-2025-59363,0.000390000,0.115540000,0.602635228848821,2025-10-18,2025-10-18
CVE-2025-59361,0.005050000,0.653070000,0.9766527970411466,2025-10-18,2025-10-18
CVE-2025-59360,0.005050000,0.653070000,0.9766527970411466,2025-10-18,2025-10-18
CVE-2025-59359,0.006900000,0.709250000,0.9826629680998613,2025-10-18,2025-10-18
CVE-2025-59358,0.001490000,0.360530000,0.9156264447526583,2025-10-18,2025-10-18
CVE-2025-43794,0.001990000,0.422650000,0.9357374017568192,2025-10-18,2025-10-18
CVE-2025-41713,0.001010000,0.285650000,0.8855755894590847,2025-10-18,2025-10-18
CVE-2025-39804,0.000260000,0.059780000,0.25358298659269535,2025-10-18,2025-10-18
CVE-2025-39803,0.000260000,0.059780000,0.25358298659269535,2025-10-18,2025-10-18
CVE-2025-39802,0.000260000,0.059780000,0.25358298659269535,2025-10-18,2025-10-18
CVE-2025-39801,0.000350000,0.093620000,0.4919093851132686,2025-10-18,2025-10-18
CVE-2025-39800,0.000260000,0.057630000,0.25358298659269535,2025-10-18,2025-10-18
CVE-2025-36035,0.000160000,0.025860000,0.09662505779010633,2025-10-18,2025-10-18
CVE-2025-3025,0.000150000,0.021860000,0.0811373092926491,2025-10-18,2025-10-18
CVE-2025-10453,0.000430000,0.126640000,0.6604253351826167,2025-10-18,2025-10-18
CVE-2025-10452,0.002170000,0.442730000,0.9424410540915396,2025-10-18,2025-10-18
CVE-2025-10446,0.000440000,0.132040000,0.6747572815533981,2025-10-18,2025-10-18
CVE-2025-10445,0.000440000,0.132040000,0.6747572815533981,2025-10-18,2025-10-18
CVE-2025-10444,0.000440000,0.132040000,0.6747572815533981,2025-10-18,2025-10-18
CVE-2025-10443,0.000960000,0.276160000,0.8804900601017106,2025-10-18,2025-10-18
CVE-2025-10442,0.006050000,0.686660000,0.9803513638465094,2025-10-18,2025-10-18
CVE-2025-10441,0.008880000,0.747080000,0.9852057327785483,2025-10-18,2025-10-18
CVE-2025-10440,0.008880000,0.747080000,0.9852057327785483,2025-10-18,2025-10-18
CVE-2025-10436,0.000290000,0.073120000,0.3092926490984743,2025-10-18,2025-10-18
CVE-2025-10435,0.000320000,0.083760000,0.37355524734165513,2025-10-18,2025-10-18
CVE-2025-10434,0.000330000,0.085930000,0.4172445677300046,2025-10-18,2025-10-18
CVE-2025-10433,0.000550000,0.174160000,0.7792417938049006,2025-10-18,2025-10-18
CVE-2025-10432,0.001680000,0.384810000,0.9220989366620435,2025-10-18,2025-10-18
CVE-2025-10431,0.000320000,0.083260000,0.37355524734165513,2025-10-18,2025-10-18
CVE-2025-10430,0.000470000,0.140840000,0.7008784096162737,2025-10-18,2025-10-18
CVE-2025-10429,0.000320000,0.083260000,0.37355524734165513,2025-10-18,2025-10-18
CVE-2025-10428,0.000490000,0.149280000,0.7304669440591771,2025-10-18,2025-10-18
CVE-2025-10427,0.000490000,0.149280000,0.7304669440591771,2025-10-18,2025-10-18
CVE-2025-10426,0.000320000,0.083760000,0.37355524734165513,2025-10-18,2025-10-18
CVE-2025-10425,0.000440000,0.131860000,0.6747572815533981,2025-10-18,2025-10-18
CVE-2025-10424,0.000440000,0.131860000,0.6747572815533981,2025-10-18,2025-10-18
CVE-2025-10423,0.000360000,0.097400000,0.5388349514563107,2025-10-18,2025-10-18
CVE-2025-10422,0.000400000,0.119040000,0.6310679611650486,2025-10-18,2025-10-18
CVE-2025-10421,0.000320000,0.083260000,0.37355524734165513,2025-10-18,2025-10-18
CVE-2025-10420,0.000320000,0.083260000,0.37355524734165513,2025-10-18,2025-10-18
CVE-2025-10419,0.000440000,0.131330000,0.6747572815533981,2025-10-18,2025-10-18
CVE-2025-10418,0.000440000,0.131330000,0.6747572815533981,2025-10-18,2025-10-18
CVE-2025-10417,0.000440000,0.132040000,0.6747572815533981,2025-10-18,2025-10-18
CVE-2025-10416,0.000320000,0.083760000,0.37355524734165513,2025-10-18,2025-10-18
CVE-2025-10415,0.000320000,0.083760000,0.37355524734165513,2025-10-18,2025-10-18
CVE-2025-10414,0.000320000,0.083760000,0.37355524734165513,2025-10-18,2025-10-18
CVE-2025-10413,0.000320000,0.083760000,0.37355524734165513,2025-10-18,2025-10-18
CVE-2025-10411,0.000310000,0.077000000,0.3603791030975497,2025-10-18,2025-10-18
CVE-2025-10410,0.000440000,0.131020000,0.6747572815533981,2025-10-18,2025-10-18
CVE-2025-10409,0.000320000,0.083260000,0.37355524734165513,2025-10-18,2025-10-18
CVE-2025-10408,0.000320000,0.083260000,0.37355524734165513,2025-10-18,2025-10-18
CVE-2025-10407,0.000320000,0.083260000,0.37355524734165513,2025-10-18,2025-10-18
CVE-2025-10405,0.000320000,0.083760000,0.37355524734165513,2025-10-18,2025-10-18
CVE-2025-10404,0.000290000,0.073120000,0.3092926490984743,2025-10-18,2025-10-18
CVE-2025-10403,0.000320000,0.083760000,0.37355524734165513,2025-10-18,2025-10-18
CVE-2025-10402,0.000320000,0.083760000,0.37355524734165513,2025-10-18,2025-10-18
CVE-2025-10401,0.001150000,0.309340000,0.8969024503005085,2025-10-18,2025-10-18
CVE-2025-10400,0.000320000,0.083260000,0.37355524734165513,2025-10-18,2025-10-18
CVE-2025-10399,0.000320000,0.080850000,0.37355524734165513,2025-10-18,2025-10-18
CVE-2025-10398,0.000420000,0.123260000,0.6539528432732317,2025-10-18,2025-10-18
CVE-2025-10397,0.000420000,0.123900000,0.6539528432732317,2025-10-18,2025-10-18
CVE-2025-10396,0.000320000,0.083760000,0.37355524734165513,2025-10-18,2025-10-18
CVE-2025-10395,0.000420000,0.123900000,0.6539528432732317,2025-10-18,2025-10-18
CVE-2025-10394,0.000460000,0.139990000,0.6941747572815534,2025-10-18,2025-10-18
CVE-2025-10393,0.000430000,0.130150000,0.6604253351826167,2025-10-18,2025-10-18
CVE-2025-10392,0.000590000,0.187160000,0.7998150716597319,2025-10-18,2025-10-18
CVE-2025-10391,0.000430000,0.127460000,0.6604253351826167,2025-10-18,2025-10-18
CVE-2025-10390,0.000870000,0.259310000,0.8698566805362922,2025-10-18,2025-10-18
CVE-2025-10204,0.000300000,0.076640000,0.3333333333333333,2025-10-18,2025-10-18
CVE-2025-0164,0.000130000,0.014670000,0.05108645399907536,2025-10-18,2025-10-18
CVE-2022-50256,0.000240000,0.051180000,0.19602404068423485,2025-10-18,2025-10-18
CVE-2022-50255,0.000250000,0.056180000,0.23439667128987518,2025-10-18,2025-10-18
CVE-2022-50254,0.000260000,0.059780000,0.25358298659269535,2025-10-18,2025-10-18
CVE-2022-50253,0.000350000,0.093620000,0.4919093851132686,2025-10-18,2025-10-18
CVE-2022-50252,0.000470000,0.142940000,0.7008784096162737,2025-10-18,2025-10-18
CVE-2022-50251,0.000470000,0.142940000,0.7008784096162737,2025-10-18,2025-10-18
CVE-2022-50250,0.000350000,0.093620000,0.4919093851132686,2025-10-18,2025-10-18
CVE-2022-50249,0.000470000,0.142940000,0.7008784096162737,2025-10-18,2025-10-18
CVE-2022-50248,0.000350000,0.093620000,0.4919093851132686,2025-10-18,2025-10-18
CVE-2022-50247,0.000250000,0.056180000,0.23439667128987518,2025-10-18,2025-10-18
CVE-2022-50246,0.000350000,0.093620000,0.4919093851132686,2025-10-18,2025-10-18
CVE-2022-50245,0.000470000,0.142940000,0.7008784096162737,2025-10-18,2025-10-18
CVE-2022-50244,0.000470000,0.142940000,0.7008784096162737,2025-10-18,2025-10-18
CVE-2022-50243,0.000350000,0.093620000,0.4919093851132686,2025-10-18,2025-10-18
CVE-2022-50242,0.000470000,0.142940000,0.7008784096162737,2025-10-18,2025-10-18
CVE-2022-50241,0.000260000,0.057630000,0.25358298659269535,2025-10-18,2025-10-18
CVE-2022-50240,0.000350000,0.093620000,0.4919093851132686,2025-10-18,2025-10-18
CVE-2022-50239,0.000250000,0.056180000,0.23439667128987518,2025-10-18,2025-10-18
CVE-2022-50236,0.000240000,0.051180000,0.19602404068423485,2025-10-18,2025-10-18
CVE-2022-50235,0.000260000,0.057630000,0.25358298659269535,2025-10-18,2025-10-18
CVE-2022-50234,0.000350000,0.093620000,0.4919093851132686,2025-10-18,2025-10-18
CVE-2025-59377,0.000510000,0.157820000,0.7501155802126676,2025-10-18,2025-10-18
CVE-2025-59376,0.000140000,0.016560000,0.06634304207119741,2025-10-18,2025-10-18
CVE-2025-56710,0.000090000,0.006360000,0.03374942209893666,2025-10-18,2025-10-18
CVE-2025-50944,0.000240000,0.052730000,0.19602404068423485,2025-10-18,2025-10-18
CVE-2025-50110,0.000190000,0.037520000,0.14586222838650023,2025-10-18,2025-10-18
CVE-2025-46408,0.000200000,0.038980000,0.15372168284789645,2025-10-18,2025-10-18
CVE-2025-10448,0.000320000,0.083760000,0.37355524734165513,2025-10-18,2025-10-18
CVE-2025-10447,0.000440000,0.131860000,0.6747572815533981,2025-10-18,2025-10-18
CVE-2023-53198,0.000240000,0.051180000,0.19602404068423485,2025-10-18,2025-10-18
CVE-2023-53197,0.000250000,0.056180000,0.23439667128987518,2025-10-18,2025-10-18
CVE-2023-53196,0.000350000,0.093620000,0.4919093851132686,2025-10-18,2025-10-18
CVE-2023-53195,0.000240000,0.051180000,0.19602404068423485,2025-10-18,2025-10-18
CVE-2023-53194,0.000250000,0.056180000,0.23439667128987518,2025-10-18,2025-10-18
CVE-2023-53193,0.000250000,0.056180000,0.23439667128987518,2025-10-18,2025-10-18
CVE-2023-53192,0.000260000,0.057630000,0.25358298659269535,2025-10-18,2025-10-18
CVE-2023-53191,0.000350000,0.093620000,0.4919093851132686,2025-10-18,2025-10-18
CVE-2023-53190,0.000240000,0.051180000,0.19602404068423485,2025-10-18,2025-10-18
CVE-2023-53189,0.000350000,0.093620000,0.4919093851132686,2025-10-18,2025-10-18
CVE-2023-53188,0.000350000,0.093620000,0.4919093851132686,2025-10-18,2025-10-18
CVE-2023-53187,0.000240000,0.051180000,0.19602404068423485,2025-10-18,2025-10-18
CVE-2023-53186,0.000250000,0.056180000,0.23439667128987518,2025-10-18,2025-10-18
CVE-2023-53185,0.000470000,0.142940000,0.7008784096162737,2025-10-18,2025-10-18
CVE-2023-53184,0.000240000,0.051180000,0.19602404068423485,2025-10-18,2025-10-18
CVE-2023-53183,0.000250000,0.056180000,0.23439667128987518,2025-10-18,2025-10-18
CVE-2023-53182,0.000350000,0.093620000,0.4919093851132686,2025-10-18,2025-10-18
CVE-2023-53181,0.000240000,0.051180000,0.19602404068423485,2025-10-18,2025-10-18
CVE-2023-53180,0.000260000,0.059780000,0.25358298659269535,2025-10-18,2025-10-18
CVE-2023-53179,0.000470000,0.142940000,0.7008784096162737,2025-10-18,2025-10-18
CVE-2023-53178,0.000240000,0.051180000,0.19602404068423485,2025-10-18,2025-10-18
CVE-2023-53177,0.000240000,0.051180000,0.19602404068423485,2025-10-18,2025-10-18
CVE-2023-53176,0.000350000,0.093620000,0.4919093851132686,2025-10-18,2025-10-18
CVE-2023-53175,0.000250000,0.056180000,0.23439667128987518,2025-10-18,2025-10-18
CVE-2023-53174,0.000350000,0.093620000,0.4919093851132686,2025-10-18,2025-10-18
CVE-2023-53173,0.000250000,0.056180000,0.23439667128987518,2025-10-18,2025-10-18
CVE-2023-53172,0.000260000,0.059780000,0.25358298659269535,2025-10-18,2025-10-18
CVE-2023-53171,0.000260000,0.057630000,0.25358298659269535,2025-10-18,2025-10-18
CVE-2023-53170,0.000260000,0.059780000,0.25358298659269535,2025-10-18,2025-10-18
CVE-2023-53169,0.000250000,0.056180000,0.23439667128987518,2025-10-18,2025-10-18
CVE-2023-53168,0.000240000,0.051180000,0.19602404068423485,2025-10-18,2025-10-18
CVE-2023-53167,0.000260000,0.060250000,0.25358298659269535,2025-10-18,2025-10-18
CVE-2023-53166,0.000240000,0.051180000,0.19602404068423485,2025-10-18,2025-10-18
CVE-2023-53165,0.000350000,0.093620000,0.4919093851132686,2025-10-18,2025-10-18
CVE-2023-53164,0.000350000,0.093620000,0.4919093851132686,2025-10-18,2025-10-18
CVE-2023-53163,0.000250000,0.056180000,0.23439667128987518,2025-10-18,2025-10-18
CVE-2023-53153,0.000350000,0.093620000,0.4919093851132686,2025-10-18,2025-10-18
CVE-2023-53152,0.000240000,0.051180000,0.19602404068423485,2025-10-18,2025-10-18
CVE-2023-53151,0.000350000,0.093620000,0.4919093851132686,2025-10-18,2025-10-18
CVE-2023-53150,0.000350000,0.093620000,0.4919093851132686,2025-10-18,2025-10-18
CVE-2023-53149,0.000350000,0.095760000,0.4919093851132686,2025-10-18,2025-10-18
CVE-2023-53148,0.000350000,0.093620000,0.4919093851132686,2025-10-18,2025-10-18
CVE-2023-53147,0.000350000,0.093620000,0.4919093851132686,2025-10-18,2025-10-18
CVE-2022-50306,0.000240000,0.051180000,0.19602404068423485,2025-10-18,2025-10-18
CVE-2022-50305,0.000240000,0.051180000,0.19602404068423485,2025-10-18,2025-10-18
CVE-2022-50304,0.000240000,0.051180000,0.19602404068423485,2025-10-18,2025-10-18
CVE-2022-50303,0.000240000,0.051180000,0.19602404068423485,2025-10-18,2025-10-18
CVE-2022-50302,0.000260000,0.057630000,0.25358298659269535,2025-10-18,2025-10-18
CVE-2022-50301,0.001110000,0.303160000,0.8952843273231623,2025-10-18,2025-10-18
CVE-2022-50300,0.000250000,0.056180000,0.23439667128987518,2025-10-18,2025-10-18
CVE-2022-50299,0.000350000,0.093620000,0.4919093851132686,2025-10-18,2025-10-18
CVE-2022-50298,0.000250000,0.056180000,0.23439667128987518,2025-10-18,2025-10-18
CVE-2022-50297,0.000470000,0.142940000,0.7008784096162737,2025-10-18,2025-10-18
CVE-2022-50296,0.000470000,0.142940000,0.7008784096162737,2025-10-18,2025-10-18
CVE-2022-50295,0.000260000,0.059780000,0.25358298659269535,2025-10-18,2025-10-18
CVE-2022-50294,0.000350000,0.093620000,0.4919093851132686,2025-10-18,2025-10-18
CVE-2022-50293,0.000250000,0.056180000,0.23439667128987518,2025-10-18,2025-10-18
CVE-2022-50292,0.000260000,0.059780000,0.25358298659269535,2025-10-18,2025-10-18
CVE-2022-50291,0.000350000,0.093620000,0.4919093851132686,2025-10-18,2025-10-18
CVE-2022-50289,0.000470000,0.142940000,0.7008784096162737,2025-10-18,2025-10-18
CVE-2022-50288,0.000350000,0.093620000,0.4919093851132686,2025-10-18,2025-10-18
CVE-2022-50287,0.000240000,0.051180000,0.19602404068423485,2025-10-18,2025-10-18
CVE-2022-50286,0.000350000,0.093620000,0.4919093851132686,2025-10-18,2025-10-18
CVE-2022-50285,0.000350000,0.093620000,0.4919093851132686,2025-10-18,2025-10-18
CVE-2022-50284,0.000240000,0.051180000,0.19602404068423485,2025-10-18,2025-10-18
CVE-2022-50283,0.000260000,0.059780000,0.25358298659269535,2025-10-18,2025-10-18
CVE-2022-50282,0.000470000,0.142940000,0.7008784096162737,2025-10-18,2025-10-18
CVE-2022-50281,0.000260000,0.057630000,0.25358298659269535,2025-10-18,2025-10-18
CVE-2022-50280,0.000470000,0.142940000,0.7008784096162737,2025-10-18,2025-10-18
CVE-2022-50279,0.000430000,0.129090000,0.6604253351826167,2025-10-18,2025-10-18
CVE-2022-50278,0.000470000,0.142940000,0.7008784096162737,2025-10-18,2025-10-18
CVE-2022-50277,0.000140000,0.016600000,0.06634304207119741,2025-10-18,2025-10-18
CVE-2022-50276,0.000470000,0.141050000,0.7008784096162737,2025-10-18,2025-10-18
CVE-2022-50275,0.000350000,0.093620000,0.4919093851132686,2025-10-18,2025-10-18
CVE-2022-50274,0.000350000,0.093620000,0.4919093851132686,2025-10-18,2025-10-18
CVE-2022-50273,0.000350000,0.093620000,0.4919093851132686,2025-10-18,2025-10-18
CVE-2022-50272,0.000470000,0.142940000,0.7008784096162737,2025-10-18,2025-10-18
CVE-2022-50271,0.000350000,0.093620000,0.4919093851132686,2025-10-18,2025-10-18
CVE-2022-50270,0.000240000,0.051180000,0.19602404068423485,2025-10-18,2025-10-18
CVE-2022-50269,0.000250000,0.056180000,0.23439667128987518,2025-10-18,2025-10-18
CVE-2022-50268,0.000470000,0.142940000,0.7008784096162737,2025-10-18,2025-10-18
CVE-2022-50267,0.000250000,0.056180000,0.23439667128987518,2025-10-18,2025-10-18
CVE-2022-50266,0.000240000,0.051180000,0.19602404068423485,2025-10-18,2025-10-18
CVE-2022-50265,0.000350000,0.093620000,0.4919093851132686,2025-10-18,2025-10-18
CVE-2022-50264,0.000350000,0.093620000,0.4919093851132686,2025-10-18,2025-10-18
CVE-2022-50263,0.000240000,0.051180000,0.19602404068423485,2025-10-18,2025-10-18
CVE-2022-50262,0.000380000,0.107960000,0.5917706888580675,2025-10-18,2025-10-18
CVE-2022-50261,0.000470000,0.142940000,0.7008784096162737,2025-10-18,2025-10-18
CVE-2022-50260,0.000350000,0.095760000,0.4919093851132686,2025-10-18,2025-10-18
CVE-2022-50259,0.000350000,0.093620000,0.4919093851132686,2025-10-18,2025-10-18
CVE-2022-50258,0.000350000,0.093620000,0.4919093851132686,2025-10-18,2025-10-18
CVE-2022-50257,0.000470000,0.142940000,0.7008784096162737,2025-10-18,2025-10-18
CVE-2025-8396,0.000570000,0.178400000,0.789875173370319,2025-10-18,2025-10-18
CVE-2025-6202,0.000180000,0.033660000,0.13522884882108183,2025-10-18,2025-10-18
CVE-2025-52053,0.524560000,0.977710000,0.9988441978733241,2025-10-18,2025-10-18
CVE-2025-36082,0.000140000,0.016380000,0.06634304207119741,2025-10-18,2025-10-18
CVE-2025-10491,0.000150000,0.022880000,0.0811373092926491,2025-10-18,2025-10-18
CVE-2025-10459,0.000320000,0.083760000,0.37355524734165513,2025-10-18,2025-10-18
CVE-2023-53262,0.000250000,0.056180000,0.23439667128987518,2025-10-18,2025-10-18
CVE-2023-53261,0.000390000,0.114790000,0.602635228848821,2025-10-18,2025-10-18
CVE-2023-53260,0.000240000,0.051180000,0.19602404068423485,2025-10-18,2025-10-18
CVE-2023-53259,0.000510000,0.155200000,0.7501155802126676,2025-10-18,2025-10-18
CVE-2023-53258,0.000240000,0.051180000,0.19602404068423485,2025-10-18,2025-10-18
CVE-2023-53257,0.000250000,0.056180000,0.23439667128987518,2025-10-18,2025-10-18
CVE-2023-53256,0.000250000,0.056180000,0.23439667128987518,2025-10-18,2025-10-18
CVE-2023-53255,0.000350000,0.093620000,0.4919093851132686,2025-10-18,2025-10-18
CVE-2023-53254,0.000240000,0.051180000,0.19602404068423485,2025-10-18,2025-10-18
CVE-2023-53253,0.000260000,0.059780000,0.25358298659269535,2025-10-18,2025-10-18
CVE-2023-53252,0.000240000,0.051180000,0.19602404068423485,2025-10-18,2025-10-18
CVE-2023-53251,0.000260000,0.057630000,0.25358298659269535,2025-10-18,2025-10-18
CVE-2023-53250,0.000250000,0.056180000,0.23439667128987518,2025-10-18,2025-10-18
CVE-2023-53249,0.000350000,0.093620000,0.4919093851132686,2025-10-18,2025-10-18
CVE-2023-53248,0.000240000,0.051180000,0.19602404068423485,2025-10-18,2025-10-18
CVE-2023-53247,0.000240000,0.051180000,0.19602404068423485,2025-10-18,2025-10-18
CVE-2023-53246,0.000350000,0.093620000,0.4919093851132686,2025-10-18,2025-10-18
CVE-2023-53245,0.000470000,0.141050000,0.7008784096162737,2025-10-18,2025-10-18
CVE-2023-53244,0.000250000,0.056180000,0.23439667128987518,2025-10-18,2025-10-18
CVE-2023-53243,0.000260000,0.057630000,0.25358298659269535,2025-10-18,2025-10-18
CVE-2023-53242,0.000350000,0.093620000,0.4919093851132686,2025-10-18,2025-10-18
CVE-2023-53241,0.000260000,0.057630000,0.25358298659269535,2025-10-18,2025-10-18
CVE-2023-53240,0.000240000,0.051180000,0.19602404068423485,2025-10-18,2025-10-18
CVE-2023-53239,0.000350000,0.093620000,0.4919093851132686,2025-10-18,2025-10-18
CVE-2023-53238,0.000350000,0.093620000,0.4919093851132686,2025-10-18,2025-10-18
CVE-2023-53237,0.000250000,0.056180000,0.23439667128987518,2025-10-18,2025-10-18
CVE-2023-53236,0.000260000,0.059780000,0.25358298659269535,2025-10-18,2025-10-18
CVE-2023-53235,0.000260000,0.059780000,0.25358298659269535,2025-10-18,2025-10-18
CVE-2023-53234,0.000470000,0.141050000,0.7008784096162737,2025-10-18,2025-10-18
CVE-2023-53233,0.000260000,0.057630000,0.25358298659269535,2025-10-18,2025-10-18
CVE-2023-53232,0.000250000,0.056180000,0.23439667128987518,2025-10-18,2025-10-18
CVE-2023-53231,0.000260000,0.059780000,0.25358298659269535,2025-10-18,2025-10-18
CVE-2023-53230,0.000250000,0.056180000,0.23439667128987518,2025-10-18,2025-10-18
CVE-2023-53229,0.000350000,0.093620000,0.4919093851132686,2025-10-18,2025-10-18
CVE-2023-53228,0.000240000,0.051180000,0.19602404068423485,2025-10-18,2025-10-18
CVE-2023-53226,0.000470000,0.142940000,0.7008784096162737,2025-10-18,2025-10-18
CVE-2023-53225,0.000350000,0.093620000,0.4919093851132686,2025-10-18,2025-10-18
CVE-2023-53224,0.000350000,0.093620000,0.4919093851132686,2025-10-18,2025-10-18
CVE-2023-53223,0.000350000,0.093620000,0.4919093851132686,2025-10-18,2025-10-18
CVE-2023-53222,0.000350000,0.093620000,0.4919093851132686,2025-10-18,2025-10-18
CVE-2023-53221,0.000250000,0.056180000,0.23439667128987518,2025-10-18,2025-10-18
CVE-2023-53220,0.000350000,0.093620000,0.4919093851132686,2025-10-18,2025-10-18
CVE-2023-53219,0.000350000,0.093620000,0.4919093851132686,2025-10-18,2025-10-18
CVE-2023-53218,0.000240000,0.051180000,0.19602404068423485,2025-10-18,2025-10-18
CVE-2023-53217,0.000350000,0.093620000,0.4919093851132686,2025-10-18,2025-10-18
CVE-2023-53216,0.000260000,0.057630000,0.25358298659269535,2025-10-18,2025-10-18
CVE-2023-53215,0.000350000,0.093620000,0.4919093851132686,2025-10-18,2025-10-18
CVE-2023-53214,0.000250000,0.056180000,0.23439667128987518,2025-10-18,2025-10-18
CVE-2023-53213,0.000470000,0.142940000,0.7008784096162737,2025-10-18,2025-10-18
CVE-2023-53211,0.000240000,0.051180000,0.19602404068423485,2025-10-18,2025-10-18
CVE-2023-53210,0.000250000,0.056180000,0.23439667128987518,2025-10-18,2025-10-18
CVE-2023-53209,0.000240000,0.051180000,0.19602404068423485,2025-10-18,2025-10-18
CVE-2023-53208,0.000240000,0.051180000,0.19602404068423485,2025-10-18,2025-10-18
CVE-2023-53207,0.000240000,0.051180000,0.19602404068423485,2025-10-18,2025-10-18
CVE-2023-53206,0.000260000,0.059780000,0.25358298659269535,2025-10-18,2025-10-18
CVE-2023-53205,0.000250000,0.056180000,0.23439667128987518,2025-10-18,2025-10-18
CVE-2023-53204,0.000350000,0.093620000,0.4919093851132686,2025-10-18,2025-10-18
CVE-2023-53203,0.000260000,0.059780000,0.25358298659269535,2025-10-18,2025-10-18
CVE-2023-53202,0.000250000,0.056180000,0.23439667128987518,2025-10-18,2025-10-18
CVE-2023-53201,0.000350000,0.093620000,0.4919093851132686,2025-10-18,2025-10-18
CVE-2023-53200,0.000250000,0.056180000,0.23439667128987518,2025-10-18,2025-10-18
CVE-2023-53199,0.000350000,0.093620000,0.4919093851132686,2025-10-18,2025-10-18
CVE-2022-50337,0.000260000,0.057630000,0.25358298659269535,2025-10-18,2025-10-18
CVE-2022-50336,0.000250000,0.056180000,0.23439667128987518,2025-10-18,2025-10-18
CVE-2022-50335,0.000250000,0.056180000,0.23439667128987518,2025-10-18,2025-10-18
CVE-2022-50334,0.000350000,0.093620000,0.4919093851132686,2025-10-18,2025-10-18
CVE-2022-50333,0.000470000,0.142940000,0.7008784096162737,2025-10-18,2025-10-18
CVE-2022-50332,0.000260000,0.059780000,0.25358298659269535,2025-10-18,2025-10-18
CVE-2022-50331,0.000240000,0.051180000,0.19602404068423485,2025-10-18,2025-10-18
CVE-2022-50330,0.000350000,0.093620000,0.4919093851132686,2025-10-18,2025-10-18
CVE-2022-50329,0.000260000,0.057630000,0.25358298659269535,2025-10-18,2025-10-18
CVE-2022-50328,0.000260000,0.057630000,0.25358298659269535,2025-10-18,2025-10-18
CVE-2022-50327,0.000610000,0.191680000,0.8083680073971337,2025-10-18,2025-10-18
CVE-2022-50326,0.000260000,0.059780000,0.25358298659269535,2025-10-18,2025-10-18
CVE-2022-50325,0.000240000,0.051180000,0.19602404068423485,2025-10-18,2025-10-18
CVE-2022-50324,0.000470000,0.142940000,0.7008784096162737,2025-10-18,2025-10-18
CVE-2022-50323,0.000240000,0.051180000,0.19602404068423485,2025-10-18,2025-10-18
CVE-2022-50322,0.000240000,0.051180000,0.19602404068423485,2025-10-18,2025-10-18
CVE-2022-50321,0.000350000,0.093620000,0.4919093851132686,2025-10-18,2025-10-18
CVE-2022-50320,0.000250000,0.056180000,0.23439667128987518,2025-10-18,2025-10-18
CVE-2022-50319,0.000250000,0.056180000,0.23439667128987518,2025-10-18,2025-10-18
CVE-2022-50318,0.000350000,0.093620000,0.4919093851132686,2025-10-18,2025-10-18
CVE-2022-50317,0.000350000,0.093620000,0.4919093851132686,2025-10-18,2025-10-18
CVE-2022-50316,0.000240000,0.051180000,0.19602404068423485,2025-10-18,2025-10-18
CVE-2022-50315,0.000350000,0.093620000,0.4919093851132686,2025-10-18,2025-10-18
CVE-2022-50314,0.000350000,0.093620000,0.4919093851132686,2025-10-18,2025-10-18
CVE-2022-50313,0.000350000,0.093620000,0.4919093851132686,2025-10-18,2025-10-18
CVE-2022-50312,0.000470000,0.142940000,0.7008784096162737,2025-10-18,2025-10-18
CVE-2022-50311,0.000350000,0.093620000,0.4919093851132686,2025-10-18,2025-10-18
CVE-2022-50310,0.000260000,0.059780000,0.25358298659269535,2025-10-18,2025-10-18
CVE-2022-50309,0.000470000,0.142940000,0.7008784096162737,2025-10-18,2025-10-18
CVE-2022-50308,0.000260000,0.057630000,0.25358298659269535,2025-10-18,2025-10-18
CVE-2022-50307,0.000240000,0.051180000,0.19602404068423485,2025-10-18,2025-10-18
CVE-2025-6999,0.001940000,0.416390000,0.932963476652797,2025-10-18,2025-10-18
CVE-2025-6947,0.000800000,0.245620000,0.8587609801202034,2025-10-18,2025-10-18
CVE-2025-59399,0.000280000,0.067360000,0.29357374017568194,2025-10-18,2025-10-18
CVE-2025-59398,0.000240000,0.050120000,0.19602404068423485,2025-10-18,2025-10-18
CVE-2025-59397,0.000370000,0.105810000,0.5624133148404993,2025-10-18,2025-10-18
CVE-2025-59332,0.000670000,0.209510000,0.8287101248266296,2025-10-18,2025-10-18
CVE-2025-59331,0.000680000,0.212060000,0.8314840499306518,2025-10-18,2025-10-18
CVE-2025-59330,0.000680000,0.212060000,0.8314840499306518,2025-10-18,2025-10-18
CVE-2025-59328,0.010130000,0.763610000,0.9870550161812298,2025-10-18,2025-10-18
CVE-2025-59162,0.000680000,0.212060000,0.8314840499306518,2025-10-18,2025-10-18
CVE-2025-59155,0.000590000,0.184910000,0.7998150716597319,2025-10-18,2025-10-18
CVE-2025-59154,0.000360000,0.098710000,0.5388349514563107,2025-10-18,2025-10-18
CVE-2025-59145,0.000680000,0.212060000,0.8314840499306518,2025-10-18,2025-10-18
CVE-2025-59144,0.000680000,0.212060000,0.8314840499306518,2025-10-18,2025-10-18
CVE-2025-59143,0.000680000,0.212060000,0.8314840499306518,2025-10-18,2025-10-18
CVE-2025-59142,0.000680000,0.212060000,0.8314840499306518,2025-10-18,2025-10-18
CVE-2025-59141,0.000680000,0.212060000,0.8314840499306518,2025-10-18,2025-10-18
CVE-2025-59140,0.000680000,0.212060000,0.8314840499306518,2025-10-18,2025-10-18
CVE-2025-59056,0.001060000,0.293380000,0.8895053166897827,2025-10-18,2025-10-18
CVE-2025-58748,0.005300000,0.663020000,0.978502080443828,2025-10-18,2025-10-18
CVE-2025-58177,0.000320000,0.083080000,0.37355524734165513,2025-10-18,2025-10-18
CVE-2025-58172,0.001100000,0.301130000,0.893666204345816,2025-10-18,2025-10-18
CVE-2025-58046,0.002710000,0.503370000,0.9505316689782709,2025-10-18,2025-10-18
CVE-2025-58045,0.006530000,0.700390000,0.9815071659731854,2025-10-18,2025-10-18
CVE-2025-57248,0.000490000,0.148730000,0.7304669440591771,2025-10-18,2025-10-18
CVE-2025-57176,0.000430000,0.127010000,0.6604253351826167,2025-10-18,2025-10-18
CVE-2025-57174,0.000980000,0.280430000,0.8832639852057328,2025-10-18,2025-10-18
CVE-2025-57118,0.000560000,0.176420000,0.7859454461396209,2025-10-18,2025-10-18
CVE-2025-57117,0.000440000,0.131040000,0.6747572815533981,2025-10-18,2025-10-18
CVE-2025-57104,0.000270000,0.063620000,0.2875635691169672,2025-10-18,2025-10-18
CVE-2025-56448,0.000240000,0.053220000,0.19602404068423485,2025-10-18,2025-10-18
CVE-2025-56274,0.000360000,0.099120000,0.5388349514563107,2025-10-18,2025-10-18
CVE-2025-56252,0.000430000,0.127130000,0.6604253351826167,2025-10-18,2025-10-18
CVE-2025-55211,0.000640000,0.203140000,0.8206195099398983,2025-10-18,2025-10-18
CVE-2025-52344,0.000380000,0.111170000,0.5917706888580675,2025-10-18,2025-10-18
CVE-2025-52048,0.000300000,0.073950000,0.3333333333333333,2025-10-18,2025-10-18
CVE-2025-49089,0.000490000,0.151170000,0.7304669440591771,2025-10-18,2025-10-18
CVE-2025-45091,0.000340000,0.090840000,0.444290337494221,2025-10-18,2025-10-18
CVE-2025-43802,0.001940000,0.416060000,0.932963476652797,2025-10-18,2025-10-18
CVE-2025-43800,0.001940000,0.416060000,0.932963476652797,2025-10-18,2025-10-18
CVE-2025-43799,0.002050000,0.428310000,0.938049006010171,2025-10-18,2025-10-18
CVE-2025-43798,0.000590000,0.184910000,0.7998150716597319,2025-10-18,2025-10-18
CVE-2025-43797,0.001890000,0.409990000,0.9320388349514563,2025-10-18,2025-10-18
CVE-2025-43793,0.002410000,0.473710000,0.9475265834489135,2025-10-18,2025-10-18
CVE-2025-43792,0.001740000,0.392130000,0.9257975034674064,2025-10-18,2025-10-18
CVE-2025-43791,0.001940000,0.416060000,0.932963476652797,2025-10-18,2025-10-18
CVE-2025-43314,0.000150000,0.020600000,0.0811373092926491,2025-10-18,2025-10-18
CVE-2025-43312,0.000130000,0.013920000,0.05108645399907536,2025-10-18,2025-10-18
CVE-2025-43311,0.000140000,0.018010000,0.06634304207119741,2025-10-18,2025-10-18
CVE-2025-43310,0.000130000,0.015010000,0.05108645399907536,2025-10-18,2025-10-18
CVE-2025-43308,0.000290000,0.071970000,0.3092926490984743,2025-10-18,2025-10-18
CVE-2025-43307,0.000180000,0.031290000,0.13522884882108183,2025-10-18,2025-10-18
CVE-2025-43305,0.000120000,0.013300000,0.04461396208969025,2025-10-18,2025-10-18
CVE-2025-43304,0.000120000,0.013330000,0.04461396208969025,2025-10-18,2025-10-18
CVE-2025-43303,0.000130000,0.015520000,0.05108645399907536,2025-10-18,2025-10-18
CVE-2025-43302,0.000160000,0.025210000,0.09662505779010633,2025-10-18,2025-10-18
CVE-2025-43301,0.000120000,0.012440000,0.04461396208969025,2025-10-18,2025-10-18
CVE-2025-43299,0.000260000,0.058020000,0.25358298659269535,2025-10-18,2025-10-18
CVE-2025-43298,0.000220000,0.045630000,0.1634304207119741,2025-10-18,2025-10-18
CVE-2025-43297,0.000190000,0.035500000,0.14586222838650023,2025-10-18,2025-10-18
CVE-2025-43295,0.000130000,0.013500000,0.05108645399907536,2025-10-18,2025-10-18
CVE-2025-43294,0.000140000,0.017990000,0.06634304207119741,2025-10-18,2025-10-18
CVE-2025-43293,0.000250000,0.055240000,0.23439667128987518,2025-10-18,2025-10-18
CVE-2025-43292,0.000110000,0.009110000,0.042071197411003236,2025-10-18,2025-10-18
CVE-2025-43291,0.000120000,0.012330000,0.04461396208969025,2025-10-18,2025-10-18
CVE-2025-43287,0.000160000,0.023810000,0.09662505779010633,2025-10-18,2025-10-18
CVE-2025-43286,0.000110000,0.010740000,0.042071197411003236,2025-10-18,2025-10-18
CVE-2025-43285,0.000130000,0.014230000,0.05108645399907536,2025-10-18,2025-10-18
CVE-2025-43283,0.000170000,0.028750000,0.11488673139158576,2025-10-18,2025-10-18
CVE-2025-43279,0.000180000,0.033090000,0.13522884882108183,2025-10-18,2025-10-18
CVE-2025-43272,0.000440000,0.133110000,0.6747572815533981,2025-10-18,2025-10-18
CVE-2025-43263,0.000140000,0.019010000,0.06634304207119741,2025-10-18,2025-10-18
CVE-2025-43262,0.000180000,0.031400000,0.13522884882108183,2025-10-18,2025-10-18
CVE-2025-43231,0.000150000,0.022220000,0.0811373092926491,2025-10-18,2025-10-18
CVE-2025-43208,0.000160000,0.024100000,0.09662505779010633,2025-10-18,2025-10-18
CVE-2025-43207,0.000150000,0.022220000,0.0811373092926491,2025-10-18,2025-10-18
CVE-2025-43204,0.000150000,0.021750000,0.0811373092926491,2025-10-18,2025-10-18
CVE-2025-43203,0.000130000,0.015860000,0.05108645399907536,2025-10-18,2025-10-18
CVE-2025-43190,0.000160000,0.026540000,0.09662505779010633,2025-10-18,2025-10-18
CVE-2025-31271,0.000420000,0.125470000,0.6539528432732317,2025-10-18,2025-10-18
CVE-2025-31270,0.000160000,0.024100000,0.09662505779010633,2025-10-18,2025-10-18
CVE-2025-31269,0.000120000,0.012880000,0.04461396208969025,2025-10-18,2025-10-18
CVE-2025-31268,0.000130000,0.014230000,0.05108645399907536,2025-10-18,2025-10-18
CVE-2025-31255,0.000690000,0.215420000,0.8381877022653722,2025-10-18,2025-10-18
CVE-2025-31254,0.000300000,0.074310000,0.3333333333333333,2025-10-18,2025-10-18
CVE-2025-30468,0.000490000,0.148720000,0.7304669440591771,2025-10-18,2025-10-18
CVE-2025-24197,0.000120000,0.013300000,0.04461396208969025,2025-10-18,2025-10-18
CVE-2025-24088,0.000480000,0.145680000,0.7244567730004623,2025-10-18,2025-10-18
CVE-2025-10485,0.000360000,0.098520000,0.5388349514563107,2025-10-18,2025-10-18
CVE-2025-10483,0.000320000,0.083260000,0.37355524734165513,2025-10-18,2025-10-18
CVE-2025-10482,0.000320000,0.083760000,0.37355524734165513,2025-10-18,2025-10-18
CVE-2025-10481,0.000320000,0.083260000,0.37355524734165513,2025-10-18,2025-10-18
CVE-2025-10480,0.000420000,0.124650000,0.6539528432732317,2025-10-18,2025-10-18
CVE-2025-10479,0.000290000,0.073120000,0.3092926490984743,2025-10-18,2025-10-18
CVE-2025-10477,0.000330000,0.086900000,0.4172445677300046,2025-10-18,2025-10-18
CVE-2025-10475,0.000140000,0.018110000,0.06634304207119741,2025-10-18,2025-10-18
CVE-2025-10473,0.000320000,0.083260000,0.37355524734165513,2025-10-18,2025-10-18
CVE-2025-10472,0.000620000,0.196690000,0.8125288950531669,2025-10-18,2025-10-18
CVE-2025-10471,0.000430000,0.127460000,0.6604253351826167,2025-10-18,2025-10-18
CVE-2025-10203,0.000170000,0.028770000,0.11488673139158576,2025-10-18,2025-10-18
CVE-2025-9808,0.000550000,0.171220000,0.7792417938049006,2025-10-18,2025-10-18
CVE-2025-6575,0.000350000,0.094180000,0.4919093851132686,2025-10-18,2025-10-18
CVE-2025-59453,0.000220000,0.045600000,0.1634304207119741,2025-10-18,2025-10-18
CVE-2025-59437,0.000170000,0.030140000,0.11488673139158576,2025-10-18,2025-10-18
CVE-2025-59436,0.000170000,0.030140000,0.11488673139158576,2025-10-18,2025-10-18
CVE-2025-56706,0.002450000,0.477190000,0.948220064724919,2025-10-18,2025-10-18
CVE-2025-56697,0.000320000,0.083450000,0.37355524734165513,2025-10-18,2025-10-18
CVE-2025-5519,0.000530000,0.165280000,0.7600554785020804,2025-10-18,2025-10-18
CVE-2025-5518,0.000360000,0.099120000,0.5388349514563107,2025-10-18,2025-10-18
CVE-2025-4688,0.000440000,0.131280000,0.6747572815533981,2025-10-18,2025-10-18
CVE-2025-43375,0.000860000,0.257570000,0.8693943596856218,2025-10-18,2025-10-18
CVE-2025-43372,0.000840000,0.254350000,0.8656957928802589,2025-10-18,2025-10-18
CVE-2025-43371,0.000140000,0.019010000,0.06634304207119741,2025-10-18,2025-10-18
CVE-2025-43370,0.000190000,0.036400000,0.14586222838650023,2025-10-18,2025-10-18
CVE-2025-43369,0.000150000,0.022220000,0.0811373092926491,2025-10-18,2025-10-18
CVE-2025-43368,0.000390000,0.113770000,0.602635228848821,2025-10-18,2025-10-18
CVE-2025-43367,0.000120000,0.011380000,0.04461396208969025,2025-10-18,2025-10-18
CVE-2025-43366,0.000150000,0.020690000,0.0811373092926491,2025-10-18,2025-10-18
CVE-2025-43362,0.000560000,0.176780000,0.7859454461396209,2025-10-18,2025-10-18
CVE-2025-43359,0.000690000,0.216620000,0.8381877022653722,2025-10-18,2025-10-18
CVE-2025-43358,0.000100000,0.007730000,0.0372168284789644,2025-10-18,2025-10-18
CVE-2025-43357,0.000110000,0.010190000,0.042071197411003236,2025-10-18,2025-10-18
CVE-2025-43356,0.000440000,0.132630000,0.6747572815533981,2025-10-18,2025-10-18
CVE-2025-43355,0.000130000,0.014280000,0.05108645399907536,2025-10-18,2025-10-18
CVE-2025-43354,0.000130000,0.015520000,0.05108645399907536,2025-10-18,2025-10-18
CVE-2025-43353,0.000130000,0.013920000,0.05108645399907536,2025-10-18,2025-10-18
CVE-2025-43349,0.000170000,0.029980000,0.11488673139158576,2025-10-18,2025-10-18
CVE-2025-43347,0.001710000,0.388170000,0.925335182616736,2025-10-18,2025-10-18
CVE-2025-43346,0.000130000,0.014280000,0.05108645399907536,2025-10-18,2025-10-18
CVE-2025-43344,0.000150000,0.020950000,0.0811373092926491,2025-10-18,2025-10-18
CVE-2025-43343,0.000710000,0.222350000,0.8411927877947295,2025-10-18,2025-10-18
CVE-2025-43342,0.002360000,0.464890000,0.9461396208969024,2025-10-18,2025-10-18
CVE-2025-43341,0.000100000,0.008020000,0.0372168284789644,2025-10-18,2025-10-18
CVE-2025-43340,0.000160000,0.023650000,0.09662505779010633,2025-10-18,2025-10-18
CVE-2025-43337,0.000150000,0.022220000,0.0811373092926491,2025-10-18,2025-10-18
CVE-2025-43333,0.000160000,0.023650000,0.09662505779010633,2025-10-18,2025-10-18
CVE-2025-43332,0.000120000,0.012350000,0.04461396208969025,2025-10-18,2025-10-18
CVE-2025-43331,0.000180000,0.031290000,0.13522884882108183,2025-10-18,2025-10-18
CVE-2025-43330,0.000150000,0.021400000,0.0811373092926491,2025-10-18,2025-10-18
CVE-2025-43329,0.000100000,0.007730000,0.0372168284789644,2025-10-18,2025-10-18
CVE-2025-43328,0.000120000,0.011190000,0.04461396208969025,2025-10-18,2025-10-18
CVE-2025-43327,0.000380000,0.107600000,0.5917706888580675,2025-10-18,2025-10-18
CVE-2025-43326,0.000120000,0.012510000,0.04461396208969025,2025-10-18,2025-10-18
CVE-2025-43325,0.000150000,0.022220000,0.0811373092926491,2025-10-18,2025-10-18
CVE-2025-43321,0.000120000,0.013300000,0.04461396208969025,2025-10-18,2025-10-18
CVE-2025-43319,0.000120000,0.013300000,0.04461396208969025,2025-10-18,2025-10-18
CVE-2025-43318,0.000180000,0.034550000,0.13522884882108183,2025-10-18,2025-10-18
CVE-2025-43317,0.000100000,0.008560000,0.0372168284789644,2025-10-18,2025-10-18
CVE-2025-43316,0.000100000,0.008020000,0.0372168284789644,2025-10-18,2025-10-18
CVE-2025-43315,0.000120000,0.013300000,0.04461396208969025,2025-10-18,2025-10-18
CVE-2025-41249,0.000560000,0.176330000,0.7859454461396209,2025-10-18,2025-10-18
CVE-2025-41248,0.000560000,0.176330000,0.7859454461396209,2025-10-18,2025-10-18
CVE-2025-26711,0.000540000,0.170130000,0.7706888580674989,2025-10-18,2025-10-18
CVE-2025-26710,0.000410000,0.120830000,0.6444752658344891,2025-10-18,2025-10-18
CVE-2025-2404,0.000390000,0.113430000,0.602635228848821,2025-10-18,2025-10-18
CVE-2025-10316,0.000670000,0.211680000,0.8287101248266296,2025-10-18,2025-10-18
CVE-2025-10016,0.000470000,0.141190000,0.7008784096162737,2025-10-18,2025-10-18
CVE-2025-10015,0.000130000,0.013520000,0.05108645399907536,2025-10-18,2025-10-18
CVE-2024-12913,0.000210000,0.041760000,0.1583448913546001,2025-10-18,2025-10-18
CVE-2024-12367,0.000540000,0.170860000,0.7706888580674989,2025-10-18,2025-10-18
CVE-2023-53303,0.000260000,0.059780000,0.25358298659269535,2025-10-18,2025-10-18
CVE-2023-53302,0.000350000,0.093620000,0.4919093851132686,2025-10-18,2025-10-18
CVE-2023-53301,0.000240000,0.051180000,0.19602404068423485,2025-10-18,2025-10-18
CVE-2023-53300,0.000250000,0.056180000,0.23439667128987518,2025-10-18,2025-10-18
CVE-2023-53299,0.000470000,0.142940000,0.7008784096162737,2025-10-18,2025-10-18
CVE-2023-53298,0.000350000,0.093620000,0.4919093851132686,2025-10-18,2025-10-18
CVE-2023-53297,0.000350000,0.093620000,0.4919093851132686,2025-10-18,2025-10-18
CVE-2023-53296,0.000350000,0.093620000,0.4919093851132686,2025-10-18,2025-10-18
CVE-2023-53295,0.000350000,0.093620000,0.4919093851132686,2025-10-18,2025-10-18
CVE-2023-53294,0.000260000,0.057630000,0.25358298659269535,2025-10-18,2025-10-18
CVE-2023-53293,0.000240000,0.051180000,0.19602404068423485,2025-10-18,2025-10-18
CVE-2023-53292,0.000260000,0.059780000,0.25358298659269535,2025-10-18,2025-10-18
CVE-2023-53291,0.000350000,0.093620000,0.4919093851132686,2025-10-18,2025-10-18
CVE-2023-53290,0.000350000,0.093620000,0.4919093851132686,2025-10-18,2025-10-18
CVE-2023-53289,0.000470000,0.142940000,0.7008784096162737,2025-10-18,2025-10-18
CVE-2023-53288,0.000350000,0.093620000,0.4919093851132686,2025-10-18,2025-10-18
CVE-2023-53287,0.000250000,0.056180000,0.23439667128987518,2025-10-18,2025-10-18
CVE-2023-53286,0.000260000,0.057630000,0.25358298659269535,2025-10-18,2025-10-18
CVE-2023-53285,0.000470000,0.142940000,0.7008784096162737,2025-10-18,2025-10-18
CVE-2023-53284,0.000240000,0.051180000,0.19602404068423485,2025-10-18,2025-10-18
CVE-2023-53282,0.000250000,0.056180000,0.23439667128987518,2025-10-18,2025-10-18
CVE-2023-53281,0.000260000,0.057630000,0.25358298659269535,2025-10-18,2025-10-18
CVE-2023-53280,0.000350000,0.093620000,0.4919093851132686,2025-10-18,2025-10-18
CVE-2023-53279,0.000250000,0.056180000,0.23439667128987518,2025-10-18,2025-10-18
CVE-2023-53278,0.000240000,0.051180000,0.19602404068423485,2025-10-18,2025-10-18
CVE-2023-53277,0.000350000,0.093620000,0.4919093851132686,2025-10-18,2025-10-18
CVE-2023-53276,0.000470000,0.142940000,0.7008784096162737,2025-10-18,2025-10-18
CVE-2023-53275,0.000350000,0.093620000,0.4919093851132686,2025-10-18,2025-10-18
CVE-2023-53274,0.000260000,0.059780000,0.25358298659269535,2025-10-18,2025-10-18
CVE-2023-53273,0.000260000,0.057630000,0.25358298659269535,2025-10-18,2025-10-18
CVE-2023-53272,0.000260000,0.057630000,0.25358298659269535,2025-10-18,2025-10-18
CVE-2023-53271,0.000350000,0.093620000,0.4919093851132686,2025-10-18,2025-10-18
CVE-2023-53270,0.000260000,0.057630000,0.25358298659269535,2025-10-18,2025-10-18
CVE-2023-53269,0.000240000,0.051180000,0.19602404068423485,2025-10-18,2025-10-18
CVE-2023-53268,0.000350000,0.093620000,0.4919093851132686,2025-10-18,2025-10-18
CVE-2023-53267,0.000240000,0.051180000,0.19602404068423485,2025-10-18,2025-10-18
CVE-2023-53266,0.000260000,0.059780000,0.25358298659269535,2025-10-18,2025-10-18
CVE-2023-53265,0.000350000,0.093620000,0.4919093851132686,2025-10-18,2025-10-18
CVE-2023-53264,0.000250000,0.056180000,0.23439667128987518,2025-10-18,2025-10-18
CVE-2023-53263,0.000240000,0.051180000,0.19602404068423485,2025-10-18,2025-10-18
CVE-2025-8894,0.000250000,0.055220000,0.23439667128987518,2025-10-18,2025-10-18
CVE-2025-8893,0.000310000,0.079640000,0.3603791030975497,2025-10-18,2025-10-18
CVE-2025-8446,0.000320000,0.082250000,0.37355524734165513,2025-10-18,2025-10-18
CVE-2025-8276,0.000390000,0.113490000,0.602635228848821,2025-10-18,2025-10-18
CVE-2025-8057,0.000360000,0.099120000,0.5388349514563107,2025-10-18,2025-10-18
CVE-2025-7744,0.000390000,0.115490000,0.602635228848821,2025-10-18,2025-10-18
CVE-2025-7743,0.000210000,0.042640000,0.1583448913546001,2025-10-18,2025-10-18
CVE-2025-7355,0.000360000,0.099120000,0.5388349514563107,2025-10-18,2025-10-18
CVE-2025-59333,0.000490000,0.151580000,0.7304669440591771,2025-10-18,2025-10-18
CVE-2025-59270,0.000490000,0.149670000,0.7304669440591771,2025-10-18,2025-10-18
CVE-2025-58749,0.000410000,0.120660000,0.6444752658344891,2025-10-18,2025-10-18
CVE-2025-57145,0.000330000,0.087320000,0.4172445677300046,2025-10-18,2025-10-18
CVE-2025-57119,0.000590000,0.186900000,0.7998150716597319,2025-10-18,2025-10-18
CVE-2025-56295,0.000290000,0.072630000,0.3092926490984743,2025-10-18,2025-10-18
CVE-2025-56293,0.000340000,0.089010000,0.444290337494221,2025-10-18,2025-10-18
CVE-2025-56289,0.000310000,0.079720000,0.3603791030975497,2025-10-18,2025-10-18
CVE-2025-56280,0.000340000,0.089010000,0.444290337494221,2025-10-18,2025-10-18
CVE-2025-56276,0.000340000,0.089010000,0.444290337494221,2025-10-18,2025-10-18
CVE-2025-55834,0.000440000,0.132250000,0.6747572815533981,2025-10-18,2025-10-18
CVE-2025-55118,0.000540000,0.170860000,0.7706888580674989,2025-10-18,2025-10-18
CVE-2025-55117,0.000450000,0.135390000,0.6874711049468331,2025-10-18,2025-10-18
CVE-2025-55116,0.000150000,0.019260000,0.0811373092926491,2025-10-18,2025-10-18
CVE-2025-55115,0.000200000,0.038150000,0.15372168284789645,2025-10-18,2025-10-18
CVE-2025-55114,0.000560000,0.174980000,0.7859454461396209,2025-10-18,2025-10-18
CVE-2025-55113,0.000530000,0.165220000,0.7600554785020804,2025-10-18,2025-10-18
CVE-2025-55112,0.000170000,0.028020000,0.11488673139158576,2025-10-18,2025-10-18
CVE-2025-55111,0.000110000,0.008920000,0.042071197411003236,2025-10-18,2025-10-18
CVE-2025-55110,0.000150000,0.020050000,0.0811373092926491,2025-10-18,2025-10-18
CVE-2025-55109,0.000630000,0.199100000,0.8146093388811836,2025-10-18,2025-10-18
CVE-2025-52044,0.000350000,0.094570000,0.4919093851132686,2025-10-18,2025-10-18
CVE-2025-4953,0.000460000,0.138480000,0.6941747572815534,2025-10-18,2025-10-18
CVE-2025-44034,0.002050000,0.427850000,0.938049006010171,2025-10-18,2025-10-18
CVE-2025-41243,0.000680000,0.214240000,0.8314840499306518,2025-10-18,2025-10-18
CVE-2025-39836,0.000240000,0.051180000,0.19602404068423485,2025-10-18,2025-10-18
CVE-2025-39835,0.000350000,0.093620000,0.4919093851132686,2025-10-18,2025-10-18
CVE-2025-39834,0.000260000,0.059780000,0.25358298659269535,2025-10-18,2025-10-18
CVE-2025-39833,0.000260000,0.059780000,0.25358298659269535,2025-10-18,2025-10-18
CVE-2025-39832,0.000250000,0.056180000,0.23439667128987518,2025-10-18,2025-10-18
CVE-2025-39831,0.000240000,0.051180000,0.19602404068423485,2025-10-18,2025-10-18
CVE-2025-39830,0.000260000,0.059780000,0.25358298659269535,2025-10-18,2025-10-18
CVE-2025-39829,0.000240000,0.051180000,0.19602404068423485,2025-10-18,2025-10-18
CVE-2025-39828,0.000350000,0.093620000,0.4919093851132686,2025-10-18,2025-10-18
CVE-2025-39827,0.000450000,0.134620000,0.6874711049468331,2025-10-18,2025-10-18
CVE-2025-39826,0.000260000,0.057630000,0.25358298659269535,2025-10-18,2025-10-18
CVE-2025-39825,0.000260000,0.057630000,0.25358298659269535,2025-10-18,2025-10-18
CVE-2025-39824,0.000350000,0.093620000,0.4919093851132686,2025-10-18,2025-10-18
CVE-2025-39823,0.000340000,0.089010000,0.444290337494221,2025-10-18,2025-10-18
CVE-2025-39822,0.000260000,0.059780000,0.25358298659269535,2025-10-18,2025-10-18
CVE-2025-39821,0.000260000,0.059780000,0.25358298659269535,2025-10-18,2025-10-18
CVE-2025-39820,0.000260000,0.059780000,0.25358298659269535,2025-10-18,2025-10-18
CVE-2025-39819,0.000450000,0.134620000,0.6874711049468331,2025-10-18,2025-10-18
CVE-2025-39818,0.000260000,0.059780000,0.25358298659269535,2025-10-18,2025-10-18
CVE-2025-39817,0.000350000,0.093620000,0.4919093851132686,2025-10-18,2025-10-18
CVE-2025-39816,0.000240000,0.051180000,0.19602404068423485,2025-10-18,2025-10-18
CVE-2025-39815,0.000240000,0.051180000,0.19602404068423485,2025-10-18,2025-10-18
CVE-2025-39814,0.000260000,0.059780000,0.25358298659269535,2025-10-18,2025-10-18
CVE-2025-39813,0.000350000,0.093620000,0.4919093851132686,2025-10-18,2025-10-18
CVE-2025-39812,0.000350000,0.093620000,0.4919093851132686,2025-10-18,2025-10-18
CVE-2025-39811,0.000240000,0.051180000,0.19602404068423485,2025-10-18,2025-10-18
CVE-2025-39810,0.000240000,0.051180000,0.19602404068423485,2025-10-18,2025-10-18
CVE-2025-39809,0.000260000,0.059780000,0.25358298659269535,2025-10-18,2025-10-18
CVE-2025-39808,0.000350000,0.093620000,0.4919093851132686,2025-10-18,2025-10-18
CVE-2025-39807,0.000240000,0.051180000,0.19602404068423485,2025-10-18,2025-10-18
CVE-2025-39806,0.000350000,0.093620000,0.4919093851132686,2025-10-18,2025-10-18
CVE-2025-39805,0.000240000,0.051180000,0.19602404068423485,2025-10-18,2025-10-18
CVE-2025-36244,0.000160000,0.025670000,0.09662505779010633,2025-10-18,2025-10-18
CVE-2025-30075,0.000140000,0.017360000,0.06634304207119741,2025-10-18,2025-10-18
CVE-2025-10546,0.002180000,0.443750000,0.9426722145168747,2025-10-18,2025-10-18
CVE-2025-10537,0.000460000,0.138620000,0.6941747572815534,2025-10-18,2025-10-18
CVE-2025-10536,0.000160000,0.024100000,0.09662505779010633,2025-10-18,2025-10-18
CVE-2025-10535,0.000440000,0.130500000,0.6747572815533981,2025-10-18,2025-10-18
CVE-2025-10534,0.000380000,0.107820000,0.5917706888580675,2025-10-18,2025-10-18
CVE-2025-10533,0.000630000,0.199500000,0.8146093388811836,2025-10-18,2025-10-18
CVE-2025-10532,0.000470000,0.141460000,0.7008784096162737,2025-10-18,2025-10-18
CVE-2025-10531,0.000330000,0.085210000,0.4172445677300046,2025-10-18,2025-10-18
CVE-2025-10530,0.000400000,0.117830000,0.6310679611650486,2025-10-18,2025-10-18
CVE-2025-10529,0.000450000,0.137060000,0.6874711049468331,2025-10-18,2025-10-18
CVE-2025-10528,0.000830000,0.251950000,0.864539990753583,2025-10-18,2025-10-18
CVE-2025-10527,0.000440000,0.133020000,0.6747572815533981,2025-10-18,2025-10-18
CVE-2025-10290,0.000290000,0.068910000,0.3092926490984743,2025-10-18,2025-10-18
CVE-2024-13174,0.000430000,0.126750000,0.6604253351826167,2025-10-18,2025-10-18
CVE-2024-13149,0.000440000,0.131280000,0.6747572815533981,2025-10-18,2025-10-18
CVE-2024-12796,0.000420000,0.123290000,0.6539528432732317,2025-10-18,2025-10-18
CVE-2023-53304,0.000350000,0.093620000,0.4919093851132686,2025-10-18,2025-10-18
CVE-2022-50352,0.000470000,0.141050000,0.7008784096162737,2025-10-18,2025-10-18
CVE-2022-50351,0.000240000,0.051180000,0.19602404068423485,2025-10-18,2025-10-18
CVE-2022-50350,0.000240000,0.051180000,0.19602404068423485,2025-10-18,2025-10-18
CVE-2022-50349,0.000470000,0.142940000,0.7008784096162737,2025-10-18,2025-10-18
CVE-2022-50348,0.000350000,0.093620000,0.4919093851132686,2025-10-18,2025-10-18
CVE-2022-50347,0.000470000,0.142940000,0.7008784096162737,2025-10-18,2025-10-18
CVE-2022-50346,0.000470000,0.142940000,0.7008784096162737,2025-10-18,2025-10-18
CVE-2022-50344,0.000470000,0.142940000,0.7008784096162737,2025-10-18,2025-10-18
CVE-2022-50343,0.000470000,0.142940000,0.7008784096162737,2025-10-18,2025-10-18
CVE-2022-50342,0.000250000,0.056180000,0.23439667128987518,2025-10-18,2025-10-18
CVE-2022-50341,0.000200000,0.039020000,0.15372168284789645,2025-10-18,2025-10-18
CVE-2022-50340,0.000260000,0.057630000,0.25358298659269535,2025-10-18,2025-10-18
CVE-2022-50339,0.000260000,0.059780000,0.25358298659269535,2025-10-18,2025-10-18
CVE-2009-20007,0.651750000,0.983800000,0.9995376791493297,2025-10-18,2025-10-18
CVE-2009-20006,0.647480000,0.983630000,0.9993065187239945,2025-10-18,2025-10-18
CVE-2009-20005,0.687730000,0.985470000,1.0,2025-10-18,2025-10-18
CVE-2025-9971,0.002080000,0.432970000,0.9396671289875174,2025-10-18,2025-10-18
CVE-2025-9891,0.000130000,0.015670000,0.05108645399907536,2025-10-18,2025-10-18
CVE-2025-9851,0.000320000,0.082860000,0.37355524734165513,2025-10-18,2025-10-18
CVE-2025-9818,0.000160000,0.024210000,0.09662505779010633,2025-10-18,2025-10-18
CVE-2025-9708,0.000080000,0.005220000,0.02727693018955155,2025-10-18,2025-10-18
CVE-2025-9629,0.000130000,0.015640000,0.05108645399907536,2025-10-18,2025-10-18
CVE-2025-9565,0.000360000,0.099200000,0.5388349514563107,2025-10-18,2025-10-18
CVE-2025-9450,0.000160000,0.026170000,0.09662505779010633,2025-10-18,2025-10-18
CVE-2025-9449,0.000160000,0.026170000,0.09662505779010633,2025-10-18,2025-10-18
CVE-2025-9447,0.000160000,0.026170000,0.09662505779010633,2025-10-18,2025-10-18
CVE-2025-9216,0.002460000,0.477700000,0.9484512251502543,2025-10-18,2025-10-18
CVE-2025-9215,0.000470000,0.141490000,0.7008784096162737,2025-10-18,2025-10-18
CVE-2025-9203,0.000340000,0.089770000,0.444290337494221,2025-10-18,2025-10-18
CVE-2025-8394,0.000340000,0.089770000,0.444290337494221,2025-10-18,2025-10-18
CVE-2025-8153,0.000620000,0.195450000,0.8125288950531669,2025-10-18,2025-10-18
CVE-2025-59518,0.001960000,0.418380000,0.9350439204808136,2025-10-18,2025-10-18
CVE-2025-59336,0.000620000,0.196820000,0.8125288950531669,2025-10-18,2025-10-18
CVE-2025-59334,0.000600000,0.189340000,0.8042071197411004,2025-10-18,2025-10-18
CVE-2025-59307,0.000200000,0.037710000,0.15372168284789645,2025-10-18,2025-10-18
CVE-2025-59161,0.002320000,0.459690000,0.9454461396208969,2025-10-18,2025-10-18
CVE-2025-59160,0.000700000,0.217390000,0.8400369856680536,2025-10-18,2025-10-18
CVE-2025-59050,0.001020000,0.287720000,0.8867313915857605,2025-10-18,2025-10-18
CVE-2025-58174,0.000340000,0.089010000,0.444290337494221,2025-10-18,2025-10-18
CVE-2025-58116,0.003810000,0.587800000,0.9680998613037448,2025-10-18,2025-10-18
CVE-2025-57631,0.002630000,0.496320000,0.9500693481276006,2025-10-18,2025-10-18
CVE-2025-57625,0.000690000,0.215910000,0.8381877022653722,2025-10-18,2025-10-18
CVE-2025-57624,0.000170000,0.031040000,0.11488673139158576,2025-10-18,2025-10-18
CVE-2025-56562,0.000630000,0.198810000,0.8146093388811836,2025-10-18,2025-10-18
CVE-2025-56557,0.000440000,0.132290000,0.6747572815533981,2025-10-18,2025-10-18
CVE-2025-56264,0.000540000,0.169230000,0.7706888580674989,2025-10-18,2025-10-18
CVE-2025-56263,0.000510000,0.156020000,0.7501155802126676,2025-10-18,2025-10-18
CVE-2025-55075,0.000410000,0.120390000,0.6444752658344891,2025-10-18,2025-10-18
CVE-2025-54391,0.001090000,0.299890000,0.8922792417938049,2025-10-18,2025-10-18
CVE-2025-54262,0.000290000,0.072250000,0.3092926490984743,2025-10-18,2025-10-18
CVE-2025-54237,0.000250000,0.055030000,0.23439667128987518,2025-10-18,2025-10-18
CVE-2025-49728,0.000210000,0.040830000,0.1583448913546001,2025-10-18,2025-10-18
CVE-2025-47967,0.000690000,0.216160000,0.8381877022653722,2025-10-18,2025-10-18
CVE-2025-43805,0.002050000,0.428310000,0.938049006010171,2025-10-18,2025-10-18
CVE-2025-43804,0.002180000,0.443750000,0.9426722145168747,2025-10-18,2025-10-18
CVE-2025-43801,0.002520000,0.484490000,0.9491447064262598,2025-10-18,2025-10-18
CVE-2025-37131,0.000370000,0.106090000,0.5624133148404993,2025-10-18,2025-10-18
CVE-2025-37130,0.000390000,0.115540000,0.602635228848821,2025-10-18,2025-10-18
CVE-2025-37129,0.000250000,0.054390000,0.23439667128987518,2025-10-18,2025-10-18
CVE-2025-37128,0.000960000,0.276040000,0.8804900601017106,2025-10-18,2025-10-18
CVE-2025-37127,0.000140000,0.017010000,0.06634304207119741,2025-10-18,2025-10-18
CVE-2025-37126,0.001770000,0.396100000,0.9271844660194175,2025-10-18,2025-10-18
CVE-2025-37125,0.000450000,0.136460000,0.6874711049468331,2025-10-18,2025-10-18
CVE-2025-37124,0.000840000,0.252860000,0.8656957928802589,2025-10-18,2025-10-18
CVE-2025-37123,0.002040000,0.427320000,0.9378178455848358,2025-10-18,2025-10-18
CVE-2025-34187,0.012790000,0.788620000,0.9891354600092465,2025-10-18,2025-10-18
CVE-2025-34186,0.008840000,0.746380000,0.9849745723532132,2025-10-18,2025-10-18
CVE-2025-34185,0.003360000,0.558580000,0.9600092464170135,2025-10-18,2025-10-18
CVE-2025-34184,0.011710000,0.779430000,0.9882108183079057,2025-10-18,2025-10-18
CVE-2025-34183,0.003440000,0.563420000,0.9611650485436893,2025-10-18,2025-10-18
CVE-2025-10589,0.003900000,0.593270000,0.9697179842810911,2025-10-18,2025-10-18
CVE-2025-10584,0.000270000,0.062610000,0.2875635691169672,2025-10-18,2025-10-18
CVE-2025-10566,0.000310000,0.077000000,0.3603791030975497,2025-10-18,2025-10-18
CVE-2025-10565,0.000320000,0.083760000,0.37355524734165513,2025-10-18,2025-10-18
CVE-2025-10564,0.000320000,0.083760000,0.37355524734165513,2025-10-18,2025-10-18
CVE-2025-10563,0.000290000,0.073120000,0.3092926490984743,2025-10-18,2025-10-18
CVE-2025-10562,0.000290000,0.073120000,0.3092926490984743,2025-10-18,2025-10-18
CVE-2025-10492,0.002850000,0.516670000,0.9530744336569579,2025-10-18,2025-10-18
CVE-2025-10188,0.000150000,0.019130000,0.0811373092926491,2025-10-18,2025-10-18
CVE-2025-10166,0.000340000,0.089770000,0.444290337494221,2025-10-18,2025-10-18
CVE-2025-10143,0.000930000,0.271150000,0.8772538141470181,2025-10-18,2025-10-18
CVE-2025-10125,0.000320000,0.081320000,0.37355524734165513,2025-10-18,2025-10-18
CVE-2025-10058,0.002490000,0.480910000,0.9486823855755895,2025-10-18,2025-10-18
CVE-2025-10057,0.002700000,0.502960000,0.9503005085529357,2025-10-18,2025-10-18
CVE-2025-10050,0.001670000,0.383570000,0.9216366158113731,2025-10-18,2025-10-18
CVE-2025-10042,0.000930000,0.271020000,0.8772538141470181,2025-10-18,2025-10-18
CVE-2023-53334,0.000250000,0.056180000,0.23439667128987518,2025-10-18,2025-10-18
CVE-2023-53333,0.000350000,0.093620000,0.4919093851132686,2025-10-18,2025-10-18
CVE-2023-53332,0.000240000,0.051180000,0.19602404068423485,2025-10-18,2025-10-18
CVE-2023-53331,0.000470000,0.142940000,0.7008784096162737,2025-10-18,2025-10-18
CVE-2023-53330,0.000350000,0.093620000,0.4919093851132686,2025-10-18,2025-10-18
CVE-2023-53329,0.000260000,0.059780000,0.25358298659269535,2025-10-18,2025-10-18
CVE-2023-53328,0.000380000,0.107960000,0.5917706888580675,2025-10-18,2025-10-18
CVE-2023-53327,0.000240000,0.051180000,0.19602404068423485,2025-10-18,2025-10-18
CVE-2023-53326,0.000260000,0.057630000,0.25358298659269535,2025-10-18,2025-10-18
CVE-2023-53325,0.000240000,0.051180000,0.19602404068423485,2025-10-18,2025-10-18
CVE-2023-53324,0.000350000,0.093620000,0.4919093851132686,2025-10-18,2025-10-18
CVE-2023-53323,0.000240000,0.051180000,0.19602404068423485,2025-10-18,2025-10-18
CVE-2023-53322,0.000350000,0.093620000,0.4919093851132686,2025-10-18,2025-10-18
CVE-2023-53321,0.000350000,0.093620000,0.4919093851132686,2025-10-18,2025-10-18
CVE-2023-53320,0.000240000,0.051180000,0.19602404068423485,2025-10-18,2025-10-18
CVE-2023-53319,0.000260000,0.059780000,0.25358298659269535,2025-10-18,2025-10-18
CVE-2023-53318,0.000350000,0.093620000,0.4919093851132686,2025-10-18,2025-10-18
CVE-2023-53317,0.000350000,0.093620000,0.4919093851132686,2025-10-18,2025-10-18
CVE-2023-53316,0.000350000,0.093620000,0.4919093851132686,2025-10-18,2025-10-18
CVE-2023-53315,0.000260000,0.057630000,0.25358298659269535,2025-10-18,2025-10-18
CVE-2023-53314,0.000350000,0.093620000,0.4919093851132686,2025-10-18,2025-10-18
CVE-2023-53313,0.000470000,0.142940000,0.7008784096162737,2025-10-18,2025-10-18
CVE-2023-53312,0.000240000,0.051180000,0.19602404068423485,2025-10-18,2025-10-18
CVE-2023-53311,0.000350000,0.093620000,0.4919093851132686,2025-10-18,2025-10-18
CVE-2023-53310,0.000240000,0.051180000,0.19602404068423485,2025-10-18,2025-10-18
CVE-2023-53309,0.000350000,0.093620000,0.4919093851132686,2025-10-18,2025-10-18
CVE-2023-53308,0.000350000,0.093620000,0.4919093851132686,2025-10-18,2025-10-18
CVE-2023-53307,0.000350000,0.093620000,0.4919093851132686,2025-10-18,2025-10-18
CVE-2023-53306,0.000260000,0.059780000,0.25358298659269535,2025-10-18,2025-10-18
CVE-2023-53305,0.000350000,0.093620000,0.4919093851132686,2025-10-18,2025-10-18
CVE-2025-9972,0.005330000,0.664420000,0.9787332408691632,2025-10-18,2025-10-18
CVE-2025-9862,0.000470000,0.141810000,0.7008784096162737,2025-10-18,2025-10-18
CVE-2025-9242,0.003800000,0.587750000,0.9676375404530745,2025-10-18,2025-10-18
CVE-2025-8999,0.000370000,0.104640000,0.5624133148404993,2025-10-18,2025-10-18
CVE-2025-8463,0.000320000,0.080110000,0.37355524734165513,2025-10-18,2025-10-18
CVE-2025-8411,0.000360000,0.098680000,0.5388349514563107,2025-10-18,2025-10-18
CVE-2025-8077,0.000990000,0.283150000,0.8848821081830791,2025-10-18,2025-10-18
CVE-2025-59476,0.000960000,0.275240000,0.8804900601017106,2025-10-18,2025-10-18
CVE-2025-59475,0.000300000,0.075220000,0.3333333333333333,2025-10-18,2025-10-18
CVE-2025-59474,0.004690000,0.636770000,0.9748035136384651,2025-10-18,2025-10-18
CVE-2025-59458,0.000020000,0.000400000,0.0002311604253351826,2025-10-18,2025-10-18
CVE-2025-59457,0.000020000,0.000530000,0.0002311604253351826,2025-10-18,2025-10-18
CVE-2025-59456,0.000020000,0.000360000,0.0002311604253351826,2025-10-18,2025-10-18
CVE-2025-59455,0.000020000,0.000210000,0.0002311604253351826,2025-10-18,2025-10-18
CVE-2025-57055,0.000340000,0.090270000,0.444290337494221,2025-10-18,2025-10-18
CVE-2025-55904,0.000220000,0.043860000,0.1634304207119741,2025-10-18,2025-10-18
CVE-2025-54467,0.000370000,0.104920000,0.5624133148404993,2025-10-18,2025-10-18
CVE-2025-54390,0.000150000,0.022860000,0.0811373092926491,2025-10-18,2025-10-18
CVE-2025-53884,0.000150000,0.022180000,0.0811373092926491,2025-10-18,2025-10-18
CVE-2025-50709,0.000420000,0.123380000,0.6539528432732317,2025-10-18,2025-10-18
CVE-2025-40933,0.000410000,0.120090000,0.6444752658344891,2025-10-18,2025-10-18
CVE-2025-10602,0.000280000,0.066880000,0.29357374017568194,2025-10-18,2025-10-18
CVE-2025-10601,0.000300000,0.074880000,0.3333333333333333,2025-10-18,2025-10-18
CVE-2025-10600,0.000400000,0.119680000,0.6310679611650486,2025-10-18,2025-10-18
CVE-2025-10599,0.000350000,0.094150000,0.4919093851132686,2025-10-18,2025-10-18
CVE-2025-10598,0.000300000,0.074880000,0.3333333333333333,2025-10-18,2025-10-18
CVE-2025-10597,0.000300000,0.074880000,0.3333333333333333,2025-10-18,2025-10-18
CVE-2025-10596,0.000300000,0.074880000,0.3333333333333333,2025-10-18,2025-10-18
CVE-2025-10595,0.000280000,0.066880000,0.29357374017568194,2025-10-18,2025-10-18
CVE-2025-10594,0.000280000,0.066880000,0.29357374017568194,2025-10-18,2025-10-18
CVE-2025-10593,0.000280000,0.066880000,0.29357374017568194,2025-10-18,2025-10-18
CVE-2025-10592,0.000280000,0.066880000,0.29357374017568194,2025-10-18,2025-10-18
CVE-2025-10591,0.000270000,0.060700000,0.2875635691169672,2025-10-18,2025-10-18
CVE-2025-10590,0.000290000,0.068800000,0.3092926490984743,2025-10-18,2025-10-18
CVE-2025-10439,0.000400000,0.119180000,0.6310679611650486,2025-10-18,2025-10-18
CVE-2025-10205,0.000100000,0.007680000,0.0372168284789644,2025-10-18,2025-10-18
CVE-2025-10157,0.001330000,0.337780000,0.908922792417938,2025-10-18,2025-10-18
CVE-2025-10156,0.001780000,0.396890000,0.9276467868700878,2025-10-18,2025-10-18
CVE-2025-10155,0.001080000,0.298300000,0.891123439667129,2025-10-18,2025-10-18
CVE-2025-0879,0.000500000,0.152560000,0.7376329172445677,2025-10-18,2025-10-18
CVE-2025-0546,0.000460000,0.138480000,0.6941747572815534,2025-10-18,2025-10-18
CVE-2025-0420,0.000500000,0.152560000,0.7376329172445677,2025-10-18,2025-10-18
CVE-2025-0419,0.000500000,0.152560000,0.7376329172445677,2025-10-18,2025-10-18
CVE-2024-48842,0.000190000,0.036070000,0.14586222838650023,2025-10-18,2025-10-18
CVE-2023-53368,0.000320000,0.082070000,0.37355524734165513,2025-10-18,2025-10-18
CVE-2023-53367,0.000240000,0.052670000,0.19602404068423485,2025-10-18,2025-10-18
CVE-2023-53366,0.000220000,0.044860000,0.1634304207119741,2025-10-18,2025-10-18
CVE-2023-53365,0.000320000,0.082070000,0.37355524734165513,2025-10-18,2025-10-18
CVE-2023-53364,0.000240000,0.052670000,0.19602404068423485,2025-10-18,2025-10-18
CVE-2023-53363,0.000240000,0.049960000,0.19602404068423485,2025-10-18,2025-10-18
CVE-2023-53362,0.000220000,0.044860000,0.1634304207119741,2025-10-18,2025-10-18
CVE-2023-53361,0.000230000,0.048700000,0.18007397133610725,2025-10-18,2025-10-18
CVE-2023-53360,0.000230000,0.048700000,0.18007397133610725,2025-10-18,2025-10-18
CVE-2023-53359,0.000230000,0.048700000,0.18007397133610725,2025-10-18,2025-10-18
CVE-2023-53358,0.000410000,0.121670000,0.6444752658344891,2025-10-18,2025-10-18
CVE-2023-53357,0.000320000,0.082070000,0.37355524734165513,2025-10-18,2025-10-18
CVE-2023-53356,0.000240000,0.049960000,0.19602404068423485,2025-10-18,2025-10-18
CVE-2023-53355,0.000220000,0.044860000,0.1634304207119741,2025-10-18,2025-10-18
CVE-2023-53354,0.000320000,0.082070000,0.37355524734165513,2025-10-18,2025-10-18
CVE-2023-53353,0.000240000,0.052670000,0.19602404068423485,2025-10-18,2025-10-18
CVE-2023-53352,0.000240000,0.049960000,0.19602404068423485,2025-10-18,2025-10-18
CVE-2023-53351,0.000240000,0.052670000,0.19602404068423485,2025-10-18,2025-10-18
CVE-2023-53350,0.000240000,0.052670000,0.19602404068423485,2025-10-18,2025-10-18
CVE-2023-53349,0.000240000,0.049960000,0.19602404068423485,2025-10-18,2025-10-18
CVE-2023-53348,0.000220000,0.044860000,0.1634304207119741,2025-10-18,2025-10-18
CVE-2023-53347,0.000330000,0.083940000,0.4172445677300046,2025-10-18,2025-10-18
CVE-2023-53346,0.000320000,0.082070000,0.37355524734165513,2025-10-18,2025-10-18
CVE-2023-53345,0.000220000,0.044860000,0.1634304207119741,2025-10-18,2025-10-18
CVE-2023-53344,0.000320000,0.082070000,0.37355524734165513,2025-10-18,2025-10-18
CVE-2023-53343,0.000320000,0.082070000,0.37355524734165513,2025-10-18,2025-10-18
CVE-2023-53342,0.000220000,0.044860000,0.1634304207119741,2025-10-18,2025-10-18
CVE-2023-53341,0.000220000,0.044860000,0.1634304207119741,2025-10-18,2025-10-18
CVE-2023-53340,0.000220000,0.044860000,0.1634304207119741,2025-10-18,2025-10-18
CVE-2023-53339,0.000320000,0.082070000,0.37355524734165513,2025-10-18,2025-10-18
CVE-2023-53338,0.000320000,0.082070000,0.37355524734165513,2025-10-18,2025-10-18
CVE-2023-53337,0.000430000,0.129300000,0.6604253351826167,2025-10-18,2025-10-18
CVE-2023-53336,0.000250000,0.055340000,0.23439667128987518,2025-10-18,2025-10-18
CVE-2023-53335,0.000230000,0.048700000,0.18007397133610725,2025-10-18,2025-10-18
CVE-2022-50374,0.000240000,0.049960000,0.19602404068423485,2025-10-18,2025-10-18
CVE-2022-50373,0.000230000,0.048700000,0.18007397133610725,2025-10-18,2025-10-18
CVE-2022-50372,0.000240000,0.052670000,0.19602404068423485,2025-10-18,2025-10-18
CVE-2022-50371,0.000220000,0.044860000,0.1634304207119741,2025-10-18,2025-10-18
CVE-2022-50370,0.000230000,0.048700000,0.18007397133610725,2025-10-18,2025-10-18
CVE-2022-50369,0.000240000,0.049960000,0.19602404068423485,2025-10-18,2025-10-18
CVE-2022-50368,0.000320000,0.082070000,0.37355524734165513,2025-10-18,2025-10-18
CVE-2022-50367,0.000430000,0.129300000,0.6604253351826167,2025-10-18,2025-10-18
CVE-2022-50366,0.000430000,0.129300000,0.6604253351826167,2025-10-18,2025-10-18
CVE-2022-50365,0.000430000,0.129300000,0.6604253351826167,2025-10-18,2025-10-18
CVE-2022-50364,0.000240000,0.049960000,0.19602404068423485,2025-10-18,2025-10-18
CVE-2022-50363,0.000240000,0.052670000,0.19602404068423485,2025-10-18,2025-10-18
CVE-2022-50362,0.000240000,0.049960000,0.19602404068423485,2025-10-18,2025-10-18
CVE-2022-50361,0.000220000,0.044860000,0.1634304207119741,2025-10-18,2025-10-18
CVE-2022-50360,0.000240000,0.052670000,0.19602404068423485,2025-10-18,2025-10-18
CVE-2022-50359,0.000430000,0.129300000,0.6604253351826167,2025-10-18,2025-10-18
CVE-2022-50358,0.000320000,0.082070000,0.37355524734165513,2025-10-18,2025-10-18
CVE-2022-50357,0.000220000,0.044860000,0.1634304207119741,2025-10-18,2025-10-18
CVE-2022-50356,0.000230000,0.048700000,0.18007397133610725,2025-10-18,2025-10-18
CVE-2022-50355,0.000320000,0.082070000,0.37355524734165513,2025-10-18,2025-10-18
CVE-2022-50354,0.000220000,0.044860000,0.1634304207119741,2025-10-18,2025-10-18
CVE-2022-50353,0.000320000,0.082070000,0.37355524734165513,2025-10-18,2025-10-18
CVE-2025-8942,0.000390000,0.114940000,0.602635228848821,2025-10-18,2025-10-18
CVE-2025-8006,0.000350000,0.092890000,0.4919093851132686,2025-10-18,2025-10-18
CVE-2025-8005,0.000350000,0.092890000,0.4919093851132686,2025-10-18,2025-10-18
CVE-2025-8004,0.000350000,0.092890000,0.4919093851132686,2025-10-18,2025-10-18
CVE-2025-8003,0.000350000,0.092890000,0.4919093851132686,2025-10-18,2025-10-18
CVE-2025-8002,0.000350000,0.092890000,0.4919093851132686,2025-10-18,2025-10-18
CVE-2025-8001,0.000350000,0.092890000,0.4919093851132686,2025-10-18,2025-10-18
CVE-2025-8000,0.000350000,0.092890000,0.4919093851132686,2025-10-18,2025-10-18
CVE-2025-7999,0.000350000,0.092890000,0.4919093851132686,2025-10-18,2025-10-18
CVE-2025-7998,0.000440000,0.131070000,0.6747572815533981,2025-10-18,2025-10-18
CVE-2025-7997,0.000350000,0.092890000,0.4919093851132686,2025-10-18,2025-10-18
CVE-2025-7996,0.000440000,0.131070000,0.6747572815533981,2025-10-18,2025-10-18
CVE-2025-7995,0.000350000,0.092890000,0.4919093851132686,2025-10-18,2025-10-18
CVE-2025-7994,0.000350000,0.092890000,0.4919093851132686,2025-10-18,2025-10-18
CVE-2025-7993,0.000350000,0.092890000,0.4919093851132686,2025-10-18,2025-10-18
CVE-2025-7992,0.000500000,0.153810000,0.7376329172445677,2025-10-18,2025-10-18
CVE-2025-7991,0.000500000,0.153810000,0.7376329172445677,2025-10-18,2025-10-18
CVE-2025-7990,0.000630000,0.198770000,0.8146093388811836,2025-10-18,2025-10-18
CVE-2025-7989,0.000500000,0.153810000,0.7376329172445677,2025-10-18,2025-10-18
CVE-2025-7988,0.000630000,0.198770000,0.8146093388811836,2025-10-18,2025-10-18
CVE-2025-7987,0.000630000,0.198770000,0.8146093388811836,2025-10-18,2025-10-18
CVE-2025-7986,0.000630000,0.198770000,0.8146093388811836,2025-10-18,2025-10-18
CVE-2025-7985,0.000500000,0.153810000,0.7376329172445677,2025-10-18,2025-10-18
CVE-2025-7984,0.000500000,0.153810000,0.7376329172445677,2025-10-18,2025-10-18
CVE-2025-7983,0.000460000,0.138630000,0.6941747572815534,2025-10-18,2025-10-18
CVE-2025-7982,0.000500000,0.153810000,0.7376329172445677,2025-10-18,2025-10-18
CVE-2025-7981,0.000500000,0.153810000,0.7376329172445677,2025-10-18,2025-10-18
CVE-2025-7980,0.000630000,0.198770000,0.8146093388811836,2025-10-18,2025-10-18
CVE-2025-7979,0.000460000,0.138630000,0.6941747572815534,2025-10-18,2025-10-18
CVE-2025-7978,0.000500000,0.153810000,0.7376329172445677,2025-10-18,2025-10-18
CVE-2025-7977,0.000500000,0.153810000,0.7376329172445677,2025-10-18,2025-10-18
CVE-2025-59416,0.000430000,0.128690000,0.6604253351826167,2025-10-18,2025-10-18
CVE-2025-59415,0.000350000,0.091970000,0.4919093851132686,2025-10-18,2025-10-18
CVE-2025-59414,0.000300000,0.075960000,0.3333333333333333,2025-10-18,2025-10-18
CVE-2025-59410,0.000160000,0.025340000,0.09662505779010633,2025-10-18,2025-10-18
CVE-2025-59354,0.000160000,0.025340000,0.09662505779010633,2025-10-18,2025-10-18
CVE-2025-59353,0.000330000,0.083930000,0.4172445677300046,2025-10-18,2025-10-18
CVE-2025-59352,0.005630000,0.674180000,0.9791955617198336,2025-10-18,2025-10-18
CVE-2025-59351,0.000440000,0.131490000,0.6747572815533981,2025-10-18,2025-10-18
CVE-2025-59350,0.000590000,0.185580000,0.7998150716597319,2025-10-18,2025-10-18
CVE-2025-59349,0.000140000,0.016800000,0.06634304207119741,2025-10-18,2025-10-18
CVE-2025-59348,0.000520000,0.161950000,0.7565880721220527,2025-10-18,2025-10-18
CVE-2025-59347,0.000390000,0.111580000,0.602635228848821,2025-10-18,2025-10-18
CVE-2025-59346,0.000370000,0.104920000,0.5624133148404993,2025-10-18,2025-10-18
CVE-2025-59345,0.000780000,0.238840000,0.8555247341655109,2025-10-18,2025-10-18
CVE-2025-59342,0.000220000,0.045880000,0.1634304207119741,2025-10-18,2025-10-18
CVE-2025-59341,0.000820000,0.249620000,0.8626907073509015,2025-10-18,2025-10-18
CVE-2025-59340,0.003910000,0.593800000,0.9701803051317615,2025-10-18,2025-10-18
CVE-2025-59339,0.000090000,0.006470000,0.03374942209893666,2025-10-18,2025-10-18
CVE-2025-59304,0.034330000,0.869440000,0.9937586685159501,2025-10-18,2025-10-18
CVE-2025-58767,0.000180000,0.032080000,0.13522884882108183,2025-10-18,2025-10-18
CVE-2025-58766,0.000420000,0.123540000,0.6539528432732317,2025-10-18,2025-10-18
CVE-2025-58432,0.000140000,0.017860000,0.06634304207119741,2025-10-18,2025-10-18
CVE-2025-58431,0.000150000,0.023400000,0.0811373092926491,2025-10-18,2025-10-18
CVE-2025-56648,0.000140000,0.018660000,0.06634304207119741,2025-10-18,2025-10-18
CVE-2025-5305,0.000240000,0.049550000,0.19602404068423485,2025-10-18,2025-10-18
CVE-2025-37122,0.000430000,0.129360000,0.6604253351826167,2025-10-18,2025-10-18
CVE-2025-35436,0.000830000,0.251980000,0.864539990753583,2025-10-18,2025-10-18
CVE-2025-35435,0.001060000,0.293610000,0.8895053166897827,2025-10-18,2025-10-18
CVE-2025-35434,0.000280000,0.067730000,0.29357374017568194,2025-10-18,2025-10-18
CVE-2025-35433,0.000470000,0.143440000,0.7008784096162737,2025-10-18,2025-10-18
CVE-2025-35432,0.001330000,0.337960000,0.908922792417938,2025-10-18,2025-10-18
CVE-2025-35431,0.000480000,0.146910000,0.7244567730004623,2025-10-18,2025-10-18
CVE-2025-35430,0.000410000,0.121550000,0.6444752658344891,2025-10-18,2025-10-18
CVE-2025-23337,0.000140000,0.017980000,0.06634304207119741,2025-10-18,2025-10-18
CVE-2025-23336,0.000930000,0.270320000,0.8772538141470181,2025-10-18,2025-10-18
CVE-2025-23329,0.000570000,0.177740000,0.789875173370319,2025-10-18,2025-10-18
CVE-2025-23328,0.000550000,0.173490000,0.7792417938049006,2025-10-18,2025-10-18
CVE-2025-23316,0.003120000,0.538500000,0.9567730004623208,2025-10-18,2025-10-18
CVE-2025-23268,0.002200000,0.446210000,0.9445214979195562,2025-10-18,2025-10-18
CVE-2025-10644,0.010110000,0.763390000,0.9868238557558946,2025-10-18,2025-10-18
CVE-2025-10643,0.002230000,0.448670000,0.9447526583448913,2025-10-18,2025-10-18
CVE-2025-10642,0.000290000,0.072420000,0.3092926490984743,2025-10-18,2025-10-18
CVE-2025-10634,0.000780000,0.239660000,0.8555247341655109,2025-10-18,2025-10-18
CVE-2025-10632,0.000280000,0.064360000,0.29357374017568194,2025-10-18,2025-10-18
CVE-2025-10631,0.000280000,0.064360000,0.29357374017568194,2025-10-18,2025-10-18
CVE-2025-10629,0.000890000,0.263540000,0.8719371243643088,2025-10-18,2025-10-18
CVE-2025-10628,0.001170000,0.313160000,0.8992140545538604,2025-10-18,2025-10-18
CVE-2025-10627,0.000280000,0.066880000,0.29357374017568194,2025-10-18,2025-10-18
CVE-2025-10626,0.000280000,0.066880000,0.29357374017568194,2025-10-18,2025-10-18
CVE-2025-10625,0.000280000,0.066880000,0.29357374017568194,2025-10-18,2025-10-18
CVE-2025-10624,0.000300000,0.074880000,0.3333333333333333,2025-10-18,2025-10-18
CVE-2025-10623,0.000300000,0.074880000,0.3333333333333333,2025-10-18,2025-10-18
CVE-2025-10621,0.000300000,0.074880000,0.3333333333333333,2025-10-18,2025-10-18
CVE-2025-10620,0.000280000,0.066880000,0.29357374017568194,2025-10-18,2025-10-18
CVE-2025-10619,0.012300000,0.784520000,0.988673139158576,2025-10-18,2025-10-18
CVE-2025-10618,0.000280000,0.066880000,0.29357374017568194,2025-10-18,2025-10-18
CVE-2025-10617,0.000400000,0.119910000,0.6310679611650486,2025-10-18,2025-10-18
CVE-2025-10616,0.000420000,0.125700000,0.6539528432732317,2025-10-18,2025-10-18
CVE-2025-10615,0.000420000,0.125700000,0.6539528432732317,2025-10-18,2025-10-18
CVE-2025-10614,0.000280000,0.066690000,0.29357374017568194,2025-10-18,2025-10-18
CVE-2025-10613,0.000280000,0.066880000,0.29357374017568194,2025-10-18,2025-10-18
CVE-2025-10608,0.000360000,0.098430000,0.5388349514563107,2025-10-18,2025-10-18
CVE-2025-10607,0.000290000,0.070900000,0.3092926490984743,2025-10-18,2025-10-18
CVE-2025-10606,0.000280000,0.066690000,0.29357374017568194,2025-10-18,2025-10-18
CVE-2025-10605,0.000280000,0.066690000,0.29357374017568194,2025-10-18,2025-10-18
CVE-2025-10604,0.000290000,0.068770000,0.3092926490984743,2025-10-18,2025-10-18
CVE-2025-10603,0.000290000,0.068770000,0.3092926490984743,2025-10-18,2025-10-18
CVE-2023-49565,0.003050000,0.532510000,0.9560795191863153,2025-10-18,2025-10-18
CVE-2023-49564,0.001440000,0.352920000,0.9130836800739713,2025-10-18,2025-10-18
CVE-2025-9992,0.000320000,0.082860000,0.37355524734165513,2025-10-18,2025-10-18
CVE-2025-9083,0.000790000,0.243130000,0.8564493758668515,2025-10-18,2025-10-18
CVE-2025-8565,0.000490000,0.148950000,0.7304669440591771,2025-10-18,2025-10-18
CVE-2025-6237,0.000930000,0.270140000,0.8772538141470181,2025-10-18,2025-10-18
CVE-2025-4444,0.000610000,0.193310000,0.8083680073971337,2025-10-18,2025-10-18
CVE-2025-40678,0.000470000,0.141380000,0.7008784096162737,2025-10-18,2025-10-18
CVE-2025-40677,0.000340000,0.087570000,0.444290337494221,2025-10-18,2025-10-18
CVE-2025-30187,0.000090000,0.005900000,0.03374942209893666,2025-10-18,2025-10-18
CVE-2025-10673,0.000300000,0.074880000,0.3333333333333333,2025-10-18,2025-10-18
CVE-2025-10672,0.000220000,0.044090000,0.1634304207119741,2025-10-18,2025-10-18
CVE-2025-10671,0.000380000,0.109160000,0.5917706888580675,2025-10-18,2025-10-18
CVE-2025-10670,0.000300000,0.074880000,0.3333333333333333,2025-10-18,2025-10-18
CVE-2025-10669,0.000380000,0.107900000,0.5917706888580675,2025-10-18,2025-10-18
CVE-2025-10668,0.000300000,0.074880000,0.3333333333333333,2025-10-18,2025-10-18
CVE-2025-10667,0.000300000,0.074880000,0.3333333333333333,2025-10-18,2025-10-18
CVE-2025-10666,0.000880000,0.261870000,0.8714748035136385,2025-10-18,2025-10-18
CVE-2025-10665,0.000280000,0.066880000,0.29357374017568194,2025-10-18,2025-10-18
CVE-2025-10664,0.000300000,0.074880000,0.3333333333333333,2025-10-18,2025-10-18
CVE-2025-10663,0.000290000,0.068770000,0.3092926490984743,2025-10-18,2025-10-18
CVE-2025-10662,0.000270000,0.063600000,0.2875635691169672,2025-10-18,2025-10-18
CVE-2025-10493,0.000410000,0.122080000,0.6444752658344891,2025-10-18,2025-10-18
CVE-2025-10207,0.000680000,0.213830000,0.8314840499306518,2025-10-18,2025-10-18
CVE-2025-0547,0.000500000,0.152560000,0.7376329172445677,2025-10-18,2025-10-18
CVE-2024-48851,0.002390000,0.469420000,0.9466019417475728,2025-10-18,2025-10-18
CVE-2024-25011,0.000420000,0.125450000,0.6539528432732317,2025-10-18,2025-10-18
CVE-2024-13151,0.000380000,0.109360000,0.5917706888580675,2025-10-18,2025-10-18
CVE-2023-53418,0.000230000,0.048700000,0.18007397133610725,2025-10-18,2025-10-18
CVE-2023-53417,0.000230000,0.048700000,0.18007397133610725,2025-10-18,2025-10-18
CVE-2023-53416,0.000230000,0.048700000,0.18007397133610725,2025-10-18,2025-10-18
CVE-2023-53415,0.000230000,0.048700000,0.18007397133610725,2025-10-18,2025-10-18
CVE-2023-53414,0.000230000,0.048700000,0.18007397133610725,2025-10-18,2025-10-18
CVE-2023-53413,0.000230000,0.048700000,0.18007397133610725,2025-10-18,2025-10-18
CVE-2023-53412,0.000230000,0.048700000,0.18007397133610725,2025-10-18,2025-10-18
CVE-2023-53411,0.000240000,0.049960000,0.19602404068423485,2025-10-18,2025-10-18
CVE-2023-53410,0.000220000,0.044860000,0.1634304207119741,2025-10-18,2025-10-18
CVE-2023-53409,0.000230000,0.048700000,0.18007397133610725,2025-10-18,2025-10-18
CVE-2023-53408,0.000230000,0.048700000,0.18007397133610725,2025-10-18,2025-10-18
CVE-2023-53407,0.000230000,0.048700000,0.18007397133610725,2025-10-18,2025-10-18
CVE-2023-53406,0.000230000,0.048700000,0.18007397133610725,2025-10-18,2025-10-18
CVE-2023-53405,0.000230000,0.048700000,0.18007397133610725,2025-10-18,2025-10-18
CVE-2023-53404,0.000230000,0.048700000,0.18007397133610725,2025-10-18,2025-10-18
CVE-2023-53403,0.000230000,0.048700000,0.18007397133610725,2025-10-18,2025-10-18
CVE-2023-53402,0.000230000,0.048700000,0.18007397133610725,2025-10-18,2025-10-18
CVE-2023-53401,0.000220000,0.044860000,0.1634304207119741,2025-10-18,2025-10-18
CVE-2023-53400,0.000320000,0.082070000,0.37355524734165513,2025-10-18,2025-10-18
CVE-2023-53399,0.000240000,0.049960000,0.19602404068423485,2025-10-18,2025-10-18
CVE-2023-53398,0.000220000,0.044860000,0.1634304207119741,2025-10-18,2025-10-18
CVE-2023-53397,0.000320000,0.082070000,0.37355524734165513,2025-10-18,2025-10-18
CVE-2023-53396,0.000240000,0.049960000,0.19602404068423485,2025-10-18,2025-10-18
CVE-2023-53395,0.000320000,0.082070000,0.37355524734165513,2025-10-18,2025-10-18
CVE-2023-53394,0.000240000,0.052670000,0.19602404068423485,2025-10-18,2025-10-18
CVE-2023-53393,0.000230000,0.048700000,0.18007397133610725,2025-10-18,2025-10-18
CVE-2023-53392,0.000220000,0.044860000,0.1634304207119741,2025-10-18,2025-10-18
CVE-2023-53391,0.000240000,0.049960000,0.19602404068423485,2025-10-18,2025-10-18
CVE-2023-53390,0.000230000,0.048700000,0.18007397133610725,2025-10-18,2025-10-18
CVE-2023-53389,0.000230000,0.048700000,0.18007397133610725,2025-10-18,2025-10-18
CVE-2023-53388,0.000320000,0.082070000,0.37355524734165513,2025-10-18,2025-10-18
CVE-2023-53387,0.000220000,0.044860000,0.1634304207119741,2025-10-18,2025-10-18
CVE-2023-53386,0.000320000,0.082070000,0.37355524734165513,2025-10-18,2025-10-18
CVE-2023-53385,0.000220000,0.044860000,0.1634304207119741,2025-10-18,2025-10-18
CVE-2023-53384,0.000430000,0.129300000,0.6604253351826167,2025-10-18,2025-10-18
CVE-2023-53383,0.000220000,0.044860000,0.1634304207119741,2025-10-18,2025-10-18
CVE-2023-53382,0.000220000,0.044860000,0.1634304207119741,2025-10-18,2025-10-18
CVE-2023-53381,0.000240000,0.049960000,0.19602404068423485,2025-10-18,2025-10-18
CVE-2023-53380,0.000320000,0.082070000,0.37355524734165513,2025-10-18,2025-10-18
CVE-2023-53379,0.000320000,0.082070000,0.37355524734165513,2025-10-18,2025-10-18
CVE-2023-53378,0.000220000,0.044860000,0.1634304207119741,2025-10-18,2025-10-18
CVE-2023-53377,0.000230000,0.048700000,0.18007397133610725,2025-10-18,2025-10-18
CVE-2023-53376,0.000220000,0.044860000,0.1634304207119741,2025-10-18,2025-10-18
CVE-2023-53375,0.000320000,0.082070000,0.37355524734165513,2025-10-18,2025-10-18
CVE-2023-53374,0.000220000,0.044860000,0.1634304207119741,2025-10-18,2025-10-18
CVE-2023-53373,0.000320000,0.082070000,0.37355524734165513,2025-10-18,2025-10-18
CVE-2023-53372,0.000320000,0.082070000,0.37355524734165513,2025-10-18,2025-10-18
CVE-2023-53371,0.000220000,0.044860000,0.1634304207119741,2025-10-18,2025-10-18
CVE-2023-53370,0.000220000,0.044860000,0.1634304207119741,2025-10-18,2025-10-18
CVE-2023-53369,0.000400000,0.116980000,0.6310679611650486,2025-10-18,2025-10-18
CVE-2022-50400,0.000240000,0.049960000,0.19602404068423485,2025-10-18,2025-10-18
CVE-2022-50399,0.000230000,0.048700000,0.18007397133610725,2025-10-18,2025-10-18
CVE-2022-50398,0.000240000,0.052670000,0.19602404068423485,2025-10-18,2025-10-18
CVE-2022-50396,0.000410000,0.122160000,0.6444752658344891,2025-10-18,2025-10-18
CVE-2022-50395,0.000320000,0.082070000,0.37355524734165513,2025-10-18,2025-10-18
CVE-2022-50394,0.000430000,0.129300000,0.6604253351826167,2025-10-18,2025-10-18
CVE-2022-50393,0.000220000,0.044860000,0.1634304207119741,2025-10-18,2025-10-18
CVE-2022-50392,0.000230000,0.048700000,0.18007397133610725,2025-10-18,2025-10-18
CVE-2022-50391,0.000220000,0.044860000,0.1634304207119741,2025-10-18,2025-10-18
CVE-2022-50390,0.000220000,0.044860000,0.1634304207119741,2025-10-18,2025-10-18
CVE-2022-50389,0.000320000,0.082070000,0.37355524734165513,2025-10-18,2025-10-18
CVE-2022-50388,0.000240000,0.049960000,0.19602404068423485,2025-10-18,2025-10-18
CVE-2022-50387,0.000230000,0.048700000,0.18007397133610725,2025-10-18,2025-10-18
CVE-2022-50386,0.000430000,0.129300000,0.6604253351826167,2025-10-18,2025-10-18
CVE-2022-50385,0.000240000,0.049960000,0.19602404068423485,2025-10-18,2025-10-18
CVE-2022-50384,0.000430000,0.129300000,0.6604253351826167,2025-10-18,2025-10-18
CVE-2022-50383,0.000220000,0.044860000,0.1634304207119741,2025-10-18,2025-10-18
CVE-2022-50382,0.000240000,0.049960000,0.19602404068423485,2025-10-18,2025-10-18
CVE-2022-50381,0.000430000,0.129300000,0.6604253351826167,2025-10-18,2025-10-18
CVE-2022-50380,0.000320000,0.082070000,0.37355524734165513,2025-10-18,2025-10-18
CVE-2022-50379,0.000320000,0.082070000,0.37355524734165513,2025-10-18,2025-10-18
CVE-2022-50378,0.000230000,0.048700000,0.18007397133610725,2025-10-18,2025-10-18
CVE-2022-50376,0.000320000,0.082070000,0.37355524734165513,2025-10-18,2025-10-18
CVE-2022-50375,0.000320000,0.082070000,0.37355524734165513,2025-10-18,2025-10-18
CVE-2025-8487,0.000380000,0.107560000,0.5917706888580675,2025-10-18,2025-10-18
CVE-2025-7937,0.000220000,0.043780000,0.1634304207119741,2025-10-18,2025-10-18
CVE-2025-6198,0.000220000,0.043780000,0.1634304207119741,2025-10-18,2025-10-18
CVE-2025-59717,0.000380000,0.111180000,0.5917706888580675,2025-10-18,2025-10-18
CVE-2025-59715,0.000280000,0.065560000,0.29357374017568194,2025-10-18,2025-10-18
CVE-2025-59714,0.000360000,0.098460000,0.5388349514563107,2025-10-18,2025-10-18
CVE-2025-59713,0.000170000,0.028430000,0.11488673139158576,2025-10-18,2025-10-18
CVE-2025-59712,0.000100000,0.007710000,0.0372168284789644,2025-10-18,2025-10-18
CVE-2025-59692,0.000380000,0.108640000,0.5917706888580675,2025-10-18,2025-10-18
CVE-2025-59691,0.000360000,0.098630000,0.5388349514563107,2025-10-18,2025-10-18
CVE-2025-5955,0.001740000,0.392270000,0.9257975034674064,2025-10-18,2025-10-18
CVE-2025-59424,0.000340000,0.090490000,0.444290337494221,2025-10-18,2025-10-18
CVE-2025-59421,0.000550000,0.174290000,0.7792417938049006,2025-10-18,2025-10-18
CVE-2025-59417,0.000760000,0.233590000,0.8506703652334721,2025-10-18,2025-10-18
CVE-2025-59220,0.000410000,0.120960000,0.6444752658344891,2025-10-18,2025-10-18
CVE-2025-59216,0.000410000,0.120960000,0.6444752658344891,2025-10-18,2025-10-18
CVE-2025-59215,0.000450000,0.136200000,0.6874711049468331,2025-10-18,2025-10-18
CVE-2025-59040,0.000220000,0.046240000,0.1634304207119741,2025-10-18,2025-10-18
CVE-2025-57452,0.000310000,0.079950000,0.3603791030975497,2025-10-18,2025-10-18
CVE-2025-57295,0.000530000,0.166250000,0.7600554785020804,2025-10-18,2025-10-18
CVE-2025-57293,0.000980000,0.280400000,0.8832639852057328,2025-10-18,2025-10-18
CVE-2025-55912,0.045630000,0.886570000,0.9946833102172908,2025-10-18,2025-10-18
CVE-2025-55911,0.013260000,0.792160000,0.9900601017105871,2025-10-18,2025-10-18
CVE-2025-55068,0.000920000,0.269530000,0.8760980120203421,2025-10-18,2025-10-18
CVE-2025-54860,0.000160000,0.024810000,0.09662505779010633,2025-10-18,2025-10-18
CVE-2025-54818,0.000090000,0.006060000,0.03374942209893666,2025-10-18,2025-10-18
CVE-2025-54810,0.000200000,0.039740000,0.15372168284789645,2025-10-18,2025-10-18
CVE-2025-54807,0.001090000,0.298860000,0.8922792417938049,2025-10-18,2025-10-18
CVE-2025-54754,0.000260000,0.056690000,0.25358298659269535,2025-10-18,2025-10-18
CVE-2025-54497,0.000500000,0.152850000,0.7376329172445677,2025-10-18,2025-10-18
CVE-2025-53969,0.001220000,0.321390000,0.9017568192325474,2025-10-18,2025-10-18
CVE-2025-53947,0.000140000,0.017760000,0.06634304207119741,2025-10-18,2025-10-18
CVE-2025-52873,0.000500000,0.152850000,0.7376329172445677,2025-10-18,2025-10-18
CVE-2025-50255,0.000070000,0.003900000,0.019648636153490523,2025-10-18,2025-10-18
CVE-2025-47906,0.000220000,0.044380000,0.1634304207119741,2025-10-18,2025-10-18
CVE-2025-47698,0.000120000,0.011960000,0.04461396208969025,2025-10-18,2025-10-18
CVE-2025-36146,0.000290000,0.070610000,0.3092926490984743,2025-10-18,2025-10-18
CVE-2025-36143,0.000490000,0.149230000,0.7304669440591771,2025-10-18,2025-10-18
CVE-2025-36139,0.000270000,0.061820000,0.2875635691169672,2025-10-18,2025-10-18
CVE-2025-30755,0.000350000,0.094120000,0.4919093851132686,2025-10-18,2025-10-18
CVE-2025-30519,0.000540000,0.170800000,0.7706888580674989,2025-10-18,2025-10-18
CVE-2025-26503,0.000180000,0.034350000,0.13522884882108183,2025-10-18,2025-10-18
CVE-2025-10690,0.002060000,0.430960000,0.9387424872861766,2025-10-18,2025-10-18
CVE-2025-10689,0.000970000,0.278410000,0.882339343504392,2025-10-18,2025-10-18
CVE-2025-10688,0.000300000,0.074880000,0.3333333333333333,2025-10-18,2025-10-18
CVE-2025-10687,0.000300000,0.074880000,0.3333333333333333,2025-10-18,2025-10-18
CVE-2025-10676,0.000260000,0.058230000,0.25358298659269535,2025-10-18,2025-10-18
CVE-2025-10675,0.000260000,0.058230000,0.25358298659269535,2025-10-18,2025-10-18
CVE-2025-10674,0.000260000,0.058230000,0.25358298659269535,2025-10-18,2025-10-18
CVE-2025-10650,0.000430000,0.128690000,0.6604253351826167,2025-10-18,2025-10-18
CVE-2025-10146,0.000800000,0.245510000,0.8587609801202034,2025-10-18,2025-10-18
CVE-2025-10035,0.624430000,0.982610000,0.9990753582986592,2025-10-18,2025-10-18
CVE-2023-53447,0.000240000,0.052670000,0.19602404068423485,2025-10-18,2025-10-18
CVE-2023-53446,0.000430000,0.127610000,0.6604253351826167,2025-10-18,2025-10-18
CVE-2023-53445,0.000240000,0.049960000,0.19602404068423485,2025-10-18,2025-10-18
CVE-2023-53444,0.000220000,0.044860000,0.1634304207119741,2025-10-18,2025-10-18
CVE-2023-53443,0.000320000,0.082070000,0.37355524734165513,2025-10-18,2025-10-18
CVE-2023-53442,0.000220000,0.044860000,0.1634304207119741,2025-10-18,2025-10-18
CVE-2023-53441,0.000230000,0.048700000,0.18007397133610725,2025-10-18,2025-10-18
CVE-2023-53440,0.000320000,0.082070000,0.37355524734165513,2025-10-18,2025-10-18
CVE-2023-53439,0.000220000,0.044860000,0.1634304207119741,2025-10-18,2025-10-18
CVE-2023-53438,0.000230000,0.048700000,0.18007397133610725,2025-10-18,2025-10-18
CVE-2023-53437,0.000320000,0.082070000,0.37355524734165513,2025-10-18,2025-10-18
CVE-2023-53436,0.000320000,0.082070000,0.37355524734165513,2025-10-18,2025-10-18
CVE-2023-53435,0.000320000,0.082070000,0.37355524734165513,2025-10-18,2025-10-18
CVE-2023-53434,0.000220000,0.044860000,0.1634304207119741,2025-10-18,2025-10-18
CVE-2023-53433,0.000320000,0.082070000,0.37355524734165513,2025-10-18,2025-10-18
CVE-2023-53432,0.000230000,0.048700000,0.18007397133610725,2025-10-18,2025-10-18
CVE-2023-53431,0.000320000,0.082070000,0.37355524734165513,2025-10-18,2025-10-18
CVE-2023-53430,0.000240000,0.052670000,0.19602404068423485,2025-10-18,2025-10-18
CVE-2023-53429,0.000240000,0.052670000,0.19602404068423485,2025-10-18,2025-10-18
CVE-2023-53428,0.000250000,0.055340000,0.23439667128987518,2025-10-18,2025-10-18
CVE-2023-53427,0.000320000,0.082070000,0.37355524734165513,2025-10-18,2025-10-18
CVE-2023-53426,0.000230000,0.048700000,0.18007397133610725,2025-10-18,2025-10-18
CVE-2023-53425,0.000320000,0.082070000,0.37355524734165513,2025-10-18,2025-10-18
CVE-2023-53424,0.000220000,0.044860000,0.1634304207119741,2025-10-18,2025-10-18
CVE-2023-53423,0.000240000,0.049960000,0.19602404068423485,2025-10-18,2025-10-18
CVE-2023-53422,0.000320000,0.082070000,0.37355524734165513,2025-10-18,2025-10-18
CVE-2023-53421,0.000220000,0.044860000,0.1634304207119741,2025-10-18,2025-10-18
CVE-2023-53420,0.000230000,0.048700000,0.18007397133610725,2025-10-18,2025-10-18
CVE-2023-53419,0.000240000,0.049960000,0.19602404068423485,2025-10-18,2025-10-18
CVE-2023-49367,0.000420000,0.125820000,0.6539528432732317,2025-10-18,2025-10-18
CVE-2022-50419,0.000430000,0.129300000,0.6604253351826167,2025-10-18,2025-10-18
CVE-2022-50418,0.000220000,0.044860000,0.1634304207119741,2025-10-18,2025-10-18
CVE-2022-50417,0.000240000,0.049960000,0.19602404068423485,2025-10-18,2025-10-18
CVE-2022-50416,0.000230000,0.048700000,0.18007397133610725,2025-10-18,2025-10-18
CVE-2022-50415,0.000430000,0.129300000,0.6604253351826167,2025-10-18,2025-10-18
CVE-2022-50414,0.000430000,0.129300000,0.6604253351826167,2025-10-18,2025-10-18
CVE-2022-50413,0.000240000,0.052670000,0.19602404068423485,2025-10-18,2025-10-18
CVE-2022-50412,0.000240000,0.051770000,0.19602404068423485,2025-10-18,2025-10-18
CVE-2022-50411,0.000430000,0.129300000,0.6604253351826167,2025-10-18,2025-10-18
CVE-2022-50410,0.000240000,0.049960000,0.19602404068423485,2025-10-18,2025-10-18
CVE-2022-50409,0.000320000,0.082070000,0.37355524734165513,2025-10-18,2025-10-18
CVE-2022-50408,0.000320000,0.082070000,0.37355524734165513,2025-10-18,2025-10-18
CVE-2022-50407,0.000220000,0.044860000,0.1634304207119741,2025-10-18,2025-10-18
CVE-2022-50406,0.000220000,0.044860000,0.1634304207119741,2025-10-18,2025-10-18
CVE-2022-50405,0.000430000,0.129300000,0.6604253351826167,2025-10-18,2025-10-18
CVE-2022-50404,0.000230000,0.048700000,0.18007397133610725,2025-10-18,2025-10-18
CVE-2022-50402,0.000320000,0.082070000,0.37355524734165513,2025-10-18,2025-10-18
CVE-2022-50401,0.000430000,0.129300000,0.6604253351826167,2025-10-18,2025-10-18
CVE-2025-9969,0.000350000,0.094920000,0.4919093851132686,2025-10-18,2025-10-18
CVE-2025-9906,0.000240000,0.052160000,0.19602404068423485,2025-10-18,2025-10-18
CVE-2025-9905,0.000050000,0.002040000,0.0034674063800277394,2025-10-18,2025-10-18
CVE-2025-8664,0.000360000,0.098680000,0.5388349514563107,2025-10-18,2025-10-18
CVE-2025-8532,0.000120000,0.012570000,0.04461396208969025,2025-10-18,2025-10-18
CVE-2025-8531,0.002190000,0.444990000,0.9435968562182154,2025-10-18,2025-10-18
CVE-2025-7702,0.000310000,0.076880000,0.3603791030975497,2025-10-18,2025-10-18
CVE-2025-7665,0.000720000,0.225570000,0.841886269070735,2025-10-18,2025-10-18
CVE-2025-7403,0.000180000,0.031780000,0.13522884882108183,2025-10-18,2025-10-18
CVE-2025-5948,0.000970000,0.277830000,0.882339343504392,2025-10-18,2025-10-18
CVE-2025-59427,0.000560000,0.174960000,0.7859454461396209,2025-10-18,2025-10-18
CVE-2025-59344,0.000310000,0.078890000,0.3603791030975497,2025-10-18,2025-10-18
CVE-2025-58114,0.000420000,0.125160000,0.6539528432732317,2025-10-18,2025-10-18
CVE-2025-57880,0.000300000,0.076300000,0.3333333333333333,2025-10-18,2025-10-18
CVE-2025-57644,0.005220000,0.659820000,0.9782709200184928,2025-10-18,2025-10-18
CVE-2025-57528,0.000480000,0.146730000,0.7244567730004623,2025-10-18,2025-10-18
CVE-2025-57296,0.032150000,0.864910000,0.9932963476652797,2025-10-18,2025-10-18
CVE-2025-56869,0.001020000,0.288370000,0.8867313915857605,2025-10-18,2025-10-18
CVE-2025-55910,0.000390000,0.111560000,0.602635228848821,2025-10-18,2025-10-18
CVE-2025-52159,0.000440000,0.130720000,0.6747572815533981,2025-10-18,2025-10-18
CVE-2025-48703,0.001580000,0.373170000,0.919093851132686,2025-10-18,2025-10-18
CVE-2025-48007,0.000330000,0.087050000,0.4172445677300046,2025-10-18,2025-10-18
CVE-2025-46703,0.000330000,0.087050000,0.4172445677300046,2025-10-18,2025-10-18
CVE-2025-43809,0.000200000,0.039040000,0.15372168284789645,2025-10-18,2025-10-18
CVE-2025-43803,0.001730000,0.391860000,0.9255663430420712,2025-10-18,2025-10-18
CVE-2025-39866,0.000320000,0.082070000,0.37355524734165513,2025-10-18,2025-10-18
CVE-2025-39865,0.000320000,0.082070000,0.37355524734165513,2025-10-18,2025-10-18
CVE-2025-39864,0.000320000,0.082070000,0.37355524734165513,2025-10-18,2025-10-18
CVE-2025-39863,0.000240000,0.049540000,0.19602404068423485,2025-10-18,2025-10-18
CVE-2025-39862,0.000240000,0.052670000,0.19602404068423485,2025-10-18,2025-10-18
CVE-2025-39861,0.000230000,0.048700000,0.18007397133610725,2025-10-18,2025-10-18
CVE-2025-39860,0.000320000,0.082070000,0.37355524734165513,2025-10-18,2025-10-18
CVE-2025-39859,0.000240000,0.052670000,0.19602404068423485,2025-10-18,2025-10-18
CVE-2025-39858,0.000240000,0.052670000,0.19602404068423485,2025-10-18,2025-10-18
CVE-2025-39857,0.000240000,0.049960000,0.19602404068423485,2025-10-18,2025-10-18
CVE-2025-39856,0.000240000,0.052670000,0.19602404068423485,2025-10-18,2025-10-18
CVE-2025-39855,0.000240000,0.052670000,0.19602404068423485,2025-10-18,2025-10-18
CVE-2025-39854,0.000220000,0.044860000,0.1634304207119741,2025-10-18,2025-10-18
CVE-2025-39853,0.000320000,0.082070000,0.37355524734165513,2025-10-18,2025-10-18
CVE-2025-39852,0.000220000,0.044860000,0.1634304207119741,2025-10-18,2025-10-18
CVE-2025-39851,0.000220000,0.044860000,0.1634304207119741,2025-10-18,2025-10-18
CVE-2025-39850,0.000220000,0.044860000,0.1634304207119741,2025-10-18,2025-10-18
CVE-2025-39849,0.000240000,0.049960000,0.19602404068423485,2025-10-18,2025-10-18
CVE-2025-39848,0.000320000,0.082070000,0.37355524734165513,2025-10-18,2025-10-18
CVE-2025-39847,0.000320000,0.082070000,0.37355524734165513,2025-10-18,2025-10-18
CVE-2025-39846,0.000320000,0.082070000,0.37355524734165513,2025-10-18,2025-10-18
CVE-2025-39845,0.000320000,0.082070000,0.37355524734165513,2025-10-18,2025-10-18
CVE-2025-39844,0.000320000,0.082070000,0.37355524734165513,2025-10-18,2025-10-18
CVE-2025-39843,0.000240000,0.049960000,0.19602404068423485,2025-10-18,2025-10-18
CVE-2025-39842,0.000240000,0.051770000,0.19602404068423485,2025-10-18,2025-10-18
CVE-2025-39841,0.000320000,0.082070000,0.37355524734165513,2025-10-18,2025-10-18
CVE-2025-39840,0.000240000,0.052670000,0.19602404068423485,2025-10-18,2025-10-18
CVE-2025-39839,0.000320000,0.082070000,0.37355524734165513,2025-10-18,2025-10-18
CVE-2025-39838,0.000240000,0.049960000,0.19602404068423485,2025-10-18,2025-10-18
CVE-2025-39837,0.000240000,0.052670000,0.19602404068423485,2025-10-18,2025-10-18
CVE-2025-36248,0.000270000,0.063580000,0.2875635691169672,2025-10-18,2025-10-18
CVE-2025-34206,0.000230000,0.049130000,0.18007397133610725,2025-10-18,2025-10-18
CVE-2025-34205,0.026550000,0.851910000,0.992371705963939,2025-10-18,2025-10-18
CVE-2025-34204,0.000500000,0.152240000,0.7376329172445677,2025-10-18,2025-10-18
CVE-2025-34203,0.000570000,0.179910000,0.789875173370319,2025-10-18,2025-10-18
CVE-2025-34202,0.004820000,0.642800000,0.9754969949144706,2025-10-18,2025-10-18
CVE-2025-34201,0.000130000,0.015880000,0.05108645399907536,2025-10-18,2025-10-18
CVE-2025-34200,0.000060000,0.002320000,0.008552935737401757,2025-10-18,2025-10-18
CVE-2025-34199,0.000240000,0.051740000,0.19602404068423485,2025-10-18,2025-10-18
CVE-2025-34198,0.000470000,0.144340000,0.7008784096162737,2025-10-18,2025-10-18
CVE-2025-34197,0.000130000,0.014970000,0.05108645399907536,2025-10-18,2025-10-18
CVE-2025-34195,0.002800000,0.510320000,0.9526121128062875,2025-10-18,2025-10-18
CVE-2025-34194,0.000220000,0.043990000,0.1634304207119741,2025-10-18,2025-10-18
CVE-2025-34193,0.000720000,0.223430000,0.841886269070735,2025-10-18,2025-10-18
CVE-2025-34192,0.001020000,0.287380000,0.8867313915857605,2025-10-18,2025-10-18
CVE-2025-34191,0.000180000,0.032880000,0.13522884882108183,2025-10-18,2025-10-18
CVE-2025-34190,0.000460000,0.138230000,0.6941747572815534,2025-10-18,2025-10-18
CVE-2025-34189,0.000130000,0.014050000,0.05108645399907536,2025-10-18,2025-10-18
CVE-2025-34188,0.000420000,0.125350000,0.6539528432732317,2025-10-18,2025-10-18
CVE-2025-26517,0.000300000,0.074100000,0.3333333333333333,2025-10-18,2025-10-18
CVE-2025-26516,0.000660000,0.207060000,0.826629680998613,2025-10-18,2025-10-18
CVE-2025-26515,0.000390000,0.113120000,0.602635228848821,2025-10-18,2025-10-18
CVE-2025-26514,0.000370000,0.106870000,0.5624133148404993,2025-10-18,2025-10-18
CVE-2025-10722,0.000130000,0.015440000,0.05108645399907536,2025-10-18,2025-10-18
CVE-2025-10721,0.000130000,0.015440000,0.05108645399907536,2025-10-18,2025-10-18
CVE-2025-10719,0.000380000,0.110310000,0.5917706888580675,2025-10-18,2025-10-18
CVE-2025-10718,0.000130000,0.014950000,0.05108645399907536,2025-10-18,2025-10-18
CVE-2025-10717,0.000130000,0.015440000,0.05108645399907536,2025-10-18,2025-10-18
CVE-2025-10716,0.000130000,0.014950000,0.05108645399907536,2025-10-18,2025-10-18
CVE-2025-10715,0.000130000,0.015440000,0.05108645399907536,2025-10-18,2025-10-18
CVE-2025-10712,0.000370000,0.104200000,0.5624133148404993,2025-10-18,2025-10-18
CVE-2025-10711,0.000330000,0.086420000,0.4172445677300046,2025-10-18,2025-10-18
CVE-2025-10710,0.000330000,0.086420000,0.4172445677300046,2025-10-18,2025-10-18
CVE-2025-10709,0.002190000,0.444700000,0.9435968562182154,2025-10-18,2025-10-18
CVE-2025-10708,0.002190000,0.444700000,0.9435968562182154,2025-10-18,2025-10-18
CVE-2025-10707,0.000360000,0.098430000,0.5388349514563107,2025-10-18,2025-10-18
CVE-2025-10647,0.002270000,0.453860000,0.9452149791955617,2025-10-18,2025-10-18
CVE-2025-10630,0.000640000,0.201770000,0.8206195099398983,2025-10-18,2025-10-18
CVE-2025-10568,0.000260000,0.057890000,0.25358298659269535,2025-10-18,2025-10-18
CVE-2025-10468,0.000570000,0.178780000,0.789875173370319,2025-10-18,2025-10-18
CVE-2025-10458,0.000210000,0.040760000,0.1583448913546001,2025-10-18,2025-10-18
CVE-2025-10457,0.000180000,0.033210000,0.13522884882108183,2025-10-18,2025-10-18
CVE-2025-10456,0.000220000,0.043630000,0.1634304207119741,2025-10-18,2025-10-18
CVE-2024-13990,0.001520000,0.364910000,0.9179380490060102,2025-10-18,2025-10-18
CVE-2022-4980,0.008360000,0.738690000,0.9842810910772076,2025-10-18,2025-10-18
CVE-2025-9983,0.000230000,0.049200000,0.18007397133610725,2025-10-18,2025-10-18
CVE-2025-9949,0.000130000,0.013570000,0.05108645399907536,2025-10-18,2025-10-18
CVE-2025-9887,0.000140000,0.017590000,0.06634304207119741,2025-10-18,2025-10-18
CVE-2025-9883,0.000130000,0.013530000,0.05108645399907536,2025-10-18,2025-10-18
CVE-2025-9882,0.000130000,0.013530000,0.05108645399907536,2025-10-18,2025-10-18
CVE-2025-9541,0.000500000,0.152560000,0.7376329172445677,2025-10-18,2025-10-18
CVE-2025-9540,0.000500000,0.152560000,0.7376329172445677,2025-10-18,2025-10-18
CVE-2025-9487,0.000500000,0.152560000,0.7376329172445677,2025-10-18,2025-10-18
CVE-2025-9115,0.000540000,0.170630000,0.7706888580674989,2025-10-18,2025-10-18
CVE-2025-9081,0.000120000,0.011600000,0.04461396208969025,2025-10-18,2025-10-18
CVE-2025-9079,0.000420000,0.124000000,0.6539528432732317,2025-10-18,2025-10-18
CVE-2025-9038,0.000180000,0.033570000,0.13522884882108183,2025-10-18,2025-10-18
CVE-2025-9035,0.000360000,0.098680000,0.5388349514563107,2025-10-18,2025-10-18
CVE-2025-8079,0.000290000,0.072580000,0.3092926490984743,2025-10-18,2025-10-18
CVE-2025-6544,0.001200000,0.317980000,0.901294498381877,2025-10-18,2025-10-18
CVE-2025-59801,0.000160000,0.026340000,0.09662505779010633,2025-10-18,2025-10-18
CVE-2025-59800,0.000130000,0.013980000,0.05108645399907536,2025-10-18,2025-10-18
CVE-2025-59799,0.000130000,0.013980000,0.05108645399907536,2025-10-18,2025-10-18
CVE-2025-59798,0.000130000,0.013980000,0.05108645399907536,2025-10-18,2025-10-18
CVE-2025-59797,0.000370000,0.104920000,0.5624133148404993,2025-10-18,2025-10-18
CVE-2025-59689,0.186690000,0.949640000,0.9981507165973186,2025-10-18,2025-10-18
CVE-2025-5962,0.000190000,0.034680000,0.14586222838650023,2025-10-18,2025-10-18
CVE-2025-59431,0.000360000,0.097660000,0.5388349514563107,2025-10-18,2025-10-18
CVE-2025-57396,0.000330000,0.086380000,0.4172445677300046,2025-10-18,2025-10-18
CVE-2025-56762,0.000100000,0.007510000,0.0372168284789644,2025-10-18,2025-10-18
CVE-2025-56075,0.000320000,0.083360000,0.37355524734165513,2025-10-18,2025-10-18
CVE-2025-56074,0.001160000,0.311400000,0.8975959315765141,2025-10-18,2025-10-18
CVE-2025-54815,0.000850000,0.255460000,0.8682385575589459,2025-10-18,2025-10-18
CVE-2025-54761,0.000360000,0.099420000,0.5388349514563107,2025-10-18,2025-10-18
CVE-2025-53692,0.000330000,0.087020000,0.4172445677300046,2025-10-18,2025-10-18
CVE-2025-51006,0.000290000,0.069220000,0.3092926490984743,2025-10-18,2025-10-18
CVE-2025-46711,0.000140000,0.018880000,0.06634304207119741,2025-10-18,2025-10-18
CVE-2025-43808,0.000580000,0.184110000,0.794960702727693,2025-10-18,2025-10-18
CVE-2025-40925,0.000380000,0.110410000,0.5917706888580675,2025-10-18,2025-10-18
CVE-2025-36202,0.000450000,0.136350000,0.6874711049468331,2025-10-18,2025-10-18
CVE-2025-36037,0.000270000,0.060950000,0.2875635691169672,2025-10-18,2025-10-18
CVE-2025-35042,0.001440000,0.353570000,0.9130836800739713,2025-10-18,2025-10-18
CVE-2025-35041,0.001150000,0.310080000,0.8969024503005085,2025-10-18,2025-10-18
CVE-2025-25177,0.000160000,0.023600000,0.09662505779010633,2025-10-18,2025-10-18
CVE-2025-10854,0.000620000,0.194910000,0.8125288950531669,2025-10-18,2025-10-18
CVE-2025-10805,0.000280000,0.066880000,0.29357374017568194,2025-10-18,2025-10-18
CVE-2025-10804,0.000280000,0.066880000,0.29357374017568194,2025-10-18,2025-10-18
CVE-2025-10803,0.000790000,0.243760000,0.8564493758668515,2025-10-18,2025-10-18
CVE-2025-10802,0.000300000,0.074880000,0.3333333333333333,2025-10-18,2025-10-18
CVE-2025-10801,0.000430000,0.126220000,0.6604253351826167,2025-10-18,2025-10-18
CVE-2025-10800,0.000390000,0.113710000,0.602635228848821,2025-10-18,2025-10-18
CVE-2025-10799,0.000370000,0.105880000,0.5624133148404993,2025-10-18,2025-10-18
CVE-2025-10798,0.000300000,0.074880000,0.3333333333333333,2025-10-18,2025-10-18
CVE-2025-10797,0.000300000,0.074880000,0.3333333333333333,2025-10-18,2025-10-18
CVE-2025-10796,0.000300000,0.074880000,0.3333333333333333,2025-10-18,2025-10-18
CVE-2025-10795,0.000300000,0.074880000,0.3333333333333333,2025-10-18,2025-10-18
CVE-2025-10794,0.000280000,0.066690000,0.29357374017568194,2025-10-18,2025-10-18
CVE-2025-10793,0.000350000,0.094150000,0.4919093851132686,2025-10-18,2025-10-18
CVE-2025-10792,0.003340000,0.556540000,0.959546925566343,2025-10-18,2025-10-18
CVE-2025-10791,0.000300000,0.074880000,0.3333333333333333,2025-10-18,2025-10-18
CVE-2025-10790,0.000280000,0.066880000,0.29357374017568194,2025-10-18,2025-10-18
CVE-2025-10789,0.000300000,0.074880000,0.3333333333333333,2025-10-18,2025-10-18
CVE-2025-10788,0.000300000,0.074880000,0.3333333333333333,2025-10-18,2025-10-18
CVE-2025-10787,0.000380000,0.107900000,0.5917706888580675,2025-10-18,2025-10-18
CVE-2025-10786,0.000370000,0.105880000,0.5624133148404993,2025-10-18,2025-10-18
CVE-2025-10785,0.000390000,0.113710000,0.602635228848821,2025-10-18,2025-10-18
CVE-2025-10784,0.000300000,0.074880000,0.3333333333333333,2025-10-18,2025-10-18
CVE-2025-10783,0.000300000,0.074880000,0.3333333333333333,2025-10-18,2025-10-18
CVE-2025-10782,0.000300000,0.074880000,0.3333333333333333,2025-10-18,2025-10-18
CVE-2025-10781,0.000300000,0.074880000,0.3333333333333333,2025-10-18,2025-10-18
CVE-2025-10780,0.000280000,0.066880000,0.29357374017568194,2025-10-18,2025-10-18
CVE-2025-10779,0.000660000,0.206980000,0.826629680998613,2025-10-18,2025-10-18
CVE-2025-10778,0.000260000,0.058160000,0.25358298659269535,2025-10-18,2025-10-18
CVE-2025-10777,0.000420000,0.125600000,0.6539528432732317,2025-10-18,2025-10-18
CVE-2025-10776,0.000170000,0.028380000,0.11488673139158576,2025-10-18,2025-10-18
CVE-2025-10775,0.002100000,0.434700000,0.9401294498381877,2025-10-18,2025-10-18
CVE-2025-10774,0.003240000,0.549180000,0.9576976421636616,2025-10-18,2025-10-18
CVE-2025-10773,0.000930000,0.271160000,0.8772538141470181,2025-10-18,2025-10-18
CVE-2025-10772,0.000390000,0.113230000,0.602635228848821,2025-10-18,2025-10-18
CVE-2025-10771,0.000370000,0.104380000,0.5624133148404993,2025-10-18,2025-10-18
CVE-2025-10770,0.000410000,0.122470000,0.6444752658344891,2025-10-18,2025-10-18
CVE-2025-10769,0.000500000,0.152990000,0.7376329172445677,2025-10-18,2025-10-18
CVE-2025-10768,0.000380000,0.108950000,0.5917706888580675,2025-10-18,2025-10-18
CVE-2025-10767,0.004430000,0.624640000,0.9738788719371244,2025-10-18,2025-10-18
CVE-2025-10766,0.000730000,0.227840000,0.8453536754507628,2025-10-18,2025-10-18
CVE-2025-10765,0.000350000,0.094400000,0.4919093851132686,2025-10-18,2025-10-18
CVE-2025-10764,0.000370000,0.105860000,0.5624133148404993,2025-10-18,2025-10-18
CVE-2025-10763,0.000380000,0.107900000,0.5917706888580675,2025-10-18,2025-10-18
CVE-2025-10762,0.000310000,0.079700000,0.3603791030975497,2025-10-18,2025-10-18
CVE-2025-10761,0.000790000,0.243530000,0.8564493758668515,2025-10-18,2025-10-18
CVE-2025-10760,0.000400000,0.119620000,0.6310679611650486,2025-10-18,2025-10-18
CVE-2025-10759,0.000400000,0.116440000,0.6310679611650486,2025-10-18,2025-10-18
CVE-2025-10758,0.000250000,0.055880000,0.23439667128987518,2025-10-18,2025-10-18
CVE-2025-10757,0.000480000,0.148290000,0.7244567730004623,2025-10-18,2025-10-18
CVE-2025-10756,0.000480000,0.148290000,0.7244567730004623,2025-10-18,2025-10-18
CVE-2025-10755,0.000380000,0.107900000,0.5917706888580675,2025-10-18,2025-10-18
CVE-2025-10741,0.000400000,0.119620000,0.6310679611650486,2025-10-18,2025-10-18
CVE-2025-10658,0.002970000,0.526660000,0.9553860379103097,2025-10-18,2025-10-18
CVE-2025-10652,0.000270000,0.063530000,0.2875635691169672,2025-10-18,2025-10-18
CVE-2025-10489,0.000290000,0.073080000,0.3092926490984743,2025-10-18,2025-10-18
CVE-2025-10305,0.000440000,0.131210000,0.6747572815533981,2025-10-18,2025-10-18
CVE-2025-10181,0.000360000,0.099200000,0.5388349514563107,2025-10-18,2025-10-18
CVE-2025-10009,0.000840000,0.253410000,0.8656957928802589,2025-10-18,2025-10-18
CVE-2025-10002,0.000310000,0.079430000,0.3603791030975497,2025-10-18,2025-10-18
CVE-2025-0875,0.000280000,0.065530000,0.29357374017568194,2025-10-18,2025-10-18
CVE-2025-59420,0.000190000,0.035740000,0.14586222838650023,2025-10-18,2025-10-18
CVE-2025-59418,0.000140000,0.017950000,0.06634304207119741,2025-10-18,2025-10-18
CVE-2025-59413,0.000450000,0.133740000,0.6874711049468331,2025-10-18,2025-10-18
CVE-2025-59412,0.000300000,0.075740000,0.3333333333333333,2025-10-18,2025-10-18
CVE-2025-59411,0.000300000,0.075720000,0.3333333333333333,2025-10-18,2025-10-18
CVE-2025-59335,0.000120000,0.011150000,0.04461396208969025,2025-10-18,2025-10-18
CVE-2025-57943,0.000300000,0.076690000,0.3333333333333333,2025-10-18,2025-10-18
CVE-2025-57942,0.000160000,0.024020000,0.09662505779010633,2025-10-18,2025-10-18
CVE-2025-57941,0.000330000,0.086250000,0.4172445677300046,2025-10-18,2025-10-18
CVE-2025-57940,0.000330000,0.086250000,0.4172445677300046,2025-10-18,2025-10-18
CVE-2025-57939,0.000370000,0.103810000,0.5624133148404993,2025-10-18,2025-10-18
CVE-2025-57938,0.000340000,0.088550000,0.444290337494221,2025-10-18,2025-10-18
CVE-2025-57937,0.000300000,0.076790000,0.3333333333333333,2025-10-18,2025-10-18
CVE-2025-57936,0.000290000,0.073080000,0.3092926490984743,2025-10-18,2025-10-18
CVE-2025-57935,0.000330000,0.086250000,0.4172445677300046,2025-10-18,2025-10-18
CVE-2025-57934,0.000160000,0.024020000,0.09662505779010633,2025-10-18,2025-10-18
CVE-2025-57933,0.000160000,0.024020000,0.09662505779010633,2025-10-18,2025-10-18
CVE-2025-57932,0.000340000,0.088550000,0.444290337494221,2025-10-18,2025-10-18
CVE-2025-57930,0.000160000,0.024020000,0.09662505779010633,2025-10-18,2025-10-18
CVE-2025-57929,0.000330000,0.086250000,0.4172445677300046,2025-10-18,2025-10-18
CVE-2025-57928,0.000510000,0.157110000,0.7501155802126676,2025-10-18,2025-10-18
CVE-2025-57927,0.000160000,0.024020000,0.09662505779010633,2025-10-18,2025-10-18
CVE-2025-57926,0.000340000,0.088550000,0.444290337494221,2025-10-18,2025-10-18
CVE-2025-57925,0.001270000,0.329350000,0.90499306518724,2025-10-18,2025-10-18
CVE-2025-57924,0.000160000,0.024020000,0.09662505779010633,2025-10-18,2025-10-18
CVE-2025-57923,0.000360000,0.098630000,0.5388349514563107,2025-10-18,2025-10-18
CVE-2025-57922,0.000360000,0.098630000,0.5388349514563107,2025-10-18,2025-10-18
CVE-2025-57921,0.000370000,0.103810000,0.5624133148404993,2025-10-18,2025-10-18
CVE-2025-57920,0.000330000,0.086250000,0.4172445677300046,2025-10-18,2025-10-18
CVE-2025-57919,0.000580000,0.183650000,0.794960702727693,2025-10-18,2025-10-18
CVE-2025-57918,0.000150000,0.023490000,0.0811373092926491,2025-10-18,2025-10-18
CVE-2025-57917,0.000290000,0.073080000,0.3092926490984743,2025-10-18,2025-10-18
CVE-2025-57916,0.000300000,0.076790000,0.3333333333333333,2025-10-18,2025-10-18
CVE-2025-57915,0.000160000,0.024020000,0.09662505779010633,2025-10-18,2025-10-18
CVE-2025-57914,0.000160000,0.024020000,0.09662505779010633,2025-10-18,2025-10-18
CVE-2025-57913,0.000340000,0.088550000,0.444290337494221,2025-10-18,2025-10-18
CVE-2025-57912,0.000330000,0.086250000,0.4172445677300046,2025-10-18,2025-10-18
CVE-2025-57911,0.000340000,0.088550000,0.444290337494221,2025-10-18,2025-10-18
CVE-2025-57910,0.000340000,0.088550000,0.444290337494221,2025-10-18,2025-10-18
CVE-2025-57909,0.000320000,0.080110000,0.37355524734165513,2025-10-18,2025-10-18
CVE-2025-57908,0.000330000,0.086250000,0.4172445677300046,2025-10-18,2025-10-18
CVE-2025-57907,0.000370000,0.103810000,0.5624133148404993,2025-10-18,2025-10-18
CVE-2025-57906,0.000330000,0.086250000,0.4172445677300046,2025-10-18,2025-10-18
CVE-2025-57905,0.000160000,0.024020000,0.09662505779010633,2025-10-18,2025-10-18
CVE-2025-57904,0.000330000,0.086250000,0.4172445677300046,2025-10-18,2025-10-18
CVE-2025-57903,0.000330000,0.086250000,0.4172445677300046,2025-10-18,2025-10-18
CVE-2025-57902,0.000160000,0.024020000,0.09662505779010633,2025-10-18,2025-10-18
CVE-2025-57901,0.000340000,0.088550000,0.444290337494221,2025-10-18,2025-10-18
CVE-2025-57900,0.000340000,0.088550000,0.444290337494221,2025-10-18,2025-10-18
CVE-2025-57899,0.000520000,0.161750000,0.7565880721220527,2025-10-18,2025-10-18
CVE-2025-57898,0.000340000,0.088550000,0.444290337494221,2025-10-18,2025-10-18
CVE-2025-57685,0.002350000,0.463920000,0.9456773000462321,2025-10-18,2025-10-18
CVE-2025-57682,0.002840000,0.515190000,0.9528432732316228,2025-10-18,2025-10-18
CVE-2025-57605,0.000440000,0.130720000,0.6747572815533981,2025-10-18,2025-10-18
CVE-2025-57602,0.002890000,0.520240000,0.9533055940822931,2025-10-18,2025-10-18
CVE-2025-57601,0.000630000,0.199560000,0.8146093388811836,2025-10-18,2025-10-18
CVE-2025-57441,0.000530000,0.165150000,0.7600554785020804,2025-10-18,2025-10-18
CVE-2025-57440,0.000140000,0.017140000,0.06634304207119741,2025-10-18,2025-10-18
CVE-2025-57439,0.001220000,0.320790000,0.9017568192325474,2025-10-18,2025-10-18
CVE-2025-57438,0.000350000,0.095350000,0.4919093851132686,2025-10-18,2025-10-18
CVE-2025-57437,0.000530000,0.165150000,0.7600554785020804,2025-10-18,2025-10-18
CVE-2025-57434,0.000860000,0.257560000,0.8693943596856218,2025-10-18,2025-10-18
CVE-2025-57433,0.000340000,0.090730000,0.444290337494221,2025-10-18,2025-10-18
CVE-2025-57432,0.003640000,0.577370000,0.9653259361997226,2025-10-18,2025-10-18
CVE-2025-57431,0.000630000,0.198420000,0.8146093388811836,2025-10-18,2025-10-18
CVE-2025-57430,0.000380000,0.110360000,0.5917706888580675,2025-10-18,2025-10-18
CVE-2025-55888,0.000800000,0.245730000,0.8587609801202034,2025-10-18,2025-10-18
CVE-2025-55887,0.000310000,0.079360000,0.3603791030975497,2025-10-18,2025-10-18
CVE-2025-55886,0.000240000,0.052670000,0.19602404068423485,2025-10-18,2025-10-18
CVE-2025-55885,0.000930000,0.270430000,0.8772538141470181,2025-10-18,2025-10-18
CVE-2025-53570,0.000340000,0.088550000,0.444290337494221,2025-10-18,2025-10-18
CVE-2025-53469,0.000330000,0.086250000,0.4172445677300046,2025-10-18,2025-10-18
CVE-2025-53468,0.000330000,0.086040000,0.4172445677300046,2025-10-18,2025-10-18
CVE-2025-53467,0.000330000,0.086250000,0.4172445677300046,2025-10-18,2025-10-18
CVE-2025-53466,0.000330000,0.086250000,0.4172445677300046,2025-10-18,2025-10-18
CVE-2025-53465,0.000580000,0.183650000,0.794960702727693,2025-10-18,2025-10-18
CVE-2025-53464,0.000330000,0.086250000,0.4172445677300046,2025-10-18,2025-10-18
CVE-2025-53463,0.000340000,0.088550000,0.444290337494221,2025-10-18,2025-10-18
CVE-2025-53462,0.000330000,0.086250000,0.4172445677300046,2025-10-18,2025-10-18
CVE-2025-53461,0.000300000,0.076690000,0.3333333333333333,2025-10-18,2025-10-18
CVE-2025-53460,0.000330000,0.086250000,0.4172445677300046,2025-10-18,2025-10-18
CVE-2025-53459,0.000330000,0.086250000,0.4172445677300046,2025-10-18,2025-10-18
CVE-2025-53458,0.000330000,0.086250000,0.4172445677300046,2025-10-18,2025-10-18
CVE-2025-53457,0.000300000,0.076690000,0.3333333333333333,2025-10-18,2025-10-18
CVE-2025-53456,0.000160000,0.024020000,0.09662505779010633,2025-10-18,2025-10-18
CVE-2025-53455,0.000330000,0.086250000,0.4172445677300046,2025-10-18,2025-10-18
CVE-2025-53454,0.000340000,0.088550000,0.444290337494221,2025-10-18,2025-10-18
CVE-2025-53452,0.000290000,0.073080000,0.3092926490984743,2025-10-18,2025-10-18
CVE-2025-53451,0.000160000,0.026070000,0.09662505779010633,2025-10-18,2025-10-18
CVE-2025-53450,0.001270000,0.329350000,0.90499306518724,2025-10-18,2025-10-18
CVE-2025-52367,0.666590000,0.984540000,0.9997688395746648,2025-10-18,2025-10-18
CVE-2025-43953,0.000560000,0.175840000,0.7859454461396209,2025-10-18,2025-10-18
CVE-2025-43807,0.001680000,0.385450000,0.9220989366620435,2025-10-18,2025-10-18
CVE-2025-36064,0.000510000,0.156920000,0.7501155802126676,2025-10-18,2025-10-18
CVE-2025-10811,0.000300000,0.074880000,0.3333333333333333,2025-10-18,2025-10-18
CVE-2025-10810,0.000300000,0.074880000,0.3333333333333333,2025-10-18,2025-10-18
CVE-2025-10809,0.000430000,0.126220000,0.6604253351826167,2025-10-18,2025-10-18
CVE-2025-10808,0.000300000,0.074880000,0.3333333333333333,2025-10-18,2025-10-18
CVE-2025-10807,0.000280000,0.066880000,0.29357374017568194,2025-10-18,2025-10-18
CVE-2025-10806,0.000280000,0.066880000,0.29357374017568194,2025-10-18,2025-10-18
CVE-2025-58228,0.000340000,0.088550000,0.444290337494221,2025-10-18,2025-10-18
CVE-2025-58227,0.000340000,0.088550000,0.444290337494221,2025-10-18,2025-10-18
CVE-2025-58226,0.000360000,0.098630000,0.5388349514563107,2025-10-18,2025-10-18
CVE-2025-58224,0.000160000,0.026070000,0.09662505779010633,2025-10-18,2025-10-18
CVE-2025-58223,0.000330000,0.086250000,0.4172445677300046,2025-10-18,2025-10-18
CVE-2025-58222,0.000370000,0.103810000,0.5624133148404993,2025-10-18,2025-10-18
CVE-2025-58221,0.000290000,0.073080000,0.3092926490984743,2025-10-18,2025-10-18
CVE-2025-58220,0.000340000,0.088550000,0.444290337494221,2025-10-18,2025-10-18
CVE-2025-58219,0.000160000,0.024020000,0.09662505779010633,2025-10-18,2025-10-18
CVE-2025-58200,0.000160000,0.024020000,0.09662505779010633,2025-10-18,2025-10-18
CVE-2025-58199,0.000160000,0.024020000,0.09662505779010633,2025-10-18,2025-10-18
CVE-2025-58033,0.000330000,0.086250000,0.4172445677300046,2025-10-18,2025-10-18
CVE-2025-58032,0.000160000,0.024020000,0.09662505779010633,2025-10-18,2025-10-18
CVE-2025-58031,0.000340000,0.088550000,0.444290337494221,2025-10-18,2025-10-18
CVE-2025-58030,0.000340000,0.088550000,0.444290337494221,2025-10-18,2025-10-18
CVE-2025-58029,0.000370000,0.103810000,0.5624133148404993,2025-10-18,2025-10-18
CVE-2025-58028,0.000340000,0.088550000,0.444290337494221,2025-10-18,2025-10-18
CVE-2025-58027,0.000340000,0.088550000,0.444290337494221,2025-10-18,2025-10-18
CVE-2025-58026,0.000340000,0.088550000,0.444290337494221,2025-10-18,2025-10-18
CVE-2025-58025,0.000340000,0.088550000,0.444290337494221,2025-10-18,2025-10-18
CVE-2025-58023,0.000340000,0.088550000,0.444290337494221,2025-10-18,2025-10-18
CVE-2025-58022,0.000340000,0.088550000,0.444290337494221,2025-10-18,2025-10-18
CVE-2025-58021,0.000340000,0.088550000,0.444290337494221,2025-10-18,2025-10-18
CVE-2025-58020,0.000340000,0.088550000,0.444290337494221,2025-10-18,2025-10-18
CVE-2025-58019,0.000340000,0.088550000,0.444290337494221,2025-10-18,2025-10-18
CVE-2025-58018,0.000340000,0.088550000,0.444290337494221,2025-10-18,2025-10-18
CVE-2025-58017,0.000340000,0.088550000,0.444290337494221,2025-10-18,2025-10-18
CVE-2025-58016,0.000290000,0.073080000,0.3092926490984743,2025-10-18,2025-10-18
CVE-2025-58015,0.000360000,0.098630000,0.5388349514563107,2025-10-18,2025-10-18
CVE-2025-58014,0.000160000,0.024020000,0.09662505779010633,2025-10-18,2025-10-18
CVE-2025-58013,0.000190000,0.036440000,0.14586222838650023,2025-10-18,2025-10-18
CVE-2025-58012,0.000430000,0.128780000,0.6604253351826167,2025-10-18,2025-10-18
CVE-2025-58011,0.000280000,0.066970000,0.29357374017568194,2025-10-18,2025-10-18
CVE-2025-58010,0.000160000,0.024020000,0.09662505779010633,2025-10-18,2025-10-18
CVE-2025-58009,0.000430000,0.128780000,0.6604253351826167,2025-10-18,2025-10-18
CVE-2025-58008,0.000340000,0.088550000,0.444290337494221,2025-10-18,2025-10-18
CVE-2025-58007,0.000300000,0.076790000,0.3333333333333333,2025-10-18,2025-10-18
CVE-2025-58006,0.000310000,0.076880000,0.3603791030975497,2025-10-18,2025-10-18
CVE-2025-58005,0.000350000,0.094230000,0.4919093851132686,2025-10-18,2025-10-18
CVE-2025-58004,0.000370000,0.103810000,0.5624133148404993,2025-10-18,2025-10-18
CVE-2025-58003,0.000370000,0.103810000,0.5624133148404993,2025-10-18,2025-10-18
CVE-2025-58002,0.000340000,0.088550000,0.444290337494221,2025-10-18,2025-10-18
CVE-2025-58001,0.000340000,0.088550000,0.444290337494221,2025-10-18,2025-10-18
CVE-2025-58000,0.000370000,0.103810000,0.5624133148404993,2025-10-18,2025-10-18
CVE-2025-57999,0.000340000,0.088550000,0.444290337494221,2025-10-18,2025-10-18
CVE-2025-57998,0.000330000,0.086250000,0.4172445677300046,2025-10-18,2025-10-18
CVE-2025-57997,0.000280000,0.066970000,0.29357374017568194,2025-10-18,2025-10-18
CVE-2025-57996,0.000340000,0.088550000,0.444290337494221,2025-10-18,2025-10-18
CVE-2025-57995,0.000290000,0.073080000,0.3092926490984743,2025-10-18,2025-10-18
CVE-2025-57994,0.000400000,0.117270000,0.6310679611650486,2025-10-18,2025-10-18
CVE-2025-57993,0.000340000,0.088550000,0.444290337494221,2025-10-18,2025-10-18
CVE-2025-57992,0.000160000,0.024020000,0.09662505779010633,2025-10-18,2025-10-18
CVE-2025-57991,0.000400000,0.117270000,0.6310679611650486,2025-10-18,2025-10-18
CVE-2025-57990,0.000400000,0.117270000,0.6310679611650486,2025-10-18,2025-10-18
CVE-2025-57989,0.000340000,0.088550000,0.444290337494221,2025-10-18,2025-10-18
CVE-2025-57988,0.000340000,0.088550000,0.444290337494221,2025-10-18,2025-10-18
CVE-2025-57987,0.000370000,0.103810000,0.5624133148404993,2025-10-18,2025-10-18
CVE-2025-57986,0.000340000,0.088550000,0.444290337494221,2025-10-18,2025-10-18
CVE-2025-57985,0.000290000,0.073080000,0.3092926490984743,2025-10-18,2025-10-18
CVE-2025-57984,0.000300000,0.076690000,0.3333333333333333,2025-10-18,2025-10-18
CVE-2025-57983,0.000160000,0.024020000,0.09662505779010633,2025-10-18,2025-10-18
CVE-2025-57982,0.000330000,0.086250000,0.4172445677300046,2025-10-18,2025-10-18
CVE-2025-57981,0.000340000,0.088550000,0.444290337494221,2025-10-18,2025-10-18
CVE-2025-57980,0.000330000,0.086250000,0.4172445677300046,2025-10-18,2025-10-18
CVE-2025-57979,0.000330000,0.086250000,0.4172445677300046,2025-10-18,2025-10-18
CVE-2025-57978,0.000160000,0.024020000,0.09662505779010633,2025-10-18,2025-10-18
CVE-2025-57977,0.000170000,0.028050000,0.11488673139158576,2025-10-18,2025-10-18
CVE-2025-57976,0.000370000,0.103810000,0.5624133148404993,2025-10-18,2025-10-18
CVE-2025-57975,0.000280000,0.066970000,0.29357374017568194,2025-10-18,2025-10-18
CVE-2025-57974,0.000330000,0.086250000,0.4172445677300046,2025-10-18,2025-10-18
CVE-2025-57973,0.000340000,0.088550000,0.444290337494221,2025-10-18,2025-10-18
CVE-2025-57972,0.000290000,0.073080000,0.3092926490984743,2025-10-18,2025-10-18
CVE-2025-57971,0.000370000,0.103810000,0.5624133148404993,2025-10-18,2025-10-18
CVE-2025-57970,0.000160000,0.024020000,0.09662505779010633,2025-10-18,2025-10-18
CVE-2025-57969,0.000290000,0.073080000,0.3092926490984743,2025-10-18,2025-10-18
CVE-2025-57968,0.000170000,0.027840000,0.11488673139158576,2025-10-18,2025-10-18
CVE-2025-57967,0.000340000,0.088550000,0.444290337494221,2025-10-18,2025-10-18
CVE-2025-57966,0.000340000,0.088550000,0.444290337494221,2025-10-18,2025-10-18
CVE-2025-57965,0.000340000,0.088550000,0.444290337494221,2025-10-18,2025-10-18
CVE-2025-57964,0.000340000,0.088550000,0.444290337494221,2025-10-18,2025-10-18
CVE-2025-57963,0.000340000,0.088550000,0.444290337494221,2025-10-18,2025-10-18
CVE-2025-57962,0.000330000,0.086250000,0.4172445677300046,2025-10-18,2025-10-18
CVE-2025-57961,0.000400000,0.117270000,0.6310679611650486,2025-10-18,2025-10-18
CVE-2025-57960,0.000160000,0.024020000,0.09662505779010633,2025-10-18,2025-10-18
CVE-2025-57959,0.000330000,0.086250000,0.4172445677300046,2025-10-18,2025-10-18
CVE-2025-57958,0.000370000,0.103810000,0.5624133148404993,2025-10-18,2025-10-18
CVE-2025-57957,0.000370000,0.103810000,0.5624133148404993,2025-10-18,2025-10-18
CVE-2025-57956,0.000330000,0.086250000,0.4172445677300046,2025-10-18,2025-10-18
CVE-2025-57955,0.000320000,0.080110000,0.37355524734165513,2025-10-18,2025-10-18
CVE-2025-57954,0.000340000,0.088550000,0.444290337494221,2025-10-18,2025-10-18
CVE-2025-57953,0.000340000,0.088550000,0.444290337494221,2025-10-18,2025-10-18
CVE-2025-57952,0.000330000,0.086250000,0.4172445677300046,2025-10-18,2025-10-18
CVE-2025-57951,0.000330000,0.086250000,0.4172445677300046,2025-10-18,2025-10-18
CVE-2025-57950,0.000330000,0.086250000,0.4172445677300046,2025-10-18,2025-10-18
CVE-2025-57949,0.000400000,0.117270000,0.6310679611650486,2025-10-18,2025-10-18
CVE-2025-57948,0.000340000,0.088550000,0.444290337494221,2025-10-18,2025-10-18
CVE-2025-57947,0.000340000,0.088550000,0.444290337494221,2025-10-18,2025-10-18
CVE-2025-57946,0.000160000,0.026070000,0.09662505779010633,2025-10-18,2025-10-18
CVE-2025-57945,0.000330000,0.086250000,0.4172445677300046,2025-10-18,2025-10-18
CVE-2025-57944,0.000370000,0.103810000,0.5624133148404993,2025-10-18,2025-10-18
CVE-2025-58992,0.000340000,0.088550000,0.444290337494221,2025-10-18,2025-10-18
CVE-2025-58974,0.000340000,0.088550000,0.444290337494221,2025-10-18,2025-10-18
CVE-2025-58973,0.001270000,0.329350000,0.90499306518724,2025-10-18,2025-10-18
CVE-2025-58969,0.000370000,0.103810000,0.5624133148404993,2025-10-18,2025-10-18
CVE-2025-58968,0.000280000,0.066970000,0.29357374017568194,2025-10-18,2025-10-18
CVE-2025-58965,0.000340000,0.088550000,0.444290337494221,2025-10-18,2025-10-18
CVE-2025-58962,0.000280000,0.066970000,0.29357374017568194,2025-10-18,2025-10-18
CVE-2025-58960,0.000330000,0.086250000,0.4172445677300046,2025-10-18,2025-10-18
CVE-2025-58957,0.000290000,0.073080000,0.3092926490984743,2025-10-18,2025-10-18
CVE-2025-58956,0.000150000,0.023490000,0.0811373092926491,2025-10-18,2025-10-18
CVE-2025-58704,0.000340000,0.088550000,0.444290337494221,2025-10-18,2025-10-18
CVE-2025-58703,0.000340000,0.088550000,0.444290337494221,2025-10-18,2025-10-18
CVE-2025-58702,0.000340000,0.088550000,0.444290337494221,2025-10-18,2025-10-18
CVE-2025-58691,0.000340000,0.088550000,0.444290337494221,2025-10-18,2025-10-18
CVE-2025-58690,0.000150000,0.023490000,0.0811373092926491,2025-10-18,2025-10-18
CVE-2025-58689,0.000340000,0.088550000,0.444290337494221,2025-10-18,2025-10-18
CVE-2025-58688,0.000150000,0.023490000,0.0811373092926491,2025-10-18,2025-10-18
CVE-2025-58687,0.000150000,0.023490000,0.0811373092926491,2025-10-18,2025-10-18
CVE-2025-58686,0.000330000,0.086040000,0.4172445677300046,2025-10-18,2025-10-18
CVE-2025-58685,0.000370000,0.103810000,0.5624133148404993,2025-10-18,2025-10-18
CVE-2025-58684,0.000340000,0.088550000,0.444290337494221,2025-10-18,2025-10-18
CVE-2025-58683,0.000340000,0.088550000,0.444290337494221,2025-10-18,2025-10-18
CVE-2025-58682,0.000340000,0.088550000,0.444290337494221,2025-10-18,2025-10-18
CVE-2025-58681,0.000370000,0.104920000,0.5624133148404993,2025-10-18,2025-10-18
CVE-2025-58680,0.000320000,0.080110000,0.37355524734165513,2025-10-18,2025-10-18
CVE-2025-58679,0.000370000,0.104920000,0.5624133148404993,2025-10-18,2025-10-18
CVE-2025-58678,0.000320000,0.080110000,0.37355524734165513,2025-10-18,2025-10-18
CVE-2025-58677,0.000150000,0.023490000,0.0811373092926491,2025-10-18,2025-10-18
CVE-2025-58676,0.000150000,0.023490000,0.0811373092926491,2025-10-18,2025-10-18
CVE-2025-58675,0.000160000,0.024020000,0.09662505779010633,2025-10-18,2025-10-18
CVE-2025-58673,0.000320000,0.080830000,0.37355524734165513,2025-10-18,2025-10-18
CVE-2025-58672,0.000400000,0.117270000,0.6310679611650486,2025-10-18,2025-10-18
CVE-2025-58671,0.000360000,0.098680000,0.5388349514563107,2025-10-18,2025-10-18
CVE-2025-58670,0.000150000,0.023490000,0.0811373092926491,2025-10-18,2025-10-18
CVE-2025-58669,0.000330000,0.086250000,0.4172445677300046,2025-10-18,2025-10-18
CVE-2025-58668,0.000290000,0.073080000,0.3092926490984743,2025-10-18,2025-10-18
CVE-2025-58667,0.000400000,0.117270000,0.6310679611650486,2025-10-18,2025-10-18
CVE-2025-58666,0.000290000,0.073080000,0.3092926490984743,2025-10-18,2025-10-18
CVE-2025-58665,0.000330000,0.086250000,0.4172445677300046,2025-10-18,2025-10-18
CVE-2025-58664,0.000290000,0.073080000,0.3092926490984743,2025-10-18,2025-10-18
CVE-2025-58663,0.000290000,0.073080000,0.3092926490984743,2025-10-18,2025-10-18
CVE-2025-58662,0.000580000,0.183650000,0.794960702727693,2025-10-18,2025-10-18
CVE-2025-58661,0.000330000,0.086250000,0.4172445677300046,2025-10-18,2025-10-18
CVE-2025-58660,0.000400000,0.117270000,0.6310679611650486,2025-10-18,2025-10-18
CVE-2025-58659,0.000370000,0.104920000,0.5624133148404993,2025-10-18,2025-10-18
CVE-2025-58658,0.000330000,0.086250000,0.4172445677300046,2025-10-18,2025-10-18
CVE-2025-58657,0.000150000,0.023490000,0.0811373092926491,2025-10-18,2025-10-18
CVE-2025-58656,0.000370000,0.104920000,0.5624133148404993,2025-10-18,2025-10-18
CVE-2025-58655,0.000330000,0.086250000,0.4172445677300046,2025-10-18,2025-10-18
CVE-2025-58654,0.000340000,0.088550000,0.444290337494221,2025-10-18,2025-10-18
CVE-2025-58653,0.000340000,0.088550000,0.444290337494221,2025-10-18,2025-10-18
CVE-2025-58652,0.000340000,0.088550000,0.444290337494221,2025-10-18,2025-10-18
CVE-2025-58651,0.000340000,0.088550000,0.444290337494221,2025-10-18,2025-10-18
CVE-2025-58650,0.000400000,0.117270000,0.6310679611650486,2025-10-18,2025-10-18
CVE-2025-58649,0.000300000,0.076790000,0.3333333333333333,2025-10-18,2025-10-18
CVE-2025-58648,0.000340000,0.088550000,0.444290337494221,2025-10-18,2025-10-18
CVE-2025-58647,0.000330000,0.086250000,0.4172445677300046,2025-10-18,2025-10-18
CVE-2025-58646,0.000330000,0.086250000,0.4172445677300046,2025-10-18,2025-10-18
CVE-2025-58645,0.000330000,0.086250000,0.4172445677300046,2025-10-18,2025-10-18
CVE-2025-58271,0.000330000,0.086250000,0.4172445677300046,2025-10-18,2025-10-18
CVE-2025-58270,0.000150000,0.023490000,0.0811373092926491,2025-10-18,2025-10-18
CVE-2025-58269,0.000370000,0.104920000,0.5624133148404993,2025-10-18,2025-10-18
CVE-2025-58268,0.000150000,0.023490000,0.0811373092926491,2025-10-18,2025-10-18
CVE-2025-58267,0.000150000,0.023490000,0.0811373092926491,2025-10-18,2025-10-18
CVE-2025-58266,0.000330000,0.086250000,0.4172445677300046,2025-10-18,2025-10-18
CVE-2025-58265,0.000340000,0.088550000,0.444290337494221,2025-10-18,2025-10-18
CVE-2025-58264,0.000340000,0.088550000,0.444290337494221,2025-10-18,2025-10-18
CVE-2025-58263,0.000340000,0.088550000,0.444290337494221,2025-10-18,2025-10-18
CVE-2025-58262,0.000150000,0.023490000,0.0811373092926491,2025-10-18,2025-10-18
CVE-2025-58261,0.000150000,0.023490000,0.0811373092926491,2025-10-18,2025-10-18
CVE-2025-58260,0.000340000,0.088550000,0.444290337494221,2025-10-18,2025-10-18
CVE-2025-58259,0.000170000,0.028050000,0.11488673139158576,2025-10-18,2025-10-18
CVE-2025-58258,0.000280000,0.066970000,0.29357374017568194,2025-10-18,2025-10-18
CVE-2025-58257,0.000340000,0.088550000,0.444290337494221,2025-10-18,2025-10-18
CVE-2025-58256,0.000330000,0.086250000,0.4172445677300046,2025-10-18,2025-10-18
CVE-2025-58255,0.000190000,0.036440000,0.14586222838650023,2025-10-18,2025-10-18
CVE-2025-58254,0.000340000,0.088550000,0.444290337494221,2025-10-18,2025-10-18
CVE-2025-58253,0.000340000,0.088550000,0.444290337494221,2025-10-18,2025-10-18
CVE-2025-58252,0.000300000,0.076790000,0.3333333333333333,2025-10-18,2025-10-18
CVE-2025-58251,0.000290000,0.073080000,0.3092926490984743,2025-10-18,2025-10-18
CVE-2025-58250,0.000200000,0.039390000,0.15372168284789645,2025-10-18,2025-10-18
CVE-2025-58249,0.000300000,0.076790000,0.3333333333333333,2025-10-18,2025-10-18
CVE-2025-58248,0.000340000,0.088550000,0.444290337494221,2025-10-18,2025-10-18
CVE-2025-58247,0.000370000,0.104920000,0.5624133148404993,2025-10-18,2025-10-18
CVE-2025-58245,0.000330000,0.086250000,0.4172445677300046,2025-10-18,2025-10-18
CVE-2025-58244,0.000190000,0.036440000,0.14586222838650023,2025-10-18,2025-10-18
CVE-2025-58242,0.000340000,0.088550000,0.444290337494221,2025-10-18,2025-10-18
CVE-2025-58241,0.000340000,0.088550000,0.444290337494221,2025-10-18,2025-10-18
CVE-2025-58240,0.000340000,0.088550000,0.444290337494221,2025-10-18,2025-10-18
CVE-2025-58239,0.000340000,0.088550000,0.444290337494221,2025-10-18,2025-10-18
CVE-2025-58238,0.000340000,0.088550000,0.444290337494221,2025-10-18,2025-10-18
CVE-2025-58237,0.000340000,0.088550000,0.444290337494221,2025-10-18,2025-10-18
CVE-2025-58236,0.000160000,0.024020000,0.09662505779010633,2025-10-18,2025-10-18
CVE-2025-58235,0.000340000,0.088550000,0.444290337494221,2025-10-18,2025-10-18
CVE-2025-58234,0.000340000,0.088550000,0.444290337494221,2025-10-18,2025-10-18
CVE-2025-58233,0.000340000,0.088550000,0.444290337494221,2025-10-18,2025-10-18
CVE-2025-58232,0.000340000,0.088550000,0.444290337494221,2025-10-18,2025-10-18
CVE-2025-58231,0.000340000,0.088550000,0.444290337494221,2025-10-18,2025-10-18
CVE-2025-58230,0.000340000,0.088550000,0.444290337494221,2025-10-18,2025-10-18
CVE-2025-58229,0.000340000,0.088550000,0.444290337494221,2025-10-18,2025-10-18
CVE-2025-9960,0.000540000,0.167710000,0.7706888580674989,2025-10-18,2025-10-18
CVE-2025-9495,0.000360000,0.096790000,0.5388349514563107,2025-10-18,2025-10-18
CVE-2025-9494,0.005560000,0.671890000,0.9789644012944984,2025-10-18,2025-10-18
CVE-2025-9321,0.000740000,0.230130000,0.8465094775774388,2025-10-18,2025-10-18
CVE-2025-8902,0.000320000,0.082860000,0.37355524734165513,2025-10-18,2025-10-18
CVE-2025-8892,0.000230000,0.047600000,0.18007397133610725,2025-10-18,2025-10-18
CVE-2025-59592,0.000340000,0.088550000,0.444290337494221,2025-10-18,2025-10-18
CVE-2025-59591,0.000290000,0.073080000,0.3092926490984743,2025-10-18,2025-10-18
CVE-2025-59590,0.000330000,0.086250000,0.4172445677300046,2025-10-18,2025-10-18
CVE-2025-59589,0.000340000,0.088550000,0.444290337494221,2025-10-18,2025-10-18
CVE-2025-59588,0.001270000,0.329350000,0.90499306518724,2025-10-18,2025-10-18
CVE-2025-59587,0.000340000,0.088550000,0.444290337494221,2025-10-18,2025-10-18
CVE-2025-59586,0.000340000,0.088550000,0.444290337494221,2025-10-18,2025-10-18
CVE-2025-59585,0.000340000,0.088550000,0.444290337494221,2025-10-18,2025-10-18
CVE-2025-59584,0.000340000,0.088550000,0.444290337494221,2025-10-18,2025-10-18
CVE-2025-59583,0.000340000,0.088550000,0.444290337494221,2025-10-18,2025-10-18
CVE-2025-59582,0.000360000,0.098630000,0.5388349514563107,2025-10-18,2025-10-18
CVE-2025-59581,0.000410000,0.120920000,0.6444752658344891,2025-10-18,2025-10-18
CVE-2025-59577,0.000440000,0.130500000,0.6747572815533981,2025-10-18,2025-10-18
CVE-2025-59576,0.000290000,0.073080000,0.3092926490984743,2025-10-18,2025-10-18
CVE-2025-59574,0.000340000,0.088550000,0.444290337494221,2025-10-18,2025-10-18
CVE-2025-59573,0.000510000,0.157110000,0.7501155802126676,2025-10-18,2025-10-18
CVE-2025-59572,0.000190000,0.036440000,0.14586222838650023,2025-10-18,2025-10-18
CVE-2025-59570,0.000360000,0.097510000,0.5388349514563107,2025-10-18,2025-10-18
CVE-2025-59569,0.000340000,0.088550000,0.444290337494221,2025-10-18,2025-10-18
CVE-2025-59568,0.000160000,0.024020000,0.09662505779010633,2025-10-18,2025-10-18
CVE-2025-59567,0.000410000,0.121950000,0.6444752658344891,2025-10-18,2025-10-18
CVE-2025-59565,0.000340000,0.088550000,0.444290337494221,2025-10-18,2025-10-18
CVE-2025-59562,0.000420000,0.125320000,0.6539528432732317,2025-10-18,2025-10-18
CVE-2025-59561,0.000290000,0.073080000,0.3092926490984743,2025-10-18,2025-10-18
CVE-2025-59559,0.000290000,0.073080000,0.3092926490984743,2025-10-18,2025-10-18
CVE-2025-59553,0.000340000,0.088550000,0.444290337494221,2025-10-18,2025-10-18
CVE-2025-59552,0.000340000,0.088550000,0.444290337494221,2025-10-18,2025-10-18
CVE-2025-59551,0.000290000,0.073080000,0.3092926490984743,2025-10-18,2025-10-18
CVE-2025-59549,0.000340000,0.088550000,0.444290337494221,2025-10-18,2025-10-18
CVE-2025-59535,0.001250000,0.325330000,0.9040684234858992,2025-10-18,2025-10-18
CVE-2025-59532,0.001330000,0.337420000,0.908922792417938,2025-10-18,2025-10-18
CVE-2025-59528,0.004890000,0.646220000,0.9759593157651411,2025-10-18,2025-10-18
CVE-2025-59527,0.000450000,0.133920000,0.6874711049468331,2025-10-18,2025-10-18
CVE-2025-59526,0.000620000,0.195450000,0.8125288950531669,2025-10-18,2025-10-18
CVE-2025-59434,0.000320000,0.080110000,0.37355524734165513,2025-10-18,2025-10-18
CVE-2025-59433,0.000340000,0.089920000,0.444290337494221,2025-10-18,2025-10-18
CVE-2025-59432,0.003060000,0.533670000,0.9565418400369856,2025-10-18,2025-10-18
CVE-2025-59430,0.000380000,0.110340000,0.5917706888580675,2025-10-18,2025-10-18
CVE-2025-58915,0.000340000,0.088550000,0.444290337494221,2025-10-18,2025-10-18
CVE-2025-57205,0.000360000,0.097970000,0.5388349514563107,2025-10-18,2025-10-18
CVE-2025-57204,0.000360000,0.097970000,0.5388349514563107,2025-10-18,2025-10-18
CVE-2025-57203,0.000360000,0.097670000,0.5388349514563107,2025-10-18,2025-10-18
CVE-2025-47910,0.000100000,0.007890000,0.0372168284789644,2025-10-18,2025-10-18
CVE-2025-43814,0.001780000,0.396970000,0.9276467868700878,2025-10-18,2025-10-18
CVE-2025-43810,0.001390000,0.346060000,0.9107720758206195,2025-10-18,2025-10-18
CVE-2025-43806,0.001510000,0.363160000,0.9167822468793343,2025-10-18,2025-10-18
CVE-2025-42907,0.000290000,0.073080000,0.3092926490984743,2025-10-18,2025-10-18
CVE-2025-39880,0.000320000,0.082070000,0.37355524734165513,2025-10-18,2025-10-18
CVE-2025-39879,0.000240000,0.052670000,0.19602404068423485,2025-10-18,2025-10-18
CVE-2025-39878,0.000240000,0.052670000,0.19602404068423485,2025-10-18,2025-10-18
CVE-2025-39877,0.000240000,0.049960000,0.19602404068423485,2025-10-18,2025-10-18
CVE-2025-39876,0.000320000,0.082070000,0.37355524734165513,2025-10-18,2025-10-18
CVE-2025-39875,0.000240000,0.052670000,0.19602404068423485,2025-10-18,2025-10-18
CVE-2025-39874,0.000240000,0.052670000,0.19602404068423485,2025-10-18,2025-10-18
CVE-2025-39873,0.000310000,0.078430000,0.3603791030975497,2025-10-18,2025-10-18
CVE-2025-39872,0.000240000,0.052670000,0.19602404068423485,2025-10-18,2025-10-18
CVE-2025-39871,0.000230000,0.048700000,0.18007397133610725,2025-10-18,2025-10-18
CVE-2025-39870,0.000240000,0.049960000,0.19602404068423485,2025-10-18,2025-10-18
CVE-2025-39869,0.000320000,0.082070000,0.37355524734165513,2025-10-18,2025-10-18
CVE-2025-39868,0.000240000,0.052670000,0.19602404068423485,2025-10-18,2025-10-18
CVE-2025-26399,0.001850000,0.406140000,0.9311141932501156,2025-10-18,2025-10-18
CVE-2025-1131,0.000490000,0.148720000,0.7304669440591771,2025-10-18,2025-10-18
CVE-2025-10843,0.000290000,0.068770000,0.3092926490984743,2025-10-18,2025-10-18
CVE-2025-10842,0.000300000,0.074880000,0.3333333333333333,2025-10-18,2025-10-18
CVE-2025-10841,0.000300000,0.074880000,0.3333333333333333,2025-10-18,2025-10-18
CVE-2025-10840,0.000280000,0.066880000,0.29357374017568194,2025-10-18,2025-10-18
CVE-2025-10839,0.000280000,0.066880000,0.29357374017568194,2025-10-18,2025-10-18
CVE-2025-10838,0.000840000,0.252700000,0.8656957928802589,2025-10-18,2025-10-18
CVE-2025-10837,0.000280000,0.064360000,0.29357374017568194,2025-10-18,2025-10-18
CVE-2025-10836,0.000300000,0.074880000,0.3333333333333333,2025-10-18,2025-10-18
CVE-2025-10835,0.000380000,0.109270000,0.5917706888580675,2025-10-18,2025-10-18
CVE-2025-10834,0.000300000,0.074880000,0.3333333333333333,2025-10-18,2025-10-18
CVE-2025-10833,0.000300000,0.074880000,0.3333333333333333,2025-10-18,2025-10-18
CVE-2025-10832,0.000300000,0.074880000,0.3333333333333333,2025-10-18,2025-10-18
CVE-2025-10831,0.000400000,0.119880000,0.6310679611650486,2025-10-18,2025-10-18
CVE-2025-10830,0.000300000,0.074880000,0.3333333333333333,2025-10-18,2025-10-18
CVE-2025-10829,0.000300000,0.074880000,0.3333333333333333,2025-10-18,2025-10-18
CVE-2025-10828,0.000280000,0.066880000,0.29357374017568194,2025-10-18,2025-10-18
CVE-2025-10827,0.000280000,0.064450000,0.29357374017568194,2025-10-18,2025-10-18
CVE-2025-10826,0.000280000,0.066880000,0.29357374017568194,2025-10-18,2025-10-18
CVE-2025-10825,0.000280000,0.066880000,0.29357374017568194,2025-10-18,2025-10-18
CVE-2025-10824,0.000140000,0.018610000,0.06634304207119741,2025-10-18,2025-10-18
CVE-2025-10823,0.000140000,0.018690000,0.06634304207119741,2025-10-18,2025-10-18
CVE-2025-10822,0.000260000,0.058230000,0.25358298659269535,2025-10-18,2025-10-18
CVE-2025-10821,0.000260000,0.058230000,0.25358298659269535,2025-10-18,2025-10-18
CVE-2025-10820,0.000260000,0.058230000,0.25358298659269535,2025-10-18,2025-10-18
CVE-2025-10819,0.000260000,0.058230000,0.25358298659269535,2025-10-18,2025-10-18
CVE-2025-10817,0.000290000,0.068770000,0.3092926490984743,2025-10-18,2025-10-18
CVE-2025-10816,0.000410000,0.120860000,0.6444752658344891,2025-10-18,2025-10-18
CVE-2025-10815,0.000810000,0.247320000,0.8613037447988904,2025-10-18,2025-10-18
CVE-2025-10814,0.000890000,0.263540000,0.8719371243643088,2025-10-18,2025-10-18
CVE-2025-10813,0.000290000,0.068770000,0.3092926490984743,2025-10-18,2025-10-18
CVE-2025-10812,0.000300000,0.074880000,0.3333333333333333,2025-10-18,2025-10-18
CVE-2025-10380,0.000500000,0.153430000,0.7376329172445677,2025-10-18,2025-10-18
CVE-2025-9966,0.000200000,0.040270000,0.15372168284789645,2025-10-18,2025-10-18
CVE-2025-9965,0.001020000,0.287410000,0.8867313915857605,2025-10-18,2025-10-18
CVE-2025-9964,0.000230000,0.049210000,0.18007397133610725,2025-10-18,2025-10-18
CVE-2025-9963,0.000280000,0.065820000,0.29357374017568194,2025-10-18,2025-10-18
CVE-2025-9962,0.000620000,0.196410000,0.8125288950531669,2025-10-18,2025-10-18
CVE-2025-9900,0.001250000,0.324640000,0.9040684234858992,2025-10-18,2025-10-18
CVE-2025-9846,0.003890000,0.592650000,0.9694868238557559,2025-10-18,2025-10-18
CVE-2025-9844,0.000450000,0.136510000,0.6874711049468331,2025-10-18,2025-10-18
CVE-2025-9798,0.000410000,0.120520000,0.6444752658344891,2025-10-18,2025-10-18
CVE-2025-9588,0.003860000,0.590440000,0.9690245030050856,2025-10-18,2025-10-18
CVE-2025-9342,0.000320000,0.080110000,0.37355524734165513,2025-10-18,2025-10-18
CVE-2025-9054,0.000970000,0.277830000,0.882339343504392,2025-10-18,2025-10-18
CVE-2025-9031,0.000300000,0.076790000,0.3333333333333333,2025-10-18,2025-10-18
CVE-2025-8410,0.000350000,0.094060000,0.4919093851132686,2025-10-18,2025-10-18
CVE-2025-8354,0.000230000,0.047600000,0.18007397133610725,2025-10-18,2025-10-18
CVE-2025-8282,0.000310000,0.079950000,0.3603791030975497,2025-10-18,2025-10-18
CVE-2025-7106,0.000410000,0.121300000,0.6444752658344891,2025-10-18,2025-10-18
CVE-2025-6921,0.000490000,0.151230000,0.7304669440591771,2025-10-18,2025-10-18
CVE-2025-60020,0.000390000,0.114640000,0.602635228848821,2025-10-18,2025-10-18
CVE-2025-59826,0.000400000,0.117930000,0.6310679611650486,2025-10-18,2025-10-18
CVE-2025-59825,0.000180000,0.034430000,0.13522884882108183,2025-10-18,2025-10-18
CVE-2025-59822,0.000380000,0.108210000,0.5917706888580675,2025-10-18,2025-10-18
CVE-2025-59821,0.000350000,0.092960000,0.4919093851132686,2025-10-18,2025-10-18
CVE-2025-59548,0.000290000,0.072950000,0.3092926490984743,2025-10-18,2025-10-18
CVE-2025-59547,0.000490000,0.149440000,0.7304669440591771,2025-10-18,2025-10-18
CVE-2025-59546,0.000300000,0.075020000,0.3333333333333333,2025-10-18,2025-10-18
CVE-2025-59545,0.000490000,0.150750000,0.7304669440591771,2025-10-18,2025-10-18
CVE-2025-59539,0.000300000,0.076300000,0.3333333333333333,2025-10-18,2025-10-18
CVE-2025-59534,0.000350000,0.092840000,0.4919093851132686,2025-10-18,2025-10-18
CVE-2025-59484,0.000100000,0.008080000,0.0372168284789644,2025-10-18,2025-10-18
CVE-2025-58674,0.000330000,0.086250000,0.4172445677300046,2025-10-18,2025-10-18
CVE-2025-58473,0.000720000,0.224240000,0.841886269070735,2025-10-18,2025-10-18
CVE-2025-58457,0.000680000,0.212570000,0.8314840499306518,2025-10-18,2025-10-18
CVE-2025-58354,0.000550000,0.174290000,0.7792417938049006,2025-10-18,2025-10-18
CVE-2025-58319,0.000160000,0.026170000,0.09662505779010633,2025-10-18,2025-10-18
CVE-2025-58317,0.000160000,0.026170000,0.09662505779010633,2025-10-18,2025-10-18
CVE-2025-58246,0.000300000,0.076790000,0.3333333333333333,2025-10-18,2025-10-18
CVE-2025-58069,0.000370000,0.104920000,0.5624133148404993,2025-10-18,2025-10-18
CVE-2025-57882,0.000530000,0.166880000,0.7600554785020804,2025-10-18,2025-10-18
CVE-2025-57639,0.086020000,0.919860000,0.9956079519186315,2025-10-18,2025-10-18
CVE-2025-57638,0.000500000,0.151870000,0.7376329172445677,2025-10-18,2025-10-18
CVE-2025-57637,0.000390000,0.112690000,0.602635228848821,2025-10-18,2025-10-18
CVE-2025-57636,0.039330000,0.877850000,0.9942209893666204,2025-10-18,2025-10-18
CVE-2025-57407,0.000370000,0.104260000,0.5624133148404993,2025-10-18,2025-10-18
CVE-2025-5717,0.002970000,0.526600000,0.9553860379103097,2025-10-18,2025-10-18
CVE-2025-56394,0.000460000,0.139220000,0.6941747572815534,2025-10-18,2025-10-18
CVE-2025-56311,0.000240000,0.051940000,0.19602404068423485,2025-10-18,2025-10-18
CVE-2025-56304,0.000420000,0.124510000,0.6539528432732317,2025-10-18,2025-10-18
CVE-2025-56146,0.000140000,0.017140000,0.06634304207119741,2025-10-18,2025-10-18
CVE-2025-55780,0.000460000,0.139860000,0.6941747572815534,2025-10-18,2025-10-18
CVE-2025-55069,0.000410000,0.122430000,0.6444752658344891,2025-10-18,2025-10-18
CVE-2025-55038,0.000260000,0.057770000,0.25358298659269535,2025-10-18,2025-10-18
CVE-2025-54855,0.000050000,0.002240000,0.0034674063800277394,2025-10-18,2025-10-18
CVE-2025-54081,0.000120000,0.012580000,0.04461396208969025,2025-10-18,2025-10-18
CVE-2025-52905,0.001570000,0.371690000,0.9188626907073509,2025-10-18,2025-10-18
CVE-2025-51005,0.000480000,0.148500000,0.7244567730004623,2025-10-18,2025-10-18
CVE-2025-4993,0.000630000,0.197160000,0.8146093388811836,2025-10-18,2025-10-18
CVE-2025-48459,0.002550000,0.487890000,0.9496070272769301,2025-10-18,2025-10-18
CVE-2025-48392,0.002410000,0.472930000,0.9475265834489135,2025-10-18,2025-10-18
CVE-2025-4760,0.000290000,0.069310000,0.3092926490984743,2025-10-18,2025-10-18
CVE-2025-4582,0.000150000,0.019040000,0.0811373092926491,2025-10-18,2025-10-18
CVE-2025-45326,0.001180000,0.314440000,0.9003698566805363,2025-10-18,2025-10-18
CVE-2025-43819,0.000430000,0.128690000,0.6604253351826167,2025-10-18,2025-10-18
CVE-2025-43779,0.002000000,0.423090000,0.93666204345816,2025-10-18,2025-10-18
CVE-2025-41716,0.000420000,0.124910000,0.6539528432732317,2025-10-18,2025-10-18
CVE-2025-41715,0.001210000,0.319760000,0.9015256588072122,2025-10-18,2025-10-18
CVE-2025-39890,0.000230000,0.048700000,0.18007397133610725,2025-10-18,2025-10-18
CVE-2025-39889,0.000180000,0.033940000,0.13522884882108183,2025-10-18,2025-10-18
CVE-2025-39888,0.000240000,0.052670000,0.19602404068423485,2025-10-18,2025-10-18
CVE-2025-39887,0.000240000,0.052670000,0.19602404068423485,2025-10-18,2025-10-18
CVE-2025-39886,0.000230000,0.048700000,0.18007397133610725,2025-10-18,2025-10-18
CVE-2025-39885,0.000320000,0.082070000,0.37355524734165513,2025-10-18,2025-10-18
CVE-2025-39884,0.000220000,0.044860000,0.1634304207119741,2025-10-18,2025-10-18
CVE-2025-39883,0.000320000,0.082070000,0.37355524734165513,2025-10-18,2025-10-18
CVE-2025-39882,0.000230000,0.048700000,0.18007397133610725,2025-10-18,2025-10-18
CVE-2025-39881,0.000240000,0.049960000,0.19602404068423485,2025-10-18,2025-10-18
CVE-2025-29084,0.000770000,0.237450000,0.8536754507628294,2025-10-18,2025-10-18
CVE-2025-29083,0.000770000,0.237450000,0.8536754507628294,2025-10-18,2025-10-18
CVE-2025-1255,0.000630000,0.197160000,0.8146093388811836,2025-10-18,2025-10-18
CVE-2025-10906,0.000260000,0.056970000,0.25358298659269535,2025-10-18,2025-10-18
CVE-2025-10857,0.000300000,0.074880000,0.3333333333333333,2025-10-18,2025-10-18
CVE-2025-10851,0.000300000,0.074880000,0.3333333333333333,2025-10-18,2025-10-18
CVE-2025-10848,0.000280000,0.066880000,0.29357374017568194,2025-10-18,2025-10-18
CVE-2025-10846,0.000290000,0.070630000,0.3092926490984743,2025-10-18,2025-10-18
CVE-2025-10845,0.000290000,0.070630000,0.3092926490984743,2025-10-18,2025-10-18
CVE-2025-10844,0.000290000,0.070630000,0.3092926490984743,2025-10-18,2025-10-18
CVE-2025-10548,0.001510000,0.363000000,0.9167822468793343,2025-10-18,2025-10-18
CVE-2025-10412,0.001970000,0.419630000,0.9352750809061489,2025-10-18,2025-10-18
CVE-2025-10244,0.000310000,0.079790000,0.3603791030975497,2025-10-18,2025-10-18
CVE-2025-10184,0.000750000,0.231670000,0.8495145631067961,2025-10-18,2025-10-18
CVE-2025-10147,0.001690000,0.385810000,0.9244105409153953,2025-10-18,2025-10-18
CVE-2025-0672,0.000520000,0.159610000,0.7565880721220527,2025-10-18,2025-10-18
CVE-2025-0663,0.000260000,0.057990000,0.25358298659269535,2025-10-18,2025-10-18
CVE-2025-0209,0.000410000,0.120560000,0.6444752658344891,2025-10-18,2025-10-18
CVE-2024-6429,0.000280000,0.067630000,0.29357374017568194,2025-10-18,2025-10-18
CVE-2024-58241,0.000240000,0.052670000,0.19602404068423485,2025-10-18,2025-10-18
CVE-2024-4598,0.000500000,0.153480000,0.7376329172445677,2025-10-18,2025-10-18
CVE-2024-21935,0.000220000,0.044280000,0.1634304207119741,2025-10-18,2025-10-18
CVE-2024-21927,0.000290000,0.072310000,0.3092926490984743,2025-10-18,2025-10-18
CVE-2017-20200,0.000190000,0.034850000,0.14586222838650023,2025-10-18,2025-10-18
CVE-2025-9353,0.000400000,0.119700000,0.6310679611650486,2025-10-18,2025-10-18
CVE-2025-8869,0.000180000,0.032180000,0.13522884882108183,2025-10-18,2025-10-18
CVE-2025-59824,0.000470000,0.141270000,0.7008784096162737,2025-10-18,2025-10-18
CVE-2025-59525,0.000310000,0.076940000,0.3603791030975497,2025-10-18,2025-10-18
CVE-2025-59524,0.000290000,0.069000000,0.3092926490984743,2025-10-18,2025-10-18
CVE-2025-59343,0.000220000,0.044960000,0.1634304207119741,2025-10-18,2025-10-18
CVE-2025-59305,0.000430000,0.128090000,0.6604253351826167,2025-10-18,2025-10-18
CVE-2025-59251,0.000620000,0.196230000,0.8125288950531669,2025-10-18,2025-10-18
CVE-2025-57354,0.003270000,0.550820000,0.9588534442903375,2025-10-18,2025-10-18
CVE-2025-57353,0.000490000,0.150860000,0.7304669440591771,2025-10-18,2025-10-18
CVE-2025-57352,0.000600000,0.189640000,0.8042071197411004,2025-10-18,2025-10-18
CVE-2025-57351,0.000850000,0.256890000,0.8682385575589459,2025-10-18,2025-10-18
CVE-2025-57350,0.000720000,0.224800000,0.841886269070735,2025-10-18,2025-10-18
CVE-2025-57349,0.001630000,0.378110000,0.9200184928340268,2025-10-18,2025-10-18
CVE-2025-57348,0.000810000,0.246930000,0.8613037447988904,2025-10-18,2025-10-18
CVE-2025-57347,0.000810000,0.247520000,0.8613037447988904,2025-10-18,2025-10-18
CVE-2025-57330,0.000540000,0.167090000,0.7706888580674989,2025-10-18,2025-10-18
CVE-2025-57329,0.000540000,0.167090000,0.7706888580674989,2025-10-18,2025-10-18
CVE-2025-57328,0.000540000,0.167090000,0.7706888580674989,2025-10-18,2025-10-18
CVE-2025-57327,0.000540000,0.167090000,0.7706888580674989,2025-10-18,2025-10-18
CVE-2025-57326,0.000540000,0.167090000,0.7706888580674989,2025-10-18,2025-10-18
CVE-2025-57325,0.000540000,0.167090000,0.7706888580674989,2025-10-18,2025-10-18
CVE-2025-57323,0.000540000,0.167090000,0.7706888580674989,2025-10-18,2025-10-18
CVE-2025-57321,0.000540000,0.167410000,0.7706888580674989,2025-10-18,2025-10-18
CVE-2025-56819,0.003240000,0.549000000,0.9576976421636616,2025-10-18,2025-10-18
CVE-2025-56816,0.007250000,0.717650000,0.9831252889505316,2025-10-18,2025-10-18
CVE-2025-56815,0.001080000,0.298230000,0.891123439667129,2025-10-18,2025-10-18
CVE-2025-56241,0.000760000,0.235770000,0.8506703652334721,2025-10-18,2025-10-18
CVE-2025-55322,0.000840000,0.254150000,0.8656957928802589,2025-10-18,2025-10-18
CVE-2025-55178,0.001090000,0.298490000,0.8922792417938049,2025-10-18,2025-10-18
CVE-2025-52907,0.010280000,0.765420000,0.9875173370319001,2025-10-18,2025-10-18
CVE-2025-52906,0.027780000,0.854780000,0.9926028663892742,2025-10-18,2025-10-18
CVE-2025-48869,0.000660000,0.208200000,0.826629680998613,2025-10-18,2025-10-18
CVE-2025-48868,0.004170000,0.609620000,0.9727230698104484,2025-10-18,2025-10-18
CVE-2025-48867,0.000530000,0.162600000,0.7600554785020804,2025-10-18,2025-10-18
CVE-2025-47329,0.000130000,0.014160000,0.05108645399907536,2025-10-18,2025-10-18
CVE-2025-47328,0.000480000,0.148250000,0.7244567730004623,2025-10-18,2025-10-18
CVE-2025-47327,0.000130000,0.014160000,0.05108645399907536,2025-10-18,2025-10-18
CVE-2025-47326,0.000480000,0.148250000,0.7244567730004623,2025-10-18,2025-10-18
CVE-2025-47318,0.000680000,0.212560000,0.8314840499306518,2025-10-18,2025-10-18
CVE-2025-47317,0.000130000,0.014160000,0.05108645399907536,2025-10-18,2025-10-18
CVE-2025-47316,0.000130000,0.014160000,0.05108645399907536,2025-10-18,2025-10-18
CVE-2025-47315,0.000130000,0.014160000,0.05108645399907536,2025-10-18,2025-10-18
CVE-2025-47314,0.000190000,0.036820000,0.14586222838650023,2025-10-18,2025-10-18
CVE-2025-27077,0.000130000,0.014160000,0.05108645399907536,2025-10-18,2025-10-18
CVE-2025-27037,0.000130000,0.014160000,0.05108645399907536,2025-10-18,2025-10-18
CVE-2025-27036,0.000110000,0.010020000,0.042071197411003236,2025-10-18,2025-10-18
CVE-2025-27034,0.000560000,0.176580000,0.7859454461396209,2025-10-18,2025-10-18
CVE-2025-27033,0.000110000,0.010020000,0.042071197411003236,2025-10-18,2025-10-18
CVE-2025-27032,0.000160000,0.024090000,0.09662505779010633,2025-10-18,2025-10-18
CVE-2025-27030,0.000110000,0.010020000,0.042071197411003236,2025-10-18,2025-10-18
CVE-2025-23354,0.000210000,0.040930000,0.1583448913546001,2025-10-18,2025-10-18
CVE-2025-23353,0.000210000,0.040930000,0.1583448913546001,2025-10-18,2025-10-18
CVE-2025-23349,0.000210000,0.040930000,0.1583448913546001,2025-10-18,2025-10-18
CVE-2025-23348,0.000210000,0.040930000,0.1583448913546001,2025-10-18,2025-10-18
CVE-2025-23346,0.000170000,0.030270000,0.11488673139158576,2025-10-18,2025-10-18
CVE-2025-23340,0.000170000,0.030270000,0.11488673139158576,2025-10-18,2025-10-18
CVE-2025-23339,0.000130000,0.013500000,0.05108645399907536,2025-10-18,2025-10-18
CVE-2025-23338,0.000210000,0.042670000,0.1583448913546001,2025-10-18,2025-10-18
CVE-2025-23308,0.000130000,0.013500000,0.05108645399907536,2025-10-18,2025-10-18
CVE-2025-23275,0.000140000,0.017480000,0.06634304207119741,2025-10-18,2025-10-18
CVE-2025-23274,0.000130000,0.015450000,0.05108645399907536,2025-10-18,2025-10-18
CVE-2025-23273,0.000130000,0.015030000,0.05108645399907536,2025-10-18,2025-10-18
CVE-2025-23272,0.000150000,0.023040000,0.0811373092926491,2025-10-18,2025-10-18
CVE-2025-23271,0.000170000,0.030270000,0.11488673139158576,2025-10-18,2025-10-18
CVE-2025-23255,0.000170000,0.030270000,0.11488673139158576,2025-10-18,2025-10-18
CVE-2025-23248,0.000170000,0.030270000,0.11488673139158576,2025-10-18,2025-10-18
CVE-2025-21488,0.000550000,0.171420000,0.7792417938049006,2025-10-18,2025-10-18
CVE-2025-21487,0.000550000,0.171420000,0.7792417938049006,2025-10-18,2025-10-18
CVE-2025-21484,0.000550000,0.171420000,0.7792417938049006,2025-10-18,2025-10-18
CVE-2025-21483,0.000560000,0.176580000,0.7859454461396209,2025-10-18,2025-10-18
CVE-2025-21482,0.000140000,0.017020000,0.06634304207119741,2025-10-18,2025-10-18
CVE-2025-21481,0.000080000,0.004700000,0.02727693018955155,2025-10-18,2025-10-18
CVE-2025-21476,0.000130000,0.014160000,0.05108645399907536,2025-10-18,2025-10-18
CVE-2025-20365,0.000220000,0.045020000,0.1634304207119741,2025-10-18,2025-10-18
CVE-2025-20364,0.000090000,0.005490000,0.03374942209893666,2025-10-18,2025-10-18
CVE-2025-20352,0.005660000,0.675040000,0.9794267221451688,2025-10-18,2025-10-18
CVE-2025-20339,0.000300000,0.074230000,0.3333333333333333,2025-10-18,2025-10-18
CVE-2025-20338,0.000110000,0.010340000,0.042071197411003236,2025-10-18,2025-10-18
CVE-2025-20334,0.001060000,0.294040000,0.8895053166897827,2025-10-18,2025-10-18
CVE-2025-20327,0.001510000,0.362920000,0.9167822468793343,2025-10-18,2025-10-18
CVE-2025-20316,0.000300000,0.074230000,0.3333333333333333,2025-10-18,2025-10-18
CVE-2025-20315,0.001380000,0.344460000,0.9100785945446139,2025-10-18,2025-10-18
CVE-2025-20314,0.000650000,0.205280000,0.8247803975959316,2025-10-18,2025-10-18
CVE-2025-20313,0.000800000,0.245310000,0.8587609801202034,2025-10-18,2025-10-18
CVE-2025-20312,0.002160000,0.441300000,0.941747572815534,2025-10-18,2025-10-18
CVE-2025-20311,0.000270000,0.062390000,0.2875635691169672,2025-10-18,2025-10-18
CVE-2025-20293,0.000220000,0.045540000,0.1634304207119741,2025-10-18,2025-10-18
CVE-2025-20240,0.000470000,0.144130000,0.7008784096162737,2025-10-18,2025-10-18
CVE-2025-20160,0.000820000,0.249610000,0.8626907073509015,2025-10-18,2025-10-18
CVE-2025-20149,0.000290000,0.069360000,0.3092926490984743,2025-10-18,2025-10-18
CVE-2025-10909,0.000330000,0.087110000,0.4172445677300046,2025-10-18,2025-10-18
CVE-2025-10892,0.000800000,0.245780000,0.8587609801202034,2025-10-18,2025-10-18
CVE-2025-10891,0.000800000,0.245780000,0.8587609801202034,2025-10-18,2025-10-18
CVE-2025-10890,0.000370000,0.104200000,0.5624133148404993,2025-10-18,2025-10-18
CVE-2025-10585,0.006010000,0.685350000,0.9798890429958391,2025-10-18,2025-10-18
CVE-2025-10502,0.000740000,0.228650000,0.8465094775774388,2025-10-18,2025-10-18
CVE-2025-10501,0.001010000,0.285600000,0.8855755894590847,2025-10-18,2025-10-18
CVE-2025-10500,0.001090000,0.299910000,0.8922792417938049,2025-10-18,2025-10-18
CVE-2025-10360,0.000270000,0.061340000,0.2875635691169672,2025-10-18,2025-10-18
CVE-2025-60249,0.000320000,0.082860000,0.37355524734165513,2025-10-18,2025-10-18
CVE-2025-60019,0.000410000,0.123020000,0.6444752658344891,2025-10-18,2025-10-18
CVE-2025-60018,0.000480000,0.147720000,0.7244567730004623,2025-10-18,2025-10-18
CVE-2025-59841,0.000580000,0.180510000,0.794960702727693,2025-10-18,2025-10-18
CVE-2025-59839,0.000350000,0.092930000,0.4919093851132686,2025-10-18,2025-10-18
CVE-2025-59838,0.000260000,0.058170000,0.25358298659269535,2025-10-18,2025-10-18
CVE-2025-59834,0.008650000,0.743340000,0.984743411927878,2025-10-18,2025-10-18
CVE-2025-59833,0.000430000,0.127170000,0.6604253351826167,2025-10-18,2025-10-18
CVE-2025-59832,0.000530000,0.166630000,0.7600554785020804,2025-10-18,2025-10-18
CVE-2025-59831,0.000690000,0.215110000,0.8381877022653722,2025-10-18,2025-10-18
CVE-2025-59830,0.000580000,0.184410000,0.794960702727693,2025-10-18,2025-10-18
CVE-2025-59828,0.000540000,0.167710000,0.7706888580674989,2025-10-18,2025-10-18
CVE-2025-59827,0.000410000,0.120410000,0.6444752658344891,2025-10-18,2025-10-18
CVE-2025-59823,0.000730000,0.226670000,0.8453536754507628,2025-10-18,2025-10-18
CVE-2025-59814,0.000450000,0.136370000,0.6874711049468331,2025-10-18,2025-10-18
CVE-2025-59426,0.000390000,0.114940000,0.602635228848821,2025-10-18,2025-10-18
CVE-2025-59422,0.000300000,0.074100000,0.3333333333333333,2025-10-18,2025-10-18
CVE-2025-57632,0.000830000,0.251610000,0.864539990753583,2025-10-18,2025-10-18
CVE-2025-57623,0.001740000,0.392230000,0.9257975034674064,2025-10-18,2025-10-18
CVE-2025-57446,0.001380000,0.345130000,0.9100785945446139,2025-10-18,2025-10-18
CVE-2025-57324,0.000530000,0.166280000,0.7600554785020804,2025-10-18,2025-10-18
CVE-2025-57320,0.000500000,0.152300000,0.7376329172445677,2025-10-18,2025-10-18
CVE-2025-57319,0.000490000,0.151360000,0.7304669440591771,2025-10-18,2025-10-18
CVE-2025-57318,0.000540000,0.167090000,0.7706888580674989,2025-10-18,2025-10-18
CVE-2025-57317,0.000520000,0.161450000,0.7565880721220527,2025-10-18,2025-10-18
CVE-2025-55560,0.000460000,0.138800000,0.6941747572815534,2025-10-18,2025-10-18
CVE-2025-55559,0.000200000,0.039770000,0.15372168284789645,2025-10-18,2025-10-18
CVE-2025-55558,0.000460000,0.138800000,0.6941747572815534,2025-10-18,2025-10-18
CVE-2025-55557,0.000460000,0.138800000,0.6941747572815534,2025-10-18,2025-10-18
CVE-2025-55556,0.000170000,0.029530000,0.11488673139158576,2025-10-18,2025-10-18
CVE-2025-55554,0.000480000,0.144970000,0.7244567730004623,2025-10-18,2025-10-18
CVE-2025-55553,0.000460000,0.138800000,0.6941747572815534,2025-10-18,2025-10-18
CVE-2025-55552,0.000490000,0.149480000,0.7304669440591771,2025-10-18,2025-10-18
CVE-2025-55551,0.000490000,0.148950000,0.7304669440591771,2025-10-18,2025-10-18
CVE-2025-5494,0.000140000,0.017000000,0.06634304207119741,2025-10-18,2025-10-18
CVE-2025-54520,0.000240000,0.052670000,0.19602404068423485,2025-10-18,2025-10-18
CVE-2025-48707,0.000480000,0.144860000,0.7244567730004623,2025-10-18,2025-10-18
CVE-2025-46153,0.000380000,0.108670000,0.5917706888580675,2025-10-18,2025-10-18
CVE-2025-46152,0.000450000,0.135440000,0.6874711049468331,2025-10-18,2025-10-18
CVE-2025-46150,0.000350000,0.095260000,0.4919093851132686,2025-10-18,2025-10-18
CVE-2025-46149,0.000330000,0.086910000,0.4172445677300046,2025-10-18,2025-10-18
CVE-2025-46148,0.000350000,0.095260000,0.4919093851132686,2025-10-18,2025-10-18
CVE-2025-43993,0.000150000,0.019230000,0.0811373092926491,2025-10-18,2025-10-18
CVE-2025-43943,0.000470000,0.141200000,0.7008784096162737,2025-10-18,2025-10-18
CVE-2025-43816,0.000550000,0.173530000,0.7792417938049006,2025-10-18,2025-10-18
CVE-2025-40838,0.000400000,0.118940000,0.6310679611650486,2025-10-18,2025-10-18
CVE-2025-40837,0.000460000,0.139060000,0.6941747572815534,2025-10-18,2025-10-18
CVE-2025-40836,0.001550000,0.368210000,0.9181692094313454,2025-10-18,2025-10-18
CVE-2025-40698,0.000340000,0.087570000,0.444290337494221,2025-10-18,2025-10-18
CVE-2025-36857,0.000130000,0.014120000,0.05108645399907536,2025-10-18,2025-10-18
CVE-2025-36601,0.000380000,0.110140000,0.5917706888580675,2025-10-18,2025-10-18
CVE-2025-34227,0.012840000,0.789060000,0.9893666204345816,2025-10-18,2025-10-18
CVE-2025-33116,0.000260000,0.059940000,0.25358298659269535,2025-10-18,2025-10-18
CVE-2025-29157,0.001040000,0.291500000,0.8881183541377716,2025-10-18,2025-10-18
CVE-2025-29156,0.000740000,0.230600000,0.8465094775774388,2025-10-18,2025-10-18
CVE-2025-29155,0.001120000,0.305360000,0.8957466481738326,2025-10-18,2025-10-18
CVE-2025-27262,0.000360000,0.102780000,0.5388349514563107,2025-10-18,2025-10-18
CVE-2025-27261,0.000320000,0.082570000,0.37355524734165513,2025-10-18,2025-10-18
CVE-2025-26333,0.000550000,0.173710000,0.7792417938049006,2025-10-18,2025-10-18
CVE-2025-26278,0.000540000,0.167090000,0.7706888580674989,2025-10-18,2025-10-18
CVE-2025-21056,0.000300000,0.076600000,0.3333333333333333,2025-10-18,2025-10-18
CVE-2025-20363,0.002890000,0.520190000,0.9533055940822931,2025-10-18,2025-10-18
CVE-2025-20362,0.101560000,0.927520000,0.996301433194637,2025-10-18,2025-10-18
CVE-2025-20333,0.013910000,0.796950000,0.9905224225612576,2025-10-18,2025-10-18
CVE-2025-10967,0.000370000,0.104200000,0.5624133148404993,2025-10-18,2025-10-18
CVE-2025-10965,0.000450000,0.137020000,0.6874711049468331,2025-10-18,2025-10-18
CVE-2025-10964,0.003510000,0.568600000,0.9625520110957004,2025-10-18,2025-10-18
CVE-2025-10963,0.003510000,0.568600000,0.9625520110957004,2025-10-18,2025-10-18
CVE-2025-10962,0.003510000,0.568600000,0.9625520110957004,2025-10-18,2025-10-18
CVE-2025-10961,0.010190000,0.764480000,0.9872861766065649,2025-10-18,2025-10-18
CVE-2025-10960,0.003510000,0.568600000,0.9625520110957004,2025-10-18,2025-10-18
CVE-2025-10959,0.003510000,0.568600000,0.9625520110957004,2025-10-18,2025-10-18
CVE-2025-10958,0.003510000,0.568600000,0.9625520110957004,2025-10-18,2025-10-18
CVE-2025-10957,0.001800000,0.399360000,0.9292649098474342,2025-10-18,2025-10-18
CVE-2025-10953,0.000920000,0.268060000,0.8760980120203421,2025-10-18,2025-10-18
CVE-2025-10952,0.000390000,0.113800000,0.602635228848821,2025-10-18,2025-10-18
CVE-2025-10951,0.000760000,0.235510000,0.8506703652334721,2025-10-18,2025-10-18
CVE-2025-10950,0.000450000,0.137020000,0.6874711049468331,2025-10-18,2025-10-18
CVE-2025-10949,0.000300000,0.076260000,0.3333333333333333,2025-10-18,2025-10-18
CVE-2025-10948,0.000480000,0.148290000,0.7244567730004623,2025-10-18,2025-10-18
CVE-2025-10947,0.000420000,0.124010000,0.6539528432732317,2025-10-18,2025-10-18
CVE-2025-10946,0.000290000,0.072420000,0.3092926490984743,2025-10-18,2025-10-18
CVE-2025-10945,0.000290000,0.072420000,0.3092926490984743,2025-10-18,2025-10-18
CVE-2025-10944,0.000290000,0.072420000,0.3092926490984743,2025-10-18,2025-10-18
CVE-2025-10943,0.000290000,0.072420000,0.3092926490984743,2025-10-18,2025-10-18
CVE-2025-10942,0.000480000,0.148290000,0.7244567730004623,2025-10-18,2025-10-18
CVE-2025-10941,0.000120000,0.010940000,0.04461396208969025,2025-10-18,2025-10-18
CVE-2025-10940,0.000290000,0.068590000,0.3092926490984743,2025-10-18,2025-10-18
CVE-2025-10911,0.000130000,0.013950000,0.05108645399907536,2025-10-18,2025-10-18
CVE-2025-10894,0.000530000,0.164820000,0.7600554785020804,2025-10-18,2025-10-18
CVE-2025-10880,0.000390000,0.115540000,0.602635228848821,2025-10-18,2025-10-18
CVE-2025-10879,0.000530000,0.166410000,0.7600554785020804,2025-10-18,2025-10-18
CVE-2025-10542,0.001440000,0.353570000,0.9130836800739713,2025-10-18,2025-10-18
CVE-2025-10541,0.000130000,0.015790000,0.05108645399907536,2025-10-18,2025-10-18
CVE-2025-10540,0.000120000,0.011960000,0.04461396208969025,2025-10-18,2025-10-18
CVE-2025-10467,0.000410000,0.120520000,0.6444752658344891,2025-10-18,2025-10-18
CVE-2025-10449,0.000570000,0.178510000,0.789875173370319,2025-10-18,2025-10-18
CVE-2025-10438,0.000570000,0.178510000,0.789875173370319,2025-10-18,2025-10-18
CVE-2024-48014,0.000710000,0.222960000,0.8411927877947295,2025-10-18,2025-10-18
CVE-2020-36851,0.004960000,0.648820000,0.9764216366158114,2025-10-18,2025-10-18
CVE-2025-9985,0.000470000,0.141460000,0.7008784096162737,2025-10-18,2025-10-18
CVE-2025-9984,0.000480000,0.146550000,0.7244567730004623,2025-10-18,2025-10-18
CVE-2025-9490,0.000340000,0.089770000,0.444290337494221,2025-10-18,2025-10-18
CVE-2025-9044,0.000310000,0.077000000,0.3603791030975497,2025-10-18,2025-10-18
CVE-2025-8906,0.000320000,0.082860000,0.37355524734165513,2025-10-18,2025-10-18
CVE-2025-8200,0.000320000,0.081320000,0.37355524734165513,2025-10-18,2025-10-18
CVE-2025-60251,0.000200000,0.037910000,0.15372168284789645,2025-10-18,2025-10-18
CVE-2025-60250,0.000230000,0.046440000,0.18007397133610725,2025-10-18,2025-10-18
CVE-2025-60119,0.000360000,0.098630000,0.5388349514563107,2025-10-18,2025-10-18
CVE-2025-60118,0.000330000,0.086040000,0.4172445677300046,2025-10-18,2025-10-18
CVE-2025-60117,0.000160000,0.024020000,0.09662505779010633,2025-10-18,2025-10-18
CVE-2025-60116,0.000400000,0.117270000,0.6310679611650486,2025-10-18,2025-10-18
CVE-2025-60115,0.000160000,0.024020000,0.09662505779010633,2025-10-18,2025-10-18
CVE-2025-60114,0.000500000,0.152560000,0.7376329172445677,2025-10-18,2025-10-18
CVE-2025-60113,0.000160000,0.024020000,0.09662505779010633,2025-10-18,2025-10-18
CVE-2025-60112,0.000340000,0.088550000,0.444290337494221,2025-10-18,2025-10-18
CVE-2025-60111,0.000190000,0.036190000,0.14586222838650023,2025-10-18,2025-10-18
CVE-2025-60110,0.000330000,0.086040000,0.4172445677300046,2025-10-18,2025-10-18
CVE-2025-60109,0.000330000,0.086040000,0.4172445677300046,2025-10-18,2025-10-18
CVE-2025-60108,0.000330000,0.086040000,0.4172445677300046,2025-10-18,2025-10-18
CVE-2025-60107,0.000330000,0.086040000,0.4172445677300046,2025-10-18,2025-10-18
CVE-2025-60106,0.000440000,0.132770000,0.6747572815533981,2025-10-18,2025-10-18
CVE-2025-60105,0.000340000,0.088550000,0.444290337494221,2025-10-18,2025-10-18
CVE-2025-60104,0.000330000,0.086250000,0.4172445677300046,2025-10-18,2025-10-18
CVE-2025-60103,0.000400000,0.117270000,0.6310679611650486,2025-10-18,2025-10-18
CVE-2025-60102,0.000340000,0.088550000,0.444290337494221,2025-10-18,2025-10-18
CVE-2025-60101,0.000330000,0.086250000,0.4172445677300046,2025-10-18,2025-10-18
CVE-2025-60100,0.000510000,0.157110000,0.7501155802126676,2025-10-18,2025-10-18
CVE-2025-60099,0.000340000,0.088550000,0.444290337494221,2025-10-18,2025-10-18
CVE-2025-60098,0.000500000,0.151900000,0.7376329172445677,2025-10-18,2025-10-18
CVE-2025-60097,0.000400000,0.117270000,0.6310679611650486,2025-10-18,2025-10-18
CVE-2025-60096,0.000400000,0.117270000,0.6310679611650486,2025-10-18,2025-10-18
CVE-2025-60095,0.000300000,0.076790000,0.3333333333333333,2025-10-18,2025-10-18
CVE-2025-60094,0.000290000,0.073080000,0.3092926490984743,2025-10-18,2025-10-18
CVE-2025-60093,0.000160000,0.024020000,0.09662505779010633,2025-10-18,2025-10-18
CVE-2025-60092,0.000360000,0.098630000,0.5388349514563107,2025-10-18,2025-10-18
CVE-2025-60040,0.000340000,0.088550000,0.444290337494221,2025-10-18,2025-10-18
CVE-2025-60017,0.006710000,0.704960000,0.9824318076745261,2025-10-18,2025-10-18
CVE-2025-59817,0.000410000,0.122740000,0.6444752658344891,2025-10-18,2025-10-18
CVE-2025-59816,0.000520000,0.160920000,0.7565880721220527,2025-10-18,2025-10-18
CVE-2025-59815,0.000530000,0.164240000,0.7600554785020804,2025-10-18,2025-10-18
CVE-2025-59408,0.000210000,0.042100000,0.1583448913546001,2025-10-18,2025-10-18
CVE-2025-59404,0.000370000,0.104640000,0.5624133148404993,2025-10-18,2025-10-18
CVE-2025-59402,0.000080000,0.004970000,0.02727693018955155,2025-10-18,2025-10-18
CVE-2025-59012,0.000360000,0.098680000,0.5388349514563107,2025-10-18,2025-10-18
CVE-2025-59011,0.000540000,0.167800000,0.7706888580674989,2025-10-18,2025-10-18
CVE-2025-59010,0.000410000,0.120090000,0.6444752658344891,2025-10-18,2025-10-18
CVE-2025-59002,0.000530000,0.165220000,0.7600554785020804,2025-10-18,2025-10-18
CVE-2025-58919,0.000370000,0.103810000,0.5624133148404993,2025-10-18,2025-10-18
CVE-2025-58917,0.000340000,0.088550000,0.444290337494221,2025-10-18,2025-10-18
CVE-2025-58914,0.000160000,0.024020000,0.09662505779010633,2025-10-18,2025-10-18
CVE-2025-56769,0.000900000,0.264910000,0.8744798890429958,2025-10-18,2025-10-18
CVE-2025-54831,0.000440000,0.132790000,0.6747572815533981,2025-10-18,2025-10-18
CVE-2025-4957,0.000360000,0.098680000,0.5388349514563107,2025-10-18,2025-10-18
CVE-2025-48326,0.000290000,0.073080000,0.3092926490984743,2025-10-18,2025-10-18
CVE-2025-48107,0.000360000,0.098680000,0.5388349514563107,2025-10-18,2025-10-18
CVE-2025-35027,0.005820000,0.679700000,0.9796578825705039,2025-10-18,2025-10-18
CVE-2025-27006,0.000340000,0.088550000,0.444290337494221,2025-10-18,2025-10-18
CVE-2025-26482,0.000370000,0.105690000,0.5624133148404993,2025-10-18,2025-10-18
CVE-2025-1862,0.002770000,0.508160000,0.9516874711049468,2025-10-18,2025-10-18
CVE-2025-1396,0.000380000,0.109470000,0.5917706888580675,2025-10-18,2025-10-18
CVE-2025-11021,0.000380000,0.110410000,0.5917706888580675,2025-10-18,2025-10-18
CVE-2025-11005,0.027780000,0.854780000,0.9926028663892742,2025-10-18,2025-10-18
CVE-2025-11000,0.000210000,0.041120000,0.1583448913546001,2025-10-18,2025-10-18
CVE-2025-10999,0.000230000,0.048200000,0.18007397133610725,2025-10-18,2025-10-18
CVE-2025-10998,0.000230000,0.048200000,0.18007397133610725,2025-10-18,2025-10-18
CVE-2025-10997,0.000230000,0.046880000,0.18007397133610725,2025-10-18,2025-10-18
CVE-2025-10996,0.000230000,0.046880000,0.18007397133610725,2025-10-18,2025-10-18
CVE-2025-10995,0.000270000,0.061360000,0.2875635691169672,2025-10-18,2025-10-18
CVE-2025-10994,0.000230000,0.046880000,0.18007397133610725,2025-10-18,2025-10-18
CVE-2025-10993,0.000430000,0.129040000,0.6604253351826167,2025-10-18,2025-10-18
CVE-2025-10992,0.000390000,0.113800000,0.602635228848821,2025-10-18,2025-10-18
CVE-2025-10989,0.000360000,0.098430000,0.5388349514563107,2025-10-18,2025-10-18
CVE-2025-10988,0.000380000,0.107900000,0.5917706888580675,2025-10-18,2025-10-18
CVE-2025-10987,0.000380000,0.107900000,0.5917706888580675,2025-10-18,2025-10-18
CVE-2025-10981,0.000290000,0.070900000,0.3092926490984743,2025-10-18,2025-10-18
CVE-2025-10980,0.000290000,0.070900000,0.3092926490984743,2025-10-18,2025-10-18
CVE-2025-10979,0.000290000,0.070900000,0.3092926490984743,2025-10-18,2025-10-18
CVE-2025-10978,0.000290000,0.070900000,0.3092926490984743,2025-10-18,2025-10-18
CVE-2025-10977,0.000290000,0.070900000,0.3092926490984743,2025-10-18,2025-10-18
CVE-2025-10976,0.000290000,0.070900000,0.3092926490984743,2025-10-18,2025-10-18
CVE-2025-10975,0.000490000,0.148820000,0.7304669440591771,2025-10-18,2025-10-18
CVE-2025-10974,0.000490000,0.148820000,0.7304669440591771,2025-10-18,2025-10-18
CVE-2025-10973,0.000370000,0.104200000,0.5624133148404993,2025-10-18,2025-10-18
CVE-2025-10871,0.000140000,0.016960000,0.06634304207119741,2025-10-18,2025-10-18
CVE-2025-10867,0.000280000,0.065440000,0.29357374017568194,2025-10-18,2025-10-18
CVE-2025-10858,0.000500000,0.154000000,0.7376329172445677,2025-10-18,2025-10-18
CVE-2025-10752,0.000230000,0.046500000,0.18007397133610725,2025-10-18,2025-10-18
CVE-2025-10747,0.002920000,0.522590000,0.9542302357836339,2025-10-18,2025-10-18
CVE-2025-10745,0.000900000,0.265910000,0.8744798890429958,2025-10-18,2025-10-18
CVE-2025-10490,0.000290000,0.068610000,0.3092926490984743,2025-10-18,2025-10-18
CVE-2025-10377,0.000130000,0.013570000,0.05108645399907536,2025-10-18,2025-10-18
CVE-2025-10307,0.012940000,0.789810000,0.989828941285252,2025-10-18,2025-10-18
CVE-2025-10180,0.000340000,0.089770000,0.444290337494221,2025-10-18,2025-10-18
CVE-2025-10178,0.000360000,0.099200000,0.5388349514563107,2025-10-18,2025-10-18
CVE-2025-10173,0.000380000,0.109300000,0.5917706888580675,2025-10-18,2025-10-18
CVE-2025-10137,0.000540000,0.168380000,0.7706888580674989,2025-10-18,2025-10-18
CVE-2025-10136,0.000320000,0.082860000,0.37355524734165513,2025-10-18,2025-10-18
CVE-2025-10037,0.000300000,0.073940000,0.3333333333333333,2025-10-18,2025-10-18
CVE-2025-10036,0.000300000,0.073940000,0.3333333333333333,2025-10-18,2025-10-18
CVE-2025-9958,0.000100000,0.008430000,0.0372168284789644,2025-10-18,2025-10-18
CVE-2025-9642,0.000420000,0.123290000,0.6539528432732317,2025-10-18,2025-10-18
CVE-2025-9267,0.000170000,0.030420000,0.11488673139158576,2025-10-18,2025-10-18
CVE-2025-7691,0.000110000,0.009660000,0.042071197411003236,2025-10-18,2025-10-18
CVE-2025-6396,0.000310000,0.079950000,0.3603791030975497,2025-10-18,2025-10-18
CVE-2025-60219,0.000560000,0.176580000,0.7859454461396209,2025-10-18,2025-10-18
CVE-2025-60186,0.000330000,0.086250000,0.4172445677300046,2025-10-18,2025-10-18
CVE-2025-60185,0.000330000,0.086250000,0.4172445677300046,2025-10-18,2025-10-18
CVE-2025-60184,0.000330000,0.086250000,0.4172445677300046,2025-10-18,2025-10-18
CVE-2025-60181,0.000350000,0.094230000,0.4919093851132686,2025-10-18,2025-10-18
CVE-2025-60179,0.000330000,0.086250000,0.4172445677300046,2025-10-18,2025-10-18
CVE-2025-60177,0.000330000,0.086250000,0.4172445677300046,2025-10-18,2025-10-18
CVE-2025-60173,0.000150000,0.023490000,0.0811373092926491,2025-10-18,2025-10-18
CVE-2025-60172,0.000150000,0.023490000,0.0811373092926491,2025-10-18,2025-10-18
CVE-2025-60171,0.000150000,0.023490000,0.0811373092926491,2025-10-18,2025-10-18
CVE-2025-60170,0.000150000,0.023490000,0.0811373092926491,2025-10-18,2025-10-18
CVE-2025-60169,0.000150000,0.023490000,0.0811373092926491,2025-10-18,2025-10-18
CVE-2025-60167,0.000300000,0.076790000,0.3333333333333333,2025-10-18,2025-10-18
CVE-2025-60166,0.000290000,0.073080000,0.3092926490984743,2025-10-18,2025-10-18
CVE-2025-60165,0.000290000,0.073080000,0.3092926490984743,2025-10-18,2025-10-18
CVE-2025-60164,0.000150000,0.023490000,0.0811373092926491,2025-10-18,2025-10-18
CVE-2025-60163,0.000340000,0.088550000,0.444290337494221,2025-10-18,2025-10-18
CVE-2025-60162,0.000340000,0.088550000,0.444290337494221,2025-10-18,2025-10-18
CVE-2025-60161,0.000350000,0.094230000,0.4919093851132686,2025-10-18,2025-10-18
CVE-2025-60160,0.000330000,0.086250000,0.4172445677300046,2025-10-18,2025-10-18
CVE-2025-60159,0.000290000,0.073080000,0.3092926490984743,2025-10-18,2025-10-18
CVE-2025-60158,0.000330000,0.086250000,0.4172445677300046,2025-10-18,2025-10-18
CVE-2025-60157,0.000340000,0.088550000,0.444290337494221,2025-10-18,2025-10-18
CVE-2025-60156,0.000190000,0.036440000,0.14586222838650023,2025-10-18,2025-10-18
CVE-2025-60155,0.000370000,0.103810000,0.5624133148404993,2025-10-18,2025-10-18
CVE-2025-60154,0.000330000,0.086250000,0.4172445677300046,2025-10-18,2025-10-18
CVE-2025-60153,0.001270000,0.329350000,0.90499306518724,2025-10-18,2025-10-18
CVE-2025-60152,0.000290000,0.073080000,0.3092926490984743,2025-10-18,2025-10-18
CVE-2025-60150,0.001270000,0.329350000,0.90499306518724,2025-10-18,2025-10-18
CVE-2025-60149,0.000330000,0.086250000,0.4172445677300046,2025-10-18,2025-10-18
CVE-2025-60148,0.000290000,0.073080000,0.3092926490984743,2025-10-18,2025-10-18
CVE-2025-60147,0.000340000,0.088550000,0.444290337494221,2025-10-18,2025-10-18
CVE-2025-60146,0.000330000,0.086250000,0.4172445677300046,2025-10-18,2025-10-18
CVE-2025-60145,0.000160000,0.024020000,0.09662505779010633,2025-10-18,2025-10-18
CVE-2025-60144,0.000330000,0.086250000,0.4172445677300046,2025-10-18,2025-10-18
CVE-2025-60143,0.000290000,0.073080000,0.3092926490984743,2025-10-18,2025-10-18
CVE-2025-60142,0.000340000,0.088550000,0.444290337494221,2025-10-18,2025-10-18
CVE-2025-60141,0.000330000,0.086250000,0.4172445677300046,2025-10-18,2025-10-18
CVE-2025-60140,0.000360000,0.098630000,0.5388349514563107,2025-10-18,2025-10-18
CVE-2025-60139,0.000160000,0.024020000,0.09662505779010633,2025-10-18,2025-10-18
CVE-2025-60138,0.000340000,0.088550000,0.444290337494221,2025-10-18,2025-10-18
CVE-2025-60137,0.000160000,0.024020000,0.09662505779010633,2025-10-18,2025-10-18
CVE-2025-60136,0.000330000,0.086250000,0.4172445677300046,2025-10-18,2025-10-18
CVE-2025-60133,0.000330000,0.086250000,0.4172445677300046,2025-10-18,2025-10-18
CVE-2025-60130,0.000370000,0.103810000,0.5624133148404993,2025-10-18,2025-10-18
CVE-2025-60129,0.000370000,0.103810000,0.5624133148404993,2025-10-18,2025-10-18
CVE-2025-60128,0.000290000,0.073080000,0.3092926490984743,2025-10-18,2025-10-18
CVE-2025-60127,0.000400000,0.117270000,0.6310679611650486,2025-10-18,2025-10-18
CVE-2025-60126,0.001270000,0.329350000,0.90499306518724,2025-10-18,2025-10-18
CVE-2025-60125,0.000360000,0.098630000,0.5388349514563107,2025-10-18,2025-10-18
CVE-2025-60124,0.000340000,0.088550000,0.444290337494221,2025-10-18,2025-10-18
CVE-2025-60123,0.000290000,0.073080000,0.3092926490984743,2025-10-18,2025-10-18
CVE-2025-60122,0.000290000,0.073080000,0.3092926490984743,2025-10-18,2025-10-18
CVE-2025-60121,0.000370000,0.103810000,0.5624133148404993,2025-10-18,2025-10-18
CVE-2025-60120,0.000370000,0.104920000,0.5624133148404993,2025-10-18,2025-10-18
CVE-2025-59844,0.004050000,0.602320000,0.9720295885344429,2025-10-18,2025-10-18
CVE-2025-59843,0.000380000,0.109470000,0.5917706888580675,2025-10-18,2025-10-18
CVE-2025-59842,0.000540000,0.167710000,0.7706888580674989,2025-10-18,2025-10-18
CVE-2025-59362,0.000580000,0.182270000,0.794960702727693,2025-10-18,2025-10-18
CVE-2025-58385,0.000170000,0.028370000,0.11488673139158576,2025-10-18,2025-10-18
CVE-2025-57292,0.000300000,0.074380000,0.3333333333333333,2025-10-18,2025-10-18
CVE-2025-56463,0.000130000,0.015530000,0.05108645399907536,2025-10-18,2025-10-18
CVE-2025-56383,0.000160000,0.023550000,0.09662505779010633,2025-10-18,2025-10-18
CVE-2025-55848,0.000400000,0.116500000,0.6310679611650486,2025-10-18,2025-10-18
CVE-2025-55847,0.000170000,0.028250000,0.11488673139158576,2025-10-18,2025-10-18
CVE-2025-55187,0.000440000,0.130530000,0.6747572815533981,2025-10-18,2025-10-18
CVE-2025-5069,0.000080000,0.004560000,0.02727693018955155,2025-10-18,2025-10-18
CVE-2025-45994,0.000380000,0.110360000,0.5917706888580675,2025-10-18,2025-10-18
CVE-2025-36326,0.000380000,0.107560000,0.5917706888580675,2025-10-18,2025-10-18
CVE-2025-36274,0.000290000,0.069300000,0.3092926490984743,2025-10-18,2025-10-18
CVE-2025-26258,0.000310000,0.079950000,0.3603791030975497,2025-10-18,2025-10-18
CVE-2025-11060,0.000330000,0.085810000,0.4172445677300046,2025-10-18,2025-10-18
CVE-2025-11042,0.000360000,0.096880000,0.5388349514563107,2025-10-18,2025-10-18
CVE-2025-11034,0.000430000,0.126470000,0.6604253351826167,2025-10-18,2025-10-18
CVE-2025-11033,0.000300000,0.074880000,0.3333333333333333,2025-10-18,2025-10-18
CVE-2025-11032,0.000300000,0.074880000,0.3333333333333333,2025-10-18,2025-10-18
CVE-2025-11031,0.001080000,0.297070000,0.891123439667129,2025-10-18,2025-10-18
CVE-2025-11030,0.000500000,0.152490000,0.7376329172445677,2025-10-18,2025-10-18
CVE-2025-11029,0.000170000,0.030530000,0.11488673139158576,2025-10-18,2025-10-18
CVE-2025-11028,0.000350000,0.095230000,0.4919093851132686,2025-10-18,2025-10-18
CVE-2025-11027,0.000260000,0.057760000,0.25358298659269535,2025-10-18,2025-10-18
CVE-2025-11026,0.000300000,0.076160000,0.3333333333333333,2025-10-18,2025-10-18
CVE-2025-11025,0.000330000,0.087160000,0.4172445677300046,2025-10-18,2025-10-18
CVE-2025-11019,0.000290000,0.068590000,0.3092926490984743,2025-10-18,2025-10-18
CVE-2025-11018,0.002190000,0.444700000,0.9435968562182154,2025-10-18,2025-10-18
CVE-2025-11017,0.000230000,0.048200000,0.18007397133610725,2025-10-18,2025-10-18
CVE-2025-11016,0.000470000,0.141180000,0.7008784096162737,2025-10-18,2025-10-18
CVE-2025-11015,0.000150000,0.019330000,0.0811373092926491,2025-10-18,2025-10-18
CVE-2025-11014,0.000230000,0.046880000,0.18007397133610725,2025-10-18,2025-10-18
CVE-2025-11013,0.000190000,0.037390000,0.14586222838650023,2025-10-18,2025-10-18
CVE-2025-11012,0.000220000,0.043490000,0.1634304207119741,2025-10-18,2025-10-18
CVE-2025-11011,0.000210000,0.042510000,0.1583448913546001,2025-10-18,2025-10-18
CVE-2025-11010,0.000140000,0.018610000,0.06634304207119741,2025-10-18,2025-10-18
CVE-2025-10868,0.000130000,0.014760000,0.05108645399907536,2025-10-18,2025-10-18
CVE-2025-10544,0.000510000,0.155880000,0.7501155802126676,2025-10-18,2025-10-18
CVE-2025-9944,0.000140000,0.017590000,0.06634304207119741,2025-10-18,2025-10-18
CVE-2025-9899,0.000130000,0.015830000,0.05108645399907536,2025-10-18,2025-10-18
CVE-2025-9898,0.000140000,0.017590000,0.06634304207119741,2025-10-18,2025-10-18
CVE-2025-9896,0.000140000,0.017590000,0.06634304207119741,2025-10-18,2025-10-18
CVE-2025-9894,0.000140000,0.017590000,0.06634304207119741,2025-10-18,2025-10-18
CVE-2025-9893,0.000140000,0.017590000,0.06634304207119741,2025-10-18,2025-10-18
CVE-2025-9816,0.000980000,0.278610000,0.8832639852057328,2025-10-18,2025-10-18
CVE-2025-8440,0.000320000,0.081320000,0.37355524734165513,2025-10-18,2025-10-18
CVE-2025-8014,0.000760000,0.233240000,0.8506703652334721,2025-10-18,2025-10-18
CVE-2025-7647,0.000160000,0.025070000,0.09662505779010633,2025-10-18,2025-10-18
CVE-2025-59945,0.000320000,0.080110000,0.37355524734165513,2025-10-18,2025-10-18
CVE-2025-59939,0.000340000,0.089890000,0.444290337494221,2025-10-18,2025-10-18
CVE-2025-59938,0.000610000,0.194180000,0.8083680073971337,2025-10-18,2025-10-18
CVE-2025-59936,0.000590000,0.187180000,0.7998150716597319,2025-10-18,2025-10-18
CVE-2025-59934,0.000100000,0.008400000,0.0372168284789644,2025-10-18,2025-10-18
CVE-2025-59932,0.000550000,0.173020000,0.7792417938049006,2025-10-18,2025-10-18
CVE-2025-59845,0.000150000,0.020830000,0.0811373092926491,2025-10-18,2025-10-18
CVE-2025-58384,0.005130000,0.655970000,0.9778085991678225,2025-10-18,2025-10-18
CVE-2025-57692,0.000500000,0.152890000,0.7376329172445677,2025-10-18,2025-10-18
CVE-2025-36239,0.000720000,0.225440000,0.841886269070735,2025-10-18,2025-10-18
CVE-2025-36144,0.000120000,0.012100000,0.04461396208969025,2025-10-18,2025-10-18
CVE-2025-3193,0.000470000,0.141800000,0.7008784096162737,2025-10-18,2025-10-18
CVE-2025-11120,0.000760000,0.235500000,0.8506703652334721,2025-10-18,2025-10-18
CVE-2025-11119,0.000280000,0.066690000,0.29357374017568194,2025-10-18,2025-10-18
CVE-2025-11118,0.000300000,0.074880000,0.3333333333333333,2025-10-18,2025-10-18
CVE-2025-11117,0.000790000,0.243760000,0.8564493758668515,2025-10-18,2025-10-18
CVE-2025-11116,0.000300000,0.074880000,0.3333333333333333,2025-10-18,2025-10-18
CVE-2025-11115,0.000300000,0.074880000,0.3333333333333333,2025-10-18,2025-10-18
CVE-2025-11114,0.000280000,0.066880000,0.29357374017568194,2025-10-18,2025-10-18
CVE-2025-11113,0.000290000,0.070630000,0.3092926490984743,2025-10-18,2025-10-18
CVE-2025-11112,0.000280000,0.066690000,0.29357374017568194,2025-10-18,2025-10-18
CVE-2025-11111,0.000300000,0.074880000,0.3333333333333333,2025-10-18,2025-10-18
CVE-2025-11110,0.000300000,0.074880000,0.3333333333333333,2025-10-18,2025-10-18
CVE-2025-11109,0.000300000,0.074880000,0.3333333333333333,2025-10-18,2025-10-18
CVE-2025-11108,0.000290000,0.068770000,0.3092926490984743,2025-10-18,2025-10-18
CVE-2025-11107,0.000290000,0.068770000,0.3092926490984743,2025-10-18,2025-10-18
CVE-2025-11106,0.000290000,0.068770000,0.3092926490984743,2025-10-18,2025-10-18
CVE-2025-11105,0.000290000,0.068770000,0.3092926490984743,2025-10-18,2025-10-18
CVE-2025-11104,0.000280000,0.066880000,0.29357374017568194,2025-10-18,2025-10-18
CVE-2025-11103,0.000350000,0.094400000,0.4919093851132686,2025-10-18,2025-10-18
CVE-2025-11102,0.000290000,0.068770000,0.3092926490984743,2025-10-18,2025-10-18
CVE-2025-11101,0.000290000,0.068770000,0.3092926490984743,2025-10-18,2025-10-18
CVE-2025-11100,0.000890000,0.263540000,0.8719371243643088,2025-10-18,2025-10-18
CVE-2025-11099,0.000890000,0.263540000,0.8719371243643088,2025-10-18,2025-10-18
CVE-2025-11098,0.000890000,0.263540000,0.8719371243643088,2025-10-18,2025-10-18
CVE-2025-11097,0.000890000,0.263540000,0.8719371243643088,2025-10-18,2025-10-18
CVE-2025-11096,0.000890000,0.263540000,0.8719371243643088,2025-10-18,2025-10-18
CVE-2025-11095,0.000890000,0.263540000,0.8719371243643088,2025-10-18,2025-10-18
CVE-2025-11094,0.000370000,0.105300000,0.5624133148404993,2025-10-18,2025-10-18
CVE-2025-11092,0.000890000,0.263540000,0.8719371243643088,2025-10-18,2025-10-18
CVE-2025-11091,0.000760000,0.235500000,0.8506703652334721,2025-10-18,2025-10-18
CVE-2025-11090,0.000400000,0.119910000,0.6310679611650486,2025-10-18,2025-10-18
CVE-2025-11089,0.000300000,0.074880000,0.3333333333333333,2025-10-18,2025-10-18
CVE-2025-11088,0.000280000,0.066880000,0.29357374017568194,2025-10-18,2025-10-18
CVE-2025-11083,0.000200000,0.038220000,0.15372168284789645,2025-10-18,2025-10-18
CVE-2025-11082,0.000180000,0.031440000,0.13522884882108183,2025-10-18,2025-10-18
CVE-2025-11081,0.000200000,0.039500000,0.15372168284789645,2025-10-18,2025-10-18
CVE-2025-11080,0.000300000,0.075110000,0.3333333333333333,2025-10-18,2025-10-18
CVE-2025-11079,0.001660000,0.382370000,0.9214054553860379,2025-10-18,2025-10-18
CVE-2025-11078,0.000360000,0.098430000,0.5388349514563107,2025-10-18,2025-10-18
CVE-2025-11077,0.000300000,0.074880000,0.3333333333333333,2025-10-18,2025-10-18
CVE-2025-11076,0.000300000,0.074880000,0.3333333333333333,2025-10-18,2025-10-18
CVE-2025-11075,0.000300000,0.074880000,0.3333333333333333,2025-10-18,2025-10-18
CVE-2025-11074,0.000300000,0.074880000,0.3333333333333333,2025-10-18,2025-10-18
CVE-2025-11073,0.003300000,0.554230000,0.9590846047156727,2025-10-18,2025-10-18
CVE-2025-11071,0.000260000,0.059090000,0.25358298659269535,2025-10-18,2025-10-18
CVE-2025-11070,0.000300000,0.074880000,0.3333333333333333,2025-10-18,2025-10-18
CVE-2025-11069,0.000250000,0.055880000,0.23439667128987518,2025-10-18,2025-10-18
CVE-2025-11068,0.000250000,0.055880000,0.23439667128987518,2025-10-18,2025-10-18
CVE-2025-11067,0.000250000,0.055880000,0.23439667128987518,2025-10-18,2025-10-18
CVE-2025-11066,0.000300000,0.074880000,0.3333333333333333,2025-10-18,2025-10-18
CVE-2025-11064,0.000300000,0.074880000,0.3333333333333333,2025-10-18,2025-10-18
CVE-2025-11063,0.000300000,0.074880000,0.3333333333333333,2025-10-18,2025-10-18
CVE-2025-11062,0.000370000,0.105880000,0.5624133148404993,2025-10-18,2025-10-18
CVE-2025-11061,0.000300000,0.074880000,0.3333333333333333,2025-10-18,2025-10-18
CVE-2025-11057,0.000300000,0.074880000,0.3333333333333333,2025-10-18,2025-10-18
CVE-2025-11056,0.000280000,0.066880000,0.29357374017568194,2025-10-18,2025-10-18
CVE-2025-11055,0.000300000,0.074880000,0.3333333333333333,2025-10-18,2025-10-18
CVE-2025-11054,0.000280000,0.066880000,0.29357374017568194,2025-10-18,2025-10-18
CVE-2025-11053,0.000300000,0.074880000,0.3333333333333333,2025-10-18,2025-10-18
CVE-2025-11052,0.000300000,0.074880000,0.3333333333333333,2025-10-18,2025-10-18
CVE-2025-11051,0.000240000,0.051900000,0.19602404068423485,2025-10-18,2025-10-18
CVE-2025-11050,0.000360000,0.098430000,0.5388349514563107,2025-10-18,2025-10-18
CVE-2025-11049,0.000360000,0.098430000,0.5388349514563107,2025-10-18,2025-10-18
CVE-2025-11048,0.000360000,0.098430000,0.5388349514563107,2025-10-18,2025-10-18
CVE-2025-11047,0.000360000,0.098430000,0.5388349514563107,2025-10-18,2025-10-18
CVE-2025-11046,0.000390000,0.112560000,0.602635228848821,2025-10-18,2025-10-18
CVE-2025-11045,0.017440000,0.818350000,0.9914470642625982,2025-10-18,2025-10-18
CVE-2025-11041,0.000280000,0.066880000,0.29357374017568194,2025-10-18,2025-10-18
CVE-2025-11040,0.000300000,0.074880000,0.3333333333333333,2025-10-18,2025-10-18
CVE-2025-11039,0.000290000,0.068770000,0.3092926490984743,2025-10-18,2025-10-18
CVE-2025-11038,0.000280000,0.066880000,0.29357374017568194,2025-10-18,2025-10-18
CVE-2025-11037,0.000350000,0.094150000,0.4919093851132686,2025-10-18,2025-10-18
CVE-2025-11036,0.000350000,0.094150000,0.4919093851132686,2025-10-18,2025-10-18
CVE-2025-11035,0.000380000,0.111030000,0.5917706888580675,2025-10-18,2025-10-18
CVE-2025-10954,0.000580000,0.182300000,0.794960702727693,2025-10-18,2025-10-18
CVE-2025-10657,0.000160000,0.024790000,0.09662505779010633,2025-10-18,2025-10-18
CVE-2025-10499,0.000130000,0.013570000,0.05108645399907536,2025-10-18,2025-10-18
CVE-2025-10498,0.000130000,0.013570000,0.05108645399907536,2025-10-18,2025-10-18
CVE-2024-43192,0.000140000,0.017930000,0.06634304207119741,2025-10-18,2025-10-18
CVE-2025-9904,0.000510000,0.158310000,0.7501155802126676,2025-10-18,2025-10-18
CVE-2025-9903,0.000450000,0.136550000,0.6874711049468331,2025-10-18,2025-10-18
CVE-2025-9648,0.006110000,0.688620000,0.9808136846971799,2025-10-18,2025-10-18
CVE-2025-8868,0.081070000,0.917290000,0.9951456310679612,2025-10-18,2025-10-18
CVE-2025-7698,0.000410000,0.120940000,0.6444752658344891,2025-10-18,2025-10-18
CVE-2025-7104,0.000300000,0.076070000,0.3333333333333333,2025-10-18,2025-10-18
CVE-2025-6724,0.000530000,0.164830000,0.7600554785020804,2025-10-18,2025-10-18
CVE-2025-61659,0.000170000,0.027710000,0.11488673139158576,2025-10-18,2025-10-18
CVE-2025-57879,0.000350000,0.095100000,0.4919093851132686,2025-10-18,2025-10-18
CVE-2025-57878,0.000350000,0.095100000,0.4919093851132686,2025-10-18,2025-10-18
CVE-2025-57877,0.000360000,0.098820000,0.5388349514563107,2025-10-18,2025-10-18
CVE-2025-57876,0.000360000,0.098820000,0.5388349514563107,2025-10-18,2025-10-18
CVE-2025-57875,0.000360000,0.098820000,0.5388349514563107,2025-10-18,2025-10-18
CVE-2025-57874,0.000360000,0.098820000,0.5388349514563107,2025-10-18,2025-10-18
CVE-2025-57873,0.000360000,0.098820000,0.5388349514563107,2025-10-18,2025-10-18
CVE-2025-57872,0.000350000,0.095100000,0.4919093851132686,2025-10-18,2025-10-18
CVE-2025-57871,0.000360000,0.098820000,0.5388349514563107,2025-10-18,2025-10-18
CVE-2025-57516,0.003050000,0.532930000,0.9560795191863153,2025-10-18,2025-10-18
CVE-2025-57483,0.000350000,0.094920000,0.4919093851132686,2025-10-18,2025-10-18
CVE-2025-57428,0.000240000,0.052670000,0.19602404068423485,2025-10-18,2025-10-18
CVE-2025-57424,0.000300000,0.076090000,0.3333333333333333,2025-10-18,2025-10-18
CVE-2025-57266,0.000970000,0.277830000,0.882339343504392,2025-10-18,2025-10-18
CVE-2025-57197,0.000260000,0.058800000,0.25358298659269535,2025-10-18,2025-10-18
CVE-2025-56807,0.000300000,0.074380000,0.3333333333333333,2025-10-18,2025-10-18
CVE-2025-56795,0.000370000,0.103620000,0.5624133148404993,2025-10-18,2025-10-18
CVE-2025-56764,0.000380000,0.109350000,0.5917706888580675,2025-10-18,2025-10-18
CVE-2025-56449,0.000480000,0.145590000,0.7244567730004623,2025-10-18,2025-10-18
CVE-2025-56234,0.000240000,0.052670000,0.19602404068423485,2025-10-18,2025-10-18
CVE-2025-56233,0.000240000,0.051940000,0.19602404068423485,2025-10-18,2025-10-18
CVE-2025-55795,0.000300000,0.076060000,0.3333333333333333,2025-10-18,2025-10-18
CVE-2025-54591,0.000390000,0.114630000,0.602635228848821,2025-10-18,2025-10-18
CVE-2025-51495,0.000440000,0.130680000,0.6747572815533981,2025-10-18,2025-10-18
CVE-2025-48006,0.000470000,0.144110000,0.7008784096162737,2025-10-18,2025-10-18
CVE-2025-45376,0.000100000,0.008040000,0.0372168284789644,2025-10-18,2025-10-18
CVE-2025-43400,0.000550000,0.173180000,0.7792417938049006,2025-10-18,2025-10-18
CVE-2025-41252,0.000570000,0.179110000,0.789875173370319,2025-10-18,2025-10-18
CVE-2025-41251,0.000660000,0.207670000,0.826629680998613,2025-10-18,2025-10-18
CVE-2025-41250,0.000570000,0.177750000,0.789875173370319,2025-10-18,2025-10-18
CVE-2025-41246,0.000270000,0.063130000,0.2875635691169672,2025-10-18,2025-10-18
CVE-2025-41245,0.000440000,0.131390000,0.6747572815533981,2025-10-18,2025-10-18
CVE-2025-41244,0.000080000,0.004400000,0.02727693018955155,2025-10-18,2025-10-18
CVE-2025-36352,0.000270000,0.063580000,0.2875635691169672,2025-10-18,2025-10-18
CVE-2025-36351,0.000370000,0.105300000,0.5624133148404993,2025-10-18,2025-10-18
CVE-2025-36099,0.000490000,0.151600000,0.7304669440591771,2025-10-18,2025-10-18
CVE-2025-35034,0.000450000,0.136730000,0.6874711049468331,2025-10-18,2025-10-18
CVE-2025-35033,0.000410000,0.122750000,0.6444752658344891,2025-10-18,2025-10-18
CVE-2025-35032,0.000290000,0.068780000,0.3092926490984743,2025-10-18,2025-10-18
CVE-2025-35031,0.000130000,0.014620000,0.05108645399907536,2025-10-18,2025-10-18
CVE-2025-35030,0.000270000,0.062590000,0.2875635691169672,2025-10-18,2025-10-18
CVE-2025-34235,0.001790000,0.398260000,0.9283402681460934,2025-10-18,2025-10-18
CVE-2025-34234,0.000230000,0.049090000,0.18007397133610725,2025-10-18,2025-10-18
CVE-2025-34233,0.000340000,0.088740000,0.444290337494221,2025-10-18,2025-10-18
CVE-2025-34232,0.000360000,0.098440000,0.5388349514563107,2025-10-18,2025-10-18
CVE-2025-34231,0.001950000,0.416840000,0.9348127600554785,2025-10-18,2025-10-18
CVE-2025-34230,0.000360000,0.098440000,0.5388349514563107,2025-10-18,2025-10-18
CVE-2025-34229,0.000360000,0.098440000,0.5388349514563107,2025-10-18,2025-10-18
CVE-2025-34228,0.003400000,0.561030000,0.9602404068423486,2025-10-18,2025-10-18
CVE-2025-34225,0.003400000,0.561030000,0.9602404068423486,2025-10-18,2025-10-18
CVE-2025-34224,0.009580000,0.756530000,0.986130374479889,2025-10-18,2025-10-18
CVE-2025-34223,0.016070000,0.810780000,0.9907535829865927,2025-10-18,2025-10-18
CVE-2025-34222,0.001100000,0.301050000,0.893666204345816,2025-10-18,2025-10-18
CVE-2025-34221,0.020010000,0.829990000,0.9919093851132686,2025-10-18,2025-10-18
CVE-2025-34220,0.001860000,0.406630000,0.9318076745261211,2025-10-18,2025-10-18
CVE-2025-34218,0.003860000,0.590840000,0.9690245030050856,2025-10-18,2025-10-18
CVE-2025-34216,0.001330000,0.337960000,0.908922792417938,2025-10-18,2025-10-18
CVE-2025-34215,0.003000000,0.529010000,0.9558483587609801,2025-10-18,2025-10-18
CVE-2025-34212,0.001620000,0.376490000,0.9193250115580213,2025-10-18,2025-10-18
CVE-2025-34211,0.000160000,0.027220000,0.09662505779010633,2025-10-18,2025-10-18
CVE-2025-34209,0.000480000,0.147890000,0.7244567730004623,2025-10-18,2025-10-18
CVE-2025-34207,0.000590000,0.185890000,0.7998150716597319,2025-10-18,2025-10-18
CVE-2025-34196,0.000270000,0.062410000,0.2875635691169672,2025-10-18,2025-10-18
CVE-2025-30247,0.012270000,0.784300000,0.9884419787332409,2025-10-18,2025-10-18
CVE-2025-11155,0.000220000,0.045530000,0.1634304207119741,2025-10-18,2025-10-18
CVE-2025-11147,0.000290000,0.072580000,0.3092926490984743,2025-10-18,2025-10-18
CVE-2025-11146,0.000290000,0.072580000,0.3092926490984743,2025-10-18,2025-10-18
CVE-2025-11141,0.003240000,0.549180000,0.9576976421636616,2025-10-18,2025-10-18
CVE-2025-11140,0.000350000,0.092540000,0.4919093851132686,2025-10-18,2025-10-18
CVE-2025-11139,0.000870000,0.259730000,0.8698566805362922,2025-10-18,2025-10-18
CVE-2025-11138,0.003510000,0.568600000,0.9625520110957004,2025-10-18,2025-10-18
CVE-2025-11137,0.000290000,0.072420000,0.3092926490984743,2025-10-18,2025-10-18
CVE-2025-11136,0.000430000,0.129890000,0.6604253351826167,2025-10-18,2025-10-18
CVE-2025-11135,0.000460000,0.139850000,0.6941747572815534,2025-10-18,2025-10-18
CVE-2025-11134,0.000300000,0.076260000,0.3333333333333333,2025-10-18,2025-10-18
CVE-2025-11130,0.000260000,0.056970000,0.25358298659269535,2025-10-18,2025-10-18
CVE-2025-11126,0.000560000,0.176440000,0.7859454461396209,2025-10-18,2025-10-18
CVE-2025-11125,0.000330000,0.086420000,0.4172445677300046,2025-10-18,2025-10-18
CVE-2025-11124,0.000380000,0.109470000,0.5917706888580675,2025-10-18,2025-10-18
CVE-2025-11123,0.000840000,0.252700000,0.8656957928802589,2025-10-18,2025-10-18
CVE-2025-11122,0.000840000,0.252700000,0.8656957928802589,2025-10-18,2025-10-18
CVE-2025-11121,0.008390000,0.739250000,0.9845122515025427,2025-10-18,2025-10-18
CVE-2025-10504,0.000170000,0.029560000,0.11488673139158576,2025-10-18,2025-10-18
CVE-2025-10346,0.000310000,0.078490000,0.3603791030975497,2025-10-18,2025-10-18
CVE-2025-10345,0.000310000,0.078490000,0.3603791030975497,2025-10-18,2025-10-18
CVE-2025-10344,0.000310000,0.078490000,0.3603791030975497,2025-10-18,2025-10-18
CVE-2025-10343,0.000310000,0.078490000,0.3603791030975497,2025-10-18,2025-10-18
CVE-2025-10342,0.000310000,0.078490000,0.3603791030975497,2025-10-18,2025-10-18
CVE-2025-10341,0.000310000,0.078490000,0.3603791030975497,2025-10-18,2025-10-18
CVE-2024-57412,0.000070000,0.003820000,0.019648636153490523,2025-10-18,2025-10-18
CVE-2024-5200,0.000310000,0.079950000,0.3603791030975497,2025-10-18,2025-10-18
CVE-2024-13150,0.000400000,0.119180000,0.6310679611650486,2025-10-18,2025-10-18
CVE-2025-9993,0.000850000,0.255750000,0.8682385575589459,2025-10-18,2025-10-18
CVE-2025-9991,0.001700000,0.387590000,0.9248728617660656,2025-10-18,2025-10-18
CVE-2025-9948,0.000130000,0.013570000,0.05108645399907536,2025-10-18,2025-10-18
CVE-2025-9946,0.000130000,0.013530000,0.05108645399907536,2025-10-18,2025-10-18
CVE-2025-9852,0.000320000,0.082860000,0.37355524734165513,2025-10-18,2025-10-18
CVE-2025-9762,0.001830000,0.403900000,0.9306518723994452,2025-10-18,2025-10-18
CVE-2025-9232,0.000230000,0.049130000,0.18007397133610725,2025-10-18,2025-10-18
CVE-2025-9231,0.000130000,0.014370000,0.05108645399907536,2025-10-18,2025-10-18
CVE-2025-9230,0.000260000,0.059830000,0.25358298659269535,2025-10-18,2025-10-18
CVE-2025-8877,0.000840000,0.254740000,0.8656957928802589,2025-10-18,2025-10-18
CVE-2025-8777,0.000320000,0.081320000,0.37355524734165513,2025-10-18,2025-10-18
CVE-2025-8625,0.002530000,0.485200000,0.949375866851595,2025-10-18,2025-10-18
CVE-2025-8624,0.000320000,0.082860000,0.37355524734165513,2025-10-18,2025-10-18
CVE-2025-8623,0.000320000,0.081320000,0.37355524734165513,2025-10-18,2025-10-18
CVE-2025-8608,0.000320000,0.082860000,0.37355524734165513,2025-10-18,2025-10-18
CVE-2025-8566,0.000320000,0.082860000,0.37355524734165513,2025-10-18,2025-10-18
CVE-2025-8560,0.000320000,0.081320000,0.37355524734165513,2025-10-18,2025-10-18
CVE-2025-8559,0.000430000,0.126260000,0.6604253351826167,2025-10-18,2025-10-18
CVE-2025-8214,0.000320000,0.082860000,0.37355524734165513,2025-10-18,2025-10-18
CVE-2025-8122,0.000340000,0.087570000,0.444290337494221,2025-10-18,2025-10-18
CVE-2025-8121,0.000340000,0.087570000,0.444290337494221,2025-10-18,2025-10-18
CVE-2025-8120,0.002740000,0.506360000,0.9507628294036061,2025-10-18,2025-10-18
CVE-2025-8119,0.000250000,0.054980000,0.23439667128987518,2025-10-18,2025-10-18
CVE-2025-8118,0.000540000,0.167710000,0.7706888580674989,2025-10-18,2025-10-18
CVE-2025-8117,0.000550000,0.174290000,0.7792417938049006,2025-10-18,2025-10-18
CVE-2025-8116,0.001020000,0.288240000,0.8867313915857605,2025-10-18,2025-10-18
CVE-2025-7779,0.000140000,0.018990000,0.06634304207119741,2025-10-18,2025-10-18
CVE-2025-7493,0.000770000,0.237680000,0.8536754507628294,2025-10-18,2025-10-18
CVE-2025-7065,0.002740000,0.506360000,0.9507628294036061,2025-10-18,2025-10-18
CVE-2025-7063,0.002740000,0.506360000,0.9507628294036061,2025-10-18,2025-10-18
CVE-2025-7052,0.000190000,0.035600000,0.14586222838650023,2025-10-18,2025-10-18
CVE-2025-7038,0.002160000,0.441880000,0.941747572815534,2025-10-18,2025-10-18
CVE-2025-6941,0.000340000,0.089770000,0.444290337494221,2025-10-18,2025-10-18
CVE-2025-6815,0.000350000,0.092140000,0.4919093851132686,2025-10-18,2025-10-18
CVE-2025-61586,0.000500000,0.151650000,0.7376329172445677,2025-10-18,2025-10-18
CVE-2025-61584,0.000640000,0.200350000,0.8206195099398983,2025-10-18,2025-10-18
CVE-2025-59956,0.000340000,0.091210000,0.444290337494221,2025-10-18,2025-10-18
CVE-2025-59954,0.000610000,0.194170000,0.8083680073971337,2025-10-18,2025-10-18
CVE-2025-59952,0.001120000,0.303810000,0.8957466481738326,2025-10-18,2025-10-18
CVE-2025-59950,0.000290000,0.068790000,0.3092926490984743,2025-10-18,2025-10-18
CVE-2025-59948,0.000490000,0.149200000,0.7304669440591771,2025-10-18,2025-10-18
CVE-2025-59942,0.000550000,0.174170000,0.7792417938049006,2025-10-18,2025-10-18
CVE-2025-59941,0.000440000,0.132510000,0.6747572815533981,2025-10-18,2025-10-18
CVE-2025-59940,0.000680000,0.213610000,0.8314840499306518,2025-10-18,2025-10-18
CVE-2025-59937,0.000390000,0.111420000,0.602635228848821,2025-10-18,2025-10-18
CVE-2025-59933,0.000130000,0.014960000,0.05108645399907536,2025-10-18,2025-10-18
CVE-2025-59668,0.000570000,0.179140000,0.789875173370319,2025-10-18,2025-10-18
CVE-2025-59163,0.001780000,0.397310000,0.9276467868700878,2025-10-18,2025-10-18
CVE-2025-57852,0.000070000,0.003930000,0.019648636153490523,2025-10-18,2025-10-18
CVE-2025-57769,0.000300000,0.074130000,0.3333333333333333,2025-10-18,2025-10-18
CVE-2025-56301,0.000810000,0.246090000,0.8613037447988904,2025-10-18,2025-10-18
CVE-2025-56018,0.000350000,0.091990000,0.4919093851132686,2025-10-18,2025-10-18
CVE-2025-55797,0.000600000,0.191040000,0.8042071197411004,2025-10-18,2025-10-18
CVE-2025-54875,0.000510000,0.158430000,0.7501155802126676,2025-10-18,2025-10-18
CVE-2025-54592,0.000510000,0.158430000,0.7501155802126676,2025-10-18,2025-10-18
CVE-2025-54477,0.000400000,0.118780000,0.6310679611650486,2025-10-18,2025-10-18
CVE-2025-54476,0.000570000,0.178030000,0.789875173370319,2025-10-18,2025-10-18
CVE-2025-52050,0.000290000,0.069180000,0.3092926490984743,2025-10-18,2025-10-18
CVE-2025-52049,0.000290000,0.069180000,0.3092926490984743,2025-10-18,2025-10-18
CVE-2025-52047,0.000290000,0.069180000,0.3092926490984743,2025-10-18,2025-10-18
CVE-2025-52043,0.000290000,0.069180000,0.3092926490984743,2025-10-18,2025-10-18
CVE-2025-43820,0.001680000,0.385450000,0.9220989366620435,2025-10-18,2025-10-18
CVE-2025-43818,0.001680000,0.385450000,0.9220989366620435,2025-10-18,2025-10-18
CVE-2025-43817,0.001680000,0.385450000,0.9220989366620435,2025-10-18,2025-10-18
CVE-2025-43815,0.002000000,0.423090000,0.93666204345816,2025-10-18,2025-10-18
CVE-2025-43813,0.003200000,0.545370000,0.9572353213129912,2025-10-18,2025-10-18
CVE-2025-43812,0.001680000,0.385450000,0.9220989366620435,2025-10-18,2025-10-18
CVE-2025-43811,0.001680000,0.385450000,0.9220989366620435,2025-10-18,2025-10-18
CVE-2025-41099,0.000260000,0.057770000,0.25358298659269535,2025-10-18,2025-10-18
CVE-2025-41098,0.000350000,0.094330000,0.4919093851132686,2025-10-18,2025-10-18
CVE-2025-41097,0.000280000,0.066970000,0.29357374017568194,2025-10-18,2025-10-18
CVE-2025-41096,0.000280000,0.066970000,0.29357374017568194,2025-10-18,2025-10-18
CVE-2025-41095,0.000280000,0.066970000,0.29357374017568194,2025-10-18,2025-10-18
CVE-2025-41094,0.000280000,0.066970000,0.29357374017568194,2025-10-18,2025-10-18
CVE-2025-41093,0.000280000,0.066970000,0.29357374017568194,2025-10-18,2025-10-18
CVE-2025-41092,0.000280000,0.066970000,0.29357374017568194,2025-10-18,2025-10-18
CVE-2025-41091,0.000280000,0.066970000,0.29357374017568194,2025-10-18,2025-10-18
CVE-2025-36245,0.000440000,0.130460000,0.6747572815533981,2025-10-18,2025-10-18
CVE-2025-34217,0.000560000,0.174860000,0.7859454461396209,2025-10-18,2025-10-18
CVE-2025-28016,0.000400000,0.116870000,0.6310679611650486,2025-10-18,2025-10-18
CVE-2025-11178,0.000140000,0.018500000,0.06634304207119741,2025-10-18,2025-10-18
CVE-2025-11163,0.000280000,0.065590000,0.29357374017568194,2025-10-18,2025-10-18
CVE-2025-11153,0.000390000,0.111450000,0.602635228848821,2025-10-18,2025-10-18
CVE-2025-11152,0.000480000,0.146090000,0.7244567730004623,2025-10-18,2025-10-18
CVE-2025-11149,0.000500000,0.151980000,0.7376329172445677,2025-10-18,2025-10-18
CVE-2025-11148,0.004040000,0.602190000,0.9717984281091078,2025-10-18,2025-10-18
CVE-2025-10991,0.000230000,0.049210000,0.18007397133610725,2025-10-18,2025-10-18
CVE-2025-10859,0.000140000,0.019010000,0.06634304207119741,2025-10-18,2025-10-18
CVE-2025-10217,0.000470000,0.141380000,0.7008784096162737,2025-10-18,2025-10-18
CVE-2025-10196,0.000320000,0.081320000,0.37355524734165513,2025-10-18,2025-10-18
CVE-2025-10191,0.000320000,0.081320000,0.37355524734165513,2025-10-18,2025-10-18
CVE-2025-10189,0.000320000,0.082860000,0.37355524734165513,2025-10-18,2025-10-18
CVE-2025-10182,0.000320000,0.082860000,0.37355524734165513,2025-10-18,2025-10-18
CVE-2025-10179,0.000320000,0.082860000,0.37355524734165513,2025-10-18,2025-10-18
CVE-2025-10168,0.000320000,0.081320000,0.37355524734165513,2025-10-18,2025-10-18
CVE-2025-10131,0.000320000,0.082860000,0.37355524734165513,2025-10-18,2025-10-18
CVE-2025-10130,0.000320000,0.081320000,0.37355524734165513,2025-10-18,2025-10-18
CVE-2025-10128,0.000320000,0.082860000,0.37355524734165513,2025-10-18,2025-10-18
CVE-2025-10000,0.000870000,0.260540000,0.8698566805362922,2025-10-18,2025-10-18
CVE-2024-58040,0.000220000,0.044890000,0.1634304207119741,2025-10-18,2025-10-18
CVE-2025-61792,0.000220000,0.045300000,0.1634304207119741,2025-10-18,2025-10-18
CVE-2025-6034,0.000160000,0.026170000,0.09662505779010633,2025-10-18,2025-10-18
CVE-2025-6033,0.000200000,0.040100000,0.15372168284789645,2025-10-18,2025-10-18
CVE-2025-57254,0.000670000,0.210930000,0.8287101248266296,2025-10-18,2025-10-18
CVE-2025-56676,0.001220000,0.321230000,0.9017568192325474,2025-10-18,2025-10-18
CVE-2025-56675,0.000300000,0.076790000,0.3333333333333333,2025-10-18,2025-10-18
CVE-2025-56572,0.001980000,0.421120000,0.9355062413314841,2025-10-18,2025-10-18
CVE-2025-56571,0.000560000,0.176850000,0.7859454461396209,2025-10-18,2025-10-18
CVE-2025-56520,0.000330000,0.083910000,0.4172445677300046,2025-10-18,2025-10-18
CVE-2025-56513,0.001680000,0.384310000,0.9220989366620435,2025-10-18,2025-10-18
CVE-2025-56392,0.000320000,0.080110000,0.37355524734165513,2025-10-18,2025-10-18
CVE-2025-56207,0.000500000,0.153020000,0.7376329172445677,2025-10-18,2025-10-18
CVE-2025-56200,0.000310000,0.079360000,0.3603791030975497,2025-10-18,2025-10-18
CVE-2025-56132,0.001010000,0.285470000,0.8855755894590847,2025-10-18,2025-10-18
CVE-2025-55191,0.000350000,0.091680000,0.4919093851132686,2025-10-18,2025-10-18
CVE-2025-43827,0.001390000,0.346060000,0.9107720758206195,2025-10-18,2025-10-18
CVE-2025-43826,0.001680000,0.385450000,0.9220989366620435,2025-10-18,2025-10-18
CVE-2025-36262,0.000780000,0.239020000,0.8555247341655109,2025-10-18,2025-10-18
CVE-2025-36132,0.000270000,0.063580000,0.2875635691169672,2025-10-18,2025-10-18
CVE-2025-24525,0.000330000,0.084350000,0.4172445677300046,2025-10-18,2025-10-18
CVE-2025-23293,0.000350000,0.094890000,0.4919093851132686,2025-10-18,2025-10-18
CVE-2025-23292,0.000210000,0.041240000,0.1583448913546001,2025-10-18,2025-10-18
CVE-2025-23291,0.000050000,0.002000000,0.0034674063800277394,2025-10-18,2025-10-18
CVE-2025-11195,0.000110000,0.008910000,0.042071197411003236,2025-10-18,2025-10-18
CVE-2025-10725,0.000650000,0.206090000,0.8247803975959316,2025-10-18,2025-10-18
CVE-2025-10659,0.009890000,0.760910000,0.9863615349052243,2025-10-18,2025-10-18
CVE-2024-55017,0.000500000,0.151650000,0.7376329172445677,2025-10-18,2025-10-18
