cve,epss,percentile,percentile_subset,timestamp,date,cve.id,cvss_baseScore,cve.lastModified
CVE-2025-9815,0.000540000,0.165870000,0.738717889377459,2026-03-14,2026-03-14,CVE-2025-9815,7.8,2025-09-04T16:13:28.567
CVE-2025-9814,0.000290000,0.079790000,0.4619301087711178,2026-03-14,2026-03-14,CVE-2025-9814,9.8,2025-09-03T15:46:35.893
CVE-2025-9813,0.003340000,0.558510000,0.9486230039342745,2026-03-14,2026-03-14,CVE-2025-9813,8.8,2025-09-04T17:48:17.693
CVE-2025-9812,0.002680000,0.499910000,0.9398287433464476,2026-03-14,2026-03-14,CVE-2025-9812,8.8,2025-09-04T17:01:04.197
CVE-2025-9811,0.000290000,0.079790000,0.4619301087711178,2026-03-14,2026-03-14,CVE-2025-9811,9.8,2025-09-03T15:46:46.483
CVE-2025-9810,0.000110000,0.012470000,0.04813700532284194,2026-03-14,2026-03-14,CVE-2025-9810,5.8,2025-12-08T15:27:15.590
CVE-2025-9809,0.004080000,0.607950000,0.9585744040731312,2026-03-14,2026-03-14,CVE-2025-9809,9.8,2025-12-08T15:18:11.893
CVE-2025-9806,0.000110000,0.013870000,0.04813700532284194,2026-03-14,2026-03-14,CVE-2025-9806,6.4,2025-12-31T00:48:39.297
CVE-2025-9805,0.000600000,0.184630000,0.7711177968062949,2026-03-14,2026-03-14,CVE-2025-9805,7.5,2025-11-14T20:34:38.053
CVE-2025-9802,0.000240000,0.062250000,0.3401990280027771,2026-03-14,2026-03-14,CVE-2025-9802,4.7,2025-09-02T15:55:25.420
CVE-2025-9801,0.000720000,0.217350000,0.8049062716963665,2026-03-14,2026-03-14,CVE-2025-9801,8.1,2025-11-14T20:36:09.667
CVE-2025-9800,0.000530000,0.165560000,0.7345521869937515,2026-03-14,2026-03-14,CVE-2025-9800,6.1,2025-11-14T20:37:54.983
CVE-2025-9799,0.000420000,0.126550000,0.6739180745197871,2026-03-14,2026-03-14,CVE-2025-9799,5.0,2025-12-02T19:04:22.443
CVE-2025-9797,0.000280000,0.074310000,0.42814163388104604,2026-03-14,2026-03-14,CVE-2025-9797,2.4,2025-09-02T15:55:25.420
CVE-2025-9796,0.000350000,0.101530000,0.5912983105762555,2026-03-14,2026-03-14,CVE-2025-9796,4.1,2025-09-04T16:54:57.613
CVE-2025-9795,0.000290000,0.081510000,0.4619301087711178,2026-03-14,2026-03-14,CVE-2025-9795,5.4,2025-09-04T16:53:20.223
CVE-2025-9794,0.000370000,0.107150000,0.6213839389030317,2026-03-14,2026-03-14,CVE-2025-9794,9.8,2025-09-03T15:53:51.967
CVE-2025-9793,0.000290000,0.079790000,0.4619301087711178,2026-03-14,2026-03-14,CVE-2025-9793,9.8,2025-09-03T15:54:00.297
CVE-2025-9792,0.000290000,0.079790000,0.4619301087711178,2026-03-14,2026-03-14,CVE-2025-9792,9.8,2025-09-03T15:54:07.633
CVE-2025-9791,0.003710000,0.585650000,0.9534829900485998,2026-03-14,2026-03-14,CVE-2025-9791,9.8,2025-09-04T16:20:55.250
CVE-2025-9790,0.000280000,0.076260000,0.42814163388104604,2026-03-14,2026-03-14,CVE-2025-9790,9.8,2025-10-23T20:06:00.793
CVE-2025-9789,0.000370000,0.106730000,0.6213839389030317,2026-03-14,2026-03-14,CVE-2025-9789,9.8,2025-11-13T15:27:28.533
CVE-2025-9788,0.000320000,0.088780000,0.5459384401758852,2026-03-14,2026-03-14,CVE-2025-9788,9.8,2025-09-03T15:56:21.750
CVE-2025-9786,0.000290000,0.079790000,0.4619301087711178,2026-03-14,2026-03-14,CVE-2025-9786,9.8,2025-09-03T15:56:35.567
CVE-2025-9783,0.004010000,0.603610000,0.9567229807914834,2026-03-14,2026-03-14,CVE-2025-9783,8.8,2025-09-04T16:52:53.580
CVE-2025-9782,0.004010000,0.603610000,0.9567229807914834,2026-03-14,2026-03-14,CVE-2025-9782,8.8,2025-09-04T16:42:23.857
CVE-2025-9781,0.004010000,0.603610000,0.9567229807914834,2026-03-14,2026-03-14,CVE-2025-9781,8.8,2025-09-04T16:42:38.633
CVE-2025-9780,0.004010000,0.603610000,0.9567229807914834,2026-03-14,2026-03-14,CVE-2025-9780,8.8,2025-09-04T16:42:51.847
CVE-2025-9779,0.004010000,0.603610000,0.9567229807914834,2026-03-14,2026-03-14,CVE-2025-9779,8.8,2025-09-04T16:42:59.583
CVE-2025-9778,0.000110000,0.013590000,0.04813700532284194,2026-03-14,2026-03-14,CVE-2025-9778,7.0,2025-09-04T16:19:21.700
CVE-2025-9775,0.000610000,0.190300000,0.7755149271002083,2026-03-14,2026-03-14,CVE-2025-9775,9.8,2025-09-04T16:00:55.390
CVE-2025-9774,0.000280000,0.076660000,0.42814163388104604,2026-03-14,2026-03-14,CVE-2025-9774,4.3,2025-09-04T16:16:03.660
CVE-2025-9773,0.000340000,0.097760000,0.571395510298542,2026-03-14,2026-03-14,CVE-2025-9773,6.1,2025-09-04T16:16:38.873
CVE-2025-9772,0.000560000,0.173660000,0.7495950011571395,2026-03-14,2026-03-14,CVE-2025-9772,9.8,2025-09-04T16:17:45.597
CVE-2025-9771,0.000290000,0.079790000,0.4619301087711178,2026-03-14,2026-03-14,CVE-2025-9771,9.8,2025-09-03T16:05:59.463
CVE-2025-9770,0.000290000,0.079790000,0.4619301087711178,2026-03-14,2026-03-14,CVE-2025-9770,9.8,2025-09-04T16:43:11.837
CVE-2025-9769,0.000450000,0.136260000,0.6917380236056468,2026-03-14,2026-03-14,CVE-2025-9769,6.2,2025-09-04T16:43:56.927
CVE-2025-9768,0.000270000,0.072550000,0.38764174959500114,2026-03-14,2026-03-14,CVE-2025-9768,9.8,2025-09-04T16:44:09.123
CVE-2025-9767,0.000280000,0.076260000,0.42814163388104604,2026-03-14,2026-03-14,CVE-2025-9767,9.8,2025-09-05T17:58:21.963
CVE-2025-9766,0.000280000,0.076260000,0.42814163388104604,2026-03-14,2026-03-14,CVE-2025-9766,9.8,2025-09-08T13:50:02.277
CVE-2025-9765,0.000280000,0.076260000,0.42814163388104604,2026-03-14,2026-03-14,CVE-2025-9765,9.8,2025-09-08T13:28:16.387
CVE-2025-9764,0.000280000,0.076260000,0.42814163388104604,2026-03-14,2026-03-14,CVE-2025-9764,9.8,2025-09-08T13:33:13.147
CVE-2025-9763,0.000280000,0.076260000,0.42814163388104604,2026-03-14,2026-03-14,CVE-2025-9763,9.8,2025-09-08T13:40:09.430
CVE-2025-9761,0.000280000,0.076260000,0.42814163388104604,2026-03-14,2026-03-14,CVE-2025-9761,9.8,2025-09-08T13:45:56.043
CVE-2025-9760,0.000570000,0.176910000,0.7558435547327008,2026-03-14,2026-03-14,CVE-2025-9760,8.8,2025-09-27T00:28:31.297
CVE-2025-9759,0.000310000,0.085160000,0.5299699143716732,2026-03-14,2026-03-14,CVE-2025-9759,9.8,2025-09-08T13:53:29.567
CVE-2025-9758,0.000250000,0.065020000,0.3596389724600787,2026-03-14,2026-03-14,CVE-2025-9758,9.8,2025-09-11T21:16:26.307
CVE-2025-9757,0.000280000,0.076260000,0.42814163388104604,2026-03-14,2026-03-14,CVE-2025-9757,9.8,2025-09-08T13:54:13.633
CVE-2025-9756,0.000270000,0.072550000,0.38764174959500114,2026-03-14,2026-03-14,CVE-2025-9756,8.8,2025-09-08T14:02:39.200
CVE-2025-9755,0.000340000,0.097760000,0.571395510298542,2026-03-14,2026-03-14,CVE-2025-9755,6.1,2025-09-05T19:54:52.480
CVE-2025-9754,0.000270000,0.071780000,0.38764174959500114,2026-03-14,2026-03-14,CVE-2025-9754,5.4,2025-09-04T18:46:58.453
CVE-2025-9753,0.000320000,0.089440000,0.5459384401758852,2026-03-14,2026-03-14,CVE-2025-9753,4.8,2025-09-04T18:46:50.757
CVE-2025-9752,0.002700000,0.501940000,0.9402915991668596,2026-03-14,2026-03-14,CVE-2025-9752,9.8,2025-09-04T18:47:25.440
CVE-2025-9751,0.000280000,0.076260000,0.42814163388104604,2026-03-14,2026-03-14,CVE-2025-9751,9.8,2025-09-08T14:06:05.217
CVE-2025-9570,0.000540000,0.167500000,0.738717889377459,2026-03-14,2026-03-14,CVE-2025-9570,4.9,2025-09-25T14:18:25.953
CVE-2025-9569,0.000470000,0.141600000,0.7042351307567692,2026-03-14,2026-03-14,CVE-2025-9569,6.1,2025-09-25T14:18:03.243
CVE-2025-9568,0.000470000,0.141600000,0.7042351307567692,2026-03-14,2026-03-14,CVE-2025-9568,6.1,2025-09-25T14:18:31.453
CVE-2025-9567,0.000470000,0.141600000,0.7042351307567692,2026-03-14,2026-03-14,CVE-2025-9567,6.1,2025-09-25T14:18:08.317
CVE-2025-9375,0.000750000,0.224620000,0.8143948160148113,2026-03-14,2026-03-14,CVE-2025-9375,,2025-09-08T21:15:34.570
CVE-2025-8662,0.000880000,0.251140000,0.841240453598704,2026-03-14,2026-03-14,CVE-2025-8662,4.3,2025-09-04T16:56:19.207
CVE-2025-7731,0.000200000,0.051050000,0.31080768340661885,2026-03-14,2026-03-14,CVE-2025-7731,7.5,2025-09-02T15:55:25.420
CVE-2025-7405,0.001410000,0.339380000,0.9004859986114325,2026-03-14,2026-03-14,CVE-2025-7405,7.3,2025-09-02T15:55:25.420
CVE-2025-6507,0.002420000,0.471810000,0.9310344827586207,2026-03-14,2026-03-14,CVE-2025-6507,9.8,2025-09-02T15:55:25.420
CVE-2025-58318,0.000230000,0.059180000,0.3323304790557741,2026-03-14,2026-03-14,CVE-2025-58318,,2025-09-02T15:55:25.420
CVE-2025-58178,0.000360000,0.105320000,0.60310113399676,2026-03-14,2026-03-14,CVE-2025-58178,7.8,2025-09-02T15:55:25.420
CVE-2025-58162,0.001540000,0.360100000,0.9065031242767878,2026-03-14,2026-03-14,CVE-2025-58162,6.5,2025-09-03T15:48:23.827
CVE-2025-58161,0.001180000,0.305470000,0.8838231890766026,2026-03-14,2026-03-14,CVE-2025-58161,4.3,2025-09-03T15:48:43.537
CVE-2025-57808,0.062280000,0.907460000,0.9932885906040269,2026-03-14,2026-03-14,CVE-2025-57808,8.1,2025-09-10T19:03:00.280
CVE-2025-57799,0.006190000,0.697150000,0.9706086554038417,2026-03-14,2026-03-14,CVE-2025-57799,,2025-09-02T15:55:25.420
CVE-2025-55007,0.000280000,0.077010000,0.42814163388104604,2026-03-14,2026-03-14,CVE-2025-55007,5.3,2025-09-05T17:57:12.773
CVE-2025-54857,0.005120000,0.661510000,0.9659800971997223,2026-03-14,2026-03-14,CVE-2025-54857,9.8,2025-09-02T15:55:25.420
CVE-2025-44017,0.000300000,0.082050000,0.515852811849109,2026-03-14,2026-03-14,CVE-2025-44017,4.3,2025-09-02T15:55:25.420
CVE-2025-41690,0.000220000,0.056860000,0.32399907428835917,2026-03-14,2026-03-14,CVE-2025-41690,7.4,2025-09-02T15:55:25.420
CVE-2025-41030,0.001670000,0.376150000,0.9122888220319371,2026-03-14,2026-03-14,CVE-2025-41030,,2025-09-02T15:55:25.420
CVE-2025-36133,0.000090000,0.008210000,0.03031705623698218,2026-03-14,2026-03-14,CVE-2025-36133,5.5,2025-12-18T17:49:01.383
CVE-2025-3586,0.002350000,0.460920000,0.9294144873871789,2026-03-14,2026-03-14,CVE-2025-3586,7.2,2025-12-12T20:08:45.127
CVE-2025-33102,0.000140000,0.025290000,0.11409395973154363,2026-03-14,2026-03-14,CVE-2025-33102,7.5,2025-09-03T16:04:24.403
CVE-2025-33099,0.000190000,0.048680000,0.29946771580652626,2026-03-14,2026-03-14,CVE-2025-33099,5.9,2025-09-03T16:04:38.267
CVE-2025-33084,0.000160000,0.032800000,0.23698218005091415,2026-03-14,2026-03-14,CVE-2025-33084,5.9,2025-09-03T16:04:50.150
CVE-2025-33083,0.000190000,0.048010000,0.29946771580652626,2026-03-14,2026-03-14,CVE-2025-33083,5.4,2025-09-03T16:05:02.183
CVE-2025-33082,0.000190000,0.048010000,0.29946771580652626,2026-03-14,2026-03-14,CVE-2025-33082,5.4,2025-09-03T16:05:38.653
CVE-2025-2412,0.000770000,0.227790000,0.8180976625781069,2026-03-14,2026-03-14,CVE-2025-2412,8.6,2025-09-02T15:55:25.420
CVE-2025-20708,0.000810000,0.237960000,0.8275862068965517,2026-03-14,2026-03-14,CVE-2025-20708,8.8,2026-02-17T15:16:08.460
CVE-2025-20707,0.000060000,0.003290000,0.007868548947003009,2026-03-14,2026-03-14,CVE-2025-20707,6.7,2025-09-03T16:06:46.333
CVE-2025-20706,0.000060000,0.003910000,0.007868548947003009,2026-03-14,2026-03-14,CVE-2025-20706,7.8,2025-09-03T16:06:51.920
CVE-2025-20705,0.000060000,0.003910000,0.007868548947003009,2026-03-14,2026-03-14,CVE-2025-20705,7.8,2025-09-03T16:07:32.640
CVE-2025-20704,0.000620000,0.190610000,0.777597778292062,2026-03-14,2026-03-14,CVE-2025-20704,8.0,2026-02-17T15:16:08.287
CVE-2025-20703,0.001040000,0.283270000,0.8660032399907429,2026-03-14,2026-03-14,CVE-2025-20703,6.5,2026-02-17T15:16:08.090
CVE-2025-0656,0.000670000,0.205910000,0.7910205970840083,2026-03-14,2026-03-14,CVE-2025-0656,6.1,2025-09-03T16:05:47.800
CVE-2025-0610,0.000240000,0.062920000,0.3401990280027771,2026-03-14,2026-03-14,CVE-2025-0610,8.6,2025-09-02T15:55:25.420
CVE-2024-28988,0.079640000,0.919470000,0.9956028697060866,2026-03-14,2026-03-14,CVE-2024-28988,9.8,2025-11-14T23:32:43.077
CVE-2024-12925,0.000340000,0.096780000,0.571395510298542,2026-03-14,2026-03-14,CVE-2024-12925,7.3,2025-09-02T15:55:25.420
CVE-2024-12924,0.000330000,0.092240000,0.5660726683638047,2026-03-14,2026-03-14,CVE-2024-12924,6.3,2025-09-02T15:55:25.420
CVE-2024-12914,0.000270000,0.070820000,0.38764174959500114,2026-03-14,2026-03-14,CVE-2024-12914,4.3,2025-09-02T15:55:25.420
CVE-2022-38696,0.000870000,0.248530000,0.8396204582272622,2026-03-14,2026-03-14,CVE-2022-38696,9.8,2025-09-02T15:55:25.420
CVE-2022-38695,0.000170000,0.039360000,0.2561906965980097,2026-03-14,2026-03-14,CVE-2022-38695,7.8,2025-09-02T15:55:25.420
CVE-2022-38694,0.006080000,0.693820000,0.9699143716732238,2026-03-14,2026-03-14,CVE-2022-38694,7.8,2025-09-02T15:55:25.420
CVE-2022-38693,0.000870000,0.248530000,0.8396204582272622,2026-03-14,2026-03-14,CVE-2022-38693,9.8,2025-09-02T15:55:25.420
CVE-2022-38692,0.000780000,0.230330000,0.8213376533209905,2026-03-14,2026-03-14,CVE-2022-38692,9.8,2025-09-02T15:55:25.420
CVE-2022-38691,0.001120000,0.295990000,0.8773432075908355,2026-03-14,2026-03-14,CVE-2022-38691,7.8,2025-09-02T15:55:25.420
CVE-2025-9837,0.000280000,0.076260000,0.42814163388104604,2026-03-14,2026-03-14,CVE-2025-9837,9.8,2025-09-05T17:40:24.190
CVE-2025-9836,0.000350000,0.099800000,0.5912983105762555,2026-03-14,2026-03-14,CVE-2025-9836,4.3,2025-11-26T16:29:06.563
CVE-2025-9835,0.000400000,0.118270000,0.6570238370747512,2026-03-14,2026-03-14,CVE-2025-9835,4.3,2025-09-05T17:44:00.117
CVE-2025-9834,0.000270000,0.071780000,0.38764174959500114,2026-03-14,2026-03-14,CVE-2025-9834,5.4,2025-09-05T17:46:46.433
CVE-2025-9833,0.000280000,0.076260000,0.42814163388104604,2026-03-14,2026-03-14,CVE-2025-9833,9.8,2025-09-05T17:47:55.323
CVE-2025-9832,0.000370000,0.107150000,0.6213839389030317,2026-03-14,2026-03-14,CVE-2025-9832,9.8,2025-09-05T17:50:31.347
CVE-2025-9831,0.000280000,0.076260000,0.42814163388104604,2026-03-14,2026-03-14,CVE-2025-9831,9.8,2025-09-05T17:54:03.170
CVE-2025-9830,0.000280000,0.076260000,0.42814163388104604,2026-03-14,2026-03-14,CVE-2025-9830,9.8,2025-09-05T18:02:42.197
CVE-2025-9829,0.000370000,0.106730000,0.6213839389030317,2026-03-14,2026-03-14,CVE-2025-9829,9.8,2025-09-05T18:03:25.270
CVE-2025-9828,0.000700000,0.214080000,0.8005091414024531,2026-03-14,2026-03-14,CVE-2025-9828,5.9,2025-10-03T15:05:39.963
CVE-2025-9784,0.011670000,0.784370000,0.9794029159916686,2026-03-14,2026-03-14,CVE-2025-9784,7.5,2026-03-05T20:16:11.147
CVE-2025-9696,0.000160000,0.034790000,0.23698218005091415,2026-03-14,2026-03-14,CVE-2025-9696,,2025-09-04T15:36:56.447
CVE-2025-9573,0.001700000,0.380670000,0.9141402453135848,2026-03-14,2026-03-14,CVE-2025-9573,,2025-09-02T15:55:25.420
CVE-2025-9330,0.000130000,0.020170000,0.09789400601712567,2026-03-14,2026-03-14,CVE-2025-9330,7.8,2025-09-08T13:52:46.100
CVE-2025-9329,0.000660000,0.203720000,0.7880120342513307,2026-03-14,2026-03-14,CVE-2025-9329,7.8,2025-09-08T13:51:41.663
CVE-2025-9328,0.000660000,0.203720000,0.7880120342513307,2026-03-14,2026-03-14,CVE-2025-9328,7.8,2025-09-08T13:52:41.887
CVE-2025-9327,0.000260000,0.067940000,0.3705160842397593,2026-03-14,2026-03-14,CVE-2025-9327,5.5,2025-09-08T13:51:51.967
CVE-2025-9326,0.000660000,0.203720000,0.7880120342513307,2026-03-14,2026-03-14,CVE-2025-9326,7.8,2025-09-08T13:52:16.540
CVE-2025-9325,0.000260000,0.067940000,0.3705160842397593,2026-03-14,2026-03-14,CVE-2025-9325,5.5,2025-09-08T13:52:37.100
CVE-2025-9324,0.000260000,0.067940000,0.3705160842397593,2026-03-14,2026-03-14,CVE-2025-9324,5.5,2025-09-08T13:52:30.743
CVE-2025-9323,0.000260000,0.067940000,0.3705160842397593,2026-03-14,2026-03-14,CVE-2025-9323,5.5,2025-09-08T13:51:34.297
CVE-2025-9276,0.005590000,0.679380000,0.9689886600323999,2026-03-14,2026-03-14,CVE-2025-9276,9.8,2026-01-30T20:27:48.443
CVE-2025-9275,0.000490000,0.149660000,0.7137236750752141,2026-03-14,2026-03-14,CVE-2025-9275,7.8,2025-09-15T14:43:03.917
CVE-2025-9274,0.000490000,0.149660000,0.7137236750752141,2026-03-14,2026-03-14,CVE-2025-9274,7.8,2025-09-15T14:43:01.750
CVE-2025-9273,0.001250000,0.316990000,0.8907660263827818,2026-03-14,2026-03-14,CVE-2025-9273,4.3,2026-01-27T16:11:55.110
CVE-2025-9189,0.000260000,0.068520000,0.3705160842397593,2026-03-14,2026-03-14,CVE-2025-9189,7.8,2025-10-09T19:52:55.733
CVE-2025-9188,0.005240000,0.666140000,0.9669058088405462,2026-03-14,2026-03-14,CVE-2025-9188,7.8,2025-10-09T19:53:26.143
CVE-2025-8614,0.000140000,0.024990000,0.11409395973154363,2026-03-14,2026-03-14,CVE-2025-8614,7.8,2025-09-10T14:36:09.027
CVE-2025-8613,0.005090000,0.660290000,0.9657486692895163,2026-03-14,2026-03-14,CVE-2025-8613,7.2,2025-09-04T15:36:56.447
CVE-2025-8302,0.000140000,0.023070000,0.11409395973154363,2026-03-14,2026-03-14,CVE-2025-8302,8.8,2025-09-10T15:00:15.943
CVE-2025-8301,0.000140000,0.023070000,0.11409395973154363,2026-03-14,2026-03-14,CVE-2025-8301,7.8,2025-09-10T15:00:04.563
CVE-2025-8300,0.000140000,0.023070000,0.11409395973154363,2026-03-14,2026-03-14,CVE-2025-8300,8.8,2025-09-10T15:00:11.357
CVE-2025-8299,0.000140000,0.023070000,0.11409395973154363,2026-03-14,2026-03-14,CVE-2025-8299,8.8,2025-09-10T14:59:58.543
CVE-2025-8298,0.000110000,0.012910000,0.04813700532284194,2026-03-14,2026-03-14,CVE-2025-8298,3.8,2025-09-10T15:00:07.030
CVE-2025-7976,0.003860000,0.594300000,0.9553344133302476,2026-03-14,2026-03-14,CVE-2025-7976,7.8,2025-09-24T20:43:08.907
CVE-2025-7975,0.002380000,0.465970000,0.9305716269382087,2026-03-14,2026-03-14,CVE-2025-7975,7.8,2025-09-24T20:42:21.560
CVE-2025-7974,0.000570000,0.176830000,0.7558435547327008,2026-03-14,2026-03-14,CVE-2025-7974,7.5,2026-01-27T18:39:15.560
CVE-2025-6685,0.006250000,0.698750000,0.9708400833140477,2026-03-14,2026-03-14,CVE-2025-6685,8.8,2026-02-26T23:10:50.133
CVE-2025-6519,0.000590000,0.183770000,0.7644063874103216,2026-03-14,2026-03-14,CVE-2025-6519,9.8,2025-10-10T14:18:29.190
CVE-2025-57778,0.000260000,0.068520000,0.3705160842397593,2026-03-14,2026-03-14,CVE-2025-57778,7.8,2025-10-09T19:53:55.477
CVE-2025-57777,0.000260000,0.068520000,0.3705160842397593,2026-03-14,2026-03-14,CVE-2025-57777,7.8,2025-10-09T19:54:18.407
CVE-2025-57776,0.000260000,0.068520000,0.3705160842397593,2026-03-14,2026-03-14,CVE-2025-57776,7.8,2025-10-09T19:54:39.950
CVE-2025-57775,0.000260000,0.068520000,0.3705160842397593,2026-03-14,2026-03-14,CVE-2025-57775,7.8,2025-10-09T19:55:02.193
CVE-2025-57774,0.000260000,0.068520000,0.3705160842397593,2026-03-14,2026-03-14,CVE-2025-57774,7.8,2025-10-09T19:33:54.973
CVE-2025-57616,0.001470000,0.348390000,0.9025688498032862,2026-03-14,2026-03-14,CVE-2025-57616,7.5,2025-09-10T18:25:12.660
CVE-2025-57615,0.001470000,0.349180000,0.9025688498032862,2026-03-14,2026-03-14,CVE-2025-57615,7.5,2025-09-10T18:31:27.533
CVE-2025-57614,0.001860000,0.402450000,0.9192316593381161,2026-03-14,2026-03-14,CVE-2025-57614,7.5,2025-09-10T18:31:47.433
CVE-2025-57613,0.001470000,0.349180000,0.9025688498032862,2026-03-14,2026-03-14,CVE-2025-57613,7.5,2025-09-10T18:33:24.547
CVE-2025-57612,0.001470000,0.349180000,0.9025688498032862,2026-03-14,2026-03-14,CVE-2025-57612,7.5,2025-09-10T18:35:48.720
CVE-2025-57611,0.000810000,0.238210000,0.8275862068965517,2026-03-14,2026-03-14,CVE-2025-57611,5.3,2025-09-10T18:36:58.663
CVE-2025-57140,0.000520000,0.160080000,0.7308493404304559,2026-03-14,2026-03-14,CVE-2025-57140,9.8,2025-09-04T17:46:32.590
CVE-2025-5662,0.013800000,0.800860000,0.9826429067345522,2026-03-14,2026-03-14,CVE-2025-5662,9.8,2025-09-02T15:55:25.420
CVE-2025-56254,0.000340000,0.095920000,0.571395510298542,2026-03-14,2026-03-14,CVE-2025-56254,4.3,2025-09-04T17:02:44.477
CVE-2025-55824,0.000440000,0.133490000,0.6854894700300856,2026-03-14,2026-03-14,CVE-2025-55824,6.5,2025-09-05T18:06:02.743
CVE-2025-55476,0.000270000,0.071130000,0.38764174959500114,2026-03-14,2026-03-14,CVE-2025-55476,6.5,2025-09-05T18:10:09.907
CVE-2025-55474,0.000330000,0.092350000,0.5660726683638047,2026-03-14,2026-03-14,CVE-2025-55474,6.1,2025-09-05T18:01:33.103
CVE-2025-55473,0.000240000,0.060640000,0.3401990280027771,2026-03-14,2026-03-14,CVE-2025-55473,6.1,2025-09-04T15:36:56.447
CVE-2025-55472,0.000370000,0.108310000,0.6213839389030317,2026-03-14,2026-03-14,CVE-2025-55472,6.5,2025-09-11T21:19:43.863
CVE-2025-55373,0.001040000,0.282650000,0.8660032399907429,2026-03-14,2026-03-14,CVE-2025-55373,5.3,2025-09-11T21:19:36.443
CVE-2025-55372,0.000760000,0.226150000,0.8162462392964591,2026-03-14,2026-03-14,CVE-2025-55372,5.3,2025-09-11T21:17:29.997
CVE-2025-54599,0.000560000,0.173630000,0.7495950011571395,2026-03-14,2026-03-14,CVE-2025-54599,7.5,2025-09-10T18:48:37.770
CVE-2025-52551,0.000580000,0.181400000,0.7607035408470262,2026-03-14,2026-03-14,CVE-2025-52551,,2025-09-02T15:55:25.420
CVE-2025-52550,0.000320000,0.090290000,0.5459384401758852,2026-03-14,2026-03-14,CVE-2025-52550,7.2,2025-10-01T18:20:33.640
CVE-2025-52549,0.000630000,0.193230000,0.7801434853043278,2026-03-14,2026-03-14,CVE-2025-52549,9.8,2025-10-01T18:23:48.017
CVE-2025-52548,0.000350000,0.098480000,0.5912983105762555,2026-03-14,2026-03-14,CVE-2025-52548,4.9,2025-10-01T18:25:16.733
CVE-2025-52547,0.000860000,0.248260000,0.8382318907660263,2026-03-14,2026-03-14,CVE-2025-52547,7.5,2025-10-01T18:25:49.187
CVE-2025-52546,0.001100000,0.293080000,0.8754917843091877,2026-03-14,2026-03-14,CVE-2025-52546,6.1,2025-10-01T18:26:57.600
CVE-2025-52545,0.000450000,0.134830000,0.6917380236056468,2026-03-14,2026-03-14,CVE-2025-52545,7.5,2025-10-01T18:27:05.687
CVE-2025-52544,0.001650000,0.373500000,0.9104373987502893,2026-03-14,2026-03-14,CVE-2025-52544,7.5,2025-10-01T18:27:30.030
CVE-2025-52543,0.000560000,0.173920000,0.7495950011571395,2026-03-14,2026-03-14,CVE-2025-52543,7.5,2025-10-01T18:27:55.450
CVE-2025-51966,0.000330000,0.093680000,0.5660726683638047,2026-03-14,2026-03-14,CVE-2025-51966,6.1,2025-09-05T18:26:30.580
CVE-2025-50757,0.063890000,0.908760000,0.9937514464244388,2026-03-14,2026-03-14,CVE-2025-50757,6.5,2025-09-04T17:47:15.087
CVE-2025-50755,0.063890000,0.908760000,0.9937514464244388,2026-03-14,2026-03-14,CVE-2025-50755,6.5,2025-09-04T17:47:08.720
CVE-2025-50565,0.000340000,0.096440000,0.571395510298542,2026-03-14,2026-03-14,CVE-2025-50565,6.5,2025-09-05T18:51:43.197
CVE-2025-46810,0.000260000,0.070020000,0.3705160842397593,2026-03-14,2026-03-14,CVE-2025-46810,,2025-09-02T15:55:25.420
CVE-2025-46047,0.000240000,0.061480000,0.3401990280027771,2026-03-14,2026-03-14,CVE-2025-46047,6.5,2025-09-04T17:46:45.237
CVE-2025-43726,0.000100000,0.009890000,0.03633418190233742,2026-03-14,2026-03-14,CVE-2025-43726,7.8,2025-11-04T15:37:09.027
CVE-2025-41031,0.001670000,0.376150000,0.9122888220319371,2026-03-14,2026-03-14,CVE-2025-41031,,2025-09-02T15:55:25.420
CVE-2025-36162,0.000300000,0.084100000,0.515852811849109,2026-03-14,2026-03-14,CVE-2025-36162,4.3,2025-12-18T17:51:13.233
CVE-2025-32100,0.000410000,0.121630000,0.6646609581115482,2026-03-14,2026-03-14,CVE-2025-32100,6.5,2025-09-05T19:09:42.710
CVE-2025-32098,0.000420000,0.125290000,0.6739180745197871,2026-03-14,2026-03-14,CVE-2025-32098,5.3,2025-09-05T19:33:29.087
CVE-2025-2414,0.000770000,0.227790000,0.8180976625781069,2026-03-14,2026-03-14,CVE-2025-2414,8.6,2025-09-02T15:55:25.420
CVE-2025-2413,0.000770000,0.227790000,0.8180976625781069,2026-03-14,2026-03-14,CVE-2025-2413,8.6,2025-09-02T15:55:25.420
CVE-2025-22418,0.000060000,0.003460000,0.007868548947003009,2026-03-14,2026-03-14,CVE-2025-22418,7.8,2025-09-04T16:39:53.440
CVE-2025-22417,0.000050000,0.001910000,0.0020828511918537375,2026-03-14,2026-03-14,CVE-2025-22417,7.3,2025-09-04T16:39:57.460
CVE-2025-22416,0.000060000,0.003460000,0.007868548947003009,2026-03-14,2026-03-14,CVE-2025-22416,7.8,2025-09-04T16:40:02.630
CVE-2025-0670,0.000450000,0.135040000,0.6917380236056468,2026-03-14,2026-03-14,CVE-2025-0670,4.7,2025-09-02T15:55:25.420
CVE-2025-0640,0.000450000,0.135040000,0.6917380236056468,2026-03-14,2026-03-14,CVE-2025-0640,4.7,2025-09-02T15:55:25.420
CVE-2024-58259,0.000330000,0.093010000,0.5660726683638047,2026-03-14,2026-03-14,CVE-2024-58259,8.2,2025-09-02T15:55:25.420
CVE-2024-52284,0.000230000,0.057760000,0.3323304790557741,2026-03-14,2026-03-14,CVE-2024-52284,7.7,2025-09-02T15:55:25.420
CVE-2024-51423,0.000620000,0.192670000,0.777597778292062,2026-03-14,2026-03-14,CVE-2024-51423,6.1,2025-09-10T18:55:05.597
CVE-2024-49730,0.000060000,0.004080000,0.007868548947003009,2026-03-14,2026-03-14,CVE-2024-49730,7.8,2025-09-04T16:40:08.027
CVE-2024-49728,0.000050000,0.002690000,0.0020828511918537375,2026-03-14,2026-03-14,CVE-2024-49728,5.5,2025-09-04T16:40:12.073
CVE-2024-49722,0.000070000,0.005920000,0.017588521175653783,2026-03-14,2026-03-14,CVE-2024-49722,5.5,2025-09-04T17:47:47.153
CVE-2024-49720,0.000090000,0.008110000,0.03031705623698218,2026-03-14,2026-03-14,CVE-2024-49720,7.8,2025-09-04T17:47:36.147
CVE-2024-48705,0.090960000,0.925470000,0.9958342976162925,2026-03-14,2026-03-14,CVE-2024-48705,6.5,2025-09-04T17:47:01.483
CVE-2024-40653,0.000270000,0.070980000,0.38764174959500114,2026-03-14,2026-03-14,CVE-2024-40653,7.3,2025-09-04T17:47:27.360
CVE-2024-12974,0.000270000,0.070820000,0.38764174959500114,2026-03-14,2026-03-14,CVE-2024-12974,4.3,2025-09-02T15:55:25.420
CVE-2024-12973,0.000220000,0.055470000,0.32399907428835917,2026-03-14,2026-03-14,CVE-2024-12973,4.7,2025-09-02T15:55:25.420
CVE-2024-12972,0.000270000,0.070820000,0.38764174959500114,2026-03-14,2026-03-14,CVE-2024-12972,4.3,2025-09-02T15:55:25.420
CVE-2025-9901,0.000400000,0.120720000,0.6570238370747512,2026-03-14,2026-03-14,CVE-2025-9901,5.9,2025-09-04T15:36:56.447
CVE-2025-9848,0.000400000,0.119690000,0.6570238370747512,2026-03-14,2026-03-14,CVE-2025-9848,7.5,2025-09-10T18:12:02.770
CVE-2025-9847,0.000500000,0.153590000,0.7192779449201574,2026-03-14,2026-03-14,CVE-2025-9847,9.8,2025-09-10T18:14:19.687
CVE-2025-9845,0.000270000,0.071780000,0.38764174959500114,2026-03-14,2026-03-14,CVE-2025-9845,5.4,2025-09-08T13:57:12.637
CVE-2025-9843,0.000320000,0.091150000,0.5459384401758852,2026-03-14,2026-03-14,CVE-2025-9843,7.5,2025-10-20T19:46:43.710
CVE-2025-9842,0.000320000,0.091150000,0.5459384401758852,2026-03-14,2026-03-14,CVE-2025-9842,7.5,2025-10-20T19:48:43.440
CVE-2025-9841,0.000510000,0.158320000,0.7248322147651006,2026-03-14,2026-03-14,CVE-2025-9841,8.8,2025-10-23T20:06:00.793
CVE-2025-9840,0.000270000,0.072550000,0.38764174959500114,2026-03-14,2026-03-14,CVE-2025-9840,9.8,2025-09-05T17:35:22.710
CVE-2025-9839,0.000280000,0.076260000,0.42814163388104604,2026-03-14,2026-03-14,CVE-2025-9839,9.8,2025-09-05T17:37:06.910
CVE-2025-9838,0.000280000,0.076260000,0.42814163388104604,2026-03-14,2026-03-14,CVE-2025-9838,9.8,2025-09-05T17:38:42.373
CVE-2025-9822,0.000400000,0.119680000,0.6570238370747512,2026-03-14,2026-03-14,CVE-2025-9822,5.5,2025-09-04T15:36:56.447
CVE-2025-9821,0.000310000,0.087790000,0.5299699143716732,2026-03-14,2026-03-14,CVE-2025-9821,2.7,2025-09-04T15:36:56.447
CVE-2025-9817,0.000300000,0.083900000,0.515852811849109,2026-03-14,2026-03-14,CVE-2025-9817,7.5,2025-12-05T16:26:10.933
CVE-2025-9785,0.000640000,0.196370000,0.7817634806757695,2026-03-14,2026-03-14,CVE-2025-9785,,2025-09-04T15:36:56.447
CVE-2025-9378,0.000310000,0.087430000,0.5299699143716732,2026-03-14,2026-03-14,CVE-2025-9378,6.4,2025-09-04T15:36:56.447
CVE-2025-9260,0.003050000,0.534500000,0.9456144411015969,2026-03-14,2026-03-14,CVE-2025-9260,6.5,2025-09-04T15:36:56.447
CVE-2025-9219,0.000340000,0.094840000,0.571395510298542,2026-03-14,2026-03-14,CVE-2025-9219,4.3,2025-09-04T15:36:56.447
CVE-2025-8663,0.000440000,0.131590000,0.6854894700300856,2026-03-14,2026-03-14,CVE-2025-8663,6.5,2025-11-26T16:27:53.490
CVE-2025-7039,0.000440000,0.132000000,0.6854894700300856,2026-03-14,2026-03-14,CVE-2025-7039,3.7,2025-09-04T15:36:56.447
CVE-2025-58351,0.000280000,0.074120000,0.42814163388104604,2026-03-14,2026-03-14,CVE-2025-58351,6.8,2025-10-20T18:46:57.850
CVE-2025-58272,0.000080000,0.006460000,0.024299930571626938,2026-03-14,2026-03-14,CVE-2025-58272,3.7,2025-09-04T15:36:56.447
CVE-2025-58210,0.000410000,0.124040000,0.6646609581115482,2026-03-14,2026-03-14,CVE-2025-58210,9.8,2026-01-28T19:12:31.440
CVE-2025-58176,0.002870000,0.518310000,0.9421430224485073,2026-03-14,2026-03-14,CVE-2025-58176,8.8,2025-09-11T21:20:57.600
CVE-2025-58163,0.009550000,0.762010000,0.9757000694283731,2026-03-14,2026-03-14,CVE-2025-58163,8.8,2025-09-08T15:03:47.560
CVE-2025-57806,0.000080000,0.006450000,0.024299930571626938,2026-03-14,2026-03-14,CVE-2025-57806,,2025-09-04T15:36:56.447
CVE-2025-54588,0.000080000,0.007350000,0.024299930571626938,2026-03-14,2026-03-14,CVE-2025-54588,7.5,2025-09-08T15:19:04.350
CVE-2025-53694,0.001010000,0.277980000,0.8581346910437399,2026-03-14,2026-03-14,CVE-2025-53694,7.5,2025-09-08T18:11:15.357
CVE-2025-53693,0.004350000,0.625450000,0.9618143948160148,2026-03-14,2026-03-14,CVE-2025-53693,9.8,2025-09-08T18:28:13.110
CVE-2025-53691,0.033420000,0.871360000,0.9902800277713493,2026-03-14,2026-03-14,CVE-2025-53691,8.8,2025-09-08T18:30:40.133
CVE-2025-47421,0.000470000,0.145250000,0.7042351307567692,2026-03-14,2026-03-14,CVE-2025-47421,,2025-09-04T15:36:56.447
CVE-2025-41000,0.000580000,0.181400000,0.7607035408470262,2026-03-14,2026-03-14,CVE-2025-41000,,2025-09-04T15:36:56.447
CVE-2025-38678,0.000230000,0.058700000,0.3323304790557741,2026-03-14,2026-03-14,CVE-2025-38678,5.5,2025-12-06T22:15:51.587
CVE-2025-3701,0.000360000,0.102210000,0.60310113399676,2026-03-14,2026-03-14,CVE-2025-3701,4.3,2025-09-04T15:36:56.447
CVE-2025-26416,0.001630000,0.371400000,0.9095116871094654,2026-03-14,2026-03-14,CVE-2025-26416,9.8,2025-09-04T16:37:27.790
CVE-2025-26210,0.000750000,0.225040000,0.8143948160148113,2026-03-14,2026-03-14,CVE-2025-26210,8.8,2025-09-26T13:58:31.357
CVE-2025-2416,0.000770000,0.227790000,0.8180976625781069,2026-03-14,2026-03-14,CVE-2025-2416,8.6,2025-09-04T15:36:56.447
CVE-2025-2415,0.000770000,0.227790000,0.8180976625781069,2026-03-14,2026-03-14,CVE-2025-2415,8.6,2025-09-04T15:36:56.447
CVE-2025-22442,0.000040000,0.001500000,0.0011571395510298543,2026-03-14,2026-03-14,CVE-2025-22442,7.0,2025-09-04T16:37:40.630
CVE-2025-22439,0.000050000,0.001910000,0.0020828511918537375,2026-03-14,2026-03-14,CVE-2025-22439,7.3,2025-09-04T16:37:34.810
CVE-2025-22438,0.000060000,0.004080000,0.007868548947003009,2026-03-14,2026-03-14,CVE-2025-22438,7.8,2025-09-04T16:37:48.160
CVE-2025-22437,0.000100000,0.009280000,0.03633418190233742,2026-03-14,2026-03-14,CVE-2025-22437,7.8,2025-09-04T16:37:56.803
CVE-2025-22435,0.000390000,0.114490000,0.6503124276787781,2026-03-14,2026-03-14,CVE-2025-22435,9.8,2025-09-04T16:38:05.697
CVE-2025-22434,0.000100000,0.009280000,0.03633418190233742,2026-03-14,2026-03-14,CVE-2025-22434,7.8,2025-09-04T16:38:14.710
CVE-2025-22433,0.000130000,0.019720000,0.09789400601712567,2026-03-14,2026-03-14,CVE-2025-22433,7.8,2025-09-04T16:38:21.577
CVE-2025-22431,0.000130000,0.018930000,0.09789400601712567,2026-03-14,2026-03-14,CVE-2025-22431,5.5,2025-09-04T16:39:07.903
CVE-2025-22430,0.000050000,0.002690000,0.0020828511918537375,2026-03-14,2026-03-14,CVE-2025-22430,5.5,2025-09-04T16:38:27.680
CVE-2025-22429,0.000520000,0.160050000,0.7308493404304559,2026-03-14,2026-03-14,CVE-2025-22429,9.8,2025-09-04T16:39:18.600
CVE-2025-22428,0.000080000,0.007250000,0.024299930571626938,2026-03-14,2026-03-14,CVE-2025-22428,7.8,2025-09-04T16:39:12.667
CVE-2025-22427,0.000070000,0.005500000,0.017588521175653783,2026-03-14,2026-03-14,CVE-2025-22427,7.3,2025-09-04T16:39:24.680
CVE-2025-22423,0.002020000,0.421120000,0.9236287896320297,2026-03-14,2026-03-14,CVE-2025-22423,7.5,2025-09-04T16:39:29.267
CVE-2025-22422,0.000150000,0.030410000,0.15528812774820644,2026-03-14,2026-03-14,CVE-2025-22422,7.8,2025-09-04T16:39:34.760
CVE-2025-22421,0.000080000,0.007060000,0.024299930571626938,2026-03-14,2026-03-14,CVE-2025-22421,5.5,2025-09-04T16:39:43.093
CVE-2025-22419,0.000050000,0.001910000,0.0020828511918537375,2026-03-14,2026-03-14,CVE-2025-22419,7.3,2025-09-04T16:39:48.287
CVE-2025-21041,0.000150000,0.028210000,0.15528812774820644,2026-03-14,2026-03-14,CVE-2025-21041,5.5,2025-09-19T20:13:14.480
CVE-2025-21040,0.000180000,0.042220000,0.2735477898634575,2026-03-14,2026-03-14,CVE-2025-21040,3.3,2025-09-05T16:43:58.663
CVE-2025-21039,0.000180000,0.042220000,0.2735477898634575,2026-03-14,2026-03-14,CVE-2025-21039,3.3,2025-09-05T16:49:12.003
CVE-2025-21038,0.000180000,0.042220000,0.2735477898634575,2026-03-14,2026-03-14,CVE-2025-21038,3.3,2025-09-05T16:52:00.727
CVE-2025-21037,0.000160000,0.034120000,0.23698218005091415,2026-03-14,2026-03-14,CVE-2025-21037,4.3,2025-09-09T16:22:16.267
CVE-2025-21036,0.000100000,0.011040000,0.03633418190233742,2026-03-14,2026-03-14,CVE-2025-21036,5.0,2025-09-09T16:22:42.107
CVE-2025-21035,0.000210000,0.054250000,0.31798194862300394,2026-03-14,2026-03-14,CVE-2025-21035,4.6,2025-09-29T18:23:48.250
CVE-2025-21034,0.000150000,0.028780000,0.15528812774820644,2026-03-14,2026-03-14,CVE-2025-21034,7.8,2025-09-11T21:23:51.530
CVE-2025-21033,0.000150000,0.026160000,0.15528812774820644,2026-03-14,2026-03-14,CVE-2025-21033,5.5,2025-09-11T21:23:42.060
CVE-2025-21032,0.000190000,0.048190000,0.29946771580652626,2026-03-14,2026-03-14,CVE-2025-21032,6.8,2025-09-11T21:23:27.173
CVE-2025-21031,0.000170000,0.039430000,0.2561906965980097,2026-03-14,2026-03-14,CVE-2025-21031,6.8,2025-09-05T16:40:29.537
CVE-2025-21030,0.000210000,0.053150000,0.31798194862300394,2026-03-14,2026-03-14,CVE-2025-21030,4.3,2025-09-04T15:36:56.447
CVE-2025-21029,0.000180000,0.042220000,0.2735477898634575,2026-03-14,2026-03-14,CVE-2025-21029,3.3,2025-09-11T21:22:53.583
CVE-2025-21028,0.000160000,0.035130000,0.23698218005091415,2026-03-14,2026-03-14,CVE-2025-21028,5.5,2025-09-11T21:22:12.790
CVE-2025-21027,0.000200000,0.050940000,0.31080768340661885,2026-03-14,2026-03-14,CVE-2025-21027,4.4,2025-09-11T21:21:13.930
CVE-2025-21026,0.000170000,0.039380000,0.2561906965980097,2026-03-14,2026-03-14,CVE-2025-21026,3.3,2025-09-11T21:21:25.810
CVE-2025-21025,0.000190000,0.047860000,0.29946771580652626,2026-03-14,2026-03-14,CVE-2025-21025,4.4,2025-09-11T21:20:31.480
CVE-2025-1740,0.000790000,0.232380000,0.8236519324230502,2026-03-14,2026-03-14,CVE-2025-1740,9.8,2025-09-04T15:36:56.447
CVE-2025-0878,0.000440000,0.133050000,0.6854894700300856,2026-03-14,2026-03-14,CVE-2025-0878,4.7,2025-09-04T15:36:56.447
CVE-2024-43166,0.000930000,0.260020000,0.8502661420967369,2026-03-14,2026-03-14,CVE-2024-43166,9.8,2025-11-04T22:16:03.300
CVE-2024-43115,0.000600000,0.187020000,0.7711177968062949,2026-03-14,2026-03-14,CVE-2024-43115,8.8,2025-11-04T22:16:03.113
CVE-2024-32444,0.002130000,0.436310000,0.9266373524647072,2026-03-14,2026-03-14,CVE-2024-32444,9.8,2026-01-14T21:40:46.957
CVE-2024-13068,0.000240000,0.060970000,0.3401990280027771,2026-03-14,2026-03-14,CVE-2024-13068,7.3,2025-09-04T15:36:56.447
CVE-2024-13066,0.000290000,0.077820000,0.4619301087711178,2026-03-14,2026-03-14,CVE-2024-13066,4.3,2025-09-04T15:36:56.447
CVE-2024-13065,0.000180000,0.041280000,0.2735477898634575,2026-03-14,2026-03-14,CVE-2024-13065,6.3,2025-09-04T15:36:56.447
CVE-2024-13064,0.000270000,0.070820000,0.38764174959500114,2026-03-14,2026-03-14,CVE-2024-13064,4.3,2025-09-04T15:36:56.447
CVE-2024-13063,0.000370000,0.108780000,0.6213839389030317,2026-03-14,2026-03-14,CVE-2024-13063,6.8,2025-09-04T15:36:56.447
CVE-2023-3666,0.000310000,0.084540000,0.5299699143716732,2026-03-14,2026-03-14,CVE-2023-3666,3.3,2026-01-16T16:38:05.313
CVE-2023-21483,0.000110000,0.012550000,0.04813700532284194,2026-03-14,2026-03-14,CVE-2023-21483,5.5,2025-09-09T16:23:40.953
CVE-2023-21482,0.000200000,0.051010000,0.31080768340661885,2026-03-14,2026-03-14,CVE-2023-21482,4.6,2025-10-01T20:40:12.210
CVE-2023-21481,0.000410000,0.121250000,0.6646609581115482,2026-03-14,2026-03-14,CVE-2023-21481,7.5,2025-10-01T20:41:03.650
CVE-2023-21480,0.000260000,0.067950000,0.3705160842397593,2026-03-14,2026-03-14,CVE-2023-21480,7.8,2025-09-19T20:33:52.943
CVE-2023-21479,0.000800000,0.235980000,0.8268919231659339,2026-03-14,2026-03-14,CVE-2023-21479,5.3,2026-01-28T19:14:14.617
CVE-2023-21478,0.000200000,0.051730000,0.31080768340661885,2026-03-14,2026-03-14,CVE-2023-21478,5.5,2025-09-19T20:34:05.350
CVE-2023-21477,0.000140000,0.022170000,0.11409395973154363,2026-03-14,2026-03-14,CVE-2023-21477,5.5,2026-01-28T19:30:59.053
CVE-2023-21476,0.000170000,0.039360000,0.2561906965980097,2026-03-14,2026-03-14,CVE-2023-21476,7.8,2025-09-05T16:44:32.270
CVE-2023-21475,0.000170000,0.039360000,0.2561906965980097,2026-03-14,2026-03-14,CVE-2023-21475,7.8,2025-09-05T16:45:04.773
CVE-2023-21474,0.000120000,0.016480000,0.06017125665355242,2026-03-14,2026-03-14,CVE-2023-21474,7.1,2025-09-19T20:36:06.023
CVE-2023-21473,0.000870000,0.249030000,0.8396204582272622,2026-03-14,2026-03-14,CVE-2023-21473,6.8,2025-09-05T16:45:40.743
CVE-2023-21472,0.000870000,0.249030000,0.8396204582272622,2026-03-14,2026-03-14,CVE-2023-21472,6.8,2025-09-05T16:46:00.447
CVE-2023-21471,0.000190000,0.048130000,0.29946771580652626,2026-03-14,2026-03-14,CVE-2023-21471,3.3,2025-09-05T16:46:21.070
CVE-2023-21470,0.000170000,0.039380000,0.2561906965980097,2026-03-14,2026-03-14,CVE-2023-21470,3.3,2025-09-19T20:36:42.210
CVE-2023-21469,0.000170000,0.039380000,0.2561906965980097,2026-03-14,2026-03-14,CVE-2023-21469,3.3,2025-09-19T20:36:54.527
CVE-2023-21468,0.000170000,0.038940000,0.2561906965980097,2026-03-14,2026-03-14,CVE-2023-21468,7.8,2025-09-19T20:37:04.000
CVE-2023-21467,0.000770000,0.228840000,0.8180976625781069,2026-03-14,2026-03-14,CVE-2023-21467,9.8,2025-09-08T14:58:47.333
CVE-2023-21466,0.000120000,0.014490000,0.06017125665355242,2026-03-14,2026-03-14,CVE-2023-21466,3.3,2025-09-08T15:02:31.317
CVE-2014-125127,0.001310000,0.325460000,0.8926174496644296,2026-03-14,2026-03-14,CVE-2014-125127,7.5,2025-12-18T17:47:22.013
CVE-2025-9959,0.000360000,0.105070000,0.60310113399676,2026-03-14,2026-03-14,CVE-2025-9959,7.6,2025-09-04T15:35:29.497
CVE-2025-9926,0.000320000,0.088780000,0.5459384401758852,2026-03-14,2026-03-14,CVE-2025-9926,9.8,2025-09-08T16:46:58.010
CVE-2025-9925,0.000310000,0.085160000,0.5299699143716732,2026-03-14,2026-03-14,CVE-2025-9925,9.8,2025-09-08T16:47:17.650
CVE-2025-9924,0.000310000,0.085160000,0.5299699143716732,2026-03-14,2026-03-14,CVE-2025-9924,9.8,2025-09-08T16:43:02.070
CVE-2025-9923,0.000410000,0.123780000,0.6646609581115482,2026-03-14,2026-03-14,CVE-2025-9923,6.1,2025-09-08T16:42:51.653
CVE-2025-9922,0.000350000,0.099910000,0.5912983105762555,2026-03-14,2026-03-14,CVE-2025-9922,6.1,2025-09-09T15:43:27.150
CVE-2025-9921,0.000260000,0.068410000,0.3705160842397593,2026-03-14,2026-03-14,CVE-2025-9921,5.4,2025-09-09T15:43:13.497
CVE-2025-9920,0.000550000,0.170240000,0.7428835917611664,2026-03-14,2026-03-14,CVE-2025-9920,7.2,2025-09-09T15:42:48.693
CVE-2025-9919,0.000310000,0.085160000,0.5299699143716732,2026-03-14,2026-03-14,CVE-2025-9919,9.8,2025-09-10T18:04:23.810
CVE-2025-9867,0.000460000,0.138310000,0.6989122888220319,2026-03-14,2026-03-14,CVE-2025-9867,5.4,2025-09-04T16:12:58.900
CVE-2025-9866,0.000550000,0.169550000,0.7428835917611664,2026-03-14,2026-03-14,CVE-2025-9866,8.8,2025-09-04T16:12:56.293
CVE-2025-9865,0.000400000,0.119310000,0.6570238370747512,2026-03-14,2026-03-14,CVE-2025-9865,5.4,2025-09-04T16:12:54.513
CVE-2025-9824,0.000470000,0.141890000,0.7042351307567692,2026-03-14,2026-03-14,CVE-2025-9824,5.9,2025-09-04T15:35:29.497
CVE-2025-9823,0.000540000,0.168450000,0.738717889377459,2026-03-14,2026-03-14,CVE-2025-9823,,2025-09-04T15:35:29.497
CVE-2025-9365,0.002590000,0.489720000,0.9361258967831521,2026-03-14,2026-03-14,CVE-2025-9365,7.8,2025-09-04T15:35:29.497
CVE-2025-58644,0.001090000,0.292110000,0.8710946540152742,2026-03-14,2026-03-14,CVE-2025-58644,7.2,2025-09-04T15:35:29.497
CVE-2025-58643,0.001090000,0.292110000,0.8710946540152742,2026-03-14,2026-03-14,CVE-2025-58643,7.2,2025-09-04T15:35:29.497
CVE-2025-58642,0.001090000,0.292110000,0.8710946540152742,2026-03-14,2026-03-14,CVE-2025-58642,7.2,2025-09-04T15:35:29.497
CVE-2025-58641,0.000270000,0.072330000,0.38764174959500114,2026-03-14,2026-03-14,CVE-2025-58641,5.4,2025-09-04T15:35:29.497
CVE-2025-58640,0.000290000,0.079130000,0.4619301087711178,2026-03-14,2026-03-14,CVE-2025-58640,6.5,2025-09-04T15:35:29.497
CVE-2025-58639,0.000510000,0.156210000,0.7248322147651006,2026-03-14,2026-03-14,CVE-2025-58639,5.4,2025-09-04T15:35:29.497
CVE-2025-58637,0.001090000,0.291450000,0.8710946540152742,2026-03-14,2026-03-14,CVE-2025-58637,7.5,2025-09-04T15:35:29.497
CVE-2025-58635,0.000380000,0.110960000,0.634343901874566,2026-03-14,2026-03-14,CVE-2025-58635,5.3,2025-09-04T15:35:29.497
CVE-2025-58634,0.000380000,0.110960000,0.634343901874566,2026-03-14,2026-03-14,CVE-2025-58634,5.3,2025-09-04T15:35:29.497
CVE-2025-58633,0.000290000,0.079130000,0.4619301087711178,2026-03-14,2026-03-14,CVE-2025-58633,6.5,2025-09-04T15:35:29.497
CVE-2025-58632,0.000290000,0.079130000,0.4619301087711178,2026-03-14,2026-03-14,CVE-2025-58632,6.5,2025-09-04T15:35:29.497
CVE-2025-58631,0.000270000,0.070820000,0.38764174959500114,2026-03-14,2026-03-14,CVE-2025-58631,5.9,2025-09-04T15:35:29.497
CVE-2025-58630,0.000270000,0.070820000,0.38764174959500114,2026-03-14,2026-03-14,CVE-2025-58630,5.9,2025-09-04T15:35:29.497
CVE-2025-58626,0.000290000,0.079130000,0.4619301087711178,2026-03-14,2026-03-14,CVE-2025-58626,6.5,2025-09-04T15:35:29.497
CVE-2025-58625,0.000270000,0.070820000,0.38764174959500114,2026-03-14,2026-03-14,CVE-2025-58625,5.9,2025-09-04T15:35:29.497
CVE-2025-58624,0.000290000,0.079130000,0.4619301087711178,2026-03-14,2026-03-14,CVE-2025-58624,6.5,2025-09-04T15:35:29.497
CVE-2025-58623,0.000290000,0.079130000,0.4619301087711178,2026-03-14,2026-03-14,CVE-2025-58623,6.5,2025-09-04T15:35:29.497
CVE-2025-58622,0.000360000,0.102210000,0.60310113399676,2026-03-14,2026-03-14,CVE-2025-58622,4.3,2025-09-04T15:35:29.497
CVE-2025-58621,0.000290000,0.079130000,0.4619301087711178,2026-03-14,2026-03-14,CVE-2025-58621,6.5,2025-09-04T15:35:29.497
CVE-2025-58620,0.000290000,0.079130000,0.4619301087711178,2026-03-14,2026-03-14,CVE-2025-58620,6.5,2025-09-04T15:35:29.497
CVE-2025-58618,0.000290000,0.079130000,0.4619301087711178,2026-03-14,2026-03-14,CVE-2025-58618,6.5,2025-09-04T15:35:29.497
CVE-2025-58617,0.000360000,0.102210000,0.60310113399676,2026-03-14,2026-03-14,CVE-2025-58617,4.3,2025-09-04T15:35:29.497
CVE-2025-58616,0.000520000,0.160970000,0.7308493404304559,2026-03-14,2026-03-14,CVE-2025-58616,6.5,2025-09-04T15:35:29.497
CVE-2025-58615,0.000240000,0.060130000,0.3401990280027771,2026-03-14,2026-03-14,CVE-2025-58615,4.4,2025-09-04T15:35:29.497
CVE-2025-58614,0.000290000,0.079130000,0.4619301087711178,2026-03-14,2026-03-14,CVE-2025-58614,6.5,2025-09-04T15:35:29.497
CVE-2025-58613,0.000380000,0.111970000,0.634343901874566,2026-03-14,2026-03-14,CVE-2025-58613,5.3,2025-09-04T15:35:29.497
CVE-2025-58612,0.000290000,0.079130000,0.4619301087711178,2026-03-14,2026-03-14,CVE-2025-58612,6.5,2025-09-04T15:35:29.497
CVE-2025-58611,0.000150000,0.027070000,0.15528812774820644,2026-03-14,2026-03-14,CVE-2025-58611,4.3,2025-09-04T15:35:29.497
CVE-2025-58610,0.000290000,0.079130000,0.4619301087711178,2026-03-14,2026-03-14,CVE-2025-58610,6.5,2025-09-04T15:35:29.497
CVE-2025-58609,0.000290000,0.079130000,0.4619301087711178,2026-03-14,2026-03-14,CVE-2025-58609,6.5,2025-09-04T15:35:29.497
CVE-2025-58608,0.001090000,0.291450000,0.8710946540152742,2026-03-14,2026-03-14,CVE-2025-58608,7.5,2025-09-04T15:35:29.497
CVE-2025-58607,0.000290000,0.079130000,0.4619301087711178,2026-03-14,2026-03-14,CVE-2025-58607,6.5,2025-09-04T15:35:29.497
CVE-2025-58606,0.000360000,0.102210000,0.60310113399676,2026-03-14,2026-03-14,CVE-2025-58606,5.0,2025-09-04T15:35:29.497
CVE-2025-58605,0.000290000,0.079130000,0.4619301087711178,2026-03-14,2026-03-14,CVE-2025-58605,6.5,2025-09-04T15:35:29.497
CVE-2025-58604,0.000320000,0.088550000,0.5459384401758852,2026-03-14,2026-03-14,CVE-2025-58604,7.6,2025-09-04T15:35:29.497
CVE-2025-58603,0.000380000,0.110960000,0.634343901874566,2026-03-14,2026-03-14,CVE-2025-58603,5.3,2025-09-04T15:35:29.497
CVE-2025-58602,0.000290000,0.079130000,0.4619301087711178,2026-03-14,2026-03-14,CVE-2025-58602,6.5,2025-09-04T15:35:29.497
CVE-2025-58601,0.000360000,0.102210000,0.60310113399676,2026-03-14,2026-03-14,CVE-2025-58601,4.3,2025-09-04T15:35:29.497
CVE-2025-58600,0.000570000,0.176540000,0.7558435547327008,2026-03-14,2026-03-14,CVE-2025-58600,5.3,2025-09-04T15:35:29.497
CVE-2025-58599,0.000360000,0.102210000,0.60310113399676,2026-03-14,2026-03-14,CVE-2025-58599,4.3,2025-09-04T15:35:29.497
CVE-2025-58598,0.000290000,0.078280000,0.4619301087711178,2026-03-14,2026-03-14,CVE-2025-58598,6.6,2025-09-04T15:35:29.497
CVE-2025-58597,0.000510000,0.156210000,0.7248322147651006,2026-03-14,2026-03-14,CVE-2025-58597,4.3,2025-09-04T15:35:29.497
CVE-2025-58596,0.000270000,0.070820000,0.38764174959500114,2026-03-14,2026-03-14,CVE-2025-58596,5.9,2025-09-04T15:35:29.497
CVE-2025-58594,0.000360000,0.102210000,0.60310113399676,2026-03-14,2026-03-14,CVE-2025-58594,4.3,2025-09-04T15:35:29.497
CVE-2025-58593,0.000290000,0.079130000,0.4619301087711178,2026-03-14,2026-03-14,CVE-2025-58593,6.5,2025-09-04T15:35:29.497
CVE-2025-58460,0.000260000,0.068350000,0.3705160842397593,2026-03-14,2026-03-14,CVE-2025-58460,4.2,2025-11-04T22:16:34.507
CVE-2025-58459,0.000430000,0.130570000,0.6794723443647304,2026-03-14,2026-03-14,CVE-2025-58459,4.3,2025-11-04T22:16:34.370
CVE-2025-58458,0.000550000,0.170020000,0.7428835917611664,2026-03-14,2026-03-14,CVE-2025-58458,4.3,2025-11-04T22:16:34.240
CVE-2025-57833,0.000190000,0.046590000,0.29946771580652626,2026-03-14,2026-03-14,CVE-2025-57833,8.1,2025-11-04T22:16:31.930
CVE-2025-57151,0.000840000,0.242710000,0.8322147651006712,2026-03-14,2026-03-14,CVE-2025-57151,8.8,2025-09-04T17:51:51.447
CVE-2025-57150,0.000990000,0.275760000,0.8558204119416801,2026-03-14,2026-03-14,CVE-2025-57150,7.2,2025-09-04T17:51:46.387
CVE-2025-57149,0.000380000,0.112620000,0.634343901874566,2026-03-14,2026-03-14,CVE-2025-57149,6.5,2025-09-04T17:51:40.233
CVE-2025-57148,0.000640000,0.196990000,0.7817634806757695,2026-03-14,2026-03-14,CVE-2025-57148,9.1,2025-09-04T17:50:12.477
CVE-2025-57147,0.000430000,0.127970000,0.6794723443647304,2026-03-14,2026-03-14,CVE-2025-57147,7.5,2025-09-08T17:18:49.497
CVE-2025-57146,0.000310000,0.086750000,0.5299699143716732,2026-03-14,2026-03-14,CVE-2025-57146,8.1,2025-09-08T17:25:56.817
CVE-2025-57052,0.001390000,0.337450000,0.8993288590604027,2026-03-14,2026-03-14,CVE-2025-57052,9.8,2025-11-03T19:16:12.460
CVE-2025-56803,0.001190000,0.306960000,0.8847489007174265,2026-03-14,2026-03-14,CVE-2025-56803,8.4,2025-09-26T14:02:46.583
CVE-2025-56761,0.000340000,0.097050000,0.571395510298542,2026-03-14,2026-03-14,CVE-2025-56761,5.4,2025-09-09T18:27:28.537
CVE-2025-56760,0.001000000,0.276580000,0.857440407313122,2026-03-14,2026-03-14,CVE-2025-56760,4.3,2025-09-09T18:30:48.923
CVE-2025-56752,0.002930000,0.523610000,0.9430687340893312,2026-03-14,2026-03-14,CVE-2025-56752,9.4,2025-09-29T18:36:43.327
CVE-2025-56689,0.000340000,0.097770000,0.571395510298542,2026-03-14,2026-03-14,CVE-2025-56689,4.6,2025-09-16T16:15:42.230
CVE-2025-56608,0.000300000,0.081820000,0.515852811849109,2026-03-14,2026-03-14,CVE-2025-56608,4.2,2025-09-08T17:40:36.713
CVE-2025-56498,0.014130000,0.803450000,0.9831057625549642,2026-03-14,2026-03-14,CVE-2025-56498,5.3,2025-09-09T15:58:46.043
CVE-2025-56435,0.000990000,0.275350000,0.8558204119416801,2026-03-14,2026-03-14,CVE-2025-56435,5.3,2025-09-09T15:59:26.683
CVE-2025-56139,0.000480000,0.146030000,0.7095579726915066,2026-03-14,2026-03-14,CVE-2025-56139,5.3,2025-09-08T18:37:24.330
CVE-2025-55944,0.000900000,0.255350000,0.8470261513538533,2026-03-14,2026-03-14,CVE-2025-55944,6.1,2025-09-09T16:04:57.400
CVE-2025-55852,0.000790000,0.233560000,0.8236519324230502,2026-03-14,2026-03-14,CVE-2025-55852,7.5,2025-09-08T14:03:07.520
CVE-2025-55748,0.005750000,0.684320000,0.9694515158528119,2026-03-14,2026-03-14,CVE-2025-55748,7.5,2025-09-10T17:24:13.273
CVE-2025-55747,0.019890000,0.834300000,0.9875028928488776,2026-03-14,2026-03-14,CVE-2025-55747,9.1,2025-09-10T17:47:28.840
CVE-2025-55162,0.000070000,0.004740000,0.017588521175653783,2026-03-14,2026-03-14,CVE-2025-55162,8.8,2025-09-08T18:42:05.630
CVE-2025-53690,0.100040000,0.929510000,0.9962971534367044,2026-03-14,2026-03-14,CVE-2025-53690,9.0,2025-10-30T20:39:16.593
CVE-2025-52494,0.000600000,0.187120000,0.7711177968062949,2026-03-14,2026-03-14,CVE-2025-52494,7.5,2025-09-08T18:50:48.793
CVE-2025-45805,0.000140000,0.023470000,0.11409395973154363,2026-03-14,2026-03-14,CVE-2025-45805,7.6,2025-12-16T17:16:08.277
CVE-2025-36193,0.000110000,0.013370000,0.04813700532284194,2026-03-14,2026-03-14,CVE-2025-36193,6.7,2025-09-29T18:35:52.077
CVE-2025-20336,0.000210000,0.053340000,0.31798194862300394,2026-03-14,2026-03-14,CVE-2025-20336,7.5,2026-01-05T14:49:30.253
CVE-2025-20335,0.000550000,0.169900000,0.7428835917611664,2026-03-14,2026-03-14,CVE-2025-20335,5.3,2026-01-05T14:49:25.683
CVE-2025-20330,0.000320000,0.088560000,0.5459384401758852,2026-03-14,2026-03-14,CVE-2025-20330,6.1,2025-09-10T17:36:51.947
CVE-2025-20328,0.000300000,0.082440000,0.515852811849109,2026-03-14,2026-03-14,CVE-2025-20328,5.4,2025-09-10T17:54:12.020
CVE-2025-20326,0.000210000,0.054110000,0.31798194862300394,2026-03-14,2026-03-14,CVE-2025-20326,8.8,2025-09-10T18:03:13.847
CVE-2025-20291,0.000220000,0.056430000,0.32399907428835917,2026-03-14,2026-03-14,CVE-2025-20291,6.1,2025-09-09T18:06:53.997
CVE-2025-20287,0.000440000,0.134120000,0.6854894700300856,2026-03-14,2026-03-14,CVE-2025-20287,8.8,2025-09-09T18:11:59.287
CVE-2025-20280,0.000280000,0.074280000,0.42814163388104604,2026-03-14,2026-03-14,CVE-2025-20280,4.8,2025-09-09T18:20:44.523
CVE-2025-20270,0.000490000,0.151840000,0.7137236750752141,2026-03-14,2026-03-14,CVE-2025-20270,6.5,2025-09-09T18:15:53.293
CVE-2025-0280,0.000130000,0.019170000,0.09789400601712567,2026-03-14,2026-03-14,CVE-2025-0280,7.5,2025-09-04T15:35:29.497
CVE-2025-9942,0.000430000,0.130910000,0.6794723443647304,2026-03-14,2026-03-14,CVE-2025-9942,8.8,2025-09-04T17:52:15.997
CVE-2025-9941,0.000430000,0.130910000,0.6794723443647304,2026-03-14,2026-03-14,CVE-2025-9941,8.8,2025-09-04T17:52:24.107
CVE-2025-9940,0.000270000,0.071780000,0.38764174959500114,2026-03-14,2026-03-14,CVE-2025-9940,5.4,2025-09-04T17:52:37.127
CVE-2025-9939,0.000250000,0.064760000,0.3596389724600787,2026-03-14,2026-03-14,CVE-2025-9939,5.4,2025-09-04T17:52:46.113
CVE-2025-9938,0.003040000,0.533480000,0.9453830131913908,2026-03-14,2026-03-14,CVE-2025-9938,8.8,2025-09-29T18:30:16.607
CVE-2025-9937,0.000390000,0.115800000,0.6503124276787781,2026-03-14,2026-03-14,CVE-2025-9937,5.4,2025-09-04T15:35:29.497
CVE-2025-9936,0.000280000,0.077300000,0.42814163388104604,2026-03-14,2026-03-14,CVE-2025-9936,4.3,2025-10-09T20:44:10.210
CVE-2025-9935,0.010490000,0.773130000,0.9775514927100208,2026-03-14,2026-03-14,CVE-2025-9935,9.8,2025-09-29T18:32:03.733
CVE-2025-9934,0.012670000,0.792620000,0.9810229113631104,2026-03-14,2026-03-14,CVE-2025-9934,9.8,2025-09-29T18:34:55.073
CVE-2025-9933,0.000260000,0.067370000,0.3705160842397593,2026-03-14,2026-03-14,CVE-2025-9933,9.8,2025-09-08T16:43:21.790
CVE-2025-9932,0.000290000,0.079790000,0.4619301087711178,2026-03-14,2026-03-14,CVE-2025-9932,9.8,2025-09-08T16:43:28.063
CVE-2025-9931,0.000340000,0.097760000,0.571395510298542,2026-03-14,2026-03-14,CVE-2025-9931,6.1,2025-10-09T20:11:47.637
CVE-2025-9930,0.000320000,0.088780000,0.5459384401758852,2026-03-14,2026-03-14,CVE-2025-9930,9.8,2025-09-08T16:43:41.247
CVE-2025-9929,0.000320000,0.089440000,0.5459384401758852,2026-03-14,2026-03-14,CVE-2025-9929,4.8,2025-09-08T16:45:40.747
CVE-2025-9928,0.000320000,0.088780000,0.5459384401758852,2026-03-14,2026-03-14,CVE-2025-9928,9.8,2025-09-05T16:39:50.020
CVE-2025-9927,0.000310000,0.085160000,0.5299699143716732,2026-03-14,2026-03-14,CVE-2025-9927,9.8,2025-09-05T16:40:07.910
CVE-2025-9616,0.000170000,0.037750000,0.2561906965980097,2026-03-14,2026-03-14,CVE-2025-9616,5.3,2025-09-04T15:35:29.497
CVE-2025-9519,0.002630000,0.493430000,0.9377458921545938,2026-03-14,2026-03-14,CVE-2025-9519,7.2,2025-09-04T15:35:29.497
CVE-2025-9518,0.008870000,0.752220000,0.9743115019671372,2026-03-14,2026-03-14,CVE-2025-9518,7.2,2025-09-04T15:35:29.497
CVE-2025-9517,0.003060000,0.535270000,0.9458458690118028,2026-03-14,2026-03-14,CVE-2025-9517,7.2,2025-09-04T15:35:29.497
CVE-2025-9516,0.000550000,0.169720000,0.7428835917611664,2026-03-14,2026-03-14,CVE-2025-9516,4.9,2025-09-04T15:35:29.497
CVE-2025-9467,0.000910000,0.255410000,0.8477204350844711,2026-03-14,2026-03-14,CVE-2025-9467,,2025-09-04T15:35:29.497
CVE-2025-8268,0.001750000,0.387270000,0.9152973848646146,2026-03-14,2026-03-14,CVE-2025-8268,6.5,2025-09-04T15:35:29.497
CVE-2025-7388,0.001650000,0.373390000,0.9104373987502893,2026-03-14,2026-03-14,CVE-2025-7388,8.4,2025-09-04T15:35:29.497
CVE-2025-7385,0.001890000,0.405850000,0.920388798889146,2026-03-14,2026-03-14,CVE-2025-7385,,2025-09-04T15:35:29.497
CVE-2025-6984,0.000250000,0.063610000,0.3596389724600787,2026-03-14,2026-03-14,CVE-2025-6984,7.5,2025-09-04T15:35:29.497
CVE-2025-6085,0.007300000,0.724090000,0.9722286507752835,2026-03-14,2026-03-14,CVE-2025-6085,7.2,2025-12-22T20:10:56.740
CVE-2025-58358,0.000760000,0.226660000,0.8162462392964591,2026-03-14,2026-03-14,CVE-2025-58358,7.5,2025-09-04T15:35:29.497
CVE-2025-58357,0.000750000,0.225060000,0.8143948160148113,2026-03-14,2026-03-14,CVE-2025-58357,9.6,2026-01-22T20:09:16.937
CVE-2025-58355,0.000650000,0.200580000,0.7840777597778292,2026-03-14,2026-03-14,CVE-2025-58355,7.7,2025-09-04T15:35:29.497
CVE-2025-58064,0.000890000,0.253310000,0.8428604489701458,2026-03-14,2026-03-14,CVE-2025-58064,,2025-09-04T15:35:29.497
CVE-2025-58057,0.000500000,0.152540000,0.7192779449201574,2026-03-14,2026-03-14,CVE-2025-58057,7.5,2025-09-08T16:45:55.143
CVE-2025-58056,0.000280000,0.075640000,0.42814163388104604,2026-03-14,2026-03-14,CVE-2025-58056,7.5,2025-09-08T16:46:36.847
CVE-2025-57263,0.000470000,0.145450000,0.7042351307567692,2026-03-14,2026-03-14,CVE-2025-57263,7.2,2025-09-18T16:51:13.593
CVE-2025-43772,0.009260000,0.757970000,0.9750057856977552,2026-03-14,2026-03-14,CVE-2025-43772,,2025-09-04T15:35:29.497
CVE-2025-41063,0.000240000,0.060630000,0.3401990280027771,2026-03-14,2026-03-14,CVE-2025-41063,5.4,2025-09-04T17:50:21.547
CVE-2025-41062,0.000240000,0.060630000,0.3401990280027771,2026-03-14,2026-03-14,CVE-2025-41062,5.4,2025-09-04T17:50:28.117
CVE-2025-41061,0.000240000,0.060630000,0.3401990280027771,2026-03-14,2026-03-14,CVE-2025-41061,5.4,2025-09-04T17:50:34.057
CVE-2025-41060,0.000240000,0.060630000,0.3401990280027771,2026-03-14,2026-03-14,CVE-2025-41060,5.4,2025-09-04T17:50:43.737
CVE-2025-41059,0.000240000,0.060630000,0.3401990280027771,2026-03-14,2026-03-14,CVE-2025-41059,5.4,2025-09-04T17:50:51.110
CVE-2025-41058,0.000240000,0.060630000,0.3401990280027771,2026-03-14,2026-03-14,CVE-2025-41058,5.4,2025-09-04T17:51:01.063
CVE-2025-41057,0.000240000,0.060630000,0.3401990280027771,2026-03-14,2026-03-14,CVE-2025-41057,5.4,2025-09-04T17:51:08.280
CVE-2025-41056,0.000240000,0.060630000,0.3401990280027771,2026-03-14,2026-03-14,CVE-2025-41056,5.4,2025-09-04T17:51:15.420
CVE-2025-41055,0.000240000,0.060630000,0.3401990280027771,2026-03-14,2026-03-14,CVE-2025-41055,5.4,2025-09-04T17:51:21.303
CVE-2025-41054,0.000240000,0.060630000,0.3401990280027771,2026-03-14,2026-03-14,CVE-2025-41054,5.4,2025-09-04T17:53:06.430
CVE-2025-41053,0.000240000,0.060630000,0.3401990280027771,2026-03-14,2026-03-14,CVE-2025-41053,5.4,2025-09-04T17:51:58.813
CVE-2025-41052,0.000240000,0.060630000,0.3401990280027771,2026-03-14,2026-03-14,CVE-2025-41052,5.4,2025-09-04T17:52:06.157
CVE-2025-41051,0.000240000,0.060630000,0.3401990280027771,2026-03-14,2026-03-14,CVE-2025-41051,5.4,2025-09-04T18:42:43.010
CVE-2025-41050,0.000240000,0.060630000,0.3401990280027771,2026-03-14,2026-03-14,CVE-2025-41050,5.4,2025-09-04T18:42:57.860
CVE-2025-41049,0.000240000,0.060630000,0.3401990280027771,2026-03-14,2026-03-14,CVE-2025-41049,5.4,2025-09-04T18:43:04.660
CVE-2025-41048,0.000240000,0.060630000,0.3401990280027771,2026-03-14,2026-03-14,CVE-2025-41048,5.4,2025-09-04T18:43:10.727
CVE-2025-41047,0.000240000,0.060630000,0.3401990280027771,2026-03-14,2026-03-14,CVE-2025-41047,5.4,2025-09-04T18:43:17.077
CVE-2025-41046,0.000240000,0.060630000,0.3401990280027771,2026-03-14,2026-03-14,CVE-2025-41046,5.4,2025-09-04T18:43:23.220
CVE-2025-41045,0.000240000,0.060630000,0.3401990280027771,2026-03-14,2026-03-14,CVE-2025-41045,5.4,2025-09-04T18:43:29.777
CVE-2025-41044,0.000240000,0.060630000,0.3401990280027771,2026-03-14,2026-03-14,CVE-2025-41044,5.4,2025-09-04T18:43:36.850
CVE-2025-41043,0.000240000,0.060630000,0.3401990280027771,2026-03-14,2026-03-14,CVE-2025-41043,5.4,2025-09-04T18:43:45.480
CVE-2025-41042,0.000240000,0.060630000,0.3401990280027771,2026-03-14,2026-03-14,CVE-2025-41042,5.4,2025-09-04T18:43:52.737
CVE-2025-41041,0.000240000,0.060630000,0.3401990280027771,2026-03-14,2026-03-14,CVE-2025-41041,5.4,2025-09-04T18:44:02.050
CVE-2025-41040,0.000240000,0.060630000,0.3401990280027771,2026-03-14,2026-03-14,CVE-2025-41040,5.4,2025-09-04T18:44:08.297
CVE-2025-41039,0.000240000,0.060630000,0.3401990280027771,2026-03-14,2026-03-14,CVE-2025-41039,5.4,2025-09-04T18:44:19.723
CVE-2025-41038,0.000240000,0.060630000,0.3401990280027771,2026-03-14,2026-03-14,CVE-2025-41038,5.4,2025-09-04T18:44:27.037
CVE-2025-41037,0.000240000,0.060630000,0.3401990280027771,2026-03-14,2026-03-14,CVE-2025-41037,5.4,2025-09-04T18:44:34.860
CVE-2025-41036,0.000240000,0.060630000,0.3401990280027771,2026-03-14,2026-03-14,CVE-2025-41036,5.4,2025-09-04T18:44:41.557
CVE-2025-41035,0.000390000,0.116290000,0.6503124276787781,2026-03-14,2026-03-14,CVE-2025-41035,6.5,2025-09-04T18:44:52.747
CVE-2025-41034,0.000350000,0.101300000,0.5912983105762555,2026-03-14,2026-03-14,CVE-2025-41034,9.8,2025-09-04T18:45:05.477
CVE-2025-41033,0.000350000,0.101300000,0.5912983105762555,2026-03-14,2026-03-14,CVE-2025-41033,9.8,2025-09-04T18:45:25.733
CVE-2025-41032,0.000350000,0.101300000,0.5912983105762555,2026-03-14,2026-03-14,CVE-2025-41032,9.8,2025-09-04T18:45:32.453
CVE-2025-36909,0.000180000,0.041160000,0.2735477898634575,2026-03-14,2026-03-14,CVE-2025-36909,5.3,2025-09-05T16:37:11.297
CVE-2025-36908,0.000070000,0.004200000,0.017588521175653783,2026-03-14,2026-03-14,CVE-2025-36908,6.7,2025-09-05T16:37:18.477
CVE-2025-36907,0.000050000,0.002210000,0.0020828511918537375,2026-03-14,2026-03-14,CVE-2025-36907,7.3,2025-09-05T16:37:25.577
CVE-2025-36906,0.000060000,0.004080000,0.007868548947003009,2026-03-14,2026-03-14,CVE-2025-36906,7.8,2025-09-08T16:46:22.173
CVE-2025-36905,0.000100000,0.009280000,0.03633418190233742,2026-03-14,2026-03-14,CVE-2025-36905,7.8,2025-09-05T16:37:31.443
CVE-2025-36904,0.000270000,0.073470000,0.38764174959500114,2026-03-14,2026-03-14,CVE-2025-36904,9.8,2025-09-05T16:37:36.547
CVE-2025-36903,0.000060000,0.004080000,0.007868548947003009,2026-03-14,2026-03-14,CVE-2025-36903,7.8,2025-09-05T16:37:42.460
CVE-2025-36902,0.000070000,0.004200000,0.017588521175653783,2026-03-14,2026-03-14,CVE-2025-36902,6.7,2025-09-05T16:37:51.477
CVE-2025-36901,0.000110000,0.012440000,0.04813700532284194,2026-03-14,2026-03-14,CVE-2025-36901,8.8,2025-09-05T16:38:04.860
CVE-2025-36900,0.000070000,0.004200000,0.017588521175653783,2026-03-14,2026-03-14,CVE-2025-36900,6.7,2025-09-05T16:38:11.317
CVE-2025-36899,0.000080000,0.006700000,0.024299930571626938,2026-03-14,2026-03-14,CVE-2025-36899,8.4,2025-09-05T16:38:22.310
CVE-2025-36898,0.000100000,0.009280000,0.03633418190233742,2026-03-14,2026-03-14,CVE-2025-36898,7.8,2025-09-05T16:38:27.463
CVE-2025-36897,0.001780000,0.391920000,0.9162230965054385,2026-03-14,2026-03-14,CVE-2025-36897,9.8,2025-09-05T16:38:32.233
CVE-2025-36896,0.000270000,0.073470000,0.38764174959500114,2026-03-14,2026-03-14,CVE-2025-36896,9.8,2025-09-05T16:38:40.553
CVE-2025-36895,0.000190000,0.048110000,0.29946771580652626,2026-03-14,2026-03-14,CVE-2025-36895,7.5,2025-09-05T16:38:46.360
CVE-2025-36894,0.001840000,0.399370000,0.9180745197870863,2026-03-14,2026-03-14,CVE-2025-36894,7.5,2025-09-05T16:38:51.837
CVE-2025-36893,0.000050000,0.002690000,0.0020828511918537375,2026-03-14,2026-03-14,CVE-2025-36893,5.5,2025-09-05T16:38:57.910
CVE-2025-36892,0.000460000,0.139980000,0.6989122888220319,2026-03-14,2026-03-14,CVE-2025-36892,7.5,2025-09-05T16:39:03.253
CVE-2025-36891,0.000260000,0.067480000,0.3705160842397593,2026-03-14,2026-03-14,CVE-2025-36891,8.8,2025-09-05T16:39:08.087
CVE-2025-36890,0.000270000,0.073470000,0.38764174959500114,2026-03-14,2026-03-14,CVE-2025-36890,9.8,2025-09-29T23:03:48.843
CVE-2025-36887,0.000060000,0.004080000,0.007868548947003009,2026-03-14,2026-03-14,CVE-2025-36887,7.8,2025-09-05T16:39:25.790
CVE-2025-2694,0.000180000,0.041950000,0.2735477898634575,2026-03-14,2026-03-14,CVE-2025-2694,4.8,2025-09-10T17:15:33.390
CVE-2025-2667,0.000300000,0.083270000,0.515852811849109,2026-03-14,2026-03-14,CVE-2025-2667,4.9,2025-09-10T17:19:28.017
CVE-2025-25048,0.000360000,0.105330000,0.60310113399676,2026-03-14,2026-03-14,CVE-2025-25048,6.5,2026-01-09T02:31:36.477
CVE-2025-2417,0.000770000,0.227790000,0.8180976625781069,2026-03-14,2026-03-14,CVE-2025-2417,8.6,2025-09-04T15:35:29.497
CVE-2025-2411,0.000770000,0.227790000,0.8180976625781069,2026-03-14,2026-03-14,CVE-2025-2411,8.6,2025-09-04T15:35:29.497
CVE-2024-56190,0.000100000,0.009390000,0.03633418190233742,2026-03-14,2026-03-14,CVE-2024-56190,7.8,2025-09-05T16:39:31.230
CVE-2024-56189,0.000830000,0.240960000,0.8310576255496412,2026-03-14,2026-03-14,CVE-2024-56189,6.5,2025-09-26T17:19:42.197
CVE-2024-43184,0.000670000,0.205910000,0.7910205970840083,2026-03-14,2026-03-14,CVE-2024-43184,6.1,2026-01-09T02:31:46.677
CVE-2024-34598,0.000170000,0.037860000,0.2561906965980097,2026-03-14,2026-03-14,CVE-2024-34598,5.5,2026-01-12T19:16:54.400
CVE-2024-13073,0.000440000,0.133050000,0.6854894700300856,2026-03-14,2026-03-14,CVE-2024-13073,4.7,2025-09-04T15:35:29.497
CVE-2024-13071,0.000270000,0.070820000,0.38764174959500114,2026-03-14,2026-03-14,CVE-2024-13071,4.3,2025-09-04T15:35:29.497
CVE-2022-39888,0.000150000,0.030370000,0.15528812774820644,2026-03-14,2026-03-14,CVE-2022-39888,4.3,2025-09-04T15:35:29.497
CVE-2025-9636,0.000210000,0.052710000,0.31798194862300394,2026-03-14,2026-03-14,CVE-2025-9636,7.9,2025-09-11T21:26:47.250
CVE-2025-8311,0.014900000,0.808480000,0.983800046285582,2026-03-14,2026-03-14,CVE-2025-8311,,2025-09-11T15:15:38.867
CVE-2025-6785,0.000320000,0.090410000,0.5459384401758852,2026-03-14,2026-03-14,CVE-2025-6785,,2025-09-04T15:35:29.497
CVE-2025-57576,0.000260000,0.067120000,0.3705160842397593,2026-03-14,2026-03-14,CVE-2025-57576,5.4,2025-09-10T17:04:53.493
CVE-2025-38730,0.000150000,0.030390000,0.15528812774820644,2026-03-14,2026-03-14,CVE-2025-38730,7.8,2025-11-25T21:50:46.317
CVE-2025-38729,0.000140000,0.025600000,0.11409395973154363,2026-03-14,2026-03-14,CVE-2025-38729,7.8,2026-01-08T17:31:17.310
CVE-2025-38728,0.000150000,0.029480000,0.15528812774820644,2026-03-14,2026-03-14,CVE-2025-38728,7.1,2026-01-08T17:31:44.547
CVE-2025-38727,0.000090000,0.009110000,0.03031705623698218,2026-03-14,2026-03-14,CVE-2025-38727,5.5,2026-01-08T17:34:29.383
CVE-2025-38726,0.000150000,0.030270000,0.15528812774820644,2026-03-14,2026-03-14,CVE-2025-38726,5.5,2025-11-25T21:50:39.817
CVE-2025-38725,0.000150000,0.028110000,0.15528812774820644,2026-03-14,2026-03-14,CVE-2025-38725,5.5,2026-01-08T17:38:10.343
CVE-2025-38724,0.000170000,0.039650000,0.2561906965980097,2026-03-14,2026-03-14,CVE-2025-38724,7.8,2026-01-08T17:39:18.610
CVE-2025-38723,0.000150000,0.028110000,0.15528812774820644,2026-03-14,2026-03-14,CVE-2025-38723,5.5,2026-01-08T17:42:36.560
CVE-2025-38722,0.000160000,0.033070000,0.23698218005091415,2026-03-14,2026-03-14,CVE-2025-38722,7.8,2025-11-25T21:47:55.617
CVE-2025-38721,0.000140000,0.024460000,0.11409395973154363,2026-03-14,2026-03-14,CVE-2025-38721,5.5,2026-01-09T15:57:13.957
CVE-2025-38720,0.000100000,0.009650000,0.03633418190233742,2026-03-14,2026-03-14,CVE-2025-38720,5.5,2025-11-25T21:47:46.150
CVE-2025-38719,0.000120000,0.017340000,0.06017125665355242,2026-03-14,2026-03-14,CVE-2025-38719,5.5,2025-12-02T20:05:31.550
CVE-2025-38718,0.000160000,0.034970000,0.23698218005091415,2026-03-14,2026-03-14,CVE-2025-38718,7.8,2026-02-06T17:16:16.647
CVE-2025-38717,0.000120000,0.015410000,0.06017125665355242,2026-03-14,2026-03-14,CVE-2025-38717,4.7,2025-11-25T22:07:31.647
CVE-2025-38716,0.000150000,0.026590000,0.15528812774820644,2026-03-14,2026-03-14,CVE-2025-38716,5.5,2025-11-25T22:07:21.850
CVE-2025-38715,0.000140000,0.025600000,0.11409395973154363,2026-03-14,2026-03-14,CVE-2025-38715,7.1,2026-01-27T16:26:02.067
CVE-2025-38714,0.000140000,0.025600000,0.11409395973154363,2026-03-14,2026-03-14,CVE-2025-38714,7.1,2026-01-09T16:09:49.040
CVE-2025-38713,0.000140000,0.025600000,0.11409395973154363,2026-03-14,2026-03-14,CVE-2025-38713,7.1,2026-01-27T16:25:44.707
CVE-2025-38712,0.000120000,0.016230000,0.06017125665355242,2026-03-14,2026-03-14,CVE-2025-38712,5.5,2026-01-27T16:25:33.933
CVE-2025-38711,0.000120000,0.014290000,0.06017125665355242,2026-03-14,2026-03-14,CVE-2025-38711,5.5,2026-01-09T16:11:13.943
CVE-2025-38710,0.000140000,0.025100000,0.11409395973154363,2026-03-14,2026-03-14,CVE-2025-38710,5.5,2025-11-25T22:07:05.383
CVE-2025-38709,0.000150000,0.026590000,0.15528812774820644,2026-03-14,2026-03-14,CVE-2025-38709,5.5,2025-12-03T20:00:20.867
CVE-2025-38708,0.000170000,0.039650000,0.2561906965980097,2026-03-14,2026-03-14,CVE-2025-38708,7.8,2026-01-27T16:25:22.083
CVE-2025-38707,0.000150000,0.029480000,0.15528812774820644,2026-03-14,2026-03-14,CVE-2025-38707,7.8,2026-01-09T16:12:31.150
CVE-2025-38706,0.000140000,0.024460000,0.11409395973154363,2026-03-14,2026-03-14,CVE-2025-38706,5.5,2026-01-23T20:32:43.293
CVE-2025-38705,0.000140000,0.025100000,0.11409395973154363,2026-03-14,2026-03-14,CVE-2025-38705,5.5,2025-11-24T19:43:18.883
CVE-2025-38704,0.000150000,0.027320000,0.15528812774820644,2026-03-14,2026-03-14,CVE-2025-38704,7.8,2025-11-24T19:50:25.427
CVE-2025-38703,0.000160000,0.033070000,0.23698218005091415,2026-03-14,2026-03-14,CVE-2025-38703,7.8,2025-11-24T19:45:00.563
CVE-2025-38702,0.000150000,0.029480000,0.15528812774820644,2026-03-14,2026-03-14,CVE-2025-38702,7.8,2026-01-23T20:31:27.950
CVE-2025-38701,0.000120000,0.016230000,0.06017125665355242,2026-03-14,2026-03-14,CVE-2025-38701,5.5,2026-01-09T16:18:21.320
CVE-2025-38700,0.000140000,0.024460000,0.11409395973154363,2026-03-14,2026-03-14,CVE-2025-38700,5.5,2026-01-09T17:04:02.750
CVE-2025-38699,0.000140000,0.025600000,0.11409395973154363,2026-03-14,2026-03-14,CVE-2025-38699,7.8,2026-01-07T21:52:42.467
CVE-2025-38698,0.000140000,0.024460000,0.11409395973154363,2026-03-14,2026-03-14,CVE-2025-38698,5.5,2026-01-26T22:03:57.990
CVE-2025-38697,0.000140000,0.025600000,0.11409395973154363,2026-03-14,2026-03-14,CVE-2025-38697,7.8,2026-01-26T22:01:33.737
CVE-2025-38696,0.000140000,0.024460000,0.11409395973154363,2026-03-14,2026-03-14,CVE-2025-38696,5.5,2026-01-09T17:04:32.673
CVE-2025-38695,0.000140000,0.024460000,0.11409395973154363,2026-03-14,2026-03-14,CVE-2025-38695,5.5,2026-01-09T17:06:00.137
CVE-2025-38694,0.000140000,0.024460000,0.11409395973154363,2026-03-14,2026-03-14,CVE-2025-38694,5.5,2026-01-22T18:40:08.380
CVE-2025-38693,0.000140000,0.024460000,0.11409395973154363,2026-03-14,2026-03-14,CVE-2025-38693,5.5,2026-01-09T18:56:52.733
CVE-2025-38692,0.000130000,0.018670000,0.09789400601712567,2026-03-14,2026-03-14,CVE-2025-38692,5.5,2025-11-24T19:45:16.833
CVE-2025-38691,0.000140000,0.024460000,0.11409395973154363,2026-03-14,2026-03-14,CVE-2025-38691,5.5,2026-01-09T18:57:08.720
CVE-2025-38690,0.000080000,0.006570000,0.024299930571626938,2026-03-14,2026-03-14,CVE-2025-38690,5.5,2025-11-24T19:47:00.657
CVE-2025-38689,0.000180000,0.044530000,0.2735477898634575,2026-03-14,2026-03-14,CVE-2025-38689,5.5,2025-11-24T19:47:21.780
CVE-2025-38688,0.000150000,0.028900000,0.15528812774820644,2026-03-14,2026-03-14,CVE-2025-38688,7.8,2025-11-24T19:47:43.183
CVE-2025-38687,0.000190000,0.048210000,0.29946771580652626,2026-03-14,2026-03-14,CVE-2025-38687,4.7,2026-01-09T19:00:55.593
CVE-2025-38686,0.000150000,0.030270000,0.15528812774820644,2026-03-14,2026-03-14,CVE-2025-38686,5.5,2025-11-24T19:48:02.293
CVE-2025-38685,0.000180000,0.043480000,0.2735477898634575,2026-03-14,2026-03-14,CVE-2025-38685,7.8,2026-01-08T22:31:48.173
CVE-2025-38684,0.000140000,0.024460000,0.11409395973154363,2026-03-14,2026-03-14,CVE-2025-38684,5.5,2026-01-08T22:32:10.017
CVE-2025-38683,0.000140000,0.024460000,0.11409395973154363,2026-03-14,2026-03-14,CVE-2025-38683,5.5,2026-01-08T22:32:21.140
CVE-2025-38682,0.000180000,0.044880000,0.2735477898634575,2026-03-14,2026-03-14,CVE-2025-38682,7.8,2025-11-25T22:06:13.123
CVE-2025-38681,0.000110000,0.012710000,0.04813700532284194,2026-03-14,2026-03-14,CVE-2025-38681,4.7,2026-01-08T22:32:28.007
CVE-2025-38680,0.000140000,0.025600000,0.11409395973154363,2026-03-14,2026-03-14,CVE-2025-38680,7.1,2026-01-08T22:32:41.163
CVE-2025-38679,0.000100000,0.009880000,0.03633418190233742,2026-03-14,2026-03-14,CVE-2025-38679,7.1,2026-01-08T22:30:19.237
CVE-2025-26462,0.000090000,0.008250000,0.03031705623698218,2026-03-14,2026-03-14,CVE-2025-26462,7.8,2025-09-08T14:11:29.327
CVE-2025-26458,0.000100000,0.009280000,0.03633418190233742,2026-03-14,2026-03-14,CVE-2025-26458,7.8,2025-09-08T14:11:52.740
CVE-2025-26456,0.000440000,0.132670000,0.6854894700300856,2026-03-14,2026-03-14,CVE-2025-26456,5.5,2025-09-08T16:41:23.340
CVE-2025-26455,0.000060000,0.004080000,0.007868548947003009,2026-03-14,2026-03-14,CVE-2025-26455,7.8,2025-09-05T19:14:05.457
CVE-2025-26453,0.000080000,0.007060000,0.024299930571626938,2026-03-14,2026-03-14,CVE-2025-26453,5.5,2025-09-08T14:12:14.103
CVE-2025-26452,0.000060000,0.003460000,0.007868548947003009,2026-03-14,2026-03-14,CVE-2025-26452,7.8,2025-09-05T19:13:54.293
CVE-2025-26450,0.000060000,0.003460000,0.007868548947003009,2026-03-14,2026-03-14,CVE-2025-26450,7.8,2025-09-08T14:12:30.373
CVE-2025-26449,0.000090000,0.007720000,0.03031705623698218,2026-03-14,2026-03-14,CVE-2025-26449,5.5,2025-09-08T14:12:39.347
CVE-2025-26448,0.000050000,0.002690000,0.0020828511918537375,2026-03-14,2026-03-14,CVE-2025-26448,5.5,2025-09-08T14:13:11.063
CVE-2025-26445,0.000050000,0.002320000,0.0020828511918537375,2026-03-14,2026-03-14,CVE-2025-26445,5.5,2025-09-08T14:13:20.910
CVE-2025-26444,0.000100000,0.009280000,0.03633418190233742,2026-03-14,2026-03-14,CVE-2025-26444,7.8,2025-09-08T14:13:37.513
CVE-2025-26443,0.000070000,0.004870000,0.017588521175653783,2026-03-14,2026-03-14,CVE-2025-26443,7.3,2025-09-08T14:14:00.603
CVE-2025-26442,0.000080000,0.006200000,0.024299930571626938,2026-03-14,2026-03-14,CVE-2025-26442,5.5,2025-09-29T22:48:47.203
CVE-2025-26441,0.000720000,0.218170000,0.8049062716963665,2026-03-14,2026-03-14,CVE-2025-26441,6.5,2025-09-08T14:15:47.460
CVE-2025-26440,0.000080000,0.006210000,0.024299930571626938,2026-03-14,2026-03-14,CVE-2025-26440,7.8,2025-09-08T14:12:56.513
CVE-2025-26438,0.001310000,0.324350000,0.8926174496644296,2026-03-14,2026-03-14,CVE-2025-26438,8.8,2025-09-05T19:13:43.690
CVE-2025-26437,0.000050000,0.002320000,0.0020828511918537375,2026-03-14,2026-03-14,CVE-2025-26437,5.5,2025-09-08T14:16:07.843
CVE-2025-26436,0.000080000,0.006980000,0.024299930571626938,2026-03-14,2026-03-14,CVE-2025-26436,7.8,2025-09-29T22:48:26.493
CVE-2025-26435,0.000090000,0.008250000,0.03031705623698218,2026-03-14,2026-03-14,CVE-2025-26435,7.8,2025-09-29T22:46:34.803
CVE-2025-26432,0.000090000,0.007720000,0.03031705623698218,2026-03-14,2026-03-14,CVE-2025-26432,5.5,2025-09-05T19:00:36.720
CVE-2025-26430,0.000090000,0.008250000,0.03031705623698218,2026-03-14,2026-03-14,CVE-2025-26430,7.8,2025-09-29T22:44:44.350
CVE-2025-26429,0.000100000,0.009770000,0.03633418190233742,2026-03-14,2026-03-14,CVE-2025-26429,5.5,2025-09-05T19:13:32.637
CVE-2025-26428,0.000100000,0.009750000,0.03633418190233742,2026-03-14,2026-03-14,CVE-2025-26428,3.2,2025-09-05T19:12:05.557
CVE-2025-26427,0.000050000,0.002570000,0.0020828511918537375,2026-03-14,2026-03-14,CVE-2025-26427,4.4,2025-09-05T19:11:56.987
CVE-2025-26426,0.000130000,0.018540000,0.09789400601712567,2026-03-14,2026-03-14,CVE-2025-26426,5.1,2025-09-05T19:11:41.917
CVE-2025-26425,0.000090000,0.007940000,0.03031705623698218,2026-03-14,2026-03-14,CVE-2025-26425,4.0,2025-09-05T19:11:30.167
CVE-2025-26424,0.000090000,0.007940000,0.03031705623698218,2026-03-14,2026-03-14,CVE-2025-26424,4.0,2025-09-05T19:11:21.010
CVE-2025-26423,0.000070000,0.005170000,0.017588521175653783,2026-03-14,2026-03-14,CVE-2025-26423,6.2,2025-09-05T19:11:12.930
CVE-2025-26422,0.000060000,0.003250000,0.007868548947003009,2026-03-14,2026-03-14,CVE-2025-26422,4.0,2025-09-05T18:55:05.537
CVE-2025-26421,0.000130000,0.018020000,0.09789400601712567,2026-03-14,2026-03-14,CVE-2025-26421,4.0,2025-09-05T18:55:28.810
CVE-2025-26420,0.000050000,0.002380000,0.0020828511918537375,2026-03-14,2026-03-14,CVE-2025-26420,4.4,2025-09-05T18:55:46.920
CVE-2025-23302,0.000150000,0.029830000,0.15528812774820644,2026-03-14,2026-03-14,CVE-2025-23302,4.2,2025-09-05T17:47:24.833
CVE-2025-23301,0.000150000,0.029830000,0.15528812774820644,2026-03-14,2026-03-14,CVE-2025-23301,4.2,2025-09-05T17:47:24.833
CVE-2025-23262,0.000220000,0.055730000,0.32399907428835917,2026-03-14,2026-03-14,CVE-2025-23262,6.3,2025-09-05T17:47:24.833
CVE-2025-23261,0.000150000,0.029650000,0.15528812774820644,2026-03-14,2026-03-14,CVE-2025-23261,5.5,2025-09-05T17:47:24.833
CVE-2025-23259,0.000410000,0.121210000,0.6646609581115482,2026-03-14,2026-03-14,CVE-2025-23259,6.5,2025-09-05T17:47:24.833
CVE-2025-23258,0.000120000,0.014560000,0.06017125665355242,2026-03-14,2026-03-14,CVE-2025-23258,7.3,2025-09-05T17:47:24.833
CVE-2025-23257,0.000120000,0.014560000,0.06017125665355242,2026-03-14,2026-03-14,CVE-2025-23257,7.3,2025-09-05T17:47:24.833
CVE-2025-23256,0.000180000,0.040510000,0.2735477898634575,2026-03-14,2026-03-14,CVE-2025-23256,8.7,2025-09-05T17:47:24.833
CVE-2025-22425,0.000090000,0.008840000,0.03031705623698218,2026-03-14,2026-03-14,CVE-2025-22425,5.1,2025-09-05T18:56:05.070
CVE-2025-0087,0.000070000,0.005420000,0.017588521175653783,2026-03-14,2026-03-14,CVE-2025-0087,5.1,2025-09-05T18:56:18.247
CVE-2025-0077,0.000100000,0.010580000,0.03633418190233742,2026-03-14,2026-03-14,CVE-2025-0077,4.0,2025-09-05T18:57:56.653
CVE-2024-49739,0.000060000,0.003680000,0.007868548947003009,2026-03-14,2026-03-14,CVE-2024-49739,4.0,2025-09-05T18:58:48.627
CVE-2023-35657,0.000060000,0.003070000,0.007868548947003009,2026-03-14,2026-03-14,CVE-2023-35657,4.0,2025-09-05T18:59:09.560
CVE-2025-9990,0.002360000,0.463060000,0.9298773432075909,2026-03-14,2026-03-14,CVE-2025-9990,8.1,2025-09-05T17:47:10.303
CVE-2025-8944,0.000380000,0.113250000,0.634343901874566,2026-03-14,2026-03-14,CVE-2025-8944,4.3,2026-01-20T21:38:27.313
CVE-2025-8684,0.000320000,0.088200000,0.5459384401758852,2026-03-14,2026-03-14,CVE-2025-8684,6.4,2025-09-05T17:47:10.303
CVE-2025-7445,0.000050000,0.002630000,0.0020828511918537375,2026-03-14,2026-03-14,CVE-2025-7445,6.5,2025-09-05T17:47:10.303
CVE-2025-58401,0.000080000,0.006820000,0.024299930571626938,2026-03-14,2026-03-14,CVE-2025-58401,6.8,2025-09-05T17:47:10.303
CVE-2025-58400,0.000140000,0.022950000,0.11409395973154363,2026-03-14,2026-03-14,CVE-2025-58400,6.7,2025-09-05T17:47:10.303
CVE-2025-58362,0.000450000,0.136280000,0.6917380236056468,2026-03-14,2026-03-14,CVE-2025-58362,7.5,2025-09-17T20:35:24.260
CVE-2025-58361,0.000390000,0.116900000,0.6503124276787781,2026-03-14,2026-03-14,CVE-2025-58361,9.3,2025-09-05T17:47:10.303
CVE-2025-58359,0.000340000,0.097610000,0.571395510298542,2026-03-14,2026-03-14,CVE-2025-58359,,2025-09-05T17:47:10.303
CVE-2025-58353,0.000390000,0.116900000,0.6503124276787781,2026-03-14,2026-03-14,CVE-2025-58353,8.2,2025-09-05T17:47:10.303
CVE-2025-58352,0.000460000,0.139180000,0.6989122888220319,2026-03-14,2026-03-14,CVE-2025-58352,6.5,2025-09-18T16:25:36.483
CVE-2025-58313,0.000060000,0.003620000,0.007868548947003009,2026-03-14,2026-03-14,CVE-2025-58313,2.5,2025-09-11T12:12:52.007
CVE-2025-58296,0.000060000,0.002920000,0.007868548947003009,2026-03-14,2026-03-14,CVE-2025-58296,4.7,2025-09-11T12:13:13.660
CVE-2025-58281,0.000100000,0.010780000,0.03633418190233742,2026-03-14,2026-03-14,CVE-2025-58281,5.5,2025-09-11T12:13:25.333
CVE-2025-58280,0.000590000,0.184440000,0.7644063874103216,2026-03-14,2026-03-14,CVE-2025-58280,5.5,2025-09-11T12:13:47.110
CVE-2025-58276,0.000100000,0.009780000,0.03633418190233742,2026-03-14,2026-03-14,CVE-2025-58276,5.5,2025-09-11T12:14:04.980
CVE-2025-58179,0.004290000,0.621850000,0.9606572552649849,2026-03-14,2026-03-14,CVE-2025-58179,6.5,2025-12-22T20:08:22.513
CVE-2025-55739,0.000980000,0.269630000,0.8544318444804443,2026-03-14,2026-03-14,CVE-2025-55739,,2025-09-05T17:47:10.303
CVE-2025-55671,0.000160000,0.035100000,0.23698218005091415,2026-03-14,2026-03-14,CVE-2025-55671,7.8,2025-09-05T17:47:10.303
CVE-2025-55305,0.000050000,0.002580000,0.0020828511918537375,2026-03-14,2026-03-14,CVE-2025-55305,6.1,2025-09-05T17:47:10.303
CVE-2025-55244,0.001010000,0.278590000,0.8581346910437399,2026-03-14,2026-03-14,CVE-2025-55244,9.0,2025-10-17T15:46:21.553
CVE-2025-55242,0.000880000,0.250510000,0.841240453598704,2026-03-14,2026-03-14,CVE-2025-55242,7.5,2025-09-18T16:32:57.687
CVE-2025-55241,0.001140000,0.298770000,0.8801203425133071,2026-03-14,2026-03-14,CVE-2025-55241,10.0,2025-09-24T19:15:37.787
CVE-2025-55238,0.001360000,0.331610000,0.8972460078685489,2026-03-14,2026-03-14,CVE-2025-55238,7.5,2025-09-10T17:00:19.680
CVE-2025-55209,0.000540000,0.168450000,0.738717889377459,2026-03-14,2026-03-14,CVE-2025-55209,,2025-09-05T17:47:10.303
CVE-2025-55190,0.071250000,0.914130000,0.9949085859754686,2026-03-14,2026-03-14,CVE-2025-55190,9.9,2025-09-19T15:20:53.823
CVE-2025-55037,0.004780000,0.646870000,0.9636658180976626,2026-03-14,2026-03-14,CVE-2025-55037,9.8,2025-09-05T17:47:10.303
CVE-2025-54914,0.001960000,0.413560000,0.9227030779912058,2026-03-14,2026-03-14,CVE-2025-54914,9.8,2025-10-20T19:21:37.337
CVE-2025-48581,0.000040000,0.001470000,0.0011571395510298543,2026-03-14,2026-03-14,CVE-2025-48581,8.4,2025-11-18T05:16:07.390
CVE-2025-48563,0.000060000,0.004080000,0.007868548947003009,2026-03-14,2026-03-14,CVE-2025-48563,7.8,2025-09-08T14:03:37.943
CVE-2025-48562,0.000060000,0.003720000,0.007868548947003009,2026-03-14,2026-03-14,CVE-2025-48562,5.0,2025-09-26T14:01:36.763
CVE-2025-48561,0.000100000,0.009660000,0.03633418190233742,2026-03-14,2026-03-14,CVE-2025-48561,5.5,2025-09-26T14:00:49.093
CVE-2025-48560,0.000050000,0.002320000,0.0020828511918537375,2026-03-14,2026-03-14,CVE-2025-48560,5.5,2025-09-08T14:04:18.790
CVE-2025-48559,0.000100000,0.009770000,0.03633418190233742,2026-03-14,2026-03-14,CVE-2025-48559,5.5,2025-09-05T19:02:15.230
CVE-2025-48558,0.000060000,0.003460000,0.007868548947003009,2026-03-14,2026-03-14,CVE-2025-48558,7.8,2025-09-05T19:02:24.653
CVE-2025-48556,0.000070000,0.005600000,0.017588521175653783,2026-03-14,2026-03-14,CVE-2025-48556,7.3,2025-09-05T19:02:34.320
CVE-2025-48554,0.000100000,0.009720000,0.03633418190233742,2026-03-14,2026-03-14,CVE-2025-48554,6.1,2025-09-05T19:02:44.690
CVE-2025-48553,0.000100000,0.009610000,0.03633418190233742,2026-03-14,2026-03-14,CVE-2025-48553,7.8,2025-09-08T16:38:10.970
CVE-2025-48552,0.000100000,0.009610000,0.03633418190233742,2026-03-14,2026-03-14,CVE-2025-48552,7.8,2025-09-08T16:38:23.923
CVE-2025-48551,0.000040000,0.001480000,0.0011571395510298543,2026-03-14,2026-03-14,CVE-2025-48551,5.0,2025-09-05T19:02:54.367
CVE-2025-48550,0.000120000,0.015590000,0.06017125665355242,2026-03-14,2026-03-14,CVE-2025-48550,5.5,2025-09-05T19:03:02.300
CVE-2025-48549,0.000070000,0.004680000,0.017588521175653783,2026-03-14,2026-03-14,CVE-2025-48549,7.8,2025-09-05T19:03:19.523
CVE-2025-48548,0.000060000,0.003930000,0.007868548947003009,2026-03-14,2026-03-14,CVE-2025-48548,7.3,2025-09-05T19:03:41.150
CVE-2025-48547,0.000070000,0.004650000,0.017588521175653783,2026-03-14,2026-03-14,CVE-2025-48547,7.3,2025-09-08T16:39:40.177
CVE-2025-48546,0.000090000,0.008110000,0.03031705623698218,2026-03-14,2026-03-14,CVE-2025-48546,7.8,2025-09-08T16:39:52.283
CVE-2025-48545,0.000060000,0.003080000,0.007868548947003009,2026-03-14,2026-03-14,CVE-2025-48545,7.1,2026-03-04T15:16:11.303
CVE-2025-48544,0.000060000,0.003870000,0.007868548947003009,2026-03-14,2026-03-14,CVE-2025-48544,7.8,2026-03-06T04:15:56.637
CVE-2025-48543,0.003100000,0.538870000,0.9465401527424208,2026-03-14,2026-03-14,CVE-2025-48543,8.8,2025-10-23T14:52:51.863
CVE-2025-48542,0.000090000,0.007720000,0.03031705623698218,2026-03-14,2026-03-14,CVE-2025-48542,5.5,2025-09-05T19:04:26.180
CVE-2025-48541,0.000100000,0.009390000,0.03633418190233742,2026-03-14,2026-03-14,CVE-2025-48541,7.8,2025-09-05T19:04:33.883
CVE-2025-48540,0.000120000,0.015840000,0.06017125665355242,2026-03-14,2026-03-14,CVE-2025-48540,7.8,2025-09-05T19:04:45.957
CVE-2025-48539,0.000110000,0.011800000,0.04813700532284194,2026-03-14,2026-03-14,CVE-2025-48539,8.0,2025-09-05T19:04:54.330
CVE-2025-48538,0.000080000,0.007060000,0.024299930571626938,2026-03-14,2026-03-14,CVE-2025-48538,5.5,2025-09-05T19:05:02.497
CVE-2025-48537,0.000100000,0.009390000,0.03633418190233742,2026-03-14,2026-03-14,CVE-2025-48537,7.1,2025-09-05T19:05:16.413
CVE-2025-48535,0.000980000,0.269570000,0.8544318444804443,2026-03-14,2026-03-14,CVE-2025-48535,7.8,2025-09-05T19:05:25.907
CVE-2025-48534,0.000600000,0.185650000,0.7711177968062949,2026-03-14,2026-03-14,CVE-2025-48534,8.8,2025-09-05T19:05:33.460
CVE-2025-48533,0.000040000,0.001500000,0.0011571395510298543,2026-03-14,2026-03-14,CVE-2025-48533,7.0,2025-09-05T19:05:42.783
CVE-2025-48532,0.000050000,0.001910000,0.0020828511918537375,2026-03-14,2026-03-14,CVE-2025-48532,7.3,2025-09-05T19:10:54.623
CVE-2025-48531,0.000100000,0.009280000,0.03633418190233742,2026-03-14,2026-03-14,CVE-2025-48531,7.8,2025-09-05T19:10:48.640
CVE-2025-48530,0.001340000,0.329420000,0.8944688729460772,2026-03-14,2026-03-14,CVE-2025-48530,8.1,2025-09-05T19:10:37.743
CVE-2025-48529,0.000050000,0.002320000,0.0020828511918537375,2026-03-14,2026-03-14,CVE-2025-48529,5.5,2025-09-05T19:10:30.733
CVE-2025-48528,0.000060000,0.003250000,0.007868548947003009,2026-03-14,2026-03-14,CVE-2025-48528,4.0,2025-09-05T19:10:19.983
CVE-2025-48527,0.000090000,0.008340000,0.03031705623698218,2026-03-14,2026-03-14,CVE-2025-48527,6.2,2025-09-05T19:10:11.137
CVE-2025-48526,0.000060000,0.003250000,0.007868548947003009,2026-03-14,2026-03-14,CVE-2025-48526,4.0,2025-09-05T19:15:31.657
CVE-2025-48524,0.000070000,0.005940000,0.017588521175653783,2026-03-14,2026-03-14,CVE-2025-48524,5.5,2025-09-08T14:04:43.763
CVE-2025-48523,0.000090000,0.008250000,0.03031705623698218,2026-03-14,2026-03-14,CVE-2025-48523,7.8,2025-09-05T19:15:19.957
CVE-2025-48522,0.000100000,0.009280000,0.03633418190233742,2026-03-14,2026-03-14,CVE-2025-48522,7.8,2025-09-08T16:40:27.910
CVE-2025-48395,0.000570000,0.177020000,0.7558435547327008,2026-03-14,2026-03-14,CVE-2025-48395,4.7,2025-09-05T17:47:10.303
CVE-2025-41408,0.000300000,0.084130000,0.515852811849109,2026-03-14,2026-03-14,CVE-2025-41408,4.3,2025-09-05T17:47:10.303
CVE-2025-32350,0.000060000,0.003460000,0.007868548947003009,2026-03-14,2026-03-14,CVE-2025-32350,7.8,2025-09-08T14:04:56.523
CVE-2025-32349,0.000080000,0.006980000,0.024299930571626938,2026-03-14,2026-03-14,CVE-2025-32349,7.8,2025-09-08T14:05:18.693
CVE-2025-32347,0.000060000,0.003460000,0.007868548947003009,2026-03-14,2026-03-14,CVE-2025-32347,7.8,2025-09-08T14:05:28.820
CVE-2025-32346,0.000060000,0.003460000,0.007868548947003009,2026-03-14,2026-03-14,CVE-2025-32346,7.8,2025-09-08T14:05:36.853
CVE-2025-32345,0.000090000,0.008250000,0.03031705623698218,2026-03-14,2026-03-14,CVE-2025-32345,7.8,2025-09-08T16:40:40.663
CVE-2025-32333,0.000090000,0.008250000,0.03031705623698218,2026-03-14,2026-03-14,CVE-2025-32333,7.8,2025-09-08T14:06:10.520
CVE-2025-32332,0.000060000,0.004080000,0.007868548947003009,2026-03-14,2026-03-14,CVE-2025-32332,7.8,2025-09-08T14:06:33.690
CVE-2025-32331,0.000100000,0.009280000,0.03633418190233742,2026-03-14,2026-03-14,CVE-2025-32331,7.8,2025-09-08T14:07:51.173
CVE-2025-32330,0.000090000,0.008130000,0.03031705623698218,2026-03-14,2026-03-14,CVE-2025-32330,5.7,2025-09-08T14:08:06.807
CVE-2025-32327,0.000060000,0.003870000,0.007868548947003009,2026-03-14,2026-03-14,CVE-2025-32327,7.8,2025-09-08T14:08:28.517
CVE-2025-32326,0.000060000,0.003460000,0.007868548947003009,2026-03-14,2026-03-14,CVE-2025-32326,7.8,2025-09-08T14:09:09.560
CVE-2025-32325,0.000060000,0.004080000,0.007868548947003009,2026-03-14,2026-03-14,CVE-2025-32325,7.8,2025-09-08T14:09:19.417
CVE-2025-32324,0.000060000,0.003460000,0.007868548947003009,2026-03-14,2026-03-14,CVE-2025-32324,7.8,2025-09-08T14:09:35.763
CVE-2025-32323,0.000100000,0.009390000,0.03633418190233742,2026-03-14,2026-03-14,CVE-2025-32323,7.8,2025-09-08T14:09:46.420
CVE-2025-32322,0.000100000,0.009390000,0.03633418190233742,2026-03-14,2026-03-14,CVE-2025-32322,7.8,2025-09-05T18:59:59.360
CVE-2025-32321,0.000060000,0.003460000,0.007868548947003009,2026-03-14,2026-03-14,CVE-2025-32321,7.8,2025-09-08T14:09:52.410
CVE-2025-32312,0.000750000,0.224650000,0.8143948160148113,2026-03-14,2026-03-14,CVE-2025-32312,7.8,2025-09-05T19:14:29.530
CVE-2025-26464,0.000100000,0.009280000,0.03633418190233742,2026-03-14,2026-03-14,CVE-2025-26464,7.8,2025-09-08T14:10:13.103
CVE-2025-26463,0.000100000,0.009580000,0.03633418190233742,2026-03-14,2026-03-14,CVE-2025-26463,5.5,2025-09-05T19:14:18.263
CVE-2025-26454,0.000080000,0.006980000,0.024299930571626938,2026-03-14,2026-03-14,CVE-2025-26454,7.8,2025-09-08T14:10:25.473
CVE-2025-26439,0.000100000,0.009280000,0.03633418190233742,2026-03-14,2026-03-14,CVE-2025-26439,7.8,2025-09-05T19:08:32.547
CVE-2025-26431,0.000100000,0.009280000,0.03633418190233742,2026-03-14,2026-03-14,CVE-2025-26431,7.8,2025-09-05T18:59:29.447
CVE-2025-26419,0.000070000,0.004410000,0.017588521175653783,2026-03-14,2026-03-14,CVE-2025-26419,3.3,2025-09-05T18:59:44.977
CVE-2025-22441,0.000050000,0.001910000,0.0020828511918537375,2026-03-14,2026-03-14,CVE-2025-22441,7.3,2025-09-05T19:15:07.143
CVE-2025-22415,0.000060000,0.003250000,0.007868548947003009,2026-03-14,2026-03-14,CVE-2025-22415,4.0,2025-09-05T19:08:58.430
CVE-2025-22414,0.000060000,0.003460000,0.007868548947003009,2026-03-14,2026-03-14,CVE-2025-22414,7.8,2025-09-05T19:08:51.160
CVE-2025-0089,0.000290000,0.080800000,0.4619301087711178,2026-03-14,2026-03-14,CVE-2025-0089,7.8,2025-09-08T16:40:54.243
CVE-2025-0076,0.000050000,0.002120000,0.0020828511918537375,2026-03-14,2026-03-14,CVE-2025-0076,3.3,2025-09-05T19:14:58.947
CVE-2024-49731,0.000090000,0.007940000,0.03031705623698218,2026-03-14,2026-03-14,CVE-2024-49731,4.0,2025-09-05T19:08:43.963
CVE-2024-49714,0.000070000,0.005470000,0.017588521175653783,2026-03-14,2026-03-14,CVE-2024-49714,7.8,2025-09-05T19:14:50.013
CVE-2024-40664,0.000940000,0.262700000,0.8516547095579727,2026-03-14,2026-03-14,CVE-2024-40664,6.2,2025-09-08T14:03:20.720
CVE-2025-58883,0.000270000,0.070820000,0.38764174959500114,2026-03-14,2026-03-14,CVE-2025-58883,5.9,2025-09-05T17:47:10.303
CVE-2025-58882,0.000290000,0.079130000,0.4619301087711178,2026-03-14,2026-03-14,CVE-2025-58882,6.5,2025-09-05T17:47:10.303
CVE-2025-58881,0.000340000,0.097710000,0.571395510298542,2026-03-14,2026-03-14,CVE-2025-58881,8.5,2025-09-05T17:47:10.303
CVE-2025-58880,0.000290000,0.079130000,0.4619301087711178,2026-03-14,2026-03-14,CVE-2025-58880,6.5,2025-09-05T17:47:10.303
CVE-2025-58878,0.000150000,0.027070000,0.15528812774820644,2026-03-14,2026-03-14,CVE-2025-58878,6.5,2025-09-05T17:47:10.303
CVE-2025-58876,0.000290000,0.079130000,0.4619301087711178,2026-03-14,2026-03-14,CVE-2025-58876,6.5,2025-09-05T17:47:10.303
CVE-2025-58875,0.000290000,0.079130000,0.4619301087711178,2026-03-14,2026-03-14,CVE-2025-58875,6.5,2025-09-05T17:47:10.303
CVE-2025-58874,0.000290000,0.079130000,0.4619301087711178,2026-03-14,2026-03-14,CVE-2025-58874,6.5,2025-09-05T17:47:10.303
CVE-2025-58873,0.000270000,0.070820000,0.38764174959500114,2026-03-14,2026-03-14,CVE-2025-58873,5.9,2025-09-05T17:47:10.303
CVE-2025-58872,0.000410000,0.123360000,0.6646609581115482,2026-03-14,2026-03-14,CVE-2025-58872,6.5,2025-09-05T17:47:10.303
CVE-2025-58871,0.000290000,0.079130000,0.4619301087711178,2026-03-14,2026-03-14,CVE-2025-58871,6.5,2025-09-05T17:47:10.303
CVE-2025-58870,0.000290000,0.079130000,0.4619301087711178,2026-03-14,2026-03-14,CVE-2025-58870,6.5,2025-09-05T17:47:10.303
CVE-2025-58869,0.000150000,0.030300000,0.15528812774820644,2026-03-14,2026-03-14,CVE-2025-58869,6.5,2025-09-05T17:47:10.303
CVE-2025-58868,0.000290000,0.079130000,0.4619301087711178,2026-03-14,2026-03-14,CVE-2025-58868,6.5,2025-09-05T17:47:10.303
CVE-2025-58867,0.000290000,0.079130000,0.4619301087711178,2026-03-14,2026-03-14,CVE-2025-58867,6.5,2025-09-05T17:47:10.303
CVE-2025-58866,0.000340000,0.096420000,0.571395510298542,2026-03-14,2026-03-14,CVE-2025-58866,2.7,2025-09-05T17:47:10.303
CVE-2025-58865,0.000150000,0.027070000,0.15528812774820644,2026-03-14,2026-03-14,CVE-2025-58865,4.3,2025-09-05T17:47:10.303
CVE-2025-58864,0.000290000,0.079130000,0.4619301087711178,2026-03-14,2026-03-14,CVE-2025-58864,6.5,2025-09-05T17:47:10.303
CVE-2025-58863,0.000290000,0.079130000,0.4619301087711178,2026-03-14,2026-03-14,CVE-2025-58863,6.5,2025-09-05T17:47:10.303
CVE-2025-58862,0.000290000,0.079130000,0.4619301087711178,2026-03-14,2026-03-14,CVE-2025-58862,6.5,2025-09-05T17:47:10.303
CVE-2025-58861,0.000150000,0.031030000,0.15528812774820644,2026-03-14,2026-03-14,CVE-2025-58861,7.1,2025-09-05T17:47:10.303
CVE-2025-58860,0.000150000,0.031030000,0.15528812774820644,2026-03-14,2026-03-14,CVE-2025-58860,7.1,2025-09-05T17:47:10.303
CVE-2025-58859,0.000150000,0.031030000,0.15528812774820644,2026-03-14,2026-03-14,CVE-2025-58859,7.1,2025-09-05T17:47:10.303
CVE-2025-58858,0.000290000,0.079130000,0.4619301087711178,2026-03-14,2026-03-14,CVE-2025-58858,6.5,2025-09-05T17:47:10.303
CVE-2025-58857,0.000290000,0.079960000,0.4619301087711178,2026-03-14,2026-03-14,CVE-2025-58857,7.1,2025-09-05T17:47:10.303
CVE-2025-58856,0.000250000,0.065130000,0.3596389724600787,2026-03-14,2026-03-14,CVE-2025-58856,6.5,2025-09-05T17:47:10.303
CVE-2025-58855,0.000290000,0.079960000,0.4619301087711178,2026-03-14,2026-03-14,CVE-2025-58855,7.1,2025-09-05T17:47:10.303
CVE-2025-58854,0.000150000,0.031030000,0.15528812774820644,2026-03-14,2026-03-14,CVE-2025-58854,7.1,2025-09-05T17:47:10.303
CVE-2025-58853,0.000150000,0.031030000,0.15528812774820644,2026-03-14,2026-03-14,CVE-2025-58853,7.1,2025-09-05T17:47:10.303
CVE-2025-58852,0.000150000,0.031030000,0.15528812774820644,2026-03-14,2026-03-14,CVE-2025-58852,7.1,2025-09-05T17:47:10.303
CVE-2025-58851,0.000290000,0.079130000,0.4619301087711178,2026-03-14,2026-03-14,CVE-2025-58851,6.5,2025-09-05T17:47:10.303
CVE-2025-58850,0.000290000,0.079130000,0.4619301087711178,2026-03-14,2026-03-14,CVE-2025-58850,6.5,2025-09-05T17:47:10.303
CVE-2025-58849,0.000150000,0.031030000,0.15528812774820644,2026-03-14,2026-03-14,CVE-2025-58849,7.1,2025-09-05T17:47:10.303
CVE-2025-58848,0.000150000,0.031030000,0.15528812774820644,2026-03-14,2026-03-14,CVE-2025-58848,7.1,2025-09-05T17:47:10.303
CVE-2025-58847,0.000150000,0.031030000,0.15528812774820644,2026-03-14,2026-03-14,CVE-2025-58847,7.1,2025-09-05T17:47:10.303
CVE-2025-58846,0.000150000,0.031030000,0.15528812774820644,2026-03-14,2026-03-14,CVE-2025-58846,7.1,2025-09-05T17:47:10.303
CVE-2025-58845,0.000150000,0.031030000,0.15528812774820644,2026-03-14,2026-03-14,CVE-2025-58845,7.1,2025-09-05T17:47:10.303
CVE-2025-58844,0.000150000,0.031030000,0.15528812774820644,2026-03-14,2026-03-14,CVE-2025-58844,7.1,2025-09-05T17:47:10.303
CVE-2025-58843,0.000150000,0.031030000,0.15528812774820644,2026-03-14,2026-03-14,CVE-2025-58843,7.1,2025-09-05T17:47:10.303
CVE-2025-58842,0.000290000,0.079130000,0.4619301087711178,2026-03-14,2026-03-14,CVE-2025-58842,6.5,2025-09-05T17:47:10.303
CVE-2025-58841,0.000480000,0.147450000,0.7095579726915066,2026-03-14,2026-03-14,CVE-2025-58841,5.5,2025-09-05T17:47:10.303
CVE-2025-58840,0.000290000,0.079130000,0.4619301087711178,2026-03-14,2026-03-14,CVE-2025-58840,6.5,2025-09-05T17:47:10.303
CVE-2025-58839,0.001090000,0.292110000,0.8710946540152742,2026-03-14,2026-03-14,CVE-2025-58839,7.2,2025-09-05T17:47:10.303
CVE-2025-58838,0.000290000,0.079130000,0.4619301087711178,2026-03-14,2026-03-14,CVE-2025-58838,6.5,2025-09-05T17:47:10.303
CVE-2025-58837,0.000290000,0.079130000,0.4619301087711178,2026-03-14,2026-03-14,CVE-2025-58837,6.5,2025-09-05T17:47:10.303
CVE-2025-58836,0.000290000,0.079130000,0.4619301087711178,2026-03-14,2026-03-14,CVE-2025-58836,6.5,2025-09-05T17:47:10.303
CVE-2025-58835,0.000590000,0.182580000,0.7644063874103216,2026-03-14,2026-03-14,CVE-2025-58835,5.3,2025-09-05T17:47:10.303
CVE-2025-58834,0.000290000,0.079130000,0.4619301087711178,2026-03-14,2026-03-14,CVE-2025-58834,6.5,2025-09-05T17:47:10.303
CVE-2025-58833,0.000190000,0.046800000,0.29946771580652626,2026-03-14,2026-03-14,CVE-2025-58833,8.8,2025-09-05T17:47:10.303
CVE-2025-58832,0.000270000,0.070820000,0.38764174959500114,2026-03-14,2026-03-14,CVE-2025-58832,5.9,2025-09-05T17:47:10.303
CVE-2025-58831,0.000300000,0.082720000,0.515852811849109,2026-03-14,2026-03-14,CVE-2025-58831,4.3,2025-09-05T17:47:10.303
CVE-2025-58830,0.000290000,0.079130000,0.4619301087711178,2026-03-14,2026-03-14,CVE-2025-58830,6.5,2025-09-05T17:47:10.303
CVE-2025-58829,0.000260000,0.066670000,0.3705160842397593,2026-03-14,2026-03-14,CVE-2025-58829,4.9,2025-09-05T17:47:10.303
CVE-2025-58828,0.000290000,0.079130000,0.4619301087711178,2026-03-14,2026-03-14,CVE-2025-58828,6.5,2025-09-05T17:47:10.303
CVE-2025-58827,0.000290000,0.078520000,0.4619301087711178,2026-03-14,2026-03-14,CVE-2025-58827,3.8,2025-09-05T17:47:10.303
CVE-2025-58826,0.000290000,0.079130000,0.4619301087711178,2026-03-14,2026-03-14,CVE-2025-58826,6.5,2025-09-05T17:47:10.303
CVE-2025-58825,0.000270000,0.070820000,0.38764174959500114,2026-03-14,2026-03-14,CVE-2025-58825,5.9,2025-09-05T17:47:10.303
CVE-2025-58824,0.000360000,0.102210000,0.60310113399676,2026-03-14,2026-03-14,CVE-2025-58824,4.3,2025-09-05T17:47:10.303
CVE-2025-58823,0.000290000,0.079130000,0.4619301087711178,2026-03-14,2026-03-14,CVE-2025-58823,6.5,2025-09-05T17:47:10.303
CVE-2025-58822,0.000290000,0.079130000,0.4619301087711178,2026-03-14,2026-03-14,CVE-2025-58822,6.5,2025-09-05T17:47:10.303
CVE-2025-58821,0.000270000,0.070820000,0.38764174959500114,2026-03-14,2026-03-14,CVE-2025-58821,5.9,2025-09-05T17:47:10.303
CVE-2025-58820,0.000270000,0.070820000,0.38764174959500114,2026-03-14,2026-03-14,CVE-2025-58820,5.9,2025-09-05T17:47:10.303
CVE-2025-58819,0.000560000,0.173490000,0.7495950011571395,2026-03-14,2026-03-14,CVE-2025-58819,9.1,2025-09-05T17:47:10.303
CVE-2025-58818,0.000160000,0.034520000,0.23698218005091415,2026-03-14,2026-03-14,CVE-2025-58818,5.4,2025-09-05T17:47:10.303
CVE-2025-58817,0.000360000,0.102210000,0.60310113399676,2026-03-14,2026-03-14,CVE-2025-58817,4.3,2025-09-05T17:47:10.303
CVE-2025-58816,0.000320000,0.091090000,0.5459384401758852,2026-03-14,2026-03-14,CVE-2025-58816,3.5,2025-09-05T17:47:10.303
CVE-2025-58815,0.001090000,0.292110000,0.8710946540152742,2026-03-14,2026-03-14,CVE-2025-58815,7.2,2025-09-05T17:47:10.303
CVE-2025-58814,0.000290000,0.079130000,0.4619301087711178,2026-03-14,2026-03-14,CVE-2025-58814,6.5,2025-09-05T17:47:10.303
CVE-2025-58813,0.000360000,0.102210000,0.60310113399676,2026-03-14,2026-03-14,CVE-2025-58813,4.3,2025-09-05T17:47:10.303
CVE-2025-58812,0.000290000,0.079130000,0.4619301087711178,2026-03-14,2026-03-14,CVE-2025-58812,6.5,2025-09-05T17:47:10.303
CVE-2025-58811,0.000270000,0.070820000,0.38764174959500114,2026-03-14,2026-03-14,CVE-2025-58811,5.9,2025-09-05T17:47:10.303
CVE-2025-58810,0.000270000,0.070820000,0.38764174959500114,2026-03-14,2026-03-14,CVE-2025-58810,5.9,2025-09-05T17:47:10.303
CVE-2025-58809,0.000150000,0.031030000,0.15528812774820644,2026-03-14,2026-03-14,CVE-2025-58809,7.1,2025-09-05T17:47:10.303
CVE-2025-58808,0.000290000,0.079130000,0.4619301087711178,2026-03-14,2026-03-14,CVE-2025-58808,6.5,2025-09-05T17:47:10.303
CVE-2025-58807,0.000150000,0.031030000,0.15528812774820644,2026-03-14,2026-03-14,CVE-2025-58807,7.1,2025-09-05T17:47:10.303
CVE-2025-58806,0.000150000,0.031030000,0.15528812774820644,2026-03-14,2026-03-14,CVE-2025-58806,7.1,2025-09-05T17:47:10.303
CVE-2025-58805,0.000270000,0.070820000,0.38764174959500114,2026-03-14,2026-03-14,CVE-2025-58805,5.9,2025-09-05T17:47:10.303
CVE-2025-58804,0.000150000,0.027070000,0.15528812774820644,2026-03-14,2026-03-14,CVE-2025-58804,4.3,2025-09-05T17:47:10.303
CVE-2025-58802,0.000150000,0.027070000,0.15528812774820644,2026-03-14,2026-03-14,CVE-2025-58802,4.3,2025-09-05T17:47:10.303
CVE-2025-58801,0.000160000,0.034520000,0.23698218005091415,2026-03-14,2026-03-14,CVE-2025-58801,5.4,2025-09-05T17:47:10.303
CVE-2025-58800,0.000150000,0.027070000,0.15528812774820644,2026-03-14,2026-03-14,CVE-2025-58800,4.3,2025-09-05T17:47:10.303
CVE-2025-58799,0.000150000,0.027070000,0.15528812774820644,2026-03-14,2026-03-14,CVE-2025-58799,4.3,2025-09-05T17:47:10.303
CVE-2025-58798,0.000150000,0.027070000,0.15528812774820644,2026-03-14,2026-03-14,CVE-2025-58798,4.3,2025-09-05T17:47:10.303
CVE-2025-58797,0.000370000,0.108140000,0.6213839389030317,2026-03-14,2026-03-14,CVE-2025-58797,5.3,2025-09-05T17:47:10.303
CVE-2025-58796,0.000290000,0.079130000,0.4619301087711178,2026-03-14,2026-03-14,CVE-2025-58796,6.5,2025-09-05T17:47:10.303
CVE-2025-58795,0.000280000,0.077130000,0.42814163388104604,2026-03-14,2026-03-14,CVE-2025-58795,4.3,2025-09-15T12:15:33.283
CVE-2025-58794,0.000150000,0.027070000,0.15528812774820644,2026-03-14,2026-03-14,CVE-2025-58794,4.3,2025-09-05T17:47:10.303
CVE-2025-58793,0.000290000,0.079130000,0.4619301087711178,2026-03-14,2026-03-14,CVE-2025-58793,6.5,2025-09-05T17:47:10.303
CVE-2025-58792,0.000150000,0.027070000,0.15528812774820644,2026-03-14,2026-03-14,CVE-2025-58792,4.3,2025-09-05T17:47:10.303
CVE-2025-58791,0.000270000,0.070820000,0.38764174959500114,2026-03-14,2026-03-14,CVE-2025-58791,5.9,2025-09-05T17:47:10.303
CVE-2025-58790,0.000290000,0.079130000,0.4619301087711178,2026-03-14,2026-03-14,CVE-2025-58790,6.5,2025-09-05T17:47:10.303
CVE-2025-58789,0.000320000,0.088550000,0.5459384401758852,2026-03-14,2026-03-14,CVE-2025-58789,7.6,2025-09-05T17:47:10.303
CVE-2025-58788,0.000320000,0.088550000,0.5459384401758852,2026-03-14,2026-03-14,CVE-2025-58788,7.6,2025-09-05T17:47:10.303
CVE-2025-58787,0.000290000,0.079130000,0.4619301087711178,2026-03-14,2026-03-14,CVE-2025-58787,6.5,2025-09-05T17:47:10.303
CVE-2025-58786,0.000290000,0.079130000,0.4619301087711178,2026-03-14,2026-03-14,CVE-2025-58786,6.5,2025-09-05T17:47:10.303
CVE-2025-58785,0.000510000,0.156210000,0.7248322147651006,2026-03-14,2026-03-14,CVE-2025-58785,5.4,2025-09-05T17:47:10.303
CVE-2025-58784,0.000290000,0.079130000,0.4619301087711178,2026-03-14,2026-03-14,CVE-2025-58784,6.5,2025-09-05T17:47:10.303
CVE-2025-58783,0.000360000,0.102210000,0.60310113399676,2026-03-14,2026-03-14,CVE-2025-58783,4.3,2025-09-05T17:47:10.303
CVE-2025-10011,0.000320000,0.089320000,0.5459384401758852,2026-03-14,2026-03-14,CVE-2025-10011,8.8,2025-09-26T12:45:25.380
CVE-2024-21977,0.000140000,0.023400000,0.11409395973154363,2026-03-14,2026-03-14,CVE-2024-21977,3.2,2025-09-05T17:47:10.303
CVE-2025-9999,0.000280000,0.074350000,0.42814163388104604,2026-03-14,2026-03-14,CVE-2025-9999,,2025-09-05T17:47:10.303
CVE-2025-9998,0.000230000,0.059080000,0.3323304790557741,2026-03-14,2026-03-14,CVE-2025-9998,,2025-09-05T17:47:10.303
CVE-2025-9709,0.000270000,0.070050000,0.38764174959500114,2026-03-14,2026-03-14,CVE-2025-9709,,2025-09-08T16:25:38.810
CVE-2025-9057,0.000290000,0.080940000,0.4619301087711178,2026-03-14,2026-03-14,CVE-2025-9057,6.4,2025-09-08T16:25:38.810
CVE-2025-8695,0.000310000,0.084460000,0.5299699143716732,2026-03-14,2026-03-14,CVE-2025-8695,5.4,2025-09-05T17:47:10.303
CVE-2025-58887,0.000290000,0.079130000,0.4619301087711178,2026-03-14,2026-03-14,CVE-2025-58887,6.5,2025-09-05T17:47:10.303
CVE-2025-58886,0.000270000,0.070820000,0.38764174959500114,2026-03-14,2026-03-14,CVE-2025-58886,5.9,2025-09-05T17:47:10.303
CVE-2025-58884,0.000270000,0.070820000,0.38764174959500114,2026-03-14,2026-03-14,CVE-2025-58884,5.9,2025-09-05T17:47:10.303
CVE-2025-58780,0.000630000,0.193280000,0.7801434853043278,2026-03-14,2026-03-14,CVE-2025-58780,7.2,2025-09-08T21:15:34.090
CVE-2025-58628,0.000350000,0.098590000,0.5912983105762555,2026-03-14,2026-03-14,CVE-2025-58628,9.3,2025-09-05T17:47:10.303
CVE-2025-58214,0.001100000,0.293060000,0.8754917843091877,2026-03-14,2026-03-14,CVE-2025-58214,8.1,2025-09-05T17:47:10.303
CVE-2025-58206,0.001100000,0.293060000,0.8754917843091877,2026-03-14,2026-03-14,CVE-2025-58206,9.8,2026-01-28T19:09:37.380
CVE-2025-57889,0.001090000,0.291450000,0.8710946540152742,2026-03-14,2026-03-14,CVE-2025-57889,7.5,2025-09-05T17:47:10.303
CVE-2025-54744,0.000360000,0.102210000,0.60310113399676,2026-03-14,2026-03-14,CVE-2025-54744,6.5,2025-09-05T17:47:10.303
CVE-2025-53571,0.000360000,0.102210000,0.60310113399676,2026-03-14,2026-03-14,CVE-2025-53571,6.5,2025-09-05T17:47:10.303
CVE-2025-53307,0.000290000,0.079960000,0.4619301087711178,2026-03-14,2026-03-14,CVE-2025-53307,7.1,2025-09-05T17:47:10.303
CVE-2025-49401,0.001010000,0.278980000,0.8581346910437399,2026-03-14,2026-03-14,CVE-2025-49401,9.8,2025-09-05T17:47:10.303
CVE-2025-48317,0.000670000,0.206760000,0.7910205970840083,2026-03-14,2026-03-14,CVE-2025-48317,7.5,2025-09-05T17:47:10.303
CVE-2025-48105,0.000290000,0.079130000,0.4619301087711178,2026-03-14,2026-03-14,CVE-2025-48105,6.5,2025-09-05T17:47:10.303
CVE-2025-48104,0.000150000,0.031030000,0.15528812774820644,2026-03-14,2026-03-14,CVE-2025-48104,7.1,2025-09-05T17:47:10.303
CVE-2025-48103,0.000290000,0.079130000,0.4619301087711178,2026-03-14,2026-03-14,CVE-2025-48103,6.5,2025-09-05T17:47:10.303
CVE-2025-48102,0.000270000,0.070820000,0.38764174959500114,2026-03-14,2026-03-14,CVE-2025-48102,5.9,2025-09-05T17:47:10.303
CVE-2025-39726,0.000120000,0.015410000,0.06017125665355242,2026-03-14,2026-03-14,CVE-2025-39726,4.7,2025-11-25T18:05:49.350
CVE-2025-39725,0.000120000,0.017340000,0.06017125665355242,2026-03-14,2026-03-14,CVE-2025-39725,5.5,2025-11-25T21:01:10.547
CVE-2025-39724,0.000150000,0.028160000,0.15528812774820644,2026-03-14,2026-03-14,CVE-2025-39724,5.5,2026-01-12T15:53:14.970
CVE-2025-39723,0.000120000,0.017650000,0.06017125665355242,2026-03-14,2026-03-14,CVE-2025-39723,7.8,2025-11-25T21:01:02.797
CVE-2025-39722,0.000120000,0.017340000,0.06017125665355242,2026-03-14,2026-03-14,CVE-2025-39722,5.5,2025-11-25T17:44:11.147
CVE-2025-39721,0.000210000,0.053940000,0.31798194862300394,2026-03-14,2026-03-14,CVE-2025-39721,5.5,2026-02-06T17:16:16.957
CVE-2025-39720,0.000150000,0.030270000,0.15528812774820644,2026-03-14,2026-03-14,CVE-2025-39720,5.5,2025-11-25T17:46:33.250
CVE-2025-39719,0.000150000,0.029480000,0.15528812774820644,2026-03-14,2026-03-14,CVE-2025-39719,7.1,2026-01-07T19:31:27.070
CVE-2025-39718,0.000150000,0.028110000,0.15528812774820644,2026-03-14,2026-03-14,CVE-2025-39718,5.5,2026-01-07T19:34:27.017
CVE-2025-39717,0.000180000,0.044880000,0.2735477898634575,2026-03-14,2026-03-14,CVE-2025-39717,7.8,2025-11-25T17:48:11.943
CVE-2025-39716,0.000150000,0.028110000,0.15528812774820644,2026-03-14,2026-03-14,CVE-2025-39716,5.5,2026-01-07T19:41:50.223
CVE-2025-39715,0.000150000,0.028110000,0.15528812774820644,2026-03-14,2026-03-14,CVE-2025-39715,5.5,2026-01-07T19:43:02.637
CVE-2025-39714,0.000140000,0.024460000,0.11409395973154363,2026-03-14,2026-03-14,CVE-2025-39714,5.5,2026-01-12T15:54:10.717
CVE-2025-39713,0.000110000,0.012710000,0.04813700532284194,2026-03-14,2026-03-14,CVE-2025-39713,4.7,2026-01-07T20:39:57.930
CVE-2025-39712,0.000140000,0.025150000,0.11409395973154363,2026-03-14,2026-03-14,CVE-2025-39712,5.5,2025-11-25T20:56:08.080
CVE-2025-39711,0.000160000,0.033070000,0.23698218005091415,2026-03-14,2026-03-14,CVE-2025-39711,7.8,2025-11-25T21:16:06.437
CVE-2025-39710,0.000090000,0.008910000,0.03031705623698218,2026-03-14,2026-03-14,CVE-2025-39710,7.1,2026-01-12T15:54:26.087
CVE-2025-39709,0.000140000,0.024460000,0.11409395973154363,2026-03-14,2026-03-14,CVE-2025-39709,5.5,2026-01-08T16:19:09.033
CVE-2025-39708,0.000180000,0.044530000,0.2735477898634575,2026-03-14,2026-03-14,CVE-2025-39708,5.5,2025-11-25T21:15:53.460
CVE-2025-39707,0.000120000,0.017340000,0.06017125665355242,2026-03-14,2026-03-14,CVE-2025-39707,5.5,2025-11-25T21:15:47.960
CVE-2025-39706,0.000150000,0.028110000,0.15528812774820644,2026-03-14,2026-03-14,CVE-2025-39706,5.5,2026-01-08T16:22:52.880
CVE-2025-39705,0.000120000,0.017340000,0.06017125665355242,2026-03-14,2026-03-14,CVE-2025-39705,5.5,2025-11-25T21:15:42.683
CVE-2025-39704,0.000080000,0.006570000,0.024299930571626938,2026-03-14,2026-03-14,CVE-2025-39704,5.5,2025-11-25T21:15:34.557
CVE-2025-39703,0.000140000,0.024460000,0.11409395973154363,2026-03-14,2026-03-14,CVE-2025-39703,5.5,2026-01-08T16:26:22.407
CVE-2025-39702,0.000180000,0.043480000,0.2735477898634575,2026-03-14,2026-03-14,CVE-2025-39702,7.0,2026-02-06T17:16:16.813
CVE-2025-39701,0.000150000,0.029480000,0.15528812774820644,2026-03-14,2026-03-14,CVE-2025-39701,7.8,2026-01-08T16:04:14.680
CVE-2025-39700,0.000190000,0.045090000,0.29946771580652626,2026-03-14,2026-03-14,CVE-2025-39700,5.5,2025-11-25T21:15:03.620
CVE-2025-39699,0.000180000,0.044530000,0.2735477898634575,2026-03-14,2026-03-14,CVE-2025-39699,5.5,2025-11-25T21:13:40.067
CVE-2025-39698,0.000200000,0.048920000,0.31080768340661885,2026-03-14,2026-03-14,CVE-2025-39698,5.5,2025-11-25T21:31:12.100
CVE-2025-39697,0.000110000,0.012710000,0.04813700532284194,2026-03-14,2026-03-14,CVE-2025-39697,4.7,2026-01-08T16:09:27.373
CVE-2025-39696,0.000220000,0.054730000,0.32399907428835917,2026-03-14,2026-03-14,CVE-2025-39696,5.5,2025-11-25T21:30:13.343
CVE-2025-39695,0.000120000,0.017340000,0.06017125665355242,2026-03-14,2026-03-14,CVE-2025-39695,5.5,2025-11-25T21:29:51.113
CVE-2025-39694,0.000150000,0.028110000,0.15528812774820644,2026-03-14,2026-03-14,CVE-2025-39694,5.5,2026-01-07T20:32:47.337
CVE-2025-39693,0.000150000,0.028110000,0.15528812774820644,2026-03-14,2026-03-14,CVE-2025-39693,5.5,2026-01-07T21:48:20.617
CVE-2025-39692,0.000150000,0.028110000,0.15528812774820644,2026-03-14,2026-03-14,CVE-2025-39692,5.5,2026-01-08T16:09:58.750
CVE-2025-39691,0.000140000,0.025600000,0.11409395973154363,2026-03-14,2026-03-14,CVE-2025-39691,7.8,2026-01-08T16:10:25.087
CVE-2025-39690,0.000180000,0.044530000,0.2735477898634575,2026-03-14,2026-03-14,CVE-2025-39690,5.5,2025-11-25T21:29:08.727
CVE-2025-39689,0.000140000,0.025600000,0.11409395973154363,2026-03-14,2026-03-14,CVE-2025-39689,7.8,2026-01-08T14:52:36.620
CVE-2025-39687,0.000140000,0.025600000,0.11409395973154363,2026-03-14,2026-03-14,CVE-2025-39687,7.1,2026-01-27T16:29:14.520
CVE-2025-39686,0.000150000,0.029480000,0.15528812774820644,2026-03-14,2026-03-14,CVE-2025-39686,7.8,2026-01-08T15:08:56.220
CVE-2025-39685,0.000150000,0.029480000,0.15528812774820644,2026-03-14,2026-03-14,CVE-2025-39685,7.1,2026-01-08T15:11:32.483
CVE-2025-39684,0.000150000,0.026390000,0.15528812774820644,2026-03-14,2026-03-14,CVE-2025-39684,5.5,2026-01-08T15:17:40.103
CVE-2025-39683,0.000140000,0.025600000,0.11409395973154363,2026-03-14,2026-03-14,CVE-2025-39683,7.1,2026-01-08T15:32:49.737
CVE-2025-39682,0.000070000,0.006000000,0.017588521175653783,2026-03-14,2026-03-14,CVE-2025-39682,7.1,2026-01-27T16:28:55.243
CVE-2025-39681,0.000140000,0.024460000,0.11409395973154363,2026-03-14,2026-03-14,CVE-2025-39681,5.5,2026-01-08T15:33:38.437
CVE-2025-39680,0.000220000,0.055270000,0.32399907428835917,2026-03-14,2026-03-14,CVE-2025-39680,7.1,2025-11-25T21:29:02.230
CVE-2025-39679,0.000150000,0.030270000,0.15528812774820644,2026-03-14,2026-03-14,CVE-2025-39679,5.5,2025-11-25T21:28:54.547
CVE-2025-39678,0.000120000,0.017340000,0.06017125665355242,2026-03-14,2026-03-14,CVE-2025-39678,5.5,2025-11-25T21:28:44.973
CVE-2025-39677,0.000180000,0.044530000,0.2735477898634575,2026-03-14,2026-03-14,CVE-2025-39677,5.5,2025-11-25T21:28:36.563
CVE-2025-39676,0.000140000,0.024460000,0.11409395973154363,2026-03-14,2026-03-14,CVE-2025-39676,5.5,2026-01-07T21:50:27.650
CVE-2025-39675,0.000150000,0.028110000,0.15528812774820644,2026-03-14,2026-03-14,CVE-2025-39675,5.5,2026-01-07T21:51:02.960
CVE-2025-39674,0.000180000,0.044530000,0.2735477898634575,2026-03-14,2026-03-14,CVE-2025-39674,5.5,2025-11-25T21:28:05.853
CVE-2025-39673,0.000120000,0.014290000,0.06017125665355242,2026-03-14,2026-03-14,CVE-2025-39673,4.7,2026-01-07T20:40:51.040
CVE-2025-38737,0.000120000,0.017340000,0.06017125665355242,2026-03-14,2026-03-14,CVE-2025-38737,5.5,2025-11-25T22:03:13.657
CVE-2025-38736,0.000150000,0.029480000,0.15528812774820644,2026-03-14,2026-03-14,CVE-2025-38736,7.1,2026-01-08T15:34:43.467
CVE-2025-38735,0.000150000,0.028110000,0.15528812774820644,2026-03-14,2026-03-14,CVE-2025-38735,5.5,2026-01-08T15:37:10.163
CVE-2025-38734,0.000160000,0.034140000,0.23698218005091415,2026-03-14,2026-03-14,CVE-2025-38734,7.8,2025-11-25T21:59:17.530
CVE-2025-38733,0.000120000,0.017340000,0.06017125665355242,2026-03-14,2026-03-14,CVE-2025-38733,5.5,2025-11-25T21:59:04.250
CVE-2025-38732,0.000140000,0.024460000,0.11409395973154363,2026-03-14,2026-03-14,CVE-2025-38732,5.5,2026-01-09T22:12:37.037
CVE-2025-38731,0.000180000,0.044880000,0.2735477898634575,2026-03-14,2026-03-14,CVE-2025-38731,7.8,2025-11-25T21:51:00.783
CVE-2025-35452,0.001400000,0.337990000,0.8995602869706086,2026-03-14,2026-03-14,CVE-2025-35452,9.8,2025-12-23T17:08:13.470
CVE-2025-35451,0.001530000,0.358790000,0.9055774126359639,2026-03-14,2026-03-14,CVE-2025-35451,9.8,2026-01-14T15:33:46.617
CVE-2025-32320,0.000060000,0.003460000,0.007868548947003009,2026-03-14,2026-03-14,CVE-2025-32320,7.8,2025-09-08T16:39:26.370
CVE-2025-32318,0.000800000,0.235920000,0.8268919231659339,2026-03-14,2026-03-14,CVE-2025-32318,8.8,2025-09-08T16:39:18.520
CVE-2025-32317,0.000050000,0.002320000,0.0020828511918537375,2026-03-14,2026-03-14,CVE-2025-32317,5.5,2025-09-08T16:39:05.173
CVE-2025-32316,0.000050000,0.002690000,0.0020828511918537375,2026-03-14,2026-03-14,CVE-2025-32316,5.5,2025-09-08T16:38:55.070
CVE-2025-30200,0.000130000,0.020340000,0.09789400601712567,2026-03-14,2026-03-14,CVE-2025-30200,6.3,2025-09-23T17:12:03.670
CVE-2025-30199,0.000290000,0.079320000,0.4619301087711178,2026-03-14,2026-03-14,CVE-2025-30199,7.2,2025-09-23T17:11:48.730
CVE-2025-30198,0.000210000,0.051850000,0.31798194862300394,2026-03-14,2026-03-14,CVE-2025-30198,6.3,2025-09-23T17:11:29.170
CVE-2025-27003,0.000150000,0.027070000,0.15528812774820644,2026-03-14,2026-03-14,CVE-2025-27003,4.3,2025-09-05T17:47:10.303
CVE-2025-26461,0.000080000,0.006530000,0.024299930571626938,2026-03-14,2026-03-14,CVE-2025-26461,3.3,2025-09-08T16:38:50.637
CVE-2025-26434,0.000050000,0.002690000,0.0020828511918537375,2026-03-14,2026-03-14,CVE-2025-26434,5.5,2025-09-08T16:38:44.803
CVE-2025-10026,0.000270000,0.071780000,0.38764174959500114,2026-03-14,2026-03-14,CVE-2025-10026,6.1,2025-09-10T16:45:15.147
CVE-2025-10025,0.000280000,0.076260000,0.42814163388104604,2026-03-14,2026-03-14,CVE-2025-10025,9.8,2025-09-10T16:47:06.400
CVE-2025-10014,0.000340000,0.097650000,0.571395510298542,2026-03-14,2026-03-14,CVE-2025-10014,3.1,2025-10-31T14:47:01.837
CVE-2025-10013,0.000410000,0.123130000,0.6646609581115482,2026-03-14,2026-03-14,CVE-2025-10013,6.3,2025-09-08T14:25:56.210
CVE-2025-10012,0.000320000,0.089320000,0.5459384401758852,2026-03-14,2026-03-14,CVE-2025-10012,8.8,2025-09-08T14:24:12.217
CVE-2024-0028,0.000050000,0.002320000,0.0020828511918537375,2026-03-14,2026-03-14,CVE-2024-0028,5.5,2025-09-08T16:38:34.340
CVE-2025-9961,0.001480000,0.350850000,0.9034945614441101,2026-03-14,2026-03-14,CVE-2025-9961,,2025-09-08T16:25:38.810
CVE-2025-9853,0.000310000,0.087430000,0.5299699143716732,2026-03-14,2026-03-14,CVE-2025-9853,6.4,2025-09-08T16:25:38.810
CVE-2025-9849,0.000370000,0.107700000,0.6213839389030317,2026-03-14,2026-03-14,CVE-2025-9849,5.3,2025-09-08T16:25:38.810
CVE-2025-9566,0.000490000,0.151860000,0.7137236750752141,2026-03-14,2026-03-14,CVE-2025-9566,8.1,2026-02-16T14:16:17.187
CVE-2025-9515,0.001900000,0.407740000,0.920851654709558,2026-03-14,2026-03-14,CVE-2025-9515,7.2,2025-09-08T16:25:38.810
CVE-2025-9493,0.000370000,0.106570000,0.6213839389030317,2026-03-14,2026-03-14,CVE-2025-9493,6.4,2025-09-08T16:25:38.810
CVE-2025-9442,0.000370000,0.106570000,0.6213839389030317,2026-03-14,2026-03-14,CVE-2025-9442,6.4,2025-09-08T16:25:38.810
CVE-2025-9126,0.000410000,0.122310000,0.6646609581115482,2026-03-14,2026-03-14,CVE-2025-9126,6.4,2025-09-08T16:25:38.810
CVE-2025-9085,0.000280000,0.077470000,0.42814163388104604,2026-03-14,2026-03-14,CVE-2025-9085,4.9,2025-09-08T16:25:38.810
CVE-2025-8722,0.000370000,0.106570000,0.6213839389030317,2026-03-14,2026-03-14,CVE-2025-8722,6.4,2025-09-08T16:25:38.810
CVE-2025-8564,0.000310000,0.087430000,0.5299699143716732,2026-03-14,2026-03-14,CVE-2025-8564,6.4,2025-09-08T16:25:38.810
CVE-2025-8360,0.000310000,0.087430000,0.5299699143716732,2026-03-14,2026-03-14,CVE-2025-8360,6.4,2025-09-08T16:25:38.810
CVE-2025-8359,0.005260000,0.667070000,0.9671372367507521,2026-03-14,2026-03-14,CVE-2025-8359,9.8,2025-09-08T16:25:38.810
CVE-2025-8149,0.000310000,0.087430000,0.5299699143716732,2026-03-14,2026-03-14,CVE-2025-8149,6.4,2025-09-08T16:25:38.810
CVE-2025-7368,0.000500000,0.152870000,0.7192779449201574,2026-03-14,2026-03-14,CVE-2025-7368,5.3,2025-09-08T16:25:38.810
CVE-2025-7366,0.002940000,0.523680000,0.9435315899097431,2026-03-14,2026-03-14,CVE-2025-7366,7.3,2025-09-08T16:25:38.810
CVE-2025-7045,0.004550000,0.635230000,0.9625086785466327,2026-03-14,2026-03-14,CVE-2025-7045,6.5,2025-09-08T16:25:38.810
CVE-2025-7040,0.001320000,0.325720000,0.8935431613052535,2026-03-14,2026-03-14,CVE-2025-7040,8.2,2025-09-08T16:25:38.810
CVE-2025-6757,0.000370000,0.106570000,0.6213839389030317,2026-03-14,2026-03-14,CVE-2025-6757,6.4,2025-09-08T16:25:38.810
CVE-2025-6067,0.000310000,0.087430000,0.5299699143716732,2026-03-14,2026-03-14,CVE-2025-6067,6.4,2025-09-08T16:25:38.810
CVE-2025-58446,0.000910000,0.256090000,0.8477204350844711,2026-03-14,2026-03-14,CVE-2025-58446,7.5,2025-09-18T15:57:02.380
CVE-2025-58445,0.000660000,0.203520000,0.7880120342513307,2026-03-14,2026-03-14,CVE-2025-58445,7.5,2025-09-10T19:43:08.493
CVE-2025-58443,0.096090000,0.927740000,0.9960657255264985,2026-03-14,2026-03-14,CVE-2025-58443,9.1,2025-09-29T13:49:57.557
CVE-2025-58439,0.000350000,0.100200000,0.5912983105762555,2026-03-14,2026-03-14,CVE-2025-58439,9.1,2025-10-27T18:03:37.790
CVE-2025-58438,0.016180000,0.816030000,0.984262902105994,2026-03-14,2026-03-14,CVE-2025-58438,,2025-11-03T19:16:14.203
CVE-2025-58437,0.000420000,0.127040000,0.6739180745197871,2026-03-14,2026-03-14,CVE-2025-58437,8.1,2025-10-17T13:54:43.823
CVE-2025-58374,0.000260000,0.068230000,0.3705160842397593,2026-03-14,2026-03-14,CVE-2025-58374,7.8,2025-09-15T18:07:55.513
CVE-2025-58373,0.000260000,0.066750000,0.3705160842397593,2026-03-14,2026-03-14,CVE-2025-58373,6.5,2025-09-15T18:08:02.383
CVE-2025-58372,0.000600000,0.186080000,0.7711177968062949,2026-03-14,2026-03-14,CVE-2025-58372,9.8,2025-09-15T18:08:35.817
CVE-2025-58371,0.004190000,0.615490000,0.959731543624161,2026-03-14,2026-03-14,CVE-2025-58371,9.8,2025-09-15T18:08:40.367
CVE-2025-58370,0.001420000,0.340540000,0.9009488544318445,2026-03-14,2026-03-14,CVE-2025-58370,8.1,2025-09-10T15:11:46.347
CVE-2025-58369,0.001800000,0.394480000,0.9166859523258505,2026-03-14,2026-03-14,CVE-2025-58369,5.3,2025-11-07T12:15:34.797
CVE-2025-58367,0.010150000,0.769360000,0.9763943531589909,2026-03-14,2026-03-14,CVE-2025-58367,,2025-09-08T16:25:38.810
CVE-2025-58366,0.000710000,0.216260000,0.8012034251330711,2026-03-14,2026-03-14,CVE-2025-58366,,2025-09-08T16:25:38.810
CVE-2025-57807,0.000420000,0.125930000,0.6739180745197871,2026-03-14,2026-03-14,CVE-2025-57807,9.8,2025-11-03T19:16:12.893
CVE-2025-53791,0.000550000,0.171420000,0.7428835917611664,2026-03-14,2026-03-14,CVE-2025-53791,4.7,2025-09-10T16:00:24.180
CVE-2025-48042,0.000550000,0.170670000,0.7428835917611664,2026-03-14,2026-03-14,CVE-2025-48042,,2025-09-08T16:25:38.810
CVE-2025-39734,0.000150000,0.028110000,0.15528812774820644,2026-03-14,2026-03-14,CVE-2025-39734,5.5,2026-01-12T15:42:48.370
CVE-2025-39733,0.000120000,0.017340000,0.06017125665355242,2026-03-14,2026-03-14,CVE-2025-39733,5.5,2025-11-25T17:50:56.983
CVE-2025-39732,0.000150000,0.030270000,0.15528812774820644,2026-03-14,2026-03-14,CVE-2025-39732,5.5,2025-11-25T17:52:03.647
CVE-2025-39731,0.000150000,0.028110000,0.15528812774820644,2026-03-14,2026-03-14,CVE-2025-39731,5.5,2026-01-07T21:46:42.980
CVE-2025-39730,0.000170000,0.039650000,0.2561906965980097,2026-03-14,2026-03-14,CVE-2025-39730,7.8,2026-01-12T15:47:00.787
CVE-2025-39729,0.000180000,0.044530000,0.2735477898634575,2026-03-14,2026-03-14,CVE-2025-39729,5.5,2025-11-25T17:55:42.410
CVE-2025-39727,0.000160000,0.033070000,0.23698218005091415,2026-03-14,2026-03-14,CVE-2025-39727,7.8,2025-11-25T17:59:53.117
CVE-2025-36100,0.000090000,0.008640000,0.03031705623698218,2026-03-14,2026-03-14,CVE-2025-36100,5.5,2025-12-19T15:01:03.107
CVE-2025-10079,0.000290000,0.079790000,0.4619301087711178,2026-03-14,2026-03-14,CVE-2025-10079,9.8,2025-09-18T15:54:38.660
CVE-2025-10078,0.000280000,0.076260000,0.42814163388104604,2026-03-14,2026-03-14,CVE-2025-10078,9.8,2025-09-09T16:51:49.687
CVE-2025-10077,0.000290000,0.079790000,0.4619301087711178,2026-03-14,2026-03-14,CVE-2025-10077,9.8,2025-09-09T15:52:50.727
CVE-2025-10076,0.000290000,0.079790000,0.4619301087711178,2026-03-14,2026-03-14,CVE-2025-10076,9.8,2025-09-09T15:52:43.040
CVE-2025-10075,0.000270000,0.070290000,0.38764174959500114,2026-03-14,2026-03-14,CVE-2025-10075,5.4,2025-09-09T15:52:25.713
CVE-2025-10074,0.000320000,0.088440000,0.5459384401758852,2026-03-14,2026-03-14,CVE-2025-10074,5.4,2025-09-09T15:52:14.107
CVE-2025-10073,0.000290000,0.079200000,0.4619301087711178,2026-03-14,2026-03-14,CVE-2025-10073,4.3,2025-09-09T15:52:05.773
CVE-2025-10072,0.000410000,0.123130000,0.6646609581115482,2026-03-14,2026-03-14,CVE-2025-10072,6.3,2025-09-09T15:51:44.783
CVE-2025-10071,0.000410000,0.123130000,0.6646609581115482,2026-03-14,2026-03-14,CVE-2025-10071,6.3,2025-09-09T15:45:12.823
CVE-2025-10070,0.000410000,0.123130000,0.6646609581115482,2026-03-14,2026-03-14,CVE-2025-10070,6.3,2025-09-09T15:44:41.517
CVE-2025-10068,0.000280000,0.076260000,0.42814163388104604,2026-03-14,2026-03-14,CVE-2025-10068,9.8,2025-09-09T16:54:56.577
CVE-2025-10067,0.000350000,0.099910000,0.5912983105762555,2026-03-14,2026-03-14,CVE-2025-10067,6.1,2025-09-09T17:00:43.287
CVE-2025-10066,0.000350000,0.099910000,0.5912983105762555,2026-03-14,2026-03-14,CVE-2025-10066,6.1,2025-09-09T17:52:12.487
CVE-2025-10065,0.000350000,0.099910000,0.5912983105762555,2026-03-14,2026-03-14,CVE-2025-10065,6.1,2025-09-09T17:57:06.247
CVE-2025-10064,0.000350000,0.099910000,0.5912983105762555,2026-03-14,2026-03-14,CVE-2025-10064,6.1,2025-09-10T19:25:02.577
CVE-2025-10063,0.000350000,0.099910000,0.5912983105762555,2026-03-14,2026-03-14,CVE-2025-10063,6.1,2025-09-10T19:39:23.587
CVE-2025-10062,0.000290000,0.079790000,0.4619301087711178,2026-03-14,2026-03-14,CVE-2025-10062,9.8,2025-09-09T15:43:56.757
CVE-2025-10061,0.001080000,0.290460000,0.8692432307336265,2026-03-14,2026-03-14,CVE-2025-10061,6.5,2025-11-13T16:58:52.193
CVE-2025-10060,0.002950000,0.525300000,0.9437630178199491,2026-03-14,2026-03-14,CVE-2025-10060,7.5,2025-09-18T16:14:27.200
CVE-2025-10059,0.000510000,0.156790000,0.7248322147651006,2026-03-14,2026-03-14,CVE-2025-10059,6.5,2025-09-22T16:55:12.757
CVE-2025-10046,0.001130000,0.298540000,0.8791946308724832,2026-03-14,2026-03-14,CVE-2025-10046,4.9,2025-09-08T16:25:38.810
CVE-2025-10044,0.000340000,0.097890000,0.571395510298542,2026-03-14,2026-03-14,CVE-2025-10044,4.3,2025-12-19T22:15:50.230
CVE-2025-10034,0.002080000,0.430560000,0.9264059245545013,2026-03-14,2026-03-14,CVE-2025-10034,9.8,2025-09-29T18:29:06.463
CVE-2025-10033,0.000280000,0.076260000,0.42814163388104604,2026-03-14,2026-03-14,CVE-2025-10033,9.8,2025-09-10T19:44:00.340
CVE-2025-10032,0.000430000,0.130390000,0.6794723443647304,2026-03-14,2026-03-14,CVE-2025-10032,6.1,2025-09-10T18:16:30.280
CVE-2025-10031,0.000280000,0.076260000,0.42814163388104604,2026-03-14,2026-03-14,CVE-2025-10031,9.8,2025-09-10T18:16:12.827
CVE-2025-10030,0.000280000,0.076260000,0.42814163388104604,2026-03-14,2026-03-14,CVE-2025-10030,9.8,2025-09-10T18:15:37.933
CVE-2025-10029,0.000270000,0.071780000,0.38764174959500114,2026-03-14,2026-03-14,CVE-2025-10029,6.1,2025-09-10T19:46:51.947
CVE-2025-10028,0.000270000,0.071780000,0.38764174959500114,2026-03-14,2026-03-14,CVE-2025-10028,6.1,2025-09-10T19:49:13.320
CVE-2025-10027,0.000270000,0.071780000,0.38764174959500114,2026-03-14,2026-03-14,CVE-2025-10027,6.1,2025-09-10T15:56:17.327
CVE-2025-10003,0.000710000,0.216510000,0.8012034251330711,2026-03-14,2026-03-14,CVE-2025-10003,6.5,2025-09-08T16:25:38.810
CVE-2025-0034,0.000170000,0.036400000,0.2561906965980097,2026-03-14,2026-03-14,CVE-2025-0034,4.7,2025-09-08T16:25:38.810
CVE-2025-0032,0.000100000,0.009940000,0.03633418190233742,2026-03-14,2026-03-14,CVE-2025-0032,7.2,2025-09-08T16:25:38.810
CVE-2025-0011,0.000190000,0.045150000,0.29946771580652626,2026-03-14,2026-03-14,CVE-2025-0011,3.3,2025-09-08T16:25:38.810
CVE-2025-0010,0.000130000,0.020530000,0.09789400601712567,2026-03-14,2026-03-14,CVE-2025-0010,6.1,2025-09-08T16:25:38.810
CVE-2025-0009,0.000180000,0.044530000,0.2735477898634575,2026-03-14,2026-03-14,CVE-2025-0009,5.5,2025-09-08T16:25:38.810
CVE-2024-36354,0.000110000,0.012620000,0.04813700532284194,2026-03-14,2026-03-14,CVE-2024-36354,7.5,2025-09-23T22:15:33.817
CVE-2024-36352,0.000240000,0.059970000,0.3401990280027771,2026-03-14,2026-03-14,CVE-2024-36352,8.4,2025-09-08T16:25:38.810
CVE-2024-36346,0.000260000,0.066760000,0.3705160842397593,2026-03-14,2026-03-14,CVE-2024-36346,6.0,2025-09-08T16:25:38.810
CVE-2024-36342,0.000290000,0.080180000,0.4619301087711178,2026-03-14,2026-03-14,CVE-2024-36342,8.8,2025-09-23T22:15:33.657
CVE-2024-36331,0.000170000,0.039450000,0.2561906965980097,2026-03-14,2026-03-14,CVE-2024-36331,3.2,2025-11-03T18:15:41.813
CVE-2024-36326,0.000150000,0.031290000,0.15528812774820644,2026-03-14,2026-03-14,CVE-2024-36326,8.4,2025-09-08T16:25:38.810
CVE-2024-21970,0.000150000,0.031280000,0.15528812774820644,2026-03-14,2026-03-14,CVE-2024-21970,4.4,2025-09-08T16:25:38.810
CVE-2024-21947,0.000120000,0.017830000,0.06017125665355242,2026-03-14,2026-03-14,CVE-2024-21947,7.5,2025-09-23T22:15:33.333
CVE-2023-31365,0.000130000,0.020040000,0.09789400601712567,2026-03-14,2026-03-14,CVE-2023-31365,3.9,2025-09-08T16:25:38.810
CVE-2023-31351,0.000120000,0.014570000,0.06017125665355242,2026-03-14,2026-03-14,CVE-2023-31351,5.3,2025-09-08T16:25:38.810
CVE-2023-31330,0.000110000,0.013060000,0.04813700532284194,2026-03-14,2026-03-14,CVE-2023-31330,2.5,2025-09-08T16:25:38.810
CVE-2023-31326,0.000110000,0.012240000,0.04813700532284194,2026-03-14,2026-03-14,CVE-2023-31326,2.8,2025-09-08T16:25:38.810
CVE-2023-31325,0.000120000,0.014770000,0.06017125665355242,2026-03-14,2026-03-14,CVE-2023-31325,7.2,2025-09-08T16:25:38.810
CVE-2023-31322,0.000190000,0.045950000,0.29946771580652626,2026-03-14,2026-03-14,CVE-2023-31322,8.7,2025-09-08T16:25:38.810
CVE-2023-31306,0.000190000,0.045500000,0.29946771580652626,2026-03-14,2026-03-14,CVE-2023-31306,3.3,2025-09-08T16:25:38.810
CVE-2023-20516,0.000240000,0.060130000,0.3401990280027771,2026-03-14,2026-03-14,CVE-2023-20516,3.3,2025-09-08T16:25:38.810
CVE-2021-46750,0.000110000,0.012570000,0.04813700532284194,2026-03-14,2026-03-14,CVE-2021-46750,3.0,2025-09-08T16:25:38.810
CVE-2021-26383,0.000110000,0.012920000,0.04813700532284194,2026-03-14,2026-03-14,CVE-2021-26383,7.9,2025-09-08T16:25:38.810
CVE-2021-26377,0.000150000,0.028660000,0.15528812774820644,2026-03-14,2026-03-14,CVE-2021-26377,4.1,2025-09-08T16:25:38.810
CVE-2025-9114,0.002770000,0.508350000,0.9407544549872715,2026-03-14,2026-03-14,CVE-2025-9114,9.8,2025-09-09T16:28:43.660
CVE-2025-9113,0.004570000,0.636330000,0.9627401064568387,2026-03-14,2026-03-14,CVE-2025-9113,9.8,2025-09-09T16:28:43.660
CVE-2025-9112,0.001890000,0.405490000,0.920388798889146,2026-03-14,2026-03-14,CVE-2025-9112,8.8,2025-09-09T16:28:43.660
CVE-2025-8085,0.180660000,0.950750000,0.9967600092571164,2026-03-14,2026-03-14,CVE-2025-8085,8.6,2026-02-09T18:19:09.703
CVE-2025-7709,0.000430000,0.128080000,0.6794723443647304,2026-03-14,2026-03-14,CVE-2025-7709,,2025-11-18T23:15:58.500
CVE-2025-5993,0.004350000,0.625520000,0.9618143948160148,2026-03-14,2026-03-14,CVE-2025-5993,,2025-09-08T16:25:38.810
CVE-2025-59033,0.000360000,0.105330000,0.60310113399676,2026-03-14,2026-03-14,CVE-2025-59033,7.4,2025-11-17T16:15:48.010
CVE-2025-58782,0.005220000,0.665560000,0.9666743809303402,2026-03-14,2026-03-14,CVE-2025-58782,6.5,2025-11-19T16:17:33.997
CVE-2025-58757,0.006130000,0.695300000,0.9703772274936358,2026-03-14,2026-03-14,CVE-2025-58757,8.8,2025-09-19T15:26:11.050
CVE-2025-58756,0.012290000,0.789640000,0.9805600555426984,2026-03-14,2026-03-14,CVE-2025-58756,8.8,2025-09-19T15:26:29.890
CVE-2025-58755,0.001190000,0.306680000,0.8847489007174265,2026-03-14,2026-03-14,CVE-2025-58755,8.8,2025-09-19T15:25:37.963
CVE-2025-58752,0.000160000,0.034950000,0.23698218005091415,2026-03-14,2026-03-14,CVE-2025-58752,5.3,2025-09-17T16:12:20.913
CVE-2025-58751,0.014210000,0.803980000,0.9833371904651701,2026-03-14,2026-03-14,CVE-2025-58751,5.3,2025-09-17T16:21:36.240
CVE-2025-58746,0.000360000,0.102750000,0.60310113399676,2026-03-14,2026-03-14,CVE-2025-58746,9.0,2025-09-09T16:28:43.660
CVE-2025-58745,0.002190000,0.442760000,0.9273316361953251,2026-03-14,2026-03-14,CVE-2025-58745,8.8,2025-09-17T16:24:10.920
CVE-2025-58454,0.000500000,0.155270000,0.7192779449201574,2026-03-14,2026-03-14,CVE-2025-58454,8.2,2025-09-17T16:29:29.123
CVE-2025-58453,0.000500000,0.155270000,0.7192779449201574,2026-03-14,2026-03-14,CVE-2025-58453,8.2,2025-09-17T16:31:24.797
CVE-2025-58452,0.000330000,0.093680000,0.5660726683638047,2026-03-14,2026-03-14,CVE-2025-58452,6.1,2025-09-17T16:35:57.123
CVE-2025-58451,0.001210000,0.309470000,0.8859060402684564,2026-03-14,2026-03-14,CVE-2025-58451,,2025-09-09T16:28:43.660
CVE-2025-58450,0.000350000,0.100330000,0.5912983105762555,2026-03-14,2026-03-14,CVE-2025-58450,,2025-09-09T16:28:43.660
CVE-2025-58449,0.000920000,0.258890000,0.849340430455913,2026-03-14,2026-03-14,CVE-2025-58449,,2025-09-09T16:28:43.660
CVE-2025-58444,0.000230000,0.059220000,0.3323304790557741,2026-03-14,2026-03-14,CVE-2025-58444,,2025-09-09T16:28:43.660
CVE-2025-58422,0.000200000,0.048870000,0.31080768340661885,2026-03-14,2026-03-14,CVE-2025-58422,3.1,2025-09-08T16:25:38.810
CVE-2025-58365,0.003450000,0.567440000,0.9504744272159222,2026-03-14,2026-03-14,CVE-2025-58365,,2025-09-09T16:28:43.660
CVE-2025-57817,0.000670000,0.205320000,0.7910205970840083,2026-03-14,2026-03-14,CVE-2025-57817,7.2,2025-09-10T18:41:28.043
CVE-2025-57816,0.000410000,0.121510000,0.6646609581115482,2026-03-14,2026-03-14,CVE-2025-57816,7.5,2025-09-10T18:42:17.857
CVE-2025-57815,0.000590000,0.183990000,0.7644063874103216,2026-03-14,2026-03-14,CVE-2025-57815,6.5,2025-09-10T18:43:41.397
CVE-2025-57766,0.000450000,0.135730000,0.6917380236056468,2026-03-14,2026-03-14,CVE-2025-57766,4.8,2025-09-10T18:44:37.507
CVE-2025-57285,0.013200000,0.796800000,0.9821800509141403,2026-03-14,2026-03-14,CVE-2025-57285,9.8,2025-09-12T20:37:59.793
CVE-2025-57141,0.007400000,0.726660000,0.9724600786854894,2026-03-14,2026-03-14,CVE-2025-57141,9.8,2025-09-12T20:57:24.853
CVE-2025-56630,0.000310000,0.085840000,0.5299699143716732,2026-03-14,2026-03-14,CVE-2025-56630,7.3,2025-09-08T20:36:30.930
CVE-2025-56267,0.001160000,0.302850000,0.8831289053459848,2026-03-14,2026-03-14,CVE-2025-56267,9.8,2025-09-12T20:42:47.967
CVE-2025-56266,0.056630000,0.902450000,0.9928257347836149,2026-03-14,2026-03-14,CVE-2025-56266,9.8,2025-09-12T20:44:33.150
CVE-2025-56265,0.000600000,0.185410000,0.7711177968062949,2026-03-14,2026-03-14,CVE-2025-56265,8.8,2025-09-12T20:47:21.743
CVE-2025-55998,0.000350000,0.100070000,0.5912983105762555,2026-03-14,2026-03-14,CVE-2025-55998,8.1,2025-09-29T18:15:32.637
CVE-2025-55849,0.000320000,0.090440000,0.5459384401758852,2026-03-14,2026-03-14,CVE-2025-55849,8.4,2025-10-09T18:21:11.407
CVE-2025-54994,0.002610000,0.492570000,0.9372830363341819,2026-03-14,2026-03-14,CVE-2025-54994,,2025-09-09T16:28:43.660
CVE-2025-53838,0.000330000,0.091830000,0.5660726683638047,2026-03-14,2026-03-14,CVE-2025-53838,5.4,2025-10-06T15:02:15.163
CVE-2025-52389,0.000710000,0.214980000,0.8012034251330711,2026-03-14,2026-03-14,CVE-2025-52389,8.8,2025-09-09T16:28:43.660
CVE-2025-52288,0.001910000,0.408260000,0.9213145105299699,2026-03-14,2026-03-14,CVE-2025-52288,7.5,2025-10-09T18:19:21.320
CVE-2025-52161,0.000710000,0.215850000,0.8012034251330711,2026-03-14,2026-03-14,CVE-2025-52161,9.8,2025-09-12T21:00:29.540
CVE-2025-51586,0.007650000,0.732020000,0.9731543624161074,2026-03-14,2026-03-14,CVE-2025-51586,3.7,2025-09-12T20:49:23.253
CVE-2025-43763,0.000350000,0.099100000,0.5912983105762555,2026-03-14,2026-03-14,CVE-2025-43763,6.5,2025-12-12T20:27:55.020
CVE-2025-43722,0.000140000,0.024050000,0.11409395973154363,2026-03-14,2026-03-14,CVE-2025-43722,6.7,2026-02-20T18:38:47.087
CVE-2025-42912,0.000360000,0.102210000,0.60310113399676,2026-03-14,2026-03-14,CVE-2025-42912,6.5,2025-09-09T16:28:43.660
CVE-2025-42911,0.000340000,0.095920000,0.571395510298542,2026-03-14,2026-03-14,CVE-2025-42911,4.3,2025-10-23T12:45:48.857
CVE-2025-41708,0.000430000,0.130410000,0.6794723443647304,2026-03-14,2026-03-14,CVE-2025-41708,7.4,2025-09-08T16:25:38.810
CVE-2025-41682,0.000560000,0.173070000,0.7495950011571395,2026-03-14,2026-03-14,CVE-2025-41682,8.8,2025-09-08T16:25:38.810
CVE-2025-41664,0.000910000,0.255930000,0.8477204350844711,2026-03-14,2026-03-14,CVE-2025-41664,7.5,2025-09-08T16:25:38.810
CVE-2025-40930,0.000960000,0.265590000,0.8532747049294145,2026-03-14,2026-03-14,CVE-2025-40930,7.5,2025-11-04T22:16:12.810
CVE-2025-40929,0.000530000,0.165020000,0.7345521869937515,2026-03-14,2026-03-14,CVE-2025-40929,5.6,2025-11-04T22:16:12.663
CVE-2025-40928,0.001200000,0.308020000,0.8856746123582504,2026-03-14,2026-03-14,CVE-2025-40928,7.5,2025-11-04T22:16:12.510
CVE-2025-40642,0.003400000,0.563800000,0.9495487155750983,2026-03-14,2026-03-14,CVE-2025-40642,,2025-09-08T16:25:38.810
CVE-2025-40641,0.001900000,0.407180000,0.920851654709558,2026-03-14,2026-03-14,CVE-2025-40641,,2025-09-08T16:25:38.810
CVE-2025-36855,0.000760000,0.226180000,0.8162462392964591,2026-03-14,2026-03-14,CVE-2025-36855,8.8,2025-09-08T16:25:38.810
CVE-2025-36854,0.001080000,0.289910000,0.8692432307336265,2026-03-14,2026-03-14,CVE-2025-36854,8.1,2025-09-08T16:25:38.810
CVE-2025-36853,0.001010000,0.278160000,0.8581346910437399,2026-03-14,2026-03-14,CVE-2025-36853,7.5,2025-09-08T16:25:38.810
CVE-2025-3212,0.000590000,0.182090000,0.7644063874103216,2026-03-14,2026-03-14,CVE-2025-3212,5.3,2025-12-18T15:42:39.857
CVE-2025-22956,0.000610000,0.189440000,0.7755149271002083,2026-03-14,2026-03-14,CVE-2025-22956,9.8,2025-09-09T18:15:32.870
CVE-2025-1761,0.000330000,0.094540000,0.5660726683638047,2026-03-14,2026-03-14,CVE-2025-1761,7.5,2025-09-17T16:41:04.240
CVE-2025-10121,0.000250000,0.063580000,0.3596389724600787,2026-03-14,2026-03-14,CVE-2025-10121,6.3,2025-09-09T16:28:43.660
CVE-2025-10120,0.003710000,0.585650000,0.9534829900485998,2026-03-14,2026-03-14,CVE-2025-10120,8.8,2025-09-10T16:41:54.140
CVE-2025-10118,0.000380000,0.111890000,0.634343901874566,2026-03-14,2026-03-14,CVE-2025-10118,9.8,2025-09-10T16:42:55.187
CVE-2025-10117,0.000270000,0.071780000,0.38764174959500114,2026-03-14,2026-03-14,CVE-2025-10117,5.4,2025-09-10T16:43:43.853
CVE-2025-10116,0.000440000,0.132480000,0.6854894700300856,2026-03-14,2026-03-14,CVE-2025-10116,7.3,2025-09-09T16:28:43.660
CVE-2025-10115,0.000260000,0.069320000,0.3705160842397593,2026-03-14,2026-03-14,CVE-2025-10115,7.3,2025-09-09T16:28:43.660
CVE-2025-10114,0.000290000,0.079790000,0.4619301087711178,2026-03-14,2026-03-14,CVE-2025-10114,9.8,2025-09-10T16:44:28.623
CVE-2025-10113,0.000380000,0.111890000,0.634343901874566,2026-03-14,2026-03-14,CVE-2025-10113,9.8,2025-09-10T16:44:08.300
CVE-2025-10112,0.000280000,0.076260000,0.42814163388104604,2026-03-14,2026-03-14,CVE-2025-10112,9.8,2025-09-10T16:44:43.440
CVE-2025-10111,0.000280000,0.076260000,0.42814163388104604,2026-03-14,2026-03-14,CVE-2025-10111,9.8,2025-09-10T16:41:34.427
CVE-2025-10110,0.000310000,0.085780000,0.5299699143716732,2026-03-14,2026-03-14,CVE-2025-10110,8.8,2025-09-10T16:41:18.860
CVE-2025-10109,0.000280000,0.076260000,0.42814163388104604,2026-03-14,2026-03-14,CVE-2025-10109,9.8,2025-09-10T16:41:44.920
CVE-2025-10108,0.000280000,0.076260000,0.42814163388104604,2026-03-14,2026-03-14,CVE-2025-10108,9.8,2025-09-10T18:02:55.213
CVE-2025-10106,0.000300000,0.082350000,0.515852811849109,2026-03-14,2026-03-14,CVE-2025-10106,8.8,2025-09-10T18:06:28.050
CVE-2025-10105,0.000300000,0.082350000,0.515852811849109,2026-03-14,2026-03-14,CVE-2025-10105,8.8,2025-09-10T18:05:59.417
CVE-2025-10104,0.000280000,0.076260000,0.42814163388104604,2026-03-14,2026-03-14,CVE-2025-10104,9.8,2025-11-13T15:55:10.843
CVE-2025-10103,0.000280000,0.076260000,0.42814163388104604,2026-03-14,2026-03-14,CVE-2025-10103,9.8,2025-11-13T15:57:08.600
CVE-2025-10102,0.000280000,0.076260000,0.42814163388104604,2026-03-14,2026-03-14,CVE-2025-10102,9.8,2025-11-13T15:59:35.050
CVE-2025-10100,0.000280000,0.076260000,0.42814163388104604,2026-03-14,2026-03-14,CVE-2025-10100,9.8,2025-09-12T20:47:57.507
CVE-2025-10099,0.000380000,0.111040000,0.634343901874566,2026-03-14,2026-03-14,CVE-2025-10099,4.8,2025-09-11T15:39:42.777
CVE-2025-10098,0.000270000,0.072550000,0.38764174959500114,2026-03-14,2026-03-14,CVE-2025-10098,8.8,2025-09-12T20:52:00.780
CVE-2025-10097,0.000380000,0.112440000,0.634343901874566,2026-03-14,2026-03-14,CVE-2025-10097,9.8,2026-03-10T15:08:16.603
CVE-2025-10096,0.000570000,0.176070000,0.7558435547327008,2026-03-14,2026-03-14,CVE-2025-10096,6.5,2025-11-14T20:32:04.760
CVE-2025-10093,0.000550000,0.169260000,0.7428835917611664,2026-03-14,2026-03-14,CVE-2025-10093,7.5,2025-09-29T18:27:40.350
CVE-2025-10092,0.000340000,0.095020000,0.571395510298542,2026-03-14,2026-03-14,CVE-2025-10092,9.8,2025-10-09T18:41:19.333
CVE-2025-10091,0.000340000,0.095020000,0.571395510298542,2026-03-14,2026-03-14,CVE-2025-10091,9.8,2025-10-09T18:49:48.293
CVE-2025-10090,0.013040000,0.795650000,0.9819486230039343,2026-03-14,2026-03-14,CVE-2025-10090,9.8,2025-10-09T18:50:28.127
CVE-2025-10088,0.000270000,0.071780000,0.38764174959500114,2026-03-14,2026-03-14,CVE-2025-10088,5.4,2025-09-08T20:38:45.420
CVE-2025-10087,0.000260000,0.067190000,0.3705160842397593,2026-03-14,2026-03-14,CVE-2025-10087,7.2,2025-11-17T19:05:33.057
CVE-2025-10086,0.000410000,0.120970000,0.6646609581115482,2026-03-14,2026-03-14,CVE-2025-10086,6.3,2025-10-09T20:44:25.740
CVE-2025-10085,0.000460000,0.140250000,0.6989122888220319,2026-03-14,2026-03-14,CVE-2025-10085,8.8,2025-11-17T19:05:40.370
CVE-2025-10084,0.000260000,0.067790000,0.3705160842397593,2026-03-14,2026-03-14,CVE-2025-10084,4.3,2025-10-31T14:41:38.347
CVE-2025-10083,0.000570000,0.176910000,0.7558435547327008,2026-03-14,2026-03-14,CVE-2025-10083,8.8,2025-11-17T19:05:35.693
CVE-2025-10082,0.000280000,0.076260000,0.42814163388104604,2026-03-14,2026-03-14,CVE-2025-10082,9.8,2025-09-09T16:32:56.007
CVE-2025-10081,0.000520000,0.160450000,0.7308493404304559,2026-03-14,2026-03-14,CVE-2025-10081,7.2,2025-11-17T19:05:44.620
CVE-2025-10080,0.000270000,0.072980000,0.38764174959500114,2026-03-14,2026-03-14,CVE-2025-10080,3.1,2025-09-08T16:25:38.810
CVE-2024-48341,0.000200000,0.050200000,0.31080768340661885,2026-03-14,2026-03-14,CVE-2024-48341,3.7,2025-09-18T15:42:05.877
CVE-2022-50238,0.000390000,0.114710000,0.6503124276787781,2026-03-14,2026-03-14,CVE-2022-50238,7.4,2025-11-17T16:15:43.917
CVE-2019-25225,0.000400000,0.118810000,0.6570238370747512,2026-03-14,2026-03-14,CVE-2019-25225,6.1,2025-09-19T15:18:42.913
CVE-2014-125128,0.000400000,0.118810000,0.6570238370747512,2026-03-14,2026-03-14,CVE-2014-125128,6.1,2025-09-19T15:14:35.680
CVE-2025-9994,0.000900000,0.253800000,0.8470261513538533,2026-03-14,2026-03-14,CVE-2025-9994,9.8,2025-11-03T19:16:18.503
CVE-2025-9951,0.003400000,0.563850000,0.9495487155750983,2026-03-14,2026-03-14,CVE-2025-9951,,2025-09-09T16:28:43.660
CVE-2025-9872,0.009990000,0.767480000,0.976162925248785,2026-03-14,2026-03-14,CVE-2025-9872,8.8,2025-10-10T19:24:34.123
CVE-2025-9712,0.010850000,0.776690000,0.9780143485304328,2026-03-14,2026-03-14,CVE-2025-9712,8.8,2025-10-10T19:25:42.520
CVE-2025-9542,0.000400000,0.120560000,0.6570238370747512,2026-03-14,2026-03-14,CVE-2025-9542,5.4,2025-09-09T16:28:43.660
CVE-2025-9539,0.001400000,0.338340000,0.8995602869706086,2026-03-14,2026-03-14,CVE-2025-9539,8.0,2025-09-09T16:28:43.660
CVE-2025-9489,0.000490000,0.150540000,0.7137236750752141,2026-03-14,2026-03-14,CVE-2025-9489,5.0,2025-09-09T16:28:43.660
CVE-2025-9364,0.000180000,0.041440000,0.2735477898634575,2026-03-14,2026-03-14,CVE-2025-9364,8.8,2025-09-10T14:09:05.267
CVE-2025-9166,0.001010000,0.278570000,0.8581346910437399,2026-03-14,2026-03-14,CVE-2025-9166,7.5,2025-10-20T19:05:29.813
CVE-2025-9161,0.000770000,0.229600000,0.8180976625781069,2026-03-14,2026-03-14,CVE-2025-9161,8.8,2025-10-20T19:11:17.067
CVE-2025-9160,0.000270000,0.071030000,0.38764174959500114,2026-03-14,2026-03-14,CVE-2025-9160,,2025-09-09T16:28:43.660
CVE-2025-9111,0.000540000,0.167490000,0.738717889377459,2026-03-14,2026-03-14,CVE-2025-9111,3.5,2025-11-13T21:15:55.120
CVE-2025-9065,0.000310000,0.085870000,0.5299699143716732,2026-03-14,2026-03-14,CVE-2025-9065,8.8,2025-10-20T19:17:27.270
CVE-2025-9061,0.000290000,0.080940000,0.4619301087711178,2026-03-14,2026-03-14,CVE-2025-9061,6.4,2025-09-09T16:28:43.660
CVE-2025-9058,0.000290000,0.080940000,0.4619301087711178,2026-03-14,2026-03-14,CVE-2025-9058,6.4,2025-09-09T16:28:43.660
CVE-2025-8889,0.000470000,0.143540000,0.7042351307567692,2026-03-14,2026-03-14,CVE-2025-8889,3.8,2026-01-30T20:38:51.963
CVE-2025-8712,0.006480000,0.704850000,0.9713029391344596,2026-03-14,2026-03-14,CVE-2025-8712,5.4,2025-09-24T19:56:42.603
CVE-2025-8711,0.000870000,0.249390000,0.8396204582272622,2026-03-14,2026-03-14,CVE-2025-8711,5.4,2025-09-24T19:58:44.190
CVE-2025-8277,0.000520000,0.159510000,0.7308493404304559,2026-03-14,2026-03-14,CVE-2025-8277,3.1,2025-09-09T16:28:43.660
CVE-2025-8008,0.000340000,0.096010000,0.571395510298542,2026-03-14,2026-03-14,CVE-2025-8008,6.5,2025-09-17T15:42:27.340
CVE-2025-8007,0.000510000,0.158190000,0.7248322147651006,2026-03-14,2026-03-14,CVE-2025-8007,6.5,2025-09-17T15:47:58.823
CVE-2025-7970,0.000560000,0.174980000,0.7495950011571395,2026-03-14,2026-03-14,CVE-2025-7970,7.5,2025-09-17T15:59:35.430
CVE-2025-7350,0.004600000,0.638060000,0.9632029622772507,2026-03-14,2026-03-14,CVE-2025-7350,,2025-09-09T16:28:43.660
CVE-2025-59019,0.000420000,0.126600000,0.6739180745197871,2026-03-14,2026-03-14,CVE-2025-59019,4.3,2025-09-26T14:09:51.020
CVE-2025-59018,0.000470000,0.143890000,0.7042351307567692,2026-03-14,2026-03-14,CVE-2025-59018,6.5,2025-09-26T14:08:37.780
CVE-2025-59017,0.000670000,0.206190000,0.7910205970840083,2026-03-14,2026-03-14,CVE-2025-59017,8.8,2025-09-10T13:44:43.430
CVE-2025-59016,0.000420000,0.126600000,0.6739180745197871,2026-03-14,2026-03-14,CVE-2025-59016,4.3,2025-09-10T13:43:46.577
CVE-2025-59015,0.000340000,0.095250000,0.571395510298542,2026-03-14,2026-03-14,CVE-2025-59015,6.5,2025-09-10T13:42:59.310
CVE-2025-59014,0.000210000,0.053770000,0.31798194862300394,2026-03-14,2026-03-14,CVE-2025-59014,2.7,2025-09-10T13:40:09.090
CVE-2025-59013,0.000330000,0.091440000,0.5660726683638047,2026-03-14,2026-03-14,CVE-2025-59013,6.1,2025-09-10T13:38:40.473
CVE-2025-55148,0.018350000,0.827320000,0.9856514695672298,2026-03-14,2026-03-14,CVE-2025-55148,7.6,2025-09-24T19:58:37.017
CVE-2025-55147,0.003520000,0.572600000,0.9509372830363342,2026-03-14,2026-03-14,CVE-2025-55147,8.8,2025-09-24T19:58:28.357
CVE-2025-55146,0.009650000,0.763340000,0.975931497338579,2026-03-14,2026-03-14,CVE-2025-55146,4.9,2025-09-24T19:58:20.130
CVE-2025-55145,0.004320000,0.623250000,0.9613515389956029,2026-03-14,2026-03-14,CVE-2025-55145,8.9,2025-09-24T19:58:03.083
CVE-2025-55144,0.011940000,0.786570000,0.9800971997222865,2026-03-14,2026-03-14,CVE-2025-55144,5.4,2025-09-24T19:57:29.287
CVE-2025-55143,0.000310000,0.086190000,0.5299699143716732,2026-03-14,2026-03-14,CVE-2025-55143,6.1,2025-09-24T19:57:14.347
CVE-2025-55142,0.033810000,0.872220000,0.9907428835917612,2026-03-14,2026-03-14,CVE-2025-55142,8.8,2025-09-24T19:56:55.957
CVE-2025-55141,0.033810000,0.872220000,0.9907428835917612,2026-03-14,2026-03-14,CVE-2025-55141,8.8,2025-09-24T19:50:26.923
CVE-2025-55139,0.005310000,0.669520000,0.9676000925711641,2026-03-14,2026-03-14,CVE-2025-55139,6.8,2025-09-24T19:50:14.403
CVE-2025-54236,0.737200000,0.987930000,0.999537144179588,2026-03-14,2026-03-14,CVE-2025-54236,9.1,2026-03-11T01:00:01.503
CVE-2025-53609,0.001010000,0.277880000,0.8581346910437399,2026-03-14,2026-03-14,CVE-2025-53609,4.9,2025-09-10T15:14:32.080
CVE-2025-52915,0.000910000,0.257240000,0.8477204350844711,2026-03-14,2026-03-14,CVE-2025-52915,7.2,2025-09-10T14:15:37.800
CVE-2025-52322,0.003010000,0.530710000,0.9449201573709789,2026-03-14,2026-03-14,CVE-2025-52322,7.5,2025-10-17T20:19:05.930
CVE-2025-52277,0.000740000,0.221030000,0.8111548252719278,2026-03-14,2026-03-14,CVE-2025-52277,6.1,2025-10-17T20:26:28.360
CVE-2025-48208,0.000590000,0.182510000,0.7644063874103216,2026-03-14,2026-03-14,CVE-2025-48208,8.8,2025-11-04T22:16:16.633
CVE-2025-47695,0.001230000,0.312910000,0.8877574635501041,2026-03-14,2026-03-14,CVE-2025-47695,7.5,2025-09-11T17:14:36.413
CVE-2025-47694,0.000290000,0.079960000,0.4619301087711178,2026-03-14,2026-03-14,CVE-2025-47694,7.1,2025-09-11T17:14:36.413
CVE-2025-47579,0.000560000,0.173990000,0.7495950011571395,2026-03-14,2026-03-14,CVE-2025-47579,8.1,2026-01-22T21:58:57.170
CVE-2025-47571,0.001130000,0.297470000,0.8791946308724832,2026-03-14,2026-03-14,CVE-2025-47571,7.5,2025-09-11T17:14:36.413
CVE-2025-47570,0.000290000,0.079960000,0.4619301087711178,2026-03-14,2026-03-14,CVE-2025-47570,7.1,2025-09-11T17:14:36.413
CVE-2025-47569,0.000350000,0.098590000,0.5912983105762555,2026-03-14,2026-03-14,CVE-2025-47569,9.3,2025-09-11T17:14:36.413
CVE-2025-47437,0.000340000,0.095920000,0.571395510298542,2026-03-14,2026-03-14,CVE-2025-47437,6.4,2025-09-11T17:14:36.413
CVE-2025-47416,0.000680000,0.207530000,0.7970377227493636,2026-03-14,2026-03-14,CVE-2025-47416,,2025-09-09T16:28:43.660
CVE-2025-43778,0.000300000,0.082730000,0.515852811849109,2026-03-14,2026-03-14,CVE-2025-43778,6.1,2025-12-12T20:28:13.700
CVE-2025-43777,0.000390000,0.114840000,0.6503124276787781,2026-03-14,2026-03-14,CVE-2025-43777,5.3,2025-12-12T20:29:25.130
CVE-2025-43776,0.000300000,0.081940000,0.515852811849109,2026-03-14,2026-03-14,CVE-2025-43776,5.4,2025-12-16T16:12:02.497
CVE-2025-42958,0.000820000,0.239610000,0.8292062022679936,2026-03-14,2026-03-14,CVE-2025-42958,9.1,2025-09-09T16:28:43.660
CVE-2025-42944,0.001030000,0.282580000,0.864846100439713,2026-03-14,2026-03-14,CVE-2025-42944,10.0,2025-11-12T19:15:36.020
CVE-2025-42938,0.001060000,0.286980000,0.8678546632723907,2026-03-14,2026-03-14,CVE-2025-42938,6.1,2025-09-09T16:28:43.660
CVE-2025-42933,0.000380000,0.111600000,0.634343901874566,2026-03-14,2026-03-14,CVE-2025-42933,8.8,2025-09-09T16:28:43.660
CVE-2025-42930,0.000860000,0.247040000,0.8382318907660263,2026-03-14,2026-03-14,CVE-2025-42930,6.5,2025-09-09T16:28:43.660
CVE-2025-42929,0.000420000,0.125700000,0.6739180745197871,2026-03-14,2026-03-14,CVE-2025-42929,8.1,2025-09-09T16:28:43.660
CVE-2025-42927,0.000150000,0.026830000,0.15528812774820644,2026-03-14,2026-03-14,CVE-2025-42927,3.4,2025-09-09T16:28:43.660
CVE-2025-42926,0.000790000,0.232430000,0.8236519324230502,2026-03-14,2026-03-14,CVE-2025-42926,5.3,2025-10-23T12:43:32.437
CVE-2025-42925,0.000370000,0.107300000,0.6213839389030317,2026-03-14,2026-03-14,CVE-2025-42925,4.3,2025-09-09T16:28:43.660
CVE-2025-42923,0.000190000,0.047920000,0.29946771580652626,2026-03-14,2026-03-14,CVE-2025-42923,4.3,2025-09-09T16:28:43.660
CVE-2025-42922,0.000890000,0.252020000,0.8428604489701458,2026-03-14,2026-03-14,CVE-2025-42922,9.9,2025-09-09T16:28:43.660
CVE-2025-42920,0.001330000,0.327290000,0.8942374450358713,2026-03-14,2026-03-14,CVE-2025-42920,6.1,2025-10-24T14:50:48.223
CVE-2025-42918,0.000340000,0.095920000,0.571395510298542,2026-03-14,2026-03-14,CVE-2025-42918,4.3,2025-10-23T12:44:38.700
CVE-2025-42917,0.000360000,0.102210000,0.60310113399676,2026-03-14,2026-03-14,CVE-2025-42917,6.5,2025-09-09T16:28:43.660
CVE-2025-42916,0.000420000,0.125700000,0.6739180745197871,2026-03-14,2026-03-14,CVE-2025-42916,8.1,2025-09-09T16:28:43.660
CVE-2025-42915,0.000340000,0.095920000,0.571395510298542,2026-03-14,2026-03-14,CVE-2025-42915,5.4,2025-09-09T16:28:43.660
CVE-2025-42914,0.000270000,0.071120000,0.38764174959500114,2026-03-14,2026-03-14,CVE-2025-42914,3.1,2025-09-09T16:28:43.660
CVE-2025-42913,0.000270000,0.071120000,0.38764174959500114,2026-03-14,2026-03-14,CVE-2025-42913,3.1,2025-09-09T16:28:43.660
CVE-2025-41701,0.000570000,0.176090000,0.7558435547327008,2026-03-14,2026-03-14,CVE-2025-41701,7.8,2025-09-09T16:28:43.660
CVE-2025-40804,0.000540000,0.166350000,0.738717889377459,2026-03-14,2026-03-14,CVE-2025-40804,9.1,2025-09-09T16:28:43.660
CVE-2025-40803,0.000230000,0.058990000,0.3323304790557741,2026-03-14,2026-03-14,CVE-2025-40803,3.1,2025-10-03T19:36:39.793
CVE-2025-40802,0.000180000,0.044690000,0.2735477898634575,2026-03-14,2026-03-14,CVE-2025-40802,4.3,2025-10-03T19:37:59.347
CVE-2025-40798,0.001370000,0.333190000,0.8981717195093728,2026-03-14,2026-03-14,CVE-2025-40798,7.5,2025-10-14T10:15:39.447
CVE-2025-40797,0.001370000,0.333190000,0.8981717195093728,2026-03-14,2026-03-14,CVE-2025-40797,7.5,2025-10-14T10:15:39.317
CVE-2025-40796,0.001370000,0.333190000,0.8981717195093728,2026-03-14,2026-03-14,CVE-2025-40796,7.5,2025-10-14T10:15:39.187
CVE-2025-40795,0.001540000,0.359100000,0.9065031242767878,2026-03-14,2026-03-14,CVE-2025-40795,9.8,2025-10-14T10:15:39.027
CVE-2025-40757,0.000370000,0.108140000,0.6213839389030317,2026-03-14,2026-03-14,CVE-2025-40757,5.3,2025-09-09T16:28:43.660
CVE-2025-40594,0.000300000,0.083270000,0.515852811849109,2026-03-14,2026-03-14,CVE-2025-40594,9.8,2026-03-10T18:17:54.193
CVE-2025-39553,0.000340000,0.095920000,0.571395510298542,2026-03-14,2026-03-14,CVE-2025-39553,4.3,2025-09-11T17:14:36.413
CVE-2025-39541,0.000380000,0.111710000,0.634343901874566,2026-03-14,2026-03-14,CVE-2025-39541,6.5,2025-09-11T17:14:36.413
CVE-2025-39523,0.000290000,0.077730000,0.4619301087711178,2026-03-14,2026-03-14,CVE-2025-39523,4.7,2025-09-11T17:14:36.413
CVE-2025-33045,0.000170000,0.038910000,0.2561906965980097,2026-03-14,2026-03-14,CVE-2025-33045,6.7,2025-10-02T14:12:42.347
CVE-2025-32689,0.000590000,0.182580000,0.7644063874103216,2026-03-14,2026-03-14,CVE-2025-32689,7.5,2025-09-09T18:45:52.390
CVE-2025-32688,0.000340000,0.095920000,0.571395510298542,2026-03-14,2026-03-14,CVE-2025-32688,5.4,2025-09-09T18:45:52.390
CVE-2025-32486,0.000590000,0.183770000,0.7644063874103216,2026-03-14,2026-03-14,CVE-2025-32486,9.8,2025-09-09T18:45:52.390
CVE-2025-30875,0.000270000,0.070820000,0.38764174959500114,2026-03-14,2026-03-14,CVE-2025-30875,5.9,2025-09-09T18:45:52.390
CVE-2025-24404,0.000650000,0.201160000,0.7840777597778292,2026-03-14,2026-03-14,CVE-2025-24404,8.8,2025-11-04T22:16:07.513
CVE-2025-10183,0.000880000,0.250990000,0.841240453598704,2026-03-14,2026-03-14,CVE-2025-10183,9.1,2025-09-09T16:28:43.660
CVE-2025-10134,0.004140000,0.612650000,0.9590372598935432,2026-03-14,2026-03-14,CVE-2025-10134,9.1,2025-09-09T16:28:43.660
CVE-2025-10123,0.001910000,0.408620000,0.9213145105299699,2026-03-14,2026-03-14,CVE-2025-10123,9.8,2025-09-24T18:43:47.917
CVE-2025-10122,0.000250000,0.065970000,0.3596389724600787,2026-03-14,2026-03-14,CVE-2025-10122,7.2,2025-10-08T14:23:59.793
CVE-2025-10107,0.001140000,0.298930000,0.8801203425133071,2026-03-14,2026-03-14,CVE-2025-10107,4.7,2025-09-09T16:28:43.660
CVE-2025-10095,0.000230000,0.059220000,0.3323304790557741,2026-03-14,2026-03-14,CVE-2025-10095,,2025-09-10T07:15:44.107
CVE-2024-45325,0.000270000,0.071700000,0.38764174959500114,2026-03-14,2026-03-14,CVE-2024-45325,6.7,2025-09-10T15:11:07.573
CVE-2025-57061,0.001020000,0.280350000,0.8602175422355937,2026-03-14,2026-03-14,CVE-2025-57061,7.5,2025-09-15T18:14:31.390
CVE-2025-57059,0.001020000,0.280350000,0.8602175422355937,2026-03-14,2026-03-14,CVE-2025-57059,7.5,2025-09-15T18:14:18.027
CVE-2025-57058,0.001020000,0.280350000,0.8602175422355937,2026-03-14,2026-03-14,CVE-2025-57058,7.5,2025-09-15T18:14:03.890
CVE-2025-57057,0.001020000,0.280350000,0.8602175422355937,2026-03-14,2026-03-14,CVE-2025-57057,7.5,2025-09-15T18:13:34.697
CVE-2025-55317,0.000790000,0.233070000,0.8236519324230502,2026-03-14,2026-03-14,CVE-2025-55317,7.8,2025-09-12T14:51:32.717
CVE-2025-55316,0.001360000,0.332320000,0.8972460078685489,2026-03-14,2026-03-14,CVE-2025-55316,7.8,2025-09-12T14:50:22.087
CVE-2025-55245,0.000790000,0.233070000,0.8236519324230502,2026-03-14,2026-03-14,CVE-2025-55245,7.8,2025-09-12T14:48:41.690
CVE-2025-55243,0.001010000,0.278110000,0.8581346910437399,2026-03-14,2026-03-14,CVE-2025-55243,7.5,2025-10-02T18:04:11.613
CVE-2025-55236,0.000990000,0.270870000,0.8558204119416801,2026-03-14,2026-03-14,CVE-2025-55236,7.8,2025-09-12T14:47:55.667
CVE-2025-55234,0.002930000,0.523540000,0.9430687340893312,2026-03-14,2026-03-14,CVE-2025-55234,9.8,2025-10-17T16:15:37.910
CVE-2025-55232,0.012450000,0.790930000,0.9807914834529045,2026-03-14,2026-03-14,CVE-2025-55232,9.8,2025-12-19T14:47:09.780
CVE-2025-55228,0.000350000,0.099700000,0.5912983105762555,2026-03-14,2026-03-14,CVE-2025-55228,7.8,2025-10-02T14:52:37.270
CVE-2025-55227,0.000980000,0.270070000,0.8544318444804443,2026-03-14,2026-03-14,CVE-2025-55227,8.8,2025-09-12T16:57:17.750
CVE-2025-55226,0.000190000,0.045180000,0.29946771580652626,2026-03-14,2026-03-14,CVE-2025-55226,6.7,2025-09-12T14:54:20.230
CVE-2025-55225,0.000540000,0.168290000,0.738717889377459,2026-03-14,2026-03-14,CVE-2025-55225,6.5,2025-09-12T14:53:59.267
CVE-2025-55224,0.000350000,0.099700000,0.5912983105762555,2026-03-14,2026-03-14,CVE-2025-55224,7.8,2025-09-12T14:53:22.403
CVE-2025-55223,0.000350000,0.099700000,0.5912983105762555,2026-03-14,2026-03-14,CVE-2025-55223,7.0,2025-09-12T14:52:42.357
CVE-2025-54919,0.000390000,0.114350000,0.6503124276787781,2026-03-14,2026-03-14,CVE-2025-54919,7.5,2025-09-12T16:56:56.560
CVE-2025-54918,0.001670000,0.377190000,0.9122888220319371,2026-03-14,2026-03-14,CVE-2025-54918,8.8,2025-10-02T14:52:16.013
CVE-2025-54917,0.000500000,0.152260000,0.7192779449201574,2026-03-14,2026-03-14,CVE-2025-54917,4.3,2025-10-02T14:51:59.930
CVE-2025-54916,0.000920000,0.258340000,0.849340430455913,2026-03-14,2026-03-14,CVE-2025-54916,7.8,2025-10-02T14:47:59.050
CVE-2025-54915,0.002020000,0.421110000,0.9236287896320297,2026-03-14,2026-03-14,CVE-2025-54915,6.7,2025-10-02T14:47:43.120
CVE-2025-54913,0.000350000,0.099700000,0.5912983105762555,2026-03-14,2026-03-14,CVE-2025-54913,7.8,2025-10-02T14:41:09.277
CVE-2025-54912,0.000650000,0.200300000,0.7840777597778292,2026-03-14,2026-03-14,CVE-2025-54912,7.8,2025-10-02T14:40:53.743
CVE-2025-54911,0.000640000,0.196510000,0.7817634806757695,2026-03-14,2026-03-14,CVE-2025-54911,7.3,2025-09-15T18:02:12.710
CVE-2025-54910,0.000860000,0.247460000,0.8382318907660263,2026-03-14,2026-03-14,CVE-2025-54910,8.4,2025-09-12T16:54:37.893
CVE-2025-54908,0.000640000,0.198220000,0.7817634806757695,2026-03-14,2026-03-14,CVE-2025-54908,7.8,2025-09-12T16:54:17.017
CVE-2025-54907,0.000640000,0.198220000,0.7817634806757695,2026-03-14,2026-03-14,CVE-2025-54907,7.8,2025-09-12T16:53:41.900
CVE-2025-54906,0.001380000,0.335200000,0.8990974311501967,2026-03-14,2026-03-14,CVE-2025-54906,7.8,2025-09-12T16:50:22.293
CVE-2025-54905,0.000710000,0.215180000,0.8012034251330711,2026-03-14,2026-03-14,CVE-2025-54905,7.1,2025-09-12T16:52:24.250
CVE-2025-54904,0.000840000,0.244600000,0.8322147651006712,2026-03-14,2026-03-14,CVE-2025-54904,7.8,2025-09-12T16:52:07.960
CVE-2025-54903,0.000840000,0.244600000,0.8322147651006712,2026-03-14,2026-03-14,CVE-2025-54903,7.8,2025-09-12T16:51:16.900
CVE-2025-54902,0.000840000,0.244600000,0.8322147651006712,2026-03-14,2026-03-14,CVE-2025-54902,7.8,2025-10-01T20:29:54.223
CVE-2025-54901,0.000560000,0.173550000,0.7495950011571395,2026-03-14,2026-03-14,CVE-2025-54901,5.5,2025-10-01T20:30:15.710
CVE-2025-54900,0.000840000,0.244600000,0.8322147651006712,2026-03-14,2026-03-14,CVE-2025-54900,7.8,2025-09-12T16:50:48.290
CVE-2025-54899,0.000840000,0.244600000,0.8322147651006712,2026-03-14,2026-03-14,CVE-2025-54899,7.8,2025-09-12T16:44:23.027
CVE-2025-54898,0.000840000,0.244600000,0.8322147651006712,2026-03-14,2026-03-14,CVE-2025-54898,7.8,2025-09-12T16:44:51.287
CVE-2025-54897,0.064540000,0.909290000,0.9942143022448507,2026-03-14,2026-03-14,CVE-2025-54897,8.8,2025-09-12T16:45:25.173
CVE-2025-54896,0.000840000,0.244600000,0.8322147651006712,2026-03-14,2026-03-14,CVE-2025-54896,7.8,2025-09-12T16:45:48.937
CVE-2025-54895,0.000650000,0.201080000,0.7840777597778292,2026-03-14,2026-03-14,CVE-2025-54895,7.8,2025-10-02T18:03:20.903
CVE-2025-54894,0.000850000,0.246270000,0.8356861837537607,2026-03-14,2026-03-14,CVE-2025-54894,7.8,2025-10-02T18:03:12.120
CVE-2025-54709,0.001240000,0.314600000,0.8898403147419579,2026-03-14,2026-03-14,CVE-2025-54709,8.1,2025-09-11T17:14:25.240
CVE-2025-54261,0.019840000,0.834140000,0.9870400370284657,2026-03-14,2026-03-14,CVE-2025-54261,10.0,2025-10-03T12:34:44.777
CVE-2025-54252,0.000240000,0.061640000,0.3401990280027771,2026-03-14,2026-03-14,CVE-2025-54252,5.4,2025-09-12T14:14:17.757
CVE-2025-54251,0.063230000,0.908330000,0.9935200185142328,2026-03-14,2026-03-14,CVE-2025-54251,4.3,2025-10-02T14:43:16.193
CVE-2025-54250,0.001930000,0.410500000,0.9220087942605878,2026-03-14,2026-03-14,CVE-2025-54250,4.9,2025-09-12T14:22:03.050
CVE-2025-54249,0.053360000,0.899100000,0.9925943068734089,2026-03-14,2026-03-14,CVE-2025-54249,6.5,2025-09-12T14:21:46.463
CVE-2025-54248,0.000960000,0.266350000,0.8532747049294145,2026-03-14,2026-03-14,CVE-2025-54248,7.7,2025-09-12T14:21:57.403
CVE-2025-54247,0.001580000,0.364140000,0.9076602638278176,2026-03-14,2026-03-14,CVE-2025-54247,6.5,2025-09-12T14:21:33.017
CVE-2025-54246,0.000540000,0.165950000,0.738717889377459,2026-03-14,2026-03-14,CVE-2025-54246,6.5,2025-09-12T14:21:20.777
CVE-2025-54116,0.000650000,0.201400000,0.7840777597778292,2026-03-14,2026-03-14,CVE-2025-54116,7.3,2025-10-02T18:03:02.620
CVE-2025-54115,0.001030000,0.282150000,0.864846100439713,2026-03-14,2026-03-14,CVE-2025-54115,7.0,2025-11-11T15:15:36.177
CVE-2025-54114,0.000460000,0.138910000,0.6989122888220319,2026-03-14,2026-03-14,CVE-2025-54114,7.0,2025-11-21T19:15:54.303
CVE-2025-54113,0.000890000,0.252080000,0.8428604489701458,2026-03-14,2026-03-14,CVE-2025-54113,8.8,2025-10-01T20:29:39.270
CVE-2025-54112,0.000590000,0.183330000,0.7644063874103216,2026-03-14,2026-03-14,CVE-2025-54112,7.0,2025-10-01T20:17:04.217
CVE-2025-54111,0.000590000,0.183330000,0.7644063874103216,2026-03-14,2026-03-14,CVE-2025-54111,7.8,2025-10-01T20:00:39.310
CVE-2025-54110,0.000610000,0.188960000,0.7755149271002083,2026-03-14,2026-03-14,CVE-2025-54110,8.8,2025-10-01T19:56:19.163
CVE-2025-54109,0.002580000,0.488890000,0.9345059014117103,2026-03-14,2026-03-14,CVE-2025-54109,6.7,2025-10-02T14:36:32.837
CVE-2025-54108,0.000460000,0.138910000,0.6989122888220319,2026-03-14,2026-03-14,CVE-2025-54108,7.0,2025-10-02T14:36:24.210
CVE-2025-54107,0.000670000,0.205570000,0.7910205970840083,2026-03-14,2026-03-14,CVE-2025-54107,4.3,2025-10-02T16:33:56.073
CVE-2025-54106,0.000630000,0.193820000,0.7801434853043278,2026-03-14,2026-03-14,CVE-2025-54106,8.8,2025-10-02T16:32:57.737
CVE-2025-54105,0.000460000,0.138910000,0.6989122888220319,2026-03-14,2026-03-14,CVE-2025-54105,7.0,2025-10-02T16:28:07.697
CVE-2025-54104,0.002580000,0.488890000,0.9345059014117103,2026-03-14,2026-03-14,CVE-2025-54104,6.7,2025-10-02T16:27:57.370
CVE-2025-54103,0.000600000,0.185040000,0.7711177968062949,2026-03-14,2026-03-14,CVE-2025-54103,7.4,2025-10-02T17:10:58.520
CVE-2025-54102,0.000850000,0.246270000,0.8356861837537607,2026-03-14,2026-03-14,CVE-2025-54102,7.8,2025-10-02T15:01:04.387
CVE-2025-54101,0.001670000,0.376730000,0.9122888220319371,2026-03-14,2026-03-14,CVE-2025-54101,4.8,2025-10-17T16:15:37.743
CVE-2025-54099,0.000590000,0.183330000,0.7644063874103216,2026-03-14,2026-03-14,CVE-2025-54099,7.0,2025-10-02T16:56:33.693
CVE-2025-54098,0.001150000,0.301930000,0.8826660495255728,2026-03-14,2026-03-14,CVE-2025-54098,7.8,2025-10-02T16:56:20.283
CVE-2025-54097,0.000710000,0.215620000,0.8012034251330711,2026-03-14,2026-03-14,CVE-2025-54097,6.5,2025-10-02T16:37:25.310
CVE-2025-54096,0.000710000,0.215620000,0.8012034251330711,2026-03-14,2026-03-14,CVE-2025-54096,6.5,2025-10-02T16:36:31.197
CVE-2025-54095,0.000660000,0.201870000,0.7880120342513307,2026-03-14,2026-03-14,CVE-2025-54095,6.5,2025-10-02T16:36:20.910
CVE-2025-54094,0.002580000,0.488890000,0.9345059014117103,2026-03-14,2026-03-14,CVE-2025-54094,6.7,2025-10-02T17:12:34.027
CVE-2025-54093,0.000480000,0.145670000,0.7095579726915066,2026-03-14,2026-03-14,CVE-2025-54093,7.0,2025-10-02T17:12:22.567
CVE-2025-54092,0.000660000,0.203080000,0.7880120342513307,2026-03-14,2026-03-14,CVE-2025-54092,7.8,2025-10-02T17:11:58.067
CVE-2025-54091,0.001170000,0.304260000,0.8833603332561907,2026-03-14,2026-03-14,CVE-2025-54091,7.8,2025-10-02T17:11:46.033
CVE-2025-53810,0.002580000,0.488890000,0.9345059014117103,2026-03-14,2026-03-14,CVE-2025-53810,6.7,2025-10-02T17:11:37.260
CVE-2025-53809,0.002950000,0.524530000,0.9437630178199491,2026-03-14,2026-03-14,CVE-2025-53809,6.5,2025-09-22T17:12:18.433
CVE-2025-53808,0.002580000,0.488890000,0.9345059014117103,2026-03-14,2026-03-14,CVE-2025-53808,6.7,2025-10-02T17:52:33.157
CVE-2025-53807,0.000460000,0.138910000,0.6989122888220319,2026-03-14,2026-03-14,CVE-2025-53807,7.0,2025-10-02T18:10:17.003
CVE-2025-53806,0.000710000,0.215620000,0.8012034251330711,2026-03-14,2026-03-14,CVE-2025-53806,6.5,2025-10-02T18:10:07.060
CVE-2025-53805,0.001500000,0.353380000,0.90465170099514,2026-03-14,2026-03-14,CVE-2025-53805,7.5,2025-10-02T18:09:53.577
CVE-2025-53804,0.000710000,0.214590000,0.8012034251330711,2026-03-14,2026-03-14,CVE-2025-53804,5.5,2025-10-02T18:09:39.647
CVE-2025-53803,0.000710000,0.214590000,0.8012034251330711,2026-03-14,2026-03-14,CVE-2025-53803,5.5,2025-10-02T18:09:31.773
CVE-2025-53802,0.000590000,0.183330000,0.7644063874103216,2026-03-14,2026-03-14,CVE-2025-53802,7.0,2025-10-02T18:54:11.783
CVE-2025-53801,0.000850000,0.246270000,0.8356861837537607,2026-03-14,2026-03-14,CVE-2025-53801,7.8,2025-10-02T18:54:02.340
CVE-2025-53800,0.002250000,0.449600000,0.928257347836149,2026-03-14,2026-03-14,CVE-2025-53800,7.8,2025-10-02T18:50:51.397
CVE-2025-53799,0.001120000,0.296270000,0.8773432075908355,2026-03-14,2026-03-14,CVE-2025-53799,5.5,2025-10-02T18:50:42.580
CVE-2025-53798,0.000660000,0.201870000,0.7880120342513307,2026-03-14,2026-03-14,CVE-2025-53798,6.5,2025-10-02T18:50:29.157
CVE-2025-53797,0.000660000,0.201870000,0.7880120342513307,2026-03-14,2026-03-14,CVE-2025-53797,6.5,2025-10-02T18:45:20.750
CVE-2025-53796,0.000710000,0.215620000,0.8012034251330711,2026-03-14,2026-03-14,CVE-2025-53796,6.5,2025-10-02T18:45:13.933
CVE-2025-53348,0.000380000,0.110960000,0.634343901874566,2026-03-14,2026-03-14,CVE-2025-53348,5.3,2025-09-11T17:14:36.413
CVE-2025-53340,0.000380000,0.111970000,0.634343901874566,2026-03-14,2026-03-14,CVE-2025-53340,5.3,2025-09-11T17:14:36.413
CVE-2025-53303,0.001180000,0.306490000,0.8838231890766026,2026-03-14,2026-03-14,CVE-2025-53303,8.8,2025-09-11T17:14:36.413
CVE-2025-53291,0.000510000,0.156210000,0.7248322147651006,2026-03-14,2026-03-14,CVE-2025-53291,5.4,2025-09-11T17:14:36.413
CVE-2025-49860,0.000380000,0.111970000,0.634343901874566,2026-03-14,2026-03-14,CVE-2025-49860,5.3,2025-09-11T17:14:36.413
CVE-2025-49734,0.000500000,0.152110000,0.7192779449201574,2026-03-14,2026-03-14,CVE-2025-49734,7.0,2025-10-02T18:45:04.910
CVE-2025-49692,0.000710000,0.215670000,0.8012034251330711,2026-03-14,2026-03-14,CVE-2025-49692,7.8,2025-10-01T20:30:30.897
CVE-2025-49430,0.000360000,0.103620000,0.60310113399676,2026-03-14,2026-03-14,CVE-2025-49430,7.2,2025-09-11T17:14:36.413
CVE-2025-48101,0.000820000,0.239790000,0.8292062022679936,2026-03-14,2026-03-14,CVE-2025-48101,8.8,2025-09-11T17:14:36.413
CVE-2025-47997,0.000800000,0.235210000,0.8268919231659339,2026-03-14,2026-03-14,CVE-2025-47997,5.3,2025-09-12T16:47:05.683
CVE-2025-9269,0.000580000,0.181400000,0.7607035408470262,2026-03-14,2026-03-14,CVE-2025-9269,,2025-09-11T17:14:25.240
CVE-2025-7635,0.000200000,0.051530000,0.31080768340661885,2026-03-14,2026-03-14,CVE-2025-7635,7.7,2025-12-22T20:01:56.000
CVE-2025-59008,0.000320000,0.088550000,0.5459384401758852,2026-03-14,2026-03-14,CVE-2025-59008,7.6,2025-09-11T17:14:25.240
CVE-2025-59005,0.000360000,0.102210000,0.60310113399676,2026-03-14,2026-03-14,CVE-2025-59005,4.3,2025-09-11T17:14:25.240
CVE-2025-58997,0.000190000,0.046800000,0.29946771580652626,2026-03-14,2026-03-14,CVE-2025-58997,9.6,2025-09-11T17:14:25.240
CVE-2025-58993,0.000320000,0.088550000,0.5459384401758852,2026-03-14,2026-03-14,CVE-2025-58993,7.6,2025-09-11T17:14:25.240
CVE-2025-58991,0.000150000,0.031030000,0.15528812774820644,2026-03-14,2026-03-14,CVE-2025-58991,7.1,2025-09-11T17:14:25.240
CVE-2025-58990,0.000240000,0.060630000,0.3401990280027771,2026-03-14,2026-03-14,CVE-2025-58990,5.4,2025-11-26T17:20:12.300
CVE-2025-58989,0.000290000,0.079130000,0.4619301087711178,2026-03-14,2026-03-14,CVE-2025-58989,6.5,2025-09-11T17:14:25.240
CVE-2025-58988,0.000290000,0.079130000,0.4619301087711178,2026-03-14,2026-03-14,CVE-2025-58988,6.5,2025-09-11T17:14:25.240
CVE-2025-58987,0.000290000,0.079130000,0.4619301087711178,2026-03-14,2026-03-14,CVE-2025-58987,6.5,2025-09-11T17:14:25.240
CVE-2025-58985,0.000290000,0.079130000,0.4619301087711178,2026-03-14,2026-03-14,CVE-2025-58985,6.5,2025-09-11T17:14:25.240
CVE-2025-58984,0.000270000,0.070820000,0.38764174959500114,2026-03-14,2026-03-14,CVE-2025-58984,5.9,2025-09-11T17:14:25.240
CVE-2025-58983,0.000270000,0.070820000,0.38764174959500114,2026-03-14,2026-03-14,CVE-2025-58983,5.9,2025-09-11T17:14:25.240
CVE-2025-58982,0.000270000,0.070820000,0.38764174959500114,2026-03-14,2026-03-14,CVE-2025-58982,5.9,2025-09-11T17:14:25.240
CVE-2025-58981,0.000340000,0.095920000,0.571395510298542,2026-03-14,2026-03-14,CVE-2025-58981,5.4,2025-09-11T17:14:25.240
CVE-2025-58980,0.000380000,0.111970000,0.634343901874566,2026-03-14,2026-03-14,CVE-2025-58980,5.3,2025-09-11T17:14:25.240
CVE-2025-58979,0.000380000,0.110960000,0.634343901874566,2026-03-14,2026-03-14,CVE-2025-58979,5.3,2025-09-11T17:14:25.240
CVE-2025-58978,0.000380000,0.111970000,0.634343901874566,2026-03-14,2026-03-14,CVE-2025-58978,5.3,2025-09-11T17:14:25.240
CVE-2025-58977,0.000260000,0.066670000,0.3705160842397593,2026-03-14,2026-03-14,CVE-2025-58977,4.9,2025-09-11T17:14:25.240
CVE-2025-58976,0.000340000,0.095920000,0.571395510298542,2026-03-14,2026-03-14,CVE-2025-58976,4.3,2025-09-11T17:14:25.240
CVE-2025-58975,0.000150000,0.027070000,0.15528812774820644,2026-03-14,2026-03-14,CVE-2025-58975,4.3,2025-09-11T17:14:25.240
CVE-2025-58762,0.006080000,0.693970000,0.9699143716732238,2026-03-14,2026-03-14,CVE-2025-58762,7.2,2025-09-18T16:57:38.987
CVE-2025-58761,0.001230000,0.314230000,0.8877574635501041,2026-03-14,2026-03-14,CVE-2025-58761,7.5,2025-09-18T17:23:40.120
CVE-2025-58760,0.001530000,0.358300000,0.9055774126359639,2026-03-14,2026-03-14,CVE-2025-58760,7.5,2025-09-18T17:30:18.970
CVE-2025-58759,0.001360000,0.332360000,0.8972460078685489,2026-03-14,2026-03-14,CVE-2025-58759,6.5,2025-10-08T20:52:36.920
CVE-2025-58758,0.000380000,0.112160000,0.634343901874566,2026-03-14,2026-03-14,CVE-2025-58758,7.3,2025-10-08T20:53:57.603
CVE-2025-58753,0.000460000,0.138920000,0.6989122888220319,2026-03-14,2026-03-14,CVE-2025-58753,7.5,2025-09-18T17:35:49.163
CVE-2025-58442,0.000430000,0.129580000,0.6794723443647304,2026-03-14,2026-03-14,CVE-2025-58442,5.3,2025-09-11T17:14:25.240
CVE-2025-58435,0.000550000,0.170670000,0.7428835917611664,2026-03-14,2026-03-14,CVE-2025-58435,,2025-09-11T17:14:25.240
CVE-2025-58430,0.000170000,0.039040000,0.2561906965980097,2026-03-14,2026-03-14,CVE-2025-58430,6.1,2025-10-10T21:49:03.133
CVE-2025-58215,0.001100000,0.293060000,0.8754917843091877,2026-03-14,2026-03-14,CVE-2025-58215,8.1,2025-09-11T17:14:25.240
CVE-2025-58180,0.010260000,0.770560000,0.9768572089794029,2026-03-14,2026-03-14,CVE-2025-58180,8.8,2025-09-18T17:37:54.243
CVE-2025-58063,0.000650000,0.199530000,0.7840777597778292,2026-03-14,2026-03-14,CVE-2025-58063,7.1,2025-09-11T17:14:25.240
CVE-2025-57665,0.000420000,0.127060000,0.6739180745197871,2026-03-14,2026-03-14,CVE-2025-57665,6.4,2025-10-17T19:49:18.167
CVE-2025-57540,0.000310000,0.086460000,0.5299699143716732,2026-03-14,2026-03-14,CVE-2025-57540,5.4,2025-09-17T20:11:20.417
CVE-2025-57539,0.000310000,0.086460000,0.5299699143716732,2026-03-14,2026-03-14,CVE-2025-57539,5.4,2025-09-18T17:41:04.430
CVE-2025-57538,0.000350000,0.101410000,0.5912983105762555,2026-03-14,2026-03-14,CVE-2025-57538,5.4,2025-09-18T17:41:56.570
CVE-2025-57278,0.000590000,0.182960000,0.7644063874103216,2026-03-14,2026-03-14,CVE-2025-57278,8.8,2025-10-10T17:56:10.140
CVE-2025-57087,0.001020000,0.280350000,0.8602175422355937,2026-03-14,2026-03-14,CVE-2025-57087,7.5,2025-09-18T18:42:39.153
CVE-2025-57086,0.001020000,0.280350000,0.8602175422355937,2026-03-14,2026-03-14,CVE-2025-57086,7.5,2025-09-17T19:49:56.150
CVE-2025-57085,0.001030000,0.280860000,0.864846100439713,2026-03-14,2026-03-14,CVE-2025-57085,9.8,2025-09-17T19:50:45.847
CVE-2025-57078,0.001020000,0.280350000,0.8602175422355937,2026-03-14,2026-03-14,CVE-2025-57078,7.5,2025-09-17T20:00:27.130
CVE-2025-57072,0.001020000,0.280350000,0.8602175422355937,2026-03-14,2026-03-14,CVE-2025-57072,7.5,2025-09-18T18:38:04.613
CVE-2025-57071,0.001020000,0.280350000,0.8602175422355937,2026-03-14,2026-03-14,CVE-2025-57071,7.5,2025-09-18T18:41:40.450
CVE-2025-57070,0.001020000,0.280350000,0.8602175422355937,2026-03-14,2026-03-14,CVE-2025-57070,7.5,2025-09-18T18:43:11.610
CVE-2025-57069,0.001020000,0.280350000,0.8602175422355937,2026-03-14,2026-03-14,CVE-2025-57069,7.5,2025-09-18T18:49:07.417
CVE-2025-57064,0.001020000,0.280350000,0.8602175422355937,2026-03-14,2026-03-14,CVE-2025-57064,7.5,2025-09-15T18:14:58.420
CVE-2025-57063,0.001020000,0.280350000,0.8602175422355937,2026-03-14,2026-03-14,CVE-2025-57063,7.5,2025-09-15T18:14:45.627
CVE-2025-57062,0.001020000,0.280350000,0.8602175422355937,2026-03-14,2026-03-14,CVE-2025-57062,7.5,2025-09-18T18:53:38.910
CVE-2025-57060,0.001020000,0.280350000,0.8602175422355937,2026-03-14,2026-03-14,CVE-2025-57060,7.5,2025-09-17T19:38:14.323
CVE-2025-55730,0.005020000,0.657370000,0.9650543855588984,2026-03-14,2026-03-14,CVE-2025-55730,10.0,2025-09-11T17:14:25.240
CVE-2025-55729,0.005020000,0.657370000,0.9650543855588984,2026-03-14,2026-03-14,CVE-2025-55729,10.0,2025-09-11T17:14:25.240
CVE-2025-55728,0.033460000,0.871460000,0.9905114556815552,2026-03-14,2026-03-14,CVE-2025-55728,9.8,2025-09-17T19:45:32.263
CVE-2025-55727,0.069110000,0.912670000,0.9946771580652627,2026-03-14,2026-03-14,CVE-2025-55727,9.8,2025-09-17T19:46:54.973
CVE-2025-55054,0.000240000,0.061350000,0.3401990280027771,2026-03-14,2026-03-14,CVE-2025-55054,6.1,2025-09-11T17:14:25.240
CVE-2025-55053,0.000230000,0.057480000,0.3323304790557741,2026-03-14,2026-03-14,CVE-2025-55053,6.5,2025-09-11T17:14:25.240
CVE-2025-55052,0.000370000,0.107300000,0.6213839389030317,2026-03-14,2026-03-14,CVE-2025-55052,4.3,2025-09-11T17:14:25.240
CVE-2025-55051,0.000590000,0.183770000,0.7644063874103216,2026-03-14,2026-03-14,CVE-2025-55051,10.0,2025-09-11T17:14:25.240
CVE-2025-55050,0.000590000,0.183770000,0.7644063874103216,2026-03-14,2026-03-14,CVE-2025-55050,9.8,2025-09-11T17:14:25.240
CVE-2025-55049,0.000400000,0.120650000,0.6570238370747512,2026-03-14,2026-03-14,CVE-2025-55049,9.1,2025-09-11T17:14:25.240
CVE-2025-55048,0.000550000,0.172210000,0.7428835917611664,2026-03-14,2026-03-14,CVE-2025-55048,9.8,2025-09-11T17:14:25.240
CVE-2025-55047,0.000180000,0.042980000,0.2735477898634575,2026-03-14,2026-03-14,CVE-2025-55047,8.4,2025-09-11T17:14:25.240
CVE-2025-5500,0.000140000,0.025280000,0.11409395973154363,2026-03-14,2026-03-14,CVE-2025-5500,5.3,2025-09-11T17:14:25.240
CVE-2025-54257,0.000360000,0.103460000,0.60310113399676,2026-03-14,2026-03-14,CVE-2025-54257,7.8,2025-11-03T19:16:09.190
CVE-2025-54256,0.000130000,0.018520000,0.09789400601712567,2026-03-14,2026-03-14,CVE-2025-54256,8.6,2025-09-15T14:20:49.737
CVE-2025-54255,0.000520000,0.160100000,0.7308493404304559,2026-03-14,2026-03-14,CVE-2025-54255,4.0,2025-10-02T14:43:43.207
CVE-2025-54242,0.000360000,0.103460000,0.60310113399676,2026-03-14,2026-03-14,CVE-2025-54242,7.8,2025-09-15T14:21:14.580
CVE-2025-54084,0.003280000,0.554320000,0.9479287202036566,2026-03-14,2026-03-14,CVE-2025-54084,,2025-09-12T14:15:41.363
CVE-2025-54083,0.000240000,0.060720000,0.3401990280027771,2026-03-14,2026-03-14,CVE-2025-54083,,2025-09-12T14:15:41.250
CVE-2025-53914,0.000230000,0.058650000,0.3323304790557741,2026-03-14,2026-03-14,CVE-2025-53914,,2025-09-12T14:15:41.133
CVE-2025-53913,0.000230000,0.058650000,0.3323304790557741,2026-03-14,2026-03-14,CVE-2025-53913,,2025-09-12T14:15:41.017
CVE-2025-5005,0.000550000,0.170050000,0.7428835917611664,2026-03-14,2026-03-14,CVE-2025-5005,7.3,2025-10-09T20:16:41.883
CVE-2025-47415,0.000950000,0.263240000,0.8528118491090025,2026-03-14,2026-03-14,CVE-2025-47415,,2025-09-11T17:14:25.240
CVE-2025-44595,0.000240000,0.061350000,0.3401990280027771,2026-03-14,2026-03-14,CVE-2025-44595,6.1,2025-09-18T20:33:03.940
CVE-2025-44594,0.000400000,0.120650000,0.6570238370747512,2026-03-14,2026-03-14,CVE-2025-44594,9.1,2025-09-17T19:34:21.873
CVE-2025-44593,0.000240000,0.061350000,0.3401990280027771,2026-03-14,2026-03-14,CVE-2025-44593,6.1,2025-09-18T20:33:52.180
CVE-2025-43786,0.000330000,0.093180000,0.5660726683638047,2026-03-14,2026-03-14,CVE-2025-43786,5.3,2025-12-16T15:11:25.593
CVE-2025-43781,0.000300000,0.083290000,0.515852811849109,2026-03-14,2026-03-14,CVE-2025-43781,6.1,2025-12-16T15:29:46.143
CVE-2025-43775,0.000270000,0.072920000,0.38764174959500114,2026-03-14,2026-03-14,CVE-2025-43775,5.4,2025-12-16T15:04:29.380
CVE-2025-43491,0.000270000,0.071210000,0.38764174959500114,2026-03-14,2026-03-14,CVE-2025-43491,9.8,2026-01-16T16:36:19.900
CVE-2025-36125,0.000190000,0.048010000,0.29946771580652626,2026-03-14,2026-03-14,CVE-2025-36125,5.4,2025-12-19T14:38:50.407
CVE-2025-36011,0.000130000,0.018670000,0.09789400601712567,2026-03-14,2026-03-14,CVE-2025-36011,4.3,2025-10-03T19:04:22.843
CVE-2025-34178,0.000180000,0.044570000,0.2735477898634575,2026-03-14,2026-03-14,CVE-2025-34178,5.4,2025-10-10T18:42:08.297
CVE-2025-34177,0.000180000,0.044930000,0.2735477898634575,2026-03-14,2026-03-14,CVE-2025-34177,5.4,2025-10-10T18:42:15.210
CVE-2025-34176,0.000410000,0.122800000,0.6646609581115482,2026-03-14,2026-03-14,CVE-2025-34176,4.3,2025-10-17T19:46:03.720
CVE-2025-34175,0.000310000,0.087050000,0.5299699143716732,2026-03-14,2026-03-14,CVE-2025-34175,6.1,2025-10-10T18:46:41.620
CVE-2025-34174,0.000250000,0.064010000,0.3596389724600787,2026-03-14,2026-03-14,CVE-2025-34174,5.4,2025-10-10T18:47:06.700
CVE-2025-34173,0.000480000,0.148330000,0.7095579726915066,2026-03-14,2026-03-14,CVE-2025-34173,4.3,2025-10-20T14:50:04.643
CVE-2025-34172,0.000230000,0.058680000,0.3323304790557741,2026-03-14,2026-03-14,CVE-2025-34172,6.1,2025-10-10T18:47:46.710
CVE-2025-29089,0.000570000,0.175940000,0.7558435547327008,2026-03-14,2026-03-14,CVE-2025-29089,7.5,2025-09-11T17:14:25.240
CVE-2025-23344,0.000340000,0.095730000,0.571395510298542,2026-03-14,2026-03-14,CVE-2025-23344,9.8,2025-09-18T20:24:59.437
CVE-2025-23343,0.000650000,0.200510000,0.7840777597778292,2026-03-14,2026-03-14,CVE-2025-23343,9.8,2025-09-18T20:14:18.620
CVE-2025-23342,0.000380000,0.110760000,0.634343901874566,2026-03-14,2026-03-14,CVE-2025-23342,9.8,2025-09-18T20:13:33.893
CVE-2025-10199,0.000160000,0.036200000,0.23698218005091415,2026-03-14,2026-03-14,CVE-2025-10199,7.8,2025-11-03T19:15:44.660
CVE-2025-10198,0.000130000,0.018690000,0.09789400601712567,2026-03-14,2026-03-14,CVE-2025-10198,7.8,2026-01-20T17:15:48.180
CVE-2025-10170,0.002850000,0.516770000,0.9414487387178894,2026-03-14,2026-03-14,CVE-2025-10170,8.8,2026-01-08T16:15:32.210
CVE-2025-10169,0.003920000,0.598290000,0.9560286970608656,2026-03-14,2026-03-14,CVE-2025-10169,8.8,2026-01-08T16:16:32.870
CVE-2025-10164,0.000870000,0.249440000,0.8396204582272622,2026-03-14,2026-03-14,CVE-2025-10164,7.3,2025-09-11T17:14:25.240
CVE-2025-10159,0.000790000,0.233290000,0.8236519324230502,2026-03-14,2026-03-14,CVE-2025-10159,9.8,2025-09-11T17:14:25.240
CVE-2025-9997,0.000770000,0.227300000,0.8180976625781069,2026-03-14,2026-03-14,CVE-2025-9997,,2025-09-11T17:14:10.147
CVE-2025-9996,0.000750000,0.225060000,0.8143948160148113,2026-03-14,2026-03-14,CVE-2025-9996,,2025-09-11T17:14:25.240
CVE-2025-9979,0.000340000,0.094800000,0.571395510298542,2026-03-14,2026-03-14,CVE-2025-9979,4.3,2025-09-11T17:14:10.147
CVE-2025-9943,0.001580000,0.364170000,0.9076602638278176,2026-03-14,2026-03-14,CVE-2025-9943,9.1,2025-11-04T22:16:46.227
CVE-2025-9888,0.000130000,0.020380000,0.09789400601712567,2026-03-14,2026-03-14,CVE-2025-9888,4.3,2025-09-11T17:14:10.147
CVE-2025-9857,0.000310000,0.087430000,0.5299699143716732,2026-03-14,2026-03-14,CVE-2025-9857,6.4,2025-09-11T17:14:10.147
CVE-2025-9622,0.000160000,0.035460000,0.23698218005091415,2026-03-14,2026-03-14,CVE-2025-9622,4.3,2025-09-11T17:14:10.147
CVE-2025-9463,0.000310000,0.085350000,0.5299699143716732,2026-03-14,2026-03-14,CVE-2025-9463,6.5,2025-09-11T17:14:10.147
CVE-2025-9367,0.000270000,0.071320000,0.38764174959500114,2026-03-14,2026-03-14,CVE-2025-9367,5.5,2025-09-11T17:14:10.147
CVE-2025-8778,0.000390000,0.116280000,0.6503124276787781,2026-03-14,2026-03-14,CVE-2025-8778,4.3,2025-09-11T17:14:10.147
CVE-2025-8388,0.000310000,0.087430000,0.5299699143716732,2026-03-14,2026-03-14,CVE-2025-8388,6.4,2025-09-11T17:14:10.147
CVE-2025-7843,0.000340000,0.095920000,0.571395510298542,2026-03-14,2026-03-14,CVE-2025-7843,6.4,2025-09-11T17:14:10.147
CVE-2025-7826,0.000280000,0.077160000,0.42814163388104604,2026-03-14,2026-03-14,CVE-2025-7826,6.5,2025-09-11T17:14:10.147
CVE-2025-7746,0.000550000,0.169940000,0.7428835917611664,2026-03-14,2026-03-14,CVE-2025-7746,,2025-11-03T19:16:15.943
CVE-2025-7718,0.000560000,0.173070000,0.7495950011571395,2026-03-14,2026-03-14,CVE-2025-7718,8.8,2025-09-11T17:14:10.147
CVE-2025-7049,0.000560000,0.173070000,0.7495950011571395,2026-03-14,2026-03-14,CVE-2025-7049,8.8,2025-09-11T17:14:10.147
CVE-2025-6189,0.000270000,0.071170000,0.38764174959500114,2026-03-14,2026-03-14,CVE-2025-6189,6.5,2025-09-11T17:14:10.147
CVE-2025-59046,0.002600000,0.491540000,0.936357324693358,2026-03-14,2026-03-14,CVE-2025-59046,9.8,2025-09-11T17:14:10.147
CVE-2025-59044,0.000150000,0.029020000,0.15528812774820644,2026-03-14,2026-03-14,CVE-2025-59044,4.4,2025-09-11T17:14:10.147
CVE-2025-59042,0.000160000,0.033190000,0.23698218005091415,2026-03-14,2026-03-14,CVE-2025-59042,,2025-09-11T17:14:10.147
CVE-2025-59039,0.000720000,0.216910000,0.8049062716963665,2026-03-14,2026-03-14,CVE-2025-59039,,2025-09-11T17:14:10.147
CVE-2025-59038,0.000720000,0.216910000,0.8049062716963665,2026-03-14,2026-03-14,CVE-2025-59038,,2025-09-11T17:14:10.147
CVE-2025-59037,0.000590000,0.183820000,0.7644063874103216,2026-03-14,2026-03-14,CVE-2025-59037,,2025-09-11T17:14:25.240
CVE-2025-59036,0.000680000,0.209160000,0.7970377227493636,2026-03-14,2026-03-14,CVE-2025-59036,5.5,2025-09-11T17:14:10.147
CVE-2025-58768,0.000850000,0.246330000,0.8356861837537607,2026-03-14,2026-03-14,CVE-2025-58768,9.6,2025-09-18T20:26:13.443
CVE-2025-58765,0.000520000,0.161340000,0.7308493404304559,2026-03-14,2026-03-14,CVE-2025-58765,7.1,2025-09-11T17:14:25.240
CVE-2025-58764,0.001230000,0.313290000,0.8877574635501041,2026-03-14,2026-03-14,CVE-2025-58764,9.8,2025-10-24T14:46:37.453
CVE-2025-58763,0.003710000,0.585560000,0.9534829900485998,2026-03-14,2026-03-14,CVE-2025-58763,7.2,2025-09-18T20:30:01.190
CVE-2025-58750,0.000450000,0.136490000,0.6917380236056468,2026-03-14,2026-03-14,CVE-2025-58750,9.1,2025-09-17T20:35:43.327
CVE-2025-58462,0.000840000,0.244620000,0.8322147651006712,2026-03-14,2026-03-14,CVE-2025-58462,9.8,2025-09-26T13:39:18.220
CVE-2025-58448,0.000380000,0.110330000,0.634343901874566,2026-03-14,2026-03-14,CVE-2025-58448,9.8,2025-09-17T20:36:12.373
CVE-2025-58447,0.002640000,0.494970000,0.9382087479750058,2026-03-14,2026-03-14,CVE-2025-58447,9.8,2025-09-17T20:53:21.610
CVE-2025-58135,0.000390000,0.114350000,0.6503124276787781,2026-03-14,2026-03-14,CVE-2025-58135,6.5,2025-10-06T17:58:01.900
CVE-2025-58134,0.000300000,0.082780000,0.515852811849109,2026-03-14,2026-03-14,CVE-2025-58134,4.3,2025-10-06T17:47:34.463
CVE-2025-58131,0.000100000,0.010010000,0.03633418190233742,2026-03-14,2026-03-14,CVE-2025-58131,6.6,2025-09-11T17:14:10.147
CVE-2025-57633,0.005260000,0.666960000,0.9671372367507521,2026-03-14,2026-03-14,CVE-2025-57633,9.8,2025-09-11T17:14:25.240
CVE-2025-57573,0.000400000,0.119130000,0.6570238370747512,2026-03-14,2026-03-14,CVE-2025-57573,5.6,2025-09-17T20:58:07.797
CVE-2025-57572,0.000400000,0.119130000,0.6570238370747512,2026-03-14,2026-03-14,CVE-2025-57572,5.6,2025-09-17T20:58:33.297
CVE-2025-57571,0.000400000,0.119130000,0.6570238370747512,2026-03-14,2026-03-14,CVE-2025-57571,5.6,2025-09-17T20:58:45.243
CVE-2025-57570,0.000400000,0.119130000,0.6570238370747512,2026-03-14,2026-03-14,CVE-2025-57570,5.6,2025-09-17T20:59:57.910
CVE-2025-57569,0.000400000,0.119130000,0.6570238370747512,2026-03-14,2026-03-14,CVE-2025-57569,5.6,2025-09-17T21:01:39.773
CVE-2025-56578,0.000500000,0.152400000,0.7192779449201574,2026-03-14,2026-03-14,CVE-2025-56578,5.7,2025-10-15T17:15:59.737
CVE-2025-56466,0.000430000,0.128520000,0.6794723443647304,2026-03-14,2026-03-14,CVE-2025-56466,7.5,2025-10-06T17:13:37.450
CVE-2025-56413,0.001960000,0.413220000,0.9227030779912058,2026-03-14,2026-03-14,CVE-2025-56413,8.8,2025-11-18T17:41:44.543
CVE-2025-56407,0.000350000,0.101300000,0.5912983105762555,2026-03-14,2026-03-14,CVE-2025-56407,8.8,2025-10-06T17:16:11.120
CVE-2025-56406,0.000860000,0.248080000,0.8382318907660263,2026-03-14,2026-03-14,CVE-2025-56406,7.5,2025-09-16T13:16:11.347
CVE-2025-56405,0.000590000,0.183730000,0.7644063874103216,2026-03-14,2026-03-14,CVE-2025-56405,7.5,2025-09-17T20:31:22.920
CVE-2025-56404,0.000880000,0.250140000,0.841240453598704,2026-03-14,2026-03-14,CVE-2025-56404,7.5,2025-09-17T20:32:54.887
CVE-2025-54260,0.000270000,0.072650000,0.38764174959500114,2026-03-14,2026-03-14,CVE-2025-54260,7.8,2025-09-12T15:01:41.767
CVE-2025-54259,0.000270000,0.072650000,0.38764174959500114,2026-03-14,2026-03-14,CVE-2025-54259,7.8,2025-09-12T15:02:52.680
CVE-2025-54258,0.000360000,0.103460000,0.60310113399676,2026-03-14,2026-03-14,CVE-2025-54258,7.8,2025-09-12T15:02:57.290
CVE-2025-54245,0.000270000,0.072650000,0.38764174959500114,2026-03-14,2026-03-14,CVE-2025-54245,7.8,2025-09-12T18:35:32.953
CVE-2025-54244,0.000270000,0.072650000,0.38764174959500114,2026-03-14,2026-03-14,CVE-2025-54244,7.8,2025-09-12T18:35:29.047
CVE-2025-54243,0.000270000,0.072650000,0.38764174959500114,2026-03-14,2026-03-14,CVE-2025-54243,7.8,2025-09-12T18:35:23.673
CVE-2025-54241,0.000220000,0.056010000,0.32399907428835917,2026-03-14,2026-03-14,CVE-2025-54241,5.5,2025-09-12T14:29:30.777
CVE-2025-54240,0.000220000,0.056010000,0.32399907428835917,2026-03-14,2026-03-14,CVE-2025-54240,5.5,2025-09-12T14:29:22.800
CVE-2025-54239,0.000220000,0.056010000,0.32399907428835917,2026-03-14,2026-03-14,CVE-2025-54239,5.5,2025-09-12T14:29:06.223
CVE-2025-49461,0.000490000,0.151770000,0.7137236750752141,2026-03-14,2026-03-14,CVE-2025-49461,7.4,2025-10-06T17:45:49.187
CVE-2025-49460,0.000690000,0.210840000,0.7993520018514233,2026-03-14,2026-03-14,CVE-2025-49460,7.5,2025-10-17T19:42:52.870
CVE-2025-49459,0.000170000,0.038630000,0.2561906965980097,2026-03-14,2026-03-14,CVE-2025-49459,7.8,2025-09-11T17:14:10.147
CVE-2025-49458,0.000780000,0.231660000,0.8213376533209905,2026-03-14,2026-03-14,CVE-2025-49458,6.5,2025-10-17T19:43:11.910
CVE-2025-43938,0.000110000,0.013770000,0.04813700532284194,2026-03-14,2026-03-14,CVE-2025-43938,4.4,2025-10-20T14:02:23.670
CVE-2025-43888,0.000200000,0.048880000,0.31080768340661885,2026-03-14,2026-03-14,CVE-2025-43888,7.8,2025-10-20T14:25:24.523
CVE-2025-43887,0.000110000,0.011940000,0.04813700532284194,2026-03-14,2026-03-14,CVE-2025-43887,7.8,2025-10-20T14:28:39.700
CVE-2025-43886,0.000160000,0.034410000,0.23698218005091415,2026-03-14,2026-03-14,CVE-2025-43886,4.4,2025-10-20T14:38:02.060
CVE-2025-43885,0.000270000,0.072280000,0.38764174959500114,2026-03-14,2026-03-14,CVE-2025-43885,7.8,2025-10-20T14:38:20.800
CVE-2025-43884,0.000170000,0.038840000,0.2561906965980097,2026-03-14,2026-03-14,CVE-2025-43884,6.7,2025-09-17T20:20:39.270
CVE-2025-43725,0.000130000,0.021400000,0.09789400601712567,2026-03-14,2026-03-14,CVE-2025-43725,7.8,2025-11-04T15:26:42.623
CVE-2025-41714,0.005200000,0.665080000,0.9664429530201343,2026-03-14,2026-03-14,CVE-2025-41714,8.8,2025-09-11T17:14:10.147
CVE-2025-40979,0.000190000,0.046530000,0.29946771580652626,2026-03-14,2026-03-14,CVE-2025-40979,,2025-09-11T17:14:10.147
CVE-2025-40725,0.000550000,0.169940000,0.7428835917611664,2026-03-14,2026-03-14,CVE-2025-40725,,2025-09-11T17:14:10.147
CVE-2025-36759,0.000600000,0.187180000,0.7711177968062949,2026-03-14,2026-03-14,CVE-2025-36759,,2025-09-11T17:14:10.147
CVE-2025-36758,0.000990000,0.275350000,0.8558204119416801,2026-03-14,2026-03-14,CVE-2025-36758,,2025-09-11T17:14:10.147
CVE-2025-36757,0.000580000,0.181400000,0.7607035408470262,2026-03-14,2026-03-14,CVE-2025-36757,,2025-09-11T17:14:10.147
CVE-2025-36756,0.000550000,0.170670000,0.7428835917611664,2026-03-14,2026-03-14,CVE-2025-36756,,2025-09-11T17:14:10.147
CVE-2025-29592,0.001280000,0.320560000,0.8919231659338116,2026-03-14,2026-03-14,CVE-2025-29592,5.6,2025-11-19T17:06:38.830
CVE-2025-20340,0.000310000,0.087790000,0.5299699143716732,2026-03-14,2026-03-14,CVE-2025-20340,7.4,2025-09-11T17:14:10.147
CVE-2025-20248,0.000080000,0.007030000,0.024299930571626938,2026-03-14,2026-03-14,CVE-2025-20248,6.0,2025-09-11T17:14:10.147
CVE-2025-20159,0.000290000,0.081560000,0.4619301087711178,2026-03-14,2026-03-14,CVE-2025-20159,5.3,2025-09-11T17:14:10.147
CVE-2025-10231,0.000120000,0.016180000,0.06017125665355242,2026-03-14,2026-03-14,CVE-2025-10231,7.8,2025-09-22T18:25:11.643
CVE-2025-10227,0.000070000,0.004980000,0.017588521175653783,2026-03-14,2026-03-14,CVE-2025-10227,4.6,2025-12-19T13:48:18.410
CVE-2025-10226,0.003680000,0.583870000,0.952788706317982,2026-03-14,2026-03-14,CVE-2025-10226,9.8,2025-12-19T13:54:04.383
CVE-2025-10225,0.001510000,0.355800000,0.905114556815552,2026-03-14,2026-03-14,CVE-2025-10225,7.5,2025-10-08T12:15:35.553
CVE-2025-10224,0.001730000,0.385660000,0.9148345290442027,2026-03-14,2026-03-14,CVE-2025-10224,7.1,2025-10-08T12:15:35.323
CVE-2025-10223,0.000460000,0.137830000,0.6989122888220319,2026-03-14,2026-03-14,CVE-2025-10223,8.1,2025-10-08T12:15:35.013
CVE-2025-10222,0.000140000,0.024570000,0.11409395973154363,2026-03-14,2026-03-14,CVE-2025-10222,3.3,2025-10-08T12:15:34.840
CVE-2025-10221,0.000140000,0.022170000,0.11409395973154363,2026-03-14,2026-03-14,CVE-2025-10221,5.5,2025-12-19T14:24:48.670
CVE-2025-10220,0.004280000,0.621410000,0.960425827354779,2026-03-14,2026-03-14,CVE-2025-10220,9.8,2025-12-19T14:34:29.803
CVE-2025-10215,0.000120000,0.017360000,0.06017125665355242,2026-03-14,2026-03-14,CVE-2025-10215,7.8,2026-01-20T20:43:36.617
CVE-2025-10214,0.000120000,0.017360000,0.06017125665355242,2026-03-14,2026-03-14,CVE-2025-10214,7.8,2026-01-29T16:07:21.720
CVE-2025-10213,0.000120000,0.017360000,0.06017125665355242,2026-03-14,2026-03-14,CVE-2025-10213,7.8,2026-01-29T01:50:08.670
CVE-2025-10197,0.000250000,0.063580000,0.3596389724600787,2026-03-14,2026-03-14,CVE-2025-10197,6.3,2025-09-11T17:14:10.147
CVE-2025-10195,0.000140000,0.025280000,0.11409395973154363,2026-03-14,2026-03-14,CVE-2025-10195,5.3,2025-09-11T17:14:10.147
CVE-2025-10172,0.002850000,0.516770000,0.9414487387178894,2026-03-14,2026-03-14,CVE-2025-10172,8.8,2026-01-12T17:33:23.210
CVE-2025-10171,0.002850000,0.516770000,0.9414487387178894,2026-03-14,2026-03-14,CVE-2025-10171,8.8,2026-01-08T16:06:26.037
CVE-2025-10142,0.000380000,0.111730000,0.634343901874566,2026-03-14,2026-03-14,CVE-2025-10142,4.9,2025-09-11T17:14:10.147
CVE-2025-10126,0.000310000,0.087430000,0.5299699143716732,2026-03-14,2026-03-14,CVE-2025-10126,6.4,2025-09-11T17:14:10.147
CVE-2025-10049,0.002220000,0.446020000,0.9275630641055311,2026-03-14,2026-03-14,CVE-2025-10049,7.2,2025-09-11T17:14:10.147
CVE-2025-10040,0.000360000,0.103420000,0.60310113399676,2026-03-14,2026-03-14,CVE-2025-10040,7.7,2025-09-11T17:14:10.147
CVE-2025-10001,0.002220000,0.446020000,0.9275630641055311,2026-03-14,2026-03-14,CVE-2025-10001,7.2,2025-09-11T17:14:10.147
CVE-2025-9918,0.004880000,0.651700000,0.9643601018282805,2026-03-14,2026-03-14,CVE-2025-9918,,2025-09-11T17:14:10.147
CVE-2025-9910,0.000320000,0.089040000,0.5459384401758852,2026-03-14,2026-03-14,CVE-2025-9910,4.7,2025-09-11T17:14:10.147
CVE-2025-9874,0.000620000,0.192270000,0.777597778292062,2026-03-14,2026-03-14,CVE-2025-9874,7.5,2025-09-11T17:14:10.147
CVE-2025-9861,0.000320000,0.088200000,0.5459384401758852,2026-03-14,2026-03-14,CVE-2025-9861,6.4,2025-09-11T17:14:10.147
CVE-2025-9860,0.000320000,0.088200000,0.5459384401758852,2026-03-14,2026-03-14,CVE-2025-9860,6.4,2025-09-11T17:14:10.147
CVE-2025-9855,0.000320000,0.088200000,0.5459384401758852,2026-03-14,2026-03-14,CVE-2025-9855,6.4,2025-09-11T17:14:10.147
CVE-2025-9850,0.000320000,0.088200000,0.5459384401758852,2026-03-14,2026-03-14,CVE-2025-9850,6.4,2025-09-11T17:14:10.147
CVE-2025-9776,0.000360000,0.102960000,0.60310113399676,2026-03-14,2026-03-14,CVE-2025-9776,6.5,2025-09-11T17:14:10.147
CVE-2025-9714,0.000090000,0.007660000,0.03031705623698218,2026-03-14,2026-03-14,CVE-2025-9714,5.5,2025-11-03T19:16:17.563
CVE-2025-9693,0.001600000,0.367410000,0.9085859754686415,2026-03-14,2026-03-14,CVE-2025-9693,8.0,2025-09-11T17:14:10.147
CVE-2025-9635,0.000110000,0.013720000,0.04813700532284194,2026-03-14,2026-03-14,CVE-2025-9635,4.3,2025-09-11T17:14:10.147
CVE-2025-9634,0.000130000,0.018640000,0.09789400601712567,2026-03-14,2026-03-14,CVE-2025-9634,4.3,2025-09-11T17:14:10.147
CVE-2025-9633,0.000130000,0.020380000,0.09789400601712567,2026-03-14,2026-03-14,CVE-2025-9633,4.3,2025-09-11T17:14:10.147
CVE-2025-9632,0.000110000,0.013720000,0.04813700532284194,2026-03-14,2026-03-14,CVE-2025-9632,4.3,2025-09-11T17:14:10.147
CVE-2025-9631,0.000110000,0.013720000,0.04813700532284194,2026-03-14,2026-03-14,CVE-2025-9631,4.3,2025-09-11T17:14:10.147
CVE-2025-9628,0.000110000,0.013720000,0.04813700532284194,2026-03-14,2026-03-14,CVE-2025-9628,4.3,2025-09-11T17:14:10.147
CVE-2025-9627,0.000130000,0.018640000,0.09789400601712567,2026-03-14,2026-03-14,CVE-2025-9627,4.3,2025-09-11T17:14:10.147
CVE-2025-9623,0.000110000,0.013720000,0.04813700532284194,2026-03-14,2026-03-14,CVE-2025-9623,4.3,2025-09-11T17:14:10.147
CVE-2025-9620,0.000110000,0.013690000,0.04813700532284194,2026-03-14,2026-03-14,CVE-2025-9620,6.1,2025-09-11T17:14:10.147
CVE-2025-9617,0.000170000,0.037750000,0.2561906965980097,2026-03-14,2026-03-14,CVE-2025-9617,5.3,2025-09-11T17:14:10.147
CVE-2025-9451,0.000270000,0.071170000,0.38764174959500114,2026-03-14,2026-03-14,CVE-2025-9451,6.5,2025-09-11T17:14:10.147
CVE-2025-9128,0.000310000,0.087430000,0.5299699143716732,2026-03-14,2026-03-14,CVE-2025-9128,6.4,2025-09-11T17:14:10.147
CVE-2025-9123,0.000320000,0.088200000,0.5459384401758852,2026-03-14,2026-03-14,CVE-2025-9123,6.4,2025-09-11T17:14:10.147
CVE-2025-9073,0.000930000,0.259420000,0.8502661420967369,2026-03-14,2026-03-14,CVE-2025-9073,7.5,2025-09-11T17:14:10.147
CVE-2025-9059,0.000190000,0.045420000,0.29946771580652626,2026-03-14,2026-03-14,CVE-2025-9059,,2025-09-11T17:14:10.147
CVE-2025-9034,0.000270000,0.072010000,0.38764174959500114,2026-03-14,2026-03-14,CVE-2025-9034,6.1,2025-09-11T17:14:10.147
CVE-2025-8721,0.000310000,0.087430000,0.5299699143716732,2026-03-14,2026-03-14,CVE-2025-8721,6.4,2025-09-11T17:14:10.147
CVE-2025-8696,0.001210000,0.309440000,0.8859060402684564,2026-03-14,2026-03-14,CVE-2025-8696,7.5,2025-11-04T22:16:45.083
CVE-2025-8692,0.000280000,0.077470000,0.42814163388104604,2026-03-14,2026-03-14,CVE-2025-8692,4.9,2025-09-11T17:14:10.147
CVE-2025-8691,0.000310000,0.087430000,0.5299699143716732,2026-03-14,2026-03-14,CVE-2025-8691,6.4,2025-09-11T17:14:10.147
CVE-2025-8689,0.000320000,0.088200000,0.5459384401758852,2026-03-14,2026-03-14,CVE-2025-8689,6.4,2025-09-11T17:14:10.147
CVE-2025-8686,0.000370000,0.106570000,0.6213839389030317,2026-03-14,2026-03-14,CVE-2025-8686,6.4,2025-09-11T17:14:10.147
CVE-2025-8681,0.000240000,0.061920000,0.3401990280027771,2026-03-14,2026-03-14,CVE-2025-8681,5.4,2025-10-29T18:14:25.747
CVE-2025-8570,0.000820000,0.239110000,0.8292062022679936,2026-03-14,2026-03-14,CVE-2025-8570,9.8,2025-09-11T17:14:10.147
CVE-2025-8492,0.001940000,0.411540000,0.9222402221707938,2026-03-14,2026-03-14,CVE-2025-8492,5.3,2025-09-11T17:14:10.147
CVE-2025-8481,0.000130000,0.018640000,0.09789400601712567,2026-03-14,2026-03-14,CVE-2025-8481,4.3,2025-09-11T17:14:10.147
CVE-2025-8479,0.000130000,0.020380000,0.09789400601712567,2026-03-14,2026-03-14,CVE-2025-8479,4.3,2025-09-11T17:14:10.147
CVE-2025-8445,0.000320000,0.088200000,0.5459384401758852,2026-03-14,2026-03-14,CVE-2025-8445,6.4,2025-09-11T17:14:10.147
CVE-2025-8425,0.000560000,0.173070000,0.7495950011571395,2026-03-14,2026-03-14,CVE-2025-8425,8.8,2025-09-11T17:14:10.147
CVE-2025-8423,0.001100000,0.292870000,0.8754917843091877,2026-03-14,2026-03-14,CVE-2025-8423,5.4,2025-09-11T17:14:10.147
CVE-2025-8422,0.001210000,0.310650000,0.8859060402684564,2026-03-14,2026-03-14,CVE-2025-8422,7.5,2025-09-11T17:14:10.147
CVE-2025-8417,0.002840000,0.514440000,0.9412173108076834,2026-03-14,2026-03-14,CVE-2025-8417,8.1,2025-09-11T17:14:10.147
CVE-2025-8398,0.000310000,0.087430000,0.5299699143716732,2026-03-14,2026-03-14,CVE-2025-8398,6.4,2025-09-11T17:14:10.147
CVE-2025-8392,0.000310000,0.087430000,0.5299699143716732,2026-03-14,2026-03-14,CVE-2025-8392,6.4,2025-09-11T17:14:10.147
CVE-2025-8318,0.000310000,0.087430000,0.5299699143716732,2026-03-14,2026-03-14,CVE-2025-8318,6.4,2025-09-11T17:14:10.147
CVE-2025-8316,0.000310000,0.087430000,0.5299699143716732,2026-03-14,2026-03-14,CVE-2025-8316,6.4,2025-09-11T17:14:10.147
CVE-2025-8215,0.000320000,0.088200000,0.5459384401758852,2026-03-14,2026-03-14,CVE-2025-8215,6.4,2025-09-11T17:14:10.147
CVE-2025-6088,0.000300000,0.082330000,0.515852811849109,2026-03-14,2026-03-14,CVE-2025-6088,3.1,2025-10-16T16:00:19.400
CVE-2025-59052,0.000500000,0.155040000,0.7192779449201574,2026-03-14,2026-03-14,CVE-2025-59052,,2025-09-11T17:14:10.147
CVE-2025-59049,0.019070000,0.830850000,0.9865771812080537,2026-03-14,2026-03-14,CVE-2025-59049,7.5,2025-09-11T17:14:10.147
CVE-2025-59045,0.000740000,0.221860000,0.8111548252719278,2026-03-14,2026-03-14,CVE-2025-59045,,2025-09-11T17:14:10.147
CVE-2025-59041,0.001460000,0.347230000,0.9018745660726684,2026-03-14,2026-03-14,CVE-2025-59041,9.8,2025-10-22T18:40:53.837
CVE-2025-59035,0.000290000,0.080270000,0.4619301087711178,2026-03-14,2026-03-14,CVE-2025-59035,5.4,2025-09-17T21:23:56.843
CVE-2025-59034,0.000420000,0.127450000,0.6739180745197871,2026-03-14,2026-03-14,CVE-2025-59034,4.3,2025-09-17T21:31:06.693
CVE-2025-58321,0.001140000,0.299970000,0.8801203425133071,2026-03-14,2026-03-14,CVE-2025-58321,10.0,2025-09-26T14:43:15.530
CVE-2025-58320,0.000530000,0.162310000,0.7345521869937515,2026-03-14,2026-03-14,CVE-2025-58320,7.3,2025-09-26T14:43:41.973
CVE-2025-5801,0.000310000,0.087430000,0.5299699143716732,2026-03-14,2026-03-14,CVE-2025-5801,6.4,2025-09-11T17:14:10.147
CVE-2025-57642,0.022410000,0.843540000,0.9881971765794955,2026-03-14,2026-03-14,CVE-2025-57642,7.2,2025-10-17T19:28:54.450
CVE-2025-57520,0.000110000,0.013870000,0.04813700532284194,2026-03-14,2026-03-14,CVE-2025-57520,6.1,2025-09-16T17:35:50.310
CVE-2025-57392,0.000200000,0.050570000,0.31080768340661885,2026-03-14,2026-03-14,CVE-2025-57392,7.8,2025-09-17T21:22:34.947
CVE-2025-55976,0.000890000,0.252910000,0.8428604489701458,2026-03-14,2026-03-14,CVE-2025-55976,8.4,2025-10-17T19:09:23.423
CVE-2025-54376,0.001650000,0.374160000,0.9104373987502893,2026-03-14,2026-03-14,CVE-2025-54376,7.5,2025-09-24T14:18:24.587
CVE-2025-54123,0.503840000,0.977990000,0.9979171488081463,2026-03-14,2026-03-14,CVE-2025-54123,9.8,2025-09-17T21:17:53.460
CVE-2025-50892,0.000250000,0.063450000,0.3596389724600787,2026-03-14,2026-03-14,CVE-2025-50892,7.8,2025-10-20T14:37:01.910
CVE-2025-48041,0.001070000,0.289070000,0.8687803749132146,2026-03-14,2026-03-14,CVE-2025-48041,,2025-09-11T17:14:10.147
CVE-2025-48040,0.000850000,0.246160000,0.8356861837537607,2026-03-14,2026-03-14,CVE-2025-48040,,2025-09-11T17:14:10.147
CVE-2025-48039,0.001230000,0.312980000,0.8877574635501041,2026-03-14,2026-03-14,CVE-2025-48039,,2025-09-11T17:14:10.147
CVE-2025-48038,0.001230000,0.312980000,0.8877574635501041,2026-03-14,2026-03-14,CVE-2025-48038,,2025-09-11T17:14:10.147
CVE-2025-43785,0.000280000,0.074280000,0.42814163388104604,2026-03-14,2026-03-14,CVE-2025-43785,6.1,2025-12-16T15:07:24.647
CVE-2025-43784,0.000430000,0.131470000,0.6794723443647304,2026-03-14,2026-03-14,CVE-2025-43784,6.5,2025-12-16T14:45:25.463
CVE-2025-43783,0.000250000,0.065390000,0.3596389724600787,2026-03-14,2026-03-14,CVE-2025-43783,6.1,2025-12-16T14:45:55.890
CVE-2025-40695,0.000320000,0.090710000,0.5459384401758852,2026-03-14,2026-03-14,CVE-2025-40695,5.4,2025-09-12T15:31:11.180
CVE-2025-40694,0.000320000,0.090710000,0.5459384401758852,2026-03-14,2026-03-14,CVE-2025-40694,5.4,2025-09-12T15:31:24.010
CVE-2025-40693,0.000320000,0.090710000,0.5459384401758852,2026-03-14,2026-03-14,CVE-2025-40693,5.4,2025-09-12T15:31:37.410
CVE-2025-40692,0.000360000,0.102470000,0.60310113399676,2026-03-14,2026-03-14,CVE-2025-40692,9.8,2025-09-12T15:31:47.440
CVE-2025-40691,0.000360000,0.102470000,0.60310113399676,2026-03-14,2026-03-14,CVE-2025-40691,9.8,2025-09-12T15:31:54.967
CVE-2025-40690,0.000360000,0.102470000,0.60310113399676,2026-03-14,2026-03-14,CVE-2025-40690,9.8,2025-09-12T15:32:04.580
CVE-2025-40689,0.000360000,0.102470000,0.60310113399676,2026-03-14,2026-03-14,CVE-2025-40689,9.8,2025-09-12T15:32:20.270
CVE-2025-40687,0.000360000,0.102470000,0.60310113399676,2026-03-14,2026-03-14,CVE-2025-40687,9.8,2025-09-12T15:32:29.880
CVE-2025-10250,0.000170000,0.040270000,0.2561906965980097,2026-03-14,2026-03-14,CVE-2025-10250,5.0,2025-09-11T17:14:10.147
CVE-2025-10247,0.000390000,0.115420000,0.6503124276787781,2026-03-14,2026-03-14,CVE-2025-10247,6.3,2025-09-11T17:14:10.147
CVE-2025-10246,0.000220000,0.055770000,0.32399907428835917,2026-03-14,2026-03-14,CVE-2025-10246,3.5,2025-09-11T17:14:10.147
CVE-2025-10245,0.000290000,0.081260000,0.4619301087711178,2026-03-14,2026-03-14,CVE-2025-10245,4.3,2025-09-11T17:14:10.147
CVE-2025-10236,0.001140000,0.300240000,0.8801203425133071,2026-03-14,2026-03-14,CVE-2025-10236,7.5,2025-10-31T14:39:12.907
CVE-2025-10235,0.000320000,0.087900000,0.5459384401758852,2026-03-14,2026-03-14,CVE-2025-10235,4.8,2025-10-02T20:18:25.550
CVE-2025-10234,0.000320000,0.087900000,0.5459384401758852,2026-03-14,2026-03-14,CVE-2025-10234,4.8,2025-10-02T20:19:10.580
CVE-2025-10233,0.000780000,0.229650000,0.8213376533209905,2026-03-14,2026-03-14,CVE-2025-10233,4.3,2025-09-12T15:34:55.973
CVE-2025-10232,0.000550000,0.169600000,0.7428835917611664,2026-03-14,2026-03-14,CVE-2025-10232,5.4,2025-09-11T17:14:10.147
CVE-2025-10229,0.000310000,0.085220000,0.5299699143716732,2026-03-14,2026-03-14,CVE-2025-10229,4.3,2025-09-11T17:14:10.147
CVE-2025-10218,0.000290000,0.078440000,0.4619301087711178,2026-03-14,2026-03-14,CVE-2025-10218,9.8,2025-10-16T16:07:42.750
CVE-2025-10216,0.000200000,0.049860000,0.31080768340661885,2026-03-14,2026-03-14,CVE-2025-10216,2.6,2025-09-11T17:14:10.147
CVE-2025-10211,0.050810000,0.896560000,0.992362878963203,2026-03-14,2026-03-14,CVE-2025-10211,6.3,2025-09-15T14:53:01.553
CVE-2025-10210,0.005340000,0.670660000,0.96783152048137,2026-03-14,2026-03-14,CVE-2025-10210,8.8,2025-09-15T14:53:19.130
CVE-2025-10209,0.000440000,0.131960000,0.6854894700300856,2026-03-14,2026-03-14,CVE-2025-10209,5.4,2025-09-11T17:14:10.147
CVE-2025-10201,0.000220000,0.055610000,0.32399907428835917,2026-03-14,2026-03-14,CVE-2025-10201,8.8,2025-09-22T16:51:08.873
CVE-2025-10200,0.000820000,0.239220000,0.8292062022679936,2026-03-14,2026-03-14,CVE-2025-10200,8.8,2025-09-22T16:50:42.040
CVE-2025-0763,0.000360000,0.102210000,0.60310113399676,2026-03-14,2026-03-14,CVE-2025-0763,4.3,2025-09-11T17:14:10.147
CVE-2024-47120,0.000120000,0.015380000,0.06017125665355242,2026-03-14,2026-03-14,CVE-2024-47120,6.8,2025-09-18T20:50:25.933
CVE-2024-45671,0.000140000,0.025290000,0.11409395973154363,2026-03-14,2026-03-14,CVE-2024-45671,7.5,2025-09-17T21:08:24.490
CVE-2024-45669,0.001110000,0.294030000,0.8766489238602175,2026-03-14,2026-03-14,CVE-2024-45669,6.5,2025-09-17T21:08:47.960
CVE-2025-9877,0.000320000,0.088200000,0.5459384401758852,2026-03-14,2026-03-14,CVE-2025-9877,6.4,2025-09-15T15:22:38.297
CVE-2025-9807,0.000930000,0.259420000,0.8502661420967369,2026-03-14,2026-03-14,CVE-2025-9807,7.5,2025-09-15T15:22:38.297
CVE-2025-9319,0.000240000,0.059870000,0.3401990280027771,2026-03-14,2026-03-14,CVE-2025-9319,7.5,2025-09-15T15:22:38.297
CVE-2025-9214,0.000180000,0.041360000,0.2735477898634575,2026-03-14,2026-03-14,CVE-2025-9214,5.4,2025-09-15T15:22:38.297
CVE-2025-9201,0.000170000,0.039360000,0.2561906965980097,2026-03-14,2026-03-14,CVE-2025-9201,7.8,2025-09-15T15:22:38.297
CVE-2025-9018,0.000710000,0.216180000,0.8012034251330711,2026-03-14,2026-03-14,CVE-2025-9018,8.8,2025-09-11T17:14:10.147
CVE-2025-8716,0.000450000,0.136170000,0.6917380236056468,2026-03-14,2026-03-14,CVE-2025-8716,,2025-09-11T17:14:10.147
CVE-2025-8557,0.000290000,0.079700000,0.4619301087711178,2026-03-14,2026-03-14,CVE-2025-8557,8.8,2025-09-15T15:22:38.297
CVE-2025-8061,0.000060000,0.002870000,0.007868548947003009,2026-03-14,2026-03-14,CVE-2025-8061,7.0,2025-09-15T15:22:38.297
CVE-2025-59055,0.001920000,0.410050000,0.9217773663503819,2026-03-14,2026-03-14,CVE-2025-59055,7.2,2025-09-24T13:30:22.057
CVE-2025-59053,0.000380000,0.111530000,0.634343901874566,2026-03-14,2026-03-14,CVE-2025-59053,9.6,2025-09-15T15:22:38.297
CVE-2025-59047,0.000760000,0.226230000,0.8162462392964591,2026-03-14,2026-03-14,CVE-2025-59047,,2025-09-15T15:22:38.297
CVE-2025-58754,0.001020000,0.279420000,0.8602175422355937,2026-03-14,2026-03-14,CVE-2025-58754,7.5,2026-01-16T15:15:52.463
CVE-2025-58364,0.001130000,0.298010000,0.8791946308724832,2026-03-14,2026-03-14,CVE-2025-58364,6.5,2025-11-04T22:16:34.003
CVE-2025-58145,0.000440000,0.133190000,0.6854894700300856,2026-03-14,2026-03-14,CVE-2025-58145,7.5,2025-11-04T22:16:32.653
CVE-2025-58144,0.000570000,0.176830000,0.7558435547327008,2026-03-14,2026-03-14,CVE-2025-58144,7.5,2025-11-04T22:16:32.523
CVE-2025-58143,0.000470000,0.143870000,0.7042351307567692,2026-03-14,2026-03-14,CVE-2025-58143,9.8,2025-11-04T22:16:32.393
CVE-2025-58142,0.000250000,0.065980000,0.3596389724600787,2026-03-14,2026-03-14,CVE-2025-58142,9.8,2025-11-04T22:16:32.257
CVE-2025-58065,0.000290000,0.081550000,0.4619301087711178,2026-03-14,2026-03-14,CVE-2025-58065,6.5,2025-09-24T13:41:42.183
CVE-2025-58060,0.000490000,0.151800000,0.7137236750752141,2026-03-14,2026-03-14,CVE-2025-58060,8.0,2025-11-04T22:16:32.160
CVE-2025-56556,0.000500000,0.152290000,0.7192779449201574,2026-03-14,2026-03-14,CVE-2025-56556,3.8,2025-11-25T15:15:52.147
CVE-2025-55319,0.000730000,0.219320000,0.8072205507984263,2026-03-14,2026-03-14,CVE-2025-55319,9.8,2026-02-20T17:25:39.870
CVE-2025-43790,0.000590000,0.183530000,0.7644063874103216,2026-03-14,2026-03-14,CVE-2025-43790,8.1,2025-12-16T15:14:05.343
CVE-2025-43789,0.000340000,0.096450000,0.571395510298542,2026-03-14,2026-03-14,CVE-2025-43789,5.3,2025-12-23T19:07:38.263
CVE-2025-43788,0.000500000,0.153810000,0.7192779449201574,2026-03-14,2026-03-14,CVE-2025-43788,4.3,2025-12-16T15:13:03.607
CVE-2025-43782,0.000500000,0.153810000,0.7192779449201574,2026-03-14,2026-03-14,CVE-2025-43782,4.3,2025-12-16T14:48:29.363
CVE-2025-40696,0.000320000,0.090710000,0.5459384401758852,2026-03-14,2026-03-14,CVE-2025-40696,5.4,2025-09-12T15:30:57.173
CVE-2025-40300,0.000230000,0.057990000,0.3323304790557741,2026-03-14,2026-03-14,CVE-2025-40300,5.5,2026-01-16T20:25:45.940
CVE-2025-39791,0.000100000,0.009960000,0.03633418190233742,2026-03-14,2026-03-14,CVE-2025-39791,5.5,2025-11-25T18:20:14.283
CVE-2025-39790,0.000150000,0.029480000,0.15528812774820644,2026-03-14,2026-03-14,CVE-2025-39790,7.8,2026-01-16T20:25:39.967
CVE-2025-39789,0.000240000,0.061490000,0.3401990280027771,2026-03-14,2026-03-14,CVE-2025-39789,5.5,2025-11-25T18:22:51.720
CVE-2025-39788,0.000140000,0.025600000,0.11409395973154363,2026-03-14,2026-03-14,CVE-2025-39788,7.8,2026-01-16T20:25:34.853
CVE-2025-39787,0.000140000,0.024460000,0.11409395973154363,2026-03-14,2026-03-14,CVE-2025-39787,5.5,2026-01-16T20:25:29.447
CVE-2025-39786,0.000180000,0.044880000,0.2735477898634575,2026-03-14,2026-03-14,CVE-2025-39786,7.1,2025-11-25T18:44:51.740
CVE-2025-39785,0.000180000,0.044530000,0.2735477898634575,2026-03-14,2026-03-14,CVE-2025-39785,5.5,2025-11-25T18:47:36.567
CVE-2025-39784,0.000180000,0.044530000,0.2735477898634575,2026-03-14,2026-03-14,CVE-2025-39784,5.5,2025-11-25T18:49:03.547
CVE-2025-39783,0.000140000,0.025600000,0.11409395973154363,2026-03-14,2026-03-14,CVE-2025-39783,7.8,2026-01-16T20:24:08.707
CVE-2025-39782,0.000110000,0.012710000,0.04813700532284194,2026-03-14,2026-03-14,CVE-2025-39782,5.5,2026-01-16T20:24:03.150
CVE-2025-39781,0.000140000,0.025100000,0.11409395973154363,2026-03-14,2026-03-14,CVE-2025-39781,5.5,2025-11-25T18:49:43.003
CVE-2025-39780,0.000120000,0.017340000,0.06017125665355242,2026-03-14,2026-03-14,CVE-2025-39780,5.5,2025-11-25T19:08:03.367
CVE-2025-39779,0.000120000,0.017340000,0.06017125665355242,2026-03-14,2026-03-14,CVE-2025-39779,5.5,2025-11-25T19:08:58.510
CVE-2025-39777,0.000180000,0.044530000,0.2735477898634575,2026-03-14,2026-03-14,CVE-2025-39777,5.5,2025-11-25T19:09:23.363
CVE-2025-39776,0.000150000,0.029480000,0.15528812774820644,2026-03-14,2026-03-14,CVE-2025-39776,7.8,2026-01-16T20:12:02.050
CVE-2025-39775,0.000180000,0.044530000,0.2735477898634575,2026-03-14,2026-03-14,CVE-2025-39775,5.5,2025-11-25T19:54:17.880
CVE-2025-39774,0.000180000,0.044530000,0.2735477898634575,2026-03-14,2026-03-14,CVE-2025-39774,5.5,2025-11-25T19:55:05.873
CVE-2025-39773,0.000120000,0.014290000,0.06017125665355242,2026-03-14,2026-03-14,CVE-2025-39773,5.5,2026-01-16T20:11:53.433
CVE-2025-39772,0.000150000,0.028110000,0.15528812774820644,2026-03-14,2026-03-14,CVE-2025-39772,5.5,2026-01-16T20:11:44.473
CVE-2025-39771,0.000180000,0.044530000,0.2735477898634575,2026-03-14,2026-03-14,CVE-2025-39771,5.5,2025-11-25T19:55:53.850
CVE-2025-39770,0.000150000,0.026530000,0.15528812774820644,2026-03-14,2026-03-14,CVE-2025-39770,5.5,2026-01-16T20:11:39.663
CVE-2025-39769,0.000140000,0.025340000,0.11409395973154363,2026-03-14,2026-03-14,CVE-2025-39769,5.5,2025-11-25T19:56:42.420
CVE-2025-39768,0.000080000,0.006570000,0.024299930571626938,2026-03-14,2026-03-14,CVE-2025-39768,5.5,2025-11-25T19:57:15.460
CVE-2025-39767,0.000120000,0.015410000,0.06017125665355242,2026-03-14,2026-03-14,CVE-2025-39767,5.5,2025-11-25T19:57:59.820
CVE-2025-39766,0.000140000,0.025600000,0.11409395973154363,2026-03-14,2026-03-14,CVE-2025-39766,7.8,2026-01-09T18:44:19.313
CVE-2025-39765,0.000120000,0.017340000,0.06017125665355242,2026-03-14,2026-03-14,CVE-2025-39765,5.5,2025-11-25T19:58:32.573
CVE-2025-39764,0.000170000,0.039290000,0.2561906965980097,2026-03-14,2026-03-14,CVE-2025-39764,5.5,2025-11-25T19:58:58.977
CVE-2025-39763,0.000210000,0.052690000,0.31798194862300394,2026-03-14,2026-03-14,CVE-2025-39763,5.5,2026-02-19T16:27:10.003
CVE-2025-39762,0.000120000,0.017340000,0.06017125665355242,2026-03-14,2026-03-14,CVE-2025-39762,5.5,2025-11-26T16:25:47.433
CVE-2025-39761,0.000150000,0.028900000,0.15528812774820644,2026-03-14,2026-03-14,CVE-2025-39761,7.1,2025-11-26T16:25:41.300
CVE-2025-39760,0.000170000,0.039650000,0.2561906965980097,2026-03-14,2026-03-14,CVE-2025-39760,7.1,2026-01-23T02:35:39.520
CVE-2025-39759,0.000120000,0.015010000,0.06017125665355242,2026-03-14,2026-03-14,CVE-2025-39759,7.0,2026-01-09T18:46:41.317
CVE-2025-39758,0.000150000,0.027570000,0.15528812774820644,2026-03-14,2026-03-14,CVE-2025-39758,5.5,2025-11-26T16:24:34.860
CVE-2025-39757,0.000140000,0.025600000,0.11409395973154363,2026-03-14,2026-03-14,CVE-2025-39757,7.1,2026-01-09T18:48:53.090
CVE-2025-39756,0.000250000,0.064780000,0.3596389724600787,2026-03-14,2026-03-14,CVE-2025-39756,5.5,2026-01-09T18:51:05.630
CVE-2025-39754,0.000120000,0.015410000,0.06017125665355242,2026-03-14,2026-03-14,CVE-2025-39754,4.7,2025-11-26T16:20:46.807
CVE-2025-39753,0.000140000,0.025100000,0.11409395973154363,2026-03-14,2026-03-14,CVE-2025-39753,5.5,2026-01-02T16:16:47.117
CVE-2025-39752,0.000140000,0.024460000,0.11409395973154363,2026-03-14,2026-03-14,CVE-2025-39752,5.5,2026-01-09T18:53:34.660
CVE-2025-39750,0.000150000,0.028900000,0.15528812774820644,2026-03-14,2026-03-14,CVE-2025-39750,7.1,2025-11-25T21:11:23.033
CVE-2025-39749,0.000140000,0.025600000,0.11409395973154363,2026-03-14,2026-03-14,CVE-2025-39749,7.0,2026-01-09T19:04:04.980
CVE-2025-39748,0.000190000,0.045210000,0.29946771580652626,2026-03-14,2026-03-14,CVE-2025-39748,5.5,2025-11-25T21:11:05.393
CVE-2025-39747,0.000200000,0.049880000,0.31080768340661885,2026-03-14,2026-03-14,CVE-2025-39747,5.5,2025-11-25T18:07:45.823
CVE-2025-39746,0.000150000,0.028670000,0.15528812774820644,2026-03-14,2026-03-14,CVE-2025-39746,5.5,2025-11-25T18:13:47.147
CVE-2025-39745,0.000120000,0.014420000,0.06017125665355242,2026-03-14,2026-03-14,CVE-2025-39745,5.5,2025-11-25T21:09:37.197
CVE-2025-39744,0.000150000,0.028240000,0.15528812774820644,2026-03-14,2026-03-14,CVE-2025-39744,7.1,2025-11-25T21:09:09.607
CVE-2025-39743,0.000140000,0.025600000,0.11409395973154363,2026-03-14,2026-03-14,CVE-2025-39743,7.8,2026-01-09T19:05:38.970
CVE-2025-39742,0.000140000,0.024460000,0.11409395973154363,2026-03-14,2026-03-14,CVE-2025-39742,5.5,2026-01-09T19:09:30.947
CVE-2025-39741,0.000180000,0.044530000,0.2735477898634575,2026-03-14,2026-03-14,CVE-2025-39741,5.5,2025-11-25T21:08:26.637
CVE-2025-39740,0.000180000,0.044880000,0.2735477898634575,2026-03-14,2026-03-14,CVE-2025-39740,7.8,2025-11-25T21:01:22.960
CVE-2025-39739,0.000150000,0.027570000,0.15528812774820644,2026-03-14,2026-03-14,CVE-2025-39739,5.5,2025-11-25T17:49:23.880
CVE-2025-39738,0.000150000,0.028190000,0.15528812774820644,2026-03-14,2026-03-14,CVE-2025-39738,7.8,2026-01-09T19:12:15.387
CVE-2025-39737,0.000140000,0.024460000,0.11409395973154363,2026-03-14,2026-03-14,CVE-2025-39737,5.5,2026-01-27T16:30:00.287
CVE-2025-39736,0.000110000,0.012710000,0.04813700532284194,2026-03-14,2026-03-14,CVE-2025-39736,5.5,2026-01-09T14:59:11.927
CVE-2025-36222,0.000340000,0.097450000,0.571395510298542,2026-03-14,2026-03-14,CVE-2025-36222,9.8,2025-10-02T19:31:43.080
CVE-2025-27466,0.000250000,0.065980000,0.3596389724600787,2026-03-14,2026-03-14,CVE-2025-27466,9.8,2025-11-04T22:16:08.697
CVE-2025-26499,0.000130000,0.018020000,0.09789400601712567,2026-03-14,2026-03-14,CVE-2025-26499,6.0,2025-09-15T15:22:38.297
CVE-2025-10278,0.000450000,0.137750000,0.6917380236056468,2026-03-14,2026-03-14,CVE-2025-10278,8.8,2025-11-14T20:14:18.240
CVE-2025-10277,0.000450000,0.137750000,0.6917380236056468,2026-03-14,2026-03-14,CVE-2025-10277,8.8,2025-11-14T20:26:16.750
CVE-2025-10276,0.000450000,0.137750000,0.6917380236056468,2026-03-14,2026-03-14,CVE-2025-10276,8.8,2025-11-14T20:27:30.283
CVE-2025-10275,0.000450000,0.137750000,0.6917380236056468,2026-03-14,2026-03-14,CVE-2025-10275,8.8,2025-11-14T20:29:03.540
CVE-2025-10274,0.000340000,0.097760000,0.571395510298542,2026-03-14,2026-03-14,CVE-2025-10274,6.1,2025-10-02T19:23:42.010
CVE-2025-10273,0.000970000,0.267270000,0.8542004165702384,2026-03-14,2026-03-14,CVE-2025-10273,5.3,2025-10-02T19:25:17.877
CVE-2025-10272,0.000340000,0.097760000,0.571395510298542,2026-03-14,2026-03-14,CVE-2025-10272,6.1,2025-10-02T19:26:11.240
CVE-2025-10271,0.000340000,0.097760000,0.571395510298542,2026-03-14,2026-03-14,CVE-2025-10271,6.1,2025-10-02T19:27:29.067
CVE-2025-10269,0.000620000,0.192270000,0.777597778292062,2026-03-14,2026-03-14,CVE-2025-10269,7.5,2025-09-15T15:22:38.297
CVE-2025-10255,0.000260000,0.066800000,0.3705160842397593,2026-03-14,2026-03-14,CVE-2025-10255,3.5,2025-09-11T18:15:32.493
CVE-2025-10254,0.000260000,0.066800000,0.3705160842397593,2026-03-14,2026-03-14,CVE-2025-10254,3.5,2025-09-11T17:15:34.013
CVE-2025-10253,0.000260000,0.066800000,0.3705160842397593,2026-03-14,2026-03-14,CVE-2025-10253,3.5,2025-09-11T17:14:10.147
CVE-2025-10252,0.000260000,0.069130000,0.3705160842397593,2026-03-14,2026-03-14,CVE-2025-10252,3.1,2025-09-11T17:14:10.147
CVE-2025-10251,0.000310000,0.085780000,0.5299699143716732,2026-03-14,2026-03-14,CVE-2025-10251,9.8,2025-10-02T19:38:41.853
CVE-2025-10193,0.000220000,0.056170000,0.32399907428835917,2026-03-14,2026-03-14,CVE-2025-10193,,2025-09-11T17:14:10.147
CVE-2025-10127,0.000990000,0.270770000,0.8558204119416801,2026-03-14,2026-03-14,CVE-2025-10127,9.8,2025-09-18T14:15:45.777
CVE-2025-9881,0.000110000,0.013690000,0.04813700532284194,2026-03-14,2026-03-14,CVE-2025-9881,6.1,2025-09-15T15:21:42.937
CVE-2025-9880,0.000130000,0.020370000,0.09789400601712567,2026-03-14,2026-03-14,CVE-2025-9880,6.1,2025-09-15T15:21:42.937
CVE-2025-9879,0.000320000,0.088200000,0.5459384401758852,2026-03-14,2026-03-14,CVE-2025-9879,6.4,2025-09-15T15:22:38.297
CVE-2025-9556,0.000750000,0.223260000,0.8143948160148113,2026-03-14,2026-03-14,CVE-2025-9556,9.8,2025-11-03T19:16:17.430
CVE-2025-9086,0.000350000,0.098720000,0.5912983105762555,2026-03-14,2026-03-14,CVE-2025-9086,7.5,2026-01-20T14:58:01.347
CVE-2025-8699,0.000420000,0.124830000,0.6739180745197871,2026-03-14,2026-03-14,CVE-2025-8699,9.1,2025-11-03T19:16:16.433
CVE-2025-8575,0.008870000,0.752220000,0.9743115019671372,2026-03-14,2026-03-14,CVE-2025-8575,7.2,2025-09-15T15:21:42.937
CVE-2025-8280,0.000400000,0.120540000,0.6570238370747512,2026-03-14,2026-03-14,CVE-2025-8280,5.8,2026-02-13T15:54:12.670
CVE-2025-7448,0.000240000,0.062290000,0.3401990280027771,2026-03-14,2026-03-14,CVE-2025-7448,,2025-09-15T15:21:42.937
CVE-2025-7337,0.000830000,0.242390000,0.8310576255496412,2026-03-14,2026-03-14,CVE-2025-7337,6.5,2025-09-20T02:55:16.800
CVE-2025-6769,0.000160000,0.036340000,0.23698218005091415,2026-03-14,2026-03-14,CVE-2025-6769,4.3,2025-09-20T02:55:46.933
CVE-2025-6638,0.000320000,0.089440000,0.5459384401758852,2026-03-14,2026-03-14,CVE-2025-6638,7.5,2025-10-21T13:33:08.580
CVE-2025-6454,0.000160000,0.033080000,0.23698218005091415,2026-03-14,2026-03-14,CVE-2025-6454,8.8,2025-09-20T02:56:00.287
CVE-2025-59139,0.001120000,0.295540000,0.8773432075908355,2026-03-14,2026-03-14,CVE-2025-59139,5.3,2025-09-17T20:35:36.607
CVE-2025-59058,0.000330000,0.094510000,0.5660726683638047,2026-03-14,2026-03-14,CVE-2025-59058,5.9,2025-09-15T15:21:42.937
CVE-2025-59054,0.000200000,0.050500000,0.31080768340661885,2026-03-14,2026-03-14,CVE-2025-59054,,2025-11-28T15:16:02.590
CVE-2025-58781,0.000190000,0.046940000,0.29946771580652626,2026-03-14,2026-03-14,CVE-2025-58781,4.8,2025-09-15T15:21:42.937
CVE-2025-58434,0.075660000,0.917080000,0.9953714417958806,2026-03-14,2026-03-14,CVE-2025-58434,9.8,2025-09-20T02:54:59.667
CVE-2025-57579,0.002560000,0.487610000,0.9340430455912984,2026-03-14,2026-03-14,CVE-2025-57579,8.0,2025-10-02T20:04:07.443
CVE-2025-57578,0.001290000,0.322720000,0.8923860217542235,2026-03-14,2026-03-14,CVE-2025-57578,8.0,2025-09-15T15:21:42.937
CVE-2025-57577,0.001510000,0.354320000,0.905114556815552,2026-03-14,2026-03-14,CVE-2025-57577,8.0,2025-09-15T15:21:42.937
CVE-2025-56467,0.000390000,0.115470000,0.6503124276787781,2026-03-14,2026-03-14,CVE-2025-56467,6.5,2025-09-15T18:15:39.167
CVE-2025-55996,0.000290000,0.079960000,0.4619301087711178,2026-03-14,2026-03-14,CVE-2025-55996,6.3,2025-10-16T15:54:10.023
CVE-2025-55835,0.007600000,0.730770000,0.9729229345059014,2026-03-14,2026-03-14,CVE-2025-55835,9.8,2025-10-16T15:47:50.040
CVE-2025-52074,0.000330000,0.093680000,0.5660726683638047,2026-03-14,2026-03-14,CVE-2025-52074,6.1,2025-09-18T20:45:28.253
CVE-2025-45587,0.000680000,0.207440000,0.7970377227493636,2026-03-14,2026-03-14,CVE-2025-45587,7.0,2025-10-16T15:30:48.877
CVE-2025-45586,0.000500000,0.153190000,0.7192779449201574,2026-03-14,2026-03-14,CVE-2025-45586,7.5,2025-10-16T15:32:05.740
CVE-2025-45585,0.000240000,0.060630000,0.3401990280027771,2026-03-14,2026-03-14,CVE-2025-45585,5.4,2025-10-16T15:37:05.690
CVE-2025-45584,0.000690000,0.209800000,0.7993520018514233,2026-03-14,2026-03-14,CVE-2025-45584,7.5,2025-10-16T15:37:43.510
CVE-2025-45583,0.000520000,0.159970000,0.7308493404304559,2026-03-14,2026-03-14,CVE-2025-45583,9.1,2025-10-16T15:39:07.447
CVE-2025-43796,0.001650000,0.373960000,0.9104373987502893,2026-03-14,2026-03-14,CVE-2025-43796,7.5,2025-12-16T15:24:46.057
CVE-2025-43795,0.000390000,0.114460000,0.6503124276787781,2026-03-14,2026-03-14,CVE-2025-43795,6.1,2025-12-16T15:20:46.490
CVE-2025-43787,0.000320000,0.090710000,0.5459384401758852,2026-03-14,2026-03-14,CVE-2025-43787,5.4,2025-12-16T15:12:32.193
CVE-2025-4235,0.000190000,0.046060000,0.29946771580652626,2026-03-14,2026-03-14,CVE-2025-4235,,2025-09-15T15:21:42.937
CVE-2025-4234,0.000180000,0.042600000,0.2735477898634575,2026-03-14,2026-03-14,CVE-2025-4234,,2025-09-15T15:21:42.937
CVE-2025-39798,0.000140000,0.024460000,0.11409395973154363,2026-03-14,2026-03-14,CVE-2025-39798,5.5,2026-01-16T20:00:28.610
CVE-2025-39797,0.000150000,0.026860000,0.15528812774820644,2026-03-14,2026-03-14,CVE-2025-39797,7.8,2025-11-24T18:04:53.373
CVE-2025-39796,0.000120000,0.017650000,0.06017125665355242,2026-03-14,2026-03-14,CVE-2025-39796,7.8,2025-11-24T18:08:31.347
CVE-2025-39795,0.000120000,0.016230000,0.06017125665355242,2026-03-14,2026-03-14,CVE-2025-39795,5.5,2026-01-16T20:00:17.163
CVE-2025-39794,0.000140000,0.024460000,0.11409395973154363,2026-03-14,2026-03-14,CVE-2025-39794,5.5,2026-01-23T02:35:13.047
CVE-2025-39793,0.000120000,0.017650000,0.06017125665355242,2026-03-14,2026-03-14,CVE-2025-39793,7.8,2025-11-25T14:43:59.203
CVE-2025-39792,0.000150000,0.030270000,0.15528812774820644,2026-03-14,2026-03-14,CVE-2025-39792,5.5,2025-11-25T18:16:38.180
CVE-2025-3650,0.000220000,0.055870000,0.32399907428835917,2026-03-14,2026-03-14,CVE-2025-3650,3.5,2025-09-15T15:21:42.937
CVE-2025-27240,0.000570000,0.176990000,0.7558435547327008,2026-03-14,2026-03-14,CVE-2025-27240,7.2,2025-10-08T14:53:38.077
CVE-2025-27238,0.000170000,0.038930000,0.2561906965980097,2026-03-14,2026-03-14,CVE-2025-27238,3.5,2025-10-08T14:53:00.293
CVE-2025-27234,0.001000000,0.276520000,0.857440407313122,2026-03-14,2026-03-14,CVE-2025-27234,,2026-02-08T17:15:57.203
CVE-2025-27233,0.000220000,0.055490000,0.32399907428835917,2026-03-14,2026-03-14,CVE-2025-27233,,2025-09-15T15:21:42.937
CVE-2025-2256,0.000380000,0.112960000,0.634343901874566,2026-03-14,2026-03-14,CVE-2025-2256,7.5,2025-09-20T02:56:22.680
CVE-2025-21043,0.049080000,0.894590000,0.9921314510529969,2026-03-14,2026-03-14,CVE-2025-21043,9.8,2025-10-30T15:36:12.360
CVE-2025-21042,0.018380000,0.827480000,0.9858828974774357,2026-03-14,2026-03-14,CVE-2025-21042,9.8,2025-11-12T14:32:28.317
CVE-2025-1250,0.000480000,0.145790000,0.7095579726915066,2026-03-14,2026-03-14,CVE-2025-1250,6.5,2025-09-20T02:56:35.303
CVE-2025-10389,0.001050000,0.285470000,0.8671603795417727,2026-03-14,2026-03-14,CVE-2025-10389,8.8,2025-10-14T19:32:08.467
CVE-2025-10388,0.000260000,0.066800000,0.3705160842397593,2026-03-14,2026-03-14,CVE-2025-10388,3.5,2025-09-15T16:15:36.030
CVE-2025-10387,0.000300000,0.082350000,0.515852811849109,2026-03-14,2026-03-14,CVE-2025-10387,8.8,2025-11-14T23:39:23.490
CVE-2025-10386,0.000270000,0.072720000,0.38764174959500114,2026-03-14,2026-03-14,CVE-2025-10386,4.3,2025-09-15T15:21:42.937
CVE-2025-10385,0.001670000,0.376540000,0.9122888220319371,2026-03-14,2026-03-14,CVE-2025-10385,8.8,2025-09-15T15:21:42.937
CVE-2025-10384,0.000280000,0.076800000,0.42814163388104604,2026-03-14,2026-03-14,CVE-2025-10384,5.4,2025-10-10T18:20:44.223
CVE-2025-10374,0.000440000,0.132480000,0.6854894700300856,2026-03-14,2026-03-14,CVE-2025-10374,7.3,2025-09-15T15:21:42.937
CVE-2025-10373,0.000250000,0.063230000,0.3596389724600787,2026-03-14,2026-03-14,CVE-2025-10373,6.1,2025-10-20T05:15:34.767
CVE-2025-10372,0.000250000,0.063230000,0.3596389724600787,2026-03-14,2026-03-14,CVE-2025-10372,5.4,2025-10-28T00:15:36.357
CVE-2025-10371,0.000560000,0.173770000,0.7495950011571395,2026-03-14,2026-03-14,CVE-2025-10371,7.3,2026-01-09T01:15:42.407
CVE-2025-10370,0.002670000,0.499120000,0.9395973154362416,2026-03-14,2026-03-14,CVE-2025-10370,5.4,2026-02-03T22:16:26.927
CVE-2025-10369,0.000290000,0.080100000,0.4619301087711178,2026-03-14,2026-03-14,CVE-2025-10369,6.1,2025-10-16T15:16:18.993
CVE-2025-10368,0.000250000,0.064760000,0.3596389724600787,2026-03-14,2026-03-14,CVE-2025-10368,6.1,2025-10-16T15:25:11.393
CVE-2025-10367,0.000250000,0.064760000,0.3596389724600787,2026-03-14,2026-03-14,CVE-2025-10367,6.1,2025-10-16T15:28:47.753
CVE-2025-10366,0.000280000,0.075100000,0.42814163388104604,2026-03-14,2026-03-14,CVE-2025-10366,5.4,2025-10-02T20:10:47.040
CVE-2025-10365,0.000720000,0.218830000,0.8049062716963665,2026-03-14,2026-03-14,CVE-2025-10365,,2025-09-15T15:21:42.937
CVE-2025-10364,0.001140000,0.299910000,0.8801203425133071,2026-03-14,2026-03-14,CVE-2025-10364,,2025-09-15T15:21:42.937
CVE-2025-10359,0.002420000,0.472470000,0.9310344827586207,2026-03-14,2026-03-14,CVE-2025-10359,9.8,2025-10-02T20:12:03.467
CVE-2025-10358,0.002420000,0.472470000,0.9310344827586207,2026-03-14,2026-03-14,CVE-2025-10358,9.8,2025-10-02T20:12:32.153
CVE-2025-10340,0.000290000,0.077870000,0.4619301087711178,2026-03-14,2026-03-14,CVE-2025-10340,3.5,2025-09-15T16:15:34.807
CVE-2025-10332,0.000210000,0.052720000,0.31798194862300394,2026-03-14,2026-03-14,CVE-2025-10332,5.4,2025-09-16T17:17:56.620
CVE-2025-10331,0.000260000,0.068450000,0.3705160842397593,2026-03-14,2026-03-14,CVE-2025-10331,5.4,2025-09-16T17:17:44.793
CVE-2025-10330,0.000360000,0.102760000,0.60310113399676,2026-03-14,2026-03-14,CVE-2025-10330,6.1,2025-09-16T17:17:31.330
CVE-2025-10329,0.000620000,0.191770000,0.777597778292062,2026-03-14,2026-03-14,CVE-2025-10329,9.8,2025-09-16T17:17:18.993
CVE-2025-10328,0.002660000,0.498470000,0.9393658875260357,2026-03-14,2026-03-14,CVE-2025-10328,9.8,2025-10-02T20:14:15.457
CVE-2025-10327,0.014540000,0.806040000,0.9835686183753761,2026-03-14,2026-03-14,CVE-2025-10327,9.8,2026-01-20T20:16:00.163
CVE-2025-10326,0.003030000,0.532790000,0.9451515852811849,2026-03-14,2026-03-14,CVE-2025-10326,9.8,2025-10-02T20:16:24.230
CVE-2025-10325,0.002220000,0.445960000,0.9275630641055311,2026-03-14,2026-03-14,CVE-2025-10325,8.8,2025-10-02T20:17:36.187
CVE-2025-10324,0.002130000,0.436720000,0.9266373524647072,2026-03-14,2026-03-14,CVE-2025-10324,9.8,2025-10-02T19:45:13.880
CVE-2025-10323,0.002130000,0.436720000,0.9266373524647072,2026-03-14,2026-03-14,CVE-2025-10323,9.8,2025-10-02T19:47:21.740
CVE-2025-10322,0.001260000,0.318660000,0.8914603101133997,2026-03-14,2026-03-14,CVE-2025-10322,5.3,2025-10-02T19:54:11.603
CVE-2025-10321,0.000410000,0.122580000,0.6646609581115482,2026-03-14,2026-03-14,CVE-2025-10321,5.3,2025-10-02T19:56:34.403
CVE-2025-10320,0.000270000,0.073380000,0.38764174959500114,2026-03-14,2026-03-14,CVE-2025-10320,3.1,2025-09-15T15:21:42.937
CVE-2025-10319,0.000300000,0.084220000,0.515852811849109,2026-03-14,2026-03-14,CVE-2025-10319,6.5,2025-12-31T01:53:39.077
CVE-2025-10318,0.000510000,0.155830000,0.7248322147651006,2026-03-14,2026-03-14,CVE-2025-10318,8.8,2025-12-31T01:53:33.993
CVE-2025-10291,0.000450000,0.137750000,0.6917380236056468,2026-03-14,2026-03-14,CVE-2025-10291,8.8,2025-10-31T14:27:56.653
CVE-2025-10288,0.000400000,0.119650000,0.6570238370747512,2026-03-14,2026-03-14,CVE-2025-10288,5.3,2025-09-15T15:21:42.937
CVE-2025-10287,0.000270000,0.072980000,0.38764174959500114,2026-03-14,2026-03-14,CVE-2025-10287,3.1,2025-09-15T15:21:42.937
CVE-2025-10267,0.001240000,0.315490000,0.8898403147419579,2026-03-14,2026-03-14,CVE-2025-10267,5.3,2025-09-15T15:21:42.937
CVE-2025-10266,0.001240000,0.314550000,0.8898403147419579,2026-03-14,2026-03-14,CVE-2025-10266,9.8,2025-09-15T15:21:42.937
CVE-2025-10265,0.002650000,0.497490000,0.9389030317056237,2026-03-14,2026-03-14,CVE-2025-10265,8.8,2025-09-15T15:21:42.937
CVE-2025-10264,0.000610000,0.189440000,0.7755149271002083,2026-03-14,2026-03-14,CVE-2025-10264,10.0,2025-09-15T15:21:42.937
CVE-2025-10176,0.010330000,0.771290000,0.9770886368896089,2026-03-14,2026-03-14,CVE-2025-10176,7.2,2025-09-15T15:21:42.937
CVE-2025-10148,0.001020000,0.279990000,0.8602175422355937,2026-03-14,2026-03-14,CVE-2025-10148,5.3,2026-01-20T14:55:47.997
CVE-2025-10094,0.000370000,0.108810000,0.6213839389030317,2026-03-14,2026-03-14,CVE-2025-10094,6.5,2025-09-20T02:56:50.697
CVE-2024-45434,0.010980000,0.778040000,0.9782457764406387,2026-03-14,2026-03-14,CVE-2024-45434,9.8,2025-10-02T20:00:43.860
CVE-2024-45433,0.000200000,0.049540000,0.31080768340661885,2026-03-14,2026-03-14,CVE-2024-45433,6.5,2025-10-02T20:02:34.333
CVE-2024-45432,0.000590000,0.183730000,0.7644063874103216,2026-03-14,2026-03-14,CVE-2024-45432,7.5,2025-10-02T20:03:09.920
CVE-2024-45431,0.001320000,0.325780000,0.8935431613052535,2026-03-14,2026-03-14,CVE-2024-45431,5.3,2025-10-02T20:03:21.330
CVE-2025-9826,0.000280000,0.075610000,0.42814163388104604,2026-03-14,2026-03-14,CVE-2025-9826,5.4,2026-02-23T11:16:21.393
CVE-2025-9084,0.000290000,0.077690000,0.4619301087711178,2026-03-14,2026-03-14,CVE-2025-9084,6.1,2025-09-16T15:59:24.377
CVE-2025-9078,0.000210000,0.053960000,0.31798194862300394,2026-03-14,2026-03-14,CVE-2025-9078,4.3,2025-09-16T15:58:12.830
CVE-2025-9076,0.000400000,0.118860000,0.6570238370747512,2026-03-14,2026-03-14,CVE-2025-9076,6.5,2025-09-20T02:52:38.957
CVE-2025-9072,0.000290000,0.078210000,0.4619301087711178,2026-03-14,2026-03-14,CVE-2025-9072,5.4,2025-09-16T16:00:26.390
CVE-2025-6051,0.000340000,0.095810000,0.571395510298542,2026-03-14,2026-03-14,CVE-2025-6051,5.3,2025-10-21T14:16:24.770
CVE-2025-59378,0.000160000,0.034150000,0.23698218005091415,2026-03-14,2026-03-14,CVE-2025-59378,5.7,2025-09-15T15:21:42.937
CVE-2025-59375,0.000510000,0.155910000,0.7248322147651006,2026-03-14,2026-03-14,CVE-2025-59375,7.5,2025-11-04T22:16:34.927
CVE-2025-59364,0.000060000,0.003760000,0.007868548947003009,2026-03-14,2026-03-14,CVE-2025-59364,5.3,2025-09-15T15:21:42.937
CVE-2025-59363,0.000410000,0.123360000,0.6646609581115482,2026-03-14,2026-03-14,CVE-2025-59363,7.7,2025-09-15T15:21:42.937
CVE-2025-59361,0.006550000,0.706990000,0.9717657949548716,2026-03-14,2026-03-14,CVE-2025-59361,9.8,2025-10-14T14:43:52.970
CVE-2025-59360,0.011500000,0.782760000,0.9789400601712567,2026-03-14,2026-03-14,CVE-2025-59360,9.8,2025-10-14T14:43:35.363
CVE-2025-59359,0.008940000,0.753460000,0.9747743577875492,2026-03-14,2026-03-14,CVE-2025-59359,9.8,2025-10-14T14:43:12.827
CVE-2025-59358,0.005360000,0.671510000,0.968062948391576,2026-03-14,2026-03-14,CVE-2025-59358,7.5,2025-10-14T14:42:44.847
CVE-2025-43794,0.000280000,0.074280000,0.42814163388104604,2026-03-14,2026-03-14,CVE-2025-43794,4.8,2025-12-16T15:25:44.663
CVE-2025-41713,0.001320000,0.326330000,0.8935431613052535,2026-03-14,2026-03-14,CVE-2025-41713,6.5,2025-09-15T15:21:42.937
CVE-2025-39804,0.000180000,0.044880000,0.2735477898634575,2026-03-14,2026-03-14,CVE-2025-39804,7.8,2025-11-24T17:51:26.380
CVE-2025-39803,0.000080000,0.006590000,0.024299930571626938,2026-03-14,2026-03-14,CVE-2025-39803,7.8,2025-11-24T17:55:07.587
CVE-2025-39802,0.000180000,0.044880000,0.2735477898634575,2026-03-14,2026-03-14,CVE-2025-39802,7.8,2025-11-24T18:00:57.393
CVE-2025-39801,0.000130000,0.018920000,0.09789400601712567,2026-03-14,2026-03-14,CVE-2025-39801,5.5,2026-01-23T02:34:52.400
CVE-2025-39800,0.000150000,0.028110000,0.15528812774820644,2026-03-14,2026-03-14,CVE-2025-39800,5.5,2026-01-16T20:06:47.967
CVE-2025-36035,0.000130000,0.018190000,0.09789400601712567,2026-03-14,2026-03-14,CVE-2025-36035,5.1,2025-12-19T13:29:49.780
CVE-2025-3025,0.000120000,0.017660000,0.06017125665355242,2026-03-14,2026-03-14,CVE-2025-3025,7.3,2025-09-15T15:21:42.937
CVE-2025-10453,0.000530000,0.162860000,0.7345521869937515,2026-03-14,2026-03-14,CVE-2025-10453,5.3,2025-09-15T15:21:42.937
CVE-2025-10452,0.002370000,0.464950000,0.9303401990280028,2026-03-14,2026-03-14,CVE-2025-10452,9.8,2025-09-15T15:21:42.937
CVE-2025-10446,0.000380000,0.111890000,0.634343901874566,2026-03-14,2026-03-14,CVE-2025-10446,9.8,2025-09-19T19:26:02.883
CVE-2025-10445,0.000380000,0.111890000,0.634343901874566,2026-03-14,2026-03-14,CVE-2025-10445,9.8,2025-09-19T19:26:12.907
CVE-2025-10444,0.000380000,0.111890000,0.634343901874566,2026-03-14,2026-03-14,CVE-2025-10444,9.8,2025-09-19T19:25:29.200
CVE-2025-10443,0.004820000,0.648360000,0.9641286739180746,2026-03-14,2026-03-14,CVE-2025-10443,8.8,2025-09-19T19:22:53.663
CVE-2025-10442,0.003650000,0.581220000,0.95232585049757,2026-03-14,2026-03-14,CVE-2025-10442,8.8,2025-09-19T20:39:12.093
CVE-2025-10441,0.003700000,0.584980000,0.9530201342281879,2026-03-14,2026-03-14,CVE-2025-10441,6.3,2025-09-15T15:21:42.937
CVE-2025-10440,0.003700000,0.584980000,0.9530201342281879,2026-03-14,2026-03-14,CVE-2025-10440,6.3,2025-09-15T15:21:42.937
CVE-2025-10436,0.000260000,0.067070000,0.3705160842397593,2026-03-14,2026-03-14,CVE-2025-10436,9.8,2025-09-20T02:53:02.110
CVE-2025-10435,0.000280000,0.076260000,0.42814163388104604,2026-03-14,2026-03-14,CVE-2025-10435,9.8,2025-09-18T19:01:20.383
CVE-2025-10434,0.000250000,0.065000000,0.3596389724600787,2026-03-14,2026-03-14,CVE-2025-10434,2.4,2025-09-15T15:21:42.937
CVE-2025-10433,0.000840000,0.244470000,0.8322147651006712,2026-03-14,2026-03-14,CVE-2025-10433,6.3,2025-09-15T15:21:42.937
CVE-2025-10432,0.006340000,0.700780000,0.9710715112242536,2026-03-14,2026-03-14,CVE-2025-10432,9.8,2025-09-20T02:53:14.723
CVE-2025-10431,0.000270000,0.072550000,0.38764174959500114,2026-03-14,2026-03-14,CVE-2025-10431,8.8,2025-09-18T19:28:45.190
CVE-2025-10430,0.000390000,0.116100000,0.6503124276787781,2026-03-14,2026-03-14,CVE-2025-10430,8.8,2025-09-18T19:28:33.780
CVE-2025-10429,0.000270000,0.072550000,0.38764174959500114,2026-03-14,2026-03-14,CVE-2025-10429,8.8,2025-09-18T19:28:22.667
CVE-2025-10428,0.000460000,0.140250000,0.6989122888220319,2026-03-14,2026-03-14,CVE-2025-10428,8.8,2025-09-18T19:23:22.740
CVE-2025-10427,0.000460000,0.140250000,0.6989122888220319,2026-03-14,2026-03-14,CVE-2025-10427,8.8,2025-09-18T19:22:04.800
CVE-2025-10426,0.000280000,0.076260000,0.42814163388104604,2026-03-14,2026-03-14,CVE-2025-10426,9.8,2025-09-18T19:10:11.273
CVE-2025-10425,0.000560000,0.173660000,0.7495950011571395,2026-03-14,2026-03-14,CVE-2025-10425,9.8,2025-09-18T19:09:25.207
CVE-2025-10424,0.000560000,0.173660000,0.7495950011571395,2026-03-14,2026-03-14,CVE-2025-10424,9.8,2025-09-18T19:07:02.123
CVE-2025-10423,0.000450000,0.136090000,0.6917380236056468,2026-03-14,2026-03-14,CVE-2025-10423,3.7,2025-10-14T19:37:29.050
CVE-2025-10422,0.000410000,0.123490000,0.6646609581115482,2026-03-14,2026-03-14,CVE-2025-10422,4.3,2025-10-14T19:37:43.377
CVE-2025-10421,0.000270000,0.072550000,0.38764174959500114,2026-03-14,2026-03-14,CVE-2025-10421,8.8,2025-09-19T19:29:14.157
CVE-2025-10420,0.000270000,0.072550000,0.38764174959500114,2026-03-14,2026-03-14,CVE-2025-10420,8.8,2025-09-19T19:28:29.663
CVE-2025-10419,0.000370000,0.107510000,0.6213839389030317,2026-03-14,2026-03-14,CVE-2025-10419,8.8,2025-09-19T19:28:09.680
CVE-2025-10418,0.000370000,0.107510000,0.6213839389030317,2026-03-14,2026-03-14,CVE-2025-10418,8.8,2025-09-19T19:27:01.370
CVE-2025-10417,0.000380000,0.111890000,0.634343901874566,2026-03-14,2026-03-14,CVE-2025-10417,9.8,2025-09-19T19:26:48.277
CVE-2025-10416,0.000280000,0.076260000,0.42814163388104604,2026-03-14,2026-03-14,CVE-2025-10416,9.8,2025-09-18T19:44:56.237
CVE-2025-10415,0.000280000,0.076260000,0.42814163388104604,2026-03-14,2026-03-14,CVE-2025-10415,9.8,2025-09-18T19:45:55.863
CVE-2025-10414,0.000280000,0.076260000,0.42814163388104604,2026-03-14,2026-03-14,CVE-2025-10414,9.8,2025-09-18T19:47:10.110
CVE-2025-10413,0.000280000,0.076260000,0.42814163388104604,2026-03-14,2026-03-14,CVE-2025-10413,9.8,2025-09-18T19:49:10.780
CVE-2025-10411,0.000350000,0.099910000,0.5912983105762555,2026-03-14,2026-03-14,CVE-2025-10411,6.1,2025-09-18T19:56:34.220
CVE-2025-10410,0.000460000,0.138220000,0.6989122888220319,2026-03-14,2026-03-14,CVE-2025-10410,9.8,2025-09-18T20:03:10.590
CVE-2025-10409,0.000270000,0.072550000,0.38764174959500114,2026-03-14,2026-03-14,CVE-2025-10409,8.8,2025-09-19T15:02:23.410
CVE-2025-10408,0.000270000,0.072550000,0.38764174959500114,2026-03-14,2026-03-14,CVE-2025-10408,8.8,2025-09-18T20:25:14.723
CVE-2025-10407,0.000270000,0.072550000,0.38764174959500114,2026-03-14,2026-03-14,CVE-2025-10407,8.8,2025-09-18T20:28:17.430
CVE-2025-10405,0.000280000,0.076260000,0.42814163388104604,2026-03-14,2026-03-14,CVE-2025-10405,9.8,2025-09-17T16:57:36.693
CVE-2025-10404,0.000280000,0.074130000,0.42814163388104604,2026-03-14,2026-03-14,CVE-2025-10404,9.8,2025-09-18T20:04:38.760
CVE-2025-10403,0.000280000,0.076260000,0.42814163388104604,2026-03-14,2026-03-14,CVE-2025-10403,9.8,2025-09-18T20:06:33.700
CVE-2025-10402,0.000280000,0.076260000,0.42814163388104604,2026-03-14,2026-03-14,CVE-2025-10402,9.8,2025-09-18T20:06:56.160
CVE-2025-10401,0.001210000,0.309370000,0.8859060402684564,2026-03-14,2026-03-14,CVE-2025-10401,8.8,2025-09-24T18:41:54.943
CVE-2025-10400,0.000270000,0.072550000,0.38764174959500114,2026-03-14,2026-03-14,CVE-2025-10400,8.8,2025-09-18T20:07:18.593
CVE-2025-10399,0.000210000,0.053830000,0.31798194862300394,2026-03-14,2026-03-14,CVE-2025-10399,6.3,2025-09-15T15:21:42.937
CVE-2025-10398,0.000470000,0.145410000,0.7042351307567692,2026-03-14,2026-03-14,CVE-2025-10398,8.8,2025-10-14T19:40:27.497
CVE-2025-10397,0.000400000,0.118960000,0.6570238370747512,2026-03-14,2026-03-14,CVE-2025-10397,7.2,2025-10-08T14:24:16.430
CVE-2025-10396,0.000280000,0.076260000,0.42814163388104604,2026-03-14,2026-03-14,CVE-2025-10396,9.8,2025-09-18T20:36:02.560
CVE-2025-10395,0.000400000,0.118960000,0.6570238370747512,2026-03-14,2026-03-14,CVE-2025-10395,7.2,2025-10-08T14:24:08.327
CVE-2025-10394,0.000440000,0.132270000,0.6854894700300856,2026-03-14,2026-03-14,CVE-2025-10394,7.2,2025-10-14T19:40:42.943
CVE-2025-10393,0.000390000,0.115420000,0.6503124276787781,2026-03-14,2026-03-14,CVE-2025-10393,6.3,2025-09-15T15:21:42.937
CVE-2025-10392,0.001220000,0.312400000,0.8872946077296922,2026-03-14,2026-03-14,CVE-2025-10392,9.8,2025-09-15T15:21:42.937
CVE-2025-10391,0.000450000,0.137750000,0.6917380236056468,2026-03-14,2026-03-14,CVE-2025-10391,8.8,2025-10-14T19:11:12.743
CVE-2025-10390,0.000920000,0.258620000,0.849340430455913,2026-03-14,2026-03-14,CVE-2025-10390,8.8,2025-10-14T19:22:48.037
CVE-2025-10204,0.023480000,0.846900000,0.9884286044897015,2026-03-14,2026-03-14,CVE-2025-10204,,2025-09-15T15:21:42.937
CVE-2025-0164,0.000100000,0.009300000,0.03633418190233742,2026-03-14,2026-03-14,CVE-2025-0164,2.3,2025-12-15T18:21:45.593
CVE-2022-50256,0.000120000,0.017650000,0.06017125665355242,2026-03-14,2026-03-14,CVE-2022-50256,7.8,2025-11-25T16:52:25.453
CVE-2022-50255,0.000160000,0.033070000,0.23698218005091415,2026-03-14,2026-03-14,CVE-2022-50255,7.1,2025-11-25T16:49:15.010
CVE-2022-50254,0.000180000,0.044530000,0.2735477898634575,2026-03-14,2026-03-14,CVE-2022-50254,5.5,2025-11-25T16:49:01.373
CVE-2022-50253,0.000140000,0.023250000,0.11409395973154363,2026-03-14,2026-03-14,CVE-2022-50253,5.5,2025-11-26T16:26:21.480
CVE-2022-50252,0.000130000,0.021430000,0.09789400601712567,2026-03-14,2026-03-14,CVE-2022-50252,7.8,2025-11-26T16:25:58.033
CVE-2022-50251,0.000140000,0.024460000,0.11409395973154363,2026-03-14,2026-03-14,CVE-2022-50251,5.5,2025-11-26T16:25:52.580
CVE-2022-50250,0.000140000,0.023250000,0.11409395973154363,2026-03-14,2026-03-14,CVE-2022-50250,5.5,2025-11-25T14:40:20.927
CVE-2022-50249,0.000140000,0.024460000,0.11409395973154363,2026-03-14,2026-03-14,CVE-2022-50249,5.5,2025-11-25T14:40:36.660
CVE-2022-50248,0.000150000,0.029480000,0.15528812774820644,2026-03-14,2026-03-14,CVE-2022-50248,7.8,2025-11-25T14:41:11.917
CVE-2022-50247,0.000150000,0.030270000,0.15528812774820644,2026-03-14,2026-03-14,CVE-2022-50247,5.5,2025-11-24T19:57:15.157
CVE-2022-50246,0.000150000,0.028110000,0.15528812774820644,2026-03-14,2026-03-14,CVE-2022-50246,5.5,2025-11-24T19:57:47.357
CVE-2022-50245,0.000140000,0.025600000,0.11409395973154363,2026-03-14,2026-03-14,CVE-2022-50245,7.8,2025-11-24T19:58:44.563
CVE-2022-50244,0.000140000,0.024460000,0.11409395973154363,2026-03-14,2026-03-14,CVE-2022-50244,5.5,2025-11-24T19:59:03.517
CVE-2022-50243,0.000150000,0.029480000,0.15528812774820644,2026-03-14,2026-03-14,CVE-2022-50243,7.8,2025-11-24T20:04:28.100
CVE-2022-50242,0.000140000,0.024460000,0.11409395973154363,2026-03-14,2026-03-14,CVE-2022-50242,5.5,2025-11-24T20:05:04.953
CVE-2022-50241,0.000150000,0.028240000,0.15528812774820644,2026-03-14,2026-03-14,CVE-2022-50241,7.8,2025-11-25T14:42:06.403
CVE-2022-50240,0.000150000,0.029480000,0.15528812774820644,2026-03-14,2026-03-14,CVE-2022-50240,7.8,2025-11-24T17:25:46.107
CVE-2022-50239,0.000160000,0.033070000,0.23698218005091415,2026-03-14,2026-03-14,CVE-2022-50239,7.1,2025-11-24T17:26:12.443
CVE-2022-50236,0.000080000,0.006850000,0.024299930571626938,2026-03-14,2026-03-14,CVE-2022-50236,5.5,2025-11-24T17:35:33.767
CVE-2022-50235,0.000150000,0.028900000,0.15528812774820644,2026-03-14,2026-03-14,CVE-2022-50235,7.8,2025-11-24T17:41:12.310
CVE-2022-50234,0.000150000,0.029480000,0.15528812774820644,2026-03-14,2026-03-14,CVE-2022-50234,7.8,2025-11-24T17:46:10.130
CVE-2025-59377,0.000240000,0.062170000,0.3401990280027771,2026-03-14,2026-03-14,CVE-2025-59377,9.8,2025-09-20T02:50:49.953
CVE-2025-59376,0.000070000,0.005740000,0.017588521175653783,2026-03-14,2026-03-14,CVE-2025-59376,5.3,2025-09-20T02:51:25.153
CVE-2025-56710,0.000120000,0.016060000,0.06017125665355242,2026-03-14,2026-03-14,CVE-2025-56710,7.3,2025-09-20T02:51:37.760
CVE-2025-50944,0.000430000,0.128630000,0.6794723443647304,2026-03-14,2026-03-14,CVE-2025-50944,8.8,2025-10-14T19:41:19.230
CVE-2025-50110,0.000280000,0.077090000,0.42814163388104604,2026-03-14,2026-03-14,CVE-2025-50110,8.8,2025-09-15T15:22:27.090
CVE-2025-46408,0.000300000,0.083430000,0.515852811849109,2026-03-14,2026-03-14,CVE-2025-46408,9.8,2025-10-17T14:51:26.313
CVE-2025-10448,0.000260000,0.068480000,0.3705160842397593,2026-03-14,2026-03-14,CVE-2025-10448,9.8,2025-09-20T02:52:09.333
CVE-2025-10447,0.000520000,0.159700000,0.7308493404304559,2026-03-14,2026-03-14,CVE-2025-10447,9.8,2025-09-20T02:52:24.587
CVE-2023-53198,0.000120000,0.017340000,0.06017125665355242,2026-03-14,2026-03-14,CVE-2023-53198,5.5,2025-12-02T19:19:05.830
CVE-2023-53197,0.000170000,0.038360000,0.2561906965980097,2026-03-14,2026-03-14,CVE-2023-53197,5.5,2025-12-02T19:14:45.553
CVE-2023-53196,0.000150000,0.028110000,0.15528812774820644,2026-03-14,2026-03-14,CVE-2023-53196,5.5,2025-12-02T19:13:50.160
CVE-2023-53195,0.000120000,0.017340000,0.06017125665355242,2026-03-14,2026-03-14,CVE-2023-53195,5.5,2025-12-02T02:40:14.647
CVE-2023-53194,0.000160000,0.033070000,0.23698218005091415,2026-03-14,2026-03-14,CVE-2023-53194,7.8,2025-12-02T02:40:36.330
CVE-2023-53193,0.000150000,0.030270000,0.15528812774820644,2026-03-14,2026-03-14,CVE-2023-53193,5.5,2025-12-02T02:41:55.950
CVE-2023-53192,0.000150000,0.028900000,0.15528812774820644,2026-03-14,2026-03-14,CVE-2023-53192,7.8,2025-12-02T02:42:17.983
CVE-2023-53191,0.000150000,0.028110000,0.15528812774820644,2026-03-14,2026-03-14,CVE-2023-53191,5.5,2025-12-02T02:42:36.110
CVE-2023-53190,0.000120000,0.017340000,0.06017125665355242,2026-03-14,2026-03-14,CVE-2023-53190,5.5,2025-12-02T02:42:50.530
CVE-2023-53189,0.000150000,0.028110000,0.15528812774820644,2026-03-14,2026-03-14,CVE-2023-53189,5.5,2025-12-02T02:55:18.420
CVE-2023-53188,0.000120000,0.014290000,0.06017125665355242,2026-03-14,2026-03-14,CVE-2023-53188,4.7,2025-12-02T02:55:34.407
CVE-2023-53187,0.000120000,0.017650000,0.06017125665355242,2026-03-14,2026-03-14,CVE-2023-53187,7.8,2025-12-02T02:55:45.260
CVE-2023-53186,0.000120000,0.015410000,0.06017125665355242,2026-03-14,2026-03-14,CVE-2023-53186,4.7,2025-12-02T02:56:07.880
CVE-2023-53185,0.000140000,0.024460000,0.11409395973154363,2026-03-14,2026-03-14,CVE-2023-53185,5.5,2025-12-02T02:56:18.970
CVE-2023-53184,0.000150000,0.026250000,0.15528812774820644,2026-03-14,2026-03-14,CVE-2023-53184,7.8,2025-12-02T19:12:41.433
CVE-2023-53182,0.000140000,0.023250000,0.11409395973154363,2026-03-14,2026-03-14,CVE-2023-53182,5.5,2025-12-02T02:57:13.687
CVE-2023-53181,0.000120000,0.017340000,0.06017125665355242,2026-03-14,2026-03-14,CVE-2023-53181,5.5,2025-12-02T02:57:23.177
CVE-2023-53180,0.000180000,0.044530000,0.2735477898634575,2026-03-14,2026-03-14,CVE-2023-53180,5.5,2025-12-02T02:57:51.230
CVE-2023-53179,0.000140000,0.025600000,0.11409395973154363,2026-03-14,2026-03-14,CVE-2023-53179,7.8,2025-12-02T02:57:31.997
CVE-2023-53178,0.000110000,0.011550000,0.04813700532284194,2026-03-14,2026-03-14,CVE-2023-53178,4.7,2025-12-02T02:57:41.047
CVE-2023-53177,0.000120000,0.017340000,0.06017125665355242,2026-03-14,2026-03-14,CVE-2023-53177,5.5,2025-12-02T02:58:19.630
CVE-2023-53176,0.000140000,0.023250000,0.11409395973154363,2026-03-14,2026-03-14,CVE-2023-53176,5.5,2025-12-02T02:58:00.767
CVE-2023-53175,0.000150000,0.030270000,0.15528812774820644,2026-03-14,2026-03-14,CVE-2023-53175,5.5,2025-12-02T02:58:09.733
CVE-2023-53174,0.000150000,0.028110000,0.15528812774820644,2026-03-14,2026-03-14,CVE-2023-53174,5.5,2025-12-02T02:58:29.733
CVE-2023-53173,0.000170000,0.038360000,0.2561906965980097,2026-03-14,2026-03-14,CVE-2023-53173,5.5,2025-12-02T02:58:40.677
CVE-2023-53172,0.000180000,0.044530000,0.2735477898634575,2026-03-14,2026-03-14,CVE-2023-53172,5.5,2025-12-02T19:09:53.717
CVE-2023-53171,0.000150000,0.027570000,0.15528812774820644,2026-03-14,2026-03-14,CVE-2023-53171,5.5,2025-12-02T02:58:59.253
CVE-2023-53170,0.000180000,0.044530000,0.2735477898634575,2026-03-14,2026-03-14,CVE-2023-53170,5.5,2025-12-03T19:16:20.797
CVE-2023-53169,0.000150000,0.030270000,0.15528812774820644,2026-03-14,2026-03-14,CVE-2023-53169,5.5,2025-12-02T19:06:38.720
CVE-2023-53168,0.000120000,0.017340000,0.06017125665355242,2026-03-14,2026-03-14,CVE-2023-53168,5.5,2025-11-24T21:02:45.563
CVE-2023-53167,0.000170000,0.039210000,0.2561906965980097,2026-03-14,2026-03-14,CVE-2023-53167,5.5,2025-11-24T21:02:37.190
CVE-2023-53166,0.000100000,0.009650000,0.03633418190233742,2026-03-14,2026-03-14,CVE-2023-53166,4.7,2025-11-24T21:02:32.000
CVE-2023-53165,0.000150000,0.026390000,0.15528812774820644,2026-03-14,2026-03-14,CVE-2023-53165,5.5,2025-11-24T21:02:23.880
CVE-2023-53164,0.000150000,0.028110000,0.15528812774820644,2026-03-14,2026-03-14,CVE-2023-53164,5.5,2025-11-24T21:02:18.403
CVE-2023-53163,0.000150000,0.030270000,0.15528812774820644,2026-03-14,2026-03-14,CVE-2023-53163,5.5,2025-11-24T21:01:50.630
CVE-2023-53153,0.000150000,0.029480000,0.15528812774820644,2026-03-14,2026-03-14,CVE-2023-53153,7.8,2025-11-24T21:01:22.723
CVE-2023-53152,0.000120000,0.017340000,0.06017125665355242,2026-03-14,2026-03-14,CVE-2023-53152,5.5,2025-11-24T21:01:16.823
CVE-2023-53151,0.000120000,0.014900000,0.06017125665355242,2026-03-14,2026-03-14,CVE-2023-53151,5.5,2025-11-24T21:00:20.200
CVE-2023-53150,0.000150000,0.028980000,0.15528812774820644,2026-03-14,2026-03-14,CVE-2023-53150,5.5,2025-11-25T17:03:47.783
CVE-2023-53149,0.000120000,0.015600000,0.06017125665355242,2026-03-14,2026-03-14,CVE-2023-53149,5.5,2025-11-25T17:03:43.000
CVE-2023-53148,0.000160000,0.034540000,0.23698218005091415,2026-03-14,2026-03-14,CVE-2023-53148,7.8,2025-11-25T17:03:32.480
CVE-2023-53147,0.000150000,0.028110000,0.15528812774820644,2026-03-14,2026-03-14,CVE-2023-53147,5.5,2025-11-25T17:03:26.743
CVE-2022-50306,0.000120000,0.014530000,0.06017125665355242,2026-03-14,2026-03-14,CVE-2022-50306,7.1,2025-12-04T15:31:07.530
CVE-2022-50305,0.000120000,0.017650000,0.06017125665355242,2026-03-14,2026-03-14,CVE-2022-50305,7.8,2025-12-04T15:31:13.883
CVE-2022-50304,0.000160000,0.034660000,0.23698218005091415,2026-03-14,2026-03-14,CVE-2022-50304,5.5,2025-12-04T15:31:23.977
CVE-2022-50303,0.000160000,0.034830000,0.23698218005091415,2026-03-14,2026-03-14,CVE-2022-50303,7.8,2025-12-04T15:31:34.053
CVE-2022-50302,0.000150000,0.027570000,0.15528812774820644,2026-03-14,2026-03-14,CVE-2022-50302,5.5,2025-12-04T15:31:49.697
CVE-2022-50301,0.000140000,0.025600000,0.11409395973154363,2026-03-14,2026-03-14,CVE-2022-50301,7.8,2025-12-04T15:32:33.170
CVE-2022-50300,0.000160000,0.033070000,0.23698218005091415,2026-03-14,2026-03-14,CVE-2022-50300,7.8,2025-12-04T15:33:20.600
CVE-2022-50299,0.000150000,0.028110000,0.15528812774820644,2026-03-14,2026-03-14,CVE-2022-50299,5.5,2025-12-04T15:33:30.630
CVE-2022-50298,0.000150000,0.030270000,0.15528812774820644,2026-03-14,2026-03-14,CVE-2022-50298,5.5,2025-12-04T15:33:39.543
CVE-2022-50297,0.000140000,0.024460000,0.11409395973154363,2026-03-14,2026-03-14,CVE-2022-50297,5.5,2025-12-04T15:33:54.417
CVE-2022-50296,0.000130000,0.020440000,0.09789400601712567,2026-03-14,2026-03-14,CVE-2022-50296,5.5,2025-12-04T15:34:09.233
CVE-2022-50295,0.000180000,0.044530000,0.2735477898634575,2026-03-14,2026-03-14,CVE-2022-50295,5.5,2025-12-04T18:52:56.973
CVE-2022-50294,0.000150000,0.028110000,0.15528812774820644,2026-03-14,2026-03-14,CVE-2022-50294,5.5,2025-12-03T19:27:08.237
CVE-2022-50293,0.000120000,0.016690000,0.06017125665355242,2026-03-14,2026-03-14,CVE-2022-50293,5.5,2025-12-04T18:53:12.567
CVE-2022-50292,0.000180000,0.044530000,0.2735477898634575,2026-03-14,2026-03-14,CVE-2022-50292,5.5,2025-12-04T18:53:55.843
CVE-2022-50291,0.000150000,0.028110000,0.15528812774820644,2026-03-14,2026-03-14,CVE-2022-50291,5.5,2025-12-04T18:54:12.970
CVE-2022-50289,0.000140000,0.024460000,0.11409395973154363,2026-03-14,2026-03-14,CVE-2022-50289,5.5,2025-12-03T19:26:03.923
CVE-2022-50288,0.000150000,0.028110000,0.15528812774820644,2026-03-14,2026-03-14,CVE-2022-50288,5.5,2025-12-03T19:25:31.920
CVE-2022-50287,0.000120000,0.017340000,0.06017125665355242,2026-03-14,2026-03-14,CVE-2022-50287,5.5,2025-12-03T19:23:03.087
CVE-2022-50286,0.000140000,0.023250000,0.11409395973154363,2026-03-14,2026-03-14,CVE-2022-50286,5.5,2025-12-23T17:15:45.760
CVE-2022-50285,0.000150000,0.028110000,0.15528812774820644,2026-03-14,2026-03-14,CVE-2022-50285,5.5,2025-12-04T18:54:33.920
CVE-2022-50284,0.000120000,0.017340000,0.06017125665355242,2026-03-14,2026-03-14,CVE-2022-50284,5.5,2025-12-03T19:20:00.620
CVE-2022-50283,0.000180000,0.044880000,0.2735477898634575,2026-03-14,2026-03-14,CVE-2022-50283,7.8,2025-12-04T18:55:35.373
CVE-2022-50282,0.000140000,0.024460000,0.11409395973154363,2026-03-14,2026-03-14,CVE-2022-50282,5.5,2025-12-04T18:56:27.057
CVE-2022-50281,0.000150000,0.027570000,0.15528812774820644,2026-03-14,2026-03-14,CVE-2022-50281,5.5,2025-12-04T18:56:35.393
CVE-2022-50280,0.000140000,0.024460000,0.11409395973154363,2026-03-14,2026-03-14,CVE-2022-50280,5.5,2025-12-04T14:55:40.777
CVE-2022-50279,0.000150000,0.029480000,0.15528812774820644,2026-03-14,2026-03-14,CVE-2022-50279,7.1,2025-12-03T19:18:01.133
CVE-2022-50278,0.000140000,0.024460000,0.11409395973154363,2026-03-14,2026-03-14,CVE-2022-50278,5.5,2025-12-03T19:17:01.023
CVE-2022-50277,0.000090000,0.008120000,0.03031705623698218,2026-03-14,2026-03-14,CVE-2022-50277,5.5,2025-12-03T18:31:12.860
CVE-2022-50276,0.000200000,0.049520000,0.31080768340661885,2026-03-14,2026-03-14,CVE-2022-50276,5.5,2025-12-03T18:30:20.230
CVE-2022-50275,0.000150000,0.028110000,0.15528812774820644,2026-03-14,2026-03-14,CVE-2022-50275,5.5,2025-12-03T19:16:53.663
CVE-2022-50274,0.000140000,0.024610000,0.11409395973154363,2026-03-14,2026-03-14,CVE-2022-50274,7.8,2025-12-03T18:21:27.363
CVE-2022-50273,0.000150000,0.028110000,0.15528812774820644,2026-03-14,2026-03-14,CVE-2022-50273,5.5,2025-12-03T18:20:36.103
CVE-2022-50272,0.000140000,0.024460000,0.11409395973154363,2026-03-14,2026-03-14,CVE-2022-50272,5.5,2025-12-03T18:19:31.887
CVE-2022-50271,0.000150000,0.028110000,0.15528812774820644,2026-03-14,2026-03-14,CVE-2022-50271,5.5,2025-12-03T18:18:35.573
CVE-2022-50270,0.000190000,0.046290000,0.29946771580652626,2026-03-14,2026-03-14,CVE-2022-50270,7.1,2026-01-23T16:39:12.573
CVE-2022-50269,0.000150000,0.030270000,0.15528812774820644,2026-03-14,2026-03-14,CVE-2022-50269,5.5,2025-12-03T18:17:11.063
CVE-2022-50268,0.000140000,0.024460000,0.11409395973154363,2026-03-14,2026-03-14,CVE-2022-50268,5.5,2025-12-03T18:16:12.043
CVE-2022-50267,0.000150000,0.030270000,0.15528812774820644,2026-03-14,2026-03-14,CVE-2022-50267,5.5,2025-12-03T18:15:12.883
CVE-2022-50266,0.000120000,0.017340000,0.06017125665355242,2026-03-14,2026-03-14,CVE-2022-50266,5.5,2025-12-02T19:27:30.377
CVE-2022-50265,0.000150000,0.028110000,0.15528812774820644,2026-03-14,2026-03-14,CVE-2022-50265,5.5,2025-12-03T18:14:05.767
CVE-2022-50264,0.000150000,0.028110000,0.15528812774820644,2026-03-14,2026-03-14,CVE-2022-50264,5.5,2025-12-02T19:22:11.253
CVE-2022-50263,0.000120000,0.017340000,0.06017125665355242,2026-03-14,2026-03-14,CVE-2022-50263,5.5,2025-12-02T19:21:08.623
CVE-2022-50262,0.000170000,0.037280000,0.2561906965980097,2026-03-14,2026-03-14,CVE-2022-50262,5.5,2025-12-02T19:20:01.900
CVE-2022-50261,0.000130000,0.020440000,0.09789400601712567,2026-03-14,2026-03-14,CVE-2022-50261,5.5,2025-11-25T17:02:57.720
CVE-2022-50260,0.000150000,0.029600000,0.15528812774820644,2026-03-14,2026-03-14,CVE-2022-50260,5.5,2025-11-25T17:02:41.887
CVE-2022-50259,0.000120000,0.014290000,0.06017125665355242,2026-03-14,2026-03-14,CVE-2022-50259,4.7,2025-11-25T17:02:21.320
CVE-2022-50258,0.000140000,0.024610000,0.11409395973154363,2026-03-14,2026-03-14,CVE-2022-50258,7.8,2025-11-25T17:02:11.130
CVE-2022-50257,0.000140000,0.023270000,0.11409395973154363,2026-03-14,2026-03-14,CVE-2022-50257,5.5,2025-11-25T17:02:00.230
CVE-2025-8396,0.001140000,0.299610000,0.8801203425133071,2026-03-14,2026-03-14,CVE-2025-8396,,2025-09-15T15:22:27.090
CVE-2025-6202,0.000070000,0.005670000,0.017588521175653783,2026-03-14,2026-03-14,CVE-2025-6202,,2025-09-15T18:15:39.903
CVE-2025-52053,0.660920000,0.984860000,0.9988428604489702,2026-03-14,2026-03-14,CVE-2025-52053,9.8,2025-09-20T02:49:46.760
CVE-2025-36082,0.000120000,0.017840000,0.06017125665355242,2026-03-14,2026-03-14,CVE-2025-36082,3.3,2025-09-24T13:17:27.520
CVE-2025-10491,0.000150000,0.029920000,0.15528812774820644,2026-03-14,2026-03-14,CVE-2025-10491,7.8,2025-09-16T12:49:26.640
CVE-2025-10459,0.000280000,0.076260000,0.42814163388104604,2026-03-14,2026-03-14,CVE-2025-10459,9.8,2025-10-02T18:50:45.753
CVE-2023-53262,0.000160000,0.033070000,0.23698218005091415,2026-03-14,2026-03-14,CVE-2023-53262,7.8,2026-01-14T19:16:16.087
CVE-2023-53261,0.000230000,0.057990000,0.3323304790557741,2026-03-14,2026-03-14,CVE-2023-53261,5.5,2026-01-14T19:16:15.927
CVE-2023-53260,0.000120000,0.017340000,0.06017125665355242,2026-03-14,2026-03-14,CVE-2023-53260,5.5,2026-01-14T18:16:38.670
CVE-2023-53259,0.000150000,0.028280000,0.15528812774820644,2026-03-14,2026-03-14,CVE-2023-53259,7.1,2026-01-16T19:50:14.687
CVE-2023-53258,0.000120000,0.017340000,0.06017125665355242,2026-03-14,2026-03-14,CVE-2023-53258,5.5,2026-01-14T18:16:38.503
CVE-2023-53257,0.000150000,0.027320000,0.15528812774820644,2026-03-14,2026-03-14,CVE-2023-53257,7.8,2026-01-14T18:16:38.343
CVE-2023-53256,0.000160000,0.034410000,0.23698218005091415,2026-03-14,2026-03-14,CVE-2023-53256,5.5,2026-01-14T18:16:38.190
CVE-2023-53255,0.000150000,0.028110000,0.15528812774820644,2026-03-14,2026-03-14,CVE-2023-53255,5.5,2026-01-14T18:16:38.027
CVE-2023-53254,0.000150000,0.029860000,0.15528812774820644,2026-03-14,2026-03-14,CVE-2023-53254,7.1,2026-01-14T18:16:37.867
CVE-2023-53253,0.000180000,0.044880000,0.2735477898634575,2026-03-14,2026-03-14,CVE-2023-53253,7.8,2026-01-14T18:16:37.720
CVE-2023-53252,0.000120000,0.017650000,0.06017125665355242,2026-03-14,2026-03-14,CVE-2023-53252,7.8,2026-01-14T18:16:37.560
CVE-2023-53251,0.000150000,0.027570000,0.15528812774820644,2026-03-14,2026-03-14,CVE-2023-53251,5.5,2026-01-14T18:16:37.343
CVE-2023-53250,0.000150000,0.030270000,0.15528812774820644,2026-03-14,2026-03-14,CVE-2023-53250,5.5,2026-01-14T18:16:37.163
CVE-2023-53249,0.000150000,0.028110000,0.15528812774820644,2026-03-14,2026-03-14,CVE-2023-53249,5.5,2026-01-14T18:16:36.990
CVE-2023-53248,0.000160000,0.034660000,0.23698218005091415,2026-03-14,2026-03-14,CVE-2023-53248,5.5,2026-01-14T18:16:36.830
CVE-2023-53247,0.000070000,0.004400000,0.017588521175653783,2026-03-14,2026-03-14,CVE-2023-53247,5.5,2026-01-14T18:16:36.673
CVE-2023-53246,0.000170000,0.039990000,0.2561906965980097,2026-03-14,2026-03-14,CVE-2023-53246,5.5,2026-01-05T11:16:12.970
CVE-2023-53245,0.000200000,0.049520000,0.31080768340661885,2026-03-14,2026-03-14,CVE-2023-53245,5.5,2026-01-14T18:16:36.500
CVE-2023-53244,0.000140000,0.025100000,0.11409395973154363,2026-03-14,2026-03-14,CVE-2023-53244,5.5,2026-01-14T18:16:36.030
CVE-2023-53243,0.000150000,0.027570000,0.15528812774820644,2026-03-14,2026-03-14,CVE-2023-53243,5.5,2026-01-14T18:16:35.863
CVE-2023-53242,0.000150000,0.028110000,0.15528812774820644,2026-03-14,2026-03-14,CVE-2023-53242,5.5,2026-01-14T18:16:35.713
CVE-2023-53241,0.000150000,0.027570000,0.15528812774820644,2026-03-14,2026-03-14,CVE-2023-53241,5.5,2026-01-14T18:16:35.553
CVE-2023-53240,0.000160000,0.034660000,0.23698218005091415,2026-03-14,2026-03-14,CVE-2023-53240,5.5,2026-01-14T18:16:35.390
CVE-2023-53239,0.000150000,0.028110000,0.15528812774820644,2026-03-14,2026-03-14,CVE-2023-53239,5.5,2026-01-14T18:16:35.223
CVE-2023-53238,0.000150000,0.029480000,0.15528812774820644,2026-03-14,2026-03-14,CVE-2023-53238,7.1,2026-01-14T18:16:35.057
CVE-2023-53237,0.000150000,0.030270000,0.15528812774820644,2026-03-14,2026-03-14,CVE-2023-53237,5.5,2026-01-14T18:16:34.900
CVE-2023-53236,0.000180000,0.044530000,0.2735477898634575,2026-03-14,2026-03-14,CVE-2023-53236,5.5,2026-01-14T18:16:34.757
CVE-2023-53235,0.000180000,0.044880000,0.2735477898634575,2026-03-14,2026-03-14,CVE-2023-53235,7.8,2026-01-14T18:16:34.587
CVE-2023-53234,0.000200000,0.049520000,0.31080768340661885,2026-03-14,2026-03-14,CVE-2023-53234,5.5,2026-01-14T18:16:34.417
CVE-2023-53233,0.000120000,0.014100000,0.06017125665355242,2026-03-14,2026-03-14,CVE-2023-53233,5.5,2026-01-14T18:16:34.250
CVE-2023-53232,0.000100000,0.010680000,0.03633418190233742,2026-03-14,2026-03-14,CVE-2023-53232,7.1,2026-01-27T17:30:06.110
CVE-2023-53231,0.000240000,0.061490000,0.3401990280027771,2026-03-14,2026-03-14,CVE-2023-53231,5.5,2026-01-14T18:16:34.100
CVE-2023-53230,0.000140000,0.025100000,0.11409395973154363,2026-03-14,2026-03-14,CVE-2023-53230,5.5,2026-01-14T18:16:33.950
CVE-2023-53229,0.000150000,0.028110000,0.15528812774820644,2026-03-14,2026-03-14,CVE-2023-53229,5.5,2026-01-14T18:16:33.710
CVE-2023-53228,0.000120000,0.017340000,0.06017125665355242,2026-03-14,2026-03-14,CVE-2023-53228,5.5,2026-01-14T18:16:33.443
CVE-2023-53226,0.000140000,0.024460000,0.11409395973154363,2026-03-14,2026-03-14,CVE-2023-53226,5.5,2026-01-14T18:16:33.177
CVE-2023-53225,0.000150000,0.028110000,0.15528812774820644,2026-03-14,2026-03-14,CVE-2023-53225,5.5,2026-01-14T18:16:32.823
CVE-2023-53224,0.000150000,0.028110000,0.15528812774820644,2026-03-14,2026-03-14,CVE-2023-53224,5.5,2026-01-14T18:16:32.560
CVE-2023-53223,0.000140000,0.023250000,0.11409395973154363,2026-03-14,2026-03-14,CVE-2023-53223,5.5,2026-01-14T18:16:32.307
CVE-2023-53222,0.000140000,0.023370000,0.11409395973154363,2026-03-14,2026-03-14,CVE-2023-53222,7.1,2026-01-14T18:16:32.003
CVE-2023-53221,0.000200000,0.049880000,0.31080768340661885,2026-03-14,2026-03-14,CVE-2023-53221,5.5,2026-01-14T18:16:31.613
CVE-2023-53220,0.000140000,0.023250000,0.11409395973154363,2026-03-14,2026-03-14,CVE-2023-53220,5.5,2026-01-14T18:16:31.300
CVE-2023-53219,0.000150000,0.029480000,0.15528812774820644,2026-03-14,2026-03-14,CVE-2023-53219,7.8,2026-01-14T18:16:30.093
CVE-2023-53218,0.000160000,0.034830000,0.23698218005091415,2026-03-14,2026-03-14,CVE-2023-53218,7.8,2026-01-14T18:16:29.897
CVE-2023-53217,0.000150000,0.029480000,0.15528812774820644,2026-03-14,2026-03-14,CVE-2023-53217,7.8,2026-01-14T18:16:29.740
CVE-2023-53216,0.000150000,0.028900000,0.15528812774820644,2026-03-14,2026-03-14,CVE-2023-53216,7.8,2026-01-14T18:16:29.593
CVE-2023-53215,0.000140000,0.024610000,0.11409395973154363,2026-03-14,2026-03-14,CVE-2023-53215,7.8,2026-01-14T18:16:29.427
CVE-2023-53214,0.000180000,0.044780000,0.2735477898634575,2026-03-14,2026-03-14,CVE-2023-53214,7.8,2026-01-14T18:16:29.260
CVE-2023-53213,0.000130000,0.021430000,0.09789400601712567,2026-03-14,2026-03-14,CVE-2023-53213,7.1,2026-01-14T18:16:29.097
CVE-2023-53211,0.000120000,0.017340000,0.06017125665355242,2026-03-14,2026-03-14,CVE-2023-53211,5.5,2026-01-14T18:16:28.943
CVE-2023-53210,0.000150000,0.030270000,0.15528812774820644,2026-03-14,2026-03-14,CVE-2023-53210,5.5,2026-01-14T18:16:28.790
CVE-2023-53209,0.000150000,0.029620000,0.15528812774820644,2026-03-14,2026-03-14,CVE-2023-53209,5.5,2026-01-14T18:16:28.617
CVE-2023-53208,0.000120000,0.017340000,0.06017125665355242,2026-03-14,2026-03-14,CVE-2023-53208,5.5,2026-01-14T18:16:28.463
CVE-2023-53207,0.000120000,0.017340000,0.06017125665355242,2026-03-14,2026-03-14,CVE-2023-53207,5.5,2026-01-14T18:16:28.293
CVE-2023-53206,0.000180000,0.044530000,0.2735477898634575,2026-03-14,2026-03-14,CVE-2023-53206,5.5,2025-12-04T15:06:28.720
CVE-2023-53205,0.000160000,0.033070000,0.23698218005091415,2026-03-14,2026-03-14,CVE-2023-53205,7.8,2025-12-04T15:06:38.500
CVE-2023-53204,0.000120000,0.014290000,0.06017125665355242,2026-03-14,2026-03-14,CVE-2023-53204,4.7,2025-12-04T15:06:57.090
CVE-2023-53203,0.000180000,0.044530000,0.2735477898634575,2026-03-14,2026-03-14,CVE-2023-53203,5.5,2025-12-04T15:07:07.453
CVE-2023-53202,0.000180000,0.043140000,0.2735477898634575,2026-03-14,2026-03-14,CVE-2023-53202,5.5,2025-12-03T19:41:02.513
CVE-2023-53201,0.000310000,0.084940000,0.5299699143716732,2026-03-14,2026-03-14,CVE-2023-53201,5.5,2025-12-04T15:07:21.827
CVE-2023-53200,0.000150000,0.030270000,0.15528812774820644,2026-03-14,2026-03-14,CVE-2023-53200,5.5,2025-12-04T15:07:32.157
CVE-2023-53199,0.000150000,0.028110000,0.15528812774820644,2026-03-14,2026-03-14,CVE-2023-53199,5.5,2025-12-03T19:39:44.743
CVE-2022-50337,0.000150000,0.027570000,0.15528812774820644,2026-03-14,2026-03-14,CVE-2022-50337,5.5,2025-12-04T13:56:39.980
CVE-2022-50336,0.000150000,0.030270000,0.15528812774820644,2026-03-14,2026-03-14,CVE-2022-50336,5.5,2025-12-04T13:53:50.990
CVE-2022-50335,0.000150000,0.030270000,0.15528812774820644,2026-03-14,2026-03-14,CVE-2022-50335,5.5,2025-12-04T13:50:35.600
CVE-2022-50334,0.000140000,0.023250000,0.11409395973154363,2026-03-14,2026-03-14,CVE-2022-50334,5.5,2025-12-04T13:49:16.740
CVE-2022-50333,0.000130000,0.021430000,0.09789400601712567,2026-03-14,2026-03-14,CVE-2022-50333,7.1,2025-12-04T13:48:21.410
CVE-2022-50332,0.000180000,0.044530000,0.2735477898634575,2026-03-14,2026-03-14,CVE-2022-50332,5.5,2025-12-04T13:46:08.200
CVE-2022-50331,0.000120000,0.017340000,0.06017125665355242,2026-03-14,2026-03-14,CVE-2022-50331,5.5,2025-12-03T19:36:00.050
CVE-2022-50330,0.000150000,0.028110000,0.15528812774820644,2026-03-14,2026-03-14,CVE-2022-50330,5.5,2025-12-04T13:44:36.560
CVE-2022-50329,0.000150000,0.028900000,0.15528812774820644,2026-03-14,2026-03-14,CVE-2022-50329,7.8,2025-12-04T13:43:46.143
CVE-2022-50328,0.000150000,0.028240000,0.15528812774820644,2026-03-14,2026-03-14,CVE-2022-50328,7.8,2025-12-04T13:42:22.360
CVE-2022-50327,0.000210000,0.054180000,0.31798194862300394,2026-03-14,2026-03-14,CVE-2022-50327,5.5,2026-01-16T20:07:10.330
CVE-2022-50326,0.000180000,0.044530000,0.2735477898634575,2026-03-14,2026-03-14,CVE-2022-50326,5.5,2025-12-03T19:32:23.900
CVE-2022-50325,0.000120000,0.017650000,0.06017125665355242,2026-03-14,2026-03-14,CVE-2022-50325,7.8,2025-12-04T13:41:37.063
CVE-2022-50324,0.000130000,0.020440000,0.09789400601712567,2026-03-14,2026-03-14,CVE-2022-50324,5.5,2025-12-03T19:30:24.373
CVE-2022-50323,0.000120000,0.017340000,0.06017125665355242,2026-03-14,2026-03-14,CVE-2022-50323,5.5,2025-12-04T15:07:59.800
CVE-2022-50322,0.000120000,0.017340000,0.06017125665355242,2026-03-14,2026-03-14,CVE-2022-50322,5.5,2025-12-04T15:12:01.390
CVE-2022-50321,0.000150000,0.028110000,0.15528812774820644,2026-03-14,2026-03-14,CVE-2022-50321,5.5,2025-12-03T19:29:55.420
CVE-2022-50320,0.000150000,0.027320000,0.15528812774820644,2026-03-14,2026-03-14,CVE-2022-50320,7.8,2025-12-04T15:19:05.830
CVE-2022-50319,0.000150000,0.030270000,0.15528812774820644,2026-03-14,2026-03-14,CVE-2022-50319,5.5,2025-12-04T15:19:17.463
CVE-2022-50318,0.000150000,0.028110000,0.15528812774820644,2026-03-14,2026-03-14,CVE-2022-50318,5.5,2025-12-04T15:19:27.877
CVE-2022-50317,0.000150000,0.028110000,0.15528812774820644,2026-03-14,2026-03-14,CVE-2022-50317,5.5,2025-12-04T15:19:42.590
CVE-2022-50316,0.000160000,0.034660000,0.23698218005091415,2026-03-14,2026-03-14,CVE-2022-50316,5.5,2025-12-03T19:29:19.307
CVE-2022-50315,0.000140000,0.024610000,0.11409395973154363,2026-03-14,2026-03-14,CVE-2022-50315,7.8,2025-12-04T15:21:57.063
CVE-2022-50314,0.000140000,0.023250000,0.11409395973154363,2026-03-14,2026-03-14,CVE-2022-50314,5.5,2025-12-04T15:22:06.630
CVE-2022-50313,0.000150000,0.028110000,0.15528812774820644,2026-03-14,2026-03-14,CVE-2022-50313,5.5,2025-12-04T15:22:16.860
CVE-2022-50312,0.000140000,0.024460000,0.11409395973154363,2026-03-14,2026-03-14,CVE-2022-50312,5.5,2025-12-04T15:22:27.233
CVE-2022-50311,0.000150000,0.028110000,0.15528812774820644,2026-03-14,2026-03-14,CVE-2022-50311,5.5,2025-12-04T15:23:00.490
CVE-2022-50310,0.000180000,0.044880000,0.2735477898634575,2026-03-14,2026-03-14,CVE-2022-50310,7.8,2025-12-04T15:23:20.263
CVE-2022-50309,0.000140000,0.024460000,0.11409395973154363,2026-03-14,2026-03-14,CVE-2022-50309,5.5,2025-12-04T15:28:59.283
CVE-2022-50308,0.000150000,0.027570000,0.15528812774820644,2026-03-14,2026-03-14,CVE-2022-50308,5.5,2025-12-04T15:29:24.480
CVE-2022-50307,0.000190000,0.046290000,0.29946771580652626,2026-03-14,2026-03-14,CVE-2022-50307,7.1,2025-12-04T15:30:58.510
CVE-2025-6999,0.002060000,0.426800000,0.9259430687340894,2026-03-14,2026-03-14,CVE-2025-6999,,2025-09-16T12:49:16.060
CVE-2025-6947,0.000740000,0.222530000,0.8111548252719278,2026-03-14,2026-03-14,CVE-2025-6947,,2025-09-16T12:49:16.060
CVE-2025-59399,0.000180000,0.044690000,0.2735477898634575,2026-03-14,2026-03-14,CVE-2025-59399,3.1,2025-09-16T12:49:16.060
CVE-2025-59398,0.000180000,0.041400000,0.2735477898634575,2026-03-14,2026-03-14,CVE-2025-59398,3.1,2025-09-16T12:49:16.060
CVE-2025-59397,0.000360000,0.105160000,0.60310113399676,2026-03-14,2026-03-14,CVE-2025-59397,5.0,2025-12-23T17:15:48.203
CVE-2025-59332,0.000540000,0.167660000,0.738717889377459,2026-03-14,2026-03-14,CVE-2025-59332,8.6,2025-09-16T12:49:16.060
CVE-2025-59331,0.000890000,0.251980000,0.8428604489701458,2026-03-14,2026-03-14,CVE-2025-59331,,2025-09-16T12:49:16.060
CVE-2025-59330,0.000890000,0.251980000,0.8428604489701458,2026-03-14,2026-03-14,CVE-2025-59330,,2025-09-16T12:49:16.060
CVE-2025-59328,0.030550000,0.865360000,0.9900485998611432,2026-03-14,2026-03-14,CVE-2025-59328,6.5,2025-11-04T22:16:34.780
CVE-2025-59162,0.000890000,0.251980000,0.8428604489701458,2026-03-14,2026-03-14,CVE-2025-59162,,2025-09-16T12:49:16.060
CVE-2025-59155,0.000670000,0.205330000,0.7910205970840083,2026-03-14,2026-03-14,CVE-2025-59155,,2025-09-16T12:49:16.060
CVE-2025-59154,0.000350000,0.098080000,0.5912983105762555,2026-03-14,2026-03-14,CVE-2025-59154,5.9,2025-09-16T12:49:16.060
CVE-2025-59145,0.000890000,0.251980000,0.8428604489701458,2026-03-14,2026-03-14,CVE-2025-59145,,2025-09-16T12:49:16.060
CVE-2025-59144,0.000890000,0.251980000,0.8428604489701458,2026-03-14,2026-03-14,CVE-2025-59144,,2025-09-16T12:49:16.060
CVE-2025-59143,0.000890000,0.251980000,0.8428604489701458,2026-03-14,2026-03-14,CVE-2025-59143,,2025-09-16T12:49:16.060
CVE-2025-59142,0.000890000,0.251980000,0.8428604489701458,2026-03-14,2026-03-14,CVE-2025-59142,,2025-09-16T12:49:16.060
CVE-2025-59141,0.000890000,0.251980000,0.8428604489701458,2026-03-14,2026-03-14,CVE-2025-59141,,2025-09-16T12:49:16.060
CVE-2025-59140,0.000890000,0.251980000,0.8428604489701458,2026-03-14,2026-03-14,CVE-2025-59140,,2025-09-16T12:49:16.060
CVE-2025-59056,0.001190000,0.307220000,0.8847489007174265,2026-03-14,2026-03-14,CVE-2025-59056,7.5,2025-10-17T14:36:35.073
CVE-2025-58748,0.010470000,0.772910000,0.9773200647998148,2026-03-14,2026-03-14,CVE-2025-58748,9.8,2025-09-19T19:31:28.080
CVE-2025-58177,0.000240000,0.062770000,0.3401990280027771,2026-03-14,2026-03-14,CVE-2025-58177,5.4,2025-10-14T19:34:18.003
CVE-2025-58172,0.000890000,0.253310000,0.8428604489701458,2026-03-14,2026-03-14,CVE-2025-58172,,2025-09-16T12:49:16.060
CVE-2025-58046,0.010800000,0.776170000,0.9777829206202268,2026-03-14,2026-03-14,CVE-2025-58046,9.8,2025-09-19T19:31:40.467
CVE-2025-58045,0.011180000,0.780060000,0.9784772043508447,2026-03-14,2026-03-14,CVE-2025-58045,9.8,2025-09-19T19:34:04.427
CVE-2025-57248,0.000710000,0.214810000,0.8012034251330711,2026-03-14,2026-03-14,CVE-2025-57248,7.3,2025-09-20T02:48:48.503
CVE-2025-57176,0.004210000,0.616650000,0.959962971534367,2026-03-14,2026-03-14,CVE-2025-57176,6.5,2026-03-11T04:17:23.773
CVE-2025-57174,0.017860000,0.825270000,0.9851886137468179,2026-03-14,2026-03-14,CVE-2025-57174,9.8,2025-09-16T12:49:16.060
CVE-2025-57118,0.000820000,0.240260000,0.8292062022679936,2026-03-14,2026-03-14,CVE-2025-57118,9.8,2025-09-18T16:48:50.220
CVE-2025-57117,0.000530000,0.163700000,0.7345521869937515,2026-03-14,2026-03-14,CVE-2025-57117,5.4,2025-09-18T16:48:43.503
CVE-2025-57104,0.000190000,0.047470000,0.29946771580652626,2026-03-14,2026-03-14,CVE-2025-57104,5.4,2025-09-20T02:47:42.020
CVE-2025-56448,0.000360000,0.102590000,0.60310113399676,2026-03-14,2026-03-14,CVE-2025-56448,6.8,2025-10-14T19:33:01.220
CVE-2025-56274,0.000410000,0.122940000,0.6646609581115482,2026-03-14,2026-03-14,CVE-2025-56274,8.1,2025-09-18T16:48:30.697
CVE-2025-56252,0.000300000,0.082700000,0.515852811849109,2026-03-14,2026-03-14,CVE-2025-56252,6.1,2025-09-20T02:49:13.163
CVE-2025-55211,0.000580000,0.179750000,0.7607035408470262,2026-03-14,2026-03-14,CVE-2025-55211,8.8,2025-10-17T14:46:44.293
CVE-2025-52344,0.000550000,0.170750000,0.7428835917611664,2026-03-14,2026-03-14,CVE-2025-52344,6.1,2026-02-05T17:03:34.150
CVE-2025-52048,0.000260000,0.067910000,0.3705160842397593,2026-03-14,2026-03-14,CVE-2025-52048,6.5,2025-09-20T02:57:59.197
CVE-2025-49089,0.000430000,0.131410000,0.6794723443647304,2026-03-14,2026-03-14,CVE-2025-49089,6.3,2025-10-02T18:49:15.050
CVE-2025-45091,0.000240000,0.061350000,0.3401990280027771,2026-03-14,2026-03-14,CVE-2025-45091,5.4,2025-09-16T12:49:16.060
CVE-2025-43802,0.000300000,0.082440000,0.515852811849109,2026-03-14,2026-03-14,CVE-2025-43802,6.1,2025-12-12T15:26:41.343
CVE-2025-43800,0.000300000,0.082440000,0.515852811849109,2026-03-14,2026-03-14,CVE-2025-43800,6.1,2025-12-16T16:12:49.820
CVE-2025-43799,0.000490000,0.150710000,0.7137236750752141,2026-03-14,2026-03-14,CVE-2025-43799,6.5,2025-12-16T16:37:52.680
CVE-2025-43798,0.000290000,0.078060000,0.4619301087711178,2026-03-14,2026-03-14,CVE-2025-43798,6.5,2025-12-16T16:36:29.873
CVE-2025-43797,0.000580000,0.180240000,0.7607035408470262,2026-03-14,2026-03-14,CVE-2025-43797,5.4,2025-12-16T15:22:57.737
CVE-2025-43793,0.000570000,0.175890000,0.7558435547327008,2026-03-14,2026-03-14,CVE-2025-43793,7.5,2025-12-16T15:26:47.283
CVE-2025-43792,0.000420000,0.127670000,0.6739180745197871,2026-03-14,2026-03-14,CVE-2025-43792,5.3,2025-12-16T15:28:12.483
CVE-2025-43791,0.000300000,0.082440000,0.515852811849109,2026-03-14,2026-03-14,CVE-2025-43791,6.1,2025-12-16T15:15:20.870
CVE-2025-43314,0.000120000,0.017550000,0.06017125665355242,2026-03-14,2026-03-14,CVE-2025-43314,5.5,2025-11-04T02:15:38.293
CVE-2025-43312,0.000140000,0.023030000,0.11409395973154363,2026-03-14,2026-03-14,CVE-2025-43312,5.5,2025-11-04T02:15:38.140
CVE-2025-43311,0.000150000,0.030350000,0.15528812774820644,2026-03-14,2026-03-14,CVE-2025-43311,5.1,2025-11-04T02:15:37.990
CVE-2025-43310,0.000160000,0.032090000,0.23698218005091415,2026-03-14,2026-03-14,CVE-2025-43310,4.4,2025-11-04T02:15:37.833
CVE-2025-43308,0.000370000,0.106400000,0.6213839389030317,2026-03-14,2026-03-14,CVE-2025-43308,5.3,2025-11-04T02:15:37.577
CVE-2025-43307,0.000170000,0.036870000,0.2561906965980097,2026-03-14,2026-03-14,CVE-2025-43307,4.0,2025-11-03T19:15:58.910
CVE-2025-43305,0.000150000,0.027180000,0.15528812774820644,2026-03-14,2026-03-14,CVE-2025-43305,5.5,2025-11-04T02:15:37.423
CVE-2025-43304,0.000100000,0.010360000,0.03633418190233742,2026-03-14,2026-03-14,CVE-2025-43304,7.0,2025-11-04T02:15:37.273
CVE-2025-43303,0.000120000,0.016040000,0.06017125665355242,2026-03-14,2026-03-14,CVE-2025-43303,5.5,2025-11-04T02:15:37.107
CVE-2025-43302,0.000130000,0.018650000,0.09789400601712567,2026-03-14,2026-03-14,CVE-2025-43302,5.5,2025-11-04T02:15:36.930
CVE-2025-43301,0.000120000,0.015320000,0.06017125665355242,2026-03-14,2026-03-14,CVE-2025-43301,3.3,2025-11-04T02:15:36.770
CVE-2025-43299,0.000210000,0.052710000,0.31798194862300394,2026-03-14,2026-03-14,CVE-2025-43299,5.5,2025-11-04T02:15:36.613
CVE-2025-43298,0.000290000,0.079370000,0.4619301087711178,2026-03-14,2026-03-14,CVE-2025-43298,7.8,2025-11-04T02:15:36.457
CVE-2025-43297,0.000190000,0.046280000,0.29946771580652626,2026-03-14,2026-03-14,CVE-2025-43297,6.2,2025-11-03T19:15:57.527
CVE-2025-43295,0.000140000,0.023280000,0.11409395973154363,2026-03-14,2026-03-14,CVE-2025-43295,5.5,2025-11-04T02:15:36.303
CVE-2025-43294,0.000170000,0.039100000,0.2561906965980097,2026-03-14,2026-03-14,CVE-2025-43294,3.3,2025-12-17T21:15:54.740
CVE-2025-43293,0.000180000,0.042890000,0.2735477898634575,2026-03-14,2026-03-14,CVE-2025-43293,5.5,2025-11-04T02:15:36.003
CVE-2025-43292,0.000110000,0.012150000,0.04813700532284194,2026-03-14,2026-03-14,CVE-2025-43292,5.5,2025-12-17T21:15:54.587
CVE-2025-43291,0.000100000,0.010180000,0.03633418190233742,2026-03-14,2026-03-14,CVE-2025-43291,5.5,2025-11-04T02:15:35.680
CVE-2025-43287,0.000140000,0.025050000,0.11409395973154363,2026-03-14,2026-03-14,CVE-2025-43287,7.1,2025-11-03T19:15:56.633
CVE-2025-43286,0.000220000,0.055070000,0.32399907428835917,2026-03-14,2026-03-14,CVE-2025-43286,7.8,2025-11-04T02:15:35.420
CVE-2025-43285,0.000110000,0.011780000,0.04813700532284194,2026-03-14,2026-03-14,CVE-2025-43285,5.5,2025-11-04T02:15:35.263
CVE-2025-43283,0.000200000,0.050800000,0.31080768340661885,2026-03-14,2026-03-14,CVE-2025-43283,3.3,2025-11-03T19:15:56.190
CVE-2025-43279,0.000170000,0.038770000,0.2561906965980097,2026-03-14,2026-03-14,CVE-2025-43279,6.2,2025-11-03T19:15:56.043
CVE-2025-43272,0.000470000,0.144160000,0.7042351307567692,2026-03-14,2026-03-14,CVE-2025-43272,6.5,2025-11-04T22:16:14.390
CVE-2025-43263,0.000120000,0.017920000,0.06017125665355242,2026-03-14,2026-03-14,CVE-2025-43263,7.1,2025-11-03T19:15:55.273
CVE-2025-43262,0.000190000,0.046290000,0.29946771580652626,2026-03-14,2026-03-14,CVE-2025-43262,5.1,2025-11-03T19:15:55.100
CVE-2025-43231,0.000160000,0.032830000,0.23698218005091415,2026-03-14,2026-03-14,CVE-2025-43231,5.5,2025-11-03T19:15:54.777
CVE-2025-43208,0.000150000,0.030740000,0.15528812774820644,2026-03-14,2026-03-14,CVE-2025-43208,5.5,2025-11-03T19:15:53.760
CVE-2025-43207,0.000130000,0.020240000,0.09789400601712567,2026-03-14,2026-03-14,CVE-2025-43207,5.5,2025-11-03T19:15:53.620
CVE-2025-43204,0.000140000,0.022980000,0.11409395973154363,2026-03-14,2026-03-14,CVE-2025-43204,7.8,2025-11-03T19:15:53.473
CVE-2025-43203,0.000150000,0.027580000,0.15528812774820644,2026-03-14,2026-03-14,CVE-2025-43203,4.0,2025-11-04T02:15:34.710
CVE-2025-43190,0.000120000,0.015420000,0.06017125665355242,2026-03-14,2026-03-14,CVE-2025-43190,5.5,2025-11-04T02:15:34.547
CVE-2025-31271,0.000400000,0.118850000,0.6570238370747512,2026-03-14,2026-03-14,CVE-2025-31271,7.5,2025-11-03T19:15:51.490
CVE-2025-31270,0.000150000,0.030740000,0.15528812774820644,2026-03-14,2026-03-14,CVE-2025-31270,5.5,2025-11-03T19:15:51.347
CVE-2025-31269,0.000140000,0.023100000,0.11409395973154363,2026-03-14,2026-03-14,CVE-2025-31269,5.5,2025-11-04T02:15:34.397
CVE-2025-31268,0.000110000,0.011780000,0.04813700532284194,2026-03-14,2026-03-14,CVE-2025-31268,5.5,2025-11-04T02:15:34.243
CVE-2025-31255,0.000980000,0.269510000,0.8544318444804443,2026-03-14,2026-03-14,CVE-2025-31255,9.8,2025-11-04T02:15:34.080
CVE-2025-31254,0.000330000,0.091450000,0.5660726683638047,2026-03-14,2026-03-14,CVE-2025-31254,5.4,2025-11-03T19:15:50.523
CVE-2025-30468,0.000460000,0.141230000,0.6989122888220319,2026-03-14,2026-03-14,CVE-2025-30468,6.5,2025-11-03T19:15:49.837
CVE-2025-24197,0.000150000,0.027180000,0.15528812774820644,2026-03-14,2026-03-14,CVE-2025-24197,5.5,2025-11-04T02:15:33.733
CVE-2025-24088,0.000540000,0.167170000,0.738717889377459,2026-03-14,2026-03-14,CVE-2025-24088,7.5,2025-11-03T19:15:48.593
CVE-2025-10485,0.000270000,0.072720000,0.38764174959500114,2026-03-14,2026-03-14,CVE-2025-10485,4.3,2025-09-16T14:15:50.323
CVE-2025-10483,0.000270000,0.072550000,0.38764174959500114,2026-03-14,2026-03-14,CVE-2025-10483,8.8,2025-09-22T17:07:32.670
CVE-2025-10482,0.000280000,0.076260000,0.42814163388104604,2026-03-14,2026-03-14,CVE-2025-10482,9.8,2025-09-22T17:05:08.197
CVE-2025-10481,0.000270000,0.072550000,0.38764174959500114,2026-03-14,2026-03-14,CVE-2025-10481,8.8,2025-09-22T17:00:15.733
CVE-2025-10480,0.000470000,0.144270000,0.7042351307567692,2026-03-14,2026-03-14,CVE-2025-10480,9.8,2025-09-22T16:59:00.303
CVE-2025-10479,0.000280000,0.074130000,0.42814163388104604,2026-03-14,2026-03-14,CVE-2025-10479,9.8,2025-09-17T16:48:37.587
CVE-2025-10477,0.000290000,0.078440000,0.4619301087711178,2026-03-14,2026-03-14,CVE-2025-10477,9.8,2025-10-17T14:49:47.393
CVE-2025-10475,0.000240000,0.061450000,0.3401990280027771,2026-03-14,2026-03-14,CVE-2025-10475,5.5,2025-09-16T12:49:16.060
CVE-2025-10473,0.000300000,0.082350000,0.515852811849109,2026-03-14,2026-03-14,CVE-2025-10473,9.8,2025-09-17T17:00:22.977
CVE-2025-10472,0.002030000,0.422430000,0.9240916454524416,2026-03-14,2026-03-14,CVE-2025-10472,7.5,2025-11-21T15:11:16.497
CVE-2025-10471,0.000410000,0.124100000,0.6646609581115482,2026-03-14,2026-03-14,CVE-2025-10471,8.8,2025-10-14T19:34:04.460
CVE-2025-10203,0.000240000,0.060420000,0.3401990280027771,2026-03-14,2026-03-14,CVE-2025-10203,7.8,2025-09-16T12:49:16.060
CVE-2025-9808,0.011520000,0.782940000,0.9791714880814626,2026-03-14,2026-03-14,CVE-2025-9808,5.3,2025-09-16T12:49:16.060
CVE-2025-6575,0.000240000,0.061350000,0.3401990280027771,2026-03-14,2026-03-14,CVE-2025-6575,6.1,2025-11-13T16:23:08.160
CVE-2025-59453,0.000160000,0.033260000,0.23698218005091415,2026-03-14,2026-03-14,CVE-2025-59453,3.2,2025-09-16T12:49:16.060
CVE-2025-59437,0.000120000,0.016880000,0.06017125665355242,2026-03-14,2026-03-14,CVE-2025-59437,3.2,2025-09-16T12:49:16.060
CVE-2025-59436,0.000120000,0.016880000,0.06017125665355242,2026-03-14,2026-03-14,CVE-2025-59436,3.2,2025-09-16T12:49:16.060
CVE-2025-56706,0.001640000,0.371990000,0.9097431150196714,2026-03-14,2026-03-14,CVE-2025-56706,8.0,2025-09-19T20:57:13.170
CVE-2025-56697,0.000330000,0.093680000,0.5660726683638047,2026-03-14,2026-03-14,CVE-2025-56697,6.1,2025-09-18T16:49:00.817
CVE-2025-5519,0.000530000,0.164110000,0.7345521869937515,2026-03-14,2026-03-14,CVE-2025-5519,6.5,2025-09-16T12:49:16.060
CVE-2025-5518,0.000360000,0.103140000,0.60310113399676,2026-03-14,2026-03-14,CVE-2025-5518,6.5,2025-09-16T12:49:16.060
CVE-2025-4688,0.000350000,0.100090000,0.5912983105762555,2026-03-14,2026-03-14,CVE-2025-4688,9.8,2025-09-16T12:49:16.060
CVE-2025-43375,0.000440000,0.132000000,0.6854894700300856,2026-03-14,2026-03-14,CVE-2025-43375,5.5,2025-11-03T19:16:05.653
CVE-2025-43372,0.000380000,0.111130000,0.634343901874566,2026-03-14,2026-03-14,CVE-2025-43372,7.8,2025-11-04T02:15:44.440
CVE-2025-43371,0.000120000,0.017920000,0.06017125665355242,2026-03-14,2026-03-14,CVE-2025-43371,8.2,2025-11-03T19:16:05.363
CVE-2025-43370,0.000190000,0.047250000,0.29946771580652626,2026-03-14,2026-03-14,CVE-2025-43370,4.0,2025-11-03T19:16:05.230
CVE-2025-43369,0.000130000,0.020240000,0.09789400601712567,2026-03-14,2026-03-14,CVE-2025-43369,5.5,2025-11-03T19:16:05.093
CVE-2025-43368,0.000470000,0.144570000,0.7042351307567692,2026-03-14,2026-03-14,CVE-2025-43368,4.3,2025-11-04T22:16:15.320
CVE-2025-43367,0.000120000,0.014600000,0.06017125665355242,2026-03-14,2026-03-14,CVE-2025-43367,5.5,2025-11-04T02:15:44.133
CVE-2025-43366,0.000130000,0.019190000,0.09789400601712567,2026-03-14,2026-03-14,CVE-2025-43366,5.5,2025-11-03T19:16:04.663
CVE-2025-43362,0.000760000,0.225550000,0.8162462392964591,2026-03-14,2026-03-14,CVE-2025-43362,9.8,2025-11-04T02:15:43.783
CVE-2025-43359,0.001120000,0.296300000,0.8773432075908355,2026-03-14,2026-03-14,CVE-2025-43359,9.8,2025-11-04T02:15:43.390
CVE-2025-43358,0.000130000,0.021670000,0.09789400601712567,2026-03-14,2026-03-14,CVE-2025-43358,8.8,2025-11-04T02:15:43.223
CVE-2025-43357,0.000120000,0.014580000,0.06017125665355242,2026-03-14,2026-03-14,CVE-2025-43357,3.3,2025-11-04T02:15:43.050
CVE-2025-43356,0.000530000,0.164740000,0.7345521869937515,2026-03-14,2026-03-14,CVE-2025-43356,6.5,2025-11-04T22:16:15.147
CVE-2025-43355,0.000130000,0.019550000,0.09789400601712567,2026-03-14,2026-03-14,CVE-2025-43355,5.5,2025-11-04T02:15:42.690
CVE-2025-43354,0.000130000,0.019810000,0.09789400601712567,2026-03-14,2026-03-14,CVE-2025-43354,5.5,2025-11-04T02:15:42.520
CVE-2025-43353,0.000140000,0.023030000,0.11409395973154363,2026-03-14,2026-03-14,CVE-2025-43353,5.5,2025-11-04T02:15:42.350
CVE-2025-43349,0.000140000,0.023640000,0.11409395973154363,2026-03-14,2026-03-14,CVE-2025-43349,2.8,2025-11-04T02:15:42.080
CVE-2025-43347,0.001530000,0.358020000,0.9055774126359639,2026-03-14,2026-03-14,CVE-2025-43347,9.8,2025-11-04T02:15:41.810
CVE-2025-43346,0.000130000,0.020460000,0.09789400601712567,2026-03-14,2026-03-14,CVE-2025-43346,5.5,2025-11-04T02:15:41.660
CVE-2025-43344,0.000180000,0.040500000,0.2735477898634575,2026-03-14,2026-03-14,CVE-2025-43344,3.3,2025-11-04T02:15:41.320
CVE-2025-43343,0.001460000,0.347740000,0.9018745660726684,2026-03-14,2026-03-14,CVE-2025-43343,9.8,2025-12-17T15:15:49.523
CVE-2025-43342,0.002890000,0.520700000,0.9423744503587133,2026-03-14,2026-03-14,CVE-2025-43342,9.8,2025-11-20T17:40:21.647
CVE-2025-43341,0.000150000,0.026150000,0.15528812774820644,2026-03-14,2026-03-14,CVE-2025-43341,7.8,2025-11-04T02:15:40.823
CVE-2025-43340,0.000160000,0.034400000,0.23698218005091415,2026-03-14,2026-03-14,CVE-2025-43340,7.8,2025-11-03T19:16:02.230
CVE-2025-43337,0.000120000,0.015160000,0.06017125665355242,2026-03-14,2026-03-14,CVE-2025-43337,5.5,2025-12-17T21:15:55.670
CVE-2025-43333,0.000160000,0.034400000,0.23698218005091415,2026-03-14,2026-03-14,CVE-2025-43333,7.8,2025-11-03T19:16:01.940
CVE-2025-43332,0.000140000,0.025370000,0.11409395973154363,2026-03-14,2026-03-14,CVE-2025-43332,5.2,2025-11-04T02:15:40.067
CVE-2025-43331,0.000170000,0.036870000,0.2561906965980097,2026-03-14,2026-03-14,CVE-2025-43331,4.0,2025-11-03T19:16:01.653
CVE-2025-43330,0.000110000,0.013590000,0.04813700532284194,2026-03-14,2026-03-14,CVE-2025-43330,8.2,2025-11-04T02:15:39.910
CVE-2025-43329,0.000130000,0.021670000,0.09789400601712567,2026-03-14,2026-03-14,CVE-2025-43329,8.8,2025-11-04T02:15:39.757
CVE-2025-43328,0.000140000,0.022820000,0.11409395973154363,2026-03-14,2026-03-14,CVE-2025-43328,3.3,2025-11-03T19:16:01.167
CVE-2025-43327,0.000550000,0.170340000,0.7428835917611664,2026-03-14,2026-03-14,CVE-2025-43327,6.5,2025-11-04T02:15:39.597
CVE-2025-43326,0.000120000,0.015860000,0.06017125665355242,2026-03-14,2026-03-14,CVE-2025-43326,5.5,2025-11-04T02:15:39.447
CVE-2025-43325,0.000130000,0.020240000,0.09789400601712567,2026-03-14,2026-03-14,CVE-2025-43325,5.5,2025-11-03T19:16:00.730
CVE-2025-43321,0.000120000,0.016910000,0.06017125665355242,2026-03-14,2026-03-14,CVE-2025-43321,5.5,2025-11-04T02:15:39.100
CVE-2025-43319,0.000120000,0.016910000,0.06017125665355242,2026-03-14,2026-03-14,CVE-2025-43319,5.5,2025-11-04T02:15:38.950
CVE-2025-43318,0.000170000,0.040190000,0.2561906965980097,2026-03-14,2026-03-14,CVE-2025-43318,6.2,2025-11-03T19:16:00.247
CVE-2025-43317,0.000110000,0.011910000,0.04813700532284194,2026-03-14,2026-03-14,CVE-2025-43317,5.5,2025-11-04T02:15:38.790
CVE-2025-43316,0.000150000,0.026150000,0.15528812774820644,2026-03-14,2026-03-14,CVE-2025-43316,7.8,2025-11-04T02:15:38.633
CVE-2025-43315,0.000120000,0.016910000,0.06017125665355242,2026-03-14,2026-03-14,CVE-2025-43315,5.5,2025-11-04T02:15:38.467
CVE-2025-41249,0.000640000,0.198710000,0.7817634806757695,2026-03-14,2026-03-14,CVE-2025-41249,7.5,2025-09-16T20:15:35.127
CVE-2025-41248,0.000570000,0.177430000,0.7558435547327008,2026-03-14,2026-03-14,CVE-2025-41248,7.5,2025-09-16T20:15:35.000
CVE-2025-26711,0.000250000,0.063180000,0.3596389724600787,2026-03-14,2026-03-14,CVE-2025-26711,5.7,2025-09-16T12:49:16.060
CVE-2025-26710,0.000190000,0.045090000,0.29946771580652626,2026-03-14,2026-03-14,CVE-2025-26710,3.5,2025-09-16T12:49:16.060
CVE-2025-2404,0.000330000,0.093520000,0.5660726683638047,2026-03-14,2026-03-14,CVE-2025-2404,4.3,2025-09-19T09:15:35.703
CVE-2025-10316,0.000550000,0.169940000,0.7428835917611664,2026-03-14,2026-03-14,CVE-2025-10316,,2025-09-16T12:49:16.060
CVE-2025-10016,0.000210000,0.053310000,0.31798194862300394,2026-03-14,2026-03-14,CVE-2025-10016,,2025-09-16T12:49:16.060
CVE-2025-10015,0.000160000,0.032770000,0.23698218005091415,2026-03-14,2026-03-14,CVE-2025-10015,,2025-09-16T12:49:16.060
CVE-2024-12913,0.000190000,0.046860000,0.29946771580652626,2026-03-14,2026-03-14,CVE-2024-12913,8.8,2025-09-16T12:49:16.060
CVE-2024-12367,0.000540000,0.168960000,0.738717889377459,2026-03-14,2026-03-14,CVE-2024-12367,8.6,2025-09-16T12:49:16.060
CVE-2023-53303,0.000180000,0.044530000,0.2735477898634575,2026-03-14,2026-03-14,CVE-2023-53303,5.5,2026-01-14T19:16:22.920
CVE-2023-53302,0.000140000,0.023250000,0.11409395973154363,2026-03-14,2026-03-14,CVE-2023-53302,5.5,2026-01-14T19:16:22.650
CVE-2023-53301,0.000120000,0.017650000,0.06017125665355242,2026-03-14,2026-03-14,CVE-2023-53301,7.1,2026-01-27T18:56:34.970
CVE-2023-53300,0.000150000,0.030270000,0.15528812774820644,2026-03-14,2026-03-14,CVE-2023-53300,5.5,2026-01-14T19:16:22.490
CVE-2023-53299,0.000140000,0.024460000,0.11409395973154363,2026-03-14,2026-03-14,CVE-2023-53299,5.5,2026-01-14T19:16:22.323
CVE-2023-53298,0.000150000,0.028110000,0.15528812774820644,2026-03-14,2026-03-14,CVE-2023-53298,5.5,2026-01-14T19:16:22.157
CVE-2023-53297,0.000140000,0.023250000,0.11409395973154363,2026-03-14,2026-03-14,CVE-2023-53297,5.5,2026-01-14T19:16:21.960
CVE-2023-53296,0.000150000,0.028110000,0.15528812774820644,2026-03-14,2026-03-14,CVE-2023-53296,5.5,2026-01-14T19:16:21.793
CVE-2023-53295,0.000140000,0.023250000,0.11409395973154363,2026-03-14,2026-03-14,CVE-2023-53295,5.5,2026-01-14T19:16:21.640
CVE-2023-53294,0.000150000,0.027570000,0.15528812774820644,2026-03-14,2026-03-14,CVE-2023-53294,5.5,2026-01-14T19:16:21.480
CVE-2023-53292,0.000170000,0.039290000,0.2561906965980097,2026-03-14,2026-03-14,CVE-2023-53292,5.5,2026-01-14T19:16:21.320
CVE-2023-53291,0.000150000,0.028110000,0.15528812774820644,2026-03-14,2026-03-14,CVE-2023-53291,5.5,2026-01-14T19:16:21.163
CVE-2023-53290,0.000150000,0.028110000,0.15528812774820644,2026-03-14,2026-03-14,CVE-2023-53290,5.5,2026-01-14T19:16:20.993
CVE-2023-53289,0.000140000,0.024460000,0.11409395973154363,2026-03-14,2026-03-14,CVE-2023-53289,5.5,2026-01-14T19:16:20.830
CVE-2023-53288,0.000140000,0.023250000,0.11409395973154363,2026-03-14,2026-03-14,CVE-2023-53288,5.5,2026-01-14T19:16:20.667
CVE-2023-53287,0.000150000,0.030270000,0.15528812774820644,2026-03-14,2026-03-14,CVE-2023-53287,5.5,2026-01-14T19:16:20.500
CVE-2023-53286,0.000150000,0.028240000,0.15528812774820644,2026-03-14,2026-03-14,CVE-2023-53286,7.8,2026-01-14T19:16:20.343
CVE-2023-53285,0.000130000,0.021430000,0.09789400601712567,2026-03-14,2026-03-14,CVE-2023-53285,7.8,2026-01-14T19:16:20.180
CVE-2023-53284,0.000120000,0.017340000,0.06017125665355242,2026-03-14,2026-03-14,CVE-2023-53284,5.5,2026-01-14T19:16:20.017
CVE-2023-53282,0.000150000,0.027320000,0.15528812774820644,2026-03-14,2026-03-14,CVE-2023-53282,7.8,2026-01-14T19:16:19.860
CVE-2023-53281,0.000120000,0.014100000,0.06017125665355242,2026-03-14,2026-03-14,CVE-2023-53281,5.5,2026-01-14T19:16:19.697
CVE-2023-53280,0.000150000,0.026530000,0.15528812774820644,2026-03-14,2026-03-14,CVE-2023-53280,5.5,2026-01-14T19:16:19.530
CVE-2023-53279,0.000170000,0.038360000,0.2561906965980097,2026-03-14,2026-03-14,CVE-2023-53279,5.5,2026-01-14T19:16:19.360
CVE-2023-53278,0.000120000,0.017340000,0.06017125665355242,2026-03-14,2026-03-14,CVE-2023-53278,5.5,2026-01-14T19:16:19.203
CVE-2023-53277,0.000140000,0.023250000,0.11409395973154363,2026-03-14,2026-03-14,CVE-2023-53277,5.5,2026-01-14T19:16:19.037
CVE-2023-53276,0.000130000,0.020440000,0.09789400601712567,2026-03-14,2026-03-14,CVE-2023-53276,5.5,2026-01-14T19:16:18.877
CVE-2023-53275,0.000140000,0.023250000,0.11409395973154363,2026-03-14,2026-03-14,CVE-2023-53275,5.5,2026-01-14T19:16:18.717
CVE-2023-53274,0.000220000,0.054960000,0.32399907428835917,2026-03-14,2026-03-14,CVE-2023-53274,7.8,2026-01-14T19:16:18.553
CVE-2023-53273,0.000150000,0.027570000,0.15528812774820644,2026-03-14,2026-03-14,CVE-2023-53273,5.5,2026-01-14T19:16:18.377
CVE-2023-53272,0.000150000,0.028900000,0.15528812774820644,2026-03-14,2026-03-14,CVE-2023-53272,7.1,2026-01-14T19:16:18.190
CVE-2023-53271,0.000150000,0.028110000,0.15528812774820644,2026-03-14,2026-03-14,CVE-2023-53271,5.5,2026-01-14T19:16:18.013
CVE-2023-53270,0.000150000,0.027570000,0.15528812774820644,2026-03-14,2026-03-14,CVE-2023-53270,5.5,2026-01-14T19:16:17.833
CVE-2023-53269,0.000120000,0.017340000,0.06017125665355242,2026-03-14,2026-03-14,CVE-2023-53269,5.5,2026-01-14T19:16:17.660
CVE-2023-53268,0.000150000,0.028110000,0.15528812774820644,2026-03-14,2026-03-14,CVE-2023-53268,5.5,2026-01-14T19:16:17.477
CVE-2023-53267,0.000120000,0.017340000,0.06017125665355242,2026-03-14,2026-03-14,CVE-2023-53267,5.5,2026-01-14T19:16:17.283
CVE-2023-53266,0.000180000,0.044530000,0.2735477898634575,2026-03-14,2026-03-14,CVE-2023-53266,5.5,2026-01-14T19:16:17.087
CVE-2023-53265,0.000140000,0.024610000,0.11409395973154363,2026-03-14,2026-03-14,CVE-2023-53265,7.1,2026-01-14T19:16:16.877
CVE-2023-53264,0.000150000,0.030270000,0.15528812774820644,2026-03-14,2026-03-14,CVE-2023-53264,5.5,2026-01-14T19:16:16.450
CVE-2023-53263,0.000150000,0.026250000,0.15528812774820644,2026-03-14,2026-03-14,CVE-2023-53263,7.8,2026-01-14T19:16:16.240
CVE-2025-8894,0.000260000,0.067510000,0.3705160842397593,2026-03-14,2026-03-14,CVE-2025-8894,7.8,2025-09-19T13:51:12.743
CVE-2025-8893,0.000260000,0.067510000,0.3705160842397593,2026-03-14,2026-03-14,CVE-2025-8893,7.8,2025-09-19T13:52:47.467
CVE-2025-8446,0.000340000,0.094840000,0.571395510298542,2026-03-14,2026-03-14,CVE-2025-8446,4.3,2025-09-16T12:49:16.060
CVE-2025-8276,0.000270000,0.072420000,0.38764174959500114,2026-03-14,2026-03-14,CVE-2025-8276,4.3,2025-09-30T14:15:40.577
CVE-2025-8057,0.000380000,0.111710000,0.634343901874566,2026-03-14,2026-03-14,CVE-2025-8057,6.5,2025-09-17T14:18:55.093
CVE-2025-7744,0.000360000,0.102470000,0.60310113399676,2026-03-14,2026-03-14,CVE-2025-7744,9.8,2025-11-13T16:22:42.980
CVE-2025-7743,0.000180000,0.041120000,0.2735477898634575,2026-03-14,2026-03-14,CVE-2025-7743,9.6,2025-10-15T14:21:38.180
CVE-2025-7355,0.000380000,0.111710000,0.634343901874566,2026-03-14,2026-03-14,CVE-2025-7355,6.5,2025-09-17T14:18:55.093
CVE-2025-59333,0.001130000,0.298610000,0.8791946308724832,2026-03-14,2026-03-14,CVE-2025-59333,8.1,2025-10-08T19:18:04.110
CVE-2025-59270,0.000300000,0.082230000,0.515852811849109,2026-03-14,2026-03-14,CVE-2025-59270,3.1,2025-09-26T13:55:40.717
CVE-2025-58749,0.000550000,0.171360000,0.7428835917611664,2026-03-14,2026-03-14,CVE-2025-58749,5.3,2025-09-20T02:58:23.390
CVE-2025-57145,0.000240000,0.059850000,0.3401990280027771,2026-03-14,2026-03-14,CVE-2025-57145,5.4,2025-10-08T19:25:00.497
CVE-2025-57119,0.001090000,0.290960000,0.8710946540152742,2026-03-14,2026-03-14,CVE-2025-57119,9.8,2025-09-18T16:49:30.343
CVE-2025-56295,0.000200000,0.051130000,0.31080768340661885,2026-03-14,2026-03-14,CVE-2025-56295,7.3,2025-09-18T16:50:45.427
CVE-2025-56293,0.000300000,0.083740000,0.515852811849109,2026-03-14,2026-03-14,CVE-2025-56293,5.4,2025-10-23T20:06:00.793
CVE-2025-56289,0.000240000,0.060630000,0.3401990280027771,2026-03-14,2026-03-14,CVE-2025-56289,5.4,2025-09-18T16:50:34.927
CVE-2025-56280,0.000260000,0.067120000,0.3705160842397593,2026-03-14,2026-03-14,CVE-2025-56280,5.4,2025-09-18T16:49:42.477
CVE-2025-56276,0.000260000,0.067120000,0.3705160842397593,2026-03-14,2026-03-14,CVE-2025-56276,5.4,2025-09-18T16:49:14.950
CVE-2025-55834,0.000420000,0.125290000,0.6739180745197871,2026-03-14,2026-03-14,CVE-2025-55834,6.1,2025-09-20T03:02:12.203
CVE-2025-55118,0.000230000,0.057300000,0.3323304790557741,2026-03-14,2026-03-14,CVE-2025-55118,8.9,2025-11-18T15:16:31.550
CVE-2025-55117,0.000420000,0.127710000,0.6739180745197871,2026-03-14,2026-03-14,CVE-2025-55117,5.3,2025-10-10T14:12:25.770
CVE-2025-55116,0.000140000,0.025650000,0.11409395973154363,2026-03-14,2026-03-14,CVE-2025-55116,8.8,2025-10-10T14:10:51.570
CVE-2025-55115,0.000170000,0.036770000,0.2561906965980097,2026-03-14,2026-03-14,CVE-2025-55115,8.8,2025-10-10T14:10:38.947
CVE-2025-55114,0.000230000,0.058410000,0.3323304790557741,2026-03-14,2026-03-14,CVE-2025-55114,5.3,2025-09-17T14:18:55.093
CVE-2025-55113,0.000340000,0.097640000,0.571395510298542,2026-03-14,2026-03-14,CVE-2025-55113,10.0,2025-10-10T14:08:43.800
CVE-2025-55112,0.000150000,0.031750000,0.15528812774820644,2026-03-14,2026-03-14,CVE-2025-55112,7.4,2025-10-10T14:01:21.850
CVE-2025-55111,0.000110000,0.013060000,0.04813700532284194,2026-03-14,2026-03-14,CVE-2025-55111,5.5,2025-09-29T12:08:29.103
CVE-2025-55110,0.000150000,0.031290000,0.15528812774820644,2026-03-14,2026-03-14,CVE-2025-55110,5.5,2025-09-17T14:18:55.093
CVE-2025-55109,0.000460000,0.139520000,0.6989122888220319,2026-03-14,2026-03-14,CVE-2025-55109,9.0,2025-10-10T14:16:19.660
CVE-2025-52044,0.000310000,0.086540000,0.5299699143716732,2026-03-14,2026-03-14,CVE-2025-52044,7.5,2025-09-20T02:58:35.227
CVE-2025-4953,0.000260000,0.069870000,0.3705160842397593,2026-03-14,2026-03-14,CVE-2025-4953,7.4,2026-01-15T10:16:05.537
CVE-2025-44034,0.001070000,0.288950000,0.8687803749132146,2026-03-14,2026-03-14,CVE-2025-44034,8.0,2025-11-19T17:06:31.153
CVE-2025-41243,0.026430000,0.855320000,0.9893543161305254,2026-03-14,2026-03-14,CVE-2025-41243,10.0,2025-09-17T14:18:55.093
CVE-2025-39836,0.000120000,0.017650000,0.06017125665355242,2026-03-14,2026-03-14,CVE-2025-39836,7.8,2026-01-14T19:16:44.713
CVE-2025-39835,0.000140000,0.025600000,0.11409395973154363,2026-03-14,2026-03-14,CVE-2025-39835,7.8,2026-01-16T20:30:16.260
CVE-2025-39834,0.000180000,0.044530000,0.2735477898634575,2026-03-14,2026-03-14,CVE-2025-39834,5.5,2026-01-14T19:16:44.567
CVE-2025-39833,0.000180000,0.044530000,0.2735477898634575,2026-03-14,2026-03-14,CVE-2025-39833,5.5,2026-01-14T19:16:44.403
CVE-2025-39832,0.000120000,0.015410000,0.06017125665355242,2026-03-14,2026-03-14,CVE-2025-39832,5.5,2026-01-14T19:16:44.230
CVE-2025-39831,0.000120000,0.017340000,0.06017125665355242,2026-03-14,2026-03-14,CVE-2025-39831,5.5,2026-01-14T19:16:44.080
CVE-2025-39830,0.000180000,0.044530000,0.2735477898634575,2026-03-14,2026-03-14,CVE-2025-39830,5.5,2026-01-14T19:16:43.920
CVE-2025-39829,0.000120000,0.017340000,0.06017125665355242,2026-03-14,2026-03-14,CVE-2025-39829,5.5,2026-01-14T19:16:43.763
CVE-2025-39828,0.000140000,0.025600000,0.11409395973154363,2026-03-14,2026-03-14,CVE-2025-39828,7.8,2026-01-16T20:32:37.030
CVE-2025-39827,0.000210000,0.054180000,0.31798194862300394,2026-03-14,2026-03-14,CVE-2025-39827,5.5,2026-01-16T20:35:06.037
CVE-2025-39826,0.000150000,0.029480000,0.15528812774820644,2026-03-14,2026-03-14,CVE-2025-39826,7.0,2026-01-16T20:36:13.207
CVE-2025-39825,0.000120000,0.014290000,0.06017125665355242,2026-03-14,2026-03-14,CVE-2025-39825,4.7,2026-01-16T20:37:11.190
CVE-2025-39824,0.000140000,0.024630000,0.11409395973154363,2026-03-14,2026-03-14,CVE-2025-39824,7.8,2026-01-16T20:37:49.810
CVE-2025-39823,0.000150000,0.029630000,0.15528812774820644,2026-03-14,2026-03-14,CVE-2025-39823,7.8,2026-01-16T20:38:07.723
CVE-2025-39822,0.000180000,0.044530000,0.2735477898634575,2026-03-14,2026-03-14,CVE-2025-39822,5.5,2026-01-14T19:16:43.610
CVE-2025-39821,0.000220000,0.056040000,0.32399907428835917,2026-03-14,2026-03-14,CVE-2025-39821,7.8,2026-01-14T19:16:43.453
CVE-2025-39820,0.000180000,0.044530000,0.2735477898634575,2026-03-14,2026-03-14,CVE-2025-39820,5.5,2026-01-14T19:16:43.290
CVE-2025-39819,0.000210000,0.053240000,0.31798194862300394,2026-03-14,2026-03-14,CVE-2025-39819,5.5,2026-01-16T20:09:10.520
CVE-2025-39818,0.000120000,0.015570000,0.06017125665355242,2026-03-14,2026-03-14,CVE-2025-39818,7.8,2026-01-14T19:16:43.127
CVE-2025-39817,0.000140000,0.025600000,0.11409395973154363,2026-03-14,2026-03-14,CVE-2025-39817,7.1,2026-01-16T20:08:25.680
CVE-2025-39816,0.000120000,0.017340000,0.06017125665355242,2026-03-14,2026-03-14,CVE-2025-39816,5.5,2026-01-14T19:16:42.980
CVE-2025-39815,0.000120000,0.017340000,0.06017125665355242,2026-03-14,2026-03-14,CVE-2025-39815,5.5,2026-01-14T19:16:42.827
CVE-2025-39814,0.000180000,0.044530000,0.2735477898634575,2026-03-14,2026-03-14,CVE-2025-39814,5.5,2026-01-14T19:16:42.667
CVE-2025-39813,0.000110000,0.012710000,0.04813700532284194,2026-03-14,2026-03-14,CVE-2025-39813,4.7,2026-01-16T20:08:18.040
CVE-2025-39812,0.000140000,0.024460000,0.11409395973154363,2026-03-14,2026-03-14,CVE-2025-39812,5.5,2026-01-16T20:08:08.323
CVE-2025-39811,0.000120000,0.017340000,0.06017125665355242,2026-03-14,2026-03-14,CVE-2025-39811,5.5,2026-01-14T19:16:42.503
CVE-2025-39810,0.000150000,0.026250000,0.15528812774820644,2026-03-14,2026-03-14,CVE-2025-39810,7.8,2026-01-14T19:16:42.327
CVE-2025-39809,0.000180000,0.044880000,0.2735477898634575,2026-03-14,2026-03-14,CVE-2025-39809,7.8,2026-01-14T19:16:42.167
CVE-2025-39808,0.000140000,0.023270000,0.11409395973154363,2026-03-14,2026-03-14,CVE-2025-39808,5.5,2026-01-16T20:07:52.930
CVE-2025-39807,0.000120000,0.017340000,0.06017125665355242,2026-03-14,2026-03-14,CVE-2025-39807,5.5,2026-01-14T19:16:41.983
CVE-2025-39806,0.000150000,0.029480000,0.15528812774820644,2026-03-14,2026-03-14,CVE-2025-39806,7.1,2026-01-16T20:07:18.973
CVE-2025-39805,0.000210000,0.053940000,0.31798194862300394,2026-03-14,2026-03-14,CVE-2025-39805,5.5,2025-12-06T22:15:51.780
CVE-2025-36244,0.000090000,0.007910000,0.03031705623698218,2026-03-14,2026-03-14,CVE-2025-36244,5.5,2025-10-17T14:34:38.477
CVE-2025-30075,0.000110000,0.012020000,0.04813700532284194,2026-03-14,2026-03-14,CVE-2025-30075,2.2,2025-09-17T14:18:55.093
CVE-2025-10546,0.001770000,0.389560000,0.9157602406850266,2026-03-14,2026-03-14,CVE-2025-10546,,2025-09-18T13:43:45.290
CVE-2025-10537,0.000600000,0.185060000,0.7711177968062949,2026-03-14,2026-03-14,CVE-2025-10537,8.8,2025-11-03T19:15:45.773
CVE-2025-10536,0.000180000,0.043680000,0.2735477898634575,2026-03-14,2026-03-14,CVE-2025-10536,6.2,2025-11-03T19:15:45.620
CVE-2025-10535,0.000410000,0.122650000,0.6646609581115482,2026-03-14,2026-03-14,CVE-2025-10535,7.5,2025-10-30T17:15:35.670
CVE-2025-10534,0.000310000,0.084740000,0.5299699143716732,2026-03-14,2026-03-14,CVE-2025-10534,8.1,2025-10-30T17:15:35.507
CVE-2025-10533,0.000840000,0.242910000,0.8322147651006712,2026-03-14,2026-03-14,CVE-2025-10533,8.8,2025-11-03T19:15:45.467
CVE-2025-10532,0.000560000,0.174710000,0.7495950011571395,2026-03-14,2026-03-14,CVE-2025-10532,6.5,2025-11-03T19:15:45.307
CVE-2025-10531,0.000280000,0.076960000,0.42814163388104604,2026-03-14,2026-03-14,CVE-2025-10531,5.4,2025-10-30T17:15:35.013
CVE-2025-10530,0.000380000,0.110620000,0.634343901874566,2026-03-14,2026-03-14,CVE-2025-10530,6.5,2025-10-30T17:15:34.860
CVE-2025-10529,0.000550000,0.169870000,0.7428835917611664,2026-03-14,2026-03-14,CVE-2025-10529,6.5,2025-11-03T19:15:45.150
CVE-2025-10528,0.000790000,0.233610000,0.8236519324230502,2026-03-14,2026-03-14,CVE-2025-10528,7.3,2025-11-03T19:15:44.980
CVE-2025-10527,0.000510000,0.158950000,0.7248322147651006,2026-03-14,2026-03-14,CVE-2025-10527,7.1,2025-11-03T19:15:44.820
CVE-2025-10290,0.000260000,0.069990000,0.3705160842397593,2026-03-14,2026-03-14,CVE-2025-10290,6.5,2025-09-19T20:56:01.570
CVE-2024-13174,0.000350000,0.098590000,0.5912983105762555,2026-03-14,2026-03-14,CVE-2024-13174,8.6,2025-09-17T14:18:55.093
CVE-2024-13149,0.000360000,0.102470000,0.60310113399676,2026-03-14,2026-03-14,CVE-2024-13149,9.8,2025-09-17T14:18:55.093
CVE-2024-12796,0.000320000,0.088800000,0.5459384401758852,2026-03-14,2026-03-14,CVE-2024-12796,5.3,2025-09-17T14:18:55.093
CVE-2023-53304,0.000150000,0.028110000,0.15528812774820644,2026-03-14,2026-03-14,CVE-2023-53304,5.5,2026-01-14T19:16:23.073
CVE-2022-50352,0.000200000,0.049520000,0.31080768340661885,2026-03-14,2026-03-14,CVE-2022-50352,5.5,2026-01-14T19:16:06.373
CVE-2022-50351,0.000120000,0.017340000,0.06017125665355242,2026-03-14,2026-03-14,CVE-2022-50351,5.5,2026-01-14T19:16:06.210
CVE-2022-50350,0.000100000,0.009650000,0.03633418190233742,2026-03-14,2026-03-14,CVE-2022-50350,4.7,2026-01-14T19:16:06.033
CVE-2022-50349,0.000130000,0.020440000,0.09789400601712567,2026-03-14,2026-03-14,CVE-2022-50349,5.5,2026-01-14T19:16:05.860
CVE-2022-50348,0.000150000,0.028110000,0.15528812774820644,2026-03-14,2026-03-14,CVE-2022-50348,5.5,2026-01-14T19:16:05.680
CVE-2022-50347,0.000140000,0.024460000,0.11409395973154363,2026-03-14,2026-03-14,CVE-2022-50347,5.5,2026-01-14T19:16:05.480
CVE-2022-50346,0.000130000,0.020440000,0.09789400601712567,2026-03-14,2026-03-14,CVE-2022-50346,5.5,2026-01-14T19:16:05.280
CVE-2022-50344,0.000130000,0.020440000,0.09789400601712567,2026-03-14,2026-03-14,CVE-2022-50344,5.5,2026-01-14T19:16:05.073
CVE-2022-50343,0.000140000,0.024460000,0.11409395973154363,2026-03-14,2026-03-14,CVE-2022-50343,5.5,2026-01-14T19:16:04.853
CVE-2022-50342,0.000150000,0.030270000,0.15528812774820644,2026-03-14,2026-03-14,CVE-2022-50342,5.5,2026-01-14T19:16:04.657
CVE-2022-50341,0.000100000,0.010210000,0.03633418190233742,2026-03-14,2026-03-14,CVE-2022-50341,5.5,2026-01-14T19:16:04.480
CVE-2022-50340,0.000130000,0.018670000,0.09789400601712567,2026-03-14,2026-03-14,CVE-2022-50340,5.5,2026-01-14T19:16:04.270
CVE-2022-50339,0.000110000,0.012510000,0.04813700532284194,2026-03-14,2026-03-14,CVE-2022-50339,7.0,2026-01-14T19:16:04.033
CVE-2009-20007,0.597480000,0.982300000,0.9983800046285582,2026-03-14,2026-03-14,CVE-2009-20007,,2025-09-17T14:18:55.093
CVE-2009-20006,0.738480000,0.987970000,0.9997685720897941,2026-03-14,2026-03-14,CVE-2009-20006,,2025-09-17T14:18:55.093
CVE-2009-20005,0.693480000,0.986160000,0.9990742883591761,2026-03-14,2026-03-14,CVE-2009-20005,,2025-09-17T14:18:55.093
CVE-2025-9971,0.001820000,0.397050000,0.9171488081462624,2026-03-14,2026-03-14,CVE-2025-9971,9.8,2025-09-17T14:18:55.093
CVE-2025-9891,0.000120000,0.015960000,0.06017125665355242,2026-03-14,2026-03-14,CVE-2025-9891,4.3,2025-09-17T14:18:55.093
CVE-2025-9851,0.000320000,0.088200000,0.5459384401758852,2026-03-14,2026-03-14,CVE-2025-9851,6.4,2025-09-19T13:15:44.150
CVE-2025-9818,0.000170000,0.038910000,0.2561906965980097,2026-03-14,2026-03-14,CVE-2025-9818,6.7,2025-09-17T14:18:55.093
CVE-2025-9708,0.000160000,0.036290000,0.23698218005091415,2026-03-14,2026-03-14,CVE-2025-9708,6.8,2025-11-04T22:16:45.957
CVE-2025-9629,0.000130000,0.020380000,0.09789400601712567,2026-03-14,2026-03-14,CVE-2025-9629,4.3,2025-09-17T14:18:55.093
CVE-2025-9565,0.000410000,0.122310000,0.6646609581115482,2026-03-14,2026-03-14,CVE-2025-9565,6.4,2025-09-17T14:18:55.093
CVE-2025-9450,0.000160000,0.034600000,0.23698218005091415,2026-03-14,2026-03-14,CVE-2025-9450,7.8,2025-09-17T14:18:55.093
CVE-2025-9449,0.000160000,0.034600000,0.23698218005091415,2026-03-14,2026-03-14,CVE-2025-9449,7.8,2025-09-17T14:18:55.093
CVE-2025-9447,0.000160000,0.034600000,0.23698218005091415,2026-03-14,2026-03-14,CVE-2025-9447,7.8,2025-09-17T14:18:55.093
CVE-2025-9216,0.003000000,0.530540000,0.944688729460773,2026-03-14,2026-03-14,CVE-2025-9216,8.8,2025-09-17T14:18:55.093
CVE-2025-9215,0.000260000,0.067530000,0.3705160842397593,2026-03-14,2026-03-14,CVE-2025-9215,6.5,2025-09-17T14:18:55.093
CVE-2025-9203,0.000370000,0.106570000,0.6213839389030317,2026-03-14,2026-03-14,CVE-2025-9203,6.4,2025-09-17T14:18:55.093
CVE-2025-8394,0.000370000,0.106570000,0.6213839389030317,2026-03-14,2026-03-14,CVE-2025-8394,6.4,2025-09-17T14:18:55.093
CVE-2025-8153,0.000550000,0.169940000,0.7428835917611664,2026-03-14,2026-03-14,CVE-2025-8153,,2025-09-17T14:18:55.093
CVE-2025-59518,0.000810000,0.237930000,0.8275862068965517,2026-03-14,2026-03-14,CVE-2025-59518,8.0,2025-09-17T14:18:55.093
CVE-2025-59336,0.001710000,0.382500000,0.9143716732237908,2026-03-14,2026-03-14,CVE-2025-59336,,2025-09-17T14:18:55.093
CVE-2025-59334,0.001080000,0.290090000,0.8692432307336265,2026-03-14,2026-03-14,CVE-2025-59334,8.8,2025-10-08T19:16:13.530
CVE-2025-59307,0.000160000,0.032930000,0.23698218005091415,2026-03-14,2026-03-14,CVE-2025-59307,6.7,2025-09-17T14:18:55.093
CVE-2025-59161,0.001950000,0.412120000,0.9224716500809997,2026-03-14,2026-03-14,CVE-2025-59161,,2025-09-17T14:18:55.093
CVE-2025-59160,0.000790000,0.233690000,0.8236519324230502,2026-03-14,2026-03-14,CVE-2025-59160,,2025-09-17T14:18:55.093
CVE-2025-59050,0.002510000,0.481690000,0.9335801897708864,2026-03-14,2026-03-14,CVE-2025-59050,7.8,2025-10-02T18:54:39.903
CVE-2025-58174,0.000240000,0.060630000,0.3401990280027771,2026-03-14,2026-03-14,CVE-2025-58174,4.6,2025-09-17T14:18:55.093
CVE-2025-58116,0.002450000,0.475220000,0.9321916223096506,2026-03-14,2026-03-14,CVE-2025-58116,7.2,2025-09-17T14:18:55.093
CVE-2025-57631,0.003860000,0.594280000,0.9553344133302476,2026-03-14,2026-03-14,CVE-2025-57631,9.8,2025-09-23T16:43:11.133
CVE-2025-57625,0.000770000,0.227970000,0.8180976625781069,2026-03-14,2026-03-14,CVE-2025-57625,8.8,2025-09-17T16:15:36.210
CVE-2025-57624,0.000170000,0.039360000,0.2561906965980097,2026-03-14,2026-03-14,CVE-2025-57624,7.8,2025-09-17T16:15:36.030
CVE-2025-56562,0.000790000,0.232330000,0.8236519324230502,2026-03-14,2026-03-14,CVE-2025-56562,7.5,2025-10-02T19:14:25.537
CVE-2025-56557,0.000420000,0.124830000,0.6739180745197871,2026-03-14,2026-03-14,CVE-2025-56557,9.1,2025-10-02T19:13:02.203
CVE-2025-56264,0.000790000,0.233560000,0.8236519324230502,2026-03-14,2026-03-14,CVE-2025-56264,7.5,2025-09-23T16:44:37.977
CVE-2025-56263,0.000390000,0.116930000,0.6503124276787781,2026-03-14,2026-03-14,CVE-2025-56263,8.8,2025-10-17T14:30:16.710
CVE-2025-55075,0.000420000,0.125050000,0.6739180745197871,2026-03-14,2026-03-14,CVE-2025-55075,4.9,2025-09-17T14:18:55.093
CVE-2025-54391,0.000910000,0.256000000,0.8477204350844711,2026-03-14,2026-03-14,CVE-2025-54391,9.1,2025-09-17T14:18:55.093
CVE-2025-54262,0.000270000,0.072650000,0.38764174959500114,2026-03-14,2026-03-14,CVE-2025-54262,7.8,2025-09-18T13:38:25.510
CVE-2025-54237,0.000220000,0.056010000,0.32399907428835917,2026-03-14,2026-03-14,CVE-2025-54237,5.5,2025-09-18T13:38:39.070
CVE-2025-49728,0.000340000,0.095360000,0.571395510298542,2026-03-14,2026-03-14,CVE-2025-49728,4.0,2025-10-01T20:31:12.207
CVE-2025-47967,0.000630000,0.193810000,0.7801434853043278,2026-03-14,2026-03-14,CVE-2025-47967,4.7,2025-10-01T20:31:29.220
CVE-2025-43805,0.000560000,0.174280000,0.7495950011571395,2026-03-14,2026-03-14,CVE-2025-43805,5.3,2025-12-16T15:05:33.527
CVE-2025-43804,0.000300000,0.083290000,0.515852811849109,2026-03-14,2026-03-14,CVE-2025-43804,6.1,2025-11-07T19:15:48.340
CVE-2025-43801,0.001640000,0.372220000,0.9097431150196714,2026-03-14,2026-03-14,CVE-2025-43801,7.5,2025-12-12T20:30:21.803
CVE-2025-37131,0.000350000,0.100290000,0.5912983105762555,2026-03-14,2026-03-14,CVE-2025-37131,4.9,2025-09-17T14:18:55.093
CVE-2025-37130,0.000410000,0.123360000,0.6646609581115482,2026-03-14,2026-03-14,CVE-2025-37130,6.5,2025-09-17T14:18:55.093
CVE-2025-37129,0.000180000,0.040520000,0.2735477898634575,2026-03-14,2026-03-14,CVE-2025-37129,6.7,2025-09-17T14:18:55.093
CVE-2025-37128,0.000880000,0.250780000,0.841240453598704,2026-03-14,2026-03-14,CVE-2025-37128,6.8,2025-09-17T14:18:55.093
CVE-2025-37127,0.000220000,0.054730000,0.32399907428835917,2026-03-14,2026-03-14,CVE-2025-37127,7.2,2025-09-17T14:18:55.093
CVE-2025-37126,0.001250000,0.315840000,0.8907660263827818,2026-03-14,2026-03-14,CVE-2025-37126,7.2,2025-09-17T14:18:55.093
CVE-2025-37125,0.000430000,0.128520000,0.6794723443647304,2026-03-14,2026-03-14,CVE-2025-37125,7.5,2025-09-17T14:18:55.093
CVE-2025-37124,0.000600000,0.187040000,0.7711177968062949,2026-03-14,2026-03-14,CVE-2025-37124,8.6,2025-09-17T14:18:55.093
CVE-2025-37123,0.002260000,0.451680000,0.928488775746355,2026-03-14,2026-03-14,CVE-2025-37123,8.8,2025-09-17T14:18:55.093
CVE-2025-34187,0.008090000,0.739820000,0.9738486461467253,2026-03-14,2026-03-14,CVE-2025-34187,8.8,2025-09-25T14:51:36.743
CVE-2025-34186,0.016690000,0.819110000,0.9844943300161999,2026-03-14,2026-03-14,CVE-2025-34186,9.8,2025-09-25T14:56:49.430
CVE-2025-34185,0.002450000,0.475320000,0.9321916223096506,2026-03-14,2026-03-14,CVE-2025-34185,7.5,2025-09-25T14:56:39.847
CVE-2025-34184,0.018330000,0.827260000,0.9854200416570238,2026-03-14,2026-03-14,CVE-2025-34184,9.8,2025-09-25T14:56:30.853
CVE-2025-34183,0.002640000,0.496600000,0.9382087479750058,2026-03-14,2026-03-14,CVE-2025-34183,7.5,2025-09-25T14:56:22.493
CVE-2025-10589,0.002650000,0.497490000,0.9389030317056237,2026-03-14,2026-03-14,CVE-2025-10589,8.8,2025-09-17T14:18:55.093
CVE-2025-10584,0.000270000,0.070290000,0.38764174959500114,2026-03-14,2026-03-14,CVE-2025-10584,5.4,2025-10-20T05:15:34.917
CVE-2025-10566,0.000350000,0.099910000,0.5912983105762555,2026-03-14,2026-03-14,CVE-2025-10566,6.1,2025-09-18T16:50:58.140
CVE-2025-10565,0.000280000,0.076260000,0.42814163388104604,2026-03-14,2026-03-14,CVE-2025-10565,9.8,2025-09-18T16:51:11.273
CVE-2025-10564,0.000280000,0.076260000,0.42814163388104604,2026-03-14,2026-03-14,CVE-2025-10564,9.8,2025-09-18T16:52:13.770
CVE-2025-10563,0.000120000,0.014300000,0.06017125665355242,2026-03-14,2026-03-14,CVE-2025-10563,9.8,2025-09-22T16:33:35.290
CVE-2025-10562,0.000280000,0.074130000,0.42814163388104604,2026-03-14,2026-03-14,CVE-2025-10562,9.8,2025-09-18T16:50:28.720
CVE-2025-10492,0.003800000,0.591150000,0.9551029854200417,2026-03-14,2026-03-14,CVE-2025-10492,9.8,2026-02-10T19:15:49.760
CVE-2025-10188,0.000140000,0.023360000,0.11409395973154363,2026-03-14,2026-03-14,CVE-2025-10188,5.4,2025-09-17T14:18:55.093
CVE-2025-10166,0.000370000,0.106570000,0.6213839389030317,2026-03-14,2026-03-14,CVE-2025-10166,6.4,2025-09-17T14:18:55.093
CVE-2025-10143,0.000830000,0.242000000,0.8310576255496412,2026-03-14,2026-03-14,CVE-2025-10143,7.5,2025-09-17T14:18:55.093
CVE-2025-10125,0.000310000,0.087430000,0.5299699143716732,2026-03-14,2026-03-14,CVE-2025-10125,6.4,2025-09-17T14:18:55.093
CVE-2025-10058,0.003410000,0.564950000,0.9500115713955103,2026-03-14,2026-03-14,CVE-2025-10058,8.1,2025-09-17T14:18:55.093
CVE-2025-10057,0.003510000,0.571830000,0.9507058551261283,2026-03-14,2026-03-14,CVE-2025-10057,8.8,2025-09-17T14:18:55.093
CVE-2025-10050,0.000890000,0.253370000,0.8428604489701458,2026-03-14,2026-03-14,CVE-2025-10050,6.6,2025-09-17T14:18:55.093
CVE-2025-10042,0.000410000,0.121020000,0.6646609581115482,2026-03-14,2026-03-14,CVE-2025-10042,7.5,2025-12-19T12:38:54.293
CVE-2023-53334,0.000170000,0.038360000,0.2561906965980097,2026-03-14,2026-03-14,CVE-2023-53334,5.5,2026-01-14T19:16:28.400
CVE-2023-53333,0.000150000,0.029480000,0.15528812774820644,2026-03-14,2026-03-14,CVE-2023-53333,7.1,2026-01-14T19:16:28.233
CVE-2023-53332,0.000120000,0.017340000,0.06017125665355242,2026-03-14,2026-03-14,CVE-2023-53332,5.5,2026-01-14T19:16:28.070
CVE-2023-53331,0.000140000,0.025600000,0.11409395973154363,2026-03-14,2026-03-14,CVE-2023-53331,7.8,2026-01-14T19:16:27.903
CVE-2023-53330,0.000150000,0.028110000,0.15528812774820644,2026-03-14,2026-03-14,CVE-2023-53330,5.5,2026-01-14T19:16:27.740
CVE-2023-53329,0.000110000,0.012420000,0.04813700532284194,2026-03-14,2026-03-14,CVE-2023-53329,4.7,2026-01-14T19:16:27.577
CVE-2023-53328,0.000190000,0.046410000,0.29946771580652626,2026-03-14,2026-03-14,CVE-2023-53328,5.5,2026-01-14T19:16:27.400
CVE-2023-53327,0.000120000,0.017340000,0.06017125665355242,2026-03-14,2026-03-14,CVE-2023-53327,5.5,2026-01-14T19:16:27.243
CVE-2023-53326,0.000150000,0.027570000,0.15528812774820644,2026-03-14,2026-03-14,CVE-2023-53326,5.5,2026-01-14T19:16:27.037
CVE-2023-53325,0.000120000,0.017340000,0.06017125665355242,2026-03-14,2026-03-14,CVE-2023-53325,5.5,2026-01-14T19:16:26.843
CVE-2023-53324,0.000150000,0.028110000,0.15528812774820644,2026-03-14,2026-03-14,CVE-2023-53324,5.5,2026-01-14T19:16:26.660
CVE-2023-53323,0.000070000,0.005270000,0.017588521175653783,2026-03-14,2026-03-14,CVE-2023-53323,5.5,2026-01-14T19:16:26.460
CVE-2023-53322,0.000140000,0.024610000,0.11409395973154363,2026-03-14,2026-03-14,CVE-2023-53322,7.8,2026-01-14T19:16:26.187
CVE-2023-53321,0.000140000,0.024610000,0.11409395973154363,2026-03-14,2026-03-14,CVE-2023-53321,7.1,2026-01-14T19:16:25.940
CVE-2023-53320,0.000120000,0.017650000,0.06017125665355242,2026-03-14,2026-03-14,CVE-2023-53320,7.8,2026-01-14T19:16:25.747
CVE-2023-53319,0.000180000,0.044530000,0.2735477898634575,2026-03-14,2026-03-14,CVE-2023-53319,5.5,2026-01-14T19:16:25.587
CVE-2023-53318,0.000140000,0.023250000,0.11409395973154363,2026-03-14,2026-03-14,CVE-2023-53318,5.5,2026-01-14T19:16:25.420
CVE-2023-53317,0.000140000,0.023250000,0.11409395973154363,2026-03-14,2026-03-14,CVE-2023-53317,5.5,2026-01-14T19:16:25.223
CVE-2023-53316,0.000150000,0.029480000,0.15528812774820644,2026-03-14,2026-03-14,CVE-2023-53316,7.8,2026-01-14T19:16:25.050
CVE-2023-53315,0.000170000,0.039510000,0.2561906965980097,2026-03-14,2026-03-14,CVE-2023-53315,5.5,2026-01-14T19:16:24.893
CVE-2023-53314,0.000150000,0.028110000,0.15528812774820644,2026-03-14,2026-03-14,CVE-2023-53314,5.5,2026-01-14T19:16:24.740
CVE-2023-53313,0.000140000,0.024460000,0.11409395973154363,2026-03-14,2026-03-14,CVE-2023-53313,5.5,2026-01-14T19:16:24.587
CVE-2023-53312,0.000120000,0.017340000,0.06017125665355242,2026-03-14,2026-03-14,CVE-2023-53312,5.5,2026-01-14T19:16:24.430
CVE-2023-53311,0.000150000,0.029480000,0.15528812774820644,2026-03-14,2026-03-14,CVE-2023-53311,7.8,2026-01-14T19:16:24.250
CVE-2023-53310,0.000100000,0.009650000,0.03633418190233742,2026-03-14,2026-03-14,CVE-2023-53310,4.7,2026-01-14T19:16:24.090
CVE-2023-53309,0.000140000,0.022180000,0.11409395973154363,2026-03-14,2026-03-14,CVE-2023-53309,5.5,2026-01-14T19:16:23.930
CVE-2023-53308,0.000150000,0.029480000,0.15528812774820644,2026-03-14,2026-03-14,CVE-2023-53308,7.8,2026-01-14T19:16:23.763
CVE-2023-53307,0.000150000,0.029480000,0.15528812774820644,2026-03-14,2026-03-14,CVE-2023-53307,7.8,2026-01-14T19:16:23.597
CVE-2023-53306,0.000180000,0.044530000,0.2735477898634575,2026-03-14,2026-03-14,CVE-2023-53306,5.5,2026-01-14T19:16:23.430
CVE-2023-53305,0.000140000,0.024610000,0.11409395973154363,2026-03-14,2026-03-14,CVE-2023-53305,7.8,2026-01-14T19:16:23.260
CVE-2025-9972,0.003320000,0.557220000,0.9483915760240685,2026-03-14,2026-03-14,CVE-2025-9972,9.8,2025-09-23T05:15:36.150
CVE-2025-9862,0.000150000,0.027640000,0.15528812774820644,2026-03-14,2026-03-14,CVE-2025-9862,6.5,2026-02-24T18:36:18.247
CVE-2025-9242,0.616090000,0.983040000,0.9986114325387642,2026-03-14,2026-03-14,CVE-2025-9242,9.8,2025-11-14T02:00:02.350
CVE-2025-8999,0.000420000,0.125000000,0.6739180745197871,2026-03-14,2026-03-14,CVE-2025-8999,5.3,2025-09-17T14:18:55.093
CVE-2025-8463,0.000290000,0.078070000,0.4619301087711178,2026-03-14,2026-03-14,CVE-2025-8463,5.3,2025-09-30T14:15:40.773
CVE-2025-8411,0.000290000,0.079960000,0.4619301087711178,2026-03-14,2026-03-14,CVE-2025-8411,7.1,2025-09-17T14:18:55.093
CVE-2025-8077,0.001020000,0.280500000,0.8602175422355937,2026-03-14,2026-03-14,CVE-2025-8077,9.8,2025-09-17T14:18:55.093
CVE-2025-59476,0.000770000,0.227980000,0.8180976625781069,2026-03-14,2026-03-14,CVE-2025-59476,5.3,2025-11-04T22:16:35.350
CVE-2025-59475,0.000270000,0.073490000,0.38764174959500114,2026-03-14,2026-03-14,CVE-2025-59475,4.3,2025-11-04T22:16:35.177
CVE-2025-59474,0.001050000,0.284990000,0.8671603795417727,2026-03-14,2026-03-14,CVE-2025-59474,5.3,2025-11-04T22:16:35.030
CVE-2025-59458,0.000010000,0.000180000,0.00023142791020597085,2026-03-14,2026-03-14,CVE-2025-59458,9.8,2026-01-20T17:31:03.947
CVE-2025-59457,0.000010000,0.000040000,0.00023142791020597085,2026-03-14,2026-03-14,CVE-2025-59457,7.7,2025-09-22T17:07:35.593
CVE-2025-59456,0.000020000,0.000310000,0.0009257116408238834,2026-03-14,2026-03-14,CVE-2025-59456,5.5,2025-09-22T17:07:38.200
CVE-2025-59455,0.000010000,0.000090000,0.00023142791020597085,2026-03-14,2026-03-14,CVE-2025-59455,4.2,2025-09-22T17:07:40.623
CVE-2025-57055,0.000510000,0.158830000,0.7248322147651006,2026-03-14,2026-03-14,CVE-2025-57055,6.5,2025-09-23T15:44:52.297
CVE-2025-55904,0.000650000,0.200610000,0.7840777597778292,2026-03-14,2026-03-14,CVE-2025-55904,4.0,2025-09-23T15:45:10.240
CVE-2025-54467,0.000410000,0.123250000,0.6646609581115482,2026-03-14,2026-03-14,CVE-2025-54467,5.3,2025-09-17T14:18:55.093
CVE-2025-54390,0.000150000,0.030300000,0.15528812774820644,2026-03-14,2026-03-14,CVE-2025-54390,6.3,2025-09-18T13:43:34.310
CVE-2025-53884,0.000220000,0.056060000,0.32399907428835917,2026-03-14,2026-03-14,CVE-2025-53884,5.3,2025-09-17T14:18:55.093
CVE-2025-50709,0.000500000,0.153990000,0.7192779449201574,2026-03-14,2026-03-14,CVE-2025-50709,4.3,2025-09-17T15:15:43.073
CVE-2025-40933,0.000420000,0.124830000,0.6739180745197871,2026-03-14,2026-03-14,CVE-2025-40933,7.5,2025-09-18T13:43:34.310
CVE-2025-10602,0.000270000,0.072550000,0.38764174959500114,2026-03-14,2026-03-14,CVE-2025-10602,8.8,2025-09-22T16:36:24.693
CVE-2025-10601,0.000280000,0.076260000,0.42814163388104604,2026-03-14,2026-03-14,CVE-2025-10601,9.8,2025-09-22T14:57:03.260
CVE-2025-10600,0.000560000,0.173660000,0.7495950011571395,2026-03-14,2026-03-14,CVE-2025-10600,9.8,2025-09-22T14:59:32.940
CVE-2025-10599,0.000300000,0.082820000,0.515852811849109,2026-03-14,2026-03-14,CVE-2025-10599,9.8,2025-09-22T15:02:33.920
CVE-2025-10598,0.000280000,0.076260000,0.42814163388104604,2026-03-14,2026-03-14,CVE-2025-10598,9.8,2025-09-22T15:03:33.053
CVE-2025-10597,0.000310000,0.085160000,0.5299699143716732,2026-03-14,2026-03-14,CVE-2025-10597,9.8,2025-10-08T19:07:43.543
CVE-2025-10596,0.000280000,0.076260000,0.42814163388104604,2026-03-14,2026-03-14,CVE-2025-10596,9.8,2025-09-22T15:09:35.777
CVE-2025-10595,0.000270000,0.072550000,0.38764174959500114,2026-03-14,2026-03-14,CVE-2025-10595,8.8,2025-09-22T15:12:09.223
CVE-2025-10594,0.000270000,0.072550000,0.38764174959500114,2026-03-14,2026-03-14,CVE-2025-10594,8.8,2025-09-18T20:23:03.920
CVE-2025-10593,0.000250000,0.066230000,0.3596389724600787,2026-03-14,2026-03-14,CVE-2025-10593,8.8,2025-09-18T20:23:11.810
CVE-2025-10592,0.000270000,0.072550000,0.38764174959500114,2026-03-14,2026-03-14,CVE-2025-10592,8.8,2025-09-22T16:16:56.773
CVE-2025-10591,0.000240000,0.062170000,0.3401990280027771,2026-03-14,2026-03-14,CVE-2025-10591,5.4,2025-09-18T20:23:23.527
CVE-2025-10590,0.000250000,0.063010000,0.3596389724600787,2026-03-14,2026-03-14,CVE-2025-10590,6.1,2025-09-18T20:23:31.590
CVE-2025-10439,0.000360000,0.102470000,0.60310113399676,2026-03-14,2026-03-14,CVE-2025-10439,9.8,2025-09-17T14:18:55.093
CVE-2025-10205,0.000140000,0.023170000,0.11409395973154363,2026-03-14,2026-03-14,CVE-2025-10205,8.8,2025-09-18T13:43:34.310
CVE-2025-10157,0.001080000,0.289740000,0.8692432307336265,2026-03-14,2026-03-14,CVE-2025-10157,7.8,2025-11-13T17:02:36.447
CVE-2025-10156,0.004060000,0.607100000,0.9581115482527193,2026-03-14,2026-03-14,CVE-2025-10156,9.8,2025-10-02T19:04:56.000
CVE-2025-10155,0.000960000,0.266100000,0.8532747049294145,2026-03-14,2026-03-14,CVE-2025-10155,7.8,2025-10-02T19:07:57.567
CVE-2025-0879,0.000440000,0.133050000,0.6854894700300856,2026-03-14,2026-03-14,CVE-2025-0879,4.7,2025-09-17T14:18:55.093
CVE-2025-0546,0.000410000,0.121290000,0.6646609581115482,2026-03-14,2026-03-14,CVE-2025-0546,4.7,2025-09-17T14:18:55.093
CVE-2025-0420,0.000440000,0.133050000,0.6854894700300856,2026-03-14,2026-03-14,CVE-2025-0420,4.7,2025-09-17T14:18:55.093
CVE-2025-0419,0.000440000,0.133050000,0.6854894700300856,2026-03-14,2026-03-14,CVE-2025-0419,4.7,2025-09-17T14:18:55.093
CVE-2024-48842,0.000180000,0.043700000,0.2735477898634575,2026-03-14,2026-03-14,CVE-2024-48842,7.0,2025-09-18T13:43:34.310
CVE-2023-53368,0.000120000,0.014290000,0.06017125665355242,2026-03-14,2026-03-14,CVE-2023-53368,4.7,2026-01-14T19:16:34.020
CVE-2023-53367,0.000180000,0.044530000,0.2735477898634575,2026-03-14,2026-03-14,CVE-2023-53367,5.5,2026-01-14T19:16:33.863
CVE-2023-53366,0.000120000,0.017340000,0.06017125665355242,2026-03-14,2026-03-14,CVE-2023-53366,5.5,2026-01-14T19:16:33.707
CVE-2023-53365,0.000150000,0.028110000,0.15528812774820644,2026-03-14,2026-03-14,CVE-2023-53365,5.5,2026-01-14T19:16:33.520
CVE-2023-53364,0.000180000,0.044530000,0.2735477898634575,2026-03-14,2026-03-14,CVE-2023-53364,5.5,2026-01-14T19:16:33.333
CVE-2023-53363,0.000150000,0.028900000,0.15528812774820644,2026-03-14,2026-03-14,CVE-2023-53363,7.8,2026-01-14T19:16:33.167
CVE-2023-53362,0.000120000,0.017340000,0.06017125665355242,2026-03-14,2026-03-14,CVE-2023-53362,5.5,2026-01-14T19:16:33.013
CVE-2023-53361,0.000150000,0.030270000,0.15528812774820644,2026-03-14,2026-03-14,CVE-2023-53361,5.5,2026-01-14T19:16:32.867
CVE-2023-53360,0.000150000,0.030270000,0.15528812774820644,2026-03-14,2026-03-14,CVE-2023-53360,5.5,2026-01-14T19:16:32.703
CVE-2023-53359,0.000170000,0.038360000,0.2561906965980097,2026-03-14,2026-03-14,CVE-2023-53359,5.5,2026-01-14T19:16:32.550
CVE-2023-53358,0.000130000,0.020140000,0.09789400601712567,2026-03-14,2026-03-14,CVE-2023-53358,7.0,2026-01-14T19:16:32.383
CVE-2023-53357,0.000150000,0.029480000,0.15528812774820644,2026-03-14,2026-03-14,CVE-2023-53357,7.1,2026-01-14T19:16:32.200
CVE-2023-53356,0.000150000,0.027570000,0.15528812774820644,2026-03-14,2026-03-14,CVE-2023-53356,5.5,2026-01-14T19:16:32.040
CVE-2023-53355,0.000150000,0.027280000,0.15528812774820644,2026-03-14,2026-03-14,CVE-2023-53355,5.5,2026-01-14T19:16:31.880
CVE-2023-53354,0.000150000,0.028110000,0.15528812774820644,2026-03-14,2026-03-14,CVE-2023-53354,5.5,2026-01-14T19:16:31.673
CVE-2023-53353,0.000180000,0.044530000,0.2735477898634575,2026-03-14,2026-03-14,CVE-2023-53353,5.5,2026-01-14T19:16:31.510
CVE-2023-53352,0.000150000,0.027570000,0.15528812774820644,2026-03-14,2026-03-14,CVE-2023-53352,5.5,2026-01-14T19:16:31.347
CVE-2023-53351,0.000180000,0.044530000,0.2735477898634575,2026-03-14,2026-03-14,CVE-2023-53351,5.5,2026-01-14T19:16:31.177
CVE-2023-53350,0.000180000,0.044530000,0.2735477898634575,2026-03-14,2026-03-14,CVE-2023-53350,5.5,2026-01-14T19:16:31.020
CVE-2023-53349,0.000150000,0.027570000,0.15528812774820644,2026-03-14,2026-03-14,CVE-2023-53349,5.5,2026-01-14T19:16:30.857
CVE-2023-53348,0.000100000,0.009650000,0.03633418190233742,2026-03-14,2026-03-14,CVE-2023-53348,5.5,2026-01-14T19:16:30.693
CVE-2023-53347,0.000150000,0.030800000,0.15528812774820644,2026-03-14,2026-03-14,CVE-2023-53347,5.5,2026-01-14T19:16:30.497
CVE-2023-53346,0.000170000,0.036750000,0.2561906965980097,2026-03-14,2026-03-14,CVE-2023-53346,5.5,2026-01-14T19:16:30.303
CVE-2023-53345,0.000100000,0.009650000,0.03633418190233742,2026-03-14,2026-03-14,CVE-2023-53345,4.7,2026-01-14T19:16:30.080
CVE-2023-53344,0.000150000,0.028110000,0.15528812774820644,2026-03-14,2026-03-14,CVE-2023-53344,5.5,2026-01-14T19:16:29.910
CVE-2023-53343,0.000150000,0.028110000,0.15528812774820644,2026-03-14,2026-03-14,CVE-2023-53343,5.5,2026-01-14T19:16:29.743
CVE-2023-53342,0.000120000,0.017340000,0.06017125665355242,2026-03-14,2026-03-14,CVE-2023-53342,5.5,2026-01-14T19:16:29.587
CVE-2023-53341,0.000120000,0.017340000,0.06017125665355242,2026-03-14,2026-03-14,CVE-2023-53341,5.5,2026-01-14T19:16:29.430
CVE-2023-53340,0.000120000,0.017650000,0.06017125665355242,2026-03-14,2026-03-14,CVE-2023-53340,7.8,2026-01-14T19:16:29.270
CVE-2023-53339,0.000070000,0.004400000,0.017588521175653783,2026-03-14,2026-03-14,CVE-2023-53339,5.5,2026-01-05T11:16:15.193
CVE-2023-53338,0.000150000,0.029480000,0.15528812774820644,2026-03-14,2026-03-14,CVE-2023-53338,7.8,2026-01-14T19:16:29.100
CVE-2023-53337,0.000130000,0.020440000,0.09789400601712567,2026-03-14,2026-03-14,CVE-2023-53337,5.5,2026-01-14T19:16:28.940
CVE-2023-53336,0.000120000,0.017340000,0.06017125665355242,2026-03-14,2026-03-14,CVE-2023-53336,5.5,2026-01-14T19:16:28.773
CVE-2023-53335,0.000150000,0.030270000,0.15528812774820644,2026-03-14,2026-03-14,CVE-2023-53335,5.5,2026-01-14T19:16:28.587
CVE-2022-50374,0.000150000,0.027570000,0.15528812774820644,2026-03-14,2026-03-14,CVE-2022-50374,5.5,2026-01-14T19:16:10.780
CVE-2022-50373,0.000110000,0.013000000,0.04813700532284194,2026-03-14,2026-03-14,CVE-2022-50373,4.7,2026-01-14T19:16:10.563
CVE-2022-50372,0.000180000,0.044530000,0.2735477898634575,2026-03-14,2026-03-14,CVE-2022-50372,5.5,2026-01-14T19:16:10.380
CVE-2022-50371,0.000100000,0.009650000,0.03633418190233742,2026-03-14,2026-03-14,CVE-2022-50371,5.5,2026-01-14T19:16:10.223
CVE-2022-50370,0.000150000,0.030270000,0.15528812774820644,2026-03-14,2026-03-14,CVE-2022-50370,5.5,2026-01-14T19:16:10.063
CVE-2022-50369,0.000150000,0.027570000,0.15528812774820644,2026-03-14,2026-03-14,CVE-2022-50369,5.5,2026-01-14T19:16:09.897
CVE-2022-50368,0.000180000,0.040880000,0.2735477898634575,2026-03-14,2026-03-14,CVE-2022-50368,7.8,2026-01-14T19:16:09.737
CVE-2022-50367,0.000130000,0.018130000,0.09789400601712567,2026-03-14,2026-03-14,CVE-2022-50367,7.8,2026-01-14T19:16:09.570
CVE-2022-50366,0.000130000,0.021430000,0.09789400601712567,2026-03-14,2026-03-14,CVE-2022-50366,7.1,2026-01-14T19:16:09.397
CVE-2022-50365,0.000140000,0.024460000,0.11409395973154363,2026-03-14,2026-03-14,CVE-2022-50365,5.5,2026-01-14T19:16:09.230
CVE-2022-50364,0.000150000,0.027570000,0.15528812774820644,2026-03-14,2026-03-14,CVE-2022-50364,5.5,2026-01-14T19:16:09.063
CVE-2022-50363,0.000180000,0.044530000,0.2735477898634575,2026-03-14,2026-03-14,CVE-2022-50363,5.5,2026-01-14T19:16:08.880
CVE-2022-50362,0.000150000,0.027570000,0.15528812774820644,2026-03-14,2026-03-14,CVE-2022-50362,5.5,2026-01-14T19:16:08.710
CVE-2022-50361,0.000120000,0.017340000,0.06017125665355242,2026-03-14,2026-03-14,CVE-2022-50361,5.5,2026-01-14T19:16:08.513
CVE-2022-50360,0.000180000,0.044530000,0.2735477898634575,2026-03-14,2026-03-14,CVE-2022-50360,5.5,2026-01-14T19:16:08.327
CVE-2022-50359,0.000130000,0.020440000,0.09789400601712567,2026-03-14,2026-03-14,CVE-2022-50359,5.5,2026-01-14T19:16:08.113
CVE-2022-50358,0.000250000,0.065870000,0.3596389724600787,2026-03-14,2026-03-14,CVE-2022-50358,4.2,2026-01-14T19:16:07.827
CVE-2022-50357,0.000120000,0.017340000,0.06017125665355242,2026-03-14,2026-03-14,CVE-2022-50357,5.5,2026-01-14T19:16:07.640
CVE-2022-50356,0.000150000,0.030270000,0.15528812774820644,2026-03-14,2026-03-14,CVE-2022-50356,5.5,2026-01-14T19:16:07.247
CVE-2022-50355,0.000150000,0.028110000,0.15528812774820644,2026-03-14,2026-03-14,CVE-2022-50355,5.5,2026-01-14T19:16:06.883
CVE-2022-50354,0.000120000,0.017340000,0.06017125665355242,2026-03-14,2026-03-14,CVE-2022-50354,5.5,2026-01-14T19:16:06.710
CVE-2022-50353,0.000150000,0.028110000,0.15528812774820644,2026-03-14,2026-03-14,CVE-2022-50353,5.5,2026-01-14T19:16:06.540
CVE-2025-8942,0.000400000,0.120650000,0.6570238370747512,2026-03-14,2026-03-14,CVE-2025-8942,9.1,2025-09-22T18:15:47.370
CVE-2025-8006,0.000340000,0.095990000,0.571395510298542,2026-03-14,2026-03-14,CVE-2025-8006,7.8,2025-09-22T20:40:23.807
CVE-2025-8005,0.000340000,0.095990000,0.571395510298542,2026-03-14,2026-03-14,CVE-2025-8005,7.8,2025-09-22T20:12:02.530
CVE-2025-8004,0.000340000,0.095990000,0.571395510298542,2026-03-14,2026-03-14,CVE-2025-8004,7.8,2025-09-22T20:19:59.650
CVE-2025-8003,0.000340000,0.095990000,0.571395510298542,2026-03-14,2026-03-14,CVE-2025-8003,7.8,2025-09-22T20:19:35.580
CVE-2025-8002,0.000340000,0.095990000,0.571395510298542,2026-03-14,2026-03-14,CVE-2025-8002,7.8,2025-09-22T20:19:03.047
CVE-2025-8001,0.000340000,0.095990000,0.571395510298542,2026-03-14,2026-03-14,CVE-2025-8001,7.8,2025-09-22T20:18:37.620
CVE-2025-8000,0.000340000,0.095990000,0.571395510298542,2026-03-14,2026-03-14,CVE-2025-8000,7.8,2025-09-22T20:20:15.730
CVE-2025-7999,0.000340000,0.095990000,0.571395510298542,2026-03-14,2026-03-14,CVE-2025-7999,7.8,2025-09-22T20:40:30.340
CVE-2025-7998,0.000340000,0.095990000,0.571395510298542,2026-03-14,2026-03-14,CVE-2025-7998,7.8,2025-09-22T20:40:37.300
CVE-2025-7997,0.000340000,0.095990000,0.571395510298542,2026-03-14,2026-03-14,CVE-2025-7997,7.8,2025-09-22T20:40:43.070
CVE-2025-7996,0.000340000,0.095990000,0.571395510298542,2026-03-14,2026-03-14,CVE-2025-7996,7.8,2025-09-22T20:40:49.807
CVE-2025-7995,0.000340000,0.095990000,0.571395510298542,2026-03-14,2026-03-14,CVE-2025-7995,7.8,2025-09-22T20:40:54.690
CVE-2025-7994,0.000340000,0.095990000,0.571395510298542,2026-03-14,2026-03-14,CVE-2025-7994,7.8,2025-09-22T20:42:57.193
CVE-2025-7993,0.000340000,0.095990000,0.571395510298542,2026-03-14,2026-03-14,CVE-2025-7993,7.8,2025-09-22T20:42:40.550
CVE-2025-7992,0.000490000,0.149660000,0.7137236750752141,2026-03-14,2026-03-14,CVE-2025-7992,7.8,2025-09-22T20:41:58.777
CVE-2025-7991,0.000490000,0.149660000,0.7137236750752141,2026-03-14,2026-03-14,CVE-2025-7991,7.8,2025-09-22T20:42:08.630
CVE-2025-7990,0.000490000,0.149660000,0.7137236750752141,2026-03-14,2026-03-14,CVE-2025-7990,7.8,2025-09-22T20:42:18.870
CVE-2025-7989,0.000490000,0.149660000,0.7137236750752141,2026-03-14,2026-03-14,CVE-2025-7989,7.8,2025-09-22T20:42:28.860
CVE-2025-7988,0.000490000,0.149660000,0.7137236750752141,2026-03-14,2026-03-14,CVE-2025-7988,7.8,2025-09-22T20:51:49.130
CVE-2025-7987,0.000490000,0.149660000,0.7137236750752141,2026-03-14,2026-03-14,CVE-2025-7987,7.8,2025-09-22T20:51:35.990
CVE-2025-7986,0.000490000,0.149660000,0.7137236750752141,2026-03-14,2026-03-14,CVE-2025-7986,7.8,2025-09-22T20:51:27.197
CVE-2025-7985,0.000490000,0.149660000,0.7137236750752141,2026-03-14,2026-03-14,CVE-2025-7985,7.8,2025-09-22T20:47:31.333
CVE-2025-7984,0.000490000,0.149660000,0.7137236750752141,2026-03-14,2026-03-14,CVE-2025-7984,7.8,2025-09-22T20:47:25.950
CVE-2025-7983,0.000450000,0.134870000,0.6917380236056468,2026-03-14,2026-03-14,CVE-2025-7983,7.8,2025-09-22T20:51:17.560
CVE-2025-7982,0.000490000,0.149660000,0.7137236750752141,2026-03-14,2026-03-14,CVE-2025-7982,7.8,2025-09-22T20:47:20.933
CVE-2025-7981,0.000490000,0.149660000,0.7137236750752141,2026-03-14,2026-03-14,CVE-2025-7981,7.8,2025-09-22T20:51:09.477
CVE-2025-7980,0.000490000,0.149660000,0.7137236750752141,2026-03-14,2026-03-14,CVE-2025-7980,7.8,2025-09-22T20:50:53.870
CVE-2025-7979,0.000450000,0.134870000,0.6917380236056468,2026-03-14,2026-03-14,CVE-2025-7979,7.8,2025-09-22T20:50:47.843
CVE-2025-7978,0.000490000,0.149660000,0.7137236750752141,2026-03-14,2026-03-14,CVE-2025-7978,7.8,2025-09-22T20:50:33.893
CVE-2025-7977,0.000490000,0.149660000,0.7137236750752141,2026-03-14,2026-03-14,CVE-2025-7977,7.8,2025-09-22T20:47:13.527
CVE-2025-59416,0.000550000,0.170670000,0.7428835917611664,2026-03-14,2026-03-14,CVE-2025-59416,,2025-09-18T13:43:34.310
CVE-2025-59415,0.000280000,0.075610000,0.42814163388104604,2026-03-14,2026-03-14,CVE-2025-59415,5.4,2025-10-08T17:15:10.517
CVE-2025-59414,0.000480000,0.148240000,0.7095579726915066,2026-03-14,2026-03-14,CVE-2025-59414,3.1,2025-12-03T18:47:40.983
CVE-2025-59410,0.000180000,0.044220000,0.2735477898634575,2026-03-14,2026-03-14,CVE-2025-59410,3.7,2025-09-18T16:54:11.567
CVE-2025-59354,0.000240000,0.062440000,0.3401990280027771,2026-03-14,2026-03-14,CVE-2025-59354,5.3,2025-09-18T20:08:13.900
CVE-2025-59353,0.000600000,0.186390000,0.7711177968062949,2026-03-14,2026-03-14,CVE-2025-59353,7.5,2025-09-18T20:08:55.557
CVE-2025-59352,0.008050000,0.739100000,0.9736172182365194,2026-03-14,2026-03-14,CVE-2025-59352,9.8,2025-09-18T20:09:03.333
CVE-2025-59351,0.000520000,0.159730000,0.7308493404304559,2026-03-14,2026-03-14,CVE-2025-59351,5.3,2025-09-18T20:09:21.403
CVE-2025-59350,0.000660000,0.201840000,0.7880120342513307,2026-03-14,2026-03-14,CVE-2025-59350,5.3,2025-09-18T20:15:45.780
CVE-2025-59349,0.000200000,0.050140000,0.31080768340661885,2026-03-14,2026-03-14,CVE-2025-59349,3.3,2025-09-18T20:17:51.190
CVE-2025-59348,0.000620000,0.191780000,0.777597778292062,2026-03-14,2026-03-14,CVE-2025-59348,7.5,2025-09-18T20:18:46.437
CVE-2025-59347,0.000360000,0.102570000,0.60310113399676,2026-03-14,2026-03-14,CVE-2025-59347,6.5,2025-09-18T20:19:08.377
CVE-2025-59346,0.000620000,0.192090000,0.777597778292062,2026-03-14,2026-03-14,CVE-2025-59346,5.3,2025-09-18T20:20:38.387
CVE-2025-59345,0.000700000,0.213100000,0.8005091414024531,2026-03-14,2026-03-14,CVE-2025-59345,9.1,2025-10-13T16:15:33.740
CVE-2025-59342,0.012080000,0.787780000,0.9803286276324925,2026-03-14,2026-03-14,CVE-2025-59342,,2026-01-14T16:15:56.430
CVE-2025-59341,0.001140000,0.298860000,0.8801203425133071,2026-03-14,2026-03-14,CVE-2025-59341,,2025-09-18T13:43:34.310
CVE-2025-59340,0.005530000,0.677140000,0.9687572321221939,2026-03-14,2026-03-14,CVE-2025-59340,10.0,2025-09-26T13:11:40.227
CVE-2025-59339,0.000120000,0.015700000,0.06017125665355242,2026-03-14,2026-03-14,CVE-2025-59339,4.4,2025-09-18T13:43:34.310
CVE-2025-59304,0.046520000,0.891460000,0.991900023142791,2026-03-14,2026-03-14,CVE-2025-59304,9.8,2025-10-08T18:28:20.703
CVE-2025-58767,0.000210000,0.052050000,0.31798194862300394,2026-03-14,2026-03-14,CVE-2025-58767,5.3,2025-09-30T13:07:07.207
CVE-2025-58766,0.000360000,0.102530000,0.60310113399676,2026-03-14,2026-03-14,CVE-2025-58766,9.0,2025-09-18T13:43:34.310
CVE-2025-58432,0.000400000,0.117880000,0.6570238370747512,2026-03-14,2026-03-14,CVE-2025-58432,7.8,2025-09-22T14:24:42.423
CVE-2025-58431,0.000230000,0.058940000,0.3323304790557741,2026-03-14,2026-03-14,CVE-2025-58431,6.2,2025-09-22T14:21:36.897
CVE-2025-56648,0.000080000,0.006400000,0.024299930571626938,2026-03-14,2026-03-14,CVE-2025-56648,6.5,2026-01-26T17:16:11.320
CVE-2025-5305,0.000330000,0.094160000,0.5660726683638047,2026-03-14,2026-03-14,CVE-2025-5305,9.8,2025-09-22T18:15:47.090
CVE-2025-37122,0.000320000,0.088560000,0.5459384401758852,2026-03-14,2026-03-14,CVE-2025-37122,6.1,2025-09-18T13:43:34.310
CVE-2025-35436,0.000520000,0.159350000,0.7308493404304559,2026-03-14,2026-03-14,CVE-2025-35436,7.5,2025-12-19T12:34:10.813
CVE-2025-35435,0.001350000,0.330890000,0.8947003008562833,2026-03-14,2026-03-14,CVE-2025-35435,4.3,2025-09-26T14:39:46.340
CVE-2025-35434,0.000560000,0.172610000,0.7495950011571395,2026-03-14,2026-03-14,CVE-2025-35434,9.8,2025-09-23T15:44:11.473
CVE-2025-35433,0.000570000,0.175640000,0.7558435547327008,2026-03-14,2026-03-14,CVE-2025-35433,8.8,2025-09-23T15:43:59.143
CVE-2025-35432,0.001750000,0.388210000,0.9152973848646146,2026-03-14,2026-03-14,CVE-2025-35432,7.5,2025-09-23T15:44:35.963
CVE-2025-35431,0.000520000,0.160130000,0.7308493404304559,2026-03-14,2026-03-14,CVE-2025-35431,5.4,2025-09-26T14:36:09.630
CVE-2025-35430,0.000480000,0.145910000,0.7095579726915066,2026-03-14,2026-03-14,CVE-2025-35430,6.5,2025-10-08T19:01:53.113
CVE-2025-23337,0.000210000,0.052870000,0.31798194862300394,2026-03-14,2026-03-14,CVE-2025-23337,6.7,2025-09-18T13:43:34.310
CVE-2025-23336,0.000610000,0.188750000,0.7755149271002083,2026-03-14,2026-03-14,CVE-2025-23336,7.5,2025-09-25T20:18:06.233
CVE-2025-23329,0.001080000,0.290270000,0.8692432307336265,2026-03-14,2026-03-14,CVE-2025-23329,7.5,2025-09-25T20:18:47.033
CVE-2025-23328,0.001060000,0.285750000,0.8678546632723907,2026-03-14,2026-03-14,CVE-2025-23328,7.5,2025-09-25T20:20:12.717
CVE-2025-23316,0.002610000,0.492370000,0.9372830363341819,2026-03-14,2026-03-14,CVE-2025-23316,9.8,2025-09-25T20:20:35.247
CVE-2025-23268,0.001110000,0.295300000,0.8766489238602175,2026-03-14,2026-03-14,CVE-2025-23268,9.8,2025-10-08T17:13:54.433
CVE-2025-10644,0.014050000,0.802720000,0.9828743346447582,2026-03-14,2026-03-14,CVE-2025-10644,9.4,2025-09-19T12:58:57.850
CVE-2025-10643,0.002640000,0.494940000,0.9382087479750058,2026-03-14,2026-03-14,CVE-2025-10643,9.1,2025-09-19T12:59:05.550
CVE-2025-10642,0.000260000,0.066800000,0.3705160842397593,2026-03-14,2026-03-14,CVE-2025-10642,3.5,2025-09-18T13:43:34.310
CVE-2025-10634,0.000760000,0.226870000,0.8162462392964591,2026-03-14,2026-03-14,CVE-2025-10634,8.8,2025-09-24T18:42:57.803
CVE-2025-10632,0.000250000,0.064760000,0.3596389724600787,2026-03-14,2026-03-14,CVE-2025-10632,5.4,2025-09-20T02:36:46.670
CVE-2025-10631,0.000250000,0.064760000,0.3596389724600787,2026-03-14,2026-03-14,CVE-2025-10631,5.4,2025-09-20T02:37:04.060
CVE-2025-10629,0.000740000,0.222340000,0.8111548252719278,2026-03-14,2026-03-14,CVE-2025-10629,8.8,2025-09-22T18:20:03.387
CVE-2025-10628,0.001640000,0.372800000,0.9097431150196714,2026-03-14,2026-03-14,CVE-2025-10628,8.8,2025-09-22T18:22:33.123
CVE-2025-10627,0.000250000,0.066230000,0.3596389724600787,2026-03-14,2026-03-14,CVE-2025-10627,8.8,2025-09-20T02:37:17.930
CVE-2025-10626,0.000250000,0.066230000,0.3596389724600787,2026-03-14,2026-03-14,CVE-2025-10626,8.8,2025-09-20T02:37:38.330
CVE-2025-10625,0.000250000,0.066230000,0.3596389724600787,2026-03-14,2026-03-14,CVE-2025-10625,8.8,2025-09-20T02:37:49.907
CVE-2025-10624,0.000280000,0.076260000,0.42814163388104604,2026-03-14,2026-03-14,CVE-2025-10624,9.8,2025-09-19T20:39:32.737
CVE-2025-10623,0.000280000,0.076260000,0.42814163388104604,2026-03-14,2026-03-14,CVE-2025-10623,9.8,2025-10-23T20:06:00.793
CVE-2025-10621,0.000280000,0.076260000,0.42814163388104604,2026-03-14,2026-03-14,CVE-2025-10621,9.8,2025-10-23T20:06:00.793
CVE-2025-10620,0.000250000,0.066230000,0.3596389724600787,2026-03-14,2026-03-14,CVE-2025-10620,8.8,2025-09-20T02:34:59.097
CVE-2025-10619,0.004790000,0.647280000,0.9638972460078685,2026-03-14,2026-03-14,CVE-2025-10619,6.3,2025-09-18T14:15:46.077
CVE-2025-10618,0.000250000,0.066230000,0.3596389724600787,2026-03-14,2026-03-14,CVE-2025-10618,8.8,2025-09-20T02:38:32.637
CVE-2025-10617,0.000370000,0.106290000,0.6213839389030317,2026-03-14,2026-03-14,CVE-2025-10617,8.8,2025-09-20T02:40:02.433
CVE-2025-10616,0.000430000,0.128500000,0.6794723443647304,2026-03-14,2026-03-14,CVE-2025-10616,8.8,2025-09-20T02:40:25.440
CVE-2025-10615,0.000430000,0.128500000,0.6794723443647304,2026-03-14,2026-03-14,CVE-2025-10615,8.8,2025-09-20T02:41:09.607
CVE-2025-10614,0.000320000,0.090760000,0.5459384401758852,2026-03-14,2026-03-14,CVE-2025-10614,6.1,2025-09-20T02:41:19.260
CVE-2025-10613,0.000250000,0.066230000,0.3596389724600787,2026-03-14,2026-03-14,CVE-2025-10613,8.8,2025-09-20T02:42:40.163
CVE-2025-10608,0.000430000,0.130910000,0.6794723443647304,2026-03-14,2026-03-14,CVE-2025-10608,8.8,2025-09-18T20:21:44.237
CVE-2025-10607,0.000320000,0.088490000,0.5459384401758852,2026-03-14,2026-03-14,CVE-2025-10607,6.5,2025-09-18T20:22:13.693
CVE-2025-10606,0.000410000,0.123230000,0.6646609581115482,2026-03-14,2026-03-14,CVE-2025-10606,6.1,2025-09-18T20:22:26.783
CVE-2025-10605,0.000410000,0.123230000,0.6646609581115482,2026-03-14,2026-03-14,CVE-2025-10605,6.1,2025-09-18T20:22:40.757
CVE-2025-10604,0.000290000,0.079790000,0.4619301087711178,2026-03-14,2026-03-14,CVE-2025-10604,9.8,2025-09-18T20:22:51.310
CVE-2025-10603,0.000270000,0.072270000,0.38764174959500114,2026-03-14,2026-03-14,CVE-2025-10603,9.8,2025-09-20T02:38:17.343
CVE-2023-49565,0.001730000,0.385690000,0.9148345290442027,2026-03-14,2026-03-14,CVE-2023-49565,8.4,2025-09-18T18:15:37.353
CVE-2023-49564,0.001860000,0.402020000,0.9192316593381161,2026-03-14,2026-03-14,CVE-2023-49564,8.8,2025-09-18T18:15:36.343
CVE-2025-9992,0.000320000,0.088200000,0.5459384401758852,2026-03-14,2026-03-14,CVE-2025-9992,6.4,2025-09-18T13:43:34.310
CVE-2025-9083,0.003440000,0.566430000,0.9502429993057163,2026-03-14,2026-03-14,CVE-2025-9083,9.8,2025-12-23T18:59:02.377
CVE-2025-8565,0.000620000,0.192160000,0.777597778292062,2026-03-14,2026-03-14,CVE-2025-8565,8.1,2025-09-18T13:43:34.310
CVE-2025-6237,0.000730000,0.219460000,0.8072205507984263,2026-03-14,2026-03-14,CVE-2025-6237,9.8,2025-09-18T14:15:50.343
CVE-2025-4444,0.000560000,0.174410000,0.7495950011571395,2026-03-14,2026-03-14,CVE-2025-4444,3.7,2025-09-19T16:00:27.847
CVE-2025-40678,0.000600000,0.185470000,0.7711177968062949,2026-03-14,2026-03-14,CVE-2025-40678,,2025-09-18T13:43:34.310
CVE-2025-40677,0.001490000,0.351940000,0.9041888451747281,2026-03-14,2026-03-14,CVE-2025-40677,,2025-09-18T13:43:34.310
CVE-2025-30187,0.000100000,0.010590000,0.03633418190233742,2026-03-14,2026-03-14,CVE-2025-30187,3.7,2025-11-04T22:16:09.450
CVE-2025-10673,0.000280000,0.076260000,0.42814163388104604,2026-03-14,2026-03-14,CVE-2025-10673,9.8,2025-09-19T20:40:02.263
CVE-2025-10672,0.000240000,0.062700000,0.3401990280027771,2026-03-14,2026-03-14,CVE-2025-10672,7.8,2025-09-19T17:15:44.890
CVE-2025-10671,0.000320000,0.088350000,0.5459384401758852,2026-03-14,2026-03-14,CVE-2025-10671,3.7,2025-09-19T16:00:27.847
CVE-2025-10670,0.000280000,0.076260000,0.42814163388104604,2026-03-14,2026-03-14,CVE-2025-10670,9.8,2025-09-19T20:11:34.523
CVE-2025-10669,0.000390000,0.115420000,0.6503124276787781,2026-03-14,2026-03-14,CVE-2025-10669,6.3,2025-09-19T16:00:27.847
CVE-2025-10668,0.000280000,0.076260000,0.42814163388104604,2026-03-14,2026-03-14,CVE-2025-10668,9.8,2025-09-19T20:12:40.883
CVE-2025-10667,0.000260000,0.068480000,0.3705160842397593,2026-03-14,2026-03-14,CVE-2025-10667,9.8,2025-09-20T02:35:52.853
CVE-2025-10666,0.066460000,0.910660000,0.9944457301550567,2026-03-14,2026-03-14,CVE-2025-10666,9.8,2026-02-03T22:16:27.113
CVE-2025-10665,0.000300000,0.082350000,0.515852811849109,2026-03-14,2026-03-14,CVE-2025-10665,9.8,2025-10-08T17:07:32.320
CVE-2025-10664,0.000280000,0.076260000,0.42814163388104604,2026-03-14,2026-03-14,CVE-2025-10664,9.8,2025-09-19T20:25:24.843
CVE-2025-10663,0.000270000,0.072270000,0.38764174959500114,2026-03-14,2026-03-14,CVE-2025-10663,9.8,2025-09-20T02:36:03.413
CVE-2025-10662,0.000280000,0.076630000,0.42814163388104604,2026-03-14,2026-03-14,CVE-2025-10662,9.8,2025-09-19T20:30:03.903
CVE-2025-10493,0.025610000,0.853310000,0.9891228882203194,2026-03-14,2026-03-14,CVE-2025-10493,5.3,2025-09-18T13:43:34.310
CVE-2025-10207,0.000850000,0.245510000,0.8356861837537607,2026-03-14,2026-03-14,CVE-2025-10207,7.2,2025-09-18T13:43:34.310
CVE-2025-0547,0.000440000,0.133050000,0.6854894700300856,2026-03-14,2026-03-14,CVE-2025-0547,4.7,2025-09-18T13:43:34.310
CVE-2024-48851,0.002970000,0.527450000,0.944225873640361,2026-03-14,2026-03-14,CVE-2024-48851,7.2,2025-09-18T13:43:34.310
CVE-2024-25011,0.000350000,0.100850000,0.5912983105762555,2026-03-14,2026-03-14,CVE-2024-25011,5.3,2025-09-18T13:43:34.310
CVE-2024-13151,0.000410000,0.123860000,0.6646609581115482,2026-03-14,2026-03-14,CVE-2024-13151,9.8,2025-10-03T13:15:45.463
CVE-2023-53418,0.000170000,0.038360000,0.2561906965980097,2026-03-14,2026-03-14,CVE-2023-53418,5.5,2026-01-14T20:16:00.320
CVE-2023-53417,0.000170000,0.038360000,0.2561906965980097,2026-03-14,2026-03-14,CVE-2023-53417,5.5,2026-01-14T20:16:00.133
CVE-2023-53416,0.000170000,0.038360000,0.2561906965980097,2026-03-14,2026-03-14,CVE-2023-53416,5.5,2026-01-14T20:15:59.880
CVE-2023-53415,0.000170000,0.038360000,0.2561906965980097,2026-03-14,2026-03-14,CVE-2023-53415,5.5,2026-01-14T20:15:59.717
CVE-2023-53414,0.000170000,0.038360000,0.2561906965980097,2026-03-14,2026-03-14,CVE-2023-53414,5.5,2026-01-14T20:15:59.543
CVE-2023-53413,0.000170000,0.038360000,0.2561906965980097,2026-03-14,2026-03-14,CVE-2023-53413,5.5,2026-01-14T20:15:59.387
CVE-2023-53412,0.000170000,0.038360000,0.2561906965980097,2026-03-14,2026-03-14,CVE-2023-53412,5.5,2026-01-14T20:15:59.223
CVE-2023-53411,0.000180000,0.040750000,0.2735477898634575,2026-03-14,2026-03-14,CVE-2023-53411,5.5,2026-01-14T20:15:59.067
CVE-2023-53410,0.000140000,0.022960000,0.11409395973154363,2026-03-14,2026-03-14,CVE-2023-53410,5.5,2026-01-14T20:15:58.910
CVE-2023-53409,0.000170000,0.038360000,0.2561906965980097,2026-03-14,2026-03-14,CVE-2023-53409,5.5,2026-01-14T20:15:58.760
CVE-2023-53408,0.000170000,0.038360000,0.2561906965980097,2026-03-14,2026-03-14,CVE-2023-53408,5.5,2026-01-14T20:15:58.600
CVE-2023-53407,0.000170000,0.038360000,0.2561906965980097,2026-03-14,2026-03-14,CVE-2023-53407,5.5,2026-01-14T20:15:58.440
CVE-2023-53406,0.000170000,0.038360000,0.2561906965980097,2026-03-14,2026-03-14,CVE-2023-53406,5.5,2026-01-14T19:16:40.760
CVE-2023-53405,0.000170000,0.038360000,0.2561906965980097,2026-03-14,2026-03-14,CVE-2023-53405,5.5,2026-01-14T19:16:40.580
CVE-2023-53404,0.000170000,0.038360000,0.2561906965980097,2026-03-14,2026-03-14,CVE-2023-53404,5.5,2026-01-14T19:16:40.420
CVE-2023-53403,0.000170000,0.038360000,0.2561906965980097,2026-03-14,2026-03-14,CVE-2023-53403,5.5,2026-01-14T19:16:40.257
CVE-2023-53402,0.000170000,0.038360000,0.2561906965980097,2026-03-14,2026-03-14,CVE-2023-53402,5.5,2026-01-14T19:16:40.097
CVE-2023-53401,0.000120000,0.017340000,0.06017125665355242,2026-03-14,2026-03-14,CVE-2023-53401,4.7,2026-01-14T19:16:39.937
CVE-2023-53400,0.000140000,0.023250000,0.11409395973154363,2026-03-14,2026-03-14,CVE-2023-53400,5.5,2026-01-14T19:16:39.773
CVE-2023-53399,0.000150000,0.027570000,0.15528812774820644,2026-03-14,2026-03-14,CVE-2023-53399,5.5,2026-01-14T19:16:39.613
CVE-2023-53398,0.000120000,0.017650000,0.06017125665355242,2026-03-14,2026-03-14,CVE-2023-53398,7.8,2026-01-14T19:16:39.457
CVE-2023-53397,0.000150000,0.028110000,0.15528812774820644,2026-03-14,2026-03-14,CVE-2023-53397,5.5,2026-01-14T19:16:39.283
CVE-2023-53396,0.000150000,0.027570000,0.15528812774820644,2026-03-14,2026-03-14,CVE-2023-53396,5.5,2026-01-14T19:16:39.100
CVE-2023-53395,0.000140000,0.024610000,0.11409395973154363,2026-03-14,2026-03-14,CVE-2023-53395,7.8,2026-01-14T19:16:38.753
CVE-2023-53394,0.000180000,0.044530000,0.2735477898634575,2026-03-14,2026-03-14,CVE-2023-53394,5.5,2026-01-14T19:16:38.380
CVE-2023-53393,0.000150000,0.030270000,0.15528812774820644,2026-03-14,2026-03-14,CVE-2023-53393,5.5,2026-01-14T19:16:38.207
CVE-2023-53392,0.000120000,0.017650000,0.06017125665355242,2026-03-14,2026-03-14,CVE-2023-53392,7.1,2026-01-27T18:57:24.037
CVE-2023-53391,0.000150000,0.027570000,0.15528812774820644,2026-03-14,2026-03-14,CVE-2023-53391,5.5,2026-01-14T19:16:38.023
CVE-2023-53390,0.000170000,0.038360000,0.2561906965980097,2026-03-14,2026-03-14,CVE-2023-53390,5.5,2026-01-14T19:16:37.627
CVE-2023-53389,0.000150000,0.030270000,0.15528812774820644,2026-03-14,2026-03-14,CVE-2023-53389,5.5,2026-01-14T19:16:37.433
CVE-2023-53388,0.000150000,0.029480000,0.15528812774820644,2026-03-14,2026-03-14,CVE-2023-53388,7.8,2026-01-14T19:16:37.260
CVE-2023-53387,0.000120000,0.014420000,0.06017125665355242,2026-03-14,2026-03-14,CVE-2023-53387,5.5,2026-01-14T19:16:37.110
CVE-2023-53386,0.000150000,0.029480000,0.15528812774820644,2026-03-14,2026-03-14,CVE-2023-53386,7.8,2026-01-14T19:16:36.947
CVE-2023-53385,0.000120000,0.017340000,0.06017125665355242,2026-03-14,2026-03-14,CVE-2023-53385,5.5,2026-01-14T19:16:36.790
CVE-2023-53384,0.000140000,0.024460000,0.11409395973154363,2026-03-14,2026-03-14,CVE-2023-53384,5.5,2026-01-14T19:16:36.623
CVE-2023-53383,0.000120000,0.014420000,0.06017125665355242,2026-03-14,2026-03-14,CVE-2023-53383,5.5,2026-01-14T19:16:36.470
CVE-2023-53382,0.000120000,0.017340000,0.06017125665355242,2026-03-14,2026-03-14,CVE-2023-53382,5.5,2026-01-14T19:16:36.307
CVE-2023-53381,0.000150000,0.027570000,0.15528812774820644,2026-03-14,2026-03-14,CVE-2023-53381,5.5,2026-01-14T19:16:36.143
CVE-2023-53380,0.000150000,0.028110000,0.15528812774820644,2026-03-14,2026-03-14,CVE-2023-53380,5.5,2026-01-14T19:16:35.980
CVE-2023-53379,0.000150000,0.028110000,0.15528812774820644,2026-03-14,2026-03-14,CVE-2023-53379,5.5,2026-01-14T19:16:35.810
CVE-2023-53378,0.000120000,0.017340000,0.06017125665355242,2026-03-14,2026-03-14,CVE-2023-53378,5.5,2026-01-14T19:16:35.660
CVE-2023-53377,0.000160000,0.033070000,0.23698218005091415,2026-03-14,2026-03-14,CVE-2023-53377,7.8,2026-01-14T19:16:35.487
CVE-2023-53376,0.000080000,0.006940000,0.024299930571626938,2026-03-14,2026-03-14,CVE-2023-53376,7.1,2026-01-14T19:16:35.330
CVE-2023-53375,0.000150000,0.028110000,0.15528812774820644,2026-03-14,2026-03-14,CVE-2023-53375,5.5,2026-01-14T19:16:35.153
CVE-2023-53374,0.000120000,0.017650000,0.06017125665355242,2026-03-14,2026-03-14,CVE-2023-53374,7.8,2026-01-14T19:16:35.000
CVE-2023-53373,0.000150000,0.029480000,0.15528812774820644,2026-03-14,2026-03-14,CVE-2023-53373,7.8,2026-01-14T19:16:34.837
CVE-2023-53372,0.000150000,0.029480000,0.15528812774820644,2026-03-14,2026-03-14,CVE-2023-53372,7.8,2026-01-14T19:16:34.673
CVE-2023-53371,0.000120000,0.017340000,0.06017125665355242,2026-03-14,2026-03-14,CVE-2023-53371,5.5,2026-01-14T19:16:34.517
CVE-2023-53370,0.000120000,0.017340000,0.06017125665355242,2026-03-14,2026-03-14,CVE-2023-53370,5.5,2026-01-14T19:16:34.350
CVE-2023-53369,0.000150000,0.028110000,0.15528812774820644,2026-03-14,2026-03-14,CVE-2023-53369,5.5,2026-01-14T19:16:34.187
CVE-2022-50400,0.000170000,0.039990000,0.2561906965980097,2026-03-14,2026-03-14,CVE-2022-50400,5.5,2026-01-14T19:16:15.613
CVE-2022-50399,0.000150000,0.030270000,0.15528812774820644,2026-03-14,2026-03-14,CVE-2022-50399,5.5,2026-01-14T19:16:15.450
CVE-2022-50398,0.000180000,0.044530000,0.2735477898634575,2026-03-14,2026-03-14,CVE-2022-50398,5.5,2026-01-14T19:16:15.290
CVE-2022-50396,0.000140000,0.021910000,0.11409395973154363,2026-03-14,2026-03-14,CVE-2022-50396,5.5,2026-01-14T19:16:15.120
CVE-2022-50395,0.000150000,0.028110000,0.15528812774820644,2026-03-14,2026-03-14,CVE-2022-50395,5.5,2026-01-14T19:16:14.957
CVE-2022-50394,0.000140000,0.025600000,0.11409395973154363,2026-03-14,2026-03-14,CVE-2022-50394,7.1,2026-01-14T19:16:14.790
CVE-2022-50393,0.000120000,0.017340000,0.06017125665355242,2026-03-14,2026-03-14,CVE-2022-50393,5.5,2026-01-14T19:16:14.633
CVE-2022-50392,0.000150000,0.030270000,0.15528812774820644,2026-03-14,2026-03-14,CVE-2022-50392,5.5,2026-01-14T19:16:14.373
CVE-2022-50391,0.000120000,0.017340000,0.06017125665355242,2026-03-14,2026-03-14,CVE-2022-50391,5.5,2026-01-14T19:16:14.180
CVE-2022-50390,0.000150000,0.030270000,0.15528812774820644,2026-03-14,2026-03-14,CVE-2022-50390,5.5,2026-02-06T17:16:12.703
CVE-2022-50389,0.000150000,0.028110000,0.15528812774820644,2026-03-14,2026-03-14,CVE-2022-50389,5.5,2026-01-14T19:16:13.670
CVE-2022-50388,0.000150000,0.027570000,0.15528812774820644,2026-03-14,2026-03-14,CVE-2022-50388,5.5,2026-01-14T19:16:13.500
CVE-2022-50387,0.000150000,0.030270000,0.15528812774820644,2026-03-14,2026-03-14,CVE-2022-50387,5.5,2026-01-14T19:16:13.350
CVE-2022-50386,0.000450000,0.135270000,0.6917380236056468,2026-03-14,2026-03-14,CVE-2022-50386,8.0,2026-01-14T19:16:13.183
CVE-2022-50385,0.000150000,0.027570000,0.15528812774820644,2026-03-14,2026-03-14,CVE-2022-50385,5.5,2026-01-14T19:16:12.597
CVE-2022-50384,0.000140000,0.025600000,0.11409395973154363,2026-03-14,2026-03-14,CVE-2022-50384,7.8,2026-01-14T19:16:12.420
CVE-2022-50383,0.000120000,0.017340000,0.06017125665355242,2026-03-14,2026-03-14,CVE-2022-50383,5.5,2026-01-14T19:16:12.260
CVE-2022-50382,0.000120000,0.014100000,0.06017125665355242,2026-03-14,2026-03-14,CVE-2022-50382,5.5,2026-01-14T19:16:12.097
CVE-2022-50381,0.000130000,0.020440000,0.09789400601712567,2026-03-14,2026-03-14,CVE-2022-50381,5.5,2026-01-14T19:16:11.923
CVE-2022-50380,0.000150000,0.028110000,0.15528812774820644,2026-03-14,2026-03-14,CVE-2022-50380,5.5,2026-01-14T19:16:11.760
CVE-2022-50379,0.000110000,0.012350000,0.04813700532284194,2026-03-14,2026-03-14,CVE-2022-50379,4.7,2026-01-14T19:16:11.593
CVE-2022-50378,0.000160000,0.033070000,0.23698218005091415,2026-03-14,2026-03-14,CVE-2022-50378,7.8,2026-01-14T19:16:11.400
CVE-2022-50376,0.000150000,0.028110000,0.15528812774820644,2026-03-14,2026-03-14,CVE-2022-50376,5.5,2026-01-14T19:16:11.180
CVE-2022-50375,0.000150000,0.028110000,0.15528812774820644,2026-03-14,2026-03-14,CVE-2022-50375,5.5,2026-01-14T19:16:10.967
CVE-2025-8487,0.000480000,0.146840000,0.7095579726915066,2026-03-14,2026-03-14,CVE-2025-8487,5.4,2025-09-19T16:00:27.847
CVE-2025-7937,0.000390000,0.115710000,0.6503124276787781,2026-03-14,2026-03-14,CVE-2025-7937,7.2,2025-09-25T10:15:31.877
CVE-2025-6198,0.000390000,0.115710000,0.6503124276787781,2026-03-14,2026-03-14,CVE-2025-6198,7.2,2025-09-25T10:15:31.670
CVE-2025-59717,0.000500000,0.153220000,0.7192779449201574,2026-03-14,2026-03-14,CVE-2025-59717,9.8,2025-10-08T16:23:30.987
CVE-2025-59715,0.000230000,0.057410000,0.3323304790557741,2026-03-14,2026-03-14,CVE-2025-59715,5.4,2025-09-23T16:55:58.423
CVE-2025-59714,0.000370000,0.108010000,0.6213839389030317,2026-03-14,2026-03-14,CVE-2025-59714,4.9,2025-10-08T16:24:24.873
CVE-2025-59713,0.000200000,0.050180000,0.31080768340661885,2026-03-14,2026-03-14,CVE-2025-59713,8.1,2025-09-23T16:57:34.403
CVE-2025-59712,0.000070000,0.005670000,0.017588521175653783,2026-03-14,2026-03-14,CVE-2025-59712,5.4,2025-09-23T16:57:45.443
CVE-2025-59692,0.000290000,0.081020000,0.4619301087711178,2026-03-14,2026-03-14,CVE-2025-59692,3.7,2025-09-19T16:00:27.847
CVE-2025-59691,0.000280000,0.075370000,0.42814163388104604,2026-03-14,2026-03-14,CVE-2025-59691,3.7,2025-09-19T16:00:27.847
CVE-2025-5955,0.002060000,0.427960000,0.9259430687340894,2026-03-14,2026-03-14,CVE-2025-5955,8.1,2025-09-19T16:00:27.847
CVE-2025-59424,0.000420000,0.125360000,0.6739180745197871,2026-03-14,2026-03-14,CVE-2025-59424,7.3,2025-10-06T15:03:32.200
CVE-2025-59421,0.000600000,0.187180000,0.7711177968062949,2026-03-14,2026-03-14,CVE-2025-59421,,2025-09-19T16:00:27.847
CVE-2025-59417,0.000880000,0.250720000,0.841240453598704,2026-03-14,2026-03-14,CVE-2025-59417,6.1,2025-09-25T15:32:15.280
CVE-2025-59220,0.000190000,0.046470000,0.29946771580652626,2026-03-14,2026-03-14,CVE-2025-59220,7.0,2025-09-25T15:53:26.307
CVE-2025-59216,0.000190000,0.046470000,0.29946771580652626,2026-03-14,2026-03-14,CVE-2025-59216,7.0,2025-09-25T15:53:03.740
CVE-2025-59215,0.000240000,0.062350000,0.3401990280027771,2026-03-14,2026-03-14,CVE-2025-59215,7.0,2025-09-25T15:52:47.320
CVE-2025-59040,0.000340000,0.095090000,0.571395510298542,2026-03-14,2026-03-14,CVE-2025-59040,4.3,2025-09-19T16:00:27.847
CVE-2025-57452,0.000220000,0.057080000,0.32399907428835917,2026-03-14,2026-03-14,CVE-2025-57452,6.1,2025-10-08T17:04:29.033
CVE-2025-57295,0.000610000,0.188330000,0.7755149271002083,2026-03-14,2026-03-14,CVE-2025-57295,8.0,2025-10-03T17:23:12.650
CVE-2025-57293,0.001230000,0.314350000,0.8877574635501041,2026-03-14,2026-03-14,CVE-2025-57293,8.8,2025-10-03T17:24:46.327
CVE-2025-55912,0.040620000,0.883680000,0.9912057394121732,2026-03-14,2026-03-14,CVE-2025-55912,7.3,2025-10-31T17:14:53.060
CVE-2025-55911,0.013590000,0.799590000,0.9824114788243462,2026-03-14,2026-03-14,CVE-2025-55911,6.5,2025-10-31T17:13:54.607
CVE-2025-55068,0.000840000,0.243130000,0.8322147651006712,2026-03-14,2026-03-14,CVE-2025-55068,8.2,2025-09-19T16:00:27.847
CVE-2025-54860,0.000170000,0.037180000,0.2561906965980097,2026-03-14,2026-03-14,CVE-2025-54860,7.7,2025-09-19T16:00:27.847
CVE-2025-54818,0.000100000,0.011370000,0.03633418190233742,2026-03-14,2026-03-14,CVE-2025-54818,8.0,2025-09-19T16:00:27.847
CVE-2025-54810,0.000180000,0.044560000,0.2735477898634575,2026-03-14,2026-03-14,CVE-2025-54810,8.0,2025-09-19T16:00:27.847
CVE-2025-54807,0.000990000,0.270770000,0.8558204119416801,2026-03-14,2026-03-14,CVE-2025-54807,9.8,2025-09-19T16:00:27.847
CVE-2025-54754,0.000230000,0.059270000,0.3323304790557741,2026-03-14,2026-03-14,CVE-2025-54754,8.0,2025-09-19T16:00:27.847
CVE-2025-54497,0.000660000,0.204090000,0.7880120342513307,2026-03-14,2026-03-14,CVE-2025-54497,8.1,2025-09-19T16:00:27.847
CVE-2025-53969,0.000570000,0.175240000,0.7558435547327008,2026-03-14,2026-03-14,CVE-2025-53969,8.8,2025-09-19T16:00:27.847
CVE-2025-53947,0.000160000,0.033830000,0.23698218005091415,2026-03-14,2026-03-14,CVE-2025-53947,7.7,2025-09-19T16:00:27.847
CVE-2025-52873,0.000660000,0.204090000,0.7880120342513307,2026-03-14,2026-03-14,CVE-2025-52873,8.1,2025-09-19T16:00:27.847
CVE-2025-50255,0.000070000,0.005360000,0.017588521175653783,2026-03-14,2026-03-14,CVE-2025-50255,7.8,2025-09-19T16:00:27.847
CVE-2025-47906,0.000280000,0.074590000,0.42814163388104604,2026-03-14,2026-03-14,CVE-2025-47906,6.5,2026-01-27T19:56:17.707
CVE-2025-47698,0.000170000,0.039160000,0.2561906965980097,2026-03-14,2026-03-14,CVE-2025-47698,,2025-09-19T16:00:27.847
CVE-2025-36146,0.000300000,0.084100000,0.515852811849109,2026-03-14,2026-03-14,CVE-2025-36146,4.3,2025-09-25T15:52:20.303
CVE-2025-36143,0.000250000,0.065760000,0.3596389724600787,2026-03-14,2026-03-14,CVE-2025-36143,7.2,2025-09-25T15:50:10.570
CVE-2025-36139,0.000180000,0.041950000,0.2735477898634575,2026-03-14,2026-03-14,CVE-2025-36139,4.8,2025-09-25T16:16:36.910
CVE-2025-30755,0.000270000,0.070460000,0.38764174959500114,2026-03-14,2026-03-14,CVE-2025-30755,6.1,2025-09-22T14:25:46.860
CVE-2025-30519,0.000590000,0.183770000,0.7644063874103216,2026-03-14,2026-03-14,CVE-2025-30519,9.8,2025-09-19T16:00:27.847
CVE-2025-26503,0.000230000,0.058060000,0.3323304790557741,2026-03-14,2026-03-14,CVE-2025-26503,6.7,2025-09-19T16:00:27.847
CVE-2025-10690,0.003530000,0.573360000,0.9511687109465402,2026-03-14,2026-03-14,CVE-2025-10690,9.8,2025-09-19T16:00:27.847
CVE-2025-10689,0.000810000,0.237510000,0.8275862068965517,2026-03-14,2026-03-14,CVE-2025-10689,9.8,2025-10-03T17:26:40.087
CVE-2025-10688,0.000280000,0.076260000,0.42814163388104604,2026-03-14,2026-03-14,CVE-2025-10688,9.8,2025-09-30T15:11:56.390
CVE-2025-10687,0.000280000,0.076260000,0.42814163388104604,2026-03-14,2026-03-14,CVE-2025-10687,9.8,2025-09-19T20:42:37.463
CVE-2025-10676,0.000280000,0.077300000,0.42814163388104604,2026-03-14,2026-03-14,CVE-2025-10676,4.3,2025-10-03T17:28:53.917
CVE-2025-10675,0.000280000,0.077300000,0.42814163388104604,2026-03-14,2026-03-14,CVE-2025-10675,4.3,2025-10-03T17:29:59.983
CVE-2025-10674,0.000280000,0.077300000,0.42814163388104604,2026-03-14,2026-03-14,CVE-2025-10674,4.3,2025-10-03T17:30:46.123
CVE-2025-10650,0.000130000,0.019950000,0.09789400601712567,2026-03-14,2026-03-14,CVE-2025-10650,,2026-02-20T17:25:08.210
CVE-2025-10146,0.001060000,0.286980000,0.8678546632723907,2026-03-14,2026-03-14,CVE-2025-10146,6.1,2025-09-19T16:00:27.847
CVE-2025-10035,0.520320000,0.978710000,0.9981485767183522,2026-03-14,2026-03-14,CVE-2025-10035,9.8,2025-10-24T13:44:10.740
CVE-2023-53447,0.000110000,0.012420000,0.04813700532284194,2026-03-14,2026-03-14,CVE-2023-53447,4.7,2026-01-14T20:16:05.213
CVE-2023-53446,0.000200000,0.050530000,0.31080768340661885,2026-03-14,2026-03-14,CVE-2023-53446,7.8,2026-01-14T20:16:05.053
CVE-2023-53445,0.000150000,0.027570000,0.15528812774820644,2026-03-14,2026-03-14,CVE-2023-53445,5.5,2026-01-14T20:16:04.897
CVE-2023-53444,0.000120000,0.017340000,0.06017125665355242,2026-03-14,2026-03-14,CVE-2023-53444,5.5,2026-01-14T20:16:04.737
CVE-2023-53443,0.000140000,0.023250000,0.11409395973154363,2026-03-14,2026-03-14,CVE-2023-53443,5.5,2026-01-14T20:16:04.573
CVE-2023-53442,0.000120000,0.017340000,0.06017125665355242,2026-03-14,2026-03-14,CVE-2023-53442,5.5,2026-01-14T20:16:04.413
CVE-2023-53441,0.000150000,0.030270000,0.15528812774820644,2026-03-14,2026-03-14,CVE-2023-53441,5.5,2026-01-14T20:16:04.250
CVE-2023-53440,0.000150000,0.028110000,0.15528812774820644,2026-03-14,2026-03-14,CVE-2023-53440,5.5,2026-01-14T20:16:04.083
CVE-2023-53439,0.000120000,0.017340000,0.06017125665355242,2026-03-14,2026-03-14,CVE-2023-53439,5.5,2026-01-14T20:16:03.920
CVE-2023-53438,0.000140000,0.025100000,0.11409395973154363,2026-03-14,2026-03-14,CVE-2023-53438,5.5,2026-01-14T20:16:03.760
CVE-2023-53437,0.000140000,0.023250000,0.11409395973154363,2026-03-14,2026-03-14,CVE-2023-53437,5.5,2026-01-14T20:16:03.593
CVE-2023-53436,0.000150000,0.028110000,0.15528812774820644,2026-03-14,2026-03-14,CVE-2023-53436,5.5,2026-01-14T20:16:03.430
CVE-2023-53435,0.000150000,0.028110000,0.15528812774820644,2026-03-14,2026-03-14,CVE-2023-53435,5.5,2026-01-14T20:16:03.257
CVE-2023-53434,0.000120000,0.017340000,0.06017125665355242,2026-03-14,2026-03-14,CVE-2023-53434,5.5,2026-01-14T20:16:03.097
CVE-2023-53433,0.000150000,0.028110000,0.15528812774820644,2026-03-14,2026-03-14,CVE-2023-53433,5.5,2026-01-14T20:16:02.927
CVE-2023-53432,0.000150000,0.027320000,0.15528812774820644,2026-03-14,2026-03-14,CVE-2023-53432,7.8,2026-01-14T20:16:02.770
CVE-2023-53431,0.000150000,0.026530000,0.15528812774820644,2026-03-14,2026-03-14,CVE-2023-53431,5.5,2026-01-14T20:16:02.607
CVE-2023-53430,0.000180000,0.044530000,0.2735477898634575,2026-03-14,2026-03-14,CVE-2023-53430,5.5,2026-01-14T20:16:02.447
CVE-2023-53429,0.000170000,0.039290000,0.2561906965980097,2026-03-14,2026-03-14,CVE-2023-53429,5.5,2026-01-14T20:16:02.293
CVE-2023-53428,0.000070000,0.005270000,0.017588521175653783,2026-03-14,2026-03-14,CVE-2023-53428,5.5,2026-01-14T20:16:02.130
CVE-2023-53427,0.000150000,0.029480000,0.15528812774820644,2026-03-14,2026-03-14,CVE-2023-53427,7.8,2026-01-14T20:16:01.840
CVE-2023-53426,0.000160000,0.033070000,0.23698218005091415,2026-03-14,2026-03-14,CVE-2023-53426,7.8,2026-01-14T20:16:01.660
CVE-2023-53425,0.000140000,0.023250000,0.11409395973154363,2026-03-14,2026-03-14,CVE-2023-53425,5.5,2026-01-14T20:16:01.487
CVE-2023-53424,0.000200000,0.049210000,0.31080768340661885,2026-03-14,2026-03-14,CVE-2023-53424,5.5,2026-02-19T16:27:08.123
CVE-2023-53423,0.000150000,0.027570000,0.15528812774820644,2026-03-14,2026-03-14,CVE-2023-53423,5.5,2026-01-14T20:16:01.147
CVE-2023-53422,0.000150000,0.028110000,0.15528812774820644,2026-03-14,2026-03-14,CVE-2023-53422,5.5,2026-01-14T20:16:00.963
CVE-2023-53421,0.000210000,0.053940000,0.31798194862300394,2026-03-14,2026-03-14,CVE-2023-53421,5.5,2026-02-06T17:16:13.230
CVE-2023-53420,0.000190000,0.046080000,0.29946771580652626,2026-03-14,2026-03-14,CVE-2023-53420,7.1,2026-01-14T20:16:00.647
CVE-2023-53419,0.000150000,0.026590000,0.15528812774820644,2026-03-14,2026-03-14,CVE-2023-53419,5.5,2026-01-14T20:16:00.487
CVE-2023-49367,0.000480000,0.146560000,0.7095579726915066,2026-03-14,2026-03-14,CVE-2023-49367,8.8,2025-09-19T16:00:27.847
CVE-2022-50419,0.000130000,0.021430000,0.09789400601712567,2026-03-14,2026-03-14,CVE-2022-50419,7.8,2026-01-14T20:15:55.167
CVE-2022-50418,0.000120000,0.017340000,0.06017125665355242,2026-03-14,2026-03-14,CVE-2022-50418,5.5,2026-01-14T20:15:55.007
CVE-2022-50417,0.000150000,0.028900000,0.15528812774820644,2026-03-14,2026-03-14,CVE-2022-50417,7.8,2026-01-14T20:15:54.830
CVE-2022-50416,0.000150000,0.030270000,0.15528812774820644,2026-03-14,2026-03-14,CVE-2022-50416,5.5,2026-01-14T20:15:54.667
CVE-2022-50415,0.000130000,0.020440000,0.09789400601712567,2026-03-14,2026-03-14,CVE-2022-50415,5.5,2026-01-14T20:15:54.493
CVE-2022-50414,0.000140000,0.024460000,0.11409395973154363,2026-03-14,2026-03-14,CVE-2022-50414,5.5,2026-01-14T20:15:54.327
CVE-2022-50413,0.000180000,0.044880000,0.2735477898634575,2026-03-14,2026-03-14,CVE-2022-50413,7.8,2026-01-14T20:15:54.150
CVE-2022-50412,0.000150000,0.030390000,0.15528812774820644,2026-03-14,2026-03-14,CVE-2022-50412,7.8,2026-01-14T20:15:53.953
CVE-2022-50411,0.000130000,0.021430000,0.09789400601712567,2026-03-14,2026-03-14,CVE-2022-50411,7.8,2026-01-14T20:15:53.793
CVE-2022-50410,0.000140000,0.024110000,0.11409395973154363,2026-03-14,2026-03-14,CVE-2022-50410,7.8,2026-01-14T20:15:53.623
CVE-2022-50409,0.000140000,0.023250000,0.11409395973154363,2026-03-14,2026-03-14,CVE-2022-50409,5.5,2025-12-23T14:16:35.947
CVE-2022-50408,0.000140000,0.024610000,0.11409395973154363,2026-03-14,2026-03-14,CVE-2022-50408,7.8,2026-01-14T20:15:53.453
CVE-2022-50407,0.000070000,0.005270000,0.017588521175653783,2026-03-14,2026-03-14,CVE-2022-50407,5.5,2026-01-14T20:15:53.287
CVE-2022-50406,0.000140000,0.025370000,0.11409395973154363,2026-03-14,2026-03-14,CVE-2022-50406,7.8,2026-01-14T20:15:53.127
CVE-2022-50405,0.000140000,0.024460000,0.11409395973154363,2026-03-14,2026-03-14,CVE-2022-50405,5.5,2026-01-14T20:15:52.947
CVE-2022-50404,0.000150000,0.027570000,0.15528812774820644,2026-03-14,2026-03-14,CVE-2022-50404,5.5,2026-02-06T17:16:12.870
CVE-2022-50402,0.000150000,0.028110000,0.15528812774820644,2026-03-14,2026-03-14,CVE-2022-50402,5.5,2026-01-14T20:15:52.617
CVE-2022-50401,0.000140000,0.025600000,0.11409395973154363,2026-03-14,2026-03-14,CVE-2022-50401,7.8,2026-01-14T20:15:52.433
CVE-2025-9969,0.000270000,0.071250000,0.38764174959500114,2026-03-14,2026-03-14,CVE-2025-9969,7.1,2025-09-19T16:00:27.847
CVE-2025-9906,0.000760000,0.226080000,0.8162462392964591,2026-03-14,2026-03-14,CVE-2025-9906,7.3,2025-09-23T16:53:28.170
CVE-2025-9905,0.000050000,0.002650000,0.0020828511918537375,2026-03-14,2026-03-14,CVE-2025-9905,7.3,2025-09-23T16:53:40.050
CVE-2025-8664,0.000290000,0.079960000,0.4619301087711178,2026-03-14,2026-03-14,CVE-2025-8664,6.3,2025-09-19T16:00:27.847
CVE-2025-8532,0.000110000,0.012950000,0.04813700532284194,2026-03-14,2026-03-14,CVE-2025-8532,6.4,2025-09-30T14:15:40.880
CVE-2025-8531,0.001980000,0.417730000,0.9231659338116177,2026-03-14,2026-03-14,CVE-2025-8531,6.8,2025-09-24T06:15:47.653
CVE-2025-7702,0.000290000,0.077730000,0.4619301087711178,2026-03-14,2026-03-14,CVE-2025-7702,4.7,2025-09-19T16:00:27.847
CVE-2025-7665,0.001030000,0.281870000,0.864846100439713,2026-03-14,2026-03-14,CVE-2025-7665,8.1,2025-09-19T16:00:27.847
CVE-2025-7403,0.000230000,0.057390000,0.3323304790557741,2026-03-14,2026-03-14,CVE-2025-7403,6.5,2025-10-29T18:05:53.470
CVE-2025-5948,0.001840000,0.399260000,0.9180745197870863,2026-03-14,2026-03-14,CVE-2025-5948,9.8,2025-09-19T16:00:27.847
CVE-2025-59427,0.000760000,0.226230000,0.8162462392964591,2026-03-14,2026-03-14,CVE-2025-59427,,2025-09-22T21:23:01.543
CVE-2025-59344,0.000410000,0.123440000,0.6646609581115482,2026-03-14,2026-03-14,CVE-2025-59344,7.7,2025-09-22T21:23:01.543
CVE-2025-58114,0.000340000,0.096550000,0.571395510298542,2026-03-14,2026-03-14,CVE-2025-58114,4.8,2025-09-22T16:21:52.940
CVE-2025-57880,0.000250000,0.063270000,0.3596389724600787,2026-03-14,2026-03-14,CVE-2025-57880,5.4,2025-09-22T16:21:50.223
CVE-2025-57644,0.005930000,0.689500000,0.9696829437630178,2026-03-14,2026-03-14,CVE-2025-57644,9.1,2025-10-17T14:21:55.657
CVE-2025-57528,0.000850000,0.246620000,0.8356861837537607,2026-03-14,2026-03-14,CVE-2025-57528,7.7,2025-10-03T15:08:38.653
CVE-2025-57296,0.011180000,0.780020000,0.9784772043508447,2026-03-14,2026-03-14,CVE-2025-57296,6.5,2025-09-25T19:34:34.617
CVE-2025-56869,0.000890000,0.253650000,0.8428604489701458,2026-03-14,2026-03-14,CVE-2025-56869,5.3,2025-10-03T17:12:02.840
CVE-2025-55910,0.000650000,0.201170000,0.7840777597778292,2026-03-14,2026-03-14,CVE-2025-55910,6.3,2025-09-25T19:34:47.980
CVE-2025-52159,0.000690000,0.210400000,0.7993520018514233,2026-03-14,2026-03-14,CVE-2025-52159,8.8,2025-09-25T19:34:27.353
CVE-2025-48703,0.464330000,0.975960000,0.9976857208979403,2026-03-14,2026-03-14,CVE-2025-48703,9.0,2025-11-05T14:07:33.610
CVE-2025-48007,0.000330000,0.092080000,0.5660726683638047,2026-03-14,2026-03-14,CVE-2025-48007,6.4,2025-09-22T16:21:58.673
CVE-2025-46703,0.000330000,0.092080000,0.5660726683638047,2026-03-14,2026-03-14,CVE-2025-46703,6.4,2025-09-22T16:21:56.270
CVE-2025-43809,0.000070000,0.004380000,0.017588521175653783,2026-03-14,2026-03-14,CVE-2025-43809,4.3,2025-12-16T15:06:15.563
CVE-2025-43803,0.000510000,0.158690000,0.7248322147651006,2026-03-14,2026-03-14,CVE-2025-43803,4.3,2025-12-16T16:38:56.170
CVE-2025-39866,0.000210000,0.052510000,0.31798194862300394,2026-03-14,2026-03-14,CVE-2025-39866,7.8,2026-01-23T02:33:32.033
CVE-2025-39865,0.000140000,0.024460000,0.11409395973154363,2026-03-14,2026-03-14,CVE-2025-39865,5.5,2026-01-20T20:41:32.020
CVE-2025-39864,0.000140000,0.025600000,0.11409395973154363,2026-03-14,2026-03-14,CVE-2025-39864,7.8,2026-01-20T20:41:47.730
CVE-2025-39863,0.000160000,0.034140000,0.23698218005091415,2026-03-14,2026-03-14,CVE-2025-39863,7.8,2026-01-14T20:16:09.527
CVE-2025-39862,0.000180000,0.044880000,0.2735477898634575,2026-03-14,2026-03-14,CVE-2025-39862,7.8,2026-01-14T20:16:09.367
CVE-2025-39861,0.000160000,0.033070000,0.23698218005091415,2026-03-14,2026-03-14,CVE-2025-39861,7.8,2026-01-14T20:16:09.203
CVE-2025-39860,0.000140000,0.025600000,0.11409395973154363,2026-03-14,2026-03-14,CVE-2025-39860,7.8,2026-01-20T20:42:47.797
CVE-2025-39859,0.000180000,0.044880000,0.2735477898634575,2026-03-14,2026-03-14,CVE-2025-39859,7.8,2026-01-14T20:16:09.047
CVE-2025-39858,0.000180000,0.044530000,0.2735477898634575,2026-03-14,2026-03-14,CVE-2025-39858,5.5,2026-01-14T20:16:08.887
CVE-2025-39857,0.000150000,0.028110000,0.15528812774820644,2026-03-14,2026-03-14,CVE-2025-39857,5.5,2026-01-20T20:43:05.180
CVE-2025-39856,0.000180000,0.044530000,0.2735477898634575,2026-03-14,2026-03-14,CVE-2025-39856,5.5,2026-01-14T20:16:08.730
CVE-2025-39855,0.000220000,0.056040000,0.32399907428835917,2026-03-14,2026-03-14,CVE-2025-39855,7.8,2026-01-14T20:16:08.563
CVE-2025-39854,0.000120000,0.016500000,0.06017125665355242,2026-03-14,2026-03-14,CVE-2025-39854,7.8,2026-01-14T20:16:08.403
CVE-2025-39853,0.000090000,0.008910000,0.03031705623698218,2026-03-14,2026-03-14,CVE-2025-39853,7.1,2026-01-20T15:16:52.147
CVE-2025-39852,0.000120000,0.017340000,0.06017125665355242,2026-03-14,2026-03-14,CVE-2025-39852,5.5,2026-01-14T20:16:08.237
CVE-2025-39851,0.000120000,0.017340000,0.06017125665355242,2026-03-14,2026-03-14,CVE-2025-39851,5.5,2026-01-14T20:16:08.077
CVE-2025-39850,0.000120000,0.017340000,0.06017125665355242,2026-03-14,2026-03-14,CVE-2025-39850,5.5,2026-01-14T20:16:07.900
CVE-2025-39849,0.000180000,0.040880000,0.2735477898634575,2026-03-14,2026-03-14,CVE-2025-39849,7.8,2026-01-20T15:17:26.807
CVE-2025-39848,0.000140000,0.024460000,0.11409395973154363,2026-03-14,2026-03-14,CVE-2025-39848,5.5,2026-01-20T15:19:24.943
CVE-2025-39847,0.000140000,0.024460000,0.11409395973154363,2026-03-14,2026-03-14,CVE-2025-39847,5.5,2026-01-20T15:20:07.757
CVE-2025-39846,0.000140000,0.024460000,0.11409395973154363,2026-03-14,2026-03-14,CVE-2025-39846,5.5,2026-01-20T15:22:04.433
CVE-2025-39845,0.000150000,0.028110000,0.15528812774820644,2026-03-14,2026-03-14,CVE-2025-39845,5.5,2026-01-20T15:23:27.490
CVE-2025-39844,0.000150000,0.028110000,0.15528812774820644,2026-03-14,2026-03-14,CVE-2025-39844,5.5,2026-01-20T15:24:20.697
CVE-2025-39843,0.000120000,0.014290000,0.06017125665355242,2026-03-14,2026-03-14,CVE-2025-39843,5.5,2026-01-20T15:25:24.323
CVE-2025-39842,0.000150000,0.029010000,0.15528812774820644,2026-03-14,2026-03-14,CVE-2025-39842,5.5,2026-01-20T15:26:04.463
CVE-2025-39841,0.000140000,0.025600000,0.11409395973154363,2026-03-14,2026-03-14,CVE-2025-39841,7.8,2026-01-20T15:30:38.463
CVE-2025-39840,0.000180000,0.044880000,0.2735477898634575,2026-03-14,2026-03-14,CVE-2025-39840,7.1,2026-01-14T20:16:07.740
CVE-2025-39839,0.000140000,0.025600000,0.11409395973154363,2026-03-14,2026-03-14,CVE-2025-39839,7.1,2026-01-20T15:31:05.347
CVE-2025-39838,0.000150000,0.030270000,0.15528812774820644,2026-03-14,2026-03-14,CVE-2025-39838,5.5,2026-01-23T02:34:16.110
CVE-2025-39837,0.000180000,0.044880000,0.2735477898634575,2026-03-14,2026-03-14,CVE-2025-39837,7.8,2026-01-14T20:16:07.567
CVE-2025-36248,0.000670000,0.205910000,0.7910205970840083,2026-03-14,2026-03-14,CVE-2025-36248,6.1,2025-11-04T20:17:15.143
CVE-2025-34206,0.000810000,0.238390000,0.8275862068965517,2026-03-14,2026-03-14,CVE-2025-34206,9.8,2025-09-24T18:46:15.250
CVE-2025-34205,0.043480000,0.887770000,0.9916685952325851,2026-03-14,2026-03-14,CVE-2025-34205,9.8,2025-10-02T22:15:37.383
CVE-2025-34204,0.001020000,0.279490000,0.8602175422355937,2026-03-14,2026-03-14,CVE-2025-34204,9.8,2025-09-24T19:20:09.273
CVE-2025-34203,0.001040000,0.283810000,0.8660032399907429,2026-03-14,2026-03-14,CVE-2025-34203,9.8,2025-10-02T22:15:37.257
CVE-2025-34202,0.004160000,0.613560000,0.9592686878037492,2026-03-14,2026-03-14,CVE-2025-34202,8.8,2025-10-02T22:15:37.107
CVE-2025-34201,0.000270000,0.072210000,0.38764174959500114,2026-03-14,2026-03-14,CVE-2025-34201,7.8,2025-09-24T19:18:45.613
CVE-2025-34200,0.000130000,0.018030000,0.09789400601712567,2026-03-14,2026-03-14,CVE-2025-34200,7.8,2025-09-24T19:18:22.493
CVE-2025-34199,0.000730000,0.220930000,0.8072205507984263,2026-03-14,2026-03-14,CVE-2025-34199,8.1,2025-11-25T15:15:51.467
CVE-2025-34198,0.001120000,0.296480000,0.8773432075908355,2026-03-14,2026-03-14,CVE-2025-34198,9.8,2025-10-02T22:15:36.847
CVE-2025-34197,0.000230000,0.059480000,0.3323304790557741,2026-03-14,2026-03-14,CVE-2025-34197,7.8,2025-10-02T22:15:36.720
CVE-2025-34195,0.004930000,0.653730000,0.9645915297384865,2026-03-14,2026-03-14,CVE-2025-34195,9.8,2025-10-02T22:15:36.440
CVE-2025-34194,0.000300000,0.083790000,0.515852811849109,2026-03-14,2026-03-14,CVE-2025-34194,7.8,2025-09-29T20:15:32.087
CVE-2025-34193,0.001490000,0.351440000,0.9041888451747281,2026-03-14,2026-03-14,CVE-2025-34193,9.8,2025-09-29T20:15:31.933
CVE-2025-34192,0.003190000,0.546600000,0.9472344364730386,2026-03-14,2026-03-14,CVE-2025-34192,9.8,2025-10-02T22:15:36.300
CVE-2025-34191,0.000290000,0.081130000,0.4619301087711178,2026-03-14,2026-03-14,CVE-2025-34191,8.4,2025-10-02T22:15:36.163
CVE-2025-34190,0.000370000,0.109690000,0.6213839389030317,2026-03-14,2026-03-14,CVE-2025-34190,7.8,2025-09-29T20:15:31.700
CVE-2025-34189,0.000260000,0.067550000,0.3705160842397593,2026-03-14,2026-03-14,CVE-2025-34189,7.8,2025-10-02T22:15:36.013
CVE-2025-34188,0.000460000,0.140540000,0.6989122888220319,2026-03-14,2026-03-14,CVE-2025-34188,7.8,2025-10-02T22:15:34.743
CVE-2025-26517,0.000360000,0.102800000,0.60310113399676,2026-03-14,2026-03-14,CVE-2025-26517,5.4,2025-09-23T14:30:09.863
CVE-2025-26516,0.001220000,0.311770000,0.8872946077296922,2026-03-14,2026-03-14,CVE-2025-26516,5.3,2025-09-23T14:31:10.757
CVE-2025-26515,0.000400000,0.118850000,0.6570238370747512,2026-03-14,2026-03-14,CVE-2025-26515,7.5,2025-09-23T14:31:27.840
CVE-2025-26514,0.000300000,0.083510000,0.515852811849109,2026-03-14,2026-03-14,CVE-2025-26514,6.4,2025-09-23T14:32:00.057
CVE-2025-10722,0.000140000,0.025280000,0.11409395973154363,2026-03-14,2026-03-14,CVE-2025-10722,5.3,2025-09-22T21:23:01.543
CVE-2025-10721,0.000140000,0.025280000,0.11409395973154363,2026-03-14,2026-03-14,CVE-2025-10721,5.3,2025-09-22T21:23:01.543
CVE-2025-10719,0.000460000,0.140130000,0.6989122888220319,2026-03-14,2026-03-14,CVE-2025-10719,4.3,2025-09-19T16:00:27.847
CVE-2025-10718,0.000130000,0.021620000,0.09789400601712567,2026-03-14,2026-03-14,CVE-2025-10718,5.3,2025-09-22T21:23:01.543
CVE-2025-10717,0.000140000,0.025280000,0.11409395973154363,2026-03-14,2026-03-14,CVE-2025-10717,5.3,2025-09-19T17:15:45.957
CVE-2025-10716,0.000130000,0.021620000,0.09789400601712567,2026-03-14,2026-03-14,CVE-2025-10716,5.3,2025-09-19T17:15:45.817
CVE-2025-10715,0.000140000,0.025280000,0.11409395973154363,2026-03-14,2026-03-14,CVE-2025-10715,5.3,2025-09-19T16:00:27.847
CVE-2025-10712,0.000260000,0.069320000,0.3705160842397593,2026-03-14,2026-03-14,CVE-2025-10712,7.3,2025-09-19T16:00:27.847
CVE-2025-10711,0.000270000,0.072720000,0.38764174959500114,2026-03-14,2026-03-14,CVE-2025-10711,4.3,2025-09-19T16:00:27.847
CVE-2025-10710,0.000270000,0.072720000,0.38764174959500114,2026-03-14,2026-03-14,CVE-2025-10710,4.3,2025-09-19T16:00:27.847
CVE-2025-10709,0.003340000,0.558840000,0.9486230039342745,2026-03-14,2026-03-14,CVE-2025-10709,7.5,2025-10-03T17:14:18.557
CVE-2025-10708,0.003340000,0.558840000,0.9486230039342745,2026-03-14,2026-03-14,CVE-2025-10708,7.5,2025-10-03T17:21:57.357
CVE-2025-10707,0.000470000,0.145410000,0.7042351307567692,2026-03-14,2026-03-14,CVE-2025-10707,8.8,2025-12-31T01:53:45.433
CVE-2025-10647,0.001880000,0.404950000,0.92015737097894,2026-03-14,2026-03-14,CVE-2025-10647,8.8,2025-09-19T16:00:27.847
CVE-2025-10630,0.000910000,0.255590000,0.8477204350844711,2026-03-14,2026-03-14,CVE-2025-10630,4.3,2025-09-19T16:00:27.847
CVE-2025-10568,0.000660000,0.202540000,0.7880120342513307,2026-03-14,2026-03-14,CVE-2025-10568,9.8,2026-01-16T17:16:48.903
CVE-2025-10468,0.000670000,0.206760000,0.7910205970840083,2026-03-14,2026-03-14,CVE-2025-10468,7.5,2025-09-19T16:00:27.847
CVE-2025-10458,0.000230000,0.057390000,0.3323304790557741,2026-03-14,2026-03-14,CVE-2025-10458,7.6,2025-10-29T18:08:06.747
CVE-2025-10457,0.000380000,0.112280000,0.634343901874566,2026-03-14,2026-03-14,CVE-2025-10457,8.1,2025-10-29T18:52:28.127
CVE-2025-10456,0.000240000,0.060170000,0.3401990280027771,2026-03-14,2026-03-14,CVE-2025-10456,6.5,2025-10-29T18:16:37.553
CVE-2024-13990,0.001460000,0.348070000,0.9018745660726684,2026-03-14,2026-03-14,CVE-2024-13990,,2025-09-22T21:23:01.543
CVE-2022-4980,0.010170000,0.769590000,0.976625781069197,2026-03-14,2026-03-14,CVE-2022-4980,,2025-09-22T21:23:01.543
CVE-2025-9983,0.000280000,0.074430000,0.42814163388104604,2026-03-14,2026-03-14,CVE-2025-9983,,2025-09-22T21:22:33.590
CVE-2025-9949,0.000130000,0.019430000,0.09789400601712567,2026-03-14,2026-03-14,CVE-2025-9949,4.3,2025-09-22T21:23:01.543
CVE-2025-9887,0.000140000,0.026040000,0.11409395973154363,2026-03-14,2026-03-14,CVE-2025-9887,4.3,2025-09-22T21:23:01.543
CVE-2025-9883,0.000130000,0.019410000,0.09789400601712567,2026-03-14,2026-03-14,CVE-2025-9883,6.1,2025-09-22T21:23:01.543
CVE-2025-9882,0.000130000,0.019410000,0.09789400601712567,2026-03-14,2026-03-14,CVE-2025-9882,6.1,2025-09-22T21:23:01.543
CVE-2025-9541,0.000440000,0.133050000,0.6854894700300856,2026-03-14,2026-03-14,CVE-2025-9541,4.7,2025-09-22T21:22:33.590
CVE-2025-9540,0.000440000,0.133050000,0.6854894700300856,2026-03-14,2026-03-14,CVE-2025-9540,4.7,2025-09-22T21:22:33.590
CVE-2025-9487,0.000440000,0.133050000,0.6854894700300856,2026-03-14,2026-03-14,CVE-2025-9487,4.7,2025-09-22T21:22:33.590
CVE-2025-9115,0.000360000,0.104990000,0.60310113399676,2026-03-14,2026-03-14,CVE-2025-9115,5.6,2025-09-22T21:22:33.590
CVE-2025-9081,0.000110000,0.011380000,0.04813700532284194,2026-03-14,2026-03-14,CVE-2025-9081,6.5,2025-09-25T20:14:59.717
CVE-2025-9079,0.000330000,0.093740000,0.5660726683638047,2026-03-14,2026-03-14,CVE-2025-9079,7.2,2025-09-25T20:16:04.963
CVE-2025-9038,0.000150000,0.028770000,0.15528812774820644,2026-03-14,2026-03-14,CVE-2025-9038,,2025-09-22T21:22:33.590
CVE-2025-9035,0.000290000,0.079960000,0.4619301087711178,2026-03-14,2026-03-14,CVE-2025-9035,5.4,2025-09-22T21:22:33.590
CVE-2025-8079,0.000240000,0.060630000,0.3401990280027771,2026-03-14,2026-03-14,CVE-2025-8079,4.6,2025-09-22T21:22:33.590
CVE-2025-6544,0.004230000,0.617820000,0.960194399444573,2026-03-14,2026-03-14,CVE-2025-6544,9.8,2025-10-08T20:05:02.450
CVE-2025-59801,0.000170000,0.037410000,0.2561906965980097,2026-03-14,2026-03-14,CVE-2025-59801,4.3,2025-09-22T21:22:33.590
CVE-2025-59800,0.000180000,0.041190000,0.2735477898634575,2026-03-14,2026-03-14,CVE-2025-59800,5.5,2025-09-25T19:27:49.250
CVE-2025-59799,0.000160000,0.034470000,0.23698218005091415,2026-03-14,2026-03-14,CVE-2025-59799,5.5,2025-11-03T18:17:01.277
CVE-2025-59798,0.000160000,0.034470000,0.23698218005091415,2026-03-14,2026-03-14,CVE-2025-59798,5.5,2025-11-03T18:17:01.140
CVE-2025-59797,0.000380000,0.111970000,0.634343901874566,2026-03-14,2026-03-14,CVE-2025-59797,5.8,2025-09-22T21:22:33.590
CVE-2025-59689,0.060110000,0.905680000,0.9930571626938208,2026-03-14,2026-03-14,CVE-2025-59689,6.1,2025-11-05T19:25:35.093
CVE-2025-5962,0.000210000,0.052890000,0.31798194862300394,2026-03-14,2026-03-14,CVE-2025-5962,7.7,2025-09-22T21:22:33.590
CVE-2025-59431,0.000480000,0.148140000,0.7095579726915066,2026-03-14,2026-03-14,CVE-2025-59431,9.8,2025-10-08T18:26:15.403
CVE-2025-57396,0.000570000,0.176620000,0.7558435547327008,2026-03-14,2026-03-14,CVE-2025-57396,6.5,2025-10-03T16:58:21.410
CVE-2025-56762,0.000100000,0.009990000,0.03633418190233742,2026-03-14,2026-03-14,CVE-2025-56762,6.1,2025-10-03T17:04:28.030
CVE-2025-56075,0.000370000,0.109480000,0.6213839389030317,2026-03-14,2026-03-14,CVE-2025-56075,5.4,2025-09-25T19:14:41.880
CVE-2025-56074,0.001590000,0.366010000,0.9083545475584356,2026-03-14,2026-03-14,CVE-2025-56074,9.8,2025-09-25T19:14:55.033
CVE-2025-54815,0.001660000,0.374500000,0.9115945383013191,2026-03-14,2026-03-14,CVE-2025-54815,8.8,2025-09-25T19:33:57.900
CVE-2025-54761,0.000470000,0.144190000,0.7042351307567692,2026-03-14,2026-03-14,CVE-2025-54761,8.0,2025-09-25T19:34:15.797
CVE-2025-53692,0.000250000,0.066370000,0.3596389724600787,2026-03-14,2026-03-14,CVE-2025-53692,7.1,2025-09-22T21:23:01.543
CVE-2025-51006,0.000520000,0.161340000,0.7308493404304559,2026-03-14,2026-03-14,CVE-2025-51006,7.8,2025-10-14T19:58:01.560
CVE-2025-46711,0.000180000,0.044530000,0.2735477898634575,2026-03-14,2026-03-14,CVE-2025-46711,5.5,2025-10-17T14:04:48.523
CVE-2025-43808,0.000160000,0.034210000,0.23698218005091415,2026-03-14,2026-03-14,CVE-2025-43808,5.3,2025-12-15T18:18:01.137
CVE-2025-40925,0.000450000,0.135640000,0.6917380236056468,2026-03-14,2026-03-14,CVE-2025-40925,9.1,2025-09-22T21:23:01.543
CVE-2025-36202,0.000290000,0.080800000,0.4619301087711178,2026-03-14,2026-03-14,CVE-2025-36202,8.8,2025-10-03T19:13:00.890
CVE-2025-36037,0.000280000,0.075620000,0.42814163388104604,2026-03-14,2026-03-14,CVE-2025-36037,5.4,2025-10-03T19:12:49.423
CVE-2025-35042,0.001570000,0.363350000,0.9071974080074057,2026-03-14,2026-03-14,CVE-2025-35042,9.8,2025-12-19T12:28:20.500
CVE-2025-35041,0.001110000,0.294870000,0.8766489238602175,2026-03-14,2026-03-14,CVE-2025-35041,7.5,2025-12-19T12:30:13.207
CVE-2025-25177,0.000160000,0.034150000,0.23698218005091415,2026-03-14,2026-03-14,CVE-2025-25177,5.1,2025-09-22T21:22:33.590
CVE-2025-10854,0.000580000,0.179630000,0.7607035408470262,2026-03-14,2026-03-14,CVE-2025-10854,8.1,2025-09-22T21:22:33.590
CVE-2025-10805,0.000270000,0.072550000,0.38764174959500114,2026-03-14,2026-03-14,CVE-2025-10805,8.8,2025-09-24T20:26:16.380
CVE-2025-10804,0.000270000,0.072550000,0.38764174959500114,2026-03-14,2026-03-14,CVE-2025-10804,8.8,2025-09-24T20:25:31.943
CVE-2025-10803,0.002600000,0.491100000,0.936357324693358,2026-03-14,2026-03-14,CVE-2025-10803,8.8,2025-09-24T20:25:18.200
CVE-2025-10802,0.000280000,0.076260000,0.42814163388104604,2026-03-14,2026-03-14,CVE-2025-10802,9.8,2025-09-24T20:25:08.470
CVE-2025-10801,0.000400000,0.119410000,0.6570238370747512,2026-03-14,2026-03-14,CVE-2025-10801,9.8,2025-09-24T20:24:02.040
CVE-2025-10800,0.000340000,0.095090000,0.571395510298542,2026-03-14,2026-03-14,CVE-2025-10800,9.8,2025-09-24T20:14:24.773
CVE-2025-10799,0.000350000,0.099760000,0.5912983105762555,2026-03-14,2026-03-14,CVE-2025-10799,9.8,2025-09-25T19:15:17.383
CVE-2025-10798,0.000280000,0.076260000,0.42814163388104604,2026-03-14,2026-03-14,CVE-2025-10798,9.8,2025-09-25T19:15:31.297
CVE-2025-10797,0.000280000,0.076260000,0.42814163388104604,2026-03-14,2026-03-14,CVE-2025-10797,9.8,2025-09-25T19:15:53.013
CVE-2025-10796,0.000280000,0.076260000,0.42814163388104604,2026-03-14,2026-03-14,CVE-2025-10796,9.8,2025-09-25T19:16:10.130
CVE-2025-10795,0.000280000,0.076260000,0.42814163388104604,2026-03-14,2026-03-14,CVE-2025-10795,9.8,2025-09-25T19:16:38.177
CVE-2025-10794,0.000350000,0.099910000,0.5912983105762555,2026-03-14,2026-03-14,CVE-2025-10794,6.1,2025-09-25T19:16:53.013
CVE-2025-10793,0.000300000,0.082820000,0.515852811849109,2026-03-14,2026-03-14,CVE-2025-10793,9.8,2025-10-23T20:06:00.793
CVE-2025-10792,0.027080000,0.857130000,0.9898171719509373,2026-03-14,2026-03-14,CVE-2025-10792,8.8,2025-10-08T19:36:26.743
CVE-2025-10791,0.000280000,0.076260000,0.42814163388104604,2026-03-14,2026-03-14,CVE-2025-10791,9.8,2025-09-25T19:17:53.663
CVE-2025-10790,0.000270000,0.072550000,0.38764174959500114,2026-03-14,2026-03-14,CVE-2025-10790,8.8,2025-09-25T19:19:05.383
CVE-2025-10789,0.000280000,0.076260000,0.42814163388104604,2026-03-14,2026-03-14,CVE-2025-10789,9.8,2025-09-25T19:19:29.810
CVE-2025-10788,0.000280000,0.076260000,0.42814163388104604,2026-03-14,2026-03-14,CVE-2025-10788,9.8,2025-09-25T19:21:49.740
CVE-2025-10787,0.000390000,0.115420000,0.6503124276787781,2026-03-14,2026-03-14,CVE-2025-10787,6.3,2025-09-22T21:22:33.590
CVE-2025-10786,0.000350000,0.099760000,0.5912983105762555,2026-03-14,2026-03-14,CVE-2025-10786,9.8,2025-09-25T19:22:07.307
CVE-2025-10785,0.000340000,0.095090000,0.571395510298542,2026-03-14,2026-03-14,CVE-2025-10785,9.8,2025-09-25T19:22:45.970
CVE-2025-10784,0.000260000,0.067370000,0.3705160842397593,2026-03-14,2026-03-14,CVE-2025-10784,9.8,2025-09-23T16:51:54.943
CVE-2025-10783,0.000280000,0.076260000,0.42814163388104604,2026-03-14,2026-03-14,CVE-2025-10783,9.8,2025-09-23T16:52:05.600
CVE-2025-10782,0.000280000,0.076260000,0.42814163388104604,2026-03-14,2026-03-14,CVE-2025-10782,9.8,2025-09-23T16:52:14.393
CVE-2025-10781,0.000280000,0.076260000,0.42814163388104604,2026-03-14,2026-03-14,CVE-2025-10781,9.8,2025-09-23T16:52:22.440
CVE-2025-10780,0.000270000,0.072550000,0.38764174959500114,2026-03-14,2026-03-14,CVE-2025-10780,8.8,2025-09-25T19:58:28.677
CVE-2025-10779,0.002790000,0.509780000,0.9409858828974774,2026-03-14,2026-03-14,CVE-2025-10779,9.8,2025-09-25T20:01:52.330
CVE-2025-10778,0.000200000,0.049860000,0.31080768340661885,2026-03-14,2026-03-14,CVE-2025-10778,3.1,2025-09-22T21:23:01.543
CVE-2025-10777,0.000460000,0.138380000,0.6989122888220319,2026-03-14,2026-03-14,CVE-2025-10777,6.3,2025-09-22T21:23:01.543
CVE-2025-10776,0.000190000,0.046830000,0.29946771580652626,2026-03-14,2026-03-14,CVE-2025-10776,3.7,2025-09-22T21:23:01.543
CVE-2025-10775,0.001570000,0.363550000,0.9071974080074057,2026-03-14,2026-03-14,CVE-2025-10775,7.2,2025-10-07T20:47:40.273
CVE-2025-10774,0.001140000,0.298930000,0.8801203425133071,2026-03-14,2026-03-14,CVE-2025-10774,4.7,2025-09-23T14:15:36.647
CVE-2025-10773,0.004180000,0.614590000,0.9595001157139551,2026-03-14,2026-03-14,CVE-2025-10773,8.8,2025-09-30T18:15:48.920
CVE-2025-10772,0.000190000,0.045550000,0.29946771580652626,2026-03-14,2026-03-14,CVE-2025-10772,6.3,2025-09-22T21:23:01.543
CVE-2025-10771,0.000680000,0.209200000,0.7970377227493636,2026-03-14,2026-03-14,CVE-2025-10771,9.8,2025-10-08T19:42:21.170
CVE-2025-10770,0.000720000,0.218540000,0.8049062716963665,2026-03-14,2026-03-14,CVE-2025-10770,6.5,2025-10-08T19:52:02.857
CVE-2025-10769,0.000930000,0.259620000,0.8502661420967369,2026-03-14,2026-03-14,CVE-2025-10769,9.8,2025-10-08T19:58:40.783
CVE-2025-10768,0.000650000,0.201730000,0.7840777597778292,2026-03-14,2026-03-14,CVE-2025-10768,9.8,2025-10-08T20:04:01.310
CVE-2025-10767,0.001710000,0.382700000,0.9143716732237908,2026-03-14,2026-03-14,CVE-2025-10767,4.5,2025-09-22T21:23:01.543
CVE-2025-10766,0.000890000,0.253500000,0.8428604489701458,2026-03-14,2026-03-14,CVE-2025-10766,4.3,2025-10-14T19:59:30.200
CVE-2025-10765,0.000530000,0.165450000,0.7345521869937515,2026-03-14,2026-03-14,CVE-2025-10765,7.2,2025-10-14T19:44:35.787
CVE-2025-10764,0.000450000,0.137750000,0.6917380236056468,2026-03-14,2026-03-14,CVE-2025-10764,8.8,2025-10-14T19:44:06.880
CVE-2025-10763,0.000390000,0.115420000,0.6503124276787781,2026-03-14,2026-03-14,CVE-2025-10763,6.3,2025-09-22T21:23:01.543
CVE-2025-10762,0.000280000,0.074470000,0.42814163388104604,2026-03-14,2026-03-14,CVE-2025-10762,6.3,2025-09-22T21:23:01.543
CVE-2025-10761,0.000530000,0.165570000,0.7345521869937515,2026-03-14,2026-03-14,CVE-2025-10761,3.7,2025-09-22T21:23:01.543
CVE-2025-10760,0.000440000,0.131720000,0.6854894700300856,2026-03-14,2026-03-14,CVE-2025-10760,6.3,2025-09-22T21:23:01.543
CVE-2025-10759,0.000540000,0.166970000,0.738717889377459,2026-03-14,2026-03-14,CVE-2025-10759,5.3,2025-10-30T14:15:58.187
CVE-2025-10758,0.000320000,0.087900000,0.5459384401758852,2026-03-14,2026-03-14,CVE-2025-10758,4.8,2025-10-08T18:20:12.043
CVE-2025-10757,0.001980000,0.417380000,0.9231659338116177,2026-03-14,2026-03-14,CVE-2025-10757,8.8,2026-01-08T16:14:38.433
CVE-2025-10756,0.003870000,0.594790000,0.9557972691506595,2026-03-14,2026-03-14,CVE-2025-10756,8.8,2026-01-08T19:37:37.597
CVE-2025-10755,0.000450000,0.134530000,0.6917380236056468,2026-03-14,2026-03-14,CVE-2025-10755,6.3,2025-09-22T21:23:01.543
CVE-2025-10741,0.000500000,0.152900000,0.7192779449201574,2026-03-14,2026-03-14,CVE-2025-10741,6.3,2025-09-22T21:23:01.543
CVE-2025-10658,0.004320000,0.623690000,0.9613515389956029,2026-03-14,2026-03-14,CVE-2025-10658,6.5,2025-09-22T21:23:01.543
CVE-2025-10652,0.000270000,0.071170000,0.38764174959500114,2026-03-14,2026-03-14,CVE-2025-10652,6.5,2025-09-22T21:23:01.543
CVE-2025-10489,0.000410000,0.121140000,0.6646609581115482,2026-03-14,2026-03-14,CVE-2025-10489,4.3,2025-09-22T21:23:01.543
CVE-2025-10305,0.000510000,0.158680000,0.7248322147651006,2026-03-14,2026-03-14,CVE-2025-10305,5.3,2025-09-22T21:23:01.543
CVE-2025-10181,0.000410000,0.122310000,0.6646609581115482,2026-03-14,2026-03-14,CVE-2025-10181,6.4,2025-09-22T21:23:01.543
CVE-2025-10009,0.000910000,0.257050000,0.8477204350844711,2026-03-14,2026-03-14,CVE-2025-10009,,2025-09-22T21:22:33.590
CVE-2025-10002,0.000260000,0.068630000,0.3705160842397593,2026-03-14,2026-03-14,CVE-2025-10002,4.9,2025-09-22T21:23:01.543
CVE-2025-0875,0.000410000,0.121470000,0.6646609581115482,2026-03-14,2026-03-14,CVE-2025-0875,6.5,2026-02-11T08:16:06.127
CVE-2025-59420,0.000380000,0.112290000,0.634343901874566,2026-03-14,2026-03-14,CVE-2025-59420,7.5,2025-11-03T18:17:01.017
CVE-2025-59418,0.000140000,0.023600000,0.11409395973154363,2026-03-14,2026-03-14,CVE-2025-59418,5.5,2025-09-22T21:22:33.590
CVE-2025-59413,0.000810000,0.238520000,0.8275862068965517,2026-03-14,2026-03-14,CVE-2025-59413,6.5,2025-09-23T16:49:02.553
CVE-2025-59412,0.000260000,0.069290000,0.3705160842397593,2026-03-14,2026-03-14,CVE-2025-59412,5.4,2025-09-23T16:50:51.817
CVE-2025-59411,0.000350000,0.099440000,0.5912983105762555,2026-03-14,2026-03-14,CVE-2025-59411,5.4,2025-09-23T16:51:03.780
CVE-2025-59335,0.000150000,0.029250000,0.15528812774820644,2026-03-14,2026-03-14,CVE-2025-59335,7.1,2025-09-23T16:51:42.487
CVE-2025-57943,0.000240000,0.060130000,0.3401990280027771,2026-03-14,2026-03-14,CVE-2025-57943,4.4,2025-09-22T21:22:33.590
CVE-2025-57942,0.000300000,0.082720000,0.515852811849109,2026-03-14,2026-03-14,CVE-2025-57942,4.3,2025-09-22T21:22:33.590
CVE-2025-57941,0.000670000,0.206450000,0.7910205970840083,2026-03-14,2026-03-14,CVE-2025-57941,5.9,2025-09-22T21:22:33.590
CVE-2025-57940,0.000670000,0.206450000,0.7910205970840083,2026-03-14,2026-03-14,CVE-2025-57940,5.9,2025-09-22T21:22:33.590
CVE-2025-57939,0.000380000,0.110960000,0.634343901874566,2026-03-14,2026-03-14,CVE-2025-57939,5.3,2025-09-22T21:22:33.590
CVE-2025-57938,0.000290000,0.079130000,0.4619301087711178,2026-03-14,2026-03-14,CVE-2025-57938,6.5,2025-09-22T21:22:33.590
CVE-2025-57937,0.000370000,0.107300000,0.6213839389030317,2026-03-14,2026-03-14,CVE-2025-57937,4.3,2025-09-22T21:22:33.590
CVE-2025-57936,0.000360000,0.102210000,0.60310113399676,2026-03-14,2026-03-14,CVE-2025-57936,4.3,2025-09-22T21:22:33.590
CVE-2025-57935,0.000270000,0.070820000,0.38764174959500114,2026-03-14,2026-03-14,CVE-2025-57935,5.9,2025-09-22T21:22:33.590
CVE-2025-57934,0.000150000,0.027070000,0.15528812774820644,2026-03-14,2026-03-14,CVE-2025-57934,4.3,2025-09-22T21:22:33.590
CVE-2025-57933,0.000150000,0.027070000,0.15528812774820644,2026-03-14,2026-03-14,CVE-2025-57933,4.3,2025-09-22T21:22:33.590
CVE-2025-57932,0.000290000,0.079130000,0.4619301087711178,2026-03-14,2026-03-14,CVE-2025-57932,6.5,2025-09-22T21:22:33.590
CVE-2025-57930,0.000150000,0.027070000,0.15528812774820644,2026-03-14,2026-03-14,CVE-2025-57930,4.3,2025-09-22T21:22:33.590
CVE-2025-57929,0.000270000,0.070820000,0.38764174959500114,2026-03-14,2026-03-14,CVE-2025-57929,5.9,2025-09-22T21:22:33.590
CVE-2025-57928,0.000430000,0.128210000,0.6794723443647304,2026-03-14,2026-03-14,CVE-2025-57928,5.3,2025-09-22T21:22:33.590
CVE-2025-57927,0.000150000,0.027070000,0.15528812774820644,2026-03-14,2026-03-14,CVE-2025-57927,4.3,2025-09-22T21:22:33.590
CVE-2025-57926,0.000290000,0.079130000,0.4619301087711178,2026-03-14,2026-03-14,CVE-2025-57926,6.5,2025-09-22T21:22:33.590
CVE-2025-57925,0.001090000,0.291450000,0.8710946540152742,2026-03-14,2026-03-14,CVE-2025-57925,7.5,2025-09-22T21:22:33.590
CVE-2025-57924,0.000150000,0.027070000,0.15528812774820644,2026-03-14,2026-03-14,CVE-2025-57924,4.3,2025-09-22T21:22:33.590
CVE-2025-57923,0.000370000,0.108140000,0.6213839389030317,2026-03-14,2026-03-14,CVE-2025-57923,5.3,2025-10-24T16:17:13.520
CVE-2025-57922,0.000570000,0.176880000,0.7558435547327008,2026-03-14,2026-03-14,CVE-2025-57922,5.3,2025-09-22T21:22:33.590
CVE-2025-57921,0.000580000,0.180550000,0.7607035408470262,2026-03-14,2026-03-14,CVE-2025-57921,5.3,2025-09-22T21:22:33.590
CVE-2025-57920,0.000270000,0.070820000,0.38764174959500114,2026-03-14,2026-03-14,CVE-2025-57920,5.9,2025-09-22T21:22:33.590
CVE-2025-57919,0.001090000,0.292110000,0.8710946540152742,2026-03-14,2026-03-14,CVE-2025-57919,7.2,2025-09-22T21:22:33.590
CVE-2025-57918,0.000150000,0.031030000,0.15528812774820644,2026-03-14,2026-03-14,CVE-2025-57918,7.1,2025-09-22T21:22:33.590
CVE-2025-57917,0.000360000,0.102210000,0.60310113399676,2026-03-14,2026-03-14,CVE-2025-57917,4.3,2025-09-22T21:22:33.590
CVE-2025-57916,0.000370000,0.107300000,0.6213839389030317,2026-03-14,2026-03-14,CVE-2025-57916,4.3,2025-09-22T21:22:33.590
CVE-2025-57915,0.000150000,0.027070000,0.15528812774820644,2026-03-14,2026-03-14,CVE-2025-57915,4.3,2025-09-22T21:22:33.590
CVE-2025-57914,0.000150000,0.027070000,0.15528812774820644,2026-03-14,2026-03-14,CVE-2025-57914,4.3,2025-09-22T21:22:33.590
CVE-2025-57913,0.000290000,0.079130000,0.4619301087711178,2026-03-14,2026-03-14,CVE-2025-57913,6.5,2025-09-22T21:22:33.590
CVE-2025-57912,0.000270000,0.070820000,0.38764174959500114,2026-03-14,2026-03-14,CVE-2025-57912,5.9,2025-09-22T21:22:33.590
CVE-2025-57911,0.000290000,0.079130000,0.4619301087711178,2026-03-14,2026-03-14,CVE-2025-57911,6.5,2025-09-22T21:22:33.590
CVE-2025-57910,0.000290000,0.079130000,0.4619301087711178,2026-03-14,2026-03-14,CVE-2025-57910,6.5,2025-09-22T21:22:33.590
CVE-2025-57909,0.000380000,0.111710000,0.634343901874566,2026-03-14,2026-03-14,CVE-2025-57909,6.5,2025-09-22T21:22:33.590
CVE-2025-57908,0.000270000,0.070820000,0.38764174959500114,2026-03-14,2026-03-14,CVE-2025-57908,5.9,2025-09-22T21:22:33.590
CVE-2025-57907,0.000380000,0.110960000,0.634343901874566,2026-03-14,2026-03-14,CVE-2025-57907,5.3,2025-09-22T21:22:33.590
CVE-2025-57906,0.000270000,0.070820000,0.38764174959500114,2026-03-14,2026-03-14,CVE-2025-57906,5.9,2025-09-22T21:22:33.590
CVE-2025-57905,0.000150000,0.027070000,0.15528812774820644,2026-03-14,2026-03-14,CVE-2025-57905,4.3,2025-09-22T21:22:33.590
CVE-2025-57904,0.000270000,0.070820000,0.38764174959500114,2026-03-14,2026-03-14,CVE-2025-57904,5.9,2025-09-22T21:22:33.590
CVE-2025-57903,0.000270000,0.070820000,0.38764174959500114,2026-03-14,2026-03-14,CVE-2025-57903,5.9,2025-09-22T21:22:33.590
CVE-2025-57902,0.000150000,0.027070000,0.15528812774820644,2026-03-14,2026-03-14,CVE-2025-57902,6.5,2025-09-22T21:22:33.590
CVE-2025-57900,0.000290000,0.079130000,0.4619301087711178,2026-03-14,2026-03-14,CVE-2025-57900,6.5,2025-09-22T21:22:33.590
CVE-2025-57899,0.000570000,0.176540000,0.7558435547327008,2026-03-14,2026-03-14,CVE-2025-57899,5.3,2025-09-22T21:22:33.590
CVE-2025-57898,0.000290000,0.079130000,0.4619301087711178,2026-03-14,2026-03-14,CVE-2025-57898,6.5,2025-09-22T21:22:33.590
CVE-2025-57685,0.004300000,0.621990000,0.9611201110853969,2026-03-14,2026-03-14,CVE-2025-57685,8.8,2025-11-17T19:16:19.853
CVE-2025-57682,0.002990000,0.529700000,0.944457301550567,2026-03-14,2026-03-14,CVE-2025-57682,6.5,2025-10-14T19:56:26.170
CVE-2025-57605,0.000560000,0.173070000,0.7495950011571395,2026-03-14,2026-03-14,CVE-2025-57605,8.8,2025-09-23T19:15:41.140
CVE-2025-57602,0.003140000,0.542390000,0.9467715806526267,2026-03-14,2026-03-14,CVE-2025-57602,9.8,2025-09-23T19:15:40.977
CVE-2025-57601,0.000720000,0.216900000,0.8049062716963665,2026-03-14,2026-03-14,CVE-2025-57601,9.8,2025-09-23T19:15:40.790
CVE-2025-57441,0.000850000,0.245820000,0.8356861837537607,2026-03-14,2026-03-14,CVE-2025-57441,9.8,2025-10-17T20:34:42.913
CVE-2025-57440,0.000380000,0.111270000,0.634343901874566,2026-03-14,2026-03-14,CVE-2025-57440,7.5,2025-10-28T21:15:39.380
CVE-2025-57439,0.002030000,0.421900000,0.9240916454524416,2026-03-14,2026-03-14,CVE-2025-57439,8.8,2025-10-17T20:33:20.780
CVE-2025-57438,0.000400000,0.120570000,0.6570238370747512,2026-03-14,2026-03-14,CVE-2025-57438,6.8,2025-10-10T21:05:10.807
CVE-2025-57437,0.000850000,0.245820000,0.8356861837537607,2026-03-14,2026-03-14,CVE-2025-57437,9.8,2025-10-10T21:03:59.970
CVE-2025-57434,0.000940000,0.261130000,0.8516547095579727,2026-03-14,2026-03-14,CVE-2025-57434,8.8,2025-10-14T19:56:03.233
CVE-2025-57433,0.000450000,0.134890000,0.6917380236056468,2026-03-14,2026-03-14,CVE-2025-57433,6.5,2025-10-14T19:56:41.777
CVE-2025-57432,0.003960000,0.600520000,0.9564915528812775,2026-03-14,2026-03-14,CVE-2025-57432,9.8,2025-10-14T19:56:50.727
CVE-2025-57431,0.000920000,0.257740000,0.849340430455913,2026-03-14,2026-03-14,CVE-2025-57431,8.8,2025-10-14T19:53:19.917
CVE-2025-57430,0.000580000,0.179210000,0.7607035408470262,2026-03-14,2026-03-14,CVE-2025-57430,7.5,2025-10-14T19:57:05.717
CVE-2025-55888,0.001360000,0.331850000,0.8972460078685489,2026-03-14,2026-03-14,CVE-2025-55888,7.3,2025-10-14T19:51:59.197
CVE-2025-55887,0.000450000,0.137010000,0.6917380236056468,2026-03-14,2026-03-14,CVE-2025-55887,6.1,2025-10-14T19:51:54.580
CVE-2025-55886,0.000400000,0.119490000,0.6570238370747512,2026-03-14,2026-03-14,CVE-2025-55886,6.5,2025-11-17T19:16:19.537
CVE-2025-55885,0.001680000,0.377580000,0.9134459615829669,2026-03-14,2026-03-14,CVE-2025-55885,6.3,2025-10-14T19:52:10.700
CVE-2025-53570,0.000290000,0.079130000,0.4619301087711178,2026-03-14,2026-03-14,CVE-2025-53570,6.5,2025-09-22T21:22:33.590
CVE-2025-53469,0.000670000,0.206450000,0.7910205970840083,2026-03-14,2026-03-14,CVE-2025-53469,5.9,2025-09-22T21:22:33.590
CVE-2025-53468,0.000340000,0.097710000,0.571395510298542,2026-03-14,2026-03-14,CVE-2025-53468,8.5,2025-09-22T21:22:33.590
CVE-2025-53467,0.000670000,0.206450000,0.7910205970840083,2026-03-14,2026-03-14,CVE-2025-53467,5.9,2025-09-22T21:22:33.590
CVE-2025-53466,0.000270000,0.070820000,0.38764174959500114,2026-03-14,2026-03-14,CVE-2025-53466,5.9,2025-09-22T21:22:33.590
CVE-2025-53465,0.001090000,0.292110000,0.8710946540152742,2026-03-14,2026-03-14,CVE-2025-53465,7.2,2025-09-22T21:22:33.590
CVE-2025-53464,0.000670000,0.206450000,0.7910205970840083,2026-03-14,2026-03-14,CVE-2025-53464,5.9,2025-09-22T21:22:33.590
CVE-2025-53463,0.000290000,0.079130000,0.4619301087711178,2026-03-14,2026-03-14,CVE-2025-53463,6.5,2025-09-22T21:22:33.590
CVE-2025-53462,0.000670000,0.206450000,0.7910205970840083,2026-03-14,2026-03-14,CVE-2025-53462,5.9,2025-09-22T21:22:33.590
CVE-2025-53461,0.000480000,0.147700000,0.7095579726915066,2026-03-14,2026-03-14,CVE-2025-53461,4.4,2025-09-22T21:22:33.590
CVE-2025-53460,0.000670000,0.206450000,0.7910205970840083,2026-03-14,2026-03-14,CVE-2025-53460,5.9,2025-09-22T21:22:33.590
CVE-2025-53458,0.000270000,0.070820000,0.38764174959500114,2026-03-14,2026-03-14,CVE-2025-53458,5.9,2025-09-22T21:22:33.590
CVE-2025-53457,0.000240000,0.060130000,0.3401990280027771,2026-03-14,2026-03-14,CVE-2025-53457,4.4,2025-09-22T21:22:33.590
CVE-2025-53456,0.000150000,0.027070000,0.15528812774820644,2026-03-14,2026-03-14,CVE-2025-53456,4.3,2025-09-22T21:22:33.590
CVE-2025-53455,0.000270000,0.070820000,0.38764174959500114,2026-03-14,2026-03-14,CVE-2025-53455,5.9,2025-09-22T21:22:33.590
CVE-2025-53454,0.000290000,0.079130000,0.4619301087711178,2026-03-14,2026-03-14,CVE-2025-53454,6.5,2025-09-22T21:22:33.590
CVE-2025-53452,0.000360000,0.102210000,0.60310113399676,2026-03-14,2026-03-14,CVE-2025-53452,4.3,2025-09-22T21:22:33.590
CVE-2025-53451,0.000160000,0.034520000,0.23698218005091415,2026-03-14,2026-03-14,CVE-2025-53451,5.4,2025-09-22T21:22:33.590
CVE-2025-53450,0.001090000,0.291450000,0.8710946540152742,2026-03-14,2026-03-14,CVE-2025-53450,7.5,2025-09-22T21:22:33.590
CVE-2025-52367,0.700100000,0.986410000,0.9993057162693821,2026-03-14,2026-03-14,CVE-2025-52367,5.4,2025-10-24T14:45:27.667
CVE-2025-43953,0.000820000,0.239960000,0.8292062022679936,2026-03-14,2026-03-14,CVE-2025-43953,8.8,2025-09-22T21:22:33.590
CVE-2025-43807,0.000300000,0.082440000,0.515852811849109,2026-03-14,2026-03-14,CVE-2025-43807,5.4,2025-12-15T18:18:40.497
CVE-2025-36064,0.000300000,0.081560000,0.515852811849109,2026-03-14,2026-03-14,CVE-2025-36064,5.9,2025-10-03T19:13:13.937
CVE-2025-10811,0.000280000,0.076260000,0.42814163388104604,2026-03-14,2026-03-14,CVE-2025-10811,9.8,2025-09-25T19:13:43.040
CVE-2025-10810,0.000280000,0.076260000,0.42814163388104604,2026-03-14,2026-03-14,CVE-2025-10810,9.8,2025-09-25T19:13:55.290
CVE-2025-10809,0.000400000,0.119410000,0.6570238370747512,2026-03-14,2026-03-14,CVE-2025-10809,9.8,2025-09-25T19:14:26.233
CVE-2025-10808,0.000280000,0.076260000,0.42814163388104604,2026-03-14,2026-03-14,CVE-2025-10808,9.8,2025-09-25T19:14:07.200
CVE-2025-10807,0.000270000,0.072550000,0.38764174959500114,2026-03-14,2026-03-14,CVE-2025-10807,8.8,2025-09-24T20:24:12.183
CVE-2025-10806,0.000270000,0.072550000,0.38764174959500114,2026-03-14,2026-03-14,CVE-2025-10806,8.8,2025-09-24T20:24:42.163
CVE-2025-58228,0.000730000,0.219730000,0.8072205507984263,2026-03-14,2026-03-14,CVE-2025-58228,6.5,2025-09-22T21:22:16.313
CVE-2025-58227,0.000290000,0.079130000,0.4619301087711178,2026-03-14,2026-03-14,CVE-2025-58227,6.5,2025-09-22T21:22:16.313
CVE-2025-58226,0.000370000,0.108140000,0.6213839389030317,2026-03-14,2026-03-14,CVE-2025-58226,5.3,2025-09-22T21:22:16.313
CVE-2025-58224,0.000160000,0.034520000,0.23698218005091415,2026-03-14,2026-03-14,CVE-2025-58224,5.4,2025-09-22T21:22:16.313
CVE-2025-58223,0.000270000,0.070820000,0.38764174959500114,2026-03-14,2026-03-14,CVE-2025-58223,5.9,2025-09-22T21:22:16.313
CVE-2025-58222,0.000380000,0.110960000,0.634343901874566,2026-03-14,2026-03-14,CVE-2025-58222,5.3,2025-09-22T21:22:16.313
CVE-2025-58221,0.000360000,0.102210000,0.60310113399676,2026-03-14,2026-03-14,CVE-2025-58221,4.3,2025-09-22T21:22:16.313
CVE-2025-58220,0.000290000,0.079130000,0.4619301087711178,2026-03-14,2026-03-14,CVE-2025-58220,6.5,2025-09-22T21:22:16.313
CVE-2025-58219,0.000150000,0.027070000,0.15528812774820644,2026-03-14,2026-03-14,CVE-2025-58219,4.3,2025-09-22T21:22:16.313
CVE-2025-58200,0.000150000,0.027070000,0.15528812774820644,2026-03-14,2026-03-14,CVE-2025-58200,4.3,2025-09-22T21:22:16.313
CVE-2025-58199,0.000150000,0.027070000,0.15528812774820644,2026-03-14,2026-03-14,CVE-2025-58199,4.3,2025-09-22T21:22:16.313
CVE-2025-58033,0.000270000,0.070820000,0.38764174959500114,2026-03-14,2026-03-14,CVE-2025-58033,5.9,2025-09-22T21:22:16.313
CVE-2025-58032,0.000150000,0.027070000,0.15528812774820644,2026-03-14,2026-03-14,CVE-2025-58032,4.3,2025-09-22T21:22:16.313
CVE-2025-58031,0.000290000,0.079130000,0.4619301087711178,2026-03-14,2026-03-14,CVE-2025-58031,6.5,2025-09-22T21:22:16.313
CVE-2025-58030,0.000290000,0.079130000,0.4619301087711178,2026-03-14,2026-03-14,CVE-2025-58030,6.5,2025-09-22T21:22:16.313
CVE-2025-58029,0.000380000,0.110960000,0.634343901874566,2026-03-14,2026-03-14,CVE-2025-58029,5.3,2025-09-22T21:22:16.313
CVE-2025-58028,0.000290000,0.079130000,0.4619301087711178,2026-03-14,2026-03-14,CVE-2025-58028,6.5,2025-09-22T21:22:16.313
CVE-2025-58027,0.000290000,0.079130000,0.4619301087711178,2026-03-14,2026-03-14,CVE-2025-58027,6.5,2025-09-22T21:22:16.313
CVE-2025-58026,0.000290000,0.079130000,0.4619301087711178,2026-03-14,2026-03-14,CVE-2025-58026,6.5,2025-09-22T21:22:16.313
CVE-2025-58025,0.000240000,0.060630000,0.3401990280027771,2026-03-14,2026-03-14,CVE-2025-58025,5.4,2026-01-23T02:28:52.230
CVE-2025-58023,0.000440000,0.132890000,0.6854894700300856,2026-03-14,2026-03-14,CVE-2025-58023,6.5,2025-09-22T21:22:16.313
CVE-2025-58022,0.000290000,0.079130000,0.4619301087711178,2026-03-14,2026-03-14,CVE-2025-58022,6.5,2025-09-22T21:22:16.313
CVE-2025-58021,0.000290000,0.079130000,0.4619301087711178,2026-03-14,2026-03-14,CVE-2025-58021,6.5,2025-09-22T21:22:16.313
CVE-2025-58020,0.000730000,0.219730000,0.8072205507984263,2026-03-14,2026-03-14,CVE-2025-58020,6.5,2025-09-22T21:22:16.313
CVE-2025-58019,0.000730000,0.219730000,0.8072205507984263,2026-03-14,2026-03-14,CVE-2025-58019,6.5,2025-09-22T21:22:16.313
CVE-2025-58018,0.000290000,0.079130000,0.4619301087711178,2026-03-14,2026-03-14,CVE-2025-58018,6.5,2025-09-22T21:22:16.313
CVE-2025-58017,0.000290000,0.079130000,0.4619301087711178,2026-03-14,2026-03-14,CVE-2025-58017,6.5,2025-09-22T21:22:16.313
CVE-2025-58016,0.000360000,0.102210000,0.60310113399676,2026-03-14,2026-03-14,CVE-2025-58016,4.3,2025-09-22T21:22:16.313
CVE-2025-58015,0.000610000,0.189720000,0.7755149271002083,2026-03-14,2026-03-14,CVE-2025-58015,7.5,2025-12-12T19:53:19.430
CVE-2025-58014,0.000150000,0.027070000,0.15528812774820644,2026-03-14,2026-03-14,CVE-2025-58014,4.3,2025-12-12T19:54:44.310
CVE-2025-58013,0.000190000,0.046800000,0.29946771580652626,2026-03-14,2026-03-14,CVE-2025-58013,8.8,2025-09-22T21:22:16.313
CVE-2025-58012,0.000470000,0.142590000,0.7042351307567692,2026-03-14,2026-03-14,CVE-2025-58012,3.8,2025-09-22T21:22:16.313
CVE-2025-58011,0.000340000,0.095920000,0.571395510298542,2026-03-14,2026-03-14,CVE-2025-58011,6.4,2025-09-22T21:22:16.313
CVE-2025-58010,0.000150000,0.027070000,0.15528812774820644,2026-03-14,2026-03-14,CVE-2025-58010,4.3,2025-09-22T21:22:16.313
CVE-2025-58009,0.000470000,0.142590000,0.7042351307567692,2026-03-14,2026-03-14,CVE-2025-58009,3.8,2025-09-22T21:22:16.313
CVE-2025-58008,0.000290000,0.079130000,0.4619301087711178,2026-03-14,2026-03-14,CVE-2025-58008,6.5,2025-09-22T21:22:16.313
CVE-2025-58007,0.000370000,0.107300000,0.6213839389030317,2026-03-14,2026-03-14,CVE-2025-58007,4.3,2025-09-22T21:22:16.313
CVE-2025-58006,0.000590000,0.181910000,0.7644063874103216,2026-03-14,2026-03-14,CVE-2025-58006,4.7,2025-09-22T21:22:16.313
CVE-2025-58005,0.000270000,0.072330000,0.38764174959500114,2026-03-14,2026-03-14,CVE-2025-58005,5.4,2025-09-22T21:22:16.313
CVE-2025-58004,0.000380000,0.110960000,0.634343901874566,2026-03-14,2026-03-14,CVE-2025-58004,5.3,2025-09-22T21:22:16.313
CVE-2025-58003,0.000380000,0.110960000,0.634343901874566,2026-03-14,2026-03-14,CVE-2025-58003,5.3,2025-09-22T21:22:16.313
CVE-2025-58002,0.000290000,0.079130000,0.4619301087711178,2026-03-14,2026-03-14,CVE-2025-58002,6.5,2025-09-22T21:22:16.313
CVE-2025-58001,0.000290000,0.079130000,0.4619301087711178,2026-03-14,2026-03-14,CVE-2025-58001,6.5,2025-09-22T21:22:16.313
CVE-2025-58000,0.000380000,0.110960000,0.634343901874566,2026-03-14,2026-03-14,CVE-2025-58000,5.3,2025-09-22T21:22:16.313
CVE-2025-57999,0.000290000,0.079130000,0.4619301087711178,2026-03-14,2026-03-14,CVE-2025-57999,6.5,2025-09-22T21:22:16.313
CVE-2025-57998,0.000270000,0.070820000,0.38764174959500114,2026-03-14,2026-03-14,CVE-2025-57998,5.9,2025-09-22T21:22:16.313
CVE-2025-57997,0.000520000,0.161160000,0.7308493404304559,2026-03-14,2026-03-14,CVE-2025-57997,4.3,2025-09-22T21:22:16.313
CVE-2025-57996,0.000290000,0.079130000,0.4619301087711178,2026-03-14,2026-03-14,CVE-2025-57996,6.5,2025-09-22T21:22:16.313
CVE-2025-57995,0.000550000,0.169910000,0.7428835917611664,2026-03-14,2026-03-14,CVE-2025-57995,4.3,2025-09-22T21:22:16.313
CVE-2025-57994,0.000780000,0.231390000,0.8213376533209905,2026-03-14,2026-03-14,CVE-2025-57994,5.4,2025-09-22T21:22:16.313
CVE-2025-57993,0.000290000,0.079130000,0.4619301087711178,2026-03-14,2026-03-14,CVE-2025-57993,6.5,2025-09-22T21:22:16.313
CVE-2025-57992,0.000150000,0.027070000,0.15528812774820644,2026-03-14,2026-03-14,CVE-2025-57992,4.3,2025-09-22T21:22:16.313
CVE-2025-57991,0.000780000,0.231390000,0.8213376533209905,2026-03-14,2026-03-14,CVE-2025-57991,5.4,2025-09-22T21:22:33.590
CVE-2025-57990,0.000780000,0.231390000,0.8213376533209905,2026-03-14,2026-03-14,CVE-2025-57990,5.4,2025-09-22T21:22:33.590
CVE-2025-57989,0.000730000,0.219730000,0.8072205507984263,2026-03-14,2026-03-14,CVE-2025-57989,6.5,2025-09-22T21:22:33.590
CVE-2025-57988,0.000290000,0.079130000,0.4619301087711178,2026-03-14,2026-03-14,CVE-2025-57988,6.5,2025-09-22T21:22:33.590
CVE-2025-57987,0.000380000,0.110960000,0.634343901874566,2026-03-14,2026-03-14,CVE-2025-57987,5.3,2025-09-22T21:22:33.590
CVE-2025-57986,0.000290000,0.079130000,0.4619301087711178,2026-03-14,2026-03-14,CVE-2025-57986,6.5,2025-09-22T21:22:33.590
CVE-2025-57985,0.000550000,0.169910000,0.7428835917611664,2026-03-14,2026-03-14,CVE-2025-57985,4.3,2025-09-22T21:22:33.590
CVE-2025-57984,0.000480000,0.147700000,0.7095579726915066,2026-03-14,2026-03-14,CVE-2025-57984,4.4,2025-09-22T21:22:33.590
CVE-2025-57983,0.000150000,0.027070000,0.15528812774820644,2026-03-14,2026-03-14,CVE-2025-57983,6.5,2025-09-22T21:22:33.590
CVE-2025-57982,0.000670000,0.206450000,0.7910205970840083,2026-03-14,2026-03-14,CVE-2025-57982,5.9,2025-09-22T21:22:33.590
CVE-2025-57981,0.000600000,0.185940000,0.7711177968062949,2026-03-14,2026-03-14,CVE-2025-57981,5.4,2026-01-14T21:42:22.203
CVE-2025-57980,0.000270000,0.070820000,0.38764174959500114,2026-03-14,2026-03-14,CVE-2025-57980,5.9,2025-09-22T21:22:33.590
CVE-2025-57979,0.000270000,0.070820000,0.38764174959500114,2026-03-14,2026-03-14,CVE-2025-57979,5.9,2025-09-22T21:22:33.590
CVE-2025-57978,0.000300000,0.082720000,0.515852811849109,2026-03-14,2026-03-14,CVE-2025-57978,4.3,2025-09-22T21:22:33.590
CVE-2025-57977,0.000340000,0.095010000,0.571395510298542,2026-03-14,2026-03-14,CVE-2025-57977,7.1,2025-09-22T21:22:33.590
CVE-2025-57976,0.000380000,0.110960000,0.634343901874566,2026-03-14,2026-03-14,CVE-2025-57976,5.3,2025-09-22T21:22:33.590
CVE-2025-57975,0.000340000,0.095920000,0.571395510298542,2026-03-14,2026-03-14,CVE-2025-57975,4.3,2025-09-22T21:22:33.590
CVE-2025-57974,0.000670000,0.206450000,0.7910205970840083,2026-03-14,2026-03-14,CVE-2025-57974,5.9,2025-09-22T21:22:33.590
CVE-2025-57973,0.000290000,0.079130000,0.4619301087711178,2026-03-14,2026-03-14,CVE-2025-57973,5.5,2025-09-22T21:22:33.590
CVE-2025-57972,0.000360000,0.102210000,0.60310113399676,2026-03-14,2026-03-14,CVE-2025-57972,4.3,2025-09-22T21:22:33.590
CVE-2025-57971,0.000380000,0.110960000,0.634343901874566,2026-03-14,2026-03-14,CVE-2025-57971,5.3,2025-10-04T04:16:24.590
CVE-2025-57970,0.000150000,0.027070000,0.15528812774820644,2026-03-14,2026-03-14,CVE-2025-57970,4.3,2025-10-04T04:16:24.407
CVE-2025-57969,0.000550000,0.169910000,0.7428835917611664,2026-03-14,2026-03-14,CVE-2025-57969,4.3,2025-09-22T21:22:33.590
CVE-2025-57968,0.000290000,0.079960000,0.4619301087711178,2026-03-14,2026-03-14,CVE-2025-57968,7.1,2025-09-22T21:22:33.590
CVE-2025-57967,0.000730000,0.219730000,0.8072205507984263,2026-03-14,2026-03-14,CVE-2025-57967,6.5,2025-09-22T21:22:33.590
CVE-2025-57966,0.000730000,0.219730000,0.8072205507984263,2026-03-14,2026-03-14,CVE-2025-57966,6.5,2025-09-22T21:22:33.590
CVE-2025-57965,0.000730000,0.219730000,0.8072205507984263,2026-03-14,2026-03-14,CVE-2025-57965,6.5,2025-09-22T21:22:33.590
CVE-2025-57964,0.000730000,0.219730000,0.8072205507984263,2026-03-14,2026-03-14,CVE-2025-57964,6.5,2025-09-22T21:22:33.590
CVE-2025-57963,0.000730000,0.219730000,0.8072205507984263,2026-03-14,2026-03-14,CVE-2025-57963,6.5,2025-09-22T21:22:33.590
CVE-2025-57962,0.000670000,0.206450000,0.7910205970840083,2026-03-14,2026-03-14,CVE-2025-57962,5.9,2025-09-22T21:22:33.590
CVE-2025-57961,0.000780000,0.231390000,0.8213376533209905,2026-03-14,2026-03-14,CVE-2025-57961,4.3,2025-09-22T21:22:33.590
CVE-2025-57960,0.000300000,0.082720000,0.515852811849109,2026-03-14,2026-03-14,CVE-2025-57960,4.3,2025-09-22T21:22:33.590
CVE-2025-57959,0.000670000,0.206450000,0.7910205970840083,2026-03-14,2026-03-14,CVE-2025-57959,5.9,2025-09-22T21:22:33.590
CVE-2025-57958,0.000580000,0.180550000,0.7607035408470262,2026-03-14,2026-03-14,CVE-2025-57958,5.3,2025-09-22T21:22:33.590
CVE-2025-57957,0.000580000,0.180550000,0.7607035408470262,2026-03-14,2026-03-14,CVE-2025-57957,5.3,2025-09-22T21:22:33.590
CVE-2025-57956,0.000670000,0.206450000,0.7910205970840083,2026-03-14,2026-03-14,CVE-2025-57956,5.9,2025-09-22T21:22:33.590
CVE-2025-57955,0.000590000,0.181650000,0.7644063874103216,2026-03-14,2026-03-14,CVE-2025-57955,6.5,2025-09-22T21:22:33.590
CVE-2025-57954,0.000730000,0.219730000,0.8072205507984263,2026-03-14,2026-03-14,CVE-2025-57954,6.5,2025-09-22T21:22:33.590
CVE-2025-57953,0.000730000,0.219730000,0.8072205507984263,2026-03-14,2026-03-14,CVE-2025-57953,6.5,2025-09-22T21:22:33.590
CVE-2025-57952,0.000670000,0.206450000,0.7910205970840083,2026-03-14,2026-03-14,CVE-2025-57952,5.9,2025-09-22T21:22:33.590
CVE-2025-57951,0.000670000,0.206450000,0.7910205970840083,2026-03-14,2026-03-14,CVE-2025-57951,5.9,2025-09-22T21:22:33.590
CVE-2025-57950,0.000270000,0.070820000,0.38764174959500114,2026-03-14,2026-03-14,CVE-2025-57950,5.9,2025-09-22T21:22:33.590
CVE-2025-57949,0.000780000,0.231390000,0.8213376533209905,2026-03-14,2026-03-14,CVE-2025-57949,5.4,2025-09-22T21:22:33.590
CVE-2025-57948,0.000290000,0.079130000,0.4619301087711178,2026-03-14,2026-03-14,CVE-2025-57948,6.5,2025-09-22T21:22:33.590
CVE-2025-57947,0.000290000,0.079130000,0.4619301087711178,2026-03-14,2026-03-14,CVE-2025-57947,6.5,2025-09-22T21:22:33.590
CVE-2025-57946,0.000330000,0.092090000,0.5660726683638047,2026-03-14,2026-03-14,CVE-2025-57946,5.4,2025-09-22T21:22:33.590
CVE-2025-57945,0.000670000,0.206450000,0.7910205970840083,2026-03-14,2026-03-14,CVE-2025-57945,5.9,2025-09-22T21:22:33.590
CVE-2025-57944,0.000380000,0.110960000,0.634343901874566,2026-03-14,2026-03-14,CVE-2025-57944,5.3,2025-09-22T21:22:33.590
CVE-2025-58992,0.000290000,0.079130000,0.4619301087711178,2026-03-14,2026-03-14,CVE-2025-58992,6.5,2025-09-22T21:22:16.313
CVE-2025-58974,0.000290000,0.079130000,0.4619301087711178,2026-03-14,2026-03-14,CVE-2025-58974,6.5,2025-09-22T21:22:16.313
CVE-2025-58973,0.001090000,0.291450000,0.8710946540152742,2026-03-14,2026-03-14,CVE-2025-58973,7.5,2025-09-22T21:22:16.313
CVE-2025-58969,0.000380000,0.110960000,0.634343901874566,2026-03-14,2026-03-14,CVE-2025-58969,5.3,2025-09-22T21:22:16.313
CVE-2025-58968,0.000340000,0.095920000,0.571395510298542,2026-03-14,2026-03-14,CVE-2025-58968,5.0,2025-09-22T21:22:16.313
CVE-2025-58965,0.000290000,0.079130000,0.4619301087711178,2026-03-14,2026-03-14,CVE-2025-58965,6.5,2025-09-22T21:22:16.313
CVE-2025-58962,0.000340000,0.095920000,0.571395510298542,2026-03-14,2026-03-14,CVE-2025-58962,6.4,2025-09-22T21:22:16.313
CVE-2025-58960,0.000270000,0.070820000,0.38764174959500114,2026-03-14,2026-03-14,CVE-2025-58960,5.9,2025-09-22T21:22:16.313
CVE-2025-58957,0.000360000,0.102210000,0.60310113399676,2026-03-14,2026-03-14,CVE-2025-58957,4.3,2025-09-22T21:22:16.313
CVE-2025-58956,0.000150000,0.031030000,0.15528812774820644,2026-03-14,2026-03-14,CVE-2025-58956,7.1,2025-09-22T21:22:16.313
CVE-2025-58704,0.000290000,0.079130000,0.4619301087711178,2026-03-14,2026-03-14,CVE-2025-58704,6.5,2025-09-22T21:22:16.313
CVE-2025-58703,0.000290000,0.079130000,0.4619301087711178,2026-03-14,2026-03-14,CVE-2025-58703,6.5,2025-09-22T21:22:16.313
CVE-2025-58702,0.000290000,0.079130000,0.4619301087711178,2026-03-14,2026-03-14,CVE-2025-58702,6.5,2025-09-22T21:22:16.313
CVE-2025-58691,0.000290000,0.079130000,0.4619301087711178,2026-03-14,2026-03-14,CVE-2025-58691,6.5,2025-09-22T21:22:16.313
CVE-2025-58690,0.000150000,0.031030000,0.15528812774820644,2026-03-14,2026-03-14,CVE-2025-58690,7.1,2025-09-22T21:22:16.313
CVE-2025-58689,0.000290000,0.079130000,0.4619301087711178,2026-03-14,2026-03-14,CVE-2025-58689,6.5,2025-09-22T21:22:16.313
CVE-2025-58688,0.000150000,0.031030000,0.15528812774820644,2026-03-14,2026-03-14,CVE-2025-58688,7.1,2025-09-22T21:22:16.313
CVE-2025-58687,0.000150000,0.031030000,0.15528812774820644,2026-03-14,2026-03-14,CVE-2025-58687,7.1,2025-09-22T21:22:16.313
CVE-2025-58686,0.000340000,0.097710000,0.571395510298542,2026-03-14,2026-03-14,CVE-2025-58686,8.5,2025-09-22T21:22:16.313
CVE-2025-58685,0.000380000,0.110960000,0.634343901874566,2026-03-14,2026-03-14,CVE-2025-58685,5.3,2025-09-22T21:22:16.313
CVE-2025-58684,0.000290000,0.079130000,0.4619301087711178,2026-03-14,2026-03-14,CVE-2025-58684,6.5,2025-09-22T21:22:16.313
CVE-2025-58683,0.000290000,0.079130000,0.4619301087711178,2026-03-14,2026-03-14,CVE-2025-58683,6.5,2025-09-22T21:22:16.313
CVE-2025-58682,0.000290000,0.079130000,0.4619301087711178,2026-03-14,2026-03-14,CVE-2025-58682,6.5,2025-09-22T21:22:16.313
CVE-2025-58681,0.000380000,0.111970000,0.634343901874566,2026-03-14,2026-03-14,CVE-2025-58681,5.3,2025-09-22T21:22:16.313
CVE-2025-58680,0.000380000,0.111710000,0.634343901874566,2026-03-14,2026-03-14,CVE-2025-58680,6.5,2025-09-22T21:22:16.313
CVE-2025-58679,0.000380000,0.111970000,0.634343901874566,2026-03-14,2026-03-14,CVE-2025-58679,5.3,2025-09-22T21:22:16.313
CVE-2025-58678,0.000380000,0.111710000,0.634343901874566,2026-03-14,2026-03-14,CVE-2025-58678,6.5,2025-09-22T21:22:16.313
CVE-2025-58677,0.000150000,0.031030000,0.15528812774820644,2026-03-14,2026-03-14,CVE-2025-58677,7.1,2025-09-22T21:22:16.313
CVE-2025-58676,0.000150000,0.031030000,0.15528812774820644,2026-03-14,2026-03-14,CVE-2025-58676,7.1,2025-09-22T21:22:16.313
CVE-2025-58675,0.000150000,0.027070000,0.15528812774820644,2026-03-14,2026-03-14,CVE-2025-58675,4.3,2025-09-22T21:22:16.313
CVE-2025-58673,0.000310000,0.086770000,0.5299699143716732,2026-03-14,2026-03-14,CVE-2025-58673,5.4,2025-09-22T21:22:16.313
CVE-2025-58672,0.000510000,0.156210000,0.7248322147651006,2026-03-14,2026-03-14,CVE-2025-58672,5.4,2025-09-22T21:22:16.313
CVE-2025-58671,0.000290000,0.079960000,0.4619301087711178,2026-03-14,2026-03-14,CVE-2025-58671,7.1,2025-09-22T21:22:16.313
CVE-2025-58670,0.000150000,0.031030000,0.15528812774820644,2026-03-14,2026-03-14,CVE-2025-58670,7.1,2025-09-22T21:22:16.313
CVE-2025-58669,0.000270000,0.070820000,0.38764174959500114,2026-03-14,2026-03-14,CVE-2025-58669,5.9,2025-09-22T21:22:16.313
CVE-2025-58668,0.000410000,0.122880000,0.6646609581115482,2026-03-14,2026-03-14,CVE-2025-58668,9.8,2025-12-12T19:45:14.193
CVE-2025-58667,0.000510000,0.156210000,0.7248322147651006,2026-03-14,2026-03-14,CVE-2025-58667,5.4,2025-09-22T21:22:16.313
CVE-2025-58666,0.000360000,0.102210000,0.60310113399676,2026-03-14,2026-03-14,CVE-2025-58666,4.3,2025-09-22T21:22:16.313
CVE-2025-58665,0.000270000,0.070820000,0.38764174959500114,2026-03-14,2026-03-14,CVE-2025-58665,5.9,2025-09-22T21:22:16.313
CVE-2025-58664,0.000360000,0.102210000,0.60310113399676,2026-03-14,2026-03-14,CVE-2025-58664,4.3,2025-09-22T21:22:16.313
CVE-2025-58663,0.000360000,0.102210000,0.60310113399676,2026-03-14,2026-03-14,CVE-2025-58663,4.3,2025-09-22T21:22:16.313
CVE-2025-58662,0.001090000,0.292110000,0.8710946540152742,2026-03-14,2026-03-14,CVE-2025-58662,7.2,2025-09-22T21:22:16.313
CVE-2025-58661,0.000270000,0.070820000,0.38764174959500114,2026-03-14,2026-03-14,CVE-2025-58661,5.9,2025-09-22T21:22:16.313
CVE-2025-58660,0.000510000,0.156210000,0.7248322147651006,2026-03-14,2026-03-14,CVE-2025-58660,5.4,2025-09-22T21:22:16.313
CVE-2025-58659,0.000380000,0.111970000,0.634343901874566,2026-03-14,2026-03-14,CVE-2025-58659,5.3,2025-09-22T21:22:16.313
CVE-2025-58658,0.000270000,0.070820000,0.38764174959500114,2026-03-14,2026-03-14,CVE-2025-58658,5.9,2025-09-22T21:22:16.313
CVE-2025-58657,0.000150000,0.031030000,0.15528812774820644,2026-03-14,2026-03-14,CVE-2025-58657,7.1,2025-09-22T21:22:16.313
CVE-2025-58656,0.000380000,0.111970000,0.634343901874566,2026-03-14,2026-03-14,CVE-2025-58656,5.3,2025-09-22T21:22:16.313
CVE-2025-58655,0.000270000,0.070820000,0.38764174959500114,2026-03-14,2026-03-14,CVE-2025-58655,5.9,2025-09-22T21:22:16.313
CVE-2025-58654,0.000290000,0.079130000,0.4619301087711178,2026-03-14,2026-03-14,CVE-2025-58654,6.5,2025-09-22T21:22:16.313
CVE-2025-58653,0.000290000,0.079130000,0.4619301087711178,2026-03-14,2026-03-14,CVE-2025-58653,6.5,2025-09-22T21:22:16.313
CVE-2025-58652,0.000290000,0.079130000,0.4619301087711178,2026-03-14,2026-03-14,CVE-2025-58652,6.5,2025-09-22T21:22:16.313
CVE-2025-58651,0.000290000,0.079130000,0.4619301087711178,2026-03-14,2026-03-14,CVE-2025-58651,6.5,2025-09-22T21:22:16.313
CVE-2025-58650,0.000510000,0.156210000,0.7248322147651006,2026-03-14,2026-03-14,CVE-2025-58650,5.4,2025-09-22T21:22:16.313
CVE-2025-58649,0.000370000,0.107300000,0.6213839389030317,2026-03-14,2026-03-14,CVE-2025-58649,4.3,2025-09-22T21:22:16.313
CVE-2025-58648,0.000290000,0.079130000,0.4619301087711178,2026-03-14,2026-03-14,CVE-2025-58648,6.5,2025-09-22T21:22:16.313
CVE-2025-58647,0.000270000,0.070820000,0.38764174959500114,2026-03-14,2026-03-14,CVE-2025-58647,5.9,2025-09-22T21:22:16.313
CVE-2025-58646,0.000270000,0.070820000,0.38764174959500114,2026-03-14,2026-03-14,CVE-2025-58646,5.9,2025-09-22T21:22:16.313
CVE-2025-58645,0.000270000,0.070820000,0.38764174959500114,2026-03-14,2026-03-14,CVE-2025-58645,5.9,2025-09-22T21:22:16.313
CVE-2025-58271,0.000270000,0.070820000,0.38764174959500114,2026-03-14,2026-03-14,CVE-2025-58271,5.9,2025-09-22T21:22:16.313
CVE-2025-58270,0.000150000,0.031030000,0.15528812774820644,2026-03-14,2026-03-14,CVE-2025-58270,7.1,2025-09-22T21:22:16.313
CVE-2025-58269,0.000380000,0.111970000,0.634343901874566,2026-03-14,2026-03-14,CVE-2025-58269,5.3,2025-09-22T21:22:16.313
CVE-2025-58268,0.000150000,0.031030000,0.15528812774820644,2026-03-14,2026-03-14,CVE-2025-58268,7.1,2025-09-22T21:22:16.313
CVE-2025-58267,0.000150000,0.031030000,0.15528812774820644,2026-03-14,2026-03-14,CVE-2025-58267,7.1,2025-09-22T21:22:16.313
CVE-2025-58266,0.000270000,0.070820000,0.38764174959500114,2026-03-14,2026-03-14,CVE-2025-58266,5.9,2025-09-22T21:22:16.313
CVE-2025-58265,0.000290000,0.079130000,0.4619301087711178,2026-03-14,2026-03-14,CVE-2025-58265,6.5,2025-09-22T21:22:16.313
CVE-2025-58264,0.000290000,0.079130000,0.4619301087711178,2026-03-14,2026-03-14,CVE-2025-58264,6.5,2025-09-22T21:22:16.313
CVE-2025-58263,0.000290000,0.079130000,0.4619301087711178,2026-03-14,2026-03-14,CVE-2025-58263,6.5,2025-09-22T21:22:16.313
CVE-2025-58262,0.000150000,0.031030000,0.15528812774820644,2026-03-14,2026-03-14,CVE-2025-58262,7.1,2025-09-22T21:22:16.313
CVE-2025-58261,0.000150000,0.031030000,0.15528812774820644,2026-03-14,2026-03-14,CVE-2025-58261,7.1,2025-09-22T21:22:16.313
CVE-2025-58260,0.000290000,0.079130000,0.4619301087711178,2026-03-14,2026-03-14,CVE-2025-58260,6.5,2025-09-22T21:22:16.313
CVE-2025-58259,0.000160000,0.036340000,0.23698218005091415,2026-03-14,2026-03-14,CVE-2025-58259,7.1,2025-09-22T21:22:16.313
CVE-2025-58258,0.000340000,0.095920000,0.571395510298542,2026-03-14,2026-03-14,CVE-2025-58258,4.3,2025-09-22T21:22:16.313
CVE-2025-58257,0.000290000,0.079130000,0.4619301087711178,2026-03-14,2026-03-14,CVE-2025-58257,6.5,2025-09-22T21:22:16.313
CVE-2025-58256,0.000270000,0.070820000,0.38764174959500114,2026-03-14,2026-03-14,CVE-2025-58256,5.9,2025-09-22T21:22:16.313
CVE-2025-58255,0.000190000,0.046800000,0.29946771580652626,2026-03-14,2026-03-14,CVE-2025-58255,9.6,2025-09-22T21:22:16.313
CVE-2025-58254,0.000290000,0.079130000,0.4619301087711178,2026-03-14,2026-03-14,CVE-2025-58254,6.5,2025-09-22T21:22:16.313
CVE-2025-58253,0.000290000,0.079130000,0.4619301087711178,2026-03-14,2026-03-14,CVE-2025-58253,6.5,2025-09-22T21:22:16.313
CVE-2025-58252,0.000370000,0.107300000,0.6213839389030317,2026-03-14,2026-03-14,CVE-2025-58252,4.3,2025-09-22T21:22:16.313
CVE-2025-58251,0.000360000,0.102210000,0.60310113399676,2026-03-14,2026-03-14,CVE-2025-58251,4.3,2025-09-22T21:22:16.313
CVE-2025-58250,0.000220000,0.055370000,0.32399907428835917,2026-03-14,2026-03-14,CVE-2025-58250,8.8,2025-09-22T21:22:16.313
CVE-2025-58249,0.000370000,0.107300000,0.6213839389030317,2026-03-14,2026-03-14,CVE-2025-58249,4.3,2025-09-22T21:22:16.313
CVE-2025-58248,0.000290000,0.079130000,0.4619301087711178,2026-03-14,2026-03-14,CVE-2025-58248,6.5,2025-09-22T21:22:16.313
CVE-2025-58247,0.000380000,0.111970000,0.634343901874566,2026-03-14,2026-03-14,CVE-2025-58247,5.3,2025-09-22T21:22:16.313
CVE-2025-58245,0.000270000,0.070820000,0.38764174959500114,2026-03-14,2026-03-14,CVE-2025-58245,5.9,2025-09-22T21:22:16.313
CVE-2025-58244,0.000190000,0.046800000,0.29946771580652626,2026-03-14,2026-03-14,CVE-2025-58244,8.8,2025-09-22T21:22:16.313
CVE-2025-58242,0.000290000,0.079130000,0.4619301087711178,2026-03-14,2026-03-14,CVE-2025-58242,6.5,2025-09-22T21:22:16.313
CVE-2025-58241,0.000290000,0.079130000,0.4619301087711178,2026-03-14,2026-03-14,CVE-2025-58241,6.5,2025-09-22T21:22:16.313
CVE-2025-58240,0.000730000,0.219730000,0.8072205507984263,2026-03-14,2026-03-14,CVE-2025-58240,6.5,2025-09-22T21:22:16.313
CVE-2025-58239,0.000730000,0.219730000,0.8072205507984263,2026-03-14,2026-03-14,CVE-2025-58239,6.5,2025-09-22T21:22:16.313
CVE-2025-58238,0.000290000,0.079130000,0.4619301087711178,2026-03-14,2026-03-14,CVE-2025-58238,6.5,2025-09-22T21:22:16.313
CVE-2025-58237,0.000290000,0.079130000,0.4619301087711178,2026-03-14,2026-03-14,CVE-2025-58237,6.5,2025-09-22T21:22:16.313
CVE-2025-58236,0.000150000,0.027070000,0.15528812774820644,2026-03-14,2026-03-14,CVE-2025-58236,4.3,2025-09-22T21:22:16.313
CVE-2025-58235,0.000290000,0.079130000,0.4619301087711178,2026-03-14,2026-03-14,CVE-2025-58235,6.5,2025-09-22T21:22:16.313
CVE-2025-58234,0.000240000,0.060630000,0.3401990280027771,2026-03-14,2026-03-14,CVE-2025-58234,5.4,2026-01-23T02:22:59.307
CVE-2025-58233,0.000290000,0.079130000,0.4619301087711178,2026-03-14,2026-03-14,CVE-2025-58233,6.5,2025-09-22T21:22:16.313
CVE-2025-58232,0.000290000,0.079130000,0.4619301087711178,2026-03-14,2026-03-14,CVE-2025-58232,6.5,2025-09-22T21:22:16.313
CVE-2025-58231,0.000290000,0.079130000,0.4619301087711178,2026-03-14,2026-03-14,CVE-2025-58231,6.5,2025-09-22T21:22:16.313
CVE-2025-58230,0.000290000,0.079130000,0.4619301087711178,2026-03-14,2026-03-14,CVE-2025-58230,6.5,2025-09-22T21:22:16.313
CVE-2025-58229,0.000290000,0.079130000,0.4619301087711178,2026-03-14,2026-03-14,CVE-2025-58229,6.5,2025-09-22T21:22:16.313
CVE-2025-9960,0.000580000,0.181400000,0.7607035408470262,2026-03-14,2026-03-14,CVE-2025-9960,,2025-09-22T21:22:16.313
CVE-2025-9495,0.000340000,0.097600000,0.571395510298542,2026-03-14,2026-03-14,CVE-2025-9495,,2025-09-24T18:11:24.520
CVE-2025-9494,0.002600000,0.490200000,0.936357324693358,2026-03-14,2026-03-14,CVE-2025-9494,,2025-09-24T18:11:24.520
CVE-2025-9321,0.001140000,0.299540000,0.8801203425133071,2026-03-14,2026-03-14,CVE-2025-9321,9.8,2025-09-24T18:11:24.520
CVE-2025-8902,0.000320000,0.088200000,0.5459384401758852,2026-03-14,2026-03-14,CVE-2025-8902,6.4,2025-09-24T18:11:24.520
CVE-2025-8892,0.000260000,0.067510000,0.3705160842397593,2026-03-14,2026-03-14,CVE-2025-8892,7.8,2025-09-25T18:24:00.030
CVE-2025-59592,0.000290000,0.079130000,0.4619301087711178,2026-03-14,2026-03-14,CVE-2025-59592,6.5,2025-09-22T21:22:16.313
CVE-2025-59591,0.000360000,0.102210000,0.60310113399676,2026-03-14,2026-03-14,CVE-2025-59591,4.3,2025-09-22T21:22:16.313
CVE-2025-59590,0.000270000,0.070820000,0.38764174959500114,2026-03-14,2026-03-14,CVE-2025-59590,5.9,2025-09-22T21:22:16.313
CVE-2025-59589,0.000290000,0.079130000,0.4619301087711178,2026-03-14,2026-03-14,CVE-2025-59589,6.5,2025-09-22T21:22:16.313
CVE-2025-59588,0.001090000,0.291450000,0.8710946540152742,2026-03-14,2026-03-14,CVE-2025-59588,7.5,2025-09-22T21:22:16.313
CVE-2025-59587,0.000290000,0.079130000,0.4619301087711178,2026-03-14,2026-03-14,CVE-2025-59587,6.5,2025-09-22T21:22:16.313
CVE-2025-59586,0.000290000,0.079130000,0.4619301087711178,2026-03-14,2026-03-14,CVE-2025-59586,6.5,2025-09-22T21:22:16.313
CVE-2025-59585,0.000290000,0.079130000,0.4619301087711178,2026-03-14,2026-03-14,CVE-2025-59585,6.5,2025-09-22T21:22:16.313
CVE-2025-59584,0.000290000,0.079130000,0.4619301087711178,2026-03-14,2026-03-14,CVE-2025-59584,6.5,2025-09-22T21:22:16.313
CVE-2025-59583,0.000290000,0.079130000,0.4619301087711178,2026-03-14,2026-03-14,CVE-2025-59583,6.5,2025-09-22T21:22:16.313
CVE-2025-59582,0.000370000,0.108140000,0.6213839389030317,2026-03-14,2026-03-14,CVE-2025-59582,5.3,2025-09-22T21:22:16.313
CVE-2025-59581,0.000520000,0.160970000,0.7308493404304559,2026-03-14,2026-03-14,CVE-2025-59581,6.5,2025-09-22T21:22:16.313
CVE-2025-59577,0.000450000,0.136160000,0.6917380236056468,2026-03-14,2026-03-14,CVE-2025-59577,4.3,2025-09-22T21:22:16.313
CVE-2025-59576,0.000360000,0.102210000,0.60310113399676,2026-03-14,2026-03-14,CVE-2025-59576,6.5,2025-09-22T21:22:16.313
CVE-2025-59574,0.000290000,0.079130000,0.4619301087711178,2026-03-14,2026-03-14,CVE-2025-59574,6.5,2025-09-22T21:22:16.313
CVE-2025-59573,0.000430000,0.128210000,0.6794723443647304,2026-03-14,2026-03-14,CVE-2025-59573,5.3,2025-09-22T21:22:16.313
CVE-2025-59572,0.000190000,0.046800000,0.29946771580652626,2026-03-14,2026-03-14,CVE-2025-59572,8.8,2025-09-22T21:22:16.313
CVE-2025-59570,0.000320000,0.088550000,0.5459384401758852,2026-03-14,2026-03-14,CVE-2025-59570,7.6,2025-09-22T21:22:16.313
CVE-2025-59569,0.000290000,0.079130000,0.4619301087711178,2026-03-14,2026-03-14,CVE-2025-59569,6.5,2025-09-22T21:22:16.313
CVE-2025-59568,0.000150000,0.027070000,0.15528812774820644,2026-03-14,2026-03-14,CVE-2025-59568,4.3,2025-09-22T21:22:16.313
CVE-2025-59567,0.000340000,0.095280000,0.571395510298542,2026-03-14,2026-03-14,CVE-2025-59567,5.5,2025-09-22T21:22:16.313
CVE-2025-59565,0.000290000,0.079130000,0.4619301087711178,2026-03-14,2026-03-14,CVE-2025-59565,6.5,2025-09-22T21:22:16.313
CVE-2025-59562,0.000460000,0.139140000,0.6989122888220319,2026-03-14,2026-03-14,CVE-2025-59562,5.5,2025-09-22T21:22:16.313
CVE-2025-59561,0.000360000,0.102210000,0.60310113399676,2026-03-14,2026-03-14,CVE-2025-59561,4.3,2025-09-22T21:22:16.313
CVE-2025-59559,0.000360000,0.102210000,0.60310113399676,2026-03-14,2026-03-14,CVE-2025-59559,4.3,2025-09-22T21:22:16.313
CVE-2025-59553,0.000290000,0.079130000,0.4619301087711178,2026-03-14,2026-03-14,CVE-2025-59553,6.5,2025-09-22T21:22:16.313
CVE-2025-59552,0.000290000,0.079130000,0.4619301087711178,2026-03-14,2026-03-14,CVE-2025-59552,6.5,2025-09-22T21:22:16.313
CVE-2025-59551,0.000360000,0.102210000,0.60310113399676,2026-03-14,2026-03-14,CVE-2025-59551,4.3,2025-09-22T21:22:16.313
CVE-2025-59549,0.000290000,0.079130000,0.4619301087711178,2026-03-14,2026-03-14,CVE-2025-59549,6.5,2025-09-22T21:22:16.313
CVE-2025-59535,0.000960000,0.265700000,0.8532747049294145,2026-03-14,2026-03-14,CVE-2025-59535,6.5,2025-09-29T12:53:14.557
CVE-2025-59532,0.000380000,0.112860000,0.634343901874566,2026-03-14,2026-03-14,CVE-2025-59532,,2025-09-22T21:22:16.313
CVE-2025-59528,0.830040000,0.992340000,1.0,2026-03-14,2026-03-14,CVE-2025-59528,10.0,2025-09-23T16:45:09.443
CVE-2025-59527,0.001310000,0.324230000,0.8926174496644296,2026-03-14,2026-03-14,CVE-2025-59527,7.5,2025-09-23T16:47:43.363
CVE-2025-59526,0.000730000,0.220370000,0.8072205507984263,2026-03-14,2026-03-14,CVE-2025-59526,,2025-09-22T21:22:16.313
CVE-2025-59434,0.000510000,0.158590000,0.7248322147651006,2026-03-14,2026-03-14,CVE-2025-59434,9.6,2025-09-22T21:22:16.313
CVE-2025-59433,0.000270000,0.073180000,0.38764174959500114,2026-03-14,2026-03-14,CVE-2025-59433,5.3,2025-09-22T21:22:16.313
CVE-2025-59432,0.000620000,0.191110000,0.777597778292062,2026-03-14,2026-03-14,CVE-2025-59432,,2026-01-23T18:16:03.417
CVE-2025-59430,0.000320000,0.089130000,0.5459384401758852,2026-03-14,2026-03-14,CVE-2025-59430,8.2,2025-09-22T21:22:16.313
CVE-2025-58915,0.000290000,0.079130000,0.4619301087711178,2026-03-14,2026-03-14,CVE-2025-58915,6.5,2025-09-24T18:11:24.520
CVE-2025-57205,0.000320000,0.087910000,0.5459384401758852,2026-03-14,2026-03-14,CVE-2025-57205,5.4,2025-10-03T17:43:02.160
CVE-2025-57204,0.000320000,0.087910000,0.5459384401758852,2026-03-14,2026-03-14,CVE-2025-57204,5.4,2025-10-03T17:45:38.487
CVE-2025-57203,0.000280000,0.075380000,0.42814163388104604,2026-03-14,2026-03-14,CVE-2025-57203,4.8,2025-10-03T17:49:07.950
CVE-2025-47910,0.000110000,0.011500000,0.04813700532284194,2026-03-14,2026-03-14,CVE-2025-47910,5.4,2025-09-24T14:15:49.437
CVE-2025-43814,0.000560000,0.173410000,0.7495950011571395,2026-03-14,2026-03-14,CVE-2025-43814,6.5,2025-12-12T19:36:16.690
CVE-2025-43810,0.000510000,0.157050000,0.7248322147651006,2026-03-14,2026-03-14,CVE-2025-43810,4.3,2025-12-12T19:36:56.567
CVE-2025-43806,0.000500000,0.153810000,0.7192779449201574,2026-03-14,2026-03-14,CVE-2025-43806,4.3,2025-12-12T19:37:57.703
CVE-2025-42907,0.000360000,0.102210000,0.60310113399676,2026-03-14,2026-03-14,CVE-2025-42907,4.3,2025-09-24T18:11:24.520
CVE-2025-39880,0.000150000,0.029480000,0.15528812774820644,2026-03-14,2026-03-14,CVE-2025-39880,7.8,2026-01-20T20:27:54.100
CVE-2025-39879,0.000180000,0.044530000,0.2735477898634575,2026-03-14,2026-03-14,CVE-2025-39879,5.5,2026-01-14T20:16:10.457
CVE-2025-39878,0.000180000,0.044530000,0.2735477898634575,2026-03-14,2026-03-14,CVE-2025-39878,5.5,2026-01-14T20:16:10.283
CVE-2025-39877,0.000150000,0.029480000,0.15528812774820644,2026-03-14,2026-03-14,CVE-2025-39877,7.8,2026-01-20T20:29:36.387
CVE-2025-39876,0.000250000,0.064780000,0.3596389724600787,2026-03-14,2026-03-14,CVE-2025-39876,5.5,2026-01-20T20:33:01.007
CVE-2025-39875,0.000180000,0.044530000,0.2735477898634575,2026-03-14,2026-03-14,CVE-2025-39875,5.5,2026-01-14T20:16:10.007
CVE-2025-39874,0.000180000,0.044530000,0.2735477898634575,2026-03-14,2026-03-14,CVE-2025-39874,5.5,2026-01-14T20:16:09.857
CVE-2025-39873,0.000150000,0.030790000,0.15528812774820644,2026-03-14,2026-03-14,CVE-2025-39873,7.8,2026-01-20T20:33:41.183
CVE-2025-39872,0.000270000,0.071150000,0.38764174959500114,2026-03-14,2026-03-14,CVE-2025-39872,5.5,2026-01-08T10:15:49.230
CVE-2025-39871,0.000170000,0.039870000,0.2561906965980097,2026-03-14,2026-03-14,CVE-2025-39871,7.8,2026-01-11T17:15:53.330
CVE-2025-39870,0.000150000,0.029480000,0.15528812774820644,2026-03-14,2026-03-14,CVE-2025-39870,7.8,2026-01-20T20:40:34.427
CVE-2025-39869,0.000200000,0.051240000,0.31080768340661885,2026-03-14,2026-03-14,CVE-2025-39869,7.1,2026-01-20T20:41:15.407
CVE-2025-39868,0.000180000,0.044880000,0.2735477898634575,2026-03-14,2026-03-14,CVE-2025-39868,7.8,2026-01-14T20:16:09.690
CVE-2025-26399,0.287570000,0.964770000,0.9972228650775283,2026-03-14,2026-03-14,CVE-2025-26399,9.8,2026-03-10T13:11:15.553
CVE-2025-1131,0.000680000,0.207520000,0.7970377227493636,2026-03-14,2026-03-14,CVE-2025-1131,7.8,2025-11-03T18:15:48.883
CVE-2025-10843,0.000320000,0.088780000,0.5459384401758852,2026-03-14,2026-03-14,CVE-2025-10843,9.8,2025-11-13T16:26:46.293
CVE-2025-10842,0.000280000,0.076260000,0.42814163388104604,2026-03-14,2026-03-14,CVE-2025-10842,9.8,2025-09-25T16:13:01.737
CVE-2025-10841,0.000280000,0.076260000,0.42814163388104604,2026-03-14,2026-03-14,CVE-2025-10841,9.8,2025-09-25T16:13:12.690
CVE-2025-10840,0.000270000,0.072550000,0.38764174959500114,2026-03-14,2026-03-14,CVE-2025-10840,8.8,2025-09-25T16:14:17.033
CVE-2025-10839,0.000270000,0.072550000,0.38764174959500114,2026-03-14,2026-03-14,CVE-2025-10839,8.8,2025-09-25T16:14:43.343
CVE-2025-10838,0.003710000,0.585650000,0.9534829900485998,2026-03-14,2026-03-14,CVE-2025-10838,8.8,2025-10-03T15:09:55.663
CVE-2025-10837,0.000250000,0.064760000,0.3596389724600787,2026-03-14,2026-03-14,CVE-2025-10837,5.4,2025-09-25T16:15:37.923
CVE-2025-10836,0.000280000,0.076260000,0.42814163388104604,2026-03-14,2026-03-14,CVE-2025-10836,9.8,2025-09-24T20:24:50.450
CVE-2025-10835,0.000370000,0.107510000,0.6213839389030317,2026-03-14,2026-03-14,CVE-2025-10835,8.8,2025-09-24T20:24:59.843
CVE-2025-10834,0.000280000,0.076260000,0.42814163388104604,2026-03-14,2026-03-14,CVE-2025-10834,9.8,2025-09-25T16:16:04.840
CVE-2025-10833,0.000310000,0.085160000,0.5299699143716732,2026-03-14,2026-03-14,CVE-2025-10833,9.8,2025-09-25T18:07:32.070
CVE-2025-10832,0.000280000,0.076260000,0.42814163388104604,2026-03-14,2026-03-14,CVE-2025-10832,9.8,2025-09-25T18:07:41.157
CVE-2025-10831,0.000380000,0.111890000,0.634343901874566,2026-03-14,2026-03-14,CVE-2025-10831,9.8,2025-09-25T18:07:54.710
CVE-2025-10830,0.000280000,0.076260000,0.42814163388104604,2026-03-14,2026-03-14,CVE-2025-10830,9.8,2025-09-25T18:08:05.517
CVE-2025-10829,0.000280000,0.076260000,0.42814163388104604,2026-03-14,2026-03-14,CVE-2025-10829,9.8,2025-09-25T18:08:16.583
CVE-2025-10828,0.000270000,0.072550000,0.38764174959500114,2026-03-14,2026-03-14,CVE-2025-10828,8.8,2025-09-25T18:08:27.253
CVE-2025-10827,0.000340000,0.097760000,0.571395510298542,2026-03-14,2026-03-14,CVE-2025-10827,6.1,2025-09-25T18:08:40.567
CVE-2025-10826,0.000270000,0.072550000,0.38764174959500114,2026-03-14,2026-03-14,CVE-2025-10826,8.8,2025-09-25T18:08:48.440
CVE-2025-10825,0.000270000,0.072550000,0.38764174959500114,2026-03-14,2026-03-14,CVE-2025-10825,8.8,2025-09-25T18:08:56.910
CVE-2025-10824,0.000150000,0.032000000,0.15528812774820644,2026-03-14,2026-03-14,CVE-2025-10824,5.3,2025-09-24T18:11:34.720
CVE-2025-10823,0.000160000,0.032110000,0.23698218005091415,2026-03-14,2026-03-14,CVE-2025-10823,3.3,2025-09-24T18:11:34.720
CVE-2025-10822,0.000280000,0.077300000,0.42814163388104604,2026-03-14,2026-03-14,CVE-2025-10822,4.3,2025-10-03T17:35:22.823
CVE-2025-10821,0.000280000,0.077300000,0.42814163388104604,2026-03-14,2026-03-14,CVE-2025-10821,4.3,2025-10-03T17:37:12.043
CVE-2025-10820,0.000310000,0.085280000,0.5299699143716732,2026-03-14,2026-03-14,CVE-2025-10820,4.3,2025-10-03T17:38:25.447
CVE-2025-10819,0.000310000,0.085280000,0.5299699143716732,2026-03-14,2026-03-14,CVE-2025-10819,4.3,2025-10-03T17:39:03.750
CVE-2025-10817,0.000290000,0.079790000,0.4619301087711178,2026-03-14,2026-03-14,CVE-2025-10817,9.8,2025-09-25T18:09:10.033
CVE-2025-10816,0.000350000,0.100630000,0.5912983105762555,2026-03-14,2026-03-14,CVE-2025-10816,9.8,2025-10-03T17:42:14.280
CVE-2025-10815,0.002680000,0.499910000,0.9398287433464476,2026-03-14,2026-03-14,CVE-2025-10815,8.8,2025-09-25T18:07:11.053
CVE-2025-10814,0.000740000,0.222340000,0.8111548252719278,2026-03-14,2026-03-14,CVE-2025-10814,8.8,2025-09-24T18:42:26.853
CVE-2025-10813,0.000290000,0.079790000,0.4619301087711178,2026-03-14,2026-03-14,CVE-2025-10813,9.8,2025-09-23T16:47:54.407
CVE-2025-10812,0.000280000,0.076260000,0.42814163388104604,2026-03-14,2026-03-14,CVE-2025-10812,9.8,2025-09-23T16:48:38.513
CVE-2025-10380,0.000520000,0.160530000,0.7308493404304559,2026-03-14,2026-03-14,CVE-2025-10380,8.8,2025-09-24T18:11:24.520
CVE-2025-9966,0.000170000,0.037580000,0.2561906965980097,2026-03-14,2026-03-14,CVE-2025-9966,,2025-11-03T19:16:18.400
CVE-2025-9965,0.002560000,0.487180000,0.9340430455912984,2026-03-14,2026-03-14,CVE-2025-9965,,2025-11-03T19:16:18.293
CVE-2025-9964,0.000260000,0.066570000,0.3705160842397593,2026-03-14,2026-03-14,CVE-2025-9964,,2025-11-03T19:16:18.187
CVE-2025-9963,0.000370000,0.108070000,0.6213839389030317,2026-03-14,2026-03-14,CVE-2025-9963,,2025-11-03T19:16:18.080
CVE-2025-9962,0.000650000,0.200300000,0.7840777597778292,2026-03-14,2026-03-14,CVE-2025-9962,,2025-11-03T19:16:17.970
CVE-2025-9900,0.000360000,0.105380000,0.60310113399676,2026-03-14,2026-03-14,CVE-2025-9900,8.8,2026-02-27T16:16:22.893
CVE-2025-9846,0.002310000,0.456650000,0.928951631566767,2026-03-14,2026-03-14,CVE-2025-9846,10.0,2025-09-24T18:11:24.520
CVE-2025-9844,0.000580000,0.179330000,0.7607035408470262,2026-03-14,2026-03-14,CVE-2025-9844,8.8,2025-09-24T18:11:24.520
CVE-2025-9798,0.000350000,0.099070000,0.5912983105762555,2026-03-14,2026-03-14,CVE-2025-9798,8.9,2025-09-24T18:11:24.520
CVE-2025-9588,0.003190000,0.546440000,0.9472344364730386,2026-03-14,2026-03-14,CVE-2025-9588,9.8,2025-10-02T14:24:13.747
CVE-2025-9342,0.000380000,0.111710000,0.634343901874566,2026-03-14,2026-03-14,CVE-2025-9342,6.5,2025-09-24T18:11:24.520
CVE-2025-9054,0.001840000,0.399260000,0.9180745197870863,2026-03-14,2026-03-14,CVE-2025-9054,9.8,2025-09-24T18:11:24.520
CVE-2025-9031,0.000370000,0.107300000,0.6213839389030317,2026-03-14,2026-03-14,CVE-2025-9031,4.3,2025-09-24T18:11:24.520
CVE-2025-8410,0.000340000,0.095130000,0.571395510298542,2026-03-14,2026-03-14,CVE-2025-8410,7.4,2025-10-01T18:38:30.100
CVE-2025-8354,0.000260000,0.067510000,0.3705160842397593,2026-03-14,2026-03-14,CVE-2025-8354,7.8,2025-10-02T21:16:01.800
CVE-2025-8282,0.000220000,0.055870000,0.32399907428835917,2026-03-14,2026-03-14,CVE-2025-8282,3.5,2025-11-13T21:15:54.797
CVE-2025-7106,0.000320000,0.091070000,0.5459384401758852,2026-03-14,2026-03-14,CVE-2025-7106,5.3,2025-10-20T19:00:25.837
CVE-2025-6921,0.000320000,0.089440000,0.5459384401758852,2026-03-14,2026-03-14,CVE-2025-6921,7.5,2025-10-10T21:31:30.230
CVE-2025-60020,0.000540000,0.168490000,0.738717889377459,2026-03-14,2026-03-14,CVE-2025-60020,6.4,2025-09-24T18:11:24.520
CVE-2025-59826,0.000510000,0.157480000,0.7248322147651006,2026-03-14,2026-03-14,CVE-2025-59826,7.6,2025-10-08T16:35:50.263
CVE-2025-59825,0.000250000,0.063780000,0.3596389724600787,2026-03-14,2026-03-14,CVE-2025-59825,,2025-09-24T18:11:24.520
CVE-2025-59822,0.000650000,0.200680000,0.7840777597778292,2026-03-14,2026-03-14,CVE-2025-59822,7.5,2025-10-08T17:35:04.200
CVE-2025-59821,0.000270000,0.070170000,0.38764174959500114,2026-03-14,2026-03-14,CVE-2025-59821,6.1,2025-09-29T12:58:27.157
CVE-2025-59548,0.000220000,0.057180000,0.32399907428835917,2026-03-14,2026-03-14,CVE-2025-59548,6.1,2025-09-29T12:58:02.710
CVE-2025-59547,0.000650000,0.200520000,0.7840777597778292,2026-03-14,2026-03-14,CVE-2025-59547,5.3,2025-09-29T12:57:09.407
CVE-2025-59546,0.000230000,0.057860000,0.3323304790557741,2026-03-14,2026-03-14,CVE-2025-59546,4.8,2025-09-29T12:56:28.353
CVE-2025-59545,0.000420000,0.126970000,0.6739180745197871,2026-03-14,2026-03-14,CVE-2025-59545,9.0,2025-09-29T12:56:04.663
CVE-2025-59539,0.000250000,0.063270000,0.3596389724600787,2026-03-14,2026-03-14,CVE-2025-59539,5.4,2025-09-29T12:42:58.927
CVE-2025-59534,0.000370000,0.106580000,0.6213839389030317,2026-03-14,2026-03-14,CVE-2025-59534,7.8,2025-10-08T17:41:50.037
CVE-2025-59484,0.000150000,0.028430000,0.15528812774820644,2026-03-14,2026-03-14,CVE-2025-59484,8.3,2025-09-24T18:11:24.520
CVE-2025-58674,0.000270000,0.070820000,0.38764174959500114,2026-03-14,2026-03-14,CVE-2025-58674,5.9,2025-10-01T09:15:37.247
CVE-2025-58473,0.000770000,0.228330000,0.8180976625781069,2026-03-14,2026-03-14,CVE-2025-58473,5.9,2025-09-24T18:11:24.520
CVE-2025-58457,0.000740000,0.222100000,0.8111548252719278,2026-03-14,2026-03-14,CVE-2025-58457,4.3,2025-11-04T22:16:34.103
CVE-2025-58354,0.000600000,0.187180000,0.7711177968062949,2026-03-14,2026-03-14,CVE-2025-58354,,2025-09-24T18:11:24.520
CVE-2025-58319,0.000160000,0.034600000,0.23698218005091415,2026-03-14,2026-03-14,CVE-2025-58319,7.8,2025-09-25T18:19:38.530
CVE-2025-58317,0.000160000,0.034600000,0.23698218005091415,2026-03-14,2026-03-14,CVE-2025-58317,7.8,2025-09-25T18:19:30.327
CVE-2025-58246,0.000370000,0.107300000,0.6213839389030317,2026-03-14,2026-03-14,CVE-2025-58246,4.3,2025-10-01T09:15:36.967
CVE-2025-58069,0.000380000,0.111970000,0.634343901874566,2026-03-14,2026-03-14,CVE-2025-58069,5.3,2025-09-24T18:11:24.520
CVE-2025-57882,0.000770000,0.228330000,0.8180976625781069,2026-03-14,2026-03-14,CVE-2025-57882,5.9,2025-09-24T18:11:24.520
CVE-2025-57639,0.042090000,0.885800000,0.9914371673223791,2026-03-14,2026-03-14,CVE-2025-57639,6.5,2025-09-25T16:09:17.580
CVE-2025-57638,0.000790000,0.233560000,0.8236519324230502,2026-03-14,2026-03-14,CVE-2025-57638,7.5,2025-09-25T16:09:10.880
CVE-2025-57637,0.000820000,0.239100000,0.8292062022679936,2026-03-14,2026-03-14,CVE-2025-57637,7.5,2025-09-25T16:09:01.097
CVE-2025-57636,0.024590000,0.850460000,0.9888914603101134,2026-03-14,2026-03-14,CVE-2025-57636,6.5,2025-09-25T16:07:18.607
CVE-2025-57407,0.000300000,0.082440000,0.515852811849109,2026-03-14,2026-03-14,CVE-2025-57407,5.4,2025-10-08T18:10:20.997
CVE-2025-5717,0.003300000,0.556160000,0.9481601481138625,2026-03-14,2026-03-14,CVE-2025-5717,7.2,2025-11-21T21:34:06.837
CVE-2025-56394,0.000790000,0.233560000,0.8236519324230502,2026-03-14,2026-03-14,CVE-2025-56394,7.5,2025-10-08T17:56:44.457
CVE-2025-56311,0.000270000,0.070200000,0.38764174959500114,2026-03-14,2026-03-14,CVE-2025-56311,6.5,2025-10-28T21:15:38.783
CVE-2025-56304,0.000320000,0.088790000,0.5459384401758852,2026-03-14,2026-03-14,CVE-2025-56304,6.1,2025-10-08T18:09:35.137
CVE-2025-56146,0.000250000,0.065840000,0.3596389724600787,2026-03-14,2026-03-14,CVE-2025-56146,5.3,2025-10-28T21:15:38.210
CVE-2025-55780,0.000590000,0.182320000,0.7644063874103216,2026-03-14,2026-03-14,CVE-2025-55780,7.5,2025-10-08T18:04:01.977
CVE-2025-55069,0.000410000,0.121790000,0.6646609581115482,2026-03-14,2026-03-14,CVE-2025-55069,8.3,2025-09-24T18:11:24.520
CVE-2025-55038,0.000270000,0.070230000,0.38764174959500114,2026-03-14,2026-03-14,CVE-2025-55038,6.8,2025-09-24T18:11:24.520
CVE-2025-54855,0.000060000,0.003230000,0.007868548947003009,2026-03-14,2026-03-14,CVE-2025-54855,4.2,2025-09-24T18:11:24.520
CVE-2025-54081,0.000140000,0.022990000,0.11409395973154363,2026-03-14,2026-03-14,CVE-2025-54081,7.0,2025-10-08T17:48:27.567
CVE-2025-52905,0.001560000,0.361350000,0.9069659800971998,2026-03-14,2026-03-14,CVE-2025-52905,7.5,2025-10-08T18:06:28.473
CVE-2025-51005,0.001620000,0.370140000,0.9090488312890534,2026-03-14,2026-03-14,CVE-2025-51005,7.5,2025-10-08T17:54:03.633
CVE-2025-4993,0.000680000,0.208370000,0.7970377227493636,2026-03-14,2026-03-14,CVE-2025-4993,9.1,2025-10-01T18:40:15.517
CVE-2025-48459,0.005740000,0.684180000,0.9692200879426058,2026-03-14,2026-03-14,CVE-2025-48459,5.3,2025-11-04T22:16:17.327
CVE-2025-48392,0.004290000,0.621880000,0.9606572552649849,2026-03-14,2026-03-14,CVE-2025-48392,7.5,2025-11-04T22:16:17.157
CVE-2025-4760,0.000230000,0.057860000,0.3323304790557741,2026-03-14,2026-03-14,CVE-2025-4760,4.8,2025-11-21T21:29:56.007
CVE-2025-4582,0.000180000,0.044880000,0.2735477898634575,2026-03-14,2026-03-14,CVE-2025-4582,7.1,2025-12-16T17:16:08.603
CVE-2025-45326,0.000990000,0.275390000,0.8558204119416801,2026-03-14,2026-03-14,CVE-2025-45326,6.5,2025-10-17T15:11:07.393
CVE-2025-43819,0.000430000,0.129700000,0.6794723443647304,2026-03-14,2026-03-14,CVE-2025-43819,6.5,2025-12-15T18:20:14.943
CVE-2025-43779,0.000300000,0.083290000,0.515852811849109,2026-03-14,2026-03-14,CVE-2025-43779,6.1,2025-12-15T18:19:33.093
CVE-2025-41716,0.000360000,0.102760000,0.60310113399676,2026-03-14,2026-03-14,CVE-2025-41716,5.3,2025-09-24T18:11:24.520
CVE-2025-41715,0.001400000,0.338020000,0.8995602869706086,2026-03-14,2026-03-14,CVE-2025-41715,9.8,2025-09-24T18:11:24.520
CVE-2025-39890,0.000160000,0.036240000,0.23698218005091415,2026-03-14,2026-03-14,CVE-2025-39890,5.5,2026-01-14T18:16:39.223
CVE-2025-39889,0.000060000,0.003780000,0.007868548947003009,2026-03-14,2026-03-14,CVE-2025-39889,5.5,2026-03-04T14:16:13.367
CVE-2025-39888,0.000180000,0.044880000,0.2735477898634575,2026-03-14,2026-03-14,CVE-2025-39888,7.8,2026-01-14T20:16:11.270
CVE-2025-39887,0.000180000,0.044530000,0.2735477898634575,2026-03-14,2026-03-14,CVE-2025-39887,5.5,2026-01-14T20:16:11.100
CVE-2025-39886,0.000150000,0.030270000,0.15528812774820644,2026-03-14,2026-03-14,CVE-2025-39886,5.5,2026-01-14T20:16:10.937
CVE-2025-39885,0.000190000,0.048210000,0.29946771580652626,2026-03-14,2026-03-14,CVE-2025-39885,5.5,2026-01-16T19:29:02.180
CVE-2025-39884,0.000100000,0.009650000,0.03633418190233742,2026-03-14,2026-03-14,CVE-2025-39884,4.7,2026-01-14T20:16:10.780
CVE-2025-39883,0.000170000,0.039650000,0.2561906965980097,2026-03-14,2026-03-14,CVE-2025-39883,7.1,2026-01-16T19:26:44.733
CVE-2025-39882,0.000160000,0.033070000,0.23698218005091415,2026-03-14,2026-03-14,CVE-2025-39882,7.8,2026-01-14T20:16:10.620
CVE-2025-39881,0.000150000,0.029480000,0.15528812774820644,2026-03-14,2026-03-14,CVE-2025-39881,7.8,2026-01-16T19:26:01.513
CVE-2025-29084,0.000980000,0.270500000,0.8544318444804443,2026-03-14,2026-03-14,CVE-2025-29084,6.5,2025-09-25T16:09:31.223
CVE-2025-29083,0.000980000,0.270500000,0.8544318444804443,2026-03-14,2026-03-14,CVE-2025-29083,6.5,2025-09-25T16:09:45.757
CVE-2025-1255,0.000680000,0.208370000,0.7970377227493636,2026-03-14,2026-03-14,CVE-2025-1255,9.1,2025-10-02T13:44:49.900
CVE-2025-10906,0.000270000,0.071220000,0.38764174959500114,2026-03-14,2026-03-14,CVE-2025-10906,8.4,2025-09-24T18:11:24.520
CVE-2025-10857,0.000280000,0.076260000,0.42814163388104604,2026-03-14,2026-03-14,CVE-2025-10857,9.8,2025-09-25T16:10:55.567
CVE-2025-10851,0.000280000,0.076260000,0.42814163388104604,2026-03-14,2026-03-14,CVE-2025-10851,9.8,2025-09-25T16:11:29.213
CVE-2025-10848,0.000270000,0.072550000,0.38764174959500114,2026-03-14,2026-03-14,CVE-2025-10848,8.8,2025-09-25T16:11:48.597
CVE-2025-10846,0.000260000,0.068800000,0.3705160842397593,2026-03-14,2026-03-14,CVE-2025-10846,8.8,2025-10-28T00:15:37.430
CVE-2025-10845,0.000260000,0.068800000,0.3705160842397593,2026-03-14,2026-03-14,CVE-2025-10845,8.8,2025-10-28T00:15:37.290
CVE-2025-10844,0.000260000,0.068800000,0.3705160842397593,2026-03-14,2026-03-14,CVE-2025-10844,8.8,2025-10-28T00:15:37.127
CVE-2025-10548,0.002350000,0.461900000,0.9294144873871789,2026-03-14,2026-03-14,CVE-2025-10548,6.5,2025-11-03T19:15:46.357
CVE-2025-10412,0.004570000,0.636330000,0.9627401064568387,2026-03-14,2026-03-14,CVE-2025-10412,9.8,2025-09-24T18:11:24.520
CVE-2025-10244,0.000400000,0.120060000,0.6570238370747512,2026-03-14,2026-03-14,CVE-2025-10244,8.7,2025-12-01T18:23:22.233
CVE-2025-10184,0.001500000,0.353260000,0.90465170099514,2026-03-14,2026-03-14,CVE-2025-10184,,2025-09-24T18:11:24.520
CVE-2025-10147,0.002890000,0.520160000,0.9423744503587133,2026-03-14,2026-03-14,CVE-2025-10147,9.8,2025-09-24T18:11:24.520
CVE-2025-0672,0.000330000,0.091470000,0.5660726683638047,2026-03-14,2026-03-14,CVE-2025-0672,3.8,2025-10-03T16:38:03.687
CVE-2025-0663,0.000280000,0.077420000,0.42814163388104604,2026-03-14,2026-03-14,CVE-2025-0663,6.8,2025-10-06T13:44:26.807
CVE-2025-0209,0.000310000,0.085940000,0.5299699143716732,2026-03-14,2026-03-14,CVE-2025-0209,6.1,2025-10-06T13:45:48.313
CVE-2024-6429,0.000300000,0.083620000,0.515852811849109,2026-03-14,2026-03-14,CVE-2024-6429,4.3,2025-10-06T13:39:38.010
CVE-2024-58241,0.000180000,0.044530000,0.2735477898634575,2026-03-14,2026-03-14,CVE-2024-58241,5.5,2026-01-14T20:16:06.653
CVE-2024-4598,0.000600000,0.187570000,0.7711177968062949,2026-03-14,2026-03-14,CVE-2024-4598,6.5,2026-01-09T02:34:20.723
CVE-2024-21935,0.000390000,0.113620000,0.6503124276787781,2026-03-14,2026-03-14,CVE-2024-21935,5.0,2025-09-24T18:11:24.520
CVE-2024-21927,0.000710000,0.215460000,0.8012034251330711,2026-03-14,2026-03-14,CVE-2024-21927,5.0,2025-09-24T18:11:24.520
CVE-2017-20200,0.000210000,0.053280000,0.31798194862300394,2026-03-14,2026-03-14,CVE-2017-20200,3.7,2025-09-24T18:11:24.520
CVE-2025-9353,0.000460000,0.137810000,0.6989122888220319,2026-03-14,2026-03-14,CVE-2025-9353,6.4,2025-09-24T18:11:24.520
CVE-2025-8869,0.000200000,0.050830000,0.31080768340661885,2026-03-14,2026-03-14,CVE-2025-8869,,2025-11-03T18:17:02.783
CVE-2025-59824,0.000280000,0.076690000,0.42814163388104604,2026-03-14,2026-03-14,CVE-2025-59824,5.4,2025-12-22T14:09:39.370
CVE-2025-59525,0.000340000,0.096800000,0.571395510298542,2026-03-14,2026-03-14,CVE-2025-59525,6.1,2025-09-29T14:04:23.910
CVE-2025-59524,0.000260000,0.067860000,0.3705160842397593,2026-03-14,2026-03-14,CVE-2025-59524,6.1,2025-09-29T14:04:48.430
CVE-2025-59343,0.000300000,0.081840000,0.515852811849109,2026-03-14,2026-03-14,CVE-2025-59343,,2025-11-03T19:16:14.317
CVE-2025-59305,0.001040000,0.283950000,0.8660032399907429,2026-03-14,2026-03-14,CVE-2025-59305,7.6,2025-12-02T18:09:52.547
CVE-2025-59251,0.000630000,0.195030000,0.7801434853043278,2026-03-14,2026-03-14,CVE-2025-59251,7.6,2025-11-20T00:16:10.533
CVE-2025-57354,0.005000000,0.656180000,0.9648229576486924,2026-03-14,2026-03-14,CVE-2025-57354,6.5,2025-09-26T14:32:53.583
CVE-2025-57353,0.001140000,0.299380000,0.8801203425133071,2026-03-14,2026-03-14,CVE-2025-57353,5.3,2025-10-31T00:15:37.110
CVE-2025-57352,0.001080000,0.290510000,0.8692432307336265,2026-03-14,2026-03-14,CVE-2025-57352,5.3,2025-09-26T14:32:53.583
CVE-2025-57351,0.001650000,0.373350000,0.9104373987502893,2026-03-14,2026-03-14,CVE-2025-57351,6.5,2025-09-26T14:32:53.583
CVE-2025-57350,0.003790000,0.590450000,0.9548715575098357,2026-03-14,2026-03-14,CVE-2025-57350,8.6,2025-10-17T14:56:11.183
CVE-2025-57349,0.003060000,0.535350000,0.9458458690118028,2026-03-14,2026-03-14,CVE-2025-57349,7.5,2025-10-17T14:49:25.293
CVE-2025-57348,0.001600000,0.367250000,0.9085859754686415,2026-03-14,2026-03-14,CVE-2025-57348,6.5,2025-10-17T14:50:43.533
CVE-2025-57347,0.001820000,0.396460000,0.9171488081462624,2026-03-14,2026-03-14,CVE-2025-57347,9.8,2025-10-17T14:53:19.667
CVE-2025-57330,0.001350000,0.331220000,0.8947003008562833,2026-03-14,2026-03-14,CVE-2025-57330,7.5,2025-10-17T14:54:26.210
CVE-2025-57329,0.001350000,0.331220000,0.8947003008562833,2026-03-14,2026-03-14,CVE-2025-57329,7.5,2025-10-20T16:30:54.410
CVE-2025-57328,0.001350000,0.331220000,0.8947003008562833,2026-03-14,2026-03-14,CVE-2025-57328,7.5,2025-10-20T16:50:08.890
CVE-2025-57327,0.001350000,0.331220000,0.8947003008562833,2026-03-14,2026-03-14,CVE-2025-57327,7.5,2025-10-20T16:50:36.657
CVE-2025-57326,0.001350000,0.331220000,0.8947003008562833,2026-03-14,2026-03-14,CVE-2025-57326,7.5,2025-10-16T16:23:24.223
CVE-2025-57325,0.001350000,0.331220000,0.8947003008562833,2026-03-14,2026-03-14,CVE-2025-57325,7.5,2025-10-20T16:54:41.423
CVE-2025-57323,0.001350000,0.331220000,0.8947003008562833,2026-03-14,2026-03-14,CVE-2025-57323,7.5,2025-10-17T13:21:12.710
CVE-2025-57321,0.001430000,0.342510000,0.9011802823420505,2026-03-14,2026-03-14,CVE-2025-57321,9.8,2025-10-17T13:24:09.090
CVE-2025-56819,0.072980000,0.915430000,0.9951400138856746,2026-03-14,2026-03-14,CVE-2025-56819,9.8,2025-10-10T21:30:04.943
CVE-2025-56816,0.014900000,0.808450000,0.983800046285582,2026-03-14,2026-03-14,CVE-2025-56816,8.8,2025-10-10T21:06:27.993
CVE-2025-56815,0.001620000,0.369690000,0.9090488312890534,2026-03-14,2026-03-14,CVE-2025-56815,7.1,2025-10-10T21:07:03.727
CVE-2025-56241,0.002580000,0.489370000,0.9345059014117103,2026-03-14,2026-03-14,CVE-2025-56241,7.5,2025-10-28T21:15:38.637
CVE-2025-55322,0.001310000,0.325340000,0.8926174496644296,2026-03-14,2026-03-14,CVE-2025-55322,7.3,2025-10-01T20:31:58.350
CVE-2025-55178,0.001230000,0.313990000,0.8877574635501041,2026-03-14,2026-03-14,CVE-2025-55178,5.3,2025-09-26T14:32:53.583
CVE-2025-52907,0.003540000,0.573870000,0.9514001388567461,2026-03-14,2026-03-14,CVE-2025-52907,8.8,2025-10-14T19:44:48.410
CVE-2025-52906,0.009450000,0.760840000,0.9752372136079611,2026-03-14,2026-03-14,CVE-2025-52906,9.8,2025-10-14T19:45:06.873
CVE-2025-48869,0.001170000,0.304200000,0.8833603332561907,2026-03-14,2026-03-14,CVE-2025-48869,7.5,2025-09-29T14:05:30.127
CVE-2025-48868,0.009470000,0.761000000,0.9754686415181671,2026-03-14,2026-03-14,CVE-2025-48868,7.2,2025-09-29T14:06:57.020
CVE-2025-48867,0.000570000,0.175730000,0.7558435547327008,2026-03-14,2026-03-14,CVE-2025-48867,4.8,2025-09-29T14:06:04.530
CVE-2025-47329,0.000160000,0.034950000,0.23698218005091415,2026-03-14,2026-03-14,CVE-2025-47329,7.8,2025-09-25T15:58:55.557
CVE-2025-47328,0.000530000,0.162630000,0.7345521869937515,2026-03-14,2026-03-14,CVE-2025-47328,7.5,2025-09-25T16:01:15.057
CVE-2025-47327,0.000160000,0.034950000,0.23698218005091415,2026-03-14,2026-03-14,CVE-2025-47327,7.8,2025-09-25T16:03:48.773
CVE-2025-47326,0.000530000,0.162630000,0.7345521869937515,2026-03-14,2026-03-14,CVE-2025-47326,7.5,2025-09-25T16:03:58.223
CVE-2025-47318,0.000680000,0.208230000,0.7970377227493636,2026-03-14,2026-03-14,CVE-2025-47318,7.5,2025-11-28T16:14:16.630
CVE-2025-47317,0.000160000,0.034950000,0.23698218005091415,2026-03-14,2026-03-14,CVE-2025-47317,7.8,2025-09-25T16:04:08.330
CVE-2025-47316,0.000160000,0.034950000,0.23698218005091415,2026-03-14,2026-03-14,CVE-2025-47316,7.8,2025-09-25T16:04:16.090
CVE-2025-47315,0.000160000,0.034950000,0.23698218005091415,2026-03-14,2026-03-14,CVE-2025-47315,7.8,2025-09-25T16:04:23.580
CVE-2025-47314,0.000240000,0.062580000,0.3401990280027771,2026-03-14,2026-03-14,CVE-2025-47314,7.8,2025-09-25T16:07:28.137
CVE-2025-27077,0.000160000,0.034950000,0.23698218005091415,2026-03-14,2026-03-14,CVE-2025-27077,7.8,2025-09-25T16:07:38.010
CVE-2025-27037,0.000160000,0.034950000,0.23698218005091415,2026-03-14,2026-03-14,CVE-2025-27037,7.8,2025-09-25T16:07:48.703
CVE-2025-27036,0.000140000,0.023770000,0.11409395973154363,2026-03-14,2026-03-14,CVE-2025-27036,6.1,2025-09-25T16:08:00.893
CVE-2025-27034,0.000480000,0.146810000,0.7095579726915066,2026-03-14,2026-03-14,CVE-2025-27034,9.8,2025-11-28T16:46:33.673
CVE-2025-27033,0.000140000,0.023770000,0.11409395973154363,2026-03-14,2026-03-14,CVE-2025-27033,6.1,2025-09-25T16:08:17.913
CVE-2025-27032,0.000150000,0.028470000,0.15528812774820644,2026-03-14,2026-03-14,CVE-2025-27032,7.8,2025-11-28T15:53:01.813
CVE-2025-27030,0.000140000,0.023770000,0.11409395973154363,2026-03-14,2026-03-14,CVE-2025-27030,6.1,2025-09-25T16:08:27.300
CVE-2025-23354,0.000220000,0.055720000,0.32399907428835917,2026-03-14,2026-03-14,CVE-2025-23354,7.8,2025-10-10T18:24:20.567
CVE-2025-23353,0.000220000,0.055720000,0.32399907428835917,2026-03-14,2026-03-14,CVE-2025-23353,7.8,2025-10-10T18:21:55.320
CVE-2025-23349,0.000220000,0.055720000,0.32399907428835917,2026-03-14,2026-03-14,CVE-2025-23349,7.8,2025-10-10T18:24:05.753
CVE-2025-23348,0.000220000,0.055720000,0.32399907428835917,2026-03-14,2026-03-14,CVE-2025-23348,7.8,2025-10-10T18:24:13.447
CVE-2025-23346,0.000220000,0.056700000,0.32399907428835917,2026-03-14,2026-03-14,CVE-2025-23346,3.3,2025-10-06T14:27:13.597
CVE-2025-23340,0.000260000,0.067920000,0.3705160842397593,2026-03-14,2026-03-14,CVE-2025-23340,3.3,2025-11-03T19:15:48.320
CVE-2025-23339,0.000170000,0.039890000,0.2561906965980097,2026-03-14,2026-03-14,CVE-2025-23339,7.8,2025-11-03T19:15:48.200
CVE-2025-23338,0.000270000,0.072020000,0.38764174959500114,2026-03-14,2026-03-14,CVE-2025-23338,5.5,2025-11-03T19:15:48.077
CVE-2025-23308,0.000150000,0.028190000,0.15528812774820644,2026-03-14,2026-03-14,CVE-2025-23308,7.8,2025-11-03T19:15:47.953
CVE-2025-23275,0.000140000,0.024920000,0.11409395973154363,2026-03-14,2026-03-14,CVE-2025-23275,7.1,2025-10-06T14:51:06.530
CVE-2025-23274,0.000160000,0.035760000,0.23698218005091415,2026-03-14,2026-03-14,CVE-2025-23274,4.5,2025-09-24T18:11:24.520
CVE-2025-23273,0.000140000,0.025810000,0.11409395973154363,2026-03-14,2026-03-14,CVE-2025-23273,4.7,2025-10-06T14:55:05.330
CVE-2025-23272,0.000160000,0.035290000,0.23698218005091415,2026-03-14,2026-03-14,CVE-2025-23272,5.7,2025-09-24T18:11:24.520
CVE-2025-23271,0.000260000,0.067920000,0.3705160842397593,2026-03-14,2026-03-14,CVE-2025-23271,3.3,2025-11-03T19:15:47.817
CVE-2025-23255,0.000220000,0.056700000,0.32399907428835917,2026-03-14,2026-03-14,CVE-2025-23255,3.3,2025-10-06T14:55:54.300
CVE-2025-23248,0.000220000,0.056700000,0.32399907428835917,2026-03-14,2026-03-14,CVE-2025-23248,3.3,2025-10-06T14:56:42.147
CVE-2025-21488,0.000470000,0.142100000,0.7042351307567692,2026-03-14,2026-03-14,CVE-2025-21488,8.2,2025-11-28T15:50:19.660
CVE-2025-21487,0.000470000,0.142100000,0.7042351307567692,2026-03-14,2026-03-14,CVE-2025-21487,8.2,2025-11-28T16:18:34.940
CVE-2025-21484,0.000470000,0.142100000,0.7042351307567692,2026-03-14,2026-03-14,CVE-2025-21484,8.2,2026-02-10T20:16:25.640
CVE-2025-21483,0.000480000,0.146810000,0.7095579726915066,2026-03-14,2026-03-14,CVE-2025-21483,9.8,2025-11-28T16:47:34.690
CVE-2025-21482,0.000120000,0.017910000,0.06017125665355242,2026-03-14,2026-03-14,CVE-2025-21482,7.1,2025-12-02T16:44:06.523
CVE-2025-21481,0.000120000,0.014300000,0.06017125665355242,2026-03-14,2026-03-14,CVE-2025-21481,7.8,2025-09-25T16:08:36.067
CVE-2025-21476,0.000160000,0.034950000,0.23698218005091415,2026-03-14,2026-03-14,CVE-2025-21476,7.8,2025-09-25T16:08:48.700
CVE-2025-20365,0.000210000,0.053880000,0.31798194862300394,2026-03-14,2026-03-14,CVE-2025-20365,4.3,2025-09-24T18:15:37.310
CVE-2025-20364,0.000090000,0.008890000,0.03031705623698218,2026-03-14,2026-03-14,CVE-2025-20364,4.3,2025-09-24T18:15:37.200
CVE-2025-20352,0.019860000,0.834190000,0.9872714649386716,2026-03-14,2026-03-14,CVE-2025-20352,7.7,2025-10-28T13:58:42.437
CVE-2025-20339,0.000290000,0.081560000,0.4619301087711178,2026-03-14,2026-03-14,CVE-2025-20339,5.8,2025-09-24T18:11:24.520
CVE-2025-20338,0.000120000,0.014480000,0.06017125665355242,2026-03-14,2026-03-14,CVE-2025-20338,6.7,2025-11-14T23:41:58.313
CVE-2025-20334,0.000640000,0.197370000,0.7817634806757695,2026-03-14,2026-03-14,CVE-2025-20334,8.8,2025-09-24T18:11:24.520
CVE-2025-20327,0.001680000,0.378070000,0.9134459615829669,2026-03-14,2026-03-14,CVE-2025-20327,7.7,2025-09-26T14:32:53.583
CVE-2025-20316,0.000290000,0.081560000,0.4619301087711178,2026-03-14,2026-03-14,CVE-2025-20316,5.3,2025-09-26T14:32:53.583
CVE-2025-20315,0.001370000,0.333190000,0.8981717195093728,2026-03-14,2026-03-14,CVE-2025-20315,8.6,2025-09-26T14:32:53.583
CVE-2025-20314,0.000850000,0.246040000,0.8356861837537607,2026-03-14,2026-03-14,CVE-2025-20314,6.7,2025-10-15T17:15:48.560
CVE-2025-20313,0.001050000,0.284600000,0.8671603795417727,2026-03-14,2026-03-14,CVE-2025-20313,6.7,2025-09-26T14:32:53.583
CVE-2025-20312,0.001010000,0.278390000,0.8581346910437399,2026-03-14,2026-03-14,CVE-2025-20312,7.7,2025-09-26T14:32:53.583
CVE-2025-20311,0.000310000,0.087790000,0.5299699143716732,2026-03-14,2026-03-14,CVE-2025-20311,7.4,2025-09-26T14:32:53.583
CVE-2025-20293,0.000260000,0.066750000,0.3705160842397593,2026-03-14,2026-03-14,CVE-2025-20293,5.3,2025-09-26T14:32:53.583
CVE-2025-20240,0.000360000,0.102910000,0.60310113399676,2026-03-14,2026-03-14,CVE-2025-20240,6.1,2025-09-26T18:15:35.700
CVE-2025-20160,0.000710000,0.216340000,0.8012034251330711,2026-03-14,2026-03-14,CVE-2025-20160,8.1,2025-09-26T14:32:53.583
CVE-2025-20149,0.000300000,0.082360000,0.515852811849109,2026-03-14,2026-03-14,CVE-2025-20149,6.5,2025-09-26T14:32:53.583
CVE-2025-10909,0.000080000,0.007260000,0.024299930571626938,2026-03-14,2026-03-14,CVE-2025-10909,2.4,2025-10-20T05:15:35.080
CVE-2025-10892,0.001120000,0.297040000,0.8773432075908355,2026-03-14,2026-03-14,CVE-2025-10892,8.8,2025-09-25T15:55:41.970
CVE-2025-10891,0.001120000,0.297040000,0.8773432075908355,2026-03-14,2026-03-14,CVE-2025-10891,8.8,2025-09-25T15:55:54.730
CVE-2025-10890,0.000530000,0.165130000,0.7345521869937515,2026-03-14,2026-03-14,CVE-2025-10890,9.1,2025-09-25T15:56:42.057
CVE-2025-10585,0.007000000,0.717380000,0.9719972228650775,2026-03-14,2026-03-14,CVE-2025-10585,9.8,2025-10-30T15:55:01.903
CVE-2025-10502,0.001030000,0.281410000,0.864846100439713,2026-03-14,2026-03-14,CVE-2025-10502,8.8,2025-09-25T15:56:56.943
CVE-2025-10501,0.001410000,0.339020000,0.9004859986114325,2026-03-14,2026-03-14,CVE-2025-10501,8.8,2025-09-25T15:57:08.893
CVE-2025-10500,0.001530000,0.357930000,0.9055774126359639,2026-03-14,2026-03-14,CVE-2025-10500,8.8,2025-09-25T15:57:18.723
CVE-2025-10360,0.000340000,0.095340000,0.571395510298542,2026-03-14,2026-03-14,CVE-2025-10360,,2025-09-24T18:11:24.520
CVE-2025-60249,0.000320000,0.088200000,0.5459384401758852,2026-03-14,2026-03-14,CVE-2025-60249,6.4,2025-09-26T14:32:19.853
CVE-2025-60019,0.000340000,0.096470000,0.571395510298542,2026-03-14,2026-03-14,CVE-2025-60019,3.7,2025-09-26T14:32:19.853
CVE-2025-60018,0.000400000,0.118110000,0.6570238370747512,2026-03-14,2026-03-14,CVE-2025-60018,4.8,2025-09-26T14:32:19.853
CVE-2025-59841,0.000630000,0.193260000,0.7801434853043278,2026-03-14,2026-03-14,CVE-2025-59841,9.8,2025-10-08T16:31:08.920
CVE-2025-59839,0.000340000,0.094650000,0.571395510298542,2026-03-14,2026-03-14,CVE-2025-59839,5.4,2025-10-14T20:02:18.213
CVE-2025-59838,0.000230000,0.057330000,0.3323304790557741,2026-03-14,2026-03-14,CVE-2025-59838,5.4,2025-10-28T16:15:38.673
CVE-2025-59834,0.011880000,0.786090000,0.9796343439018745,2026-03-14,2026-03-14,CVE-2025-59834,9.8,2025-10-14T20:05:46.243
CVE-2025-59833,0.000670000,0.206160000,0.7910205970840083,2026-03-14,2026-03-14,CVE-2025-59833,7.5,2025-10-08T16:34:35.253
CVE-2025-59832,0.000840000,0.244790000,0.8322147651006712,2026-03-14,2026-03-14,CVE-2025-59832,9.9,2025-09-29T14:03:20.917
CVE-2025-59831,0.000640000,0.198730000,0.7817634806757695,2026-03-14,2026-03-14,CVE-2025-59831,8.8,2025-10-16T15:45:42.370
CVE-2025-59830,0.000690000,0.210470000,0.7993520018514233,2026-03-14,2026-03-14,CVE-2025-59830,7.5,2025-10-10T16:43:14.337
CVE-2025-59828,0.000680000,0.207300000,0.7970377227493636,2026-03-14,2026-03-14,CVE-2025-59828,9.8,2025-11-26T17:01:17.137
CVE-2025-59827,0.000310000,0.085290000,0.5299699143716732,2026-03-14,2026-03-14,CVE-2025-59827,9.8,2025-10-08T16:35:24.860
CVE-2025-59823,0.000660000,0.203600000,0.7880120342513307,2026-03-14,2026-03-14,CVE-2025-59823,9.9,2025-09-26T14:32:53.583
CVE-2025-59814,0.000380000,0.111660000,0.634343901874566,2026-03-14,2026-03-14,CVE-2025-59814,8.8,2025-09-26T14:32:19.853
CVE-2025-59426,0.001180000,0.305650000,0.8838231890766026,2026-03-14,2026-03-14,CVE-2025-59426,4.3,2025-10-08T16:11:34.600
CVE-2025-59422,0.000290000,0.080240000,0.4619301087711178,2026-03-14,2026-03-14,CVE-2025-59422,3.1,2025-10-14T14:10:41.773
CVE-2025-57632,0.001680000,0.378450000,0.9134459615829669,2026-03-14,2026-03-14,CVE-2025-57632,7.5,2026-01-14T15:15:57.050
CVE-2025-57623,0.003660000,0.582300000,0.9525572784077759,2026-03-14,2026-03-14,CVE-2025-57623,5.3,2025-09-29T13:07:01.900
CVE-2025-57446,0.001870000,0.403560000,0.9199259430687341,2026-03-14,2026-03-14,CVE-2025-57446,7.5,2025-09-26T20:15:37.677
CVE-2025-57324,0.001580000,0.365160000,0.9076602638278176,2026-03-14,2026-03-14,CVE-2025-57324,6.5,2025-10-16T15:48:57.257
CVE-2025-57320,0.001260000,0.317380000,0.8914603101133997,2026-03-14,2026-03-14,CVE-2025-57320,6.5,2025-10-16T15:48:45.107
CVE-2025-57319,0.000940000,0.263150000,0.8516547095579727,2026-03-14,2026-03-14,CVE-2025-57319,7.5,2025-09-26T17:15:36.477
CVE-2025-57318,0.001350000,0.331220000,0.8947003008562833,2026-03-14,2026-03-14,CVE-2025-57318,7.5,2025-10-16T15:48:31.657
CVE-2025-57317,0.001080000,0.290710000,0.8692432307336265,2026-03-14,2026-03-14,CVE-2025-57317,7.5,2025-10-16T15:49:06.760
CVE-2025-55560,0.001180000,0.305560000,0.8838231890766026,2026-03-14,2026-03-14,CVE-2025-55560,7.5,2025-10-14T19:59:06.197
CVE-2025-55559,0.000610000,0.188330000,0.7755149271002083,2026-03-14,2026-03-14,CVE-2025-55559,7.5,2025-10-03T18:05:01.767
CVE-2025-55558,0.000870000,0.248600000,0.8396204582272622,2026-03-14,2026-03-14,CVE-2025-55558,7.5,2025-10-03T18:06:47.473
CVE-2025-55557,0.000500000,0.155210000,0.7192779449201574,2026-03-14,2026-03-14,CVE-2025-55557,7.5,2025-10-03T18:07:23.250
CVE-2025-55556,0.000290000,0.079630000,0.4619301087711178,2026-03-14,2026-03-14,CVE-2025-55556,6.5,2025-10-03T18:08:04.730
CVE-2025-55554,0.000560000,0.172610000,0.7495950011571395,2026-03-14,2026-03-14,CVE-2025-55554,5.3,2025-10-03T18:08:42.013
CVE-2025-55553,0.000500000,0.155210000,0.7192779449201574,2026-03-14,2026-03-14,CVE-2025-55553,7.5,2025-10-03T18:10:04.140
CVE-2025-55552,0.000810000,0.236960000,0.8275862068965517,2026-03-14,2026-03-14,CVE-2025-55552,7.5,2025-10-03T18:10:41.903
CVE-2025-55551,0.001000000,0.276950000,0.857440407313122,2026-03-14,2026-03-14,CVE-2025-55551,7.5,2025-10-03T17:56:10.580
CVE-2025-5494,0.000100000,0.009930000,0.03633418190233742,2026-03-14,2026-03-14,CVE-2025-5494,7.8,2025-10-22T19:42:49.503
CVE-2025-54520,0.000260000,0.068760000,0.3705160842397593,2026-03-14,2026-03-14,CVE-2025-54520,,2025-09-26T14:32:53.583
CVE-2025-48707,0.000340000,0.094800000,0.571395510298542,2026-03-14,2026-03-14,CVE-2025-48707,7.5,2025-10-14T19:43:56.150
CVE-2025-46153,0.000700000,0.211900000,0.8005091414024531,2026-03-14,2026-03-14,CVE-2025-46153,5.3,2025-10-03T17:56:58.610
CVE-2025-46152,0.000650000,0.201700000,0.7840777597778292,2026-03-14,2026-03-14,CVE-2025-46152,5.3,2025-10-03T17:57:35.997
CVE-2025-46150,0.000530000,0.165740000,0.7345521869937515,2026-03-14,2026-03-14,CVE-2025-46150,5.3,2025-10-03T17:58:05.150
CVE-2025-46149,0.000190000,0.046930000,0.29946771580652626,2026-03-14,2026-03-14,CVE-2025-46149,5.3,2025-10-03T17:58:39.477
CVE-2025-46148,0.000530000,0.165740000,0.7345521869937515,2026-03-14,2026-03-14,CVE-2025-46148,5.3,2025-10-03T17:59:26.460
CVE-2025-43993,0.000160000,0.035520000,0.23698218005091415,2026-03-14,2026-03-14,CVE-2025-43993,7.8,2026-01-16T17:05:29.587
CVE-2025-43943,0.000140000,0.022260000,0.11409395973154363,2026-03-14,2026-03-14,CVE-2025-43943,6.7,2026-01-16T17:05:06.013
CVE-2025-43816,0.001150000,0.300360000,0.8826660495255728,2026-03-14,2026-03-14,CVE-2025-43816,7.5,2025-12-15T18:20:34.090
CVE-2025-40838,0.000410000,0.123320000,0.6646609581115482,2026-03-14,2026-03-14,CVE-2025-40838,7.5,2025-10-02T17:58:17.850
CVE-2025-40837,0.000590000,0.182600000,0.7644063874103216,2026-03-14,2026-03-14,CVE-2025-40837,8.8,2025-10-02T17:59:04.630
CVE-2025-40836,0.001480000,0.351340000,0.9034945614441101,2026-03-14,2026-03-14,CVE-2025-40836,9.8,2025-10-02T17:59:39.937
CVE-2025-40698,0.000350000,0.099170000,0.5912983105762555,2026-03-14,2026-03-14,CVE-2025-40698,,2025-09-26T14:32:53.583
CVE-2025-36857,0.000150000,0.030800000,0.15528812774820644,2026-03-14,2026-03-14,CVE-2025-36857,3.3,2025-12-11T18:20:20.510
CVE-2025-36601,0.000360000,0.102580000,0.60310113399676,2026-03-14,2026-03-14,CVE-2025-36601,7.5,2026-02-20T18:38:47.087
CVE-2025-34227,0.021640000,0.840920000,0.9879657486692895,2026-03-14,2026-03-14,CVE-2025-34227,8.8,2025-10-14T19:53:44.770
CVE-2025-33116,0.000190000,0.048010000,0.29946771580652626,2026-03-14,2026-03-14,CVE-2025-33116,5.4,2025-12-22T13:55:37.600
CVE-2025-29157,0.001280000,0.321100000,0.8919231659338116,2026-03-14,2026-03-14,CVE-2025-29157,6.5,2025-10-14T19:42:02.270
CVE-2025-29156,0.000560000,0.174580000,0.7495950011571395,2026-03-14,2026-03-14,CVE-2025-29156,6.1,2025-10-14T19:42:45.427
CVE-2025-29155,0.000940000,0.261400000,0.8516547095579727,2026-03-14,2026-03-14,CVE-2025-29155,6.5,2025-10-03T18:36:50.123
CVE-2025-27262,0.000320000,0.088490000,0.5459384401758852,2026-03-14,2026-03-14,CVE-2025-27262,7.8,2025-10-02T18:01:12.827
CVE-2025-27261,0.000330000,0.094200000,0.5660726683638047,2026-03-14,2026-03-14,CVE-2025-27261,9.8,2025-10-02T17:57:29.247
CVE-2025-26333,0.000430000,0.128680000,0.6794723443647304,2026-03-14,2026-03-14,CVE-2025-26333,7.5,2026-01-16T17:07:01.633
CVE-2025-26278,0.001350000,0.331220000,0.8947003008562833,2026-03-14,2026-03-14,CVE-2025-26278,7.5,2025-09-26T14:32:53.583
CVE-2025-21056,0.000400000,0.118360000,0.6570238370747512,2026-03-14,2026-03-14,CVE-2025-21056,6.6,2025-09-26T14:32:53.583
CVE-2025-20363,0.023620000,0.847330000,0.9886600323999074,2026-03-14,2026-03-14,CVE-2025-20363,9.0,2026-02-10T17:12:01.947
CVE-2025-20362,0.371330000,0.971040000,0.9974542929877344,2026-03-14,2026-03-14,CVE-2025-20362,8.6,2025-11-06T14:51:19.950
CVE-2025-20333,0.187620000,0.951920000,0.9969914371673224,2026-03-14,2026-03-14,CVE-2025-20333,9.9,2025-10-28T13:58:58.610
CVE-2025-10967,0.000260000,0.069320000,0.3705160842397593,2026-03-14,2026-03-14,CVE-2025-10967,7.3,2025-09-26T18:15:33.760
CVE-2025-10965,0.000750000,0.224480000,0.8143948160148113,2026-03-14,2026-03-14,CVE-2025-10965,6.3,2025-09-26T18:15:33.630
CVE-2025-10964,0.002040000,0.423680000,0.9245545012728535,2026-03-14,2026-03-14,CVE-2025-10964,8.8,2025-10-07T20:50:51.430
CVE-2025-10963,0.002040000,0.423680000,0.9245545012728535,2026-03-14,2026-03-14,CVE-2025-10963,8.8,2025-10-07T20:51:10.763
CVE-2025-10962,0.002040000,0.423680000,0.9245545012728535,2026-03-14,2026-03-14,CVE-2025-10962,8.8,2025-10-07T20:51:17.100
CVE-2025-10961,0.003270000,0.552880000,0.9476972922934506,2026-03-14,2026-03-14,CVE-2025-10961,8.0,2025-10-07T20:51:25.537
CVE-2025-10960,0.002040000,0.423680000,0.9245545012728535,2026-03-14,2026-03-14,CVE-2025-10960,8.8,2025-10-07T20:51:36.480
CVE-2025-10959,0.002040000,0.423680000,0.9245545012728535,2026-03-14,2026-03-14,CVE-2025-10959,8.8,2025-10-07T20:51:44.703
CVE-2025-10958,0.002040000,0.423680000,0.9245545012728535,2026-03-14,2026-03-14,CVE-2025-10958,8.8,2025-10-07T20:51:47.853
CVE-2025-10957,0.002300000,0.455170000,0.9287202036565609,2026-03-14,2026-03-14,CVE-2025-10957,,2025-09-26T14:32:53.583
CVE-2025-10953,0.006540000,0.706250000,0.9715343670446656,2026-03-14,2026-03-14,CVE-2025-10953,8.8,2026-02-10T14:15:15.790
CVE-2025-10952,0.000350000,0.100720000,0.5912983105762555,2026-03-14,2026-03-14,CVE-2025-10952,5.3,2025-09-26T14:32:53.583
CVE-2025-10951,0.000590000,0.183630000,0.7644063874103216,2026-03-14,2026-03-14,CVE-2025-10951,7.3,2025-09-26T18:15:32.520
CVE-2025-10950,0.000860000,0.247450000,0.8382318907660263,2026-03-14,2026-03-14,CVE-2025-10950,6.3,2025-09-26T14:32:53.583
CVE-2025-10949,0.000250000,0.065000000,0.3596389724600787,2026-03-14,2026-03-14,CVE-2025-10949,2.4,2025-09-26T14:32:53.583
CVE-2025-10948,0.002380000,0.466250000,0.9305716269382087,2026-03-14,2026-03-14,CVE-2025-10948,8.8,2025-10-13T17:15:34.033
CVE-2025-10947,0.000360000,0.105070000,0.60310113399676,2026-03-14,2026-03-14,CVE-2025-10947,5.3,2025-09-26T14:32:53.583
CVE-2025-10946,0.000260000,0.066800000,0.3705160842397593,2026-03-14,2026-03-14,CVE-2025-10946,3.5,2025-09-26T14:32:53.583
CVE-2025-10945,0.000260000,0.066800000,0.3705160842397593,2026-03-14,2026-03-14,CVE-2025-10945,3.5,2025-09-26T14:32:53.583
CVE-2025-10944,0.000260000,0.066800000,0.3705160842397593,2026-03-14,2026-03-14,CVE-2025-10944,3.5,2025-09-26T14:32:53.583
CVE-2025-10943,0.000260000,0.066800000,0.3705160842397593,2026-03-14,2026-03-14,CVE-2025-10943,3.5,2025-09-26T14:32:53.583
CVE-2025-10942,0.004500000,0.633500000,0.9622772506364268,2026-03-14,2026-03-14,CVE-2025-10942,8.8,2025-11-14T11:15:41.110
CVE-2025-10941,0.000160000,0.035460000,0.23698218005091415,2026-03-14,2026-03-14,CVE-2025-10941,7.8,2025-09-30T11:37:38.577
CVE-2025-10940,0.000190000,0.046810000,0.29946771580652626,2026-03-14,2026-03-14,CVE-2025-10940,4.8,2026-01-16T17:04:27.720
CVE-2025-10911,0.000160000,0.032320000,0.23698218005091415,2026-03-14,2026-03-14,CVE-2025-10911,5.5,2025-09-26T14:32:53.583
CVE-2025-10894,0.000780000,0.230970000,0.8213376533209905,2026-03-14,2026-03-14,CVE-2025-10894,9.6,2025-09-26T14:32:53.583
CVE-2025-10880,0.000540000,0.168040000,0.738717889377459,2026-03-14,2026-03-14,CVE-2025-10880,7.5,2025-09-29T14:44:22.307
CVE-2025-10879,0.000450000,0.134910000,0.6917380236056468,2026-03-14,2026-03-14,CVE-2025-10879,5.3,2025-09-29T14:43:01.933
CVE-2025-10542,0.001660000,0.375400000,0.9115945383013191,2026-03-14,2026-03-14,CVE-2025-10542,9.8,2025-11-03T19:15:46.223
CVE-2025-10541,0.000160000,0.032620000,0.23698218005091415,2026-03-14,2026-03-14,CVE-2025-10541,7.8,2025-11-03T19:15:46.090
CVE-2025-10540,0.000150000,0.027240000,0.15528812774820644,2026-03-14,2026-03-14,CVE-2025-10540,6.5,2025-11-03T19:15:45.937
CVE-2025-10467,0.000350000,0.099070000,0.5912983105762555,2026-03-14,2026-03-14,CVE-2025-10467,8.9,2025-09-26T14:32:53.583
CVE-2025-10449,0.000500000,0.152630000,0.7192779449201574,2026-03-14,2026-03-14,CVE-2025-10449,8.6,2025-09-26T14:32:53.583
CVE-2025-10438,0.000500000,0.152630000,0.7192779449201574,2026-03-14,2026-03-14,CVE-2025-10438,8.6,2025-09-26T14:32:53.583
CVE-2024-48014,0.001090000,0.290750000,0.8710946540152742,2026-03-14,2026-03-14,CVE-2024-48014,7.5,2026-01-16T17:08:33.163
CVE-2020-36851,0.007690000,0.732660000,0.9733857903263133,2026-03-14,2026-03-14,CVE-2020-36851,,2025-09-26T14:32:53.583
CVE-2025-9985,0.019580000,0.833080000,0.9868086091182596,2026-03-14,2026-03-14,CVE-2025-9985,5.3,2025-09-26T14:32:19.853
CVE-2025-9984,0.000650000,0.199820000,0.7840777597778292,2026-03-14,2026-03-14,CVE-2025-9984,5.3,2025-09-26T14:32:19.853
CVE-2025-9490,0.000370000,0.106570000,0.6213839389030317,2026-03-14,2026-03-14,CVE-2025-9490,6.4,2025-09-26T14:32:19.853
CVE-2025-9044,0.000390000,0.115530000,0.6503124276787781,2026-03-14,2026-03-14,CVE-2025-9044,6.4,2025-09-26T14:32:19.853
CVE-2025-8906,0.000320000,0.088200000,0.5459384401758852,2026-03-14,2026-03-14,CVE-2025-8906,6.4,2025-09-26T14:32:19.853
CVE-2025-8200,0.000310000,0.087430000,0.5299699143716732,2026-03-14,2026-03-14,CVE-2025-8200,6.4,2025-09-26T14:32:19.853
CVE-2025-60251,0.000170000,0.040210000,0.2561906965980097,2026-03-14,2026-03-14,CVE-2025-60251,5.0,2025-09-26T14:32:19.853
CVE-2025-60250,0.000200000,0.049200000,0.31080768340661885,2026-03-14,2026-03-14,CVE-2025-60250,4.7,2025-09-26T14:32:19.853
CVE-2025-60119,0.000370000,0.108140000,0.6213839389030317,2026-03-14,2026-03-14,CVE-2025-60119,5.3,2025-09-26T14:32:19.853
CVE-2025-60118,0.000340000,0.097710000,0.571395510298542,2026-03-14,2026-03-14,CVE-2025-60118,8.5,2025-09-26T14:32:19.853
CVE-2025-60117,0.000150000,0.027070000,0.15528812774820644,2026-03-14,2026-03-14,CVE-2025-60117,4.3,2025-09-26T14:32:19.853
CVE-2025-60116,0.000560000,0.173070000,0.7495950011571395,2026-03-14,2026-03-14,CVE-2025-60116,8.8,2026-01-27T19:55:42.440
CVE-2025-60115,0.000150000,0.027070000,0.15528812774820644,2026-03-14,2026-03-14,CVE-2025-60115,4.3,2025-09-26T14:32:19.853
CVE-2025-60114,0.000440000,0.133050000,0.6854894700300856,2026-03-14,2026-03-14,CVE-2025-60114,6.6,2025-09-26T14:32:19.853
CVE-2025-60113,0.000150000,0.027070000,0.15528812774820644,2026-03-14,2026-03-14,CVE-2025-60113,4.3,2025-09-26T14:32:19.853
CVE-2025-60112,0.000290000,0.079130000,0.4619301087711178,2026-03-14,2026-03-14,CVE-2025-60112,6.5,2025-09-26T14:32:19.853
CVE-2025-60111,0.000220000,0.055370000,0.32399907428835917,2026-03-14,2026-03-14,CVE-2025-60111,8.8,2025-09-26T14:32:19.853
CVE-2025-60110,0.000340000,0.097710000,0.571395510298542,2026-03-14,2026-03-14,CVE-2025-60110,8.5,2025-09-26T14:32:19.853
CVE-2025-60109,0.000340000,0.097710000,0.571395510298542,2026-03-14,2026-03-14,CVE-2025-60109,8.5,2025-09-26T14:32:19.853
CVE-2025-60108,0.000340000,0.097710000,0.571395510298542,2026-03-14,2026-03-14,CVE-2025-60108,8.5,2025-09-26T14:32:19.853
CVE-2025-60107,0.000340000,0.097710000,0.571395510298542,2026-03-14,2026-03-14,CVE-2025-60107,8.5,2025-09-26T14:32:19.853
CVE-2025-60106,0.000480000,0.147450000,0.7095579726915066,2026-03-14,2026-03-14,CVE-2025-60106,4.9,2025-09-26T14:32:19.853
CVE-2025-60105,0.000290000,0.079130000,0.4619301087711178,2026-03-14,2026-03-14,CVE-2025-60105,6.5,2025-09-26T14:32:19.853
CVE-2025-60104,0.000270000,0.070820000,0.38764174959500114,2026-03-14,2026-03-14,CVE-2025-60104,5.9,2025-09-26T14:32:19.853
CVE-2025-60103,0.000510000,0.156210000,0.7248322147651006,2026-03-14,2026-03-14,CVE-2025-60103,5.4,2025-09-26T14:32:19.853
CVE-2025-60102,0.000290000,0.079130000,0.4619301087711178,2026-03-14,2026-03-14,CVE-2025-60102,6.5,2025-09-26T14:32:19.853
CVE-2025-60101,0.000270000,0.070820000,0.38764174959500114,2026-03-14,2026-03-14,CVE-2025-60101,5.9,2025-09-26T14:32:19.853
CVE-2025-60100,0.000430000,0.128210000,0.6794723443647304,2026-03-14,2026-03-14,CVE-2025-60100,5.3,2025-09-26T14:32:19.853
CVE-2025-60099,0.000290000,0.079130000,0.4619301087711178,2026-03-14,2026-03-14,CVE-2025-60099,6.5,2025-09-26T14:32:19.853
CVE-2025-60098,0.000540000,0.167450000,0.738717889377459,2026-03-14,2026-03-14,CVE-2025-60098,6.5,2025-09-26T14:32:19.853
CVE-2025-60097,0.000510000,0.156210000,0.7248322147651006,2026-03-14,2026-03-14,CVE-2025-60097,5.4,2025-09-26T14:32:19.853
CVE-2025-60096,0.000510000,0.156210000,0.7248322147651006,2026-03-14,2026-03-14,CVE-2025-60096,5.4,2025-09-26T14:32:19.853
CVE-2025-60095,0.000370000,0.107300000,0.6213839389030317,2026-03-14,2026-03-14,CVE-2025-60095,4.3,2025-09-26T14:32:19.853
CVE-2025-60094,0.000360000,0.102210000,0.60310113399676,2026-03-14,2026-03-14,CVE-2025-60094,4.3,2025-09-26T14:32:19.853
CVE-2025-60093,0.000150000,0.027070000,0.15528812774820644,2026-03-14,2026-03-14,CVE-2025-60093,4.3,2025-09-26T14:32:19.853
CVE-2025-60092,0.000370000,0.108140000,0.6213839389030317,2026-03-14,2026-03-14,CVE-2025-60092,5.3,2025-09-26T14:32:19.853
CVE-2025-60040,0.000290000,0.079130000,0.4619301087711178,2026-03-14,2026-03-14,CVE-2025-60040,6.5,2025-09-26T14:32:19.853
CVE-2025-60017,0.000550000,0.172250000,0.7428835917611664,2026-03-14,2026-03-14,CVE-2025-60017,8.2,2025-09-26T14:32:19.853
CVE-2025-59817,0.000300000,0.083820000,0.515852811849109,2026-03-14,2026-03-14,CVE-2025-59817,8.4,2025-09-26T14:32:19.853
CVE-2025-59816,0.000260000,0.067640000,0.3705160842397593,2026-03-14,2026-03-14,CVE-2025-59816,7.3,2025-09-26T14:32:19.853
CVE-2025-59815,0.000300000,0.083820000,0.515852811849109,2026-03-14,2026-03-14,CVE-2025-59815,8.4,2025-09-26T14:32:19.853
CVE-2025-59408,0.000470000,0.142610000,0.7042351307567692,2026-03-14,2026-03-14,CVE-2025-59408,7.3,2025-10-23T18:13:51.323
CVE-2025-59404,0.000600000,0.185950000,0.7711177968062949,2026-03-14,2026-03-14,CVE-2025-59404,7.5,2025-10-23T18:27:35.910
CVE-2025-59402,0.000260000,0.068650000,0.3705160842397593,2026-03-14,2026-03-14,CVE-2025-59402,5.4,2025-10-23T18:07:25.300
CVE-2025-59012,0.000290000,0.079960000,0.4619301087711178,2026-03-14,2026-03-14,CVE-2025-59012,7.1,2025-09-26T14:32:19.853
CVE-2025-59011,0.000590000,0.181550000,0.7644063874103216,2026-03-14,2026-03-14,CVE-2025-59011,7.5,2025-09-26T14:32:19.853
CVE-2025-59010,0.000420000,0.124830000,0.6739180745197871,2026-03-14,2026-03-14,CVE-2025-59010,7.5,2025-09-26T14:32:19.853
CVE-2025-59002,0.000580000,0.178520000,0.7607035408470262,2026-03-14,2026-03-14,CVE-2025-59002,7.7,2025-09-26T14:32:19.853
CVE-2025-58919,0.000380000,0.110960000,0.634343901874566,2026-03-14,2026-03-14,CVE-2025-58919,5.3,2025-09-26T14:32:19.853
CVE-2025-58917,0.000290000,0.079130000,0.4619301087711178,2026-03-14,2026-03-14,CVE-2025-58917,6.5,2025-09-26T14:32:19.853
CVE-2025-58914,0.000150000,0.027070000,0.15528812774820644,2026-03-14,2026-03-14,CVE-2025-58914,4.3,2025-09-26T14:32:19.853
CVE-2025-56769,0.001190000,0.307060000,0.8847489007174265,2026-03-14,2026-03-14,CVE-2025-56769,6.5,2025-10-03T18:37:41.687
CVE-2025-54831,0.000540000,0.168570000,0.738717889377459,2026-03-14,2026-03-14,CVE-2025-54831,6.5,2025-11-04T22:16:29.567
CVE-2025-4957,0.000290000,0.079960000,0.4619301087711178,2026-03-14,2026-03-14,CVE-2025-4957,7.1,2025-09-26T14:32:19.853
CVE-2025-48326,0.000360000,0.102210000,0.60310113399676,2026-03-14,2026-03-14,CVE-2025-48326,6.5,2025-09-26T14:32:19.853
CVE-2025-48107,0.000290000,0.079960000,0.4619301087711178,2026-03-14,2026-03-14,CVE-2025-48107,7.1,2025-09-26T14:32:19.853
CVE-2025-35027,0.001820000,0.397160000,0.9171488081462624,2026-03-14,2026-03-14,CVE-2025-35027,7.3,2026-01-12T16:54:07.000
CVE-2025-27006,0.000290000,0.079130000,0.4619301087711178,2026-03-14,2026-03-14,CVE-2025-27006,6.5,2025-09-26T14:32:19.853
CVE-2025-26482,0.000400000,0.120090000,0.6570238370747512,2026-03-14,2026-03-14,CVE-2025-26482,4.9,2026-01-16T17:04:00.983
CVE-2025-1862,0.002470000,0.477570000,0.9331173339504745,2026-03-14,2026-03-14,CVE-2025-1862,7.2,2025-10-06T13:43:41.447
CVE-2025-1396,0.000300000,0.081620000,0.515852811849109,2026-03-14,2026-03-14,CVE-2025-1396,5.3,2025-10-06T13:44:11.523
CVE-2025-11021,0.000720000,0.218530000,0.8049062716963665,2026-03-14,2026-03-14,CVE-2025-11021,7.5,2025-11-25T06:15:44.720
CVE-2025-11005,0.011930000,0.786520000,0.9798657718120806,2026-03-14,2026-03-14,CVE-2025-11005,9.8,2025-10-16T15:45:04.160
CVE-2025-11000,0.000230000,0.058350000,0.3323304790557741,2026-03-14,2026-03-14,CVE-2025-11000,5.5,2025-09-29T13:09:23.500
CVE-2025-10999,0.000300000,0.083330000,0.515852811849109,2026-03-14,2026-03-14,CVE-2025-10999,5.5,2025-09-29T13:08:57.867
CVE-2025-10998,0.000300000,0.083330000,0.515852811849109,2026-03-14,2026-03-14,CVE-2025-10998,5.5,2025-09-29T13:08:41.893
CVE-2025-10997,0.000290000,0.081310000,0.4619301087711178,2026-03-14,2026-03-14,CVE-2025-10997,7.8,2025-09-29T13:08:33.063
CVE-2025-10996,0.000290000,0.081310000,0.4619301087711178,2026-03-14,2026-03-14,CVE-2025-10996,7.8,2025-09-29T13:08:16.400
CVE-2025-10995,0.000350000,0.098470000,0.5912983105762555,2026-03-14,2026-03-14,CVE-2025-10995,7.8,2025-09-29T13:07:54.020
CVE-2025-10994,0.000290000,0.081310000,0.4619301087711178,2026-03-14,2026-03-14,CVE-2025-10994,7.8,2025-09-29T13:07:41.623
CVE-2025-10993,0.000390000,0.116900000,0.6503124276787781,2026-03-14,2026-03-14,CVE-2025-10993,7.2,2025-10-03T20:21:39.660
CVE-2025-10992,0.000320000,0.091240000,0.5459384401758852,2026-03-14,2026-03-14,CVE-2025-10992,5.3,2025-09-26T14:32:19.853
CVE-2025-10989,0.000470000,0.145410000,0.7042351307567692,2026-03-14,2026-03-14,CVE-2025-10989,8.8,2025-10-03T20:23:41.120
CVE-2025-10988,0.000450000,0.137750000,0.6917380236056468,2026-03-14,2026-03-14,CVE-2025-10988,8.8,2025-11-14T23:43:55.840
CVE-2025-10987,0.000450000,0.137750000,0.6917380236056468,2026-03-14,2026-03-14,CVE-2025-10987,8.8,2025-11-14T23:42:48.103
CVE-2025-10981,0.000320000,0.088490000,0.5459384401758852,2026-03-14,2026-03-14,CVE-2025-10981,6.5,2025-12-31T00:59:45.517
CVE-2025-10980,0.000320000,0.088490000,0.5459384401758852,2026-03-14,2026-03-14,CVE-2025-10980,6.5,2025-12-31T00:59:32.337
CVE-2025-10979,0.000320000,0.088490000,0.5459384401758852,2026-03-14,2026-03-14,CVE-2025-10979,6.5,2025-12-31T01:54:28.730
CVE-2025-10978,0.000320000,0.088490000,0.5459384401758852,2026-03-14,2026-03-14,CVE-2025-10978,6.5,2026-01-09T02:30:00.693
CVE-2025-10977,0.000320000,0.088490000,0.5459384401758852,2026-03-14,2026-03-14,CVE-2025-10977,5.3,2026-01-09T02:29:40.553
CVE-2025-10976,0.000320000,0.088490000,0.5459384401758852,2026-03-14,2026-03-14,CVE-2025-10976,5.3,2026-01-09T02:29:29.620
CVE-2025-10975,0.000840000,0.244470000,0.8322147651006712,2026-03-14,2026-03-14,CVE-2025-10975,6.3,2025-09-26T18:15:34.160
CVE-2025-10974,0.000840000,0.244470000,0.8322147651006712,2026-03-14,2026-03-14,CVE-2025-10974,6.3,2025-09-26T18:15:34.030
CVE-2025-10973,0.000260000,0.069320000,0.3705160842397593,2026-03-14,2026-03-14,CVE-2025-10973,7.3,2025-09-26T18:15:33.897
CVE-2025-10871,0.000170000,0.038380000,0.2561906965980097,2026-03-14,2026-03-14,CVE-2025-10871,7.2,2025-09-29T13:09:51.657
CVE-2025-10867,0.000260000,0.068330000,0.3705160842397593,2026-03-14,2026-03-14,CVE-2025-10867,6.5,2025-09-29T13:09:42.110
CVE-2025-10858,0.000850000,0.246220000,0.8356861837537607,2026-03-14,2026-03-14,CVE-2025-10858,7.5,2025-09-29T13:09:35.627
CVE-2025-10752,0.000150000,0.029740000,0.15528812774820644,2026-03-14,2026-03-14,CVE-2025-10752,4.3,2025-09-26T14:32:19.853
CVE-2025-10747,0.002580000,0.489080000,0.9345059014117103,2026-03-14,2026-03-14,CVE-2025-10747,7.2,2025-09-26T14:32:19.853
CVE-2025-10745,0.001860000,0.402350000,0.9192316593381161,2026-03-14,2026-03-14,CVE-2025-10745,5.3,2025-09-26T14:32:19.853
CVE-2025-10490,0.000200000,0.051790000,0.31080768340661885,2026-03-14,2026-03-14,CVE-2025-10490,4.4,2025-09-26T14:32:19.853
CVE-2025-10377,0.000120000,0.016600000,0.06017125665355242,2026-03-14,2026-03-14,CVE-2025-10377,4.3,2025-09-26T14:32:19.853
CVE-2025-10307,0.018700000,0.829040000,0.9863457532978477,2026-03-14,2026-03-14,CVE-2025-10307,6.5,2025-09-26T14:32:19.853
CVE-2025-10180,0.000120000,0.016020000,0.06017125665355242,2026-03-14,2026-03-14,CVE-2025-10180,6.4,2026-01-22T19:15:52.180
CVE-2025-10178,0.000410000,0.122310000,0.6646609581115482,2026-03-14,2026-03-14,CVE-2025-10178,6.4,2025-09-26T14:32:19.853
CVE-2025-10173,0.000390000,0.115830000,0.6503124276787781,2026-03-14,2026-03-14,CVE-2025-10173,2.7,2025-09-26T14:32:19.853
CVE-2025-10137,0.000830000,0.242580000,0.8310576255496412,2026-03-14,2026-03-14,CVE-2025-10137,5.4,2025-09-26T14:32:19.853
CVE-2025-10136,0.000320000,0.088200000,0.5459384401758852,2026-03-14,2026-03-14,CVE-2025-10136,6.4,2025-09-26T14:32:19.853
CVE-2025-10037,0.000250000,0.063770000,0.3596389724600787,2026-03-14,2026-03-14,CVE-2025-10037,4.9,2025-09-26T14:32:19.853
CVE-2025-10036,0.000250000,0.063770000,0.3596389724600787,2026-03-14,2026-03-14,CVE-2025-10036,4.9,2025-09-26T14:32:19.853
CVE-2025-9958,0.000070000,0.004560000,0.017588521175653783,2026-03-14,2026-03-14,CVE-2025-9958,7.7,2025-11-06T18:15:45.953
CVE-2025-9642,0.000320000,0.090060000,0.5459384401758852,2026-03-14,2026-03-14,CVE-2025-9642,9.6,2025-09-29T13:10:11.653
CVE-2025-9267,0.000230000,0.058910000,0.3323304790557741,2026-03-14,2026-03-14,CVE-2025-9267,,2025-09-29T15:16:09.477
CVE-2025-7691,0.000080000,0.006600000,0.024299930571626938,2026-03-14,2026-03-14,CVE-2025-7691,8.8,2025-09-29T13:10:00.373
CVE-2025-6396,0.000240000,0.061350000,0.3401990280027771,2026-03-14,2026-03-14,CVE-2025-6396,6.1,2025-09-29T19:34:10.030
CVE-2025-60219,0.000610000,0.189440000,0.7755149271002083,2026-03-14,2026-03-14,CVE-2025-60219,10.0,2025-09-26T14:32:19.853
CVE-2025-60186,0.000270000,0.070820000,0.38764174959500114,2026-03-14,2026-03-14,CVE-2025-60186,5.9,2025-09-26T14:32:19.853
CVE-2025-60185,0.000270000,0.070820000,0.38764174959500114,2026-03-14,2026-03-14,CVE-2025-60185,5.9,2025-09-26T14:32:19.853
CVE-2025-60184,0.000270000,0.070820000,0.38764174959500114,2026-03-14,2026-03-14,CVE-2025-60184,5.9,2025-09-26T14:32:19.853
CVE-2025-60181,0.000270000,0.072330000,0.38764174959500114,2026-03-14,2026-03-14,CVE-2025-60181,5.4,2025-09-26T14:32:19.853
CVE-2025-60179,0.000270000,0.070820000,0.38764174959500114,2026-03-14,2026-03-14,CVE-2025-60179,5.9,2025-09-26T14:32:19.853
CVE-2025-60177,0.000270000,0.070820000,0.38764174959500114,2026-03-14,2026-03-14,CVE-2025-60177,5.9,2025-09-26T14:32:19.853
CVE-2025-60173,0.000150000,0.031030000,0.15528812774820644,2026-03-14,2026-03-14,CVE-2025-60173,7.1,2025-09-26T14:32:19.853
CVE-2025-60172,0.000150000,0.031030000,0.15528812774820644,2026-03-14,2026-03-14,CVE-2025-60172,7.1,2025-09-26T14:32:19.853
CVE-2025-60171,0.000150000,0.031030000,0.15528812774820644,2026-03-14,2026-03-14,CVE-2025-60171,7.1,2025-09-26T14:32:19.853
CVE-2025-60170,0.000150000,0.031030000,0.15528812774820644,2026-03-14,2026-03-14,CVE-2025-60170,7.1,2025-09-26T14:32:19.853
CVE-2025-60169,0.000150000,0.031030000,0.15528812774820644,2026-03-14,2026-03-14,CVE-2025-60169,7.1,2025-09-26T14:32:19.853
CVE-2025-60167,0.000370000,0.107300000,0.6213839389030317,2026-03-14,2026-03-14,CVE-2025-60167,4.3,2025-09-26T14:32:19.853
CVE-2025-60166,0.000360000,0.102210000,0.60310113399676,2026-03-14,2026-03-14,CVE-2025-60166,4.3,2025-09-26T14:32:19.853
CVE-2025-60165,0.000360000,0.102210000,0.60310113399676,2026-03-14,2026-03-14,CVE-2025-60165,4.3,2025-09-26T14:32:19.853
CVE-2025-60164,0.000150000,0.031030000,0.15528812774820644,2026-03-14,2026-03-14,CVE-2025-60164,7.1,2025-09-26T14:32:19.853
CVE-2025-60163,0.000290000,0.079130000,0.4619301087711178,2026-03-14,2026-03-14,CVE-2025-60163,6.5,2025-09-26T14:32:19.853
CVE-2025-60162,0.000290000,0.079130000,0.4619301087711178,2026-03-14,2026-03-14,CVE-2025-60162,6.5,2025-09-26T14:32:19.853
CVE-2025-60161,0.000270000,0.072330000,0.38764174959500114,2026-03-14,2026-03-14,CVE-2025-60161,5.4,2025-10-09T15:16:07.623
CVE-2025-60160,0.000270000,0.070820000,0.38764174959500114,2026-03-14,2026-03-14,CVE-2025-60160,5.9,2025-09-26T14:32:19.853
CVE-2025-60159,0.000360000,0.102210000,0.60310113399676,2026-03-14,2026-03-14,CVE-2025-60159,4.3,2025-09-26T14:32:19.853
CVE-2025-60158,0.000270000,0.070820000,0.38764174959500114,2026-03-14,2026-03-14,CVE-2025-60158,5.9,2025-09-26T14:32:19.853
CVE-2025-60157,0.000290000,0.079130000,0.4619301087711178,2026-03-14,2026-03-14,CVE-2025-60157,6.5,2025-09-26T14:32:19.853
CVE-2025-60156,0.000190000,0.046800000,0.29946771580652626,2026-03-14,2026-03-14,CVE-2025-60156,9.6,2025-09-26T14:32:19.853
CVE-2025-60155,0.000380000,0.110960000,0.634343901874566,2026-03-14,2026-03-14,CVE-2025-60155,5.3,2025-09-26T14:32:19.853
CVE-2025-60154,0.000270000,0.070820000,0.38764174959500114,2026-03-14,2026-03-14,CVE-2025-60154,5.9,2025-09-26T14:32:19.853
CVE-2025-60153,0.001090000,0.291450000,0.8710946540152742,2026-03-14,2026-03-14,CVE-2025-60153,7.5,2025-09-26T14:32:19.853
CVE-2025-60152,0.000360000,0.102210000,0.60310113399676,2026-03-14,2026-03-14,CVE-2025-60152,4.3,2025-09-26T14:32:19.853
CVE-2025-60150,0.001090000,0.291450000,0.8710946540152742,2026-03-14,2026-03-14,CVE-2025-60150,7.5,2025-09-26T14:32:19.853
CVE-2025-60149,0.000270000,0.070820000,0.38764174959500114,2026-03-14,2026-03-14,CVE-2025-60149,5.9,2025-09-26T14:32:19.853
CVE-2025-60148,0.000360000,0.102210000,0.60310113399676,2026-03-14,2026-03-14,CVE-2025-60148,4.3,2025-09-26T14:32:19.853
CVE-2025-60147,0.000290000,0.079130000,0.4619301087711178,2026-03-14,2026-03-14,CVE-2025-60147,6.5,2025-09-26T14:32:19.853
CVE-2025-60146,0.000270000,0.070820000,0.38764174959500114,2026-03-14,2026-03-14,CVE-2025-60146,5.9,2025-09-26T14:32:19.853
CVE-2025-60145,0.000150000,0.027070000,0.15528812774820644,2026-03-14,2026-03-14,CVE-2025-60145,4.3,2025-09-26T14:32:19.853
CVE-2025-60144,0.000270000,0.070820000,0.38764174959500114,2026-03-14,2026-03-14,CVE-2025-60144,5.9,2025-09-26T14:32:19.853
CVE-2025-60143,0.000360000,0.102210000,0.60310113399676,2026-03-14,2026-03-14,CVE-2025-60143,4.3,2025-09-26T14:32:19.853
CVE-2025-60142,0.000290000,0.079130000,0.4619301087711178,2026-03-14,2026-03-14,CVE-2025-60142,6.5,2025-09-26T14:32:19.853
CVE-2025-60141,0.000270000,0.070820000,0.38764174959500114,2026-03-14,2026-03-14,CVE-2025-60141,5.9,2025-09-26T14:32:19.853
CVE-2025-60140,0.000370000,0.108140000,0.6213839389030317,2026-03-14,2026-03-14,CVE-2025-60140,5.3,2025-09-26T14:32:19.853
CVE-2025-60139,0.000150000,0.027070000,0.15528812774820644,2026-03-14,2026-03-14,CVE-2025-60139,4.3,2025-09-26T14:32:19.853
CVE-2025-60138,0.000290000,0.079130000,0.4619301087711178,2026-03-14,2026-03-14,CVE-2025-60138,6.5,2025-09-26T14:32:19.853
CVE-2025-60137,0.000150000,0.027070000,0.15528812774820644,2026-03-14,2026-03-14,CVE-2025-60137,4.3,2025-09-26T14:32:19.853
CVE-2025-60136,0.000270000,0.070820000,0.38764174959500114,2026-03-14,2026-03-14,CVE-2025-60136,5.9,2025-09-26T14:32:19.853
CVE-2025-60133,0.000270000,0.070820000,0.38764174959500114,2026-03-14,2026-03-14,CVE-2025-60133,5.9,2025-09-26T14:32:19.853
CVE-2025-60130,0.000380000,0.110960000,0.634343901874566,2026-03-14,2026-03-14,CVE-2025-60130,5.3,2025-09-26T14:32:19.853
CVE-2025-60129,0.000380000,0.110960000,0.634343901874566,2026-03-14,2026-03-14,CVE-2025-60129,5.3,2025-09-26T14:32:19.853
CVE-2025-60128,0.000360000,0.102210000,0.60310113399676,2026-03-14,2026-03-14,CVE-2025-60128,4.3,2025-09-26T14:32:19.853
CVE-2025-60127,0.000510000,0.156210000,0.7248322147651006,2026-03-14,2026-03-14,CVE-2025-60127,5.4,2025-09-26T14:32:19.853
CVE-2025-60126,0.001450000,0.345560000,0.9016431381624624,2026-03-14,2026-03-14,CVE-2025-60126,8.8,2025-09-26T14:32:19.853
CVE-2025-60125,0.000370000,0.108140000,0.6213839389030317,2026-03-14,2026-03-14,CVE-2025-60125,5.3,2025-09-26T14:32:19.853
CVE-2025-60124,0.000290000,0.079130000,0.4619301087711178,2026-03-14,2026-03-14,CVE-2025-60124,6.5,2025-09-26T14:32:19.853
CVE-2025-60123,0.000360000,0.102210000,0.60310113399676,2026-03-14,2026-03-14,CVE-2025-60123,4.3,2025-09-26T14:32:19.853
CVE-2025-60122,0.000360000,0.102210000,0.60310113399676,2026-03-14,2026-03-14,CVE-2025-60122,4.3,2025-09-26T14:32:19.853
CVE-2025-60121,0.000380000,0.110960000,0.634343901874566,2026-03-14,2026-03-14,CVE-2025-60121,5.3,2025-09-26T14:32:19.853
CVE-2025-60120,0.000380000,0.111970000,0.634343901874566,2026-03-14,2026-03-14,CVE-2025-60120,5.3,2025-09-26T14:32:19.853
CVE-2025-59844,0.001850000,0.400410000,0.9190002314279102,2026-03-14,2026-03-14,CVE-2025-59844,,2025-09-29T19:34:10.030
CVE-2025-59843,0.000140000,0.025730000,0.11409395973154363,2026-03-14,2026-03-14,CVE-2025-59843,5.3,2026-01-29T00:16:07.250
CVE-2025-59842,0.000310000,0.086050000,0.5299699143716732,2026-03-14,2026-03-14,CVE-2025-59842,4.3,2025-10-22T16:27:14.567
CVE-2025-59362,0.001820000,0.397640000,0.9171488081462624,2026-03-14,2026-03-14,CVE-2025-59362,4.0,2025-10-07T18:50:14.290
CVE-2025-58385,0.000170000,0.039270000,0.2561906965980097,2026-03-14,2026-03-14,CVE-2025-58385,7.1,2025-10-07T18:51:40.840
CVE-2025-57292,0.000330000,0.093680000,0.5660726683638047,2026-03-14,2026-03-14,CVE-2025-57292,6.1,2025-10-07T19:05:10.933
CVE-2025-56463,0.000240000,0.062760000,0.3401990280027771,2026-03-14,2026-03-14,CVE-2025-56463,6.8,2025-10-07T18:52:53.413
CVE-2025-56383,0.000230000,0.059200000,0.3323304790557741,2026-03-14,2026-03-14,CVE-2025-56383,8.4,2025-11-19T15:15:48.437
CVE-2025-55848,0.000950000,0.263470000,0.8528118491090025,2026-03-14,2026-03-14,CVE-2025-55848,8.8,2026-03-09T15:18:06.967
CVE-2025-55847,0.000560000,0.173220000,0.7495950011571395,2026-03-14,2026-03-14,CVE-2025-55847,8.8,2025-10-03T19:22:45.967
CVE-2025-55187,0.000560000,0.172720000,0.7495950011571395,2026-03-14,2026-03-14,CVE-2025-55187,9.9,2025-10-08T20:20:03.193
CVE-2025-5069,0.000080000,0.006700000,0.024299930571626938,2026-03-14,2026-03-14,CVE-2025-5069,6.5,2025-09-29T13:12:20.940
CVE-2025-45994,0.000580000,0.179210000,0.7607035408470262,2026-03-14,2026-03-14,CVE-2025-45994,7.5,2025-10-03T19:28:20.387
CVE-2025-36326,0.000250000,0.066270000,0.3596389724600787,2026-03-14,2026-03-14,CVE-2025-36326,7.5,2025-10-03T19:14:39.327
CVE-2025-36274,0.000420000,0.126930000,0.6739180745197871,2026-03-14,2026-03-14,CVE-2025-36274,7.5,2025-12-11T22:12:13.223
CVE-2025-26258,0.000240000,0.061350000,0.3401990280027771,2026-03-14,2026-03-14,CVE-2025-26258,6.1,2025-11-06T22:19:59.617
CVE-2025-11060,0.000410000,0.122190000,0.6646609581115482,2026-03-14,2026-03-14,CVE-2025-11060,5.7,2025-09-26T14:32:19.853
CVE-2025-11042,0.000890000,0.253480000,0.8428604489701458,2026-03-14,2026-03-14,CVE-2025-11042,7.5,2025-09-29T13:11:50.067
CVE-2025-11034,0.000440000,0.131850000,0.6854894700300856,2026-03-14,2026-03-14,CVE-2025-11034,4.3,2025-09-29T19:34:10.030
CVE-2025-11033,0.000310000,0.085160000,0.5299699143716732,2026-03-14,2026-03-14,CVE-2025-11033,9.8,2025-10-08T20:15:19.247
CVE-2025-11032,0.000280000,0.076820000,0.42814163388104604,2026-03-14,2026-03-14,CVE-2025-11032,9.8,2025-10-08T20:16:14.980
CVE-2025-11031,0.001790000,0.392370000,0.9164545244156446,2026-03-14,2026-03-14,CVE-2025-11031,5.3,2025-10-07T18:31:56.343
CVE-2025-11030,0.000440000,0.132480000,0.6854894700300856,2026-03-14,2026-03-14,CVE-2025-11030,7.3,2025-09-29T19:34:10.030
CVE-2025-11029,0.000280000,0.076600000,0.42814163388104604,2026-03-14,2026-03-14,CVE-2025-11029,8.8,2025-10-07T18:49:56.380
CVE-2025-11028,0.000490000,0.149660000,0.7137236750752141,2026-03-14,2026-03-14,CVE-2025-11028,7.5,2025-10-07T18:54:00.803
CVE-2025-11027,0.000250000,0.066270000,0.3596389724600787,2026-03-14,2026-03-14,CVE-2025-11027,5.4,2025-10-07T18:56:32.127
CVE-2025-11026,0.000370000,0.106780000,0.6213839389030317,2026-03-14,2026-03-14,CVE-2025-11026,7.5,2025-10-08T20:22:33.550
CVE-2025-11025,0.000310000,0.086900000,0.5299699143716732,2026-03-14,2026-03-14,CVE-2025-11025,5.3,2025-09-26T14:32:19.853
CVE-2025-11019,0.000190000,0.046810000,0.29946771580652626,2026-03-14,2026-03-14,CVE-2025-11019,4.8,2026-01-16T17:01:35.883
CVE-2025-11018,0.003340000,0.558840000,0.9486230039342745,2026-03-14,2026-03-14,CVE-2025-11018,7.5,2025-10-08T20:24:44.240
CVE-2025-11017,0.000300000,0.083330000,0.515852811849109,2026-03-14,2026-03-14,CVE-2025-11017,5.5,2025-10-08T20:28:53.070
CVE-2025-11016,0.000500000,0.153530000,0.7192779449201574,2026-03-14,2026-03-14,CVE-2025-11016,4.3,2025-09-26T14:32:19.853
CVE-2025-11015,0.000140000,0.024520000,0.11409395973154363,2026-03-14,2026-03-14,CVE-2025-11015,5.3,2025-09-26T14:32:19.853
CVE-2025-11014,0.000270000,0.072600000,0.38764174959500114,2026-03-14,2026-03-14,CVE-2025-11014,7.8,2025-10-16T15:49:48.367
CVE-2025-11013,0.000230000,0.059060000,0.3323304790557741,2026-03-14,2026-03-14,CVE-2025-11013,5.5,2025-10-16T15:53:34.647
CVE-2025-11012,0.000240000,0.061060000,0.3401990280027771,2026-03-14,2026-03-14,CVE-2025-11012,7.8,2025-10-16T15:53:42.063
CVE-2025-11011,0.000240000,0.059820000,0.3401990280027771,2026-03-14,2026-03-14,CVE-2025-11011,5.5,2025-10-16T15:53:52.997
CVE-2025-11010,0.000150000,0.032000000,0.15528812774820644,2026-03-14,2026-03-14,CVE-2025-11010,5.3,2025-09-26T14:32:19.853
CVE-2025-10868,0.000140000,0.021990000,0.11409395973154363,2026-03-14,2026-03-14,CVE-2025-10868,5.3,2025-09-29T13:11:31.930
CVE-2025-10544,0.000450000,0.137200000,0.6917380236056468,2026-03-14,2026-03-14,CVE-2025-10544,,2025-09-26T14:32:19.853
CVE-2025-9944,0.000130000,0.018640000,0.09789400601712567,2026-03-14,2026-03-14,CVE-2025-9944,4.3,2025-09-29T19:34:10.030
CVE-2025-9899,0.000120000,0.016160000,0.06017125665355242,2026-03-14,2026-03-14,CVE-2025-9899,6.1,2025-09-29T19:34:10.030
CVE-2025-9898,0.000130000,0.018640000,0.09789400601712567,2026-03-14,2026-03-14,CVE-2025-9898,4.3,2025-09-29T19:34:10.030
CVE-2025-9896,0.000130000,0.018640000,0.09789400601712567,2026-03-14,2026-03-14,CVE-2025-9896,4.3,2025-09-29T19:34:10.030
CVE-2025-9894,0.000130000,0.018640000,0.09789400601712567,2026-03-14,2026-03-14,CVE-2025-9894,4.3,2025-09-29T19:34:10.030
CVE-2025-9893,0.000130000,0.018640000,0.09789400601712567,2026-03-14,2026-03-14,CVE-2025-9893,4.3,2025-09-29T19:34:10.030
CVE-2025-9816,0.003710000,0.585700000,0.9534829900485998,2026-03-14,2026-03-14,CVE-2025-9816,7.2,2025-09-29T19:34:10.030
CVE-2025-8440,0.000310000,0.087430000,0.5299699143716732,2026-03-14,2026-03-14,CVE-2025-8440,6.4,2025-09-29T19:34:10.030
CVE-2025-8014,0.001440000,0.344920000,0.9014117102522564,2026-03-14,2026-03-14,CVE-2025-8014,7.5,2025-10-03T18:23:37.553
CVE-2025-7647,0.000170000,0.039010000,0.2561906965980097,2026-03-14,2026-03-14,CVE-2025-7647,7.3,2025-09-29T19:34:10.030
CVE-2025-59945,0.000400000,0.119730000,0.6570238370747512,2026-03-14,2026-03-14,CVE-2025-59945,8.1,2025-12-11T21:18:59.340
CVE-2025-59939,0.000480000,0.145940000,0.7095579726915066,2026-03-14,2026-03-14,CVE-2025-59939,8.8,2025-10-06T15:05:36.037
CVE-2025-59938,0.000790000,0.231920000,0.8236519324230502,2026-03-14,2026-03-14,CVE-2025-59938,6.5,2025-10-16T17:33:38.680
CVE-2025-59936,0.000540000,0.168430000,0.738717889377459,2026-03-14,2026-03-14,CVE-2025-59936,9.4,2025-09-29T19:34:10.030
CVE-2025-59934,0.000240000,0.060700000,0.3401990280027771,2026-03-14,2026-03-14,CVE-2025-59934,9.4,2025-09-29T19:34:10.030
CVE-2025-59932,0.000550000,0.171450000,0.7428835917611664,2026-03-14,2026-03-14,CVE-2025-59932,8.2,2025-10-08T16:56:50.940
CVE-2025-59845,0.000160000,0.033950000,0.23698218005091415,2026-03-14,2026-03-14,CVE-2025-59845,8.2,2025-09-29T19:34:10.030
CVE-2025-58384,0.012990000,0.795300000,0.9817171950937283,2026-03-14,2026-03-14,CVE-2025-58384,10.0,2025-09-29T19:34:10.030
CVE-2025-57692,0.000460000,0.140410000,0.6989122888220319,2026-03-14,2026-03-14,CVE-2025-57692,6.8,2025-10-07T19:10:33.520
CVE-2025-36239,0.000670000,0.205910000,0.7910205970840083,2026-03-14,2026-03-14,CVE-2025-36239,6.1,2025-12-11T22:09:47.937
CVE-2025-36144,0.000110000,0.013120000,0.04813700532284194,2026-03-14,2026-03-14,CVE-2025-36144,5.5,2025-10-03T19:15:18.317
CVE-2025-3193,0.001230000,0.313670000,0.8877574635501041,2026-03-14,2026-03-14,CVE-2025-3193,7.5,2025-10-05T00:15:31.013
CVE-2025-11120,0.004040000,0.605840000,0.9578801203425134,2026-03-14,2026-03-14,CVE-2025-11120,8.8,2025-10-03T13:42:17.047
CVE-2025-11119,0.000350000,0.099910000,0.5912983105762555,2026-03-14,2026-03-14,CVE-2025-11119,6.1,2025-10-03T13:40:21.530
CVE-2025-11118,0.000280000,0.076260000,0.42814163388104604,2026-03-14,2026-03-14,CVE-2025-11118,9.8,2025-10-03T13:39:40.880
CVE-2025-11117,0.002600000,0.491100000,0.936357324693358,2026-03-14,2026-03-14,CVE-2025-11117,8.8,2025-10-03T13:38:34.747
CVE-2025-11116,0.000280000,0.076260000,0.42814163388104604,2026-03-14,2026-03-14,CVE-2025-11116,9.8,2025-10-23T20:06:00.793
CVE-2025-11115,0.000280000,0.076260000,0.42814163388104604,2026-03-14,2026-03-14,CVE-2025-11115,9.8,2025-10-23T20:06:00.793
CVE-2025-11114,0.000270000,0.072550000,0.38764174959500114,2026-03-14,2026-03-14,CVE-2025-11114,8.8,2025-10-02T18:40:22.530
CVE-2025-11113,0.000280000,0.076720000,0.42814163388104604,2026-03-14,2026-03-14,CVE-2025-11113,8.8,2025-10-02T18:41:23.653
CVE-2025-11112,0.000350000,0.099910000,0.5912983105762555,2026-03-14,2026-03-14,CVE-2025-11112,6.1,2025-10-02T19:38:24.347
CVE-2025-11111,0.000280000,0.076260000,0.42814163388104604,2026-03-14,2026-03-14,CVE-2025-11111,9.8,2025-10-02T18:40:43.203
CVE-2025-11110,0.000280000,0.076260000,0.42814163388104604,2026-03-14,2026-03-14,CVE-2025-11110,9.8,2025-10-02T18:40:55.767
CVE-2025-11109,0.000280000,0.076260000,0.42814163388104604,2026-03-14,2026-03-14,CVE-2025-11109,9.8,2025-10-02T18:41:04.837
CVE-2025-11108,0.000290000,0.079790000,0.4619301087711178,2026-03-14,2026-03-14,CVE-2025-11108,9.8,2025-10-23T20:06:00.793
CVE-2025-11107,0.000290000,0.079790000,0.4619301087711178,2026-03-14,2026-03-14,CVE-2025-11107,9.8,2025-10-23T20:06:00.793
CVE-2025-11106,0.000290000,0.079790000,0.4619301087711178,2026-03-14,2026-03-14,CVE-2025-11106,9.8,2025-10-23T20:06:00.793
CVE-2025-11105,0.000290000,0.079790000,0.4619301087711178,2026-03-14,2026-03-14,CVE-2025-11105,9.8,2025-10-23T20:06:00.793
CVE-2025-11104,0.000270000,0.072550000,0.38764174959500114,2026-03-14,2026-03-14,CVE-2025-11104,8.8,2025-10-03T14:50:58.427
CVE-2025-11103,0.000530000,0.165450000,0.7345521869937515,2026-03-14,2026-03-14,CVE-2025-11103,7.2,2025-10-03T14:50:23.457
CVE-2025-11102,0.000290000,0.079790000,0.4619301087711178,2026-03-14,2026-03-14,CVE-2025-11102,9.8,2025-10-03T14:49:54.450
CVE-2025-11101,0.000270000,0.070980000,0.38764174959500114,2026-03-14,2026-03-14,CVE-2025-11101,9.8,2025-10-03T14:46:33.773
CVE-2025-11100,0.000740000,0.222340000,0.8111548252719278,2026-03-14,2026-03-14,CVE-2025-11100,8.8,2025-10-02T18:57:37.743
CVE-2025-11099,0.000740000,0.222340000,0.8111548252719278,2026-03-14,2026-03-14,CVE-2025-11099,8.8,2025-10-02T18:57:46.010
CVE-2025-11098,0.000740000,0.222340000,0.8111548252719278,2026-03-14,2026-03-14,CVE-2025-11098,8.8,2025-10-02T18:57:53.997
CVE-2025-11097,0.000740000,0.222340000,0.8111548252719278,2026-03-14,2026-03-14,CVE-2025-11097,8.8,2025-10-02T18:58:00.877
CVE-2025-11096,0.000740000,0.222340000,0.8111548252719278,2026-03-14,2026-03-14,CVE-2025-11096,8.8,2025-10-02T19:02:45.510
CVE-2025-11095,0.000740000,0.222340000,0.8111548252719278,2026-03-14,2026-03-14,CVE-2025-11095,8.8,2025-10-02T19:06:34.767
CVE-2025-11094,0.000260000,0.067830000,0.3705160842397593,2026-03-14,2026-03-14,CVE-2025-11094,9.8,2025-10-23T20:06:00.793
CVE-2025-11092,0.000740000,0.222340000,0.8111548252719278,2026-03-14,2026-03-14,CVE-2025-11092,8.8,2025-10-02T19:06:44.720
CVE-2025-11091,0.002700000,0.501790000,0.9402915991668596,2026-03-14,2026-03-14,CVE-2025-11091,8.8,2025-10-03T14:45:31.690
CVE-2025-11090,0.000390000,0.116100000,0.6503124276787781,2026-03-14,2026-03-14,CVE-2025-11090,8.8,2025-10-03T14:44:49.397
CVE-2025-11089,0.000310000,0.085160000,0.5299699143716732,2026-03-14,2026-03-14,CVE-2025-11089,9.8,2025-10-07T18:23:53.097
CVE-2025-11088,0.000270000,0.072550000,0.38764174959500114,2026-03-14,2026-03-14,CVE-2025-11088,8.8,2025-10-03T15:00:40.577
CVE-2025-11083,0.000240000,0.060910000,0.3401990280027771,2026-03-14,2026-03-14,CVE-2025-11083,7.8,2025-10-03T16:52:47.010
CVE-2025-11082,0.000210000,0.051840000,0.31798194862300394,2026-03-14,2026-03-14,CVE-2025-11082,7.8,2025-10-03T16:52:34.527
CVE-2025-11081,0.000260000,0.068030000,0.3705160842397593,2026-03-14,2026-03-14,CVE-2025-11081,5.5,2025-10-03T16:51:07.390
CVE-2025-11080,0.000310000,0.084510000,0.5299699143716732,2026-03-14,2026-03-14,CVE-2025-11080,4.3,2025-09-29T19:34:10.030
CVE-2025-11079,0.002540000,0.484400000,0.9338116176810923,2026-03-14,2026-03-14,CVE-2025-11079,9.8,2025-10-03T15:00:13.840
CVE-2025-11078,0.000430000,0.130910000,0.6794723443647304,2026-03-14,2026-03-14,CVE-2025-11078,8.8,2025-10-03T14:59:45.223
CVE-2025-11077,0.000260000,0.067370000,0.3705160842397593,2026-03-14,2026-03-14,CVE-2025-11077,9.8,2025-10-03T14:57:21.560
CVE-2025-11076,0.000280000,0.076260000,0.42814163388104604,2026-03-14,2026-03-14,CVE-2025-11076,9.8,2025-10-03T14:57:00.850
CVE-2025-11075,0.000280000,0.076260000,0.42814163388104604,2026-03-14,2026-03-14,CVE-2025-11075,9.8,2025-10-03T14:55:57.373
CVE-2025-11074,0.000280000,0.076260000,0.42814163388104604,2026-03-14,2026-03-14,CVE-2025-11074,9.8,2025-10-23T20:06:00.793
CVE-2025-11073,0.001210000,0.309980000,0.8859060402684564,2026-03-14,2026-03-14,CVE-2025-11073,4.7,2025-09-29T19:34:10.030
CVE-2025-11071,0.000290000,0.080340000,0.4619301087711178,2026-03-14,2026-03-14,CVE-2025-11071,7.2,2025-10-10T18:37:42.520
CVE-2025-11070,0.000310000,0.085160000,0.5299699143716732,2026-03-14,2026-03-14,CVE-2025-11070,9.8,2025-10-03T14:55:40.383
CVE-2025-11069,0.000320000,0.087900000,0.5459384401758852,2026-03-14,2026-03-14,CVE-2025-11069,4.8,2025-10-03T14:55:22.697
CVE-2025-11068,0.000320000,0.087900000,0.5459384401758852,2026-03-14,2026-03-14,CVE-2025-11068,4.8,2025-10-03T14:55:14.477
CVE-2025-11067,0.000320000,0.087900000,0.5459384401758852,2026-03-14,2026-03-14,CVE-2025-11067,4.8,2025-10-03T14:54:32.720
CVE-2025-11066,0.000280000,0.076260000,0.42814163388104604,2026-03-14,2026-03-14,CVE-2025-11066,9.8,2025-10-03T15:43:27.923
CVE-2025-11064,0.000280000,0.076260000,0.42814163388104604,2026-03-14,2026-03-14,CVE-2025-11064,9.8,2025-10-03T15:42:48.073
CVE-2025-11063,0.000280000,0.076260000,0.42814163388104604,2026-03-14,2026-03-14,CVE-2025-11063,9.8,2025-10-03T15:42:36.747
CVE-2025-11062,0.000350000,0.099760000,0.5912983105762555,2026-03-14,2026-03-14,CVE-2025-11062,9.8,2025-10-03T15:42:19.960
CVE-2025-11061,0.000280000,0.076260000,0.42814163388104604,2026-03-14,2026-03-14,CVE-2025-11061,9.8,2025-10-03T15:42:04.643
CVE-2025-11057,0.000280000,0.076260000,0.42814163388104604,2026-03-14,2026-03-14,CVE-2025-11057,9.8,2025-10-03T15:41:50.247
CVE-2025-11056,0.000300000,0.082350000,0.515852811849109,2026-03-14,2026-03-14,CVE-2025-11056,9.8,2025-10-03T15:41:31.203
CVE-2025-11055,0.000280000,0.076260000,0.42814163388104604,2026-03-14,2026-03-14,CVE-2025-11055,9.8,2025-11-13T16:32:12.403
CVE-2025-11054,0.000270000,0.072550000,0.38764174959500114,2026-03-14,2026-03-14,CVE-2025-11054,8.8,2025-10-03T15:38:38.883
CVE-2025-11053,0.000280000,0.076260000,0.42814163388104604,2026-03-14,2026-03-14,CVE-2025-11053,9.8,2025-10-03T18:24:04.280
CVE-2025-11052,0.000290000,0.078110000,0.4619301087711178,2026-03-14,2026-03-14,CVE-2025-11052,9.8,2025-10-16T17:17:52.647
CVE-2025-11051,0.000370000,0.107960000,0.6213839389030317,2026-03-14,2026-03-14,CVE-2025-11051,6.5,2025-10-03T15:37:20.437
CVE-2025-11050,0.000430000,0.130910000,0.6794723443647304,2026-03-14,2026-03-14,CVE-2025-11050,8.8,2025-10-03T18:28:30.633
CVE-2025-11049,0.000430000,0.130910000,0.6794723443647304,2026-03-14,2026-03-14,CVE-2025-11049,8.8,2025-10-03T18:31:06.697
CVE-2025-11048,0.000430000,0.130910000,0.6794723443647304,2026-03-14,2026-03-14,CVE-2025-11048,8.8,2025-10-07T18:30:59.987
CVE-2025-11047,0.000430000,0.130910000,0.6794723443647304,2026-03-14,2026-03-14,CVE-2025-11047,8.8,2025-10-07T18:30:26.743
CVE-2025-11046,0.000640000,0.196710000,0.7817634806757695,2026-03-14,2026-03-14,CVE-2025-11046,9.8,2025-10-07T18:29:49.790
CVE-2025-11045,0.005420000,0.673540000,0.968294376301782,2026-03-14,2026-03-14,CVE-2025-11045,7.3,2025-09-29T19:34:10.030
CVE-2025-11041,0.000270000,0.072550000,0.38764174959500114,2026-03-14,2026-03-14,CVE-2025-11041,8.8,2025-10-03T15:23:35.143
CVE-2025-11040,0.000280000,0.076260000,0.42814163388104604,2026-03-14,2026-03-14,CVE-2025-11040,9.8,2025-10-03T15:23:01.543
CVE-2025-11039,0.000290000,0.079790000,0.4619301087711178,2026-03-14,2026-03-14,CVE-2025-11039,9.8,2025-10-03T15:12:10.887
CVE-2025-11038,0.000250000,0.066230000,0.3596389724600787,2026-03-14,2026-03-14,CVE-2025-11038,8.8,2025-10-03T15:11:46.383
CVE-2025-11037,0.000300000,0.082820000,0.515852811849109,2026-03-14,2026-03-14,CVE-2025-11037,9.8,2025-10-23T20:06:00.793
CVE-2025-11036,0.000300000,0.082820000,0.515852811849109,2026-03-14,2026-03-14,CVE-2025-11036,9.8,2025-10-23T20:06:00.793
CVE-2025-11035,0.000270000,0.073420000,0.38764174959500114,2026-03-14,2026-03-14,CVE-2025-11035,9.8,2025-10-08T20:13:35.033
CVE-2025-10954,0.001230000,0.314090000,0.8877574635501041,2026-03-14,2026-03-14,CVE-2025-10954,7.5,2025-10-03T18:30:04.820
CVE-2025-10657,0.000170000,0.039330000,0.2561906965980097,2026-03-14,2026-03-14,CVE-2025-10657,,2025-09-29T19:34:10.030
CVE-2025-10499,0.000110000,0.013720000,0.04813700532284194,2026-03-14,2026-03-14,CVE-2025-10499,4.3,2025-12-23T18:57:13.767
CVE-2025-10498,0.000110000,0.013720000,0.04813700532284194,2026-03-14,2026-03-14,CVE-2025-10498,5.4,2025-12-23T18:58:20.957
CVE-2024-43192,0.000130000,0.021050000,0.09789400601712567,2026-03-14,2026-03-14,CVE-2024-43192,8.8,2025-12-11T22:10:37.530
CVE-2025-9904,0.000300000,0.082770000,0.515852811849109,2026-03-14,2026-03-14,CVE-2025-9904,5.3,2026-01-16T02:16:46.793
CVE-2025-9903,0.000450000,0.135240000,0.6917380236056468,2026-03-14,2026-03-14,CVE-2025-9903,5.9,2026-01-16T02:16:46.627
CVE-2025-9648,0.012780000,0.793650000,0.9812543392733164,2026-03-14,2026-03-14,CVE-2025-9648,,2025-09-29T19:34:10.030
CVE-2025-8868,0.138490000,0.941790000,0.9965285813469105,2026-03-14,2026-03-14,CVE-2025-8868,8.8,2025-10-16T17:14:27.610
CVE-2025-7698,0.000480000,0.147440000,0.7095579726915066,2026-03-14,2026-03-14,CVE-2025-7698,5.9,2026-01-16T00:16:28.733
CVE-2025-7104,0.000460000,0.139120000,0.6989122888220319,2026-03-14,2026-03-14,CVE-2025-7104,7.5,2025-10-16T16:45:42.937
CVE-2025-6724,0.000550000,0.170520000,0.7428835917611664,2026-03-14,2026-03-14,CVE-2025-6724,8.8,2025-10-16T17:15:23.400
CVE-2025-61659,0.000180000,0.042160000,0.2735477898634575,2026-03-14,2026-03-14,CVE-2025-61659,6.8,2025-09-29T19:34:10.030
CVE-2025-57879,0.000320000,0.088880000,0.5459384401758852,2026-03-14,2026-03-14,CVE-2025-57879,6.1,2025-10-17T14:15:25.803
CVE-2025-57878,0.000320000,0.088880000,0.5459384401758852,2026-03-14,2026-03-14,CVE-2025-57878,6.1,2025-10-17T14:15:18.050
CVE-2025-57877,0.000280000,0.074280000,0.42814163388104604,2026-03-14,2026-03-14,CVE-2025-57877,4.8,2025-10-17T14:15:14.017
CVE-2025-57876,0.000280000,0.074280000,0.42814163388104604,2026-03-14,2026-03-14,CVE-2025-57876,4.8,2025-10-17T14:15:05.600
CVE-2025-57875,0.000280000,0.074280000,0.42814163388104604,2026-03-14,2026-03-14,CVE-2025-57875,4.8,2025-10-17T14:14:55.633
CVE-2025-57874,0.000280000,0.074280000,0.42814163388104604,2026-03-14,2026-03-14,CVE-2025-57874,4.8,2025-10-17T14:14:46.523
CVE-2025-57873,0.000280000,0.074280000,0.42814163388104604,2026-03-14,2026-03-14,CVE-2025-57873,4.8,2025-10-17T14:14:40.383
CVE-2025-57872,0.000320000,0.088880000,0.5459384401758852,2026-03-14,2026-03-14,CVE-2025-57872,6.1,2025-10-17T14:14:32.447
CVE-2025-57871,0.000280000,0.074280000,0.42814163388104604,2026-03-14,2026-03-14,CVE-2025-57871,4.8,2025-10-17T14:08:29.920
CVE-2025-57516,0.026510000,0.855710000,0.9895857440407313,2026-03-14,2026-03-14,CVE-2025-57516,8.2,2025-12-23T18:49:30.547
CVE-2025-57483,0.000270000,0.071250000,0.38764174959500114,2026-03-14,2026-03-14,CVE-2025-57483,8.1,2025-09-29T19:34:10.030
CVE-2025-57428,0.000410000,0.122820000,0.6646609581115482,2026-03-14,2026-03-14,CVE-2025-57428,6.5,2025-10-28T21:15:39.233
CVE-2025-57424,0.000250000,0.063080000,0.3596389724600787,2026-03-14,2026-03-14,CVE-2025-57424,7.3,2025-09-29T19:34:10.030
CVE-2025-57266,0.001840000,0.399260000,0.9180745197870863,2026-03-14,2026-03-14,CVE-2025-57266,9.8,2025-10-02T19:12:42.843
CVE-2025-57197,0.000230000,0.058190000,0.3323304790557741,2026-03-14,2026-03-14,CVE-2025-57197,6.0,2025-09-30T18:15:50.923
CVE-2025-56807,0.000310000,0.084900000,0.5299699143716732,2026-03-14,2026-03-14,CVE-2025-56807,6.1,2025-10-16T16:32:12.737
CVE-2025-56795,0.000470000,0.144220000,0.7042351307567692,2026-03-14,2026-03-14,CVE-2025-56795,9.0,2025-10-16T15:42:33.617
CVE-2025-56764,0.000420000,0.127790000,0.6739180745197871,2026-03-14,2026-03-14,CVE-2025-56764,5.3,2025-11-11T19:15:34.910
CVE-2025-56449,0.000720000,0.217270000,0.8049062716963665,2026-03-14,2026-03-14,CVE-2025-56449,8.2,2025-10-28T21:15:38.930
CVE-2025-56234,0.000620000,0.191780000,0.777597778292062,2026-03-14,2026-03-14,CVE-2025-56234,7.5,2025-10-28T21:15:38.490
CVE-2025-56233,0.001080000,0.290710000,0.8692432307336265,2026-03-14,2026-03-14,CVE-2025-56233,7.5,2025-10-28T21:15:38.363
CVE-2025-55795,0.000290000,0.080760000,0.4619301087711178,2026-03-14,2026-03-14,CVE-2025-55795,3.5,2025-10-16T17:09:46.393
CVE-2025-54591,0.000590000,0.183400000,0.7644063874103216,2026-03-14,2026-03-14,CVE-2025-54591,7.5,2025-10-03T16:06:32.667
CVE-2025-51495,0.002630000,0.494720000,0.9377458921545938,2026-03-14,2026-03-14,CVE-2025-51495,7.5,2025-10-16T17:00:47.237
CVE-2025-48006,0.000230000,0.057970000,0.3323304790557741,2026-03-14,2026-03-14,CVE-2025-48006,9.1,2025-10-14T18:18:55.560
CVE-2025-45376,0.000110000,0.011800000,0.04813700532284194,2026-03-14,2026-03-14,CVE-2025-45376,7.8,2025-10-29T17:58:13.290
CVE-2025-43400,0.000600000,0.187530000,0.7711177968062949,2026-03-14,2026-03-14,CVE-2025-43400,6.3,2025-11-04T22:16:15.480
CVE-2025-41252,0.000630000,0.194700000,0.7801434853043278,2026-03-14,2026-03-14,CVE-2025-41252,7.5,2025-09-29T19:34:10.030
CVE-2025-41251,0.000580000,0.179940000,0.7607035408470262,2026-03-14,2026-03-14,CVE-2025-41251,8.1,2025-09-29T19:34:10.030
CVE-2025-41250,0.000750000,0.223950000,0.8143948160148113,2026-03-14,2026-03-14,CVE-2025-41250,8.5,2025-09-29T19:34:10.030
CVE-2025-41246,0.000280000,0.076300000,0.42814163388104604,2026-03-14,2026-03-14,CVE-2025-41246,7.6,2025-09-29T19:34:10.030
CVE-2025-41245,0.000480000,0.148460000,0.7095579726915066,2026-03-14,2026-03-14,CVE-2025-41245,4.9,2025-09-29T19:34:10.030
CVE-2025-41244,0.004670000,0.641210000,0.9634343901874566,2026-03-14,2026-03-14,CVE-2025-41244,7.8,2025-11-06T13:58:13.620
CVE-2025-36352,0.000190000,0.048010000,0.29946771580652626,2026-03-14,2026-03-14,CVE-2025-36352,5.4,2025-10-03T17:54:10.850
CVE-2025-36351,0.000450000,0.136660000,0.6917380236056468,2026-03-14,2026-03-14,CVE-2025-36351,4.3,2025-10-03T17:53:55.820
CVE-2025-36099,0.000650000,0.200270000,0.7840777597778292,2026-03-14,2026-03-14,CVE-2025-36099,4.9,2025-10-03T17:54:19.180
CVE-2025-35034,0.000830000,0.241840000,0.8310576255496412,2026-03-14,2026-03-14,CVE-2025-35034,6.1,2026-01-02T20:32:33.447
CVE-2025-35033,0.000350000,0.098980000,0.5912983105762555,2026-03-14,2026-03-14,CVE-2025-35033,4.3,2026-01-02T20:32:22.373
CVE-2025-35032,0.000290000,0.080180000,0.4619301087711178,2026-03-14,2026-03-14,CVE-2025-35032,9.9,2026-01-02T20:31:06.037
CVE-2025-35031,0.000120000,0.015950000,0.06017125665355242,2026-03-14,2026-03-14,CVE-2025-35031,5.5,2026-01-02T20:30:04.493
CVE-2025-35030,0.000200000,0.050940000,0.31080768340661885,2026-03-14,2026-03-14,CVE-2025-35030,8.8,2026-01-02T20:28:53.033
CVE-2025-34235,0.002910000,0.521870000,0.9428373061791252,2026-03-14,2026-03-14,CVE-2025-34235,7.8,2025-10-09T17:55:21.890
CVE-2025-34234,0.000410000,0.122470000,0.6646609581115482,2026-03-14,2026-03-14,CVE-2025-34234,7.5,2025-10-09T17:55:04.450
CVE-2025-34233,0.000510000,0.156810000,0.7248322147651006,2026-03-14,2026-03-14,CVE-2025-34233,6.8,2025-10-09T17:50:38.163
CVE-2025-34232,0.000530000,0.162390000,0.7345521869937515,2026-03-14,2026-03-14,CVE-2025-34232,5.3,2025-10-09T19:17:18.387
CVE-2025-34231,0.002420000,0.472460000,0.9310344827586207,2026-03-14,2026-03-14,CVE-2025-34231,8.6,2025-10-09T16:14:08.317
CVE-2025-34230,0.000530000,0.162390000,0.7345521869937515,2026-03-14,2026-03-14,CVE-2025-34230,5.8,2025-10-09T16:13:49.590
CVE-2025-34229,0.000530000,0.162390000,0.7345521869937515,2026-03-14,2026-03-14,CVE-2025-34229,5.8,2025-10-09T16:13:24.893
CVE-2025-34228,0.003610000,0.578580000,0.9518629946771581,2026-03-14,2026-03-14,CVE-2025-34228,8.6,2025-10-09T19:17:04.187
CVE-2025-34225,0.003610000,0.578580000,0.9518629946771581,2026-03-14,2026-03-14,CVE-2025-34225,8.6,2025-10-09T19:16:47.253
CVE-2025-34224,0.008220000,0.741950000,0.9740800740569313,2026-03-14,2026-03-14,CVE-2025-34224,9.1,2025-10-09T18:23:34.493
CVE-2025-34223,0.018670000,0.828910000,0.9861143253876418,2026-03-14,2026-03-14,CVE-2025-34223,9.8,2025-10-09T18:13:32.420
CVE-2025-34222,0.001350000,0.330450000,0.8947003008562833,2026-03-14,2026-03-14,CVE-2025-34222,9.1,2025-10-09T18:13:17.547
CVE-2025-34221,0.017470000,0.823330000,0.9849571858366118,2026-03-14,2026-03-14,CVE-2025-34221,9.8,2025-10-09T18:11:54.903
CVE-2025-34220,0.001400000,0.338310000,0.8995602869706086,2026-03-14,2026-03-14,CVE-2025-34220,5.3,2025-10-09T18:05:10.110
CVE-2025-34218,0.007410000,0.726740000,0.9726915065956955,2026-03-14,2026-03-14,CVE-2025-34218,9.8,2025-10-09T18:04:33.063
CVE-2025-34216,0.003170000,0.544220000,0.9470030085628327,2026-03-14,2026-03-14,CVE-2025-34216,9.8,2025-10-09T18:04:23.007
CVE-2025-34215,0.005460000,0.675010000,0.968525804211988,2026-03-14,2026-03-14,CVE-2025-34215,9.8,2025-10-18T01:50:20.127
CVE-2025-34212,0.002470000,0.477200000,0.9331173339504745,2026-03-14,2026-03-14,CVE-2025-34212,9.8,2025-10-09T18:03:58.000
CVE-2025-34211,0.000290000,0.078220000,0.4619301087711178,2026-03-14,2026-03-14,CVE-2025-34211,4.9,2025-10-03T16:16:31.273
CVE-2025-34209,0.000880000,0.250820000,0.841240453598704,2026-03-14,2026-03-14,CVE-2025-34209,7.2,2025-10-03T16:18:25.587
CVE-2025-34207,0.000790000,0.232520000,0.8236519324230502,2026-03-14,2026-03-14,CVE-2025-34207,9.8,2025-10-03T16:23:41.507
CVE-2025-34196,0.000570000,0.176380000,0.7558435547327008,2026-03-14,2026-03-14,CVE-2025-34196,9.8,2025-10-16T16:27:21.273
CVE-2025-30247,0.016810000,0.819740000,0.9847257579264059,2026-03-14,2026-03-14,CVE-2025-30247,,2025-10-02T19:12:42.843
CVE-2025-11155,0.000240000,0.062290000,0.3401990280027771,2026-03-14,2026-03-14,CVE-2025-11155,,2025-09-29T19:34:10.030
CVE-2025-11147,0.000240000,0.060630000,0.3401990280027771,2026-03-14,2026-03-14,CVE-2025-11147,5.4,2025-10-16T15:54:26.323
CVE-2025-11146,0.000240000,0.060630000,0.3401990280027771,2026-03-14,2026-03-14,CVE-2025-11146,5.4,2025-10-16T15:54:35.073
CVE-2025-11141,0.001140000,0.298930000,0.8801203425133071,2026-03-14,2026-03-14,CVE-2025-11141,4.7,2025-09-29T19:34:10.030
CVE-2025-11140,0.000320000,0.087920000,0.5459384401758852,2026-03-14,2026-03-14,CVE-2025-11140,9.8,2025-10-03T18:18:23.230
CVE-2025-11139,0.000900000,0.253900000,0.8470261513538533,2026-03-14,2026-03-14,CVE-2025-11139,9.8,2025-10-03T18:19:49.773
CVE-2025-11138,0.002440000,0.473760000,0.9319601943994446,2026-03-14,2026-03-14,CVE-2025-11138,8.8,2025-10-10T18:38:03.710
CVE-2025-11137,0.000260000,0.066800000,0.3705160842397593,2026-03-14,2026-03-14,CVE-2025-11137,3.5,2025-09-29T19:34:10.030
CVE-2025-11136,0.000550000,0.171960000,0.7428835917611664,2026-03-14,2026-03-14,CVE-2025-11136,7.2,2025-12-11T18:35:46.837
CVE-2025-11135,0.001040000,0.282800000,0.8660032399907429,2026-03-14,2026-03-14,CVE-2025-11135,7.3,2025-09-29T19:34:10.030
CVE-2025-11134,0.000250000,0.065000000,0.3596389724600787,2026-03-14,2026-03-14,CVE-2025-11134,2.4,2025-09-29T19:34:10.030
CVE-2025-11130,0.000280000,0.076610000,0.42814163388104604,2026-03-14,2026-03-14,CVE-2025-11130,8.4,2025-09-29T19:34:10.030
CVE-2025-11126,0.001800000,0.393690000,0.9166859523258505,2026-03-14,2026-03-14,CVE-2025-11126,9.8,2025-09-29T19:34:10.030
CVE-2025-11125,0.000270000,0.072720000,0.38764174959500114,2026-03-14,2026-03-14,CVE-2025-11125,4.3,2025-09-29T19:34:10.030
CVE-2025-11124,0.000370000,0.108710000,0.6213839389030317,2026-03-14,2026-03-14,CVE-2025-11124,5.4,2025-10-23T20:06:00.793
CVE-2025-11123,0.004070000,0.607410000,0.9583429761629253,2026-03-14,2026-03-14,CVE-2025-11123,8.8,2025-10-03T13:46:21.990
CVE-2025-11122,0.003710000,0.585650000,0.9534829900485998,2026-03-14,2026-03-14,CVE-2025-11122,8.8,2025-10-03T13:46:15.367
CVE-2025-11121,0.003930000,0.598850000,0.9562601249710715,2026-03-14,2026-03-14,CVE-2025-11121,8.8,2025-10-03T13:45:50.333
CVE-2025-10504,0.000220000,0.055050000,0.32399907428835917,2026-03-14,2026-03-14,CVE-2025-10504,6.1,2025-10-16T07:15:31.930
CVE-2025-10346,0.000240000,0.060110000,0.3401990280027771,2026-03-14,2026-03-14,CVE-2025-10346,6.1,2025-10-02T19:45:36.960
CVE-2025-10345,0.000240000,0.060110000,0.3401990280027771,2026-03-14,2026-03-14,CVE-2025-10345,6.1,2025-10-02T19:47:33.867
CVE-2025-10344,0.000240000,0.060110000,0.3401990280027771,2026-03-14,2026-03-14,CVE-2025-10344,6.1,2025-10-02T19:47:43.570
CVE-2025-10343,0.000240000,0.060110000,0.3401990280027771,2026-03-14,2026-03-14,CVE-2025-10343,6.1,2025-10-02T19:47:50.333
CVE-2025-10342,0.000240000,0.060110000,0.3401990280027771,2026-03-14,2026-03-14,CVE-2025-10342,6.1,2025-10-02T19:48:32.613
CVE-2025-10341,0.000240000,0.060110000,0.3401990280027771,2026-03-14,2026-03-14,CVE-2025-10341,6.1,2025-10-02T19:48:57.400
CVE-2024-57412,0.000230000,0.058680000,0.3323304790557741,2026-03-14,2026-03-14,CVE-2024-57412,7.5,2025-10-28T21:15:36.187
CVE-2024-5200,0.000220000,0.055870000,0.32399907428835917,2026-03-14,2026-03-14,CVE-2024-5200,4.8,2025-11-13T21:15:48.233
CVE-2024-13150,0.000360000,0.102470000,0.60310113399676,2026-03-14,2026-03-14,CVE-2024-13150,9.8,2025-09-29T19:34:10.030
CVE-2025-9993,0.000680000,0.207840000,0.7970377227493636,2026-03-14,2026-03-14,CVE-2025-9993,8.1,2025-10-02T19:12:17.160
CVE-2025-9991,0.002360000,0.463060000,0.9298773432075909,2026-03-14,2026-03-14,CVE-2025-9991,8.1,2025-10-02T19:12:17.160
CVE-2025-9948,0.000110000,0.013720000,0.04813700532284194,2026-03-14,2026-03-14,CVE-2025-9948,4.3,2025-10-02T19:12:42.843
CVE-2025-9946,0.000110000,0.013690000,0.04813700532284194,2026-03-14,2026-03-14,CVE-2025-9946,6.1,2025-10-02T19:12:42.843
CVE-2025-9852,0.000320000,0.088200000,0.5459384401758852,2026-03-14,2026-03-14,CVE-2025-9852,6.4,2025-10-02T19:12:42.843
CVE-2025-9762,0.002320000,0.457610000,0.9291830594769729,2026-03-14,2026-03-14,CVE-2025-9762,9.8,2025-10-02T19:12:42.843
CVE-2025-9232,0.000390000,0.114360000,0.6503124276787781,2026-03-14,2026-03-14,CVE-2025-9232,5.9,2025-11-04T22:16:45.630
CVE-2025-9231,0.000220000,0.056610000,0.32399907428835917,2026-03-14,2026-03-14,CVE-2025-9231,6.5,2025-11-04T22:16:45.490
CVE-2025-9230,0.000310000,0.086470000,0.5299699143716732,2026-03-14,2026-03-14,CVE-2025-9230,7.5,2025-11-04T22:16:45.360
CVE-2025-8877,0.000930000,0.259420000,0.8502661420967369,2026-03-14,2026-03-14,CVE-2025-8877,7.5,2025-10-02T19:12:42.843
CVE-2025-8777,0.000310000,0.087430000,0.5299699143716732,2026-03-14,2026-03-14,CVE-2025-8777,6.4,2025-10-02T19:12:42.843
CVE-2025-8625,0.004120000,0.611100000,0.9588058319833372,2026-03-14,2026-03-14,CVE-2025-8625,9.8,2025-10-02T19:12:42.843
CVE-2025-8624,0.000320000,0.088200000,0.5459384401758852,2026-03-14,2026-03-14,CVE-2025-8624,6.4,2025-10-02T19:12:42.843
CVE-2025-8623,0.000310000,0.087430000,0.5299699143716732,2026-03-14,2026-03-14,CVE-2025-8623,6.4,2025-10-02T19:12:42.843
CVE-2025-8608,0.000320000,0.088200000,0.5459384401758852,2026-03-14,2026-03-14,CVE-2025-8608,6.4,2025-10-02T19:12:42.843
CVE-2025-8566,0.000320000,0.088200000,0.5459384401758852,2026-03-14,2026-03-14,CVE-2025-8566,6.4,2025-10-02T19:12:42.843
CVE-2025-8560,0.000310000,0.087430000,0.5299699143716732,2026-03-14,2026-03-14,CVE-2025-8560,6.4,2025-10-02T19:12:42.843
CVE-2025-8559,0.000590000,0.183510000,0.7644063874103216,2026-03-14,2026-03-14,CVE-2025-8559,6.5,2025-10-02T19:12:42.843
CVE-2025-8214,0.000320000,0.088200000,0.5459384401758852,2026-03-14,2026-03-14,CVE-2025-8214,6.4,2025-10-02T19:12:42.843
CVE-2025-8122,0.000350000,0.101300000,0.5912983105762555,2026-03-14,2026-03-14,CVE-2025-8122,8.8,2025-11-26T14:36:51.600
CVE-2025-8121,0.000350000,0.101300000,0.5912983105762555,2026-03-14,2026-03-14,CVE-2025-8121,8.8,2025-11-26T14:37:18.227
CVE-2025-8120,0.002450000,0.474880000,0.9321916223096506,2026-03-14,2026-03-14,CVE-2025-8120,9.8,2025-11-26T14:37:44.743
CVE-2025-8119,0.000150000,0.027070000,0.15528812774820644,2026-03-14,2026-03-14,CVE-2025-8119,4.3,2025-11-26T14:40:55.727
CVE-2025-8118,0.000360000,0.103620000,0.60310113399676,2026-03-14,2026-03-14,CVE-2025-8118,6.5,2025-11-26T14:40:13.943
CVE-2025-8117,0.000390000,0.115110000,0.6503124276787781,2026-03-14,2026-03-14,CVE-2025-8117,7.5,2025-11-26T14:41:41.900
CVE-2025-8116,0.000300000,0.082700000,0.515852811849109,2026-03-14,2026-03-14,CVE-2025-8116,6.1,2025-11-26T14:41:54.577
CVE-2025-7779,0.000120000,0.016290000,0.06017125665355242,2026-03-14,2026-03-14,CVE-2025-7779,8.8,2025-10-02T19:12:17.160
CVE-2025-7493,0.001020000,0.280010000,0.8602175422355937,2026-03-14,2026-03-14,CVE-2025-7493,9.1,2025-11-04T22:16:44.030
CVE-2025-7065,0.002450000,0.474880000,0.9321916223096506,2026-03-14,2026-03-14,CVE-2025-7065,9.8,2025-11-26T14:42:14.750
CVE-2025-7063,0.005030000,0.657890000,0.9655172413793104,2026-03-14,2026-03-14,CVE-2025-7063,9.8,2025-11-26T14:42:30.940
CVE-2025-7052,0.000230000,0.059550000,0.3323304790557741,2026-03-14,2026-03-14,CVE-2025-7052,8.8,2025-10-02T19:12:42.843
CVE-2025-7038,0.005160000,0.663230000,0.9662115251099282,2026-03-14,2026-03-14,CVE-2025-7038,8.2,2025-10-02T19:12:42.843
CVE-2025-6941,0.000370000,0.106570000,0.6213839389030317,2026-03-14,2026-03-14,CVE-2025-6941,6.4,2025-10-02T19:12:42.843
CVE-2025-6815,0.000290000,0.079470000,0.4619301087711178,2026-03-14,2026-03-14,CVE-2025-6815,5.5,2025-10-02T19:12:42.843
CVE-2025-61586,0.000860000,0.247910000,0.8382318907660263,2026-03-14,2026-03-14,CVE-2025-61586,5.3,2025-10-03T15:39:40.233
CVE-2025-61584,0.000640000,0.196800000,0.7817634806757695,2026-03-14,2026-03-14,CVE-2025-61584,,2025-10-02T19:12:42.843
CVE-2025-59956,0.000620000,0.192000000,0.777597778292062,2026-03-14,2026-03-14,CVE-2025-59956,6.5,2025-10-08T15:05:53.100
CVE-2025-59954,0.001120000,0.296660000,0.8773432075908355,2026-03-14,2026-03-14,CVE-2025-59954,9.8,2025-10-08T15:08:19.490
CVE-2025-59952,0.000230000,0.057770000,0.3323304790557741,2026-03-14,2026-03-14,CVE-2025-59952,,2026-01-23T18:16:03.540
CVE-2025-59950,0.000310000,0.085360000,0.5299699143716732,2026-03-14,2026-03-14,CVE-2025-59950,5.4,2025-10-03T15:52:28.380
CVE-2025-59948,0.000310000,0.086190000,0.5299699143716732,2026-03-14,2026-03-14,CVE-2025-59948,5.4,2025-10-03T15:55:15.470
CVE-2025-59942,0.000650000,0.201240000,0.7840777597778292,2026-03-14,2026-03-14,CVE-2025-59942,7.5,2025-10-18T01:15:14.350
CVE-2025-59941,0.000490000,0.148850000,0.7137236750752141,2026-03-14,2026-03-14,CVE-2025-59941,6.5,2025-10-18T01:21:51.237
CVE-2025-59940,0.001060000,0.286990000,0.8678546632723907,2026-03-14,2026-03-14,CVE-2025-59940,6.5,2025-10-02T19:12:42.843
CVE-2025-59937,0.000720000,0.218780000,0.8049062716963665,2026-03-14,2026-03-14,CVE-2025-59937,9.1,2025-10-16T15:55:27.077
CVE-2025-59933,0.000180000,0.041390000,0.2735477898634575,2026-03-14,2026-03-14,CVE-2025-59933,7.8,2025-12-24T15:16:01.733
CVE-2025-59668,0.000590000,0.184500000,0.7644063874103216,2026-03-14,2026-03-14,CVE-2025-59668,7.5,2025-10-31T15:15:42.660
CVE-2025-59163,0.001660000,0.375830000,0.9115945383013191,2026-03-14,2026-03-14,CVE-2025-59163,,2025-10-02T19:12:42.843
CVE-2025-57852,0.000110000,0.012010000,0.04813700532284194,2026-03-14,2026-03-14,CVE-2025-57852,6.4,2026-03-07T00:16:11.040
CVE-2025-57769,0.000330000,0.093400000,0.5660726683638047,2026-03-14,2026-03-14,CVE-2025-57769,6.1,2025-10-03T15:58:53.477
CVE-2025-56301,0.001250000,0.316070000,0.8907660263827818,2026-03-14,2026-03-14,CVE-2025-56301,7.5,2025-10-17T20:45:34.003
CVE-2025-56018,0.000390000,0.113800000,0.6503124276787781,2026-03-14,2026-03-14,CVE-2025-56018,6.1,2025-10-07T13:32:38.590
CVE-2025-55797,0.000940000,0.261230000,0.8516547095579727,2026-03-14,2026-03-14,CVE-2025-55797,6.5,2025-10-07T13:37:54.860
CVE-2025-54875,0.000930000,0.260420000,0.8502661420967369,2026-03-14,2026-03-14,CVE-2025-54875,9.8,2025-10-03T15:59:35.287
CVE-2025-54592,0.000820000,0.239940000,0.8292062022679936,2026-03-14,2026-03-14,CVE-2025-54592,9.8,2025-10-03T16:04:21.927
CVE-2025-54477,0.000350000,0.100850000,0.5912983105762555,2026-03-14,2026-03-14,CVE-2025-54477,5.3,2025-10-02T19:12:17.160
CVE-2025-54476,0.000500000,0.154010000,0.7192779449201574,2026-03-14,2026-03-14,CVE-2025-54476,,2025-10-02T19:12:17.160
CVE-2025-52050,0.000370000,0.106670000,0.6213839389030317,2026-03-14,2026-03-14,CVE-2025-52050,6.5,2025-10-03T16:19:39.793
CVE-2025-52049,0.000370000,0.106670000,0.6213839389030317,2026-03-14,2026-03-14,CVE-2025-52049,6.5,2025-10-03T16:19:48.057
CVE-2025-52047,0.000370000,0.106670000,0.6213839389030317,2026-03-14,2026-03-14,CVE-2025-52047,6.5,2025-10-03T16:20:38.850
CVE-2025-52043,0.000370000,0.106670000,0.6213839389030317,2026-03-14,2026-03-14,CVE-2025-52043,6.5,2025-10-03T16:20:49.803
CVE-2025-43820,0.000300000,0.082440000,0.515852811849109,2026-03-14,2026-03-14,CVE-2025-43820,5.4,2025-12-11T22:02:48.697
CVE-2025-43818,0.000300000,0.082440000,0.515852811849109,2026-03-14,2026-03-14,CVE-2025-43818,6.1,2025-12-11T22:04:21.680
CVE-2025-43817,0.000300000,0.082440000,0.515852811849109,2026-03-14,2026-03-14,CVE-2025-43817,6.1,2025-12-11T21:48:06.107
CVE-2025-43815,0.000300000,0.083290000,0.515852811849109,2026-03-14,2026-03-14,CVE-2025-43815,6.1,2025-12-11T22:05:02.473
CVE-2025-43813,0.001770000,0.389670000,0.9157602406850266,2026-03-14,2026-03-14,CVE-2025-43813,8.2,2025-12-11T21:57:45.920
CVE-2025-43812,0.000300000,0.082440000,0.515852811849109,2026-03-14,2026-03-14,CVE-2025-43812,5.4,2025-12-11T21:58:07.870
CVE-2025-43811,0.000300000,0.082440000,0.515852811849109,2026-03-14,2026-03-14,CVE-2025-43811,5.4,2025-12-11T22:06:17.830
CVE-2025-41099,0.000350000,0.100830000,0.5912983105762555,2026-03-14,2026-03-14,CVE-2025-41099,6.5,2025-10-08T18:19:30.180
CVE-2025-41098,0.000420000,0.127510000,0.6739180745197871,2026-03-14,2026-03-14,CVE-2025-41098,7.5,2025-10-08T18:19:18.320
CVE-2025-41097,0.000340000,0.095920000,0.571395510298542,2026-03-14,2026-03-14,CVE-2025-41097,4.3,2025-10-08T18:18:37.897
CVE-2025-41096,0.000340000,0.095920000,0.571395510298542,2026-03-14,2026-03-14,CVE-2025-41096,4.3,2025-10-08T18:18:33.003
CVE-2025-41095,0.000340000,0.095920000,0.571395510298542,2026-03-14,2026-03-14,CVE-2025-41095,4.3,2025-10-08T18:18:28.020
CVE-2025-41094,0.000340000,0.095920000,0.571395510298542,2026-03-14,2026-03-14,CVE-2025-41094,4.3,2025-10-08T18:18:20.577
CVE-2025-41093,0.000340000,0.095920000,0.571395510298542,2026-03-14,2026-03-14,CVE-2025-41093,4.3,2025-10-08T18:17:00.197
CVE-2025-41092,0.000340000,0.095920000,0.571395510298542,2026-03-14,2026-03-14,CVE-2025-41092,4.3,2025-10-08T18:16:44.180
CVE-2025-41091,0.000340000,0.095920000,0.571395510298542,2026-03-14,2026-03-14,CVE-2025-41091,4.3,2025-10-08T18:53:10.993
CVE-2025-36245,0.000310000,0.086500000,0.5299699143716732,2026-03-14,2026-03-14,CVE-2025-36245,8.8,2025-10-18T01:24:24.603
CVE-2025-34217,0.001010000,0.278870000,0.8581346910437399,2026-03-14,2026-03-14,CVE-2025-34217,9.8,2025-10-07T14:02:24.590
CVE-2025-28016,0.000440000,0.133620000,0.6854894700300856,2026-03-14,2026-03-14,CVE-2025-28016,4.8,2025-10-07T13:42:23.450
CVE-2025-11178,0.000050000,0.002450000,0.0020828511918537375,2026-03-14,2026-03-14,CVE-2025-11178,7.3,2026-02-03T23:16:05.310
CVE-2025-11163,0.000340000,0.094840000,0.571395510298542,2026-03-14,2026-03-14,CVE-2025-11163,4.3,2025-10-02T19:12:42.843
CVE-2025-11153,0.000350000,0.098560000,0.5912983105762555,2026-03-14,2026-03-14,CVE-2025-11153,7.5,2025-10-13T11:15:40.350
CVE-2025-11152,0.000560000,0.173480000,0.7495950011571395,2026-03-14,2026-03-14,CVE-2025-11152,8.6,2025-10-30T17:15:36.190
CVE-2025-11149,0.000170000,0.038910000,0.2561906965980097,2026-03-14,2026-03-14,CVE-2025-11149,7.5,2025-10-02T19:12:42.843
CVE-2025-11148,0.000780000,0.230930000,0.8213376533209905,2026-03-14,2026-03-14,CVE-2025-11148,9.8,2025-10-02T19:12:42.843
CVE-2025-10991,0.000260000,0.066570000,0.3705160842397593,2026-03-14,2026-03-14,CVE-2025-10991,,2025-10-02T19:12:42.843
CVE-2025-10859,0.000160000,0.034150000,0.23698218005091415,2026-03-14,2026-03-14,CVE-2025-10859,4.0,2025-10-03T20:16:14.443
CVE-2025-10217,0.000600000,0.185470000,0.7711177968062949,2026-03-14,2026-03-14,CVE-2025-10217,,2025-10-02T19:12:17.160
CVE-2025-10196,0.000310000,0.087430000,0.5299699143716732,2026-03-14,2026-03-14,CVE-2025-10196,6.4,2025-10-02T19:12:42.843
CVE-2025-10191,0.000310000,0.087430000,0.5299699143716732,2026-03-14,2026-03-14,CVE-2025-10191,6.4,2025-10-02T19:12:42.843
CVE-2025-10189,0.000320000,0.088200000,0.5459384401758852,2026-03-14,2026-03-14,CVE-2025-10189,6.4,2025-10-02T19:12:42.843
CVE-2025-10182,0.000320000,0.088200000,0.5459384401758852,2026-03-14,2026-03-14,CVE-2025-10182,6.4,2025-10-02T19:12:42.843
CVE-2025-10179,0.000320000,0.088200000,0.5459384401758852,2026-03-14,2026-03-14,CVE-2025-10179,6.4,2025-10-02T19:12:42.843
CVE-2025-10168,0.000310000,0.087430000,0.5299699143716732,2026-03-14,2026-03-14,CVE-2025-10168,6.4,2025-10-02T19:12:42.843
CVE-2025-10131,0.000320000,0.088200000,0.5459384401758852,2026-03-14,2026-03-14,CVE-2025-10131,6.4,2025-10-02T19:12:42.843
CVE-2025-10130,0.000310000,0.087430000,0.5299699143716732,2026-03-14,2026-03-14,CVE-2025-10130,6.4,2025-10-02T19:12:42.843
CVE-2025-10128,0.000320000,0.088200000,0.5459384401758852,2026-03-14,2026-03-14,CVE-2025-10128,6.4,2025-10-02T19:12:42.843
CVE-2025-10000,0.000690000,0.209500000,0.7993520018514233,2026-03-14,2026-03-14,CVE-2025-10000,6.4,2025-10-02T19:12:42.843
CVE-2024-58040,0.000260000,0.068360000,0.3705160842397593,2026-03-14,2026-03-14,CVE-2024-58040,9.1,2026-03-09T17:17:45.437
CVE-2025-61792,0.000160000,0.032320000,0.23698218005091415,2026-03-14,2026-03-14,CVE-2025-61792,6.4,2025-10-02T19:12:17.160
CVE-2025-6034,0.000160000,0.034600000,0.23698218005091415,2026-03-14,2026-03-14,CVE-2025-6034,7.8,2025-10-07T13:20:48.400
CVE-2025-6033,0.000160000,0.034600000,0.23698218005091415,2026-03-14,2026-03-14,CVE-2025-6033,7.8,2025-10-07T13:24:30.283
CVE-2025-57254,0.000570000,0.177400000,0.7558435547327008,2026-03-14,2026-03-14,CVE-2025-57254,6.5,2025-10-02T19:12:17.160
CVE-2025-56676,0.001210000,0.310390000,0.8859060402684564,2026-03-14,2026-03-14,CVE-2025-56676,5.4,2025-10-18T01:49:15.320
CVE-2025-56675,0.000280000,0.074660000,0.42814163388104604,2026-03-14,2026-03-14,CVE-2025-56675,3.5,2025-10-02T19:12:17.160
CVE-2025-56572,0.003560000,0.575030000,0.951631566766952,2026-03-14,2026-03-14,CVE-2025-56572,7.5,2025-10-08T14:26:03.170
CVE-2025-56571,0.000740000,0.221390000,0.8111548252719278,2026-03-14,2026-03-14,CVE-2025-56571,7.5,2025-10-08T14:34:26.070
CVE-2025-56520,0.001240000,0.314900000,0.8898403147419579,2026-03-14,2026-03-14,CVE-2025-56520,5.3,2025-10-07T13:20:03.270
CVE-2025-56513,0.003070000,0.535440000,0.9463087248322147,2026-03-14,2026-03-14,CVE-2025-56513,9.8,2025-10-15T18:39:09.800
CVE-2025-56392,0.000410000,0.122940000,0.6646609581115482,2026-03-14,2026-03-14,CVE-2025-56392,8.1,2025-10-15T18:38:52.640
CVE-2025-56207,0.000540000,0.168660000,0.738717889377459,2026-03-14,2026-03-14,CVE-2025-56207,6.5,2025-10-02T19:12:17.160
CVE-2025-56200,0.000450000,0.137010000,0.6917380236056468,2026-03-14,2026-03-14,CVE-2025-56200,6.1,2025-10-18T01:48:26.373
CVE-2025-56132,0.020490000,0.836710000,0.9877343207590835,2026-03-14,2026-03-14,CVE-2025-56132,7.3,2025-10-15T18:38:42.897
CVE-2025-55191,0.000440000,0.132620000,0.6854894700300856,2026-03-14,2026-03-14,CVE-2025-55191,5.3,2025-10-07T13:11:21.697
CVE-2025-43827,0.000460000,0.140020000,0.6989122888220319,2026-03-14,2026-03-14,CVE-2025-43827,4.3,2025-12-15T18:20:51.497
CVE-2025-43826,0.000300000,0.082440000,0.515852811849109,2026-03-14,2026-03-14,CVE-2025-43826,5.4,2025-12-15T18:21:10.470
CVE-2025-36262,0.000570000,0.175970000,0.7558435547327008,2026-03-14,2026-03-14,CVE-2025-36262,4.9,2025-10-03T17:52:19.390
CVE-2025-36132,0.000190000,0.048010000,0.29946771580652626,2026-03-14,2026-03-14,CVE-2025-36132,5.4,2025-10-03T17:52:05.920
CVE-2025-24525,0.000500000,0.152870000,0.7192779449201574,2026-03-14,2026-03-14,CVE-2025-24525,7.5,2025-10-02T19:12:17.160
CVE-2025-23293,0.000250000,0.065110000,0.3596389724600787,2026-03-14,2026-03-14,CVE-2025-23293,8.7,2025-10-02T19:12:17.160
CVE-2025-23292,0.000140000,0.025150000,0.11409395973154363,2026-03-14,2026-03-14,CVE-2025-23292,4.6,2025-10-02T19:12:17.160
CVE-2025-23291,0.000070000,0.004550000,0.017588521175653783,2026-03-14,2026-03-14,CVE-2025-23291,2.4,2025-10-02T19:12:17.160
CVE-2025-11195,0.000130000,0.018160000,0.09789400601712567,2026-03-14,2026-03-14,CVE-2025-11195,3.3,2025-10-08T14:15:51.740
CVE-2025-10725,0.001480000,0.351190000,0.9034945614441101,2026-03-14,2026-03-14,CVE-2025-10725,9.9,2025-12-24T14:15:46.997
CVE-2025-10659,0.012810000,0.793930000,0.9814857671835223,2026-03-14,2026-03-14,CVE-2025-10659,9.8,2025-10-02T19:12:17.160
CVE-2024-55017,0.000510000,0.156880000,0.7248322147651006,2026-03-14,2026-03-14,CVE-2024-55017,7.5,2025-10-02T19:12:17.160
